,county,count,month,year,state
1,AUTAUGA,37201,January,2017,AL
2,BALDWIN,137133,January,2017,AL
3,BARBOUR,16289,January,2017,AL
4,BIBB,13273,January,2017,AL
5,BLOUNT,37251,January,2017,AL
6,BULLOCK,7212,January,2017,AL
7,BUTLER,13077,January,2017,AL
8,CALHOUN,72992,January,2017,AL
9,CHAMBERS,22790,January,2017,AL
10,CHEROKEE,16652,January,2017,AL
11,CHILTON,27792,January,2017,AL
12,CHOCTAW,9904,January,2017,AL
13,CLARKE,18831,January,2017,AL
14,CLAY,9568,January,2017,AL
15,CLEBURNE,9928,January,2017,AL
16,COFFEE,31959,January,2017,AL
17,COLBERT,37729,January,2017,AL
18,CONECUH,10240,January,2017,AL
19,COOSA,7941,January,2017,AL
20,COVINGTON,25006,January,2017,AL
21,CRENSHAW,9743,January,2017,AL
22,CULLMAN,54255,January,2017,AL
23,DALE,30640,January,2017,AL
24,DALLAS,30651,January,2017,AL
25,DEKALB,39134,January,2017,AL
26,ELMORE,53146,January,2017,AL
27,ESCAMBIA,23687,January,2017,AL
28,ETOWAH,67493,January,2017,AL
29,FAYETTE,11945,January,2017,AL
30,FRANKLIN,18483,January,2017,AL
31,GENEVA,17544,January,2017,AL
32,GREENE,7130,January,2017,AL
33,HALE,12121,January,2017,AL
34,HENRY,12357,January,2017,AL
35,HOUSTON,67097,January,2017,AL
36,JACKSON,36167,January,2017,AL
37,JEFFERSON,449262,January,2017,AL
38,LAMAR,10634,January,2017,AL
39,LAUDERDALE,59869,January,2017,AL
40,LAWRENCE,23142,January,2017,AL
41,LEE,99908,January,2017,AL
42,LIMESTONE,56646,January,2017,AL
43,LOWNDES,9855,January,2017,AL
44,MACON,17336,January,2017,AL
45,MADISON,239820,January,2017,AL
46,MARENGO,15430,January,2017,AL
47,MARION,19824,January,2017,AL
48,MARSHALL,54580,January,2017,AL
49,MOBILE,277328,January,2017,AL
50,MONROE,15981,January,2017,AL
51,MONTGOMERY,146903,January,2017,AL
52,MORGAN,74279,January,2017,AL
53,PERRY,8120,January,2017,AL
54,PICKENS,13544,January,2017,AL
55,PIKE,20337,January,2017,AL
56,RANDOLPH,16175,January,2017,AL
57,RUSSELL,34379,January,2017,AL
58,SHELBY,136772,January,2017,AL
59,ST_CLAIR,57570,January,2017,AL
60,SUMTER,9010,January,2017,AL
61,TALLADEGA,50811,January,2017,AL
62,TALLAPOOSA,28371,January,2017,AL
63,TUSCALOOSA,122988,January,2017,AL
64,WALKER,45523,January,2017,AL
65,WASHINGTON,12573,January,2017,AL
66,WILCOX,8908,January,2017,AL
67,WINSTON,15503,January,2017,AL
68,AUTAUGA,37306,February,2017,AL
69,BALDWIN,137566,February,2017,AL
70,BARBOUR,16320,February,2017,AL
71,BIBB,13304,February,2017,AL
72,BLOUNT,37283,February,2017,AL
73,BULLOCK,7200,February,2017,AL
74,BUTLER,13095,February,2017,AL
75,CALHOUN,73025,February,2017,AL
76,CHAMBERS,22822,February,2017,AL
77,CHEROKEE,16683,February,2017,AL
78,CHILTON,27825,February,2017,AL
79,CHOCTAW,9843,February,2017,AL
80,CLARKE,18852,February,2017,AL
81,CLAY,9580,February,2017,AL
82,CLEBURNE,9959,February,2017,AL
83,COFFEE,32036,February,2017,AL
84,COLBERT,37803,February,2017,AL
85,CONECUH,10256,February,2017,AL
86,COOSA,7933,February,2017,AL
87,COVINGTON,25082,February,2017,AL
88,CRENSHAW,9747,February,2017,AL
89,CULLMAN,54378,February,2017,AL
90,DALE,30693,February,2017,AL
91,DALLAS,30558,February,2017,AL
92,DEKALB,39223,February,2017,AL
93,ELMORE,53168,February,2017,AL
94,ESCAMBIA,23757,February,2017,AL
95,ETOWAH,67644,February,2017,AL
96,FAYETTE,11948,February,2017,AL
97,FRANKLIN,18489,February,2017,AL
98,GENEVA,17607,February,2017,AL
99,GREENE,7110,February,2017,AL
100,HALE,12130,February,2017,AL
101,HENRY,12354,February,2017,AL
102,HOUSTON,67313,February,2017,AL
103,JACKSON,36239,February,2017,AL
104,JEFFERSON,449722,February,2017,AL
105,LAMAR,10627,February,2017,AL
106,LAUDERDALE,59966,February,2017,AL
107,LAWRENCE,23220,February,2017,AL
108,LEE,100232,February,2017,AL
109,LIMESTONE,56791,February,2017,AL
110,LOWNDES,9836,February,2017,AL
111,MACON,17343,February,2017,AL
112,MADISON,240246,February,2017,AL
113,MARENGO,15439,February,2017,AL
114,MARION,19789,February,2017,AL
115,MARSHALL,54744,February,2017,AL
116,MOBILE,277370,February,2017,AL
117,MONROE,15938,February,2017,AL
118,MONTGOMERY,145125,February,2017,AL
119,MORGAN,74433,February,2017,AL
120,PERRY,8114,February,2017,AL
121,PICKENS,13524,February,2017,AL
122,PIKE,20395,February,2017,AL
123,RANDOLPH,16120,February,2017,AL
124,RUSSELL,34550,February,2017,AL
125,SHELBY,137159,February,2017,AL
126,ST_CLAIR,57812,February,2017,AL
127,SUMTER,9017,February,2017,AL
128,TALLADEGA,50874,February,2017,AL
129,TALLAPOOSA,28410,February,2017,AL
130,TUSCALOOSA,123256,February,2017,AL
131,WALKER,45611,February,2017,AL
132,WASHINGTON,12595,February,2017,AL
133,WILCOX,8907,February,2017,AL
134,WINSTON,15438,February,2017,AL
135,AUTAUGA,37304,March,2017,AL
136,BALDWIN,138041,March,2017,AL
137,BARBOUR,16371,March,2017,AL
138,BIBB,13343,March,2017,AL
139,BLOUNT,37312,March,2017,AL
140,BULLOCK,7208,March,2017,AL
141,BUTLER,13130,March,2017,AL
142,CALHOUN,73068,March,2017,AL
143,CHAMBERS,22876,March,2017,AL
144,CHEROKEE,16740,March,2017,AL
145,CHILTON,27855,March,2017,AL
146,CHOCTAW,9866,March,2017,AL
147,CLARKE,18882,March,2017,AL
148,CLAY,9589,March,2017,AL
149,CLEBURNE,10008,March,2017,AL
150,COFFEE,32106,March,2017,AL
151,COLBERT,38034,March,2017,AL
152,CONECUH,10257,March,2017,AL
153,COOSA,7940,March,2017,AL
154,COVINGTON,25186,March,2017,AL
155,CRENSHAW,9767,March,2017,AL
156,CULLMAN,54410,March,2017,AL
157,DALE,30865,March,2017,AL
158,DALLAS,30678,March,2017,AL
159,DEKALB,39328,March,2017,AL
160,ELMORE,53355,March,2017,AL
161,ESCAMBIA,23887,March,2017,AL
162,ETOWAH,67619,March,2017,AL
163,FAYETTE,11955,March,2017,AL
164,FRANKLIN,18555,March,2017,AL
165,GENEVA,17638,March,2017,AL
166,GREENE,7095,March,2017,AL
167,HALE,12130,March,2017,AL
168,HENRY,12398,March,2017,AL
169,HOUSTON,67517,March,2017,AL
170,JACKSON,36285,March,2017,AL
171,JEFFERSON,450563,March,2017,AL
172,LAMAR,10617,March,2017,AL
173,LAUDERDALE,60204,March,2017,AL
174,LAWRENCE,23259,March,2017,AL
175,LEE,100827,March,2017,AL
176,LIMESTONE,56975,March,2017,AL
177,LOWNDES,9821,March,2017,AL
178,MACON,17162,March,2017,AL
179,MADISON,240944,March,2017,AL
180,MARENGO,15437,March,2017,AL
181,MARION,19822,March,2017,AL
182,MARSHALL,54999,March,2017,AL
183,MOBILE,278192,March,2017,AL
184,MONROE,15962,March,2017,AL
185,MONTGOMERY,145694,March,2017,AL
186,MORGAN,74732,March,2017,AL
187,PERRY,8117,March,2017,AL
188,PICKENS,13558,March,2017,AL
189,PIKE,20431,March,2017,AL
190,RANDOLPH,16174,March,2017,AL
191,RUSSELL,34745,March,2017,AL
192,SHELBY,137744,March,2017,AL
193,ST_CLAIR,58063,March,2017,AL
194,SUMTER,9017,March,2017,AL
195,TALLADEGA,51069,March,2017,AL
196,TALLAPOOSA,28497,March,2017,AL
197,TUSCALOOSA,123832,March,2017,AL
198,WALKER,45804,March,2017,AL
199,WASHINGTON,12624,March,2017,AL
200,WILCOX,8890,March,2017,AL
201,WINSTON,15487,March,2017,AL
202,AUTAUGA,37296,April,2017,AL
203,BALDWIN,138522,April,2017,AL
204,BARBOUR,16388,April,2017,AL
205,BIBB,13368,April,2017,AL
206,BLOUNT,37360,April,2017,AL
207,BULLOCK,7206,April,2017,AL
208,BUTLER,13125,April,2017,AL
209,CALHOUN,73062,April,2017,AL
210,CHAMBERS,22896,April,2017,AL
211,CHEROKEE,16758,April,2017,AL
212,CHILTON,27901,April,2017,AL
213,CHOCTAW,9870,April,2017,AL
214,CLARKE,18893,April,2017,AL
215,CLAY,9603,April,2017,AL
216,CLEBURNE,10026,April,2017,AL
217,COFFEE,32127,April,2017,AL
218,COLBERT,38124,April,2017,AL
219,CONECUH,10232,April,2017,AL
220,COOSA,7935,April,2017,AL
221,COVINGTON,25244,April,2017,AL
222,CRENSHAW,9759,April,2017,AL
223,CULLMAN,54508,April,2017,AL
224,DALE,30985,April,2017,AL
225,DALLAS,30675,April,2017,AL
226,DEKALB,39401,April,2017,AL
227,ELMORE,53384,April,2017,AL
228,ESCAMBIA,23939,April,2017,AL
229,ETOWAH,67794,April,2017,AL
230,FAYETTE,11953,April,2017,AL
231,FRANKLIN,18589,April,2017,AL
232,GENEVA,17667,April,2017,AL
233,GREENE,7074,April,2017,AL
234,HALE,12037,April,2017,AL
235,HENRY,12398,April,2017,AL
236,HOUSTON,67704,April,2017,AL
237,JACKSON,36291,April,2017,AL
238,JEFFERSON,451289,April,2017,AL
239,LAMAR,10606,April,2017,AL
240,LAUDERDALE,60263,April,2017,AL
241,LAWRENCE,23313,April,2017,AL
242,LEE,101118,April,2017,AL
243,LIMESTONE,56957,April,2017,AL
244,LOWNDES,9815,April,2017,AL
245,MACON,17166,April,2017,AL
246,MADISON,241564,April,2017,AL
247,MARENGO,15405,April,2017,AL
248,MARION,19858,April,2017,AL
249,MARSHALL,55159,April,2017,AL
250,MOBILE,278547,April,2017,AL
251,MONROE,15983,April,2017,AL
252,MONTGOMERY,146024,April,2017,AL
253,MORGAN,74915,April,2017,AL
254,PERRY,8083,April,2017,AL
255,PICKENS,13568,April,2017,AL
256,PIKE,20445,April,2017,AL
257,RANDOLPH,16203,April,2017,AL
258,RUSSELL,34856,April,2017,AL
259,SHELBY,138053,April,2017,AL
260,ST_CLAIR,58159,April,2017,AL
261,SUMTER,9009,April,2017,AL
262,TALLADEGA,51144,April,2017,AL
263,TALLAPOOSA,28542,April,2017,AL
264,TUSCALOOSA,124096,April,2017,AL
265,WALKER,45853,April,2017,AL
266,WASHINGTON,12650,April,2017,AL
267,WILCOX,8881,April,2017,AL
268,WINSTON,15519,April,2017,AL
269,AUTAUGA,37115,May,2017,AL
270,BALDWIN,138282,May,2017,AL
271,BARBOUR,16286,May,2017,AL
272,BIBB,13354,May,2017,AL
273,BLOUNT,37317,May,2017,AL
274,BULLOCK,7171,May,2017,AL
275,BUTLER,13101,May,2017,AL
276,CALHOUN,72795,May,2017,AL
277,CHAMBERS,22783,May,2017,AL
278,CHEROKEE,16657,May,2017,AL
279,CHILTON,27823,May,2017,AL
280,CHOCTAW,9849,May,2017,AL
281,CLARKE,18800,May,2017,AL
282,CLAY,9586,May,2017,AL
283,CLEBURNE,10032,May,2017,AL
284,COFFEE,31878,May,2017,AL
285,COLBERT,38007,May,2017,AL
286,CONECUH,10152,May,2017,AL
287,COOSA,7907,May,2017,AL
288,COVINGTON,25192,May,2017,AL
289,CRENSHAW,9731,May,2017,AL
290,CULLMAN,54403,May,2017,AL
291,DALE,30826,May,2017,AL
292,DALLAS,30640,May,2017,AL
293,DEKALB,39310,May,2017,AL
294,ELMORE,53295,May,2017,AL
295,ESCAMBIA,23919,May,2017,AL
296,ETOWAH,67741,May,2017,AL
297,FAYETTE,11906,May,2017,AL
298,FRANKLIN,18479,May,2017,AL
299,GENEVA,17649,May,2017,AL
300,GREENE,7036,May,2017,AL
301,HALE,11933,May,2017,AL
302,HENRY,12282,May,2017,AL
303,HOUSTON,66598,May,2017,AL
304,JACKSON,36133,May,2017,AL
305,JEFFERSON,451506,May,2017,AL
306,LAMAR,10557,May,2017,AL
307,LAUDERDALE,60032,May,2017,AL
308,LAWRENCE,23253,May,2017,AL
309,LEE,101296,May,2017,AL
310,LIMESTONE,57023,May,2017,AL
311,LOWNDES,9756,May,2017,AL
312,MACON,16996,May,2017,AL
313,MADISON,240278,May,2017,AL
314,MARENGO,15314,May,2017,AL
315,MARION,19804,May,2017,AL
316,MARSHALL,55060,May,2017,AL
317,MOBILE,278830,May,2017,AL
318,MONROE,15981,May,2017,AL
319,MONTGOMERY,145573,May,2017,AL
320,MORGAN,74487,May,2017,AL
321,PERRY,8037,May,2017,AL
322,PICKENS,13501,May,2017,AL
323,PIKE,20355,May,2017,AL
324,RANDOLPH,16114,May,2017,AL
325,RUSSELL,34686,May,2017,AL
326,SHELBY,138051,May,2017,AL
327,ST_CLAIR,57889,May,2017,AL
328,SUMTER,8945,May,2017,AL
329,TALLADEGA,51007,May,2017,AL
330,TALLAPOOSA,28434,May,2017,AL
331,TUSCALOOSA,123602,May,2017,AL
332,WALKER,45887,May,2017,AL
333,WASHINGTON,12672,May,2017,AL
334,WILCOX,8826,May,2017,AL
335,WINSTON,15437,May,2017,AL
336,AUTAUGA,37173,June,2017,AL
337,BALDWIN,139307,June,2017,AL
338,BARBOUR,16308,June,2017,AL
339,BIBB,13425,June,2017,AL
340,BLOUNT,37287,June,2017,AL
341,BULLOCK,7177,June,2017,AL
342,BUTLER,13134,June,2017,AL
343,CALHOUN,72932,June,2017,AL
344,CHAMBERS,22843,June,2017,AL
345,CHEROKEE,16679,June,2017,AL
346,CHILTON,27840,June,2017,AL
347,CHOCTAW,9851,June,2017,AL
348,CLARKE,18814,June,2017,AL
349,CLAY,9613,June,2017,AL
350,CLEBURNE,10057,June,2017,AL
351,COFFEE,31908,June,2017,AL
352,COLBERT,38218,June,2017,AL
353,CONECUH,10160,June,2017,AL
354,COOSA,7897,June,2017,AL
355,COVINGTON,25262,June,2017,AL
356,CRENSHAW,9750,June,2017,AL
357,CULLMAN,54548,June,2017,AL
358,DALE,30909,June,2017,AL
359,DALLAS,30636,June,2017,AL
360,DEKALB,39395,June,2017,AL
361,ELMORE,53384,June,2017,AL
362,ESCAMBIA,23925,June,2017,AL
363,ETOWAH,67700,June,2017,AL
364,FAYETTE,11947,June,2017,AL
365,FRANKLIN,18513,June,2017,AL
366,GENEVA,17664,June,2017,AL
367,GREENE,7036,June,2017,AL
368,HALE,11883,June,2017,AL
369,HENRY,12294,June,2017,AL
370,HOUSTON,66855,June,2017,AL
371,JACKSON,36172,June,2017,AL
372,JEFFERSON,452962,June,2017,AL
373,LAMAR,10546,June,2017,AL
374,LAUDERDALE,60194,June,2017,AL
375,LAWRENCE,23314,June,2017,AL
376,LEE,101765,June,2017,AL
377,LIMESTONE,57252,June,2017,AL
378,LOWNDES,9758,June,2017,AL
379,MACON,16990,June,2017,AL
380,MADISON,240969,June,2017,AL
381,MARENGO,15299,June,2017,AL
382,MARION,19854,June,2017,AL
383,MARSHALL,55284,June,2017,AL
384,MOBILE,279893,June,2017,AL
385,MONROE,15981,June,2017,AL
386,MONTGOMERY,146096,June,2017,AL
387,MORGAN,74766,June,2017,AL
388,PERRY,8041,June,2017,AL
389,PICKENS,13513,June,2017,AL
390,PIKE,20409,June,2017,AL
391,RANDOLPH,16150,June,2017,AL
392,RUSSELL,34737,June,2017,AL
393,SHELBY,138699,June,2017,AL
394,ST_CLAIR,58094,June,2017,AL
395,SUMTER,8944,June,2017,AL
396,TALLADEGA,51148,June,2017,AL
397,TALLAPOOSA,28488,June,2017,AL
398,TUSCALOOSA,124369,June,2017,AL
399,WALKER,45959,June,2017,AL
400,WASHINGTON,12686,June,2017,AL
401,WILCOX,8824,June,2017,AL
402,WINSTON,15460,June,2017,AL
403,AUTAUGA,33074,July,2017,AL
404,BALDWIN,128211,July,2017,AL
405,BARBOUR,14570,July,2017,AL
406,BIBB,12034,July,2017,AL
407,BLOUNT,33898,July,2017,AL
408,BULLOCK,6453,July,2017,AL
409,BUTLER,12112,July,2017,AL
410,CALHOUN,64018,July,2017,AL
411,CHAMBERS,20919,July,2017,AL
412,CHEROKEE,15390,July,2017,AL
413,CHILTON,24633,July,2017,AL
414,CHOCTAW,9147,July,2017,AL
415,CLARKE,16909,July,2017,AL
416,CLAY,8866,July,2017,AL
417,CLEBURNE,8887,July,2017,AL
418,COFFEE,28226,July,2017,AL
419,COLBERT,34551,July,2017,AL
420,CONECUH,8831,July,2017,AL
421,COOSA,7089,July,2017,AL
422,COVINGTON,21939,July,2017,AL
423,CRENSHAW,8539,July,2017,AL
424,CULLMAN,49724,July,2017,AL
425,DALE,26609,July,2017,AL
426,DALLAS,26973,July,2017,AL
427,DEKALB,36213,July,2017,AL
428,ELMORE,48687,July,2017,AL
429,ESCAMBIA,21502,July,2017,AL
430,ETOWAH,62169,July,2017,AL
431,FAYETTE,10775,July,2017,AL
432,FRANKLIN,16619,July,2017,AL
433,GENEVA,15913,July,2017,AL
434,GREENE,6236,July,2017,AL
435,HALE,10581,July,2017,AL
436,HENRY,11392,July,2017,AL
437,HOUSTON,59413,July,2017,AL
438,JACKSON,32484,July,2017,AL
439,JEFFERSON,402279,July,2017,AL
440,LAMAR,9087,July,2017,AL
441,LAUDERDALE,53405,July,2017,AL
442,LAWRENCE,21178,July,2017,AL
443,LEE,88235,July,2017,AL
444,LIMESTONE,53892,July,2017,AL
445,LOWNDES,8818,July,2017,AL
446,MACON,14565,July,2017,AL
447,MADISON,216201,July,2017,AL
448,MARENGO,13998,July,2017,AL
449,MARION,17492,July,2017,AL
450,MARSHALL,50406,July,2017,AL
451,MOBILE,246287,July,2017,AL
452,MONROE,13706,July,2017,AL
453,MONTGOMERY,131059,July,2017,AL
454,MORGAN,69106,July,2017,AL
455,PERRY,7258,July,2017,AL
456,PICKENS,12155,July,2017,AL
457,PIKE,18433,July,2017,AL
458,RANDOLPH,14408,July,2017,AL
459,RUSSELL,30885,July,2017,AL
460,SHELBY,127427,July,2017,AL
461,ST_CLAIR,53415,July,2017,AL
462,SUMTER,8249,July,2017,AL
463,TALLADEGA,47402,July,2017,AL
464,TALLAPOOSA,26221,July,2017,AL
465,TUSCALOOSA,111787,July,2017,AL
466,WALKER,40894,July,2017,AL
467,WASHINGTON,11398,July,2017,AL
468,WILCOX,7739,July,2017,AL
469,WINSTON,14049,July,2017,AL
470,AUTAUGA,33408,August,2017,AL
471,BALDWIN,129672,August,2017,AL
472,BARBOUR,14709,August,2017,AL
473,BIBB,12162,August,2017,AL
474,BLOUNT,34226,August,2017,AL
475,BULLOCK,6612,August,2017,AL
476,BUTLER,12191,August,2017,AL
477,CALHOUN,64601,August,2017,AL
478,CHAMBERS,21036,August,2017,AL
479,CHEROKEE,15530,August,2017,AL
480,CHILTON,24771,August,2017,AL
481,CHOCTAW,9211,August,2017,AL
482,CLARKE,17007,August,2017,AL
483,CLAY,8932,August,2017,AL
484,CLEBURNE,8964,August,2017,AL
485,COFFEE,28426,August,2017,AL
486,COLBERT,34743,August,2017,AL
487,CONECUH,8870,August,2017,AL
488,COOSA,7147,August,2017,AL
489,COVINGTON,22147,August,2017,AL
490,CRENSHAW,8615,August,2017,AL
491,CULLMAN,50257,August,2017,AL
492,DALE,26910,August,2017,AL
493,DALLAS,27102,August,2017,AL
494,DEKALB,36552,August,2017,AL
495,ELMORE,48838,August,2017,AL
496,ESCAMBIA,21666,August,2017,AL
497,ETOWAH,62468,August,2017,AL
498,FAYETTE,10878,August,2017,AL
499,FRANKLIN,16757,August,2017,AL
500,GENEVA,16022,August,2017,AL
501,GREENE,6236,August,2017,AL
502,HALE,10631,August,2017,AL
503,HENRY,11438,August,2017,AL
504,HOUSTON,60302,August,2017,AL
505,JACKSON,32717,August,2017,AL
506,JEFFERSON,408113,August,2017,AL
507,LAMAR,9152,August,2017,AL
508,LAUDERDALE,53980,August,2017,AL
509,LAWRENCE,21363,August,2017,AL
510,LEE,89218,August,2017,AL
511,LIMESTONE,54383,August,2017,AL
512,LOWNDES,8893,August,2017,AL
513,MACON,14656,August,2017,AL
514,MADISON,218396,August,2017,AL
515,MARENGO,14124,August,2017,AL
516,MARION,17634,August,2017,AL
517,MARSHALL,50891,August,2017,AL
518,MOBILE,249633,August,2017,AL
519,MONROE,13879,August,2017,AL
520,MONTGOMERY,132203,August,2017,AL
521,MORGAN,69113,August,2017,AL
522,PERRY,7296,August,2017,AL
523,PICKENS,12244,August,2017,AL
524,PIKE,18615,August,2017,AL
525,RANDOLPH,14528,August,2017,AL
526,RUSSELL,31219,August,2017,AL
527,SHELBY,128617,August,2017,AL
528,ST_CLAIR,53862,August,2017,AL
529,SUMTER,8318,August,2017,AL
530,TALLADEGA,47916,August,2017,AL
531,TALLAPOOSA,26441,August,2017,AL
532,TUSCALOOSA,112714,August,2017,AL
533,WALKER,40933,August,2017,AL
534,WASHINGTON,11538,August,2017,AL
535,WILCOX,7738,August,2017,AL
536,WINSTON,14172,August,2017,AL
537,AUTAUGA,33560,September,2017,AL
538,BALDWIN,130673,September,2017,AL
539,BARBOUR,14789,September,2017,AL
540,BIBB,12203,September,2017,AL
541,BLOUNT,34382,September,2017,AL
542,BULLOCK,6625,September,2017,AL
543,BUTLER,12216,September,2017,AL
544,CALHOUN,64923,September,2017,AL
545,CHAMBERS,21122,September,2017,AL
546,CHEROKEE,15563,September,2017,AL
547,CHILTON,24774,September,2017,AL
548,CHOCTAW,9235,September,2017,AL
549,CLARKE,17085,September,2017,AL
550,CLAY,8957,September,2017,AL
551,CLEBURNE,8981,September,2017,AL
552,COFFEE,28539,September,2017,AL
553,COLBERT,35122,September,2017,AL
554,CONECUH,8889,September,2017,AL
555,COOSA,7167,September,2017,AL
556,COVINGTON,22316,September,2017,AL
557,CRENSHAW,8644,September,2017,AL
558,CULLMAN,50341,September,2017,AL
559,DALE,26959,September,2017,AL
560,DALLAS,27265,September,2017,AL
561,DEKALB,36628,September,2017,AL
562,ELMORE,49253,September,2017,AL
563,ESCAMBIA,21822,September,2017,AL
564,ETOWAH,62901,September,2017,AL
565,FAYETTE,10941,September,2017,AL
566,FRANKLIN,16826,September,2017,AL
567,GENEVA,16093,September,2017,AL
568,GREENE,6280,September,2017,AL
569,HALE,10736,September,2017,AL
570,HENRY,11486,September,2017,AL
571,HOUSTON,60574,September,2017,AL
572,JACKSON,32836,September,2017,AL
573,JEFFERSON,412549,September,2017,AL
574,LAMAR,9189,September,2017,AL
575,LAUDERDALE,54169,September,2017,AL
576,LAWRENCE,21521,September,2017,AL
577,LEE,89721,September,2017,AL
578,LIMESTONE,54554,September,2017,AL
579,LOWNDES,8903,September,2017,AL
580,MACON,14732,September,2017,AL
581,MADISON,218866,September,2017,AL
582,MARENGO,14172,September,2017,AL
583,MARION,17726,September,2017,AL
584,MARSHALL,51107,September,2017,AL
585,MOBILE,250554,September,2017,AL
586,MONROE,13940,September,2017,AL
587,MONTGOMERY,132395,September,2017,AL
588,MORGAN,69678,September,2017,AL
589,PERRY,7288,September,2017,AL
590,PICKENS,12283,September,2017,AL
591,PIKE,18625,September,2017,AL
592,RANDOLPH,14608,September,2017,AL
593,RUSSELL,31426,September,2017,AL
594,SHELBY,128927,September,2017,AL
595,ST_CLAIR,53987,September,2017,AL
596,SUMTER,8322,September,2017,AL
597,TALLADEGA,47972,September,2017,AL
598,TALLAPOOSA,26496,September,2017,AL
599,TUSCALOOSA,112966,September,2017,AL
600,WALKER,41469,September,2017,AL
601,WASHINGTON,11582,September,2017,AL
602,WILCOX,7813,September,2017,AL
603,WINSTON,14211,September,2017,AL
604,AUTAUGA,33805,October,2017,AL
605,BALDWIN,131564,October,2017,AL
606,BARBOUR,14815,October,2017,AL
607,BIBB,12258,October,2017,AL
608,BLOUNT,34562,October,2017,AL
609,BULLOCK,6622,October,2017,AL
610,BUTLER,12260,October,2017,AL
611,CALHOUN,65177,October,2017,AL
612,CHAMBERS,21222,October,2017,AL
613,CHEROKEE,15635,October,2017,AL
614,CHILTON,24722,October,2017,AL
615,CHOCTAW,9272,October,2017,AL
616,CLARKE,17120,October,2017,AL
617,CLAY,9025,October,2017,AL
618,CLEBURNE,8918,October,2017,AL
619,COFFEE,28667,October,2017,AL
620,COLBERT,35381,October,2017,AL
621,CONECUH,8902,October,2017,AL
622,COOSA,7197,October,2017,AL
623,COVINGTON,22472,October,2017,AL
624,CRENSHAW,8667,October,2017,AL
625,CULLMAN,50840,October,2017,AL
626,DALE,27212,October,2017,AL
627,DALLAS,27370,October,2017,AL
628,DEKALB,36873,October,2017,AL
629,ELMORE,49618,October,2017,AL
630,ESCAMBIA,21930,October,2017,AL
631,ETOWAH,63144,October,2017,AL
632,FAYETTE,11035,October,2017,AL
633,FRANKLIN,16903,October,2017,AL
634,GENEVA,16235,October,2017,AL
635,GREENE,6295,October,2017,AL
636,HALE,10767,October,2017,AL
637,HENRY,11498,October,2017,AL
638,HOUSTON,60793,October,2017,AL
639,JACKSON,32953,October,2017,AL
640,JEFFERSON,413940,October,2017,AL
641,LAMAR,9180,October,2017,AL
642,LAUDERDALE,54536,October,2017,AL
643,LAWRENCE,21586,October,2017,AL
644,LEE,90403,October,2017,AL
645,LIMESTONE,54983,October,2017,AL
646,LOWNDES,8919,October,2017,AL
647,MACON,14770,October,2017,AL
648,MADISON,221343,October,2017,AL
649,MARENGO,14208,October,2017,AL
650,MARION,17833,October,2017,AL
651,MARSHALL,51476,October,2017,AL
652,MOBILE,253421,October,2017,AL
653,MONROE,13904,October,2017,AL
654,MONTGOMERY,133203,October,2017,AL
655,MORGAN,70370,October,2017,AL
656,PERRY,7284,October,2017,AL
657,PICKENS,12362,October,2017,AL
658,PIKE,18824,October,2017,AL
659,RANDOLPH,14714,October,2017,AL
660,RUSSELL,31708,October,2017,AL
661,SHELBY,130228,October,2017,AL
662,ST_CLAIR,54609,October,2017,AL
663,SUMTER,8359,October,2017,AL
664,TALLADEGA,48311,October,2017,AL
665,TALLAPOOSA,26678,October,2017,AL
666,TUSCALOOSA,114089,October,2017,AL
667,WALKER,41704,October,2017,AL
668,WASHINGTON,11647,October,2017,AL
669,WILCOX,7831,October,2017,AL
670,WINSTON,14297,October,2017,AL
671,AUTAUGA,34011,November,2017,AL
672,BALDWIN,132644,November,2017,AL
673,BARBOUR,14873,November,2017,AL
674,BIBB,12325,November,2017,AL
675,BLOUNT,34723,November,2017,AL
676,BULLOCK,6632,November,2017,AL
677,BUTLER,12304,November,2017,AL
678,CALHOUN,65538,November,2017,AL
679,CHAMBERS,21271,November,2017,AL
680,CHEROKEE,15720,November,2017,AL
681,CHILTON,24968,November,2017,AL
682,CHOCTAW,9309,November,2017,AL
683,CLARKE,17177,November,2017,AL
684,CLAY,9044,November,2017,AL
685,CLEBURNE,8950,November,2017,AL
686,COFFEE,28815,November,2017,AL
687,COLBERT,35618,November,2017,AL
688,CONECUH,8930,November,2017,AL
689,COOSA,7221,November,2017,AL
690,COVINGTON,22601,November,2017,AL
691,CRENSHAW,8705,November,2017,AL
692,CULLMAN,51026,November,2017,AL
693,DALE,27374,November,2017,AL
694,DALLAS,27510,November,2017,AL
695,DEKALB,37019,November,2017,AL
696,ELMORE,49760,November,2017,AL
697,ESCAMBIA,22049,November,2017,AL
698,ETOWAH,63588,November,2017,AL
699,FAYETTE,11117,November,2017,AL
700,FRANKLIN,16984,November,2017,AL
701,GENEVA,16293,November,2017,AL
702,GREENE,6309,November,2017,AL
703,HALE,10787,November,2017,AL
704,HENRY,11551,November,2017,AL
705,HOUSTON,61153,November,2017,AL
706,JACKSON,33034,November,2017,AL
707,JEFFERSON,419198,November,2017,AL
708,LAMAR,9220,November,2017,AL
709,LAUDERDALE,54852,November,2017,AL
710,LAWRENCE,21690,November,2017,AL
711,LEE,91524,November,2017,AL
712,LIMESTONE,55378,November,2017,AL
713,LOWNDES,8966,November,2017,AL
714,MACON,14867,November,2017,AL
715,MADISON,223708,November,2017,AL
716,MARENGO,14235,November,2017,AL
717,MARION,17913,November,2017,AL
718,MARSHALL,51717,November,2017,AL
719,MOBILE,254811,November,2017,AL
720,MONROE,13976,November,2017,AL
721,MONTGOMERY,134689,November,2017,AL
722,MORGAN,70668,November,2017,AL
723,PERRY,7282,November,2017,AL
724,PICKENS,12471,November,2017,AL
725,PIKE,18824,November,2017,AL
726,RANDOLPH,14765,November,2017,AL
727,RUSSELL,31937,November,2017,AL
728,SHELBY,131252,November,2017,AL
729,ST_CLAIR,54957,November,2017,AL
730,SUMTER,8376,November,2017,AL
731,TALLADEGA,48558,November,2017,AL
732,TALLAPOOSA,26787,November,2017,AL
733,TUSCALOOSA,115467,November,2017,AL
734,WALKER,41887,November,2017,AL
735,WASHINGTON,11672,November,2017,AL
736,WILCOX,8077,November,2017,AL
737,WINSTON,14335,November,2017,AL
738,AUTAUGA,34397,December,2017,AL
739,BALDWIN,134285,December,2017,AL
740,BARBOUR,15095,December,2017,AL
741,BIBB,12492,December,2017,AL
742,BLOUNT,35215,December,2017,AL
743,BULLOCK,6710,December,2017,AL
744,BUTLER,12433,December,2017,AL
745,CALHOUN,66064,December,2017,AL
746,CHAMBERS,21381,December,2017,AL
747,CHEROKEE,15881,December,2017,AL
748,CHILTON,25116,December,2017,AL
749,CHOCTAW,9395,December,2017,AL
750,CLARKE,17427,December,2017,AL
751,CLAY,9096,December,2017,AL
752,CLEBURNE,9046,December,2017,AL
753,COFFEE,29090,December,2017,AL
754,COLBERT,35841,December,2017,AL
755,CONECUH,8964,December,2017,AL
756,COOSA,7319,December,2017,AL
757,COVINGTON,22766,December,2017,AL
758,CRENSHAW,8800,December,2017,AL
759,CULLMAN,51609,December,2017,AL
760,DALE,27707,December,2017,AL
761,DALLAS,27654,December,2017,AL
762,DEKALB,37333,December,2017,AL
763,ELMORE,50057,December,2017,AL
764,ESCAMBIA,22181,December,2017,AL
765,ETOWAH,63681,December,2017,AL
766,FAYETTE,11225,December,2017,AL
767,FRANKLIN,17086,December,2017,AL
768,GENEVA,16447,December,2017,AL
769,GREENE,6386,December,2017,AL
770,HALE,10854,December,2017,AL
771,HENRY,11645,December,2017,AL
772,HOUSTON,62121,December,2017,AL
773,JACKSON,33221,December,2017,AL
774,JEFFERSON,420853,December,2017,AL
775,LAMAR,9246,December,2017,AL
776,LAUDERDALE,55238,December,2017,AL
777,LAWRENCE,21956,December,2017,AL
778,LEE,92285,December,2017,AL
779,LIMESTONE,55937,December,2017,AL
780,LOWNDES,9063,December,2017,AL
781,MACON,14909,December,2017,AL
782,MADISON,224249,December,2017,AL
783,MARENGO,14409,December,2017,AL
784,MARION,18109,December,2017,AL
785,MARSHALL,52202,December,2017,AL
786,MOBILE,256262,December,2017,AL
787,MONROE,14139,December,2017,AL
788,MONTGOMERY,135827,December,2017,AL
789,MORGAN,70665,December,2017,AL
790,PERRY,7396,December,2017,AL
791,PICKENS,12509,December,2017,AL
792,PIKE,19040,December,2017,AL
793,RANDOLPH,14971,December,2017,AL
794,RUSSELL,32313,December,2017,AL
795,SHELBY,132057,December,2017,AL
796,ST_CLAIR,55054,December,2017,AL
797,SUMTER,8451,December,2017,AL
798,TALLADEGA,48636,December,2017,AL
799,TALLAPOOSA,26991,December,2017,AL
800,TUSCALOOSA,116250,December,2017,AL
801,WALKER,42042,December,2017,AL
802,WASHINGTON,11708,December,2017,AL
803,WILCOX,8166,December,2017,AL
804,WINSTON,14499,December,2017,AL
805,AUTAUGA,34616,January,2018,AL
806,BALDWIN,135056,January,2018,AL
807,BARBOUR,15103,January,2018,AL
808,BIBB,12535,January,2018,AL
809,BLOUNT,35526,January,2018,AL
810,BULLOCK,6717,January,2018,AL
811,BUTLER,12459,January,2018,AL
812,CALHOUN,66706,January,2018,AL
813,CHAMBERS,21558,January,2018,AL
814,CHEROKEE,15939,January,2018,AL
815,CHILTON,25260,January,2018,AL
816,CHOCTAW,9440,January,2018,AL
817,CLARKE,17454,January,2018,AL
818,CLAY,9118,January,2018,AL
819,CLEBURNE,9059,January,2018,AL
820,COFFEE,29260,January,2018,AL
821,COLBERT,36295,January,2018,AL
822,CONECUH,9017,January,2018,AL
823,COOSA,7341,January,2018,AL
824,COVINGTON,23005,January,2018,AL
825,CRENSHAW,8827,January,2018,AL
826,CULLMAN,51764,January,2018,AL
827,DALE,27840,January,2018,AL
828,DALLAS,28113,January,2018,AL
829,DEKALB,37387,January,2018,AL
830,ELMORE,50588,January,2018,AL
831,ESCAMBIA,22283,January,2018,AL
832,ETOWAH,64431,January,2018,AL
833,FAYETTE,11286,January,2018,AL
834,FRANKLIN,17132,January,2018,AL
835,GENEVA,16500,January,2018,AL
836,GREENE,6409,January,2018,AL
837,HALE,10992,January,2018,AL
838,HENRY,11688,January,2018,AL
839,HOUSTON,62485,January,2018,AL
840,JACKSON,33285,January,2018,AL
841,JEFFERSON,425175,January,2018,AL
842,LAMAR,9267,January,2018,AL
843,LAUDERDALE,55701,January,2018,AL
844,LAWRENCE,21992,January,2018,AL
845,LEE,93239,January,2018,AL
846,LIMESTONE,56153,January,2018,AL
847,LOWNDES,9081,January,2018,AL
848,MACON,14972,January,2018,AL
849,MADISON,226614,January,2018,AL
850,MARENGO,14476,January,2018,AL
851,MARION,18175,January,2018,AL
852,MARSHALL,52428,January,2018,AL
853,MOBILE,259266,January,2018,AL
854,MONROE,14228,January,2018,AL
855,MONTGOMERY,136793,January,2018,AL
856,MORGAN,71519,January,2018,AL
857,PERRY,7389,January,2018,AL
858,PICKENS,12600,January,2018,AL
859,PIKE,19105,January,2018,AL
860,RANDOLPH,15022,January,2018,AL
861,RUSSELL,32198,January,2018,AL
862,SHELBY,132924,January,2018,AL
863,ST_CLAIR,55739,January,2018,AL
864,SUMTER,8452,January,2018,AL
865,TALLADEGA,48986,January,2018,AL
866,TALLAPOOSA,27049,January,2018,AL
867,TUSCALOOSA,117483,January,2018,AL
868,WALKER,42027,January,2018,AL
869,WASHINGTON,11856,January,2018,AL
870,WILCOX,8176,January,2018,AL
871,WINSTON,14519,January,2018,AL
872,AUTAUGA,34762,February,2018,AL
873,BALDWIN,134112,February,2018,AL
874,BARBOUR,15156,February,2018,AL
875,BIBB,12580,February,2018,AL
876,BLOUNT,35707,February,2018,AL
877,BULLOCK,6727,February,2018,AL
878,BUTLER,12493,February,2018,AL
879,CALHOUN,66908,February,2018,AL
880,CHAMBERS,21617,February,2018,AL
881,CHEROKEE,15978,February,2018,AL
882,CHILTON,25313,February,2018,AL
883,CHOCTAW,9488,February,2018,AL
884,CLARKE,17511,February,2018,AL
885,CLAY,9144,February,2018,AL
886,CLEBURNE,9106,February,2018,AL
887,COFFEE,29366,February,2018,AL
888,COLBERT,36428,February,2018,AL
889,CONECUH,9047,February,2018,AL
890,COOSA,7367,February,2018,AL
891,COVINGTON,23134,February,2018,AL
892,CRENSHAW,8875,February,2018,AL
893,CULLMAN,51949,February,2018,AL
894,DALE,27959,February,2018,AL
895,DALLAS,28230,February,2018,AL
896,DEKALB,37505,February,2018,AL
897,ELMORE,50582,February,2018,AL
898,ESCAMBIA,22321,February,2018,AL
899,ETOWAH,64633,February,2018,AL
900,FAYETTE,11379,February,2018,AL
901,FRANKLIN,17197,February,2018,AL
902,GENEVA,16596,February,2018,AL
903,GREENE,6404,February,2018,AL
904,HALE,11041,February,2018,AL
905,HENRY,11721,February,2018,AL
906,HOUSTON,62794,February,2018,AL
907,JACKSON,33412,February,2018,AL
908,JEFFERSON,426643,February,2018,AL
909,LAMAR,9298,February,2018,AL
910,LAUDERDALE,55932,February,2018,AL
911,LAWRENCE,22055,February,2018,AL
912,LEE,93756,February,2018,AL
913,LIMESTONE,56364,February,2018,AL
914,LOWNDES,9084,February,2018,AL
915,MACON,15000,February,2018,AL
916,MADISON,227480,February,2018,AL
917,MARENGO,14474,February,2018,AL
918,MARION,18268,February,2018,AL
919,MARSHALL,52667,February,2018,AL
920,MOBILE,259993,February,2018,AL
921,MONROE,14275,February,2018,AL
922,MONTGOMERY,137259,February,2018,AL
923,MORGAN,71576,February,2018,AL
924,PERRY,7399,February,2018,AL
925,PICKENS,12623,February,2018,AL
926,PIKE,19215,February,2018,AL
927,RANDOLPH,15089,February,2018,AL
928,RUSSELL,32331,February,2018,AL
929,SHELBY,133238,February,2018,AL
930,ST_CLAIR,56036,February,2018,AL
931,SUMTER,8464,February,2018,AL
932,TALLADEGA,49178,February,2018,AL
933,TALLAPOOSA,27086,February,2018,AL
934,TUSCALOOSA,118062,February,2018,AL
935,WALKER,42092,February,2018,AL
936,WASHINGTON,11890,February,2018,AL
937,WILCOX,8184,February,2018,AL
938,WINSTON,14519,February,2018,AL
939,AUTAUGA,34886,March,2018,AL
940,BALDWIN,133404,March,2018,AL
941,BARBOUR,15208,March,2018,AL
942,BIBB,12639,March,2018,AL
943,BLOUNT,35837,March,2018,AL
944,BULLOCK,6745,March,2018,AL
945,BUTLER,12543,March,2018,AL
946,CALHOUN,67209,March,2018,AL
947,CHAMBERS,21697,March,2018,AL
948,CHEROKEE,16087,March,2018,AL
949,CHILTON,25263,March,2018,AL
950,CHOCTAW,9528,March,2018,AL
951,CLARKE,17575,March,2018,AL
952,CLAY,9194,March,2018,AL
953,CLEBURNE,9168,March,2018,AL
954,COFFEE,29475,March,2018,AL
955,COLBERT,36541,March,2018,AL
956,CONECUH,9061,March,2018,AL
957,COOSA,7391,March,2018,AL
958,COVINGTON,23279,March,2018,AL
959,CRENSHAW,8918,March,2018,AL
960,CULLMAN,52176,March,2018,AL
961,DALE,28110,March,2018,AL
962,DALLAS,28371,March,2018,AL
963,DEKALB,37709,March,2018,AL
964,ELMORE,50755,March,2018,AL
965,ESCAMBIA,22445,March,2018,AL
966,ETOWAH,64936,March,2018,AL
967,FAYETTE,11425,March,2018,AL
968,FRANKLIN,17233,March,2018,AL
969,GENEVA,16677,March,2018,AL
970,GREENE,6422,March,2018,AL
971,HALE,11045,March,2018,AL
972,HENRY,11787,March,2018,AL
973,HOUSTON,63155,March,2018,AL
974,JACKSON,33544,March,2018,AL
975,JEFFERSON,428224,March,2018,AL
976,LAMAR,9347,March,2018,AL
977,LAUDERDALE,56168,March,2018,AL
978,LAWRENCE,22146,March,2018,AL
979,LEE,94377,March,2018,AL
980,LIMESTONE,56692,March,2018,AL
981,LOWNDES,9086,March,2018,AL
982,MACON,15046,March,2018,AL
983,MADISON,228674,March,2018,AL
984,MARENGO,14505,March,2018,AL
985,MARION,18311,March,2018,AL
986,MARSHALL,52908,March,2018,AL
987,MOBILE,260926,March,2018,AL
988,MONROE,14333,March,2018,AL
989,MONTGOMERY,137979,March,2018,AL
990,MORGAN,72127,March,2018,AL
991,PERRY,7411,March,2018,AL
992,PICKENS,12658,March,2018,AL
993,PIKE,19242,March,2018,AL
994,RANDOLPH,15168,March,2018,AL
995,RUSSELL,32555,March,2018,AL
996,SHELBY,133718,March,2018,AL
997,ST_CLAIR,56311,March,2018,AL
998,SUMTER,8483,March,2018,AL
999,TALLADEGA,49313,March,2018,AL
1000,TALLAPOOSA,27179,March,2018,AL
1001,TUSCALOOSA,118753,March,2018,AL
1002,WALKER,42203,March,2018,AL
1003,WASHINGTON,11918,March,2018,AL
1004,WILCOX,8183,March,2018,AL
1005,WINSTON,14582,March,2018,AL
1006,AUTAUGA,34994,April,2018,AL
1007,BALDWIN,134211,April,2018,AL
1008,BARBOUR,15303,April,2018,AL
1009,BIBB,12714,April,2018,AL
1010,BLOUNT,36043,April,2018,AL
1011,BULLOCK,6678,April,2018,AL
1012,BUTLER,12674,April,2018,AL
1013,CALHOUN,67449,April,2018,AL
1014,CHAMBERS,21758,April,2018,AL
1015,CHEROKEE,16161,April,2018,AL
1016,CHILTON,25302,April,2018,AL
1017,CHOCTAW,9604,April,2018,AL
1018,CLARKE,17262,April,2018,AL
1019,CLAY,9228,April,2018,AL
1020,CLEBURNE,9215,April,2018,AL
1021,COFFEE,29609,April,2018,AL
1022,COLBERT,36702,April,2018,AL
1023,CONECUH,9070,April,2018,AL
1024,COOSA,7415,April,2018,AL
1025,COVINGTON,23405,April,2018,AL
1026,CRENSHAW,9018,April,2018,AL
1027,CULLMAN,52423,April,2018,AL
1028,DALE,28246,April,2018,AL
1029,DALLAS,28424,April,2018,AL
1030,DEKALB,37879,April,2018,AL
1031,ELMORE,50967,April,2018,AL
1032,ESCAMBIA,22560,April,2018,AL
1033,ETOWAH,65126,April,2018,AL
1034,FAYETTE,11474,April,2018,AL
1035,FRANKLIN,17316,April,2018,AL
1036,GENEVA,16742,April,2018,AL
1037,GREENE,6456,April,2018,AL
1038,HALE,11056,April,2018,AL
1039,HENRY,11862,April,2018,AL
1040,HOUSTON,63518,April,2018,AL
1041,JACKSON,33679,April,2018,AL
1042,JEFFERSON,429719,April,2018,AL
1043,LAMAR,9404,April,2018,AL
1044,LAUDERDALE,56442,April,2018,AL
1045,LAWRENCE,22238,April,2018,AL
1046,LEE,94934,April,2018,AL
1047,LIMESTONE,56945,April,2018,AL
1048,LOWNDES,9162,April,2018,AL
1049,MACON,14917,April,2018,AL
1050,MADISON,229492,April,2018,AL
1051,MARENGO,14546,April,2018,AL
1052,MARION,18416,April,2018,AL
1053,MARSHALL,52983,April,2018,AL
1054,MOBILE,261614,April,2018,AL
1055,MONROE,14404,April,2018,AL
1056,MONTGOMERY,138758,April,2018,AL
1057,MORGAN,72432,April,2018,AL
1058,PERRY,7444,April,2018,AL
1059,PICKENS,12716,April,2018,AL
1060,PIKE,19315,April,2018,AL
1061,RANDOLPH,15268,April,2018,AL
1062,RUSSELL,32771,April,2018,AL
1063,SHELBY,133759,April,2018,AL
1064,ST_CLAIR,56520,April,2018,AL
1065,SUMTER,8511,April,2018,AL
1066,TALLADEGA,49476,April,2018,AL
1067,TALLAPOOSA,27268,April,2018,AL
1068,TUSCALOOSA,119319,April,2018,AL
1069,WALKER,42377,April,2018,AL
1070,WASHINGTON,11980,April,2018,AL
1071,WILCOX,8210,April,2018,AL
1072,WINSTON,14620,April,2018,AL
1073,AUTAUGA,35154,May,2018,AL
1074,BALDWIN,135099,May,2018,AL
1075,BARBOUR,15413,May,2018,AL
1076,BIBB,12819,May,2018,AL
1077,BLOUNT,36226,May,2018,AL
1078,BULLOCK,6670,May,2018,AL
1079,BUTLER,12724,May,2018,AL
1080,CALHOUN,67742,May,2018,AL
1081,CHAMBERS,21844,May,2018,AL
1082,CHEROKEE,16260,May,2018,AL
1083,CHILTON,25416,May,2018,AL
1084,CHOCTAW,9679,May,2018,AL
1085,CLARKE,17307,May,2018,AL
1086,CLAY,9297,May,2018,AL
1087,CLEBURNE,9329,May,2018,AL
1088,COFFEE,29821,May,2018,AL
1089,COLBERT,36907,May,2018,AL
1090,CONECUH,9128,May,2018,AL
1091,COOSA,7316,May,2018,AL
1092,COVINGTON,23584,May,2018,AL
1093,CRENSHAW,9175,May,2018,AL
1094,CULLMAN,52859,May,2018,AL
1095,DALE,28413,May,2018,AL
1096,DALLAS,28530,May,2018,AL
1097,DEKALB,38142,May,2018,AL
1098,ELMORE,51258,May,2018,AL
1099,ESCAMBIA,22757,May,2018,AL
1100,ETOWAH,65757,May,2018,AL
1101,FAYETTE,11549,May,2018,AL
1102,FRANKLIN,17413,May,2018,AL
1103,GENEVA,16850,May,2018,AL
1104,GREENE,6480,May,2018,AL
1105,HALE,11083,May,2018,AL
1106,HENRY,11955,May,2018,AL
1107,HOUSTON,64017,May,2018,AL
1108,JACKSON,33838,May,2018,AL
1109,JEFFERSON,431502,May,2018,AL
1110,LAMAR,9526,May,2018,AL
1111,LAUDERDALE,56694,May,2018,AL
1112,LAWRENCE,22321,May,2018,AL
1113,LEE,95517,May,2018,AL
1114,LIMESTONE,57313,May,2018,AL
1115,LOWNDES,9251,May,2018,AL
1116,MACON,14929,May,2018,AL
1117,MADISON,230717,May,2018,AL
1118,MARENGO,14576,May,2018,AL
1119,MARION,18501,May,2018,AL
1120,MARSHALL,53242,May,2018,AL
1121,MOBILE,254722,May,2018,AL
1122,MONROE,14469,May,2018,AL
1123,MONTGOMERY,139533,May,2018,AL
1124,MORGAN,72809,May,2018,AL
1125,PERRY,7511,May,2018,AL
1126,PICKENS,12807,May,2018,AL
1127,PIKE,19350,May,2018,AL
1128,RANDOLPH,15377,May,2018,AL
1129,RUSSELL,33050,May,2018,AL
1130,SHELBY,134482,May,2018,AL
1131,ST_CLAIR,56842,May,2018,AL
1132,SUMTER,8567,May,2018,AL
1133,TALLADEGA,49806,May,2018,AL
1134,TALLAPOOSA,27436,May,2018,AL
1135,TUSCALOOSA,120006,May,2018,AL
1136,WALKER,42634,May,2018,AL
1137,WASHINGTON,12092,May,2018,AL
1138,WILCOX,8316,May,2018,AL
1139,WINSTON,14715,May,2018,AL
1140,AUTAUGA,35402,June,2018,AL
1141,BALDWIN,136576,June,2018,AL
1142,BARBOUR,15538,June,2018,AL
1143,BIBB,12939,June,2018,AL
1144,BLOUNT,36519,June,2018,AL
1145,BULLOCK,6716,June,2018,AL
1146,BUTLER,12836,June,2018,AL
1147,CALHOUN,68235,June,2018,AL
1148,CHAMBERS,21940,June,2018,AL
1149,CHEROKEE,16423,June,2018,AL
1150,CHILTON,25684,June,2018,AL
1151,CHOCTAW,9796,June,2018,AL
1152,CLARKE,17483,June,2018,AL
1153,CLAY,9370,June,2018,AL
1154,CLEBURNE,9450,June,2018,AL
1155,COFFEE,30010,June,2018,AL
1156,COLBERT,37137,June,2018,AL
1157,CONECUH,9182,June,2018,AL
1158,COOSA,7396,June,2018,AL
1159,COVINGTON,23809,June,2018,AL
1160,CRENSHAW,9264,June,2018,AL
1161,CULLMAN,53305,June,2018,AL
1162,DALE,28655,June,2018,AL
1163,DALLAS,28700,June,2018,AL
1164,DEKALB,38483,June,2018,AL
1165,ELMORE,51515,June,2018,AL
1166,ESCAMBIA,22858,June,2018,AL
1167,ETOWAH,66298,June,2018,AL
1168,FAYETTE,11631,June,2018,AL
1169,FRANKLIN,17573,June,2018,AL
1170,GENEVA,17012,June,2018,AL
1171,GREENE,6532,June,2018,AL
1172,HALE,11168,June,2018,AL
1173,HENRY,12041,June,2018,AL
1174,HOUSTON,64702,June,2018,AL
1175,JACKSON,34045,June,2018,AL
1176,JEFFERSON,434294,June,2018,AL
1177,LAMAR,9641,June,2018,AL
1178,LAUDERDALE,56895,June,2018,AL
1179,LAWRENCE,22493,June,2018,AL
1180,LEE,96316,June,2018,AL
1181,LIMESTONE,57777,June,2018,AL
1182,LOWNDES,9344,June,2018,AL
1183,MACON,15043,June,2018,AL
1184,MADISON,232466,June,2018,AL
1185,MARENGO,14684,June,2018,AL
1186,MARION,18808,June,2018,AL
1187,MARSHALL,53764,June,2018,AL
1188,MOBILE,250006,June,2018,AL
1189,MONROE,14637,June,2018,AL
1190,MONTGOMERY,140438,June,2018,AL
1191,MORGAN,73366,June,2018,AL
1192,PERRY,7550,June,2018,AL
1193,PICKENS,12836,June,2018,AL
1194,PIKE,19462,June,2018,AL
1195,RANDOLPH,15502,June,2018,AL
1196,RUSSELL,33354,June,2018,AL
1197,SHELBY,135534,June,2018,AL
1198,ST_CLAIR,57256,June,2018,AL
1199,SUMTER,8596,June,2018,AL
1200,TALLADEGA,50136,June,2018,AL
1201,TALLAPOOSA,27636,June,2018,AL
1202,TUSCALOOSA,120840,June,2018,AL
1203,WALKER,42985,June,2018,AL
1204,WASHINGTON,12216,June,2018,AL
1205,WILCOX,8375,June,2018,AL
1206,WINSTON,14817,June,2018,AL
1207,AUTAUGA,35589,July,2018,AL
1208,BALDWIN,137527,July,2018,AL
1209,BARBOUR,15549,July,2018,AL
1210,BIBB,12996,July,2018,AL
1211,BLOUNT,36693,July,2018,AL
1212,BULLOCK,6723,July,2018,AL
1213,BUTLER,12857,July,2018,AL
1214,CALHOUN,68425,July,2018,AL
1215,CHAMBERS,21974,July,2018,AL
1216,CHEROKEE,16481,July,2018,AL
1217,CHILTON,25708,July,2018,AL
1218,CHOCTAW,9825,July,2018,AL
1219,CLARKE,17512,July,2018,AL
1220,CLAY,9386,July,2018,AL
1221,CLEBURNE,9494,July,2018,AL
1222,COFFEE,30110,July,2018,AL
1223,COLBERT,37201,July,2018,AL
1224,CONECUH,9208,July,2018,AL
1225,COOSA,7396,July,2018,AL
1226,COVINGTON,23919,July,2018,AL
1227,CRENSHAW,9299,July,2018,AL
1228,CULLMAN,53500,July,2018,AL
1229,DALE,28768,July,2018,AL
1230,DALLAS,28725,July,2018,AL
1231,DEKALB,38614,July,2018,AL
1232,ELMORE,51664,July,2018,AL
1233,ESCAMBIA,22982,July,2018,AL
1234,ETOWAH,66375,July,2018,AL
1235,FAYETTE,11694,July,2018,AL
1236,FRANKLIN,17553,July,2018,AL
1237,GENEVA,17074,July,2018,AL
1238,GREENE,6518,July,2018,AL
1239,HALE,11190,July,2018,AL
1240,HENRY,12106,July,2018,AL
1241,HOUSTON,65111,July,2018,AL
1242,JACKSON,34186,July,2018,AL
1243,JEFFERSON,435571,July,2018,AL
1244,LAMAR,9685,July,2018,AL
1245,LAUDERDALE,56985,July,2018,AL
1246,LAWRENCE,22571,July,2018,AL
1247,LEE,96988,July,2018,AL
1248,LIMESTONE,58100,July,2018,AL
1249,LOWNDES,9367,July,2018,AL
1250,MACON,15102,July,2018,AL
1251,MADISON,233779,July,2018,AL
1252,MARENGO,14458,July,2018,AL
1253,MARION,18908,July,2018,AL
1254,MARSHALL,54096,July,2018,AL
1255,MOBILE,246147,July,2018,AL
1256,MONROE,14657,July,2018,AL
1257,MONTGOMERY,140830,July,2018,AL
1258,MORGAN,73283,July,2018,AL
1259,PERRY,7575,July,2018,AL
1260,PICKENS,12873,July,2018,AL
1261,PIKE,19508,July,2018,AL
1262,RANDOLPH,15573,July,2018,AL
1263,RUSSELL,33422,July,2018,AL
1264,SHELBY,136236,July,2018,AL
1265,ST_CLAIR,57497,July,2018,AL
1266,SUMTER,8598,July,2018,AL
1267,TALLADEGA,50413,July,2018,AL
1268,TALLAPOOSA,27599,July,2018,AL
1269,TUSCALOOSA,121459,July,2018,AL
1270,WALKER,43265,July,2018,AL
1271,WASHINGTON,12256,July,2018,AL
1272,WILCOX,8469,July,2018,AL
1273,WINSTON,14841,July,2018,AL
1274,AUTAUGA,35795,August,2018,AL
1275,BALDWIN,138527,August,2018,AL
1276,BARBOUR,15632,August,2018,AL
1277,BIBB,13018,August,2018,AL
1278,BLOUNT,36825,August,2018,AL
1279,BULLOCK,6721,August,2018,AL
1280,BUTLER,12909,August,2018,AL
1281,CALHOUN,68665,August,2018,AL
1282,CHAMBERS,22134,August,2018,AL
1283,CHEROKEE,16569,August,2018,AL
1284,CHILTON,25791,August,2018,AL
1285,CHOCTAW,9845,August,2018,AL
1286,CLARKE,17584,August,2018,AL
1287,CLAY,9383,August,2018,AL
1288,CLEBURNE,9516,August,2018,AL
1289,COFFEE,30248,August,2018,AL
1290,COLBERT,37459,August,2018,AL
1291,CONECUH,9228,August,2018,AL
1292,COOSA,7419,August,2018,AL
1293,COVINGTON,24105,August,2018,AL
1294,CRENSHAW,9326,August,2018,AL
1295,CULLMAN,53776,August,2018,AL
1296,DALE,29043,August,2018,AL
1297,DALLAS,28866,August,2018,AL
1298,DEKALB,38774,August,2018,AL
1299,ELMORE,51942,August,2018,AL
1300,ESCAMBIA,23105,August,2018,AL
1301,ETOWAH,66562,August,2018,AL
1302,FAYETTE,11784,August,2018,AL
1303,FRANKLIN,17691,August,2018,AL
1304,GENEVA,17128,August,2018,AL
1305,GREENE,6516,August,2018,AL
1306,HALE,11209,August,2018,AL
1307,HENRY,12129,August,2018,AL
1308,HOUSTON,65537,August,2018,AL
1309,JACKSON,34294,August,2018,AL
1310,JEFFERSON,437778,August,2018,AL
1311,LAMAR,9711,August,2018,AL
1312,LAUDERDALE,57386,August,2018,AL
1313,LAWRENCE,22645,August,2018,AL
1314,LEE,97662,August,2018,AL
1315,LIMESTONE,58513,August,2018,AL
1316,LOWNDES,9354,August,2018,AL
1317,MACON,15113,August,2018,AL
1318,MADISON,235406,August,2018,AL
1319,MARENGO,14156,August,2018,AL
1320,MARION,18970,August,2018,AL
1321,MARSHALL,54414,August,2018,AL
1322,MOBILE,247613,August,2018,AL
1323,MONROE,14713,August,2018,AL
1324,MONTGOMERY,141861,August,2018,AL
1325,MORGAN,74007,August,2018,AL
1326,PERRY,7575,August,2018,AL
1327,PICKENS,12975,August,2018,AL
1328,PIKE,19635,August,2018,AL
1329,RANDOLPH,15659,August,2018,AL
1330,RUSSELL,33624,August,2018,AL
1331,SHELBY,136900,August,2018,AL
1332,ST_CLAIR,57777,August,2018,AL
1333,SUMTER,8617,August,2018,AL
1334,TALLADEGA,50579,August,2018,AL
1335,TALLAPOOSA,27610,August,2018,AL
1336,TUSCALOOSA,122307,August,2018,AL
1337,WALKER,43442,August,2018,AL
1338,WASHINGTON,12269,August,2018,AL
1339,WILCOX,8563,August,2018,AL
1340,WINSTON,14893,August,2018,AL
1341,AUTAUGA,35995,September,2018,AL
1342,BALDWIN,139512,September,2018,AL
1343,BARBOUR,15722,September,2018,AL
1344,BIBB,13089,September,2018,AL
1345,BLOUNT,36990,September,2018,AL
1346,BULLOCK,6739,September,2018,AL
1347,BUTLER,12988,September,2018,AL
1348,CALHOUN,68926,September,2018,AL
1349,CHAMBERS,22262,September,2018,AL
1350,CHEROKEE,16665,September,2018,AL
1351,CHILTON,25841,September,2018,AL
1352,CHOCTAW,9880,September,2018,AL
1353,CLARKE,17713,September,2018,AL
1354,CLAY,9400,September,2018,AL
1355,CLEBURNE,9538,September,2018,AL
1356,COFFEE,30376,September,2018,AL
1357,COLBERT,37757,September,2018,AL
1358,CONECUH,9245,September,2018,AL
1359,COOSA,7430,September,2018,AL
1360,COVINGTON,24221,September,2018,AL
1361,CRENSHAW,9373,September,2018,AL
1362,CULLMAN,54009,September,2018,AL
1363,DALE,29237,September,2018,AL
1364,DALLAS,28918,September,2018,AL
1365,DEKALB,39026,September,2018,AL
1366,ELMORE,52242,September,2018,AL
1367,ESCAMBIA,23237,September,2018,AL
1368,ETOWAH,66905,September,2018,AL
1369,FAYETTE,11855,September,2018,AL
1370,FRANKLIN,17746,September,2018,AL
1371,GENEVA,17198,September,2018,AL
1372,GREENE,6533,September,2018,AL
1373,HALE,11229,September,2018,AL
1374,HENRY,12187,September,2018,AL
1375,HOUSTON,65937,September,2018,AL
1376,JACKSON,34454,September,2018,AL
1377,JEFFERSON,440287,September,2018,AL
1378,LAMAR,9745,September,2018,AL
1379,LAUDERDALE,57583,September,2018,AL
1380,LAWRENCE,22741,September,2018,AL
1381,LEE,98745,September,2018,AL
1382,LIMESTONE,58966,September,2018,AL
1383,LOWNDES,9342,September,2018,AL
1384,MACON,15174,September,2018,AL
1385,MADISON,237526,September,2018,AL
1386,MARENGO,14181,September,2018,AL
1387,MARION,19055,September,2018,AL
1388,MARSHALL,54744,September,2018,AL
1389,MOBILE,249209,September,2018,AL
1390,MONROE,14746,September,2018,AL
1391,MONTGOMERY,142414,September,2018,AL
1392,MORGAN,74482,September,2018,AL
1393,PERRY,7592,September,2018,AL
1394,PICKENS,13006,September,2018,AL
1395,PIKE,19727,September,2018,AL
1396,RANDOLPH,15716,September,2018,AL
1397,RUSSELL,33872,September,2018,AL
1398,SHELBY,137461,September,2018,AL
1399,ST_CLAIR,57929,September,2018,AL
1400,SUMTER,8630,September,2018,AL
1401,TALLADEGA,50844,September,2018,AL
1402,TALLAPOOSA,27737,September,2018,AL
1403,TUSCALOOSA,123240,September,2018,AL
1404,WALKER,43593,September,2018,AL
1405,WASHINGTON,12306,September,2018,AL
1406,WILCOX,8572,September,2018,AL
1407,WINSTON,14954,September,2018,AL
1408,AUTAUGA,36293,October,2018,AL
1409,BALDWIN,141252,October,2018,AL
1410,BARBOUR,15817,October,2018,AL
1411,BIBB,13192,October,2018,AL
1412,BLOUNT,37317,October,2018,AL
1413,BULLOCK,6755,October,2018,AL
1414,BUTLER,13125,October,2018,AL
1415,CALHOUN,69597,October,2018,AL
1416,CHAMBERS,22417,October,2018,AL
1417,CHEROKEE,16767,October,2018,AL
1418,CHILTON,26037,October,2018,AL
1419,CHOCTAW,9923,October,2018,AL
1420,CLARKE,17856,October,2018,AL
1421,CLAY,9501,October,2018,AL
1422,CLEBURNE,9618,October,2018,AL
1423,COFFEE,30638,October,2018,AL
1424,COLBERT,38105,October,2018,AL
1425,CONECUH,9282,October,2018,AL
1426,COOSA,7499,October,2018,AL
1427,COVINGTON,24355,October,2018,AL
1428,CRENSHAW,9436,October,2018,AL
1429,CULLMAN,54395,October,2018,AL
1430,DALE,29460,October,2018,AL
1431,DALLAS,28989,October,2018,AL
1432,DEKALB,39293,October,2018,AL
1433,ELMORE,52673,October,2018,AL
1434,ESCAMBIA,23422,October,2018,AL
1435,ETOWAH,67651,October,2018,AL
1436,FAYETTE,11919,October,2018,AL
1437,FRANKLIN,17850,October,2018,AL
1438,GENEVA,17254,October,2018,AL
1439,GREENE,6558,October,2018,AL
1440,HALE,11296,October,2018,AL
1441,HENRY,12269,October,2018,AL
1442,HOUSTON,66483,October,2018,AL
1443,JACKSON,34625,October,2018,AL
1444,JEFFERSON,445205,October,2018,AL
1445,LAMAR,9810,October,2018,AL
1446,LAUDERDALE,58260,October,2018,AL
1447,LAWRENCE,22884,October,2018,AL
1448,LEE,100765,October,2018,AL
1449,LIMESTONE,59707,October,2018,AL
1450,LOWNDES,9397,October,2018,AL
1451,MACON,15260,October,2018,AL
1452,MADISON,241793,October,2018,AL
1453,MARENGO,14246,October,2018,AL
1454,MARION,19149,October,2018,AL
1455,MARSHALL,55171,October,2018,AL
1456,MOBILE,252482,October,2018,AL
1457,MONROE,14905,October,2018,AL
1458,MONTGOMERY,144025,October,2018,AL
1459,MORGAN,75129,October,2018,AL
1460,PERRY,7628,October,2018,AL
1461,PICKENS,13197,October,2018,AL
1462,PIKE,20013,October,2018,AL
1463,RANDOLPH,15822,October,2018,AL
1464,RUSSELL,34268,October,2018,AL
1465,SHELBY,139280,October,2018,AL
1466,ST_CLAIR,58693,October,2018,AL
1467,SUMTER,8684,October,2018,AL
1468,TALLADEGA,51367,October,2018,AL
1469,TALLAPOOSA,27902,October,2018,AL
1470,TUSCALOOSA,124798,October,2018,AL
1471,WALKER,43815,October,2018,AL
1472,WASHINGTON,12346,October,2018,AL
1473,WILCOX,8596,October,2018,AL
1474,WINSTON,15015,October,2018,AL
1475,AUTAUGA,36681,November,2018,AL
1476,BALDWIN,143059,November,2018,AL
1477,BARBOUR,15963,November,2018,AL
1478,BIBB,13312,November,2018,AL
1479,BLOUNT,37627,November,2018,AL
1480,BULLOCK,6827,November,2018,AL
1481,BUTLER,13261,November,2018,AL
1482,CALHOUN,70051,November,2018,AL
1483,CHAMBERS,22518,November,2018,AL
1484,CHEROKEE,16901,November,2018,AL
1485,CHILTON,26188,November,2018,AL
1486,CHOCTAW,10002,November,2018,AL
1487,CLARKE,18112,November,2018,AL
1488,CLAY,9554,November,2018,AL
1489,CLEBURNE,9700,November,2018,AL
1490,COFFEE,30831,November,2018,AL
1491,COLBERT,38172,November,2018,AL
1492,CONECUH,9343,November,2018,AL
1493,COOSA,7572,November,2018,AL
1494,COVINGTON,24445,November,2018,AL
1495,CRENSHAW,9578,November,2018,AL
1496,CULLMAN,54809,November,2018,AL
1497,DALE,29802,November,2018,AL
1498,DALLAS,29144,November,2018,AL
1499,DEKALB,39632,November,2018,AL
1500,ELMORE,52900,November,2018,AL
1501,ESCAMBIA,23662,November,2018,AL
1502,ETOWAH,67865,November,2018,AL
1503,FAYETTE,12015,November,2018,AL
1504,FRANKLIN,17946,November,2018,AL
1505,GENEVA,17405,November,2018,AL
1506,GREENE,6600,November,2018,AL
1507,HALE,11402,November,2018,AL
1508,HENRY,12347,November,2018,AL
1509,HOUSTON,67246,November,2018,AL
1510,JACKSON,34857,November,2018,AL
1511,JEFFERSON,449086,November,2018,AL
1512,LAMAR,9917,November,2018,AL
1513,LAUDERDALE,58779,November,2018,AL
1514,LAWRENCE,23153,November,2018,AL
1515,LEE,101814,November,2018,AL
1516,LIMESTONE,60169,November,2018,AL
1517,LOWNDES,9434,November,2018,AL
1518,MACON,15350,November,2018,AL
1519,MADISON,244598,November,2018,AL
1520,MARENGO,14425,November,2018,AL
1521,MARION,19341,November,2018,AL
1522,MARSHALL,55662,November,2018,AL
1523,MOBILE,256421,November,2018,AL
1524,MONROE,15079,November,2018,AL
1525,MONTGOMERY,144850,November,2018,AL
1526,MORGAN,75518,November,2018,AL
1527,PERRY,7668,November,2018,AL
1528,PICKENS,13361,November,2018,AL
1529,PIKE,20159,November,2018,AL
1530,RANDOLPH,16012,November,2018,AL
1531,RUSSELL,34710,November,2018,AL
1532,SHELBY,139837,November,2018,AL
1533,ST_CLAIR,59152,November,2018,AL
1534,SUMTER,8762,November,2018,AL
1535,TALLADEGA,51841,November,2018,AL
1536,TALLAPOOSA,28101,November,2018,AL
1537,TUSCALOOSA,125763,November,2018,AL
1538,WALKER,44130,November,2018,AL
1539,WASHINGTON,12467,November,2018,AL
1540,WILCOX,8621,November,2018,AL
1541,WINSTON,15137,November,2018,AL
1542,AUTAUGA,36715,December,2018,AL
1543,BALDWIN,143600,December,2018,AL
1544,BARBOUR,15967,December,2018,AL
1545,BIBB,13348,December,2018,AL
1546,BLOUNT,37658,December,2018,AL
1547,BULLOCK,6826,December,2018,AL
1548,BUTLER,13273,December,2018,AL
1549,CALHOUN,70348,December,2018,AL
1550,CHAMBERS,22737,December,2018,AL
1551,CHEROKEE,16994,December,2018,AL
1552,CHILTON,26269,December,2018,AL
1553,CHOCTAW,10015,December,2018,AL
1554,CLARKE,18089,December,2018,AL
1555,CLAY,9556,December,2018,AL
1556,CLEBURNE,9716,December,2018,AL
1557,COFFEE,30973,December,2018,AL
1558,COLBERT,38405,December,2018,AL
1559,CONECUH,9343,December,2018,AL
1560,COOSA,7586,December,2018,AL
1561,COVINGTON,24621,December,2018,AL
1562,CRENSHAW,9582,December,2018,AL
1563,CULLMAN,54875,December,2018,AL
1564,DALE,29937,December,2018,AL
1565,DALLAS,29181,December,2018,AL
1566,DEKALB,39686,December,2018,AL
1567,ELMORE,53249,December,2018,AL
1568,ESCAMBIA,23704,December,2018,AL
1569,ETOWAH,68109,December,2018,AL
1570,FAYETTE,12020,December,2018,AL
1571,FRANKLIN,18039,December,2018,AL
1572,GENEVA,17457,December,2018,AL
1573,GREENE,6602,December,2018,AL
1574,HALE,11400,December,2018,AL
1575,HENRY,12376,December,2018,AL
1576,HOUSTON,67341,December,2018,AL
1577,JACKSON,34896,December,2018,AL
1578,JEFFERSON,450178,December,2018,AL
1579,LAMAR,9930,December,2018,AL
1580,LAUDERDALE,58893,December,2018,AL
1581,LAWRENCE,23197,December,2018,AL
1582,LEE,102016,December,2018,AL
1583,LIMESTONE,60396,December,2018,AL
1584,LOWNDES,9423,December,2018,AL
1585,MACON,15358,December,2018,AL
1586,MADISON,245516,December,2018,AL
1587,MARENGO,14496,December,2018,AL
1588,MARION,19348,December,2018,AL
1589,MARSHALL,55784,December,2018,AL
1590,MOBILE,258683,December,2018,AL
1591,MONROE,15087,December,2018,AL
1592,MONTGOMERY,145650,December,2018,AL
1593,MORGAN,75957,December,2018,AL
1594,PERRY,7652,December,2018,AL
1595,PICKENS,13371,December,2018,AL
1596,PIKE,20198,December,2018,AL
1597,RANDOLPH,16043,December,2018,AL
1598,RUSSELL,34823,December,2018,AL
1599,SHELBY,141183,December,2018,AL
1600,ST_CLAIR,59319,December,2018,AL
1601,SUMTER,8764,December,2018,AL
1602,TALLADEGA,51961,December,2018,AL
1603,TALLAPOOSA,28131,December,2018,AL
1604,TUSCALOOSA,126380,December,2018,AL
1605,WALKER,44304,December,2018,AL
1606,WASHINGTON,12476,December,2018,AL
1607,WILCOX,8646,December,2018,AL
1608,WINSTON,15177,December,2018,AL
1609,AUTAUGA,36813,January,2019,AL
1610,BALDWIN,144070,January,2019,AL
1611,BARBOUR,15933,January,2019,AL
1612,BIBB,13332,January,2019,AL
1613,BLOUNT,37763,January,2019,AL
1614,BULLOCK,6810,January,2019,AL
1615,BUTLER,13275,January,2019,AL
1616,CALHOUN,70487,January,2019,AL
1617,CHAMBERS,22836,January,2019,AL
1618,CHEROKEE,17030,January,2019,AL
1619,CHILTON,26240,January,2019,AL
1620,CHOCTAW,10006,January,2019,AL
1621,CLARKE,18069,January,2019,AL
1622,CLAY,9561,January,2019,AL
1623,CLEBURNE,9708,January,2019,AL
1624,COFFEE,31002,January,2019,AL
1625,COLBERT,38624,January,2019,AL
1626,CONECUH,9358,January,2019,AL
1627,COOSA,7585,January,2019,AL
1628,COVINGTON,24697,January,2019,AL
1629,CRENSHAW,9593,January,2019,AL
1630,CULLMAN,54950,January,2019,AL
1631,DALE,30025,January,2019,AL
1632,DALLAS,29117,January,2019,AL
1633,DEKALB,39677,January,2019,AL
1634,ELMORE,53227,January,2019,AL
1635,ESCAMBIA,23730,January,2019,AL
1636,ETOWAH,68129,January,2019,AL
1637,FAYETTE,12020,January,2019,AL
1638,FRANKLIN,17960,January,2019,AL
1639,GENEVA,17505,January,2019,AL
1640,GREENE,6592,January,2019,AL
1641,HALE,11383,January,2019,AL
1642,HENRY,12409,January,2019,AL
1643,HOUSTON,67636,January,2019,AL
1644,JACKSON,34953,January,2019,AL
1645,JEFFERSON,450763,January,2019,AL
1646,LAMAR,9930,January,2019,AL
1647,LAUDERDALE,58975,January,2019,AL
1648,LAWRENCE,23234,January,2019,AL
1649,LEE,101915,January,2019,AL
1650,LIMESTONE,60563,January,2019,AL
1651,LOWNDES,9405,January,2019,AL
1652,MACON,15306,January,2019,AL
1653,MADISON,245462,January,2019,AL
1654,MARENGO,14454,January,2019,AL
1655,MARION,19337,January,2019,AL
1656,MARSHALL,55902,January,2019,AL
1657,MOBILE,258855,January,2019,AL
1658,MONROE,15062,January,2019,AL
1659,MONTGOMERY,145892,January,2019,AL
1660,MORGAN,76190,January,2019,AL
1661,PERRY,7625,January,2019,AL
1662,PICKENS,13402,January,2019,AL
1663,PIKE,20208,January,2019,AL
1664,RANDOLPH,16059,January,2019,AL
1665,RUSSELL,34901,January,2019,AL
1666,SHELBY,141553,January,2019,AL
1667,ST_CLAIR,59517,January,2019,AL
1668,SUMTER,8741,January,2019,AL
1669,TALLADEGA,52062,January,2019,AL
1670,TALLAPOOSA,28160,January,2019,AL
1671,TUSCALOOSA,126760,January,2019,AL
1672,WALKER,44275,January,2019,AL
1673,WASHINGTON,12443,January,2019,AL
1674,WILCOX,8620,January,2019,AL
1675,WINSTON,15173,January,2019,AL
1676,AUTAUGA,36729,February,2019,AL
1677,BALDWIN,144582,February,2019,AL
1678,BARBOUR,15846,February,2019,AL
1679,BIBB,13328,February,2019,AL
1680,BLOUNT,37581,February,2019,AL
1681,BULLOCK,6792,February,2019,AL
1682,BUTLER,13305,February,2019,AL
1683,CALHOUN,70448,February,2019,AL
1684,CHAMBERS,22718,February,2019,AL
1685,CHEROKEE,17002,February,2019,AL
1686,CHILTON,26190,February,2019,AL
1687,CHOCTAW,9992,February,2019,AL
1688,CLARKE,18102,February,2019,AL
1689,CLAY,9554,February,2019,AL
1690,CLEBURNE,9674,February,2019,AL
1691,COFFEE,31028,February,2019,AL
1692,COLBERT,38776,February,2019,AL
1693,CONECUH,9338,February,2019,AL
1694,COOSA,7581,February,2019,AL
1695,COVINGTON,24620,February,2019,AL
1696,CRENSHAW,9574,February,2019,AL
1697,CULLMAN,54938,February,2019,AL
1698,DALE,29994,February,2019,AL
1699,DALLAS,29105,February,2019,AL
1700,DEKALB,39707,February,2019,AL
1701,ELMORE,53201,February,2019,AL
1702,ESCAMBIA,23574,February,2019,AL
1703,ETOWAH,68059,February,2019,AL
1704,FAYETTE,12025,February,2019,AL
1705,FRANKLIN,17991,February,2019,AL
1706,GENEVA,17582,February,2019,AL
1707,GREENE,6574,February,2019,AL
1708,HALE,11356,February,2019,AL
1709,HENRY,12380,February,2019,AL
1710,HOUSTON,67846,February,2019,AL
1711,JACKSON,34828,February,2019,AL
1712,JEFFERSON,449365,February,2019,AL
1713,LAMAR,9940,February,2019,AL
1714,LAUDERDALE,58914,February,2019,AL
1715,LAWRENCE,23279,February,2019,AL
1716,LEE,101858,February,2019,AL
1717,LIMESTONE,60748,February,2019,AL
1718,LOWNDES,9355,February,2019,AL
1719,MACON,15319,February,2019,AL
1720,MADISON,246409,February,2019,AL
1721,MARENGO,14468,February,2019,AL
1722,MARION,19341,February,2019,AL
1723,MARSHALL,55909,February,2019,AL
1724,MOBILE,259601,February,2019,AL
1725,MONROE,15029,February,2019,AL
1726,MONTGOMERY,145008,February,2019,AL
1727,MORGAN,76336,February,2019,AL
1728,PERRY,7585,February,2019,AL
1729,PICKENS,13370,February,2019,AL
1730,PIKE,20216,February,2019,AL
1731,RANDOLPH,16032,February,2019,AL
1732,RUSSELL,34954,February,2019,AL
1733,SHELBY,141961,February,2019,AL
1734,ST_CLAIR,59579,February,2019,AL
1735,SUMTER,8723,February,2019,AL
1736,TALLADEGA,51952,February,2019,AL
1737,TALLAPOOSA,28137,February,2019,AL
1738,TUSCALOOSA,127003,February,2019,AL
1739,WALKER,44282,February,2019,AL
1740,WASHINGTON,12413,February,2019,AL
1741,WILCOX,8617,February,2019,AL
1742,WINSTON,15164,February,2019,AL
1743,AUTAUGA,36867,March,2019,AL
1744,BALDWIN,145129,March,2019,AL
1745,BARBOUR,15879,March,2019,AL
1746,BIBB,13370,March,2019,AL
1747,BLOUNT,37701,March,2019,AL
1748,BULLOCK,6798,March,2019,AL
1749,BUTLER,13324,March,2019,AL
1750,CALHOUN,70588,March,2019,AL
1751,CHAMBERS,22751,March,2019,AL
1752,CHEROKEE,17024,March,2019,AL
1753,CHILTON,26110,March,2019,AL
1754,CHOCTAW,9990,March,2019,AL
1755,CLARKE,18067,March,2019,AL
1756,CLAY,9572,March,2019,AL
1757,CLEBURNE,9687,March,2019,AL
1758,COFFEE,31053,March,2019,AL
1759,COLBERT,38744,March,2019,AL
1760,CONECUH,9249,March,2019,AL
1761,COOSA,7594,March,2019,AL
1762,COVINGTON,24645,March,2019,AL
1763,CRENSHAW,9575,March,2019,AL
1764,CULLMAN,55037,March,2019,AL
1765,DALE,29960,March,2019,AL
1766,DALLAS,29042,March,2019,AL
1767,DEKALB,39858,March,2019,AL
1768,ELMORE,53021,March,2019,AL
1769,ESCAMBIA,23638,March,2019,AL
1770,ETOWAH,68028,March,2019,AL
1771,FAYETTE,12025,March,2019,AL
1772,FRANKLIN,18012,March,2019,AL
1773,GENEVA,17674,March,2019,AL
1774,GREENE,6573,March,2019,AL
1775,HALE,11378,March,2019,AL
1776,HENRY,12400,March,2019,AL
1777,HOUSTON,67655,March,2019,AL
1778,JACKSON,34900,March,2019,AL
1779,JEFFERSON,450195,March,2019,AL
1780,LAMAR,9966,March,2019,AL
1781,LAUDERDALE,59058,March,2019,AL
1782,LAWRENCE,23211,March,2019,AL
1783,LEE,102271,March,2019,AL
1784,LIMESTONE,60889,March,2019,AL
1785,LOWNDES,9353,March,2019,AL
1786,MACON,15362,March,2019,AL
1787,MADISON,247424,March,2019,AL
1788,MARENGO,14481,March,2019,AL
1789,MARION,19382,March,2019,AL
1790,MARSHALL,56109,March,2019,AL
1791,MOBILE,260048,March,2019,AL
1792,MONROE,15074,March,2019,AL
1793,MONTGOMERY,145020,March,2019,AL
1794,MORGAN,76508,March,2019,AL
1795,PERRY,7544,March,2019,AL
1796,PICKENS,13398,March,2019,AL
1797,PIKE,20209,March,2019,AL
1798,RANDOLPH,16067,March,2019,AL
1799,RUSSELL,35122,March,2019,AL
1800,SHELBY,142395,March,2019,AL
1801,ST_CLAIR,59660,March,2019,AL
1802,SUMTER,8744,March,2019,AL
1803,TALLADEGA,52099,March,2019,AL
1804,TALLAPOOSA,28204,March,2019,AL
1805,TUSCALOOSA,127373,March,2019,AL
1806,WALKER,44311,March,2019,AL
1807,WASHINGTON,12373,March,2019,AL
1808,WILCOX,8589,March,2019,AL
1809,WINSTON,15198,March,2019,AL
1810,AUTAUGA,37000,April,2019,AL
1811,BALDWIN,145769,April,2019,AL
1812,BARBOUR,15926,April,2019,AL
1813,BIBB,13417,April,2019,AL
1814,BLOUNT,37799,April,2019,AL
1815,BULLOCK,6799,April,2019,AL
1816,BUTLER,13348,April,2019,AL
1817,CALHOUN,70810,April,2019,AL
1818,CHAMBERS,22846,April,2019,AL
1819,CHEROKEE,17123,April,2019,AL
1820,CHILTON,26162,April,2019,AL
1821,CHOCTAW,10004,April,2019,AL
1822,CLARKE,18086,April,2019,AL
1823,CLAY,9592,April,2019,AL
1824,CLEBURNE,9720,April,2019,AL
1825,COFFEE,31127,April,2019,AL
1826,COLBERT,38875,April,2019,AL
1827,CONECUH,9261,April,2019,AL
1828,COOSA,7601,April,2019,AL
1829,COVINGTON,24748,April,2019,AL
1830,CRENSHAW,9600,April,2019,AL
1831,CULLMAN,55179,April,2019,AL
1832,DALE,30070,April,2019,AL
1833,DALLAS,29091,April,2019,AL
1834,DEKALB,39987,April,2019,AL
1835,ELMORE,52936,April,2019,AL
1836,ESCAMBIA,23729,April,2019,AL
1837,ETOWAH,68291,April,2019,AL
1838,FAYETTE,12035,April,2019,AL
1839,FRANKLIN,18020,April,2019,AL
1840,GENEVA,17731,April,2019,AL
1841,GREENE,6581,April,2019,AL
1842,HALE,11378,April,2019,AL
1843,HENRY,12444,April,2019,AL
1844,HOUSTON,67919,April,2019,AL
1845,JACKSON,34998,April,2019,AL
1846,JEFFERSON,451197,April,2019,AL
1847,LAMAR,9979,April,2019,AL
1848,LAUDERDALE,59272,April,2019,AL
1849,LAWRENCE,23252,April,2019,AL
1850,LEE,102603,April,2019,AL
1851,LIMESTONE,61143,April,2019,AL
1852,LOWNDES,9347,April,2019,AL
1853,MACON,15393,April,2019,AL
1854,MADISON,248416,April,2019,AL
1855,MARENGO,14504,April,2019,AL
1856,MARION,19415,April,2019,AL
1857,MARSHALL,56317,April,2019,AL
1858,MOBILE,261108,April,2019,AL
1859,MONROE,15096,April,2019,AL
1860,MONTGOMERY,145367,April,2019,AL
1861,MORGAN,76765,April,2019,AL
1862,PERRY,7545,April,2019,AL
1863,PICKENS,13400,April,2019,AL
1864,PIKE,20236,April,2019,AL
1865,RANDOLPH,16114,April,2019,AL
1866,RUSSELL,35240,April,2019,AL
1867,SHELBY,142881,April,2019,AL
1868,ST_CLAIR,59883,April,2019,AL
1869,SUMTER,8760,April,2019,AL
1870,TALLADEGA,52250,April,2019,AL
1871,TALLAPOOSA,28302,April,2019,AL
1872,TUSCALOOSA,127517,April,2019,AL
1873,WALKER,44409,April,2019,AL
1874,WASHINGTON,12393,April,2019,AL
1875,WILCOX,8585,April,2019,AL
1876,WINSTON,15228,April,2019,AL
1877,AUTAUGA,37064,May,2019,AL
1878,BALDWIN,146490,May,2019,AL
1879,BARBOUR,15939,May,2019,AL
1880,BIBB,13437,May,2019,AL
1881,BLOUNT,37870,May,2019,AL
1882,BULLOCK,6808,May,2019,AL
1883,BUTLER,13368,May,2019,AL
1884,CALHOUN,70943,May,2019,AL
1885,CHAMBERS,22915,May,2019,AL
1886,CHEROKEE,17188,May,2019,AL
1887,CHILTON,26181,May,2019,AL
1888,CHOCTAW,10004,May,2019,AL
1889,CLARKE,18076,May,2019,AL
1890,CLAY,9618,May,2019,AL
1891,CLEBURNE,9734,May,2019,AL
1892,COFFEE,31208,May,2019,AL
1893,COLBERT,38979,May,2019,AL
1894,CONECUH,9285,May,2019,AL
1895,COOSA,7614,May,2019,AL
1896,COVINGTON,24784,May,2019,AL
1897,CRENSHAW,9604,May,2019,AL
1898,CULLMAN,55290,May,2019,AL
1899,DALE,30167,May,2019,AL
1900,DALLAS,29098,May,2019,AL
1901,DEKALB,40082,May,2019,AL
1902,ELMORE,53262,May,2019,AL
1903,ESCAMBIA,23859,May,2019,AL
1904,ETOWAH,68398,May,2019,AL
1905,FAYETTE,12047,May,2019,AL
1906,FRANKLIN,18061,May,2019,AL
1907,GENEVA,17792,May,2019,AL
1908,GREENE,6592,May,2019,AL
1909,HALE,11394,May,2019,AL
1910,HENRY,12489,May,2019,AL
1911,HOUSTON,68107,May,2019,AL
1912,JACKSON,35063,May,2019,AL
1913,JEFFERSON,452448,May,2019,AL
1914,LAMAR,10000,May,2019,AL
1915,LAUDERDALE,59399,May,2019,AL
1916,LAWRENCE,23308,May,2019,AL
1917,LEE,102911,May,2019,AL
1918,LIMESTONE,61413,May,2019,AL
1919,LOWNDES,9337,May,2019,AL
1920,MACON,15403,May,2019,AL
1921,MADISON,249208,May,2019,AL
1922,MARENGO,14528,May,2019,AL
1923,MARION,19455,May,2019,AL
1924,MARSHALL,56510,May,2019,AL
1925,MOBILE,262110,May,2019,AL
1926,MONROE,15142,May,2019,AL
1927,MONTGOMERY,145806,May,2019,AL
1928,MORGAN,77044,May,2019,AL
1929,PERRY,7551,May,2019,AL
1930,PICKENS,13374,May,2019,AL
1931,PIKE,20271,May,2019,AL
1932,RANDOLPH,16169,May,2019,AL
1933,RUSSELL,35410,May,2019,AL
1934,SHELBY,143286,May,2019,AL
1935,ST_CLAIR,60107,May,2019,AL
1936,SUMTER,8771,May,2019,AL
1937,TALLADEGA,52348,May,2019,AL
1938,TALLAPOOSA,28361,May,2019,AL
1939,TUSCALOOSA,127715,May,2019,AL
1940,WALKER,44409,May,2019,AL
1941,WASHINGTON,12437,May,2019,AL
1942,WILCOX,8576,May,2019,AL
1943,WINSTON,15253,May,2019,AL
1944,AUTAUGA,37228,June,2019,AL
1945,BALDWIN,147378,June,2019,AL
1946,BARBOUR,15971,June,2019,AL
1947,BIBB,13472,June,2019,AL
1948,BLOUNT,37958,June,2019,AL
1949,BULLOCK,6807,June,2019,AL
1950,BUTLER,13405,June,2019,AL
1951,CALHOUN,71179,June,2019,AL
1952,CHAMBERS,22991,June,2019,AL
1953,CHEROKEE,17270,June,2019,AL
1954,CHILTON,26195,June,2019,AL
1955,CHOCTAW,10026,June,2019,AL
1956,CLARKE,18104,June,2019,AL
1957,CLAY,9632,June,2019,AL
1958,CLEBURNE,9762,June,2019,AL
1959,COFFEE,31278,June,2019,AL
1960,COLBERT,39092,June,2019,AL
1961,CONECUH,9299,June,2019,AL
1962,COOSA,7608,June,2019,AL
1963,COVINGTON,24859,June,2019,AL
1964,CRENSHAW,9624,June,2019,AL
1965,CULLMAN,55442,June,2019,AL
1966,DALE,30296,June,2019,AL
1967,DALLAS,29136,June,2019,AL
1968,DEKALB,40168,June,2019,AL
1969,ELMORE,53426,June,2019,AL
1970,ESCAMBIA,23939,June,2019,AL
1971,ETOWAH,68576,June,2019,AL
1972,FAYETTE,12092,June,2019,AL
1973,FRANKLIN,18051,June,2019,AL
1974,GENEVA,17866,June,2019,AL
1975,GREENE,6604,June,2019,AL
1976,HALE,11408,June,2019,AL
1977,HENRY,12523,June,2019,AL
1978,HOUSTON,68503,June,2019,AL
1979,JACKSON,35212,June,2019,AL
1980,JEFFERSON,453401,June,2019,AL
1981,LAMAR,10008,June,2019,AL
1982,LAUDERDALE,59495,June,2019,AL
1983,LAWRENCE,23368,June,2019,AL
1984,LEE,103339,June,2019,AL
1985,LIMESTONE,61700,June,2019,AL
1986,LOWNDES,9342,June,2019,AL
1987,MACON,15450,June,2019,AL
1988,MADISON,250327,June,2019,AL
1989,MARENGO,14543,June,2019,AL
1990,MARION,19441,June,2019,AL
1991,MARSHALL,56758,June,2019,AL
1992,MOBILE,263369,June,2019,AL
1993,MONROE,15159,June,2019,AL
1994,MONTGOMERY,146334,June,2019,AL
1995,MORGAN,77378,June,2019,AL
1996,PERRY,7563,June,2019,AL
1997,PICKENS,13369,June,2019,AL
1998,PIKE,20320,June,2019,AL
1999,RANDOLPH,16243,June,2019,AL
2000,RUSSELL,35603,June,2019,AL
2001,SHELBY,143869,June,2019,AL
2002,ST_CLAIR,60398,June,2019,AL
2003,SUMTER,8790,June,2019,AL
2004,TALLADEGA,52563,June,2019,AL
2005,TALLAPOOSA,28431,June,2019,AL
2006,TUSCALOOSA,128243,June,2019,AL
2007,WALKER,44491,June,2019,AL
2008,WASHINGTON,12480,June,2019,AL
2009,WILCOX,8575,June,2019,AL
2010,WINSTON,15287,June,2019,AL
2011,AUTAUGA,37413,July,2019,AL
2012,BALDWIN,148190,July,2019,AL
2013,BARBOUR,16001,July,2019,AL
2014,BIBB,13486,July,2019,AL
2015,BLOUNT,38044,July,2019,AL
2016,BULLOCK,6811,July,2019,AL
2017,BUTLER,13429,July,2019,AL
2018,CALHOUN,71383,July,2019,AL
2019,CHAMBERS,23087,July,2019,AL
2020,CHEROKEE,17338,July,2019,AL
2021,CHILTON,26209,July,2019,AL
2022,CHOCTAW,10033,July,2019,AL
2023,CLARKE,18115,July,2019,AL
2024,CLAY,9652,July,2019,AL
2025,CLEBURNE,9791,July,2019,AL
2026,COFFEE,31411,July,2019,AL
2027,COLBERT,39265,July,2019,AL
2028,CONECUH,9298,July,2019,AL
2029,COOSA,7625,July,2019,AL
2030,COVINGTON,24911,July,2019,AL
2031,CRENSHAW,9634,July,2019,AL
2032,CULLMAN,55614,July,2019,AL
2033,DALE,30462,July,2019,AL
2034,DALLAS,29129,July,2019,AL
2035,DEKALB,40281,July,2019,AL
2036,ELMORE,53571,July,2019,AL
2037,ESCAMBIA,24024,July,2019,AL
2038,ETOWAH,68722,July,2019,AL
2039,FAYETTE,12116,July,2019,AL
2040,FRANKLIN,18121,July,2019,AL
2041,GENEVA,17924,July,2019,AL
2042,GREENE,6599,July,2019,AL
2043,HALE,11429,July,2019,AL
2044,HENRY,12539,July,2019,AL
2045,HOUSTON,68800,July,2019,AL
2046,JACKSON,35290,July,2019,AL
2047,JEFFERSON,454258,July,2019,AL
2048,LAMAR,10025,July,2019,AL
2049,LAUDERDALE,59650,July,2019,AL
2050,LAWRENCE,23415,July,2019,AL
2051,LEE,103853,July,2019,AL
2052,LIMESTONE,62036,July,2019,AL
2053,LOWNDES,9337,July,2019,AL
2054,MACON,15378,July,2019,AL
2055,MADISON,251474,July,2019,AL
2056,MARENGO,14557,July,2019,AL
2057,MARION,19199,July,2019,AL
2058,MARSHALL,56971,July,2019,AL
2059,MOBILE,264322,July,2019,AL
2060,MONROE,15200,July,2019,AL
2061,MONTGOMERY,146875,July,2019,AL
2062,MORGAN,77567,July,2019,AL
2063,PERRY,7568,July,2019,AL
2064,PICKENS,13354,July,2019,AL
2065,PIKE,20393,July,2019,AL
2066,RANDOLPH,16296,July,2019,AL
2067,RUSSELL,35796,July,2019,AL
2068,SHELBY,144405,July,2019,AL
2069,ST_CLAIR,60589,July,2019,AL
2070,SUMTER,8798,July,2019,AL
2071,TALLADEGA,52755,July,2019,AL
2072,TALLAPOOSA,28496,July,2019,AL
2073,TUSCALOOSA,128727,July,2019,AL
2074,WALKER,44571,July,2019,AL
2075,WASHINGTON,12524,July,2019,AL
2076,WILCOX,8568,July,2019,AL
2077,WINSTON,15319,July,2019,AL
2078,AUTAUGA,37606,August,2019,AL
2079,BALDWIN,149123,August,2019,AL
2080,BARBOUR,16039,August,2019,AL
2081,BIBB,13535,August,2019,AL
2082,BLOUNT,38175,August,2019,AL
2083,BULLOCK,6829,August,2019,AL
2084,BUTLER,13476,August,2019,AL
2085,CALHOUN,71648,August,2019,AL
2086,CHAMBERS,23188,August,2019,AL
2087,CHEROKEE,17415,August,2019,AL
2088,CHILTON,26202,August,2019,AL
2089,CHOCTAW,10030,August,2019,AL
2090,CLARKE,18155,August,2019,AL
2091,CLAY,9636,August,2019,AL
2092,CLEBURNE,9825,August,2019,AL
2093,COFFEE,31560,August,2019,AL
2094,COLBERT,39415,August,2019,AL
2095,CONECUH,9314,August,2019,AL
2096,COOSA,7638,August,2019,AL
2097,COVINGTON,24966,August,2019,AL
2098,CRENSHAW,9685,August,2019,AL
2099,CULLMAN,55798,August,2019,AL
2100,DALE,30588,August,2019,AL
2101,DALLAS,29183,August,2019,AL
2102,DEKALB,40432,August,2019,AL
2103,ELMORE,53762,August,2019,AL
2104,ESCAMBIA,24142,August,2019,AL
2105,ETOWAH,68922,August,2019,AL
2106,FAYETTE,12122,August,2019,AL
2107,FRANKLIN,18159,August,2019,AL
2108,GENEVA,17980,August,2019,AL
2109,GREENE,6606,August,2019,AL
2110,HALE,11452,August,2019,AL
2111,HENRY,12603,August,2019,AL
2112,HOUSTON,69227,August,2019,AL
2113,JACKSON,35262,August,2019,AL
2114,JEFFERSON,455838,August,2019,AL
2115,LAMAR,10041,August,2019,AL
2116,LAUDERDALE,59789,August,2019,AL
2117,LAWRENCE,23517,August,2019,AL
2118,LEE,104400,August,2019,AL
2119,LIMESTONE,62441,August,2019,AL
2120,LOWNDES,9347,August,2019,AL
2121,MACON,15418,August,2019,AL
2122,MADISON,252884,August,2019,AL
2123,MARENGO,14585,August,2019,AL
2124,MARION,19276,August,2019,AL
2125,MARSHALL,57273,August,2019,AL
2126,MOBILE,265609,August,2019,AL
2127,MONROE,15240,August,2019,AL
2128,MONTGOMERY,147114,August,2019,AL
2129,MORGAN,77790,August,2019,AL
2130,PERRY,7564,August,2019,AL
2131,PICKENS,13356,August,2019,AL
2132,PIKE,20253,August,2019,AL
2133,RANDOLPH,16366,August,2019,AL
2134,RUSSELL,35939,August,2019,AL
2135,SHELBY,145128,August,2019,AL
2136,ST_CLAIR,60824,August,2019,AL
2137,SUMTER,8809,August,2019,AL
2138,TALLADEGA,53046,August,2019,AL
2139,TALLAPOOSA,28580,August,2019,AL
2140,TUSCALOOSA,129272,August,2019,AL
2141,WALKER,44671,August,2019,AL
2142,WASHINGTON,12539,August,2019,AL
2143,WILCOX,8575,August,2019,AL
2144,WINSTON,15354,August,2019,AL
2145,AUTAUGA,37838,September,2019,AL
2146,BALDWIN,150229,September,2019,AL
2147,BARBOUR,16072,September,2019,AL
2148,BIBB,13583,September,2019,AL
2149,BLOUNT,38353,September,2019,AL
2150,BULLOCK,6831,September,2019,AL
2151,BUTLER,13503,September,2019,AL
2152,CALHOUN,71982,September,2019,AL
2153,CHAMBERS,23219,September,2019,AL
2154,CHEROKEE,17448,September,2019,AL
2155,CHILTON,26349,September,2019,AL
2156,CHOCTAW,10051,September,2019,AL
2157,CLARKE,18159,September,2019,AL
2158,CLAY,9653,September,2019,AL
2159,CLEBURNE,9880,September,2019,AL
2160,COFFEE,31659,September,2019,AL
2161,COLBERT,39461,September,2019,AL
2162,CONECUH,9301,September,2019,AL
2163,COOSA,7658,September,2019,AL
2164,COVINGTON,25078,September,2019,AL
2165,CRENSHAW,9708,September,2019,AL
2166,CULLMAN,56036,September,2019,AL
2167,DALE,30741,September,2019,AL
2168,DALLAS,29163,September,2019,AL
2169,DEKALB,40627,September,2019,AL
2170,ELMORE,53926,September,2019,AL
2171,ESCAMBIA,24242,September,2019,AL
2172,ETOWAH,69182,September,2019,AL
2173,FAYETTE,12160,September,2019,AL
2174,FRANKLIN,18214,September,2019,AL
2175,GENEVA,18048,September,2019,AL
2176,GREENE,6614,September,2019,AL
2177,HALE,11465,September,2019,AL
2178,HENRY,12624,September,2019,AL
2179,HOUSTON,69617,September,2019,AL
2180,JACKSON,35388,September,2019,AL
2181,JEFFERSON,457491,September,2019,AL
2182,LAMAR,10062,September,2019,AL
2183,LAUDERDALE,60167,September,2019,AL
2184,LAWRENCE,23616,September,2019,AL
2185,LEE,104969,September,2019,AL
2186,LIMESTONE,62862,September,2019,AL
2187,LOWNDES,9337,September,2019,AL
2188,MACON,15538,September,2019,AL
2189,MADISON,254847,September,2019,AL
2190,MARENGO,14600,September,2019,AL
2191,MARION,19340,September,2019,AL
2192,MARSHALL,57592,September,2019,AL
2193,MOBILE,266937,September,2019,AL
2194,MONROE,15264,September,2019,AL
2195,MONTGOMERY,148447,September,2019,AL
2196,MORGAN,78050,September,2019,AL
2197,PERRY,7548,September,2019,AL
2198,PICKENS,13369,September,2019,AL
2199,PIKE,20285,September,2019,AL
2200,RANDOLPH,16414,September,2019,AL
2201,RUSSELL,36159,September,2019,AL
2202,SHELBY,145752,September,2019,AL
2203,ST_CLAIR,61142,September,2019,AL
2204,SUMTER,8831,September,2019,AL
2205,TALLADEGA,53235,September,2019,AL
2206,TALLAPOOSA,28637,September,2019,AL
2207,TUSCALOOSA,130078,September,2019,AL
2208,WALKER,44820,September,2019,AL
2209,WASHINGTON,12568,September,2019,AL
2210,WILCOX,8582,September,2019,AL
2211,WINSTON,15391,September,2019,AL
2212,AUTAUGA,37908,October,2019,AL
2213,BALDWIN,151102,October,2019,AL
2214,BARBOUR,16095,October,2019,AL
2215,BIBB,13617,October,2019,AL
2216,BLOUNT,38455,October,2019,AL
2217,BULLOCK,6825,October,2019,AL
2218,BUTLER,13530,October,2019,AL
2219,CALHOUN,72245,October,2019,AL
2220,CHAMBERS,23282,October,2019,AL
2221,CHEROKEE,17504,October,2019,AL
2222,CHILTON,26384,October,2019,AL
2223,CHOCTAW,10056,October,2019,AL
2224,CLARKE,18174,October,2019,AL
2225,CLAY,9672,October,2019,AL
2226,CLEBURNE,9916,October,2019,AL
2227,COFFEE,31753,October,2019,AL
2228,COLBERT,39636,October,2019,AL
2229,CONECUH,9322,October,2019,AL
2230,COOSA,7693,October,2019,AL
2231,COVINGTON,25149,October,2019,AL
2232,CRENSHAW,9716,October,2019,AL
2233,CULLMAN,56289,October,2019,AL
2234,DALE,30834,October,2019,AL
2235,DALLAS,29177,October,2019,AL
2236,DEKALB,40741,October,2019,AL
2237,ELMORE,53991,October,2019,AL
2238,ESCAMBIA,24309,October,2019,AL
2239,ETOWAH,69358,October,2019,AL
2240,FAYETTE,12178,October,2019,AL
2241,FRANKLIN,18253,October,2019,AL
2242,GENEVA,18126,October,2019,AL
2243,GREENE,6621,October,2019,AL
2244,HALE,11467,October,2019,AL
2245,HENRY,12662,October,2019,AL
2246,HOUSTON,69862,October,2019,AL
2247,JACKSON,35477,October,2019,AL
2248,JEFFERSON,458322,October,2019,AL
2249,LAMAR,10083,October,2019,AL
2250,LAUDERDALE,60397,October,2019,AL
2251,LAWRENCE,23713,October,2019,AL
2252,LEE,105484,October,2019,AL
2253,LIMESTONE,63185,October,2019,AL
2254,LOWNDES,9334,October,2019,AL
2255,MACON,15595,October,2019,AL
2256,MADISON,256083,October,2019,AL
2257,MARENGO,14623,October,2019,AL
2258,MARION,19415,October,2019,AL
2259,MARSHALL,57884,October,2019,AL
2260,MOBILE,268026,October,2019,AL
2261,MONROE,15331,October,2019,AL
2262,MONTGOMERY,149199,October,2019,AL
2263,MORGAN,78340,October,2019,AL
2264,PERRY,7540,October,2019,AL
2265,PICKENS,13440,October,2019,AL
2266,PIKE,20255,October,2019,AL
2267,RANDOLPH,16467,October,2019,AL
2268,RUSSELL,36287,October,2019,AL
2269,SHELBY,146243,October,2019,AL
2270,ST_CLAIR,61420,October,2019,AL
2271,SUMTER,8849,October,2019,AL
2272,TALLADEGA,53473,October,2019,AL
2273,TALLAPOOSA,28702,October,2019,AL
2274,TUSCALOOSA,130677,October,2019,AL
2275,WALKER,44912,October,2019,AL
2276,WASHINGTON,12585,October,2019,AL
2277,WILCOX,8583,October,2019,AL
2278,WINSTON,15430,October,2019,AL
2279,AUTAUGA,38102,November,2019,AL
2280,BALDWIN,151712,November,2019,AL
2281,BARBOUR,16133,November,2019,AL
2282,BIBB,13652,November,2019,AL
2283,BLOUNT,38532,November,2019,AL
2284,BULLOCK,6816,November,2019,AL
2285,BUTLER,13569,November,2019,AL
2286,CALHOUN,72421,November,2019,AL
2287,CHAMBERS,23357,November,2019,AL
2288,CHEROKEE,17582,November,2019,AL
2289,CHILTON,26457,November,2019,AL
2290,CHOCTAW,10068,November,2019,AL
2291,CLARKE,18230,November,2019,AL
2292,CLAY,9683,November,2019,AL
2293,CLEBURNE,9947,November,2019,AL
2294,COFFEE,31840,November,2019,AL
2295,COLBERT,39702,November,2019,AL
2296,CONECUH,9333,November,2019,AL
2297,COOSA,7708,November,2019,AL
2298,COVINGTON,25239,November,2019,AL
2299,CRENSHAW,9744,November,2019,AL
2300,CULLMAN,56459,November,2019,AL
2301,DALE,30984,November,2019,AL
2302,DALLAS,29196,November,2019,AL
2303,DEKALB,40804,November,2019,AL
2304,ELMORE,54112,November,2019,AL
2305,ESCAMBIA,24380,November,2019,AL
2306,ETOWAH,69484,November,2019,AL
2307,FAYETTE,12202,November,2019,AL
2308,FRANKLIN,18306,November,2019,AL
2309,GENEVA,18183,November,2019,AL
2310,GREENE,6627,November,2019,AL
2311,HALE,11477,November,2019,AL
2312,HENRY,12683,November,2019,AL
2313,HOUSTON,70131,November,2019,AL
2314,JACKSON,35546,November,2019,AL
2315,JEFFERSON,459305,November,2019,AL
2316,LAMAR,10121,November,2019,AL
2317,LAUDERDALE,60573,November,2019,AL
2318,LAWRENCE,23765,November,2019,AL
2319,LEE,105899,November,2019,AL
2320,LIMESTONE,63456,November,2019,AL
2321,LOWNDES,9340,November,2019,AL
2322,MACON,15615,November,2019,AL
2323,MADISON,257389,November,2019,AL
2324,MARENGO,14648,November,2019,AL
2325,MARION,19475,November,2019,AL
2326,MARSHALL,58026,November,2019,AL
2327,MOBILE,268815,November,2019,AL
2328,MONROE,15355,November,2019,AL
2329,MONTGOMERY,149466,November,2019,AL
2330,MORGAN,78483,November,2019,AL
2331,PERRY,7528,November,2019,AL
2332,PICKENS,13438,November,2019,AL
2333,PIKE,20255,November,2019,AL
2334,RANDOLPH,16507,November,2019,AL
2335,RUSSELL,36414,November,2019,AL
2336,SHELBY,146797,November,2019,AL
2337,ST_CLAIR,61550,November,2019,AL
2338,SUMTER,8844,November,2019,AL
2339,TALLADEGA,53712,November,2019,AL
2340,TALLAPOOSA,28744,November,2019,AL
2341,TUSCALOOSA,131123,November,2019,AL
2342,WALKER,45034,November,2019,AL
2343,WASHINGTON,12599,November,2019,AL
2344,WILCOX,8593,November,2019,AL
2345,WINSTON,15444,November,2019,AL
2346,AUTAUGA,38219,December,2019,AL
2347,BALDWIN,152499,December,2019,AL
2348,BARBOUR,16159,December,2019,AL
2349,BIBB,13674,December,2019,AL
2350,BLOUNT,38617,December,2019,AL
2351,BULLOCK,6821,December,2019,AL
2352,BUTLER,13576,December,2019,AL
2353,CALHOUN,72647,December,2019,AL
2354,CHAMBERS,23445,December,2019,AL
2355,CHEROKEE,17631,December,2019,AL
2356,CHILTON,26499,December,2019,AL
2357,CHOCTAW,10057,December,2019,AL
2358,CLARKE,18255,December,2019,AL
2359,CLAY,9695,December,2019,AL
2360,CLEBURNE,9957,December,2019,AL
2361,COFFEE,31903,December,2019,AL
2362,COLBERT,39771,December,2019,AL
2363,CONECUH,9345,December,2019,AL
2364,COOSA,7741,December,2019,AL
2365,COVINGTON,25303,December,2019,AL
2366,CRENSHAW,9757,December,2019,AL
2367,CULLMAN,56090,December,2019,AL
2368,DALE,31073,December,2019,AL
2369,DALLAS,29180,December,2019,AL
2370,DEKALB,40915,December,2019,AL
2371,ELMORE,54246,December,2019,AL
2372,ESCAMBIA,24427,December,2019,AL
2373,ETOWAH,69614,December,2019,AL
2374,FAYETTE,12221,December,2019,AL
2375,FRANKLIN,18370,December,2019,AL
2376,GENEVA,18245,December,2019,AL
2377,GREENE,6636,December,2019,AL
2378,HALE,11475,December,2019,AL
2379,HENRY,12719,December,2019,AL
2380,HOUSTON,70035,December,2019,AL
2381,JACKSON,35605,December,2019,AL
2382,JEFFERSON,460682,December,2019,AL
2383,LAMAR,10133,December,2019,AL
2384,LAUDERDALE,60681,December,2019,AL
2385,LAWRENCE,23741,December,2019,AL
2386,LEE,106313,December,2019,AL
2387,LIMESTONE,63747,December,2019,AL
2388,LOWNDES,9335,December,2019,AL
2389,MACON,15620,December,2019,AL
2390,MADISON,258424,December,2019,AL
2391,MARENGO,14695,December,2019,AL
2392,MARION,19543,December,2019,AL
2393,MARSHALL,58488,December,2019,AL
2394,MOBILE,269793,December,2019,AL
2395,MONROE,15377,December,2019,AL
2396,MONTGOMERY,149747,December,2019,AL
2397,MORGAN,78700,December,2019,AL
2398,PERRY,7517,December,2019,AL
2399,PICKENS,13436,December,2019,AL
2400,PIKE,20214,December,2019,AL
2401,RANDOLPH,16535,December,2019,AL
2402,RUSSELL,36567,December,2019,AL
2403,SHELBY,147322,December,2019,AL
2404,ST_CLAIR,61668,December,2019,AL
2405,SUMTER,8840,December,2019,AL
2406,TALLADEGA,53768,December,2019,AL
2407,TALLAPOOSA,28709,December,2019,AL
2408,TUSCALOOSA,131346,December,2019,AL
2409,WALKER,45068,December,2019,AL
2410,WASHINGTON,12606,December,2019,AL
2411,WILCOX,8610,December,2019,AL
2412,WINSTON,15498,December,2019,AL
2413,AUTAUGA,38351,January,2020,AL
2414,BALDWIN,153493,January,2020,AL
2415,BARBOUR,16180,January,2020,AL
2416,BIBB,13724,January,2020,AL
2417,BLOUNT,38714,January,2020,AL
2418,BULLOCK,6819,January,2020,AL
2419,BUTLER,13508,January,2020,AL
2420,CALHOUN,72881,January,2020,AL
2421,CHAMBERS,23549,January,2020,AL
2422,CHEROKEE,17703,January,2020,AL
2423,CHILTON,26577,January,2020,AL
2424,CHOCTAW,10095,January,2020,AL
2425,CLARKE,18252,January,2020,AL
2426,CLAY,9752,January,2020,AL
2427,CLEBURNE,10027,January,2020,AL
2428,COFFEE,32042,January,2020,AL
2429,COLBERT,39995,January,2020,AL
2430,CONECUH,9383,January,2020,AL
2431,COOSA,7738,January,2020,AL
2432,COVINGTON,25366,January,2020,AL
2433,CRENSHAW,9784,January,2020,AL
2434,CULLMAN,56419,January,2020,AL
2435,DALE,31198,January,2020,AL
2436,DALLAS,29246,January,2020,AL
2437,DEKALB,41062,January,2020,AL
2438,ELMORE,54513,January,2020,AL
2439,ESCAMBIA,24506,January,2020,AL
2440,ETOWAH,69791,January,2020,AL
2441,FAYETTE,12249,January,2020,AL
2442,FRANKLIN,18401,January,2020,AL
2443,GENEVA,18187,January,2020,AL
2444,GREENE,6638,January,2020,AL
2445,HALE,11508,January,2020,AL
2446,HENRY,12773,January,2020,AL
2447,HOUSTON,70396,January,2020,AL
2448,JACKSON,35769,January,2020,AL
2449,JEFFERSON,461287,January,2020,AL
2450,LAMAR,10173,January,2020,AL
2451,LAUDERDALE,60927,January,2020,AL
2452,LAWRENCE,23810,January,2020,AL
2453,LEE,106894,January,2020,AL
2454,LIMESTONE,64069,January,2020,AL
2455,LOWNDES,9390,January,2020,AL
2456,MACON,15192,January,2020,AL
2457,MADISON,257989,January,2020,AL
2458,MARENGO,14725,January,2020,AL
2459,MARION,19616,January,2020,AL
2460,MARSHALL,58710,January,2020,AL
2461,MOBILE,270645,January,2020,AL
2462,MONROE,15437,January,2020,AL
2463,MONTGOMERY,150104,January,2020,AL
2464,MORGAN,78920,January,2020,AL
2465,PERRY,7558,January,2020,AL
2466,PICKENS,13474,January,2020,AL
2467,PIKE,20251,January,2020,AL
2468,RANDOLPH,16618,January,2020,AL
2469,RUSSELL,36730,January,2020,AL
2470,SHELBY,147966,January,2020,AL
2471,ST_CLAIR,61736,January,2020,AL
2472,SUMTER,8849,January,2020,AL
2473,TALLADEGA,53923,January,2020,AL
2474,TALLAPOOSA,28744,January,2020,AL
2475,TUSCALOOSA,131795,January,2020,AL
2476,WALKER,45146,January,2020,AL
2477,WASHINGTON,12645,January,2020,AL
2478,WILCOX,8615,January,2020,AL
2479,WINSTON,15563,January,2020,AL
2480,AUTAUGA,38569,February,2020,AL
2481,BALDWIN,154456,February,2020,AL
2482,BARBOUR,16278,February,2020,AL
2483,BIBB,13818,February,2020,AL
2484,BLOUNT,38910,February,2020,AL
2485,BULLOCK,6832,February,2020,AL
2486,BUTLER,13572,February,2020,AL
2487,CALHOUN,73359,February,2020,AL
2488,CHAMBERS,23681,February,2020,AL
2489,CHEROKEE,17819,February,2020,AL
2490,CHILTON,26740,February,2020,AL
2491,CHOCTAW,10124,February,2020,AL
2492,CLARKE,18283,February,2020,AL
2493,CLAY,9834,February,2020,AL
2494,CLEBURNE,10080,February,2020,AL
2495,COFFEE,32185,February,2020,AL
2496,COLBERT,40198,February,2020,AL
2497,CONECUH,9433,February,2020,AL
2498,COOSA,7769,February,2020,AL
2499,COVINGTON,25488,February,2020,AL
2500,CRENSHAW,9841,February,2020,AL
2501,CULLMAN,56884,February,2020,AL
2502,DALE,31361,February,2020,AL
2503,DALLAS,29334,February,2020,AL
2504,DEKALB,41310,February,2020,AL
2505,ELMORE,54882,February,2020,AL
2506,ESCAMBIA,24609,February,2020,AL
2507,ETOWAH,70067,February,2020,AL
2508,FAYETTE,12301,February,2020,AL
2509,FRANKLIN,18498,February,2020,AL
2510,GENEVA,18142,February,2020,AL
2511,GREENE,6633,February,2020,AL
2512,HALE,11543,February,2020,AL
2513,HENRY,12856,February,2020,AL
2514,HOUSTON,70762,February,2020,AL
2515,JACKSON,35925,February,2020,AL
2516,JEFFERSON,462890,February,2020,AL
2517,LAMAR,10202,February,2020,AL
2518,LAUDERDALE,61347,February,2020,AL
2519,LAWRENCE,23872,February,2020,AL
2520,LEE,107691,February,2020,AL
2521,LIMESTONE,64624,February,2020,AL
2522,LOWNDES,9480,February,2020,AL
2523,MACON,15221,February,2020,AL
2524,MADISON,260120,February,2020,AL
2525,MARENGO,14762,February,2020,AL
2526,MARION,19691,February,2020,AL
2527,MARSHALL,59036,February,2020,AL
2528,MOBILE,272438,February,2020,AL
2529,MONROE,15505,February,2020,AL
2530,MONTGOMERY,150397,February,2020,AL
2531,MORGAN,79456,February,2020,AL
2532,PERRY,7594,February,2020,AL
2533,PICKENS,13505,February,2020,AL
2534,PIKE,20366,February,2020,AL
2535,RANDOLPH,16671,February,2020,AL
2536,RUSSELL,36938,February,2020,AL
2537,SHELBY,148872,February,2020,AL
2538,ST_CLAIR,61979,February,2020,AL
2539,SUMTER,8879,February,2020,AL
2540,TALLADEGA,54171,February,2020,AL
2541,TALLAPOOSA,28947,February,2020,AL
2542,TUSCALOOSA,132367,February,2020,AL
2543,WALKER,45366,February,2020,AL
2544,WASHINGTON,12719,February,2020,AL
2545,WILCOX,8661,February,2020,AL
2546,WINSTON,15663,February,2020,AL
2547,AUTAUGA,38871,March,2020,AL
2548,BALDWIN,155775,March,2020,AL
2549,BARBOUR,16358,March,2020,AL
2550,BIBB,13912,March,2020,AL
2551,BLOUNT,39103,March,2020,AL
2552,BULLOCK,6874,March,2020,AL
2553,BUTLER,13622,March,2020,AL
2554,CALHOUN,73756,March,2020,AL
2555,CHAMBERS,23802,March,2020,AL
2556,CHEROKEE,17939,March,2020,AL
2557,CHILTON,26829,March,2020,AL
2558,CHOCTAW,10155,March,2020,AL
2559,CLARKE,18338,March,2020,AL
2560,CLAY,9878,March,2020,AL
2561,CLEBURNE,10152,March,2020,AL
2562,COFFEE,32445,March,2020,AL
2563,COLBERT,40127,March,2020,AL
2564,CONECUH,9471,March,2020,AL
2565,COOSA,7776,March,2020,AL
2566,COVINGTON,25641,March,2020,AL
2567,CRENSHAW,9904,March,2020,AL
2568,CULLMAN,57257,March,2020,AL
2569,DALE,31592,March,2020,AL
2570,DALLAS,29446,March,2020,AL
2571,DEKALB,41564,March,2020,AL
2572,ELMORE,55203,March,2020,AL
2573,ESCAMBIA,24718,March,2020,AL
2574,ETOWAH,70477,March,2020,AL
2575,FAYETTE,12322,March,2020,AL
2576,FRANKLIN,18611,March,2020,AL
2577,GENEVA,18274,March,2020,AL
2578,GREENE,6635,March,2020,AL
2579,HALE,11595,March,2020,AL
2580,HENRY,12943,March,2020,AL
2581,HOUSTON,71318,March,2020,AL
2582,JACKSON,36109,March,2020,AL
2583,JEFFERSON,465196,March,2020,AL
2584,LAMAR,10269,March,2020,AL
2585,LAUDERDALE,61855,March,2020,AL
2586,LAWRENCE,23958,March,2020,AL
2587,LEE,108415,March,2020,AL
2588,LIMESTONE,65145,March,2020,AL
2589,LOWNDES,9532,March,2020,AL
2590,MACON,15326,March,2020,AL
2591,MADISON,262595,March,2020,AL
2592,MARENGO,14842,March,2020,AL
2593,MARION,19876,March,2020,AL
2594,MARSHALL,59356,March,2020,AL
2595,MOBILE,274842,March,2020,AL
2596,MONROE,15533,March,2020,AL
2597,MONTGOMERY,150947,March,2020,AL
2598,MORGAN,79959,March,2020,AL
2599,PERRY,7620,March,2020,AL
2600,PICKENS,13522,March,2020,AL
2601,PIKE,20502,March,2020,AL
2602,RANDOLPH,16766,March,2020,AL
2603,RUSSELL,36546,March,2020,AL
2604,SHELBY,149938,March,2020,AL
2605,ST_CLAIR,62420,March,2020,AL
2606,SUMTER,8896,March,2020,AL
2607,TALLADEGA,54395,March,2020,AL
2608,TALLAPOOSA,29056,March,2020,AL
2609,TUSCALOOSA,133371,March,2020,AL
2610,WALKER,45479,March,2020,AL
2611,WASHINGTON,12806,March,2020,AL
2612,WILCOX,8679,March,2020,AL
2613,WINSTON,15785,March,2020,AL
2614,AUTAUGA,38863,April,2020,AL
2615,BALDWIN,155752,April,2020,AL
2616,BARBOUR,16354,April,2020,AL
2617,BIBB,13903,April,2020,AL
2618,BLOUNT,39146,April,2020,AL
2619,BULLOCK,6868,April,2020,AL
2620,BUTLER,13625,April,2020,AL
2621,CALHOUN,73717,April,2020,AL
2622,CHAMBERS,23762,April,2020,AL
2623,CHEROKEE,17920,April,2020,AL
2624,CHILTON,26751,April,2020,AL
2625,CHOCTAW,10162,April,2020,AL
2626,CLARKE,18332,April,2020,AL
2627,CLAY,9870,April,2020,AL
2628,CLEBURNE,10160,April,2020,AL
2629,COFFEE,32445,April,2020,AL
2630,COLBERT,40363,April,2020,AL
2631,CONECUH,9463,April,2020,AL
2632,COOSA,7768,April,2020,AL
2633,COVINGTON,25631,April,2020,AL
2634,CRENSHAW,9899,April,2020,AL
2635,CULLMAN,57237,April,2020,AL
2636,DALE,31576,April,2020,AL
2637,DALLAS,29435,April,2020,AL
2638,DEKALB,41547,April,2020,AL
2639,ELMORE,55195,April,2020,AL
2640,ESCAMBIA,24703,April,2020,AL
2641,ETOWAH,70471,April,2020,AL
2642,FAYETTE,12309,April,2020,AL
2643,FRANKLIN,18593,April,2020,AL
2644,GENEVA,18262,April,2020,AL
2645,GREENE,6616,April,2020,AL
2646,HALE,11586,April,2020,AL
2647,HENRY,12940,April,2020,AL
2648,HOUSTON,71313,April,2020,AL
2649,JACKSON,36130,April,2020,AL
2650,JEFFERSON,465095,April,2020,AL
2651,LAMAR,10268,April,2020,AL
2652,LAUDERDALE,61862,April,2020,AL
2653,LAWRENCE,23936,April,2020,AL
2654,LEE,108453,April,2020,AL
2655,LIMESTONE,64823,April,2020,AL
2656,LOWNDES,9529,April,2020,AL
2657,MACON,15323,April,2020,AL
2658,MADISON,262623,April,2020,AL
2659,MARENGO,14821,April,2020,AL
2660,MARION,19854,April,2020,AL
2661,MARSHALL,59322,April,2020,AL
2662,MOBILE,274760,April,2020,AL
2663,MONROE,15524,April,2020,AL
2664,MONTGOMERY,150891,April,2020,AL
2665,MORGAN,79946,April,2020,AL
2666,PERRY,7600,April,2020,AL
2667,PICKENS,13509,April,2020,AL
2668,PIKE,20477,April,2020,AL
2669,RANDOLPH,16772,April,2020,AL
2670,RUSSELL,36533,April,2020,AL
2671,SHELBY,150059,April,2020,AL
2672,ST_CLAIR,62472,April,2020,AL
2673,SUMTER,8879,April,2020,AL
2674,TALLADEGA,54389,April,2020,AL
2675,TALLAPOOSA,29048,April,2020,AL
2676,TUSCALOOSA,133425,April,2020,AL
2677,WALKER,45556,April,2020,AL
2678,WASHINGTON,12803,April,2020,AL
2679,WILCOX,8675,April,2020,AL
2680,WINSTON,15786,April,2020,AL
2681,AUTAUGA,38989,May,2020,AL
2682,BALDWIN,156026,May,2020,AL
2683,BARBOUR,16356,May,2020,AL
2684,BIBB,13933,May,2020,AL
2685,BLOUNT,39194,May,2020,AL
2686,BULLOCK,6861,May,2020,AL
2687,BUTLER,13623,May,2020,AL
2688,CALHOUN,73865,May,2020,AL
2689,CHAMBERS,23771,May,2020,AL
2690,CHEROKEE,17958,May,2020,AL
2691,CHILTON,26764,May,2020,AL
2692,CHOCTAW,10147,May,2020,AL
2693,CLARKE,18329,May,2020,AL
2694,CLAY,9882,May,2020,AL
2695,CLEBURNE,10184,May,2020,AL
2696,COFFEE,32506,May,2020,AL
2697,COLBERT,40415,May,2020,AL
2698,CONECUH,9467,May,2020,AL
2699,COOSA,7773,May,2020,AL
2700,COVINGTON,25694,May,2020,AL
2701,CRENSHAW,9896,May,2020,AL
2702,CULLMAN,57325,May,2020,AL
2703,DALE,31639,May,2020,AL
2704,DALLAS,29426,May,2020,AL
2705,DEKALB,41553,May,2020,AL
2706,ELMORE,55349,May,2020,AL
2707,ESCAMBIA,24758,May,2020,AL
2708,ETOWAH,70561,May,2020,AL
2709,FAYETTE,12316,May,2020,AL
2710,FRANKLIN,18629,May,2020,AL
2711,GENEVA,18302,May,2020,AL
2712,GREENE,6601,May,2020,AL
2713,HALE,11589,May,2020,AL
2714,HENRY,12953,May,2020,AL
2715,HOUSTON,71414,May,2020,AL
2716,JACKSON,36176,May,2020,AL
2717,JEFFERSON,465638,May,2020,AL
2718,LAMAR,10274,May,2020,AL
2719,LAUDERDALE,61950,May,2020,AL
2720,LAWRENCE,23967,May,2020,AL
2721,LEE,108709,May,2020,AL
2722,LIMESTONE,64993,May,2020,AL
2723,LOWNDES,9515,May,2020,AL
2724,MACON,15270,May,2020,AL
2725,MADISON,263582,May,2020,AL
2726,MARENGO,14834,May,2020,AL
2727,MARION,19902,May,2020,AL
2728,MARSHALL,59350,May,2020,AL
2729,MOBILE,275181,May,2020,AL
2730,MONROE,15539,May,2020,AL
2731,MONTGOMERY,151290,May,2020,AL
2732,MORGAN,80142,May,2020,AL
2733,PERRY,7590,May,2020,AL
2734,PICKENS,13523,May,2020,AL
2735,PIKE,20514,May,2020,AL
2736,RANDOLPH,16792,May,2020,AL
2737,RUSSELL,36639,May,2020,AL
2738,SHELBY,150316,May,2020,AL
2739,ST_CLAIR,62599,May,2020,AL
2740,SUMTER,8862,May,2020,AL
2741,TALLADEGA,54418,May,2020,AL
2742,TALLAPOOSA,29100,May,2020,AL
2743,TUSCALOOSA,133567,May,2020,AL
2744,WALKER,45518,May,2020,AL
2745,WASHINGTON,12814,May,2020,AL
2746,WILCOX,8662,May,2020,AL
2747,WINSTON,15808,May,2020,AL
2748,AUTAUGA,39249,June,2020,AL
2749,BALDWIN,157087,June,2020,AL
2750,BARBOUR,16380,June,2020,AL
2751,BIBB,13973,June,2020,AL
2752,BLOUNT,39337,June,2020,AL
2753,BULLOCK,6856,June,2020,AL
2754,BUTLER,13620,June,2020,AL
2755,CALHOUN,74134,June,2020,AL
2756,CHAMBERS,23886,June,2020,AL
2757,CHEROKEE,18037,June,2020,AL
2758,CHILTON,26861,June,2020,AL
2759,CHOCTAW,10171,June,2020,AL
2760,CLARKE,18368,June,2020,AL
2761,CLAY,9898,June,2020,AL
2762,CLEBURNE,10226,June,2020,AL
2763,COFFEE,32642,June,2020,AL
2764,COLBERT,40502,June,2020,AL
2765,CONECUH,9493,June,2020,AL
2766,COOSA,7779,June,2020,AL
2767,COVINGTON,25833,June,2020,AL
2768,CRENSHAW,9919,June,2020,AL
2769,CULLMAN,57538,June,2020,AL
2770,DALE,31784,June,2020,AL
2771,DALLAS,29456,June,2020,AL
2772,DEKALB,41706,June,2020,AL
2773,ELMORE,55618,June,2020,AL
2774,ESCAMBIA,24894,June,2020,AL
2775,ETOWAH,70685,June,2020,AL
2776,FAYETTE,12345,June,2020,AL
2777,FRANKLIN,18667,June,2020,AL
2778,GENEVA,18378,June,2020,AL
2779,GREENE,6600,June,2020,AL
2780,HALE,11605,June,2020,AL
2781,HENRY,12986,June,2020,AL
2782,HOUSTON,71771,June,2020,AL
2783,JACKSON,36262,June,2020,AL
2784,JEFFERSON,467386,June,2020,AL
2785,LAMAR,10286,June,2020,AL
2786,LAUDERDALE,62025,June,2020,AL
2787,LAWRENCE,24022,June,2020,AL
2788,LEE,109407,June,2020,AL
2789,LIMESTONE,65512,June,2020,AL
2790,LOWNDES,9519,June,2020,AL
2791,MACON,15191,June,2020,AL
2792,MADISON,265567,June,2020,AL
2793,MARENGO,14853,June,2020,AL
2794,MARION,19949,June,2020,AL
2795,MARSHALL,59625,June,2020,AL
2796,MOBILE,276589,June,2020,AL
2797,MONROE,15578,June,2020,AL
2798,MONTGOMERY,151787,June,2020,AL
2799,MORGAN,80388,June,2020,AL
2800,PERRY,7602,June,2020,AL
2801,PICKENS,13554,June,2020,AL
2802,PIKE,20624,June,2020,AL
2803,RANDOLPH,16838,June,2020,AL
2804,RUSSELL,36917,June,2020,AL
2805,SHELBY,151159,June,2020,AL
2806,ST_CLAIR,62933,June,2020,AL
2807,SUMTER,8854,June,2020,AL
2808,TALLADEGA,54569,June,2020,AL
2809,TALLAPOOSA,29223,June,2020,AL
2810,TUSCALOOSA,134132,June,2020,AL
2811,WALKER,45591,June,2020,AL
2812,WASHINGTON,12820,June,2020,AL
2813,WILCOX,8658,June,2020,AL
2814,WINSTON,15839,June,2020,AL
2815,AUTAUGA,39564,July,2020,AL
2816,BALDWIN,158534,July,2020,AL
2817,BARBOUR,16454,July,2020,AL
2818,BIBB,14018,July,2020,AL
2819,BLOUNT,39573,July,2020,AL
2820,BULLOCK,6858,July,2020,AL
2821,BUTLER,13569,July,2020,AL
2822,CALHOUN,74655,July,2020,AL
2823,CHAMBERS,23955,July,2020,AL
2824,CHEROKEE,18149,July,2020,AL
2825,CHILTON,26973,July,2020,AL
2826,CHOCTAW,10193,July,2020,AL
2827,CLARKE,18402,July,2020,AL
2828,CLAY,9904,July,2020,AL
2829,CLEBURNE,10273,July,2020,AL
2830,COFFEE,32919,July,2020,AL
2831,COLBERT,40743,July,2020,AL
2832,CONECUH,9514,July,2020,AL
2833,COOSA,7796,July,2020,AL
2834,COVINGTON,25882,July,2020,AL
2835,CRENSHAW,9950,July,2020,AL
2836,CULLMAN,57984,July,2020,AL
2837,DALE,31978,July,2020,AL
2838,DALLAS,29535,July,2020,AL
2839,DEKALB,41952,July,2020,AL
2840,ELMORE,56054,July,2020,AL
2841,ESCAMBIA,25033,July,2020,AL
2842,ETOWAH,70610,July,2020,AL
2843,FAYETTE,12371,July,2020,AL
2844,FRANKLIN,18760,July,2020,AL
2845,GENEVA,18436,July,2020,AL
2846,GREENE,6608,July,2020,AL
2847,HALE,11612,July,2020,AL
2848,HENRY,13046,July,2020,AL
2849,HOUSTON,72255,July,2020,AL
2850,JACKSON,36459,July,2020,AL
2851,JEFFERSON,469241,July,2020,AL
2852,LAMAR,10328,July,2020,AL
2853,LAUDERDALE,61964,July,2020,AL
2854,LAWRENCE,24118,July,2020,AL
2855,LEE,109890,July,2020,AL
2856,LIMESTONE,66039,July,2020,AL
2857,LOWNDES,9538,July,2020,AL
2858,MACON,15220,July,2020,AL
2859,MADISON,267890,July,2020,AL
2860,MARENGO,14897,July,2020,AL
2861,MARION,20073,July,2020,AL
2862,MARSHALL,60010,July,2020,AL
2863,MOBILE,278467,July,2020,AL
2864,MONROE,15590,July,2020,AL
2865,MONTGOMERY,152293,July,2020,AL
2866,MORGAN,80362,July,2020,AL
2867,PERRY,7625,July,2020,AL
2868,PICKENS,13564,July,2020,AL
2869,PIKE,20702,July,2020,AL
2870,RANDOLPH,16932,July,2020,AL
2871,RUSSELL,37144,July,2020,AL
2872,SHELBY,152370,July,2020,AL
2873,ST_CLAIR,63492,July,2020,AL
2874,SUMTER,8869,July,2020,AL
2875,TALLADEGA,54842,July,2020,AL
2876,TALLAPOOSA,29400,July,2020,AL
2877,TUSCALOOSA,134826,July,2020,AL
2878,WALKER,45524,July,2020,AL
2879,WASHINGTON,12858,July,2020,AL
2880,WILCOX,8675,July,2020,AL
2881,WINSTON,15900,July,2020,AL
2882,AUTAUGA,39773,August,2020,AL
2883,BALDWIN,160432,August,2020,AL
2884,BARBOUR,16576,August,2020,AL
2885,BIBB,14057,August,2020,AL
2886,BLOUNT,39769,August,2020,AL
2887,BULLOCK,6866,August,2020,AL
2888,BUTLER,13576,August,2020,AL
2889,CALHOUN,75189,August,2020,AL
2890,CHAMBERS,24012,August,2020,AL
2891,CHEROKEE,18257,August,2020,AL
2892,CHILTON,27115,August,2020,AL
2893,CHOCTAW,10227,August,2020,AL
2894,CLARKE,18404,August,2020,AL
2895,CLAY,9758,August,2020,AL
2896,CLEBURNE,10332,August,2020,AL
2897,COFFEE,33236,August,2020,AL
2898,COLBERT,40965,August,2020,AL
2899,CONECUH,9541,August,2020,AL
2900,COOSA,7824,August,2020,AL
2901,COVINGTON,26003,August,2020,AL
2902,CRENSHAW,9991,August,2020,AL
2903,CULLMAN,58491,August,2020,AL
2904,DALE,32072,August,2020,AL
2905,DALLAS,29621,August,2020,AL
2906,DEKALB,42186,August,2020,AL
2907,ELMORE,56487,August,2020,AL
2908,ESCAMBIA,25085,August,2020,AL
2909,ETOWAH,71088,August,2020,AL
2910,FAYETTE,12425,August,2020,AL
2911,FRANKLIN,18806,August,2020,AL
2912,GENEVA,18538,August,2020,AL
2913,GREENE,6630,August,2020,AL
2914,HALE,11632,August,2020,AL
2915,HENRY,13103,August,2020,AL
2916,HOUSTON,72686,August,2020,AL
2917,JACKSON,36591,August,2020,AL
2918,JEFFERSON,472264,August,2020,AL
2919,LAMAR,10380,August,2020,AL
2920,LAUDERDALE,62077,August,2020,AL
2921,LAWRENCE,24132,August,2020,AL
2922,LEE,111137,August,2020,AL
2923,LIMESTONE,66409,August,2020,AL
2924,LOWNDES,9616,August,2020,AL
2925,MACON,15211,August,2020,AL
2926,MADISON,269830,August,2020,AL
2927,MARENGO,14952,August,2020,AL
2928,MARION,20186,August,2020,AL
2929,MARSHALL,60390,August,2020,AL
2930,MOBILE,279604,August,2020,AL
2931,MONROE,15712,August,2020,AL
2932,MONTGOMERY,152194,August,2020,AL
2933,MORGAN,80743,August,2020,AL
2934,PERRY,7657,August,2020,AL
2935,PICKENS,13619,August,2020,AL
2936,PIKE,20859,August,2020,AL
2937,RANDOLPH,17047,August,2020,AL
2938,RUSSELL,37404,August,2020,AL
2939,SHELBY,152773,August,2020,AL
2940,ST_CLAIR,63608,August,2020,AL
2941,SUMTER,8887,August,2020,AL
2942,TALLADEGA,54944,August,2020,AL
2943,TALLAPOOSA,29441,August,2020,AL
2944,TUSCALOOSA,135759,August,2020,AL
2945,WALKER,45671,August,2020,AL
2946,WASHINGTON,12823,August,2020,AL
2947,WILCOX,8684,August,2020,AL
2948,WINSTON,15994,August,2020,AL
2949,AUTAUGA,40377,September,2020,AL
2950,BALDWIN,162388,September,2020,AL
2951,BARBOUR,16679,September,2020,AL
2952,BIBB,14188,September,2020,AL
2953,BLOUNT,40015,September,2020,AL
2954,BULLOCK,6916,September,2020,AL
2955,BUTLER,13735,September,2020,AL
2956,CALHOUN,75153,September,2020,AL
2957,CHAMBERS,24344,September,2020,AL
2958,CHEROKEE,18441,September,2020,AL
2959,CHILTON,27516,September,2020,AL
2960,CHOCTAW,10270,September,2020,AL
2961,CLARKE,18514,September,2020,AL
2962,CLAY,9770,September,2020,AL
2963,CLEBURNE,10446,September,2020,AL
2964,COFFEE,33604,September,2020,AL
2965,COLBERT,41385,September,2020,AL
2966,CONECUH,9595,September,2020,AL
2967,COOSA,7859,September,2020,AL
2968,COVINGTON,26206,September,2020,AL
2969,CRENSHAW,10007,September,2020,AL
2970,CULLMAN,59033,September,2020,AL
2971,DALE,32475,September,2020,AL
2972,DALLAS,29731,September,2020,AL
2973,DEKALB,42540,September,2020,AL
2974,ELMORE,57061,September,2020,AL
2975,ESCAMBIA,25297,September,2020,AL
2976,ETOWAH,71188,September,2020,AL
2977,FAYETTE,12503,September,2020,AL
2978,FRANKLIN,19056,September,2020,AL
2979,GENEVA,18716,September,2020,AL
2980,GREENE,6677,September,2020,AL
2981,HALE,11725,September,2020,AL
2982,HENRY,13239,September,2020,AL
2983,HOUSTON,73176,September,2020,AL
2984,JACKSON,36982,September,2020,AL
2985,JEFFERSON,475355,September,2020,AL
2986,LAMAR,10411,September,2020,AL
2987,LAUDERDALE,62762,September,2020,AL
2988,LAWRENCE,24374,September,2020,AL
2989,LEE,112759,September,2020,AL
2990,LIMESTONE,67629,September,2020,AL
2991,LOWNDES,9674,September,2020,AL
2992,MACON,15295,September,2020,AL
2993,MADISON,274792,September,2020,AL
2994,MARENGO,15018,September,2020,AL
2995,MARION,20391,September,2020,AL
2996,MARSHALL,60879,September,2020,AL
2997,MOBILE,282885,September,2020,AL
2998,MONROE,15749,September,2020,AL
2999,MONTGOMERY,153845,September,2020,AL
3000,MORGAN,81485,September,2020,AL
3001,PERRY,7686,September,2020,AL
3002,PICKENS,13701,September,2020,AL
3003,PIKE,21160,September,2020,AL
3004,RANDOLPH,17209,September,2020,AL
3005,RUSSELL,37852,September,2020,AL
3006,SHELBY,155328,September,2020,AL
3007,ST_CLAIR,64499,September,2020,AL
3008,SUMTER,8908,September,2020,AL
3009,TALLADEGA,55527,September,2020,AL
3010,TALLAPOOSA,29804,September,2020,AL
3011,TUSCALOOSA,137158,September,2020,AL
3012,WALKER,46187,September,2020,AL
3013,WASHINGTON,12877,September,2020,AL
3014,WILCOX,8713,September,2020,AL
3015,WINSTON,16189,September,2020,AL
3016,AUTAUGA,40881,October,2020,AL
3017,BALDWIN,165856,October,2020,AL
3018,BARBOUR,16799,October,2020,AL
3019,BIBB,14351,October,2020,AL
3020,BLOUNT,40401,October,2020,AL
3021,BULLOCK,6959,October,2020,AL
3022,BUTLER,13839,October,2020,AL
3023,CALHOUN,76424,October,2020,AL
3024,CHAMBERS,24709,October,2020,AL
3025,CHEROKEE,18582,October,2020,AL
3026,CHILTON,28007,October,2020,AL
3027,CHOCTAW,10320,October,2020,AL
3028,CLARKE,18615,October,2020,AL
3029,CLAY,9914,October,2020,AL
3030,CLEBURNE,10569,October,2020,AL
3031,COFFEE,34385,October,2020,AL
3032,COLBERT,41833,October,2020,AL
3033,CONECUH,9645,October,2020,AL
3034,COOSA,7925,October,2020,AL
3035,COVINGTON,26622,October,2020,AL
3036,CRENSHAW,10073,October,2020,AL
3037,CULLMAN,59632,October,2020,AL
3038,DALE,33020,October,2020,AL
3039,DALLAS,29897,October,2020,AL
3040,DEKALB,43162,October,2020,AL
3041,ELMORE,58046,October,2020,AL
3042,ESCAMBIA,25587,October,2020,AL
3043,ETOWAH,72657,October,2020,AL
3044,FAYETTE,12550,October,2020,AL
3045,FRANKLIN,19211,October,2020,AL
3046,GENEVA,18871,October,2020,AL
3047,GREENE,6697,October,2020,AL
3048,HALE,11848,October,2020,AL
3049,HENRY,13369,October,2020,AL
3050,HOUSTON,73751,October,2020,AL
3051,JACKSON,37341,October,2020,AL
3052,JEFFERSON,480815,October,2020,AL
3053,LAMAR,10462,October,2020,AL
3054,LAUDERDALE,64011,October,2020,AL
3055,LAWRENCE,24501,October,2020,AL
3056,LEE,114867,October,2020,AL
3057,LIMESTONE,68678,October,2020,AL
3058,LOWNDES,9751,October,2020,AL
3059,MACON,15497,October,2020,AL
3060,MADISON,279850,October,2020,AL
3061,MARENGO,15128,October,2020,AL
3062,MARION,20574,October,2020,AL
3063,MARSHALL,61444,October,2020,AL
3064,MOBILE,286840,October,2020,AL
3065,MONROE,15816,October,2020,AL
3066,MONTGOMERY,155565,October,2020,AL
3067,MORGAN,82631,October,2020,AL
3068,PERRY,7714,October,2020,AL
3069,PICKENS,13843,October,2020,AL
3070,PIKE,21391,October,2020,AL
3071,RANDOLPH,17309,October,2020,AL
3072,RUSSELL,38359,October,2020,AL
3073,SHELBY,157999,October,2020,AL
3074,ST_CLAIR,65265,October,2020,AL
3075,SUMTER,8973,October,2020,AL
3076,TALLADEGA,56145,October,2020,AL
3077,TALLAPOOSA,30084,October,2020,AL
3078,TUSCALOOSA,138981,October,2020,AL
3079,WALKER,46510,October,2020,AL
3080,WASHINGTON,12979,October,2020,AL
3081,WILCOX,8794,October,2020,AL
3082,WINSTON,16381,October,2020,AL
3083,AUTAUGA,41292,November,2020,AL
3084,BALDWIN,167483,November,2020,AL
3085,BARBOUR,16908,November,2020,AL
3086,BIBB,14434,November,2020,AL
3087,BLOUNT,40739,November,2020,AL
3088,BULLOCK,7013,November,2020,AL
3089,BUTLER,13920,November,2020,AL
3090,CALHOUN,77140,November,2020,AL
3091,CHAMBERS,24816,November,2020,AL
3092,CHEROKEE,18695,November,2020,AL
3093,CHILTON,28166,November,2020,AL
3094,CHOCTAW,10351,November,2020,AL
3095,CLARKE,18709,November,2020,AL
3096,CLAY,10015,November,2020,AL
3097,CLEBURNE,10649,November,2020,AL
3098,COFFEE,34722,November,2020,AL
3099,COLBERT,41881,November,2020,AL
3100,CONECUH,9648,November,2020,AL
3101,COOSA,7948,November,2020,AL
3102,COVINGTON,26783,November,2020,AL
3103,CRENSHAW,10158,November,2020,AL
3104,CULLMAN,60026,November,2020,AL
3105,DALE,33203,November,2020,AL
3106,DALLAS,29944,November,2020,AL
3107,DEKALB,43629,November,2020,AL
3108,ELMORE,58437,November,2020,AL
3109,ESCAMBIA,25736,November,2020,AL
3110,ETOWAH,72759,November,2020,AL
3111,FAYETTE,12573,November,2020,AL
3112,FRANKLIN,19350,November,2020,AL
3113,GENEVA,19001,November,2020,AL
3114,GREENE,6712,November,2020,AL
3115,HALE,11920,November,2020,AL
3116,HENRY,13460,November,2020,AL
3117,HOUSTON,74373,November,2020,AL
3118,JACKSON,37605,November,2020,AL
3119,JEFFERSON,483106,November,2020,AL
3120,LAMAR,10599,November,2020,AL
3121,LAUDERDALE,64363,November,2020,AL
3122,LAWRENCE,24667,November,2020,AL
3123,LEE,115839,November,2020,AL
3124,LIMESTONE,69272,November,2020,AL
3125,LOWNDES,9763,November,2020,AL
3126,MACON,15630,November,2020,AL
3127,MADISON,282087,November,2020,AL
3128,MARENGO,15231,November,2020,AL
3129,MARION,20791,November,2020,AL
3130,MARSHALL,61923,November,2020,AL
3131,MOBILE,288206,November,2020,AL
3132,MONROE,15907,November,2020,AL
3133,MONTGOMERY,155896,November,2020,AL
3134,MORGAN,82906,November,2020,AL
3135,PERRY,7734,November,2020,AL
3136,PICKENS,13864,November,2020,AL
3137,PIKE,21603,November,2020,AL
3138,RANDOLPH,17429,November,2020,AL
3139,RUSSELL,38726,November,2020,AL
3140,SHELBY,158916,November,2020,AL
3141,ST_CLAIR,65704,November,2020,AL
3142,SUMTER,9025,November,2020,AL
3143,TALLADEGA,56576,November,2020,AL
3144,TALLAPOOSA,30295,November,2020,AL
3145,TUSCALOOSA,139978,November,2020,AL
3146,WALKER,46896,November,2020,AL
3147,WASHINGTON,13033,November,2020,AL
3148,WILCOX,8817,November,2020,AL
3149,WINSTON,16546,November,2020,AL
3150,AUTAUGA,41322,December,2020,AL
3151,BALDWIN,167871,December,2020,AL
3152,BARBOUR,16930,December,2020,AL
3153,BIBB,14429,December,2020,AL
3154,BLOUNT,40706,December,2020,AL
3155,BULLOCK,7003,December,2020,AL
3156,BUTLER,13910,December,2020,AL
3157,CALHOUN,77259,December,2020,AL
3158,CHAMBERS,24997,December,2020,AL
3159,CHEROKEE,18805,December,2020,AL
3160,CHILTON,28257,December,2020,AL
3161,CHOCTAW,10350,December,2020,AL
3162,CLARKE,18688,December,2020,AL
3163,CLAY,10004,December,2020,AL
3164,CLEBURNE,10660,December,2020,AL
3165,COFFEE,34726,December,2020,AL
3166,COLBERT,41923,December,2020,AL
3167,CONECUH,9683,December,2020,AL
3168,COOSA,7942,December,2020,AL
3169,COVINGTON,26874,December,2020,AL
3170,CRENSHAW,10155,December,2020,AL
3171,CULLMAN,60044,December,2020,AL
3172,DALE,33229,December,2020,AL
3173,DALLAS,29906,December,2020,AL
3174,DEKALB,43613,December,2020,AL
3175,ELMORE,58595,December,2020,AL
3176,ESCAMBIA,25773,December,2020,AL
3177,ETOWAH,72798,December,2020,AL
3178,FAYETTE,12567,December,2020,AL
3179,FRANKLIN,19344,December,2020,AL
3180,GENEVA,19029,December,2020,AL
3181,GREENE,6704,December,2020,AL
3182,HALE,11889,December,2020,AL
3183,HENRY,13460,December,2020,AL
3184,HOUSTON,74534,December,2020,AL
3185,JACKSON,37560,December,2020,AL
3186,JEFFERSON,483108,December,2020,AL
3187,LAMAR,10567,December,2020,AL
3188,LAUDERDALE,64503,December,2020,AL
3189,LAWRENCE,24632,December,2020,AL
3190,LEE,115772,December,2020,AL
3191,LIMESTONE,69327,December,2020,AL
3192,LOWNDES,9759,December,2020,AL
3193,MACON,15624,December,2020,AL
3194,MADISON,281973,December,2020,AL
3195,MARENGO,15215,December,2020,AL
3196,MARION,20787,December,2020,AL
3197,MARSHALL,61933,December,2020,AL
3198,MOBILE,289743,December,2020,AL
3199,MONROE,15880,December,2020,AL
3200,MONTGOMERY,156214,December,2020,AL
3201,MORGAN,83142,December,2020,AL
3202,PERRY,7737,December,2020,AL
3203,PICKENS,13884,December,2020,AL
3204,PIKE,21606,December,2020,AL
3205,RANDOLPH,17443,December,2020,AL
3206,RUSSELL,38810,December,2020,AL
3207,SHELBY,158882,December,2020,AL
3208,ST_CLAIR,65840,December,2020,AL
3209,SUMTER,9014,December,2020,AL
3210,TALLADEGA,56573,December,2020,AL
3211,TALLAPOOSA,30275,December,2020,AL
3212,TUSCALOOSA,140101,December,2020,AL
3213,WALKER,46924,December,2020,AL
3214,WASHINGTON,13022,December,2020,AL
3215,WILCOX,8809,December,2020,AL
3216,WINSTON,16540,December,2020,AL
3217,AUTAUGA,41357,January,2021,AL
3218,BALDWIN,168133,January,2021,AL
3219,BARBOUR,16862,January,2021,AL
3220,BIBB,14403,January,2021,AL
3221,BLOUNT,40654,January,2021,AL
3222,BULLOCK,6987,January,2021,AL
3223,BUTLER,13872,January,2021,AL
3224,CALHOUN,77203,January,2021,AL
3225,CHAMBERS,24946,January,2021,AL
3226,CHEROKEE,18829,January,2021,AL
3227,CHILTON,28262,January,2021,AL
3228,CHOCTAW,10317,January,2021,AL
3229,CLARKE,18619,January,2021,AL
3230,CLAY,9961,January,2021,AL
3231,CLEBURNE,10647,January,2021,AL
3232,COFFEE,34735,January,2021,AL
3233,COLBERT,42138,January,2021,AL
3234,CONECUH,9604,January,2021,AL
3235,COOSA,7947,January,2021,AL
3236,COVINGTON,26879,January,2021,AL
3237,CRENSHAW,10139,January,2021,AL
3238,CULLMAN,60089,January,2021,AL
3239,DALE,33212,January,2021,AL
3240,DALLAS,29810,January,2021,AL
3241,DEKALB,43602,January,2021,AL
3242,ELMORE,58587,January,2021,AL
3243,ESCAMBIA,25728,January,2021,AL
3244,ETOWAH,73069,January,2021,AL
3245,FAYETTE,12545,January,2021,AL
3246,FRANKLIN,19296,January,2021,AL
3247,GENEVA,19036,January,2021,AL
3248,GREENE,6666,January,2021,AL
3249,HALE,11858,January,2021,AL
3250,HENRY,13489,January,2021,AL
3251,HOUSTON,74681,January,2021,AL
3252,JACKSON,37517,January,2021,AL
3253,JEFFERSON,482288,January,2021,AL
3254,LAMAR,10544,January,2021,AL
3255,LAUDERDALE,64187,January,2021,AL
3256,LAWRENCE,24540,January,2021,AL
3257,LEE,115844,January,2021,AL
3258,LIMESTONE,69351,January,2021,AL
3259,LOWNDES,9706,January,2021,AL
3260,MACON,15621,January,2021,AL
3261,MADISON,282294,January,2021,AL
3262,MARENGO,15186,January,2021,AL
3263,MARION,20808,January,2021,AL
3264,MARSHALL,61903,January,2021,AL
3265,MOBILE,289781,January,2021,AL
3266,MONROE,15853,January,2021,AL
3267,MONTGOMERY,156078,January,2021,AL
3268,MORGAN,83039,January,2021,AL
3269,PERRY,7670,January,2021,AL
3270,PICKENS,13842,January,2021,AL
3271,PIKE,21538,January,2021,AL
3272,RANDOLPH,17437,January,2021,AL
3273,RUSSELL,38874,January,2021,AL
3274,SHELBY,159064,January,2021,AL
3275,ST_CLAIR,65833,January,2021,AL
3276,SUMTER,8981,January,2021,AL
3277,TALLADEGA,56488,January,2021,AL
3278,TALLAPOOSA,30239,January,2021,AL
3279,TUSCALOOSA,140215,January,2021,AL
3280,WALKER,46806,January,2021,AL
3281,WASHINGTON,13019,January,2021,AL
3282,WILCOX,8812,January,2021,AL
3283,WINSTON,16540,January,2021,AL
3284,AUTAUGA,41371,February,2021,AL
3285,BALDWIN,168508,February,2021,AL
3286,BARBOUR,16848,February,2021,AL
3287,BIBB,14412,February,2021,AL
3288,BLOUNT,40626,February,2021,AL
3289,BULLOCK,6973,February,2021,AL
3290,BUTLER,13864,February,2021,AL
3291,CALHOUN,77268,February,2021,AL
3292,CHAMBERS,24881,February,2021,AL
3293,CHEROKEE,18858,February,2021,AL
3294,CHILTON,28274,February,2021,AL
3295,CHOCTAW,10302,February,2021,AL
3296,CLARKE,18591,February,2021,AL
3297,CLAY,9970,February,2021,AL
3298,CLEBURNE,10653,February,2021,AL
3299,COFFEE,34701,February,2021,AL
3300,COLBERT,42101,February,2021,AL
3301,CONECUH,9602,February,2021,AL
3302,COOSA,7942,February,2021,AL
3303,COVINGTON,26885,February,2021,AL
3304,CRENSHAW,10146,February,2021,AL
3305,CULLMAN,60124,February,2021,AL
3306,DALE,33248,February,2021,AL
3307,DALLAS,29760,February,2021,AL
3308,DEKALB,43647,February,2021,AL
3309,ELMORE,58515,February,2021,AL
3310,ESCAMBIA,25757,February,2021,AL
3311,ETOWAH,73012,February,2021,AL
3312,FAYETTE,12497,February,2021,AL
3313,FRANKLIN,19299,February,2021,AL
3314,GENEVA,19028,February,2021,AL
3315,GREENE,6659,February,2021,AL
3316,HALE,11857,February,2021,AL
3317,HENRY,13466,February,2021,AL
3318,HOUSTON,74654,February,2021,AL
3319,JACKSON,37521,February,2021,AL
3320,JEFFERSON,481982,February,2021,AL
3321,LAMAR,10522,February,2021,AL
3322,LAUDERDALE,64091,February,2021,AL
3323,LAWRENCE,24514,February,2021,AL
3324,LEE,116077,February,2021,AL
3325,LIMESTONE,69383,February,2021,AL
3326,LOWNDES,9683,February,2021,AL
3327,MACON,15600,February,2021,AL
3328,MADISON,282635,February,2021,AL
3329,MARENGO,15166,February,2021,AL
3330,MARION,20819,February,2021,AL
3331,MARSHALL,61907,February,2021,AL
3332,MOBILE,289843,February,2021,AL
3333,MONROE,15846,February,2021,AL
3334,MONTGOMERY,154552,February,2021,AL
3335,MORGAN,82986,February,2021,AL
3336,PERRY,7677,February,2021,AL
3337,PICKENS,13799,February,2021,AL
3338,PIKE,21539,February,2021,AL
3339,RANDOLPH,17408,February,2021,AL
3340,RUSSELL,38955,February,2021,AL
3341,SHELBY,159185,February,2021,AL
3342,ST_CLAIR,65676,February,2021,AL
3343,SUMTER,8974,February,2021,AL
3344,TALLADEGA,56516,February,2021,AL
3345,TALLAPOOSA,30246,February,2021,AL
3346,TUSCALOOSA,140199,February,2021,AL
3347,WALKER,46729,February,2021,AL
3348,WASHINGTON,13014,February,2021,AL
3349,WILCOX,8748,February,2021,AL
3350,WINSTON,16539,February,2021,AL
3351,AUTAUGA,41431,March,2021,AL
3352,BALDWIN,168887,March,2021,AL
3353,BARBOUR,16865,March,2021,AL
3354,BIBB,14398,March,2021,AL
3355,BLOUNT,40617,March,2021,AL
3356,BULLOCK,6964,March,2021,AL
3357,BUTLER,13854,March,2021,AL
3358,CALHOUN,77254,March,2021,AL
3359,CHAMBERS,24936,March,2021,AL
3360,CHEROKEE,18888,March,2021,AL
3361,CHILTON,28252,March,2021,AL
3362,CHOCTAW,10296,March,2021,AL
3363,CLARKE,18579,March,2021,AL
3364,CLAY,9971,March,2021,AL
3365,CLEBURNE,10674,March,2021,AL
3366,COFFEE,34722,March,2021,AL
3367,COLBERT,42093,March,2021,AL
3368,CONECUH,9592,March,2021,AL
3369,COOSA,7923,March,2021,AL
3370,COVINGTON,26898,March,2021,AL
3371,CRENSHAW,10153,March,2021,AL
3372,CULLMAN,60131,March,2021,AL
3373,DALE,33315,March,2021,AL
3374,DALLAS,29708,March,2021,AL
3375,DEKALB,43706,March,2021,AL
3376,ELMORE,58595,March,2021,AL
3377,ESCAMBIA,25774,March,2021,AL
3378,ETOWAH,73007,March,2021,AL
3379,FAYETTE,12476,March,2021,AL
3380,FRANKLIN,19296,March,2021,AL
3381,GENEVA,19032,March,2021,AL
3382,GREENE,6642,March,2021,AL
3383,HALE,11820,March,2021,AL
3384,HENRY,13451,March,2021,AL
3385,HOUSTON,74627,March,2021,AL
3386,JACKSON,37536,March,2021,AL
3387,JEFFERSON,481834,March,2021,AL
3388,LAMAR,10535,March,2021,AL
3389,LAUDERDALE,64087,March,2021,AL
3390,LAWRENCE,24559,March,2021,AL
3391,LEE,116238,March,2021,AL
3392,LIMESTONE,69557,March,2021,AL
3393,LOWNDES,9667,March,2021,AL
3394,MACON,15599,March,2021,AL
3395,MADISON,282691,March,2021,AL
3396,MARENGO,15148,March,2021,AL
3397,MARION,20834,March,2021,AL
3398,MARSHALL,61967,March,2021,AL
3399,MOBILE,290056,March,2021,AL
3400,MONROE,15819,March,2021,AL
3401,MONTGOMERY,153807,March,2021,AL
3402,MORGAN,83045,March,2021,AL
3403,PERRY,7662,March,2021,AL
3404,PICKENS,13750,March,2021,AL
3405,PIKE,21549,March,2021,AL
3406,RANDOLPH,17421,March,2021,AL
3407,RUSSELL,39065,March,2021,AL
3408,SHELBY,159201,March,2021,AL
3409,ST_CLAIR,65780,March,2021,AL
3410,SUMTER,8966,March,2021,AL
3411,TALLADEGA,56502,March,2021,AL
3412,TALLAPOOSA,30251,March,2021,AL
3413,TUSCALOOSA,140366,March,2021,AL
3414,WALKER,46697,March,2021,AL
3415,WASHINGTON,12994,March,2021,AL
3416,WILCOX,8737,March,2021,AL
3417,WINSTON,16558,March,2021,AL
3418,AUTAUGA,41503,April,2021,AL
3419,BALDWIN,169369,April,2021,AL
3420,BARBOUR,16850,April,2021,AL
3421,BIBB,14417,April,2021,AL
3422,BLOUNT,40658,April,2021,AL
3423,BULLOCK,6951,April,2021,AL
3424,BUTLER,13869,April,2021,AL
3425,CALHOUN,77375,April,2021,AL
3426,CHAMBERS,24965,April,2021,AL
3427,CHEROKEE,18956,April,2021,AL
3428,CHILTON,28328,April,2021,AL
3429,CHOCTAW,10294,April,2021,AL
3430,CLARKE,18567,April,2021,AL
3431,CLAY,9996,April,2021,AL
3432,CLEBURNE,10707,April,2021,AL
3433,COFFEE,34797,April,2021,AL
3434,COLBERT,42130,April,2021,AL
3435,CONECUH,9596,April,2021,AL
3436,COOSA,7936,April,2021,AL
3437,COVINGTON,26928,April,2021,AL
3438,CRENSHAW,10179,April,2021,AL
3439,CULLMAN,60214,April,2021,AL
3440,DALE,33355,April,2021,AL
3441,DALLAS,29668,April,2021,AL
3442,DEKALB,43786,April,2021,AL
3443,ELMORE,58645,April,2021,AL
3444,ESCAMBIA,25812,April,2021,AL
3445,ETOWAH,73014,April,2021,AL
3446,FAYETTE,12470,April,2021,AL
3447,FRANKLIN,19303,April,2021,AL
3448,GENEVA,19080,April,2021,AL
3449,GREENE,6634,April,2021,AL
3450,HALE,11804,April,2021,AL
3451,HENRY,13490,April,2021,AL
3452,HOUSTON,74759,April,2021,AL
3453,JACKSON,37582,April,2021,AL
3454,JEFFERSON,481538,April,2021,AL
3455,LAMAR,10543,April,2021,AL
3456,LAUDERDALE,64204,April,2021,AL
3457,LAWRENCE,24575,April,2021,AL
3458,LEE,116477,April,2021,AL
3459,LIMESTONE,69781,April,2021,AL
3460,LOWNDES,9641,April,2021,AL
3461,MACON,15598,April,2021,AL
3462,MADISON,283534,April,2021,AL
3463,MARENGO,15156,April,2021,AL
3464,MARION,20867,April,2021,AL
3465,MARSHALL,62075,April,2021,AL
3466,MOBILE,290515,April,2021,AL
3467,MONROE,15835,April,2021,AL
3468,MONTGOMERY,154244,April,2021,AL
3469,MORGAN,83141,April,2021,AL
3470,PERRY,7639,April,2021,AL
3471,PICKENS,13744,April,2021,AL
3472,PIKE,21574,April,2021,AL
3473,RANDOLPH,17439,April,2021,AL
3474,RUSSELL,39267,April,2021,AL
3475,SHELBY,159566,April,2021,AL
3476,ST_CLAIR,65924,April,2021,AL
3477,SUMTER,8966,April,2021,AL
3478,TALLADEGA,56569,April,2021,AL
3479,TALLAPOOSA,30272,April,2021,AL
3480,TUSCALOOSA,140561,April,2021,AL
3481,WALKER,46712,April,2021,AL
3482,WASHINGTON,12984,April,2021,AL
3483,WILCOX,8753,April,2021,AL
3484,WINSTON,16604,April,2021,AL
3485,AUTAUGA,41273,May,2021,AL
3486,BALDWIN,169756,May,2021,AL
3487,BARBOUR,16197,May,2021,AL
3488,BIBB,14406,May,2021,AL
3489,BLOUNT,40081,May,2021,AL
3490,BULLOCK,6952,May,2021,AL
3491,BUTLER,13596,May,2021,AL
3492,CALHOUN,75872,May,2021,AL
3493,CHAMBERS,24639,May,2021,AL
3494,CHEROKEE,18837,May,2021,AL
3495,CHILTON,28123,May,2021,AL
3496,CHOCTAW,10146,May,2021,AL
3497,CLARKE,18566,May,2021,AL
3498,CLAY,9971,May,2021,AL
3499,CLEBURNE,10665,May,2021,AL
3500,COFFEE,34601,May,2021,AL
3501,COLBERT,41768,May,2021,AL
3502,CONECUH,9619,May,2021,AL
3503,COOSA,7927,May,2021,AL
3504,COVINGTON,26541,May,2021,AL
3505,CRENSHAW,9972,May,2021,AL
3506,CULLMAN,59603,May,2021,AL
3507,DALE,32972,May,2021,AL
3508,DALLAS,28515,May,2021,AL
3509,DEKALB,43178,May,2021,AL
3510,ELMORE,57258,May,2021,AL
3511,ESCAMBIA,25723,May,2021,AL
3512,ETOWAH,73044,May,2021,AL
3513,FAYETTE,12305,May,2021,AL
3514,FRANKLIN,19071,May,2021,AL
3515,GENEVA,18643,May,2021,AL
3516,GREENE,6448,May,2021,AL
3517,HALE,11554,May,2021,AL
3518,HENRY,13195,May,2021,AL
3519,HOUSTON,74697,May,2021,AL
3520,JACKSON,37455,May,2021,AL
3521,JEFFERSON,462921,May,2021,AL
3522,LAMAR,10439,May,2021,AL
3523,LAUDERDALE,63898,May,2021,AL
3524,LAWRENCE,24367,May,2021,AL
3525,LEE,111886,May,2021,AL
3526,LIMESTONE,68939,May,2021,AL
3527,LOWNDES,9406,May,2021,AL
3528,MACON,13906,May,2021,AL
3529,MADISON,278733,May,2021,AL
3530,MARENGO,14884,May,2021,AL
3531,MARION,20631,May,2021,AL
3532,MARSHALL,61286,May,2021,AL
3533,MOBILE,287727,May,2021,AL
3534,MONROE,15487,May,2021,AL
3535,MONTGOMERY,154313,May,2021,AL
3536,MORGAN,83159,May,2021,AL
3537,PERRY,7449,May,2021,AL
3538,PICKENS,13732,May,2021,AL
3539,PIKE,20963,May,2021,AL
3540,RANDOLPH,17195,May,2021,AL
3541,RUSSELL,36811,May,2021,AL
3542,SHELBY,159775,May,2021,AL
3543,ST_CLAIR,65235,May,2021,AL
3544,SUMTER,8776,May,2021,AL
3545,TALLADEGA,55061,May,2021,AL
3546,TALLAPOOSA,29671,May,2021,AL
3547,TUSCALOOSA,140546,May,2021,AL
3548,WALKER,46651,May,2021,AL
3549,WASHINGTON,12830,May,2021,AL
3550,WILCOX,8686,May,2021,AL
3551,WINSTON,16514,May,2021,AL
3552,AUTAUGA,"40,958",June,2021,AL
3553,BALDWIN,"165,502",June,2021,AL
3554,BARBOUR,"16,202",June,2021,AL
3555,BIBB,"14,223",June,2021,AL
3556,BLOUNT,"40,077",June,2021,AL
3557,BULLOCK,"6,710",June,2021,AL
3558,BUTLER,"13,574",June,2021,AL
3559,CALHOUN,"75,968",June,2021,AL
3560,CHAMBERS,"24,167",June,2021,AL
3561,CHEROKEE,"18,587",June,2021,AL
3562,CHILTON,"28,111",June,2021,AL
3563,CHOCTAW,"10,159",June,2021,AL
3564,CLARKE,"18,241",June,2021,AL
3565,CLAY,"9,838",June,2021,AL
3566,CLEBURNE,"10,660",June,2021,AL
3567,COFFEE,"33,679",June,2021,AL
3568,COLBERT,"41,615",June,2021,AL
3569,CONECUH,"9,611",June,2021,AL
3570,COOSA,"7,791",June,2021,AL
3571,COVINGTON,"26,521",June,2021,AL
3572,CRENSHAW,"9,987",June,2021,AL
3573,CULLMAN,"59,652",June,2021,AL
3574,DALE,"32,535",June,2021,AL
3575,DALLAS,"28,476",June,2021,AL
3576,DEKALB,"43,191",June,2021,AL
3577,ELMORE,"57,305",June,2021,AL
3578,ESCAMBIA,"25,696",June,2021,AL
3579,ETOWAH,"72,123",June,2021,AL
3580,FAYETTE,"12,295",June,2021,AL
3581,FRANKLIN,"19,102",June,2021,AL
3582,GENEVA,"18,637",June,2021,AL
3583,GREENE,"6,446",June,2021,AL
3584,HALE,"11,539",June,2021,AL
3585,HENRY,"13,198",June,2021,AL
3586,HOUSTON,"74,806",June,2021,AL
3587,JACKSON,"37,139",June,2021,AL
3588,JEFFERSON,"462,894",June,2021,AL
3589,LAMAR,"10,440",June,2021,AL
3590,LAUDERDALE,"63,299",June,2021,AL
3591,LAWRENCE,"24,351",June,2021,AL
3592,LEE,"110,855",June,2021,AL
3593,LIMESTONE,"68,730",June,2021,AL
3594,LOWNDES,"9,382",June,2021,AL
3595,MACON,"13,895",June,2021,AL
3596,MADISON,"276,874",June,2021,AL
3597,MARENGO,"14,864",June,2021,AL
3598,MARION,"20,647",June,2021,AL
3599,MARSHALL,"61,326",June,2021,AL
3600,MOBILE,"284,124",June,2021,AL
3601,MONROE,"15,487",June,2021,AL
3602,MONTGOMERY,"148,494",June,2021,AL
3603,MORGAN,"81,970",June,2021,AL
3604,PERRY,"7,450",June,2021,AL
3605,PICKENS,"13,539",June,2021,AL
3606,PIKE,"20,972",June,2021,AL
3607,RANDOLPH,"17,146",June,2021,AL
3608,RUSSELL,"36,884",June,2021,AL
3609,SHELBY,"159,771",June,2021,AL
3610,ST_CLAIR,"64,767",June,2021,AL
3611,SUMTER,"8,771",June,2021,AL
3612,TALLADEGA,"54,972",June,2021,AL
3613,TALLAPOOSA,"29,736",June,2021,AL
3614,TUSCALOOSA,"134,571",June,2021,AL
3615,WALKER,"46,663",June,2021,AL
3616,WASHINGTON,"12,813",June,2021,AL
3617,WILCOX,"8,494",June,2021,AL
3618,WINSTON,"16,540",June,2021,AL
3619,AUTAUGA,36877,July,2021,AL
3620,BALDWIN,150069,July,2021,AL
3621,BARBOUR,14634,July,2021,AL
3622,BIBB,13373,July,2021,AL
3623,BLOUNT,37328,July,2021,AL
3624,BULLOCK,6288,July,2021,AL
3625,BUTLER,12591,July,2021,AL
3626,CALHOUN,68457,July,2021,AL
3627,CHAMBERS,21782,July,2021,AL
3628,CHEROKEE,17075,July,2021,AL
3629,CHILTON,25684,July,2021,AL
3630,CHOCTAW,9365,July,2021,AL
3631,CLARKE,17006,July,2021,AL
3632,CLAY,9376,July,2021,AL
3633,CLEBURNE,9665,July,2021,AL
3634,COFFEE,30071,July,2021,AL
3635,COLBERT,37789,July,2021,AL
3636,CONECUH,8599,July,2021,AL
3637,COOSA,7306,July,2021,AL
3638,COVINGTON,23808,July,2021,AL
3639,CRENSHAW,9138,July,2021,AL
3640,CULLMAN,55046,July,2021,AL
3641,DALE,28441,July,2021,AL
3642,DALLAS,26287,July,2021,AL
3643,DEKALB,39032,July,2021,AL
3644,ELMORE,53410,July,2021,AL
3645,ESCAMBIA,23333,July,2021,AL
3646,ETOWAH,66045,July,2021,AL
3647,FAYETTE,11332,July,2021,AL
3648,FRANKLIN,17801,July,2021,AL
3649,GENEVA,16964,July,2021,AL
3650,GREENE,5987,July,2021,AL
3651,HALE,10653,July,2021,AL
3652,HENRY,12209,July,2021,AL
3653,HOUSTON,66348,July,2021,AL
3654,JACKSON,33662,July,2021,AL
3655,JEFFERSON,419460,July,2021,AL
3656,LAMAR,9761,July,2021,AL
3657,LAUDERDALE,57549,July,2021,AL
3658,LAWRENCE,22661,July,2021,AL
3659,LEE,97891,July,2021,AL
3660,LIMESTONE,63953,July,2021,AL
3661,LOWNDES,8717,July,2021,AL
3662,MACON,12747,July,2021,AL
3663,MADISON,249578,July,2021,AL
3664,MARENGO,13731,July,2021,AL
3665,MARION,19015,July,2021,AL
3666,MARSHALL,56003,July,2021,AL
3667,MOBILE,258794,July,2021,AL
3668,MONROE,14012,July,2021,AL
3669,MONTGOMERY,136657,July,2021,AL
3670,MORGAN,75523,July,2021,AL
3671,PERRY,6912,July,2021,AL
3672,PICKENS,12506,July,2021,AL
3673,PIKE,18958,July,2021,AL
3674,RANDOLPH,15637,July,2021,AL
3675,RUSSELL,32935,July,2021,AL
3676,SHELBY,147589,July,2021,AL
3677,ST_CLAIR,61034,July,2021,AL
3678,SUMTER,8159,July,2021,AL
3679,TALLADEGA,51368,July,2021,AL
3680,TALLAPOOSA,27286,July,2021,AL
3681,TUSCALOOSA,121837,July,2021,AL
3682,WALKER,42210,July,2021,AL
3683,WASHINGTON,11830,July,2021,AL
3684,WILCOX,7942,July,2021,AL
3685,WINSTON,15307,July,2021,AL
3686,AUTAUGA,36951,August,2021,AL
3687,BALDWIN,150874,August,2021,AL
3688,BARBOUR,14666,August,2021,AL
3689,BIBB,13407,August,2021,AL
3690,BLOUNT,37372,August,2021,AL
3691,BULLOCK,6253,August,2021,AL
3692,BUTLER,12602,August,2021,AL
3693,CALHOUN,68641,August,2021,AL
3694,CHAMBERS,21827,August,2021,AL
3695,CHEROKEE,17102,August,2021,AL
3696,CHILTON,25750,August,2021,AL
3697,CHOCTAW,9365,August,2021,AL
3698,CLARKE,17005,August,2021,AL
3699,CLAY,9375,August,2021,AL
3700,CLEBURNE,9720,August,2021,AL
3701,COFFEE,30206,August,2021,AL
3702,COLBERT,37947,August,2021,AL
3703,CONECUH,8615,August,2021,AL
3704,COOSA,7311,August,2021,AL
3705,COVINGTON,23891,August,2021,AL
3706,CRENSHAW,9162,August,2021,AL
3707,CULLMAN,55243,August,2021,AL
3708,DALE,28545,August,2021,AL
3709,DALLAS,26296,August,2021,AL
3710,DEKALB,39156,August,2021,AL
3711,ELMORE,53586,August,2021,AL
3712,ESCAMBIA,23392,August,2021,AL
3713,ETOWAH,66116,August,2021,AL
3714,FAYETTE,11353,August,2021,AL
3715,FRANKLIN,17826,August,2021,AL
3716,GENEVA,16949,August,2021,AL
3717,GREENE,5985,August,2021,AL
3718,HALE,10667,August,2021,AL
3719,HENRY,12246,August,2021,AL
3720,HOUSTON,66747,August,2021,AL
3721,JACKSON,33758,August,2021,AL
3722,JEFFERSON,421747,August,2021,AL
3723,LAMAR,9775,August,2021,AL
3724,LAUDERDALE,57690,August,2021,AL
3725,LAWRENCE,22733,August,2021,AL
3726,LEE,98118,August,2021,AL
3727,LIMESTONE,64278,August,2021,AL
3728,LOWNDES,8734,August,2021,AL
3729,MACON,12752,August,2021,AL
3730,MADISON,250851,August,2021,AL
3731,MARENGO,13749,August,2021,AL
3732,MARION,19097,August,2021,AL
3733,MARSHALL,56162,August,2021,AL
3734,MOBILE,259794,August,2021,AL
3735,MONROE,14052,August,2021,AL
3736,MONTGOMERY,136959,August,2021,AL
3737,MORGAN,75791,August,2021,AL
3738,PERRY,6917,August,2021,AL
3739,PICKENS,12513,August,2021,AL
3740,PIKE,19024,August,2021,AL
3741,RANDOLPH,15710,August,2021,AL
3742,RUSSELL,33052,August,2021,AL
3743,SHELBY,148082,August,2021,AL
3744,ST_CLAIR,61249,August,2021,AL
3745,SUMTER,8158,August,2021,AL
3746,TALLADEGA,51290,August,2021,AL
3747,TALLAPOOSA,27388,August,2021,AL
3748,TUSCALOOSA,122200,August,2021,AL
3749,WALKER,42249,August,2021,AL
3750,WASHINGTON,11864,August,2021,AL
3751,WILCOX,7967,August,2021,AL
3752,WINSTON,15362,August,2021,AL
3753,AUTAUGA,37020,September,2021,AL
3754,BALDWIN,151566,September,2021,AL
3755,BARBOUR,14697,September,2021,AL
3756,BIBB,13393,September,2021,AL
3757,BLOUNT,37449,September,2021,AL
3758,BULLOCK,6198,September,2021,AL
3759,BUTLER,12605,September,2021,AL
3760,CALHOUN,68863,September,2021,AL
3761,CHAMBERS,21901,September,2021,AL
3762,CHEROKEE,17153,September,2021,AL
3763,CHILTON,25785,September,2021,AL
3764,CHOCTAW,9381,September,2021,AL
3765,CLARKE,17003,September,2021,AL
3766,CLAY,9401,September,2021,AL
3767,CLEBURNE,9742,September,2021,AL
3768,COFFEE,30239,September,2021,AL
3769,COLBERT,38018,September,2021,AL
3770,CONECUH,8618,September,2021,AL
3771,COOSA,7299,September,2021,AL
3772,COVINGTON,23897,September,2021,AL
3773,CRENSHAW,9178,September,2021,AL
3774,CULLMAN,55416,September,2021,AL
3775,DALE,28568,September,2021,AL
3776,DALLAS,26278,September,2021,AL
3777,DEKALB,39221,September,2021,AL
3778,ELMORE,53693,September,2021,AL
3779,ESCAMBIA,23406,September,2021,AL
3780,ETOWAH,66171,September,2021,AL
3781,FAYETTE,11360,September,2021,AL
3782,FRANKLIN,17823,September,2021,AL
3783,GENEVA,16987,September,2021,AL
3784,GREENE,5969,September,2021,AL
3785,HALE,10680,September,2021,AL
3786,HENRY,12277,September,2021,AL
3787,HOUSTON,67013,September,2021,AL
3788,JACKSON,33785,September,2021,AL
3789,JEFFERSON,422831,September,2021,AL
3790,LAMAR,9790,September,2021,AL
3791,LAUDERDALE,57837,September,2021,AL
3792,LAWRENCE,22784,September,2021,AL
3793,LEE,98508,September,2021,AL
3794,LIMESTONE,64457,September,2021,AL
3795,LOWNDES,8717,September,2021,AL
3796,MACON,12758,September,2021,AL
3797,MADISON,252010,September,2021,AL
3798,MARENGO,13749,September,2021,AL
3799,MARION,19146,September,2021,AL
3800,MARSHALL,56296,September,2021,AL
3801,MOBILE,260351,September,2021,AL
3802,MONROE,14050,September,2021,AL
3803,MONTGOMERY,137179,September,2021,AL
3804,MORGAN,75961,September,2021,AL
3805,PERRY,6901,September,2021,AL
3806,PICKENS,12484,September,2021,AL
3807,PIKE,19050,September,2021,AL
3808,RANDOLPH,15764,September,2021,AL
3809,RUSSELL,33170,September,2021,AL
3810,SHELBY,148457,September,2021,AL
3811,ST_CLAIR,61346,September,2021,AL
3812,SUMTER,8156,September,2021,AL
3813,TALLADEGA,51374,September,2021,AL
3814,TALLAPOOSA,27666,September,2021,AL
3815,TUSCALOOSA,122386,September,2021,AL
3816,WALKER,42292,September,2021,AL
3817,WASHINGTON,11875,September,2021,AL
3818,WILCOX,8006,September,2021,AL
3819,WINSTON,15429,September,2021,AL
3820,AUTAUGA,37144,October,2021,AL
3821,BALDWIN,152815,October,2021,AL
3822,BARBOUR,14712,October,2021,AL
3823,BIBB,13402,October,2021,AL
3824,BLOUNT,37505,October,2021,AL
3825,BULLOCK,6194,October,2021,AL
3826,BUTLER,12640,October,2021,AL
3827,CALHOUN,69052,October,2021,AL
3828,CHAMBERS,21911,October,2021,AL
3829,CHEROKEE,17174,October,2021,AL
3830,CHILTON,25894,October,2021,AL
3831,CHOCTAW,9397,October,2021,AL
3832,CLARKE,16994,October,2021,AL
3833,CLAY,9426,October,2021,AL
3834,CLEBURNE,9804,October,2021,AL
3835,COFFEE,30404,October,2021,AL
3836,COLBERT,38215,October,2021,AL
3837,CONECUH,8616,October,2021,AL
3838,COOSA,7329,October,2021,AL
3839,COVINGTON,23969,October,2021,AL
3840,CRENSHAW,9207,October,2021,AL
3841,CULLMAN,55580,October,2021,AL
3842,DALE,28739,October,2021,AL
3843,DALLAS,26249,October,2021,AL
3844,DEKALB,39317,October,2021,AL
3845,ELMORE,53818,October,2021,AL
3846,ESCAMBIA,23485,October,2021,AL
3847,ETOWAH,66315,October,2021,AL
3848,FAYETTE,11394,October,2021,AL
3849,FRANKLIN,17895,October,2021,AL
3850,GENEVA,17051,October,2021,AL
3851,GREENE,5954,October,2021,AL
3852,HALE,10702,October,2021,AL
3853,HENRY,12356,October,2021,AL
3854,HOUSTON,67239,October,2021,AL
3855,JACKSON,33952,October,2021,AL
3856,JEFFERSON,423186,October,2021,AL
3857,LAMAR,9809,October,2021,AL
3858,LAUDERDALE,58021,October,2021,AL
3859,LAWRENCE,22838,October,2021,AL
3860,LEE,98846,October,2021,AL
3861,LIMESTONE,64765,October,2021,AL
3862,LOWNDES,8693,October,2021,AL
3863,MACON,12725,October,2021,AL
3864,MADISON,253681,October,2021,AL
3865,MARENGO,13763,October,2021,AL
3866,MARION,19215,October,2021,AL
3867,MARSHALL,56552,October,2021,AL
3868,MOBILE,261012,October,2021,AL
3869,MONROE,14074,October,2021,AL
3870,MONTGOMERY,137499,October,2021,AL
3871,MORGAN,76255,October,2021,AL
3872,PERRY,6896,October,2021,AL
3873,PICKENS,12472,October,2021,AL
3874,PIKE,19086,October,2021,AL
3875,RANDOLPH,15783,October,2021,AL
3876,RUSSELL,33172,October,2021,AL
3877,SHELBY,148679,October,2021,AL
3878,ST_CLAIR,61658,October,2021,AL
3879,SUMTER,8159,October,2021,AL
3880,TALLADEGA,51434,October,2021,AL
3881,TALLAPOOSA,27733,October,2021,AL
3882,TUSCALOOSA,122688,October,2021,AL
3883,WALKER,42360,October,2021,AL
3884,WASHINGTON,11911,October,2021,AL
3885,WILCOX,7994,October,2021,AL
3886,WINSTON,15442,October,2021,AL
3887,AUTAUGA,37261,November,2021,AL
3888,BALDWIN,153487,November,2021,AL
3889,BARBOUR,14739,November,2021,AL
3890,BIBB,13428,November,2021,AL
3891,BLOUNT,37687,November,2021,AL
3892,BULLOCK,6192,November,2021,AL
3893,BUTLER,12653,November,2021,AL
3894,CALHOUN,69207,November,2021,AL
3895,CHAMBERS,21969,November,2021,AL
3896,CHEROKEE,17234,November,2021,AL
3897,CHILTON,26070,November,2021,AL
3898,CHOCTAW,9401,November,2021,AL
3899,CLARKE,17035,November,2021,AL
3900,CLAY,9433,November,2021,AL
3901,CLEBURNE,9843,November,2021,AL
3902,COFFEE,30400,November,2021,AL
3903,COLBERT,38291,November,2021,AL
3904,CONECUH,8652,November,2021,AL
3905,COOSA,7343,November,2021,AL
3906,COVINGTON,24025,November,2021,AL
3907,CRENSHAW,9232,November,2021,AL
3908,CULLMAN,55688,November,2021,AL
3909,DALE,28820,November,2021,AL
3910,DALLAS,26251,November,2021,AL
3911,DEKALB,39424,November,2021,AL
3912,ELMORE,53903,November,2021,AL
3913,ESCAMBIA,23490,November,2021,AL
3914,ETOWAH,66445,November,2021,AL
3915,FAYETTE,11417,November,2021,AL
3916,FRANKLIN,17927,November,2021,AL
3917,GENEVA,17095,November,2021,AL
3918,GREENE,5951,November,2021,AL
3919,HALE,10706,November,2021,AL
3920,HENRY,12405,November,2021,AL
3921,HOUSTON,67386,November,2021,AL
3922,JACKSON,34057,November,2021,AL
3923,JEFFERSON,423440,November,2021,AL
3924,LAMAR,9805,November,2021,AL
3925,LAUDERDALE,58162,November,2021,AL
3926,LAWRENCE,22877,November,2021,AL
3927,LEE,99142,November,2021,AL
3928,LIMESTONE,65039,November,2021,AL
3929,LOWNDES,8704,November,2021,AL
3930,MACON,12735,November,2021,AL
3931,MADISON,254654,November,2021,AL
3932,MARENGO,13770,November,2021,AL
3933,MARION,19264,November,2021,AL
3934,MARSHALL,56721,November,2021,AL
3935,MOBILE,261259,November,2021,AL
3936,MONROE,14103,November,2021,AL
3937,MONTGOMERY,137855,November,2021,AL
3938,MORGAN,76447,November,2021,AL
3939,PERRY,6890,November,2021,AL
3940,PICKENS,12461,November,2021,AL
3941,PIKE,19102,November,2021,AL
3942,RANDOLPH,15828,November,2021,AL
3943,RUSSELL,33310,November,2021,AL
3944,SHELBY,148930,November,2021,AL
3945,ST_CLAIR,61898,November,2021,AL
3946,SUMTER,8158,November,2021,AL
3947,TALLADEGA,51517,November,2021,AL
3948,TALLAPOOSA,27813,November,2021,AL
3949,TUSCALOOSA,122765,November,2021,AL
3950,WALKER,42432,November,2021,AL
3951,WASHINGTON,11923,November,2021,AL
3952,WILCOX,7981,November,2021,AL
3953,WINSTON,15512,November,2021,AL
3954,AUTAUGA,37261,December,2021,AL
3955,BALDWIN,153487,December,2021,AL
3956,BARBOUR,14739,December,2021,AL
3957,BIBB,13428,December,2021,AL
3958,BLOUNT,37687,December,2021,AL
3959,BULLOCK,6192,December,2021,AL
3960,BUTLER,12653,December,2021,AL
3961,CALHOUN,69207,December,2021,AL
3962,CHAMBERS,21969,December,2021,AL
3963,CHEROKEE,17234,December,2021,AL
3964,CHILTON,26070,December,2021,AL
3965,CHOCTAW,9401,December,2021,AL
3966,CLARKE,17035,December,2021,AL
3967,CLAY,9433,December,2021,AL
3968,CLEBURNE,9843,December,2021,AL
3969,COFFEE,30400,December,2021,AL
3970,COLBERT,38291,December,2021,AL
3971,CONECUH,8652,December,2021,AL
3972,COOSA,7343,December,2021,AL
3973,COVINGTON,24025,December,2021,AL
3974,CRENSHAW,9232,December,2021,AL
3975,CULLMAN,55688,December,2021,AL
3976,DALE,28820,December,2021,AL
3977,DALLAS,26251,December,2021,AL
3978,DEKALB,39424,December,2021,AL
3979,ELMORE,53903,December,2021,AL
3980,ESCAMBIA,23490,December,2021,AL
3981,ETOWAH,66445,December,2021,AL
3982,FAYETTE,11417,December,2021,AL
3983,FRANKLIN,17927,December,2021,AL
3984,GENEVA,17095,December,2021,AL
3985,GREENE,5951,December,2021,AL
3986,HALE,10706,December,2021,AL
3987,HENRY,12405,December,2021,AL
3988,HOUSTON,67386,December,2021,AL
3989,JACKSON,34057,December,2021,AL
3990,JEFFERSON,423440,December,2021,AL
3991,LAMAR,9805,December,2021,AL
3992,LAUDERDALE,58162,December,2021,AL
3993,LAWRENCE,22877,December,2021,AL
3994,LEE,99142,December,2021,AL
3995,LIMESTONE,65039,December,2021,AL
3996,LOWNDES,8704,December,2021,AL
3997,MACON,12735,December,2021,AL
3998,MADISON,254654,December,2021,AL
3999,MARENGO,13770,December,2021,AL
4000,MARION,19264,December,2021,AL
4001,MARSHALL,56721,December,2021,AL
4002,MOBILE,261259,December,2021,AL
4003,MONROE,14103,December,2021,AL
4004,MONTGOMERY,137855,December,2021,AL
4005,MORGAN,76447,December,2021,AL
4006,PERRY,6890,December,2021,AL
4007,PICKENS,12461,December,2021,AL
4008,PIKE,19102,December,2021,AL
4009,RANDOLPH,15828,December,2021,AL
4010,RUSSELL,33310,December,2021,AL
4011,SHELBY,148930,December,2021,AL
4012,ST_CLAIR,61898,December,2021,AL
4013,SUMTER,8158,December,2021,AL
4014,TALLADEGA,51517,December,2021,AL
4015,TALLAPOOSA,27813,December,2021,AL
4016,TUSCALOOSA,122765,December,2021,AL
4017,WALKER,42432,December,2021,AL
4018,WASHINGTON,11923,December,2021,AL
4019,WILCOX,7981,December,2021,AL
4020,WINSTON,15512,December,2021,AL
4021,AUTAUGA,37261,January,2022,AL
4022,BALDWIN,153487,January,2022,AL
4023,BARBOUR,14739,January,2022,AL
4024,BIBB,13428,January,2022,AL
4025,BLOUNT,37687,January,2022,AL
4026,BULLOCK,6192,January,2022,AL
4027,BUTLER,12653,January,2022,AL
4028,CALHOUN,69207,January,2022,AL
4029,CHAMBERS,21969,January,2022,AL
4030,CHEROKEE,17234,January,2022,AL
4031,CHILTON,26070,January,2022,AL
4032,CHOCTAW,9401,January,2022,AL
4033,CLARKE,17035,January,2022,AL
4034,CLAY,9433,January,2022,AL
4035,CLEBURNE,9843,January,2022,AL
4036,COFFEE,30400,January,2022,AL
4037,COLBERT,38291,January,2022,AL
4038,CONECUH,8652,January,2022,AL
4039,COOSA,7343,January,2022,AL
4040,COVINGTON,24025,January,2022,AL
4041,CRENSHAW,9232,January,2022,AL
4042,CULLMAN,55688,January,2022,AL
4043,DALE,28820,January,2022,AL
4044,DALLAS,26251,January,2022,AL
4045,DEKALB,39424,January,2022,AL
4046,ELMORE,53903,January,2022,AL
4047,ESCAMBIA,23490,January,2022,AL
4048,ETOWAH,66445,January,2022,AL
4049,FAYETTE,11417,January,2022,AL
4050,FRANKLIN,17927,January,2022,AL
4051,GENEVA,17095,January,2022,AL
4052,GREENE,5951,January,2022,AL
4053,HALE,10706,January,2022,AL
4054,HENRY,12405,January,2022,AL
4055,HOUSTON,67386,January,2022,AL
4056,JACKSON,34057,January,2022,AL
4057,JEFFERSON,423440,January,2022,AL
4058,LAMAR,9805,January,2022,AL
4059,LAUDERDALE,58162,January,2022,AL
4060,LAWRENCE,22877,January,2022,AL
4061,LEE,99142,January,2022,AL
4062,LIMESTONE,65039,January,2022,AL
4063,LOWNDES,8704,January,2022,AL
4064,MACON,12735,January,2022,AL
4065,MADISON,254654,January,2022,AL
4066,MARENGO,13770,January,2022,AL
4067,MARION,19264,January,2022,AL
4068,MARSHALL,56721,January,2022,AL
4069,MOBILE,261259,January,2022,AL
4070,MONROE,14103,January,2022,AL
4071,MONTGOMERY,137855,January,2022,AL
4072,MORGAN,76447,January,2022,AL
4073,PERRY,6890,January,2022,AL
4074,PICKENS,12461,January,2022,AL
4075,PIKE,19102,January,2022,AL
4076,RANDOLPH,15828,January,2022,AL
4077,RUSSELL,33310,January,2022,AL
4078,SHELBY,148930,January,2022,AL
4079,ST_CLAIR,61898,January,2022,AL
4080,SUMTER,8158,January,2022,AL
4081,TALLADEGA,51517,January,2022,AL
4082,TALLAPOOSA,27813,January,2022,AL
4083,TUSCALOOSA,122765,January,2022,AL
4084,WALKER,42432,January,2022,AL
4085,WASHINGTON,11923,January,2022,AL
4086,WILCOX,7981,January,2022,AL
4087,WINSTON,15512,January,2022,AL
4088,AUTAUGA,37342,February,2022,AL
4089,BALDWIN,154514,February,2022,AL
4090,BARBOUR,14804,February,2022,AL
4091,BIBB,13434,February,2022,AL
4092,BLOUNT,37796,February,2022,AL
4093,BULLOCK,6191,February,2022,AL
4094,BUTLER,12614,February,2022,AL
4095,CALHOUN,69392,February,2022,AL
4096,CHAMBERS,21974,February,2022,AL
4097,CHEROKEE,17382,February,2022,AL
4098,CHILTON,26098,February,2022,AL
4099,CHOCTAW,9425,February,2022,AL
4100,CLARKE,17032,February,2022,AL
4101,CLAY,9425,February,2022,AL
4102,CLEBURNE,9623,February,2022,AL
4103,COFFEE,30676,February,2022,AL
4104,COLBERT,38555,February,2022,AL
4105,CONECUH,8676,February,2022,AL
4106,COOSA,7348,February,2022,AL
4107,COVINGTON,24134,February,2022,AL
4108,CRENSHAW,9237,February,2022,AL
4109,CULLMAN,56046,February,2022,AL
4110,DALE,28907,February,2022,AL
4111,DALLAS,26192,February,2022,AL
4112,DEKALB,39580,February,2022,AL
4113,ELMORE,54147,February,2022,AL
4114,ESCAMBIA,22731,February,2022,AL
4115,ETOWAH,66584,February,2022,AL
4116,FAYETTE,11448,February,2022,AL
4117,FRANKLIN,17996,February,2022,AL
4118,GENEVA,17151,February,2022,AL
4119,GREENE,5938,February,2022,AL
4120,HALE,10901,February,2022,AL
4121,HENRY,12450,February,2022,AL
4122,HOUSTON,67606,February,2022,AL
4123,JACKSON,34220,February,2022,AL
4124,JEFFERSON,423592,February,2022,AL
4125,LAMAR,9792,February,2022,AL
4126,LAUDERDALE,58370,February,2022,AL
4127,LAWRENCE,22990,February,2022,AL
4128,LEE,99733,February,2022,AL
4129,LIMESTONE,65469,February,2022,AL
4130,LOWNDES,8679,February,2022,AL
4131,MACON,12677,February,2022,AL
4132,MADISON,256349,February,2022,AL
4133,MARENGO,13670,February,2022,AL
4134,MARION,19312,February,2022,AL
4135,MARSHALL,57066,February,2022,AL
4136,MOBILE,260672,February,2022,AL
4137,MONROE,14096,February,2022,AL
4138,MONTGOMERY,137941,February,2022,AL
4139,MORGAN,76720,February,2022,AL
4140,PERRY,6840,February,2022,AL
4141,PICKENS,12477,February,2022,AL
4142,PIKE,19175,February,2022,AL
4143,RANDOLPH,15752,February,2022,AL
4144,RUSSELL,33229,February,2022,AL
4145,SHELBY,149437,February,2022,AL
4146,ST_CLAIR,61907,February,2022,AL
4147,SUMTER,8150,February,2022,AL
4148,TALLADEGA,51629,February,2022,AL
4149,TALLAPOOSA,27733,February,2022,AL
4150,TUSCALOOSA,123256,February,2022,AL
4151,WALKER,42171,February,2022,AL
4152,WASHINGTON,11981,February,2022,AL
4153,WILCOX,7980,February,2022,AL
4154,WINSTON,15569,February,2022,AL
4155,AUTAUGA,37493,March,2022,AL
4156,BALDWIN,154786,March,2022,AL
4157,BARBOUR,14801,March,2022,AL
4158,BIBB,13449,March,2022,AL
4159,BLOUNT,37875,March,2022,AL
4160,BULLOCK,6208,March,2022,AL
4161,BUTLER,12648,March,2022,AL
4162,CALHOUN,69653,March,2022,AL
4163,CHAMBERS,22013,March,2022,AL
4164,CHEROKEE,17444,March,2022,AL
4165,CHILTON,26239,March,2022,AL
4166,CHOCTAW,9435,March,2022,AL
4167,CLARKE,17075,March,2022,AL
4168,CLAY,9457,March,2022,AL
4169,CLEBURNE,9668,March,2022,AL
4170,COFFEE,30768,March,2022,AL
4171,COLBERT,38512,March,2022,AL
4172,CONECUH,8702,March,2022,AL
4173,COOSA,7373,March,2022,AL
4174,COVINGTON,24228,March,2022,AL
4175,CRENSHAW,9280,March,2022,AL
4176,CULLMAN,56242,March,2022,AL
4177,DALE,29008,March,2022,AL
4178,DALLAS,26203,March,2022,AL
4179,DEKALB,39705,March,2022,AL
4180,ELMORE,54256,March,2022,AL
4181,ESCAMBIA,22847,March,2022,AL
4182,ETOWAH,66780,March,2022,AL
4183,FAYETTE,11494,March,2022,AL
4184,FRANKLIN,18048,March,2022,AL
4185,GENEVA,17174,March,2022,AL
4186,GREENE,5954,March,2022,AL
4187,HALE,10918,March,2022,AL
4188,HENRY,12486,March,2022,AL
4189,HOUSTON,67724,March,2022,AL
4190,JACKSON,34330,March,2022,AL
4191,JEFFERSON,424223,March,2022,AL
4192,LAMAR,9814,March,2022,AL
4193,LAUDERDALE,58558,March,2022,AL
4194,LAWRENCE,23069,March,2022,AL
4195,LEE,99932,March,2022,AL
4196,LIMESTONE,65657,March,2022,AL
4197,LOWNDES,8686,March,2022,AL
4198,MACON,12647,March,2022,AL
4199,MADISON,257396,March,2022,AL
4200,MARENGO,13725,March,2022,AL
4201,MARION,19360,March,2022,AL
4202,MARSHALL,57310,March,2022,AL
4203,MOBILE,260925,March,2022,AL
4204,MONROE,14122,March,2022,AL
4205,MONTGOMERY,138289,March,2022,AL
4206,MORGAN,76988,March,2022,AL
4207,PERRY,6871,March,2022,AL
4208,PICKENS,12506,March,2022,AL
4209,PIKE,19119,March,2022,AL
4210,RANDOLPH,15621,March,2022,AL
4211,RUSSELL,33390,March,2022,AL
4212,SHELBY,150052,March,2022,AL
4213,ST_CLAIR,61998,March,2022,AL
4214,SUMTER,8142,March,2022,AL
4215,TALLADEGA,51745,March,2022,AL
4216,TALLAPOOSA,27770,March,2022,AL
4217,TUSCALOOSA,123232,March,2022,AL
4218,WALKER,42312,March,2022,AL
4219,WASHINGTON,11995,March,2022,AL
4220,WILCOX,8037,March,2022,AL
4221,WINSTON,15626,March,2022,AL
4222,AUTAUGA,37648,April,2022,AL
4223,BALDWIN,155426,April,2022,AL
4224,BARBOUR,14832,April,2022,AL
4225,BIBB,13486,April,2022,AL
4226,BLOUNT,37974,April,2022,AL
4227,BULLOCK,6241,April,2022,AL
4228,BUTLER,12664,April,2022,AL
4229,CALHOUN,69930,April,2022,AL
4230,CHAMBERS,22088,April,2022,AL
4231,CHEROKEE,17507,April,2022,AL
4232,CHILTON,26383,April,2022,AL
4233,CHOCTAW,9455,April,2022,AL
4234,CLARKE,16900,April,2022,AL
4235,CLAY,9501,April,2022,AL
4236,CLEBURNE,9702,April,2022,AL
4237,COFFEE,30944,April,2022,AL
4238,COLBERT,38694,April,2022,AL
4239,CONECUH,8728,April,2022,AL
4240,COOSA,7379,April,2022,AL
4241,COVINGTON,24364,April,2022,AL
4242,CRENSHAW,9322,April,2022,AL
4243,CULLMAN,56506,April,2022,AL
4244,DALE,29143,April,2022,AL
4245,DALLAS,26310,April,2022,AL
4246,DEKALB,39914,April,2022,AL
4247,ELMORE,54285,April,2022,AL
4248,ESCAMBIA,22943,April,2022,AL
4249,ETOWAH,66955,April,2022,AL
4250,FAYETTE,11488,April,2022,AL
4251,FRANKLIN,18121,April,2022,AL
4252,GENEVA,17244,April,2022,AL
4253,GREENE,5971,April,2022,AL
4254,HALE,10962,April,2022,AL
4255,HENRY,12561,April,2022,AL
4256,HOUSTON,67923,April,2022,AL
4257,JACKSON,34461,April,2022,AL
4258,JEFFERSON,425195,April,2022,AL
4259,LAMAR,9831,April,2022,AL
4260,LAUDERDALE,58806,April,2022,AL
4261,LAWRENCE,23236,April,2022,AL
4262,LEE,100396,April,2022,AL
4263,LIMESTONE,65951,April,2022,AL
4264,LOWNDES,8712,April,2022,AL
4265,MACON,12670,April,2022,AL
4266,MADISON,257813,April,2022,AL
4267,MARENGO,13725,April,2022,AL
4268,MARION,19432,April,2022,AL
4269,MARSHALL,57653,April,2022,AL
4270,MOBILE,261555,April,2022,AL
4271,MONROE,14212,April,2022,AL
4272,MONTGOMERY,138569,April,2022,AL
4273,MORGAN,77283,April,2022,AL
4274,PERRY,6912,April,2022,AL
4275,PICKENS,12537,April,2022,AL
4276,PIKE,19152,April,2022,AL
4277,RANDOLPH,15641,April,2022,AL
4278,RUSSELL,33571,April,2022,AL
4279,SHELBY,148818,April,2022,AL
4280,ST_CLAIR,62153,April,2022,AL
4281,SUMTER,8175,April,2022,AL
4282,TALLADEGA,51937,April,2022,AL
4283,TALLAPOOSA,27842,April,2022,AL
4284,TUSCALOOSA,123509,April,2022,AL
4285,WALKER,42462,April,2022,AL
4286,WASHINGTON,12069,April,2022,AL
4287,WILCOX,8125,April,2022,AL
4288,WINSTON,15723,April,2022,AL
4289,AUTAUGA,37897,May,2022,AL
4290,BALDWIN,156444,May,2022,AL
4291,BARBOUR,14903,May,2022,AL
4292,BIBB,13603,May,2022,AL
4293,BLOUNT,38044,May,2022,AL
4294,BULLOCK,6264,May,2022,AL
4295,BUTLER,12697,May,2022,AL
4296,CALHOUN,70516,May,2022,AL
4297,CHAMBERS,22157,May,2022,AL
4298,CHEROKEE,17558,May,2022,AL
4299,CHILTON,26531,May,2022,AL
4300,CHOCTAW,9453,May,2022,AL
4301,CLARKE,16857,May,2022,AL
4302,CLAY,9511,May,2022,AL
4303,CLEBURNE,9763,May,2022,AL
4304,COFFEE,31276,May,2022,AL
4305,COLBERT,38829,May,2022,AL
4306,CONECUH,8740,May,2022,AL
4307,COOSA,7444,May,2022,AL
4308,COVINGTON,24516,May,2022,AL
4309,CRENSHAW,9329,May,2022,AL
4310,CULLMAN,56950,May,2022,AL
4311,DALE,29218,May,2022,AL
4312,DALLAS,26382,May,2022,AL
4313,DEKALB,40201,May,2022,AL
4314,ELMORE,54306,May,2022,AL
4315,ESCAMBIA,22987,May,2022,AL
4316,ETOWAH,67196,May,2022,AL
4317,FAYETTE,11618,May,2022,AL
4318,FRANKLIN,18170,May,2022,AL
4319,GENEVA,17275,May,2022,AL
4320,GREENE,6024,May,2022,AL
4321,HALE,10980,May,2022,AL
4322,HENRY,12679,May,2022,AL
4323,HOUSTON,68260,May,2022,AL
4324,JACKSON,34577,May,2022,AL
4325,JEFFERSON,427177,May,2022,AL
4326,LAMAR,9907,May,2022,AL
4327,LAUDERDALE,59187,May,2022,AL
4328,LAWRENCE,23355,May,2022,AL
4329,LEE,100962,May,2022,AL
4330,LIMESTONE,66280,May,2022,AL
4331,LOWNDES,8822,May,2022,AL
4332,MACON,12683,May,2022,AL
4333,MADISON,259242,May,2022,AL
4334,MARENGO,13768,May,2022,AL
4335,MARION,19516,May,2022,AL
4336,MARSHALL,58127,May,2022,AL
4337,MOBILE,262622,May,2022,AL
4338,MONROE,14236,May,2022,AL
4339,MONTGOMERY,138863,May,2022,AL
4340,MORGAN,77415,May,2022,AL
4341,PERRY,6973,May,2022,AL
4342,PICKENS,12595,May,2022,AL
4343,PIKE,19293,May,2022,AL
4344,RANDOLPH,15769,May,2022,AL
4345,RUSSELL,33811,May,2022,AL
4346,SHELBY,149182,May,2022,AL
4347,ST_CLAIR,62276,May,2022,AL
4348,SUMTER,8219,May,2022,AL
4349,TALLADEGA,52025,May,2022,AL
4350,TALLAPOOSA,27935,May,2022,AL
4351,TUSCALOOSA,123914,May,2022,AL
4352,WALKER,42517,May,2022,AL
4353,WASHINGTON,12120,May,2022,AL
4354,WILCOX,8172,May,2022,AL
4355,WINSTON,15756,May,2022,AL
4356,AUTAUGA,38105,June,2022,AL
4357,BALDWIN,158794,June,2022,AL
4358,BARBOUR,14999,June,2022,AL
4359,BIBB,13667,June,2022,AL
4360,BLOUNT,38416,June,2022,AL
4361,BULLOCK,6284,June,2022,AL
4362,BUTLER,12766,June,2022,AL
4363,CALHOUN,70743,June,2022,AL
4364,CHAMBERS,22306,June,2022,AL
4365,CHEROKEE,17673,June,2022,AL
4366,CHILTON,26848,June,2022,AL
4367,CHOCTAW,9527,June,2022,AL
4368,CLARKE,16949,June,2022,AL
4369,CLAY,9576,June,2022,AL
4370,CLEBURNE,9832,June,2022,AL
4371,COFFEE,31509,June,2022,AL
4372,COLBERT,39170,June,2022,AL
4373,CONECUH,8798,June,2022,AL
4374,COOSA,7469,June,2022,AL
4375,COVINGTON,24692,June,2022,AL
4376,CRENSHAW,9414,June,2022,AL
4377,CULLMAN,57223,June,2022,AL
4378,DALE,29494,June,2022,AL
4379,DALLAS,26630,June,2022,AL
4380,DEKALB,40561,June,2022,AL
4381,ELMORE,54820,June,2022,AL
4382,ESCAMBIA,23202,June,2022,AL
4383,ETOWAH,67496,June,2022,AL
4384,FAYETTE,11657,June,2022,AL
4385,FRANKLIN,18246,June,2022,AL
4386,GENEVA,17391,June,2022,AL
4387,GREENE,6036,June,2022,AL
4388,HALE,11053,June,2022,AL
4389,HENRY,12758,June,2022,AL
4390,HOUSTON,68705,June,2022,AL
4391,JACKSON,34851,June,2022,AL
4392,JEFFERSON,429292,June,2022,AL
4393,LAMAR,9934,June,2022,AL
4394,LAUDERDALE,59571,June,2022,AL
4395,LAWRENCE,23485,June,2022,AL
4396,LEE,101820,June,2022,AL
4397,LIMESTONE,66955,June,2022,AL
4398,LOWNDES,8846,June,2022,AL
4399,MACON,12816,June,2022,AL
4400,MADISON,261264,June,2022,AL
4401,MARENGO,13895,June,2022,AL
4402,MARION,19735,June,2022,AL
4403,MARSHALL,58411,June,2022,AL
4404,MOBILE,264037,June,2022,AL
4405,MONROE,14304,June,2022,AL
4406,MONTGOMERY,139463,June,2022,AL
4407,MORGAN,77884,June,2022,AL
4408,PERRY,7006,June,2022,AL
4409,PICKENS,12678,June,2022,AL
4410,PIKE,19401,June,2022,AL
4411,RANDOLPH,15779,June,2022,AL
4412,RUSSELL,33891,June,2022,AL
4413,SHELBY,150402,June,2022,AL
4414,ST_CLAIR,62673,June,2022,AL
4415,SUMTER,8226,June,2022,AL
4416,TALLADEGA,52267,June,2022,AL
4417,TALLAPOOSA,28089,June,2022,AL
4418,TUSCALOOSA,124644,June,2022,AL
4419,WALKER,43001,June,2022,AL
4420,WASHINGTON,12228,June,2022,AL
4421,WILCOX,8216,June,2022,AL
4422,WINSTON,15920,June,2022,AL
4423,AUTAUGA,38430,July,2022,AL
4424,BALDWIN,160082,July,2022,AL
4425,BARBOUR,15039,July,2022,AL
4426,BIBB,13703,July,2022,AL
4427,BLOUNT,38604,July,2022,AL
4428,BULLOCK,6300,July,2022,AL
4429,BUTLER,12807,July,2022,AL
4430,CALHOUN,71086,July,2022,AL
4431,CHAMBERS,22432,July,2022,AL
4432,CHEROKEE,17763,July,2022,AL
4433,CHILTON,27017,July,2022,AL
4434,CHOCTAW,9568,July,2022,AL
4435,CLARKE,16987,July,2022,AL
4436,CLAY,9603,July,2022,AL
4437,CLEBURNE,9897,July,2022,AL
4438,COFFEE,31645,July,2022,AL
4439,COLBERT,39399,July,2022,AL
4440,CONECUH,8818,July,2022,AL
4441,COOSA,7486,July,2022,AL
4442,COVINGTON,24777,July,2022,AL
4443,CRENSHAW,9473,July,2022,AL
4444,CULLMAN,57491,July,2022,AL
4445,DALE,29655,July,2022,AL
4446,DALLAS,26660,July,2022,AL
4447,DEKALB,40702,July,2022,AL
4448,ELMORE,55087,July,2022,AL
4449,ESCAMBIA,23246,July,2022,AL
4450,ETOWAH,67456,July,2022,AL
4451,FAYETTE,11697,July,2022,AL
4452,FRANKLIN,18282,July,2022,AL
4453,GENEVA,17482,July,2022,AL
4454,GREENE,6029,July,2022,AL
4455,HALE,11100,July,2022,AL
4456,HENRY,12785,July,2022,AL
4457,HOUSTON,69023,July,2022,AL
4458,JACKSON,34972,July,2022,AL
4459,JEFFERSON,430461,July,2022,AL
4460,LAMAR,9952,July,2022,AL
4461,LAUDERDALE,59858,July,2022,AL
4462,LAWRENCE,23568,July,2022,AL
4463,LEE,102450,July,2022,AL
4464,LIMESTONE,67352,July,2022,AL
4465,LOWNDES,8851,July,2022,AL
4466,MACON,12805,July,2022,AL
4467,MADISON,262689,July,2022,AL
4468,MARENGO,13903,July,2022,AL
4469,MARION,19835,July,2022,AL
4470,MARSHALL,58676,July,2022,AL
4471,MOBILE,264895,July,2022,AL
4472,MONROE,14370,July,2022,AL
4473,MONTGOMERY,140051,July,2022,AL
4474,MORGAN,78141,July,2022,AL
4475,PERRY,7010,July,2022,AL
4476,PICKENS,12730,July,2022,AL
4477,PIKE,19468,July,2022,AL
4478,RANDOLPH,15886,July,2022,AL
4479,RUSSELL,34026,July,2022,AL
4480,SHELBY,151534,July,2022,AL
4481,ST_CLAIR,63029,July,2022,AL
4482,SUMTER,8263,July,2022,AL
4483,TALLADEGA,52564,July,2022,AL
4484,TALLAPOOSA,28211,July,2022,AL
4485,TUSCALOOSA,125154,July,2022,AL
4486,WALKER,43202,July,2022,AL
4487,WASHINGTON,12218,July,2022,AL
4488,WILCOX,8235,July,2022,AL
4489,WINSTON,15982,July,2022,AL
4490,AUTAUGA,38591,August,2022,AL
4491,BALDWIN,161183,August,2022,AL
4492,BARBOUR,15069,August,2022,AL
4493,BIBB,13707,August,2022,AL
4494,BLOUNT,38681,August,2022,AL
4495,BULLOCK,6313,August,2022,AL
4496,BUTLER,12836,August,2022,AL
4497,CALHOUN,71264,August,2022,AL
4498,CHAMBERS,22487,August,2022,AL
4499,CHEROKEE,17848,August,2022,AL
4500,CHILTON,27124,August,2022,AL
4501,CHOCTAW,9582,August,2022,AL
4502,CLARKE,17026,August,2022,AL
4503,CLAY,9629,August,2022,AL
4504,CLEBURNE,9959,August,2022,AL
4505,COFFEE,31791,August,2022,AL
4506,COLBERT,39515,August,2022,AL
4507,CONECUH,8834,August,2022,AL
4508,COOSA,7500,August,2022,AL
4509,COVINGTON,24900,August,2022,AL
4510,CRENSHAW,9515,August,2022,AL
4511,CULLMAN,57748,August,2022,AL
4512,DALE,29805,August,2022,AL
4513,DALLAS,26674,August,2022,AL
4514,DEKALB,40799,August,2022,AL
4515,ELMORE,55313,August,2022,AL
4516,ESCAMBIA,23348,August,2022,AL
4517,ETOWAH,67845,August,2022,AL
4518,FAYETTE,11721,August,2022,AL
4519,FRANKLIN,18308,August,2022,AL
4520,GENEVA,17528,August,2022,AL
4521,GREENE,6029,August,2022,AL
4522,HALE,11100,August,2022,AL
4523,HENRY,12810,August,2022,AL
4524,HOUSTON,69201,August,2022,AL
4525,JACKSON,35087,August,2022,AL
4526,JEFFERSON,431615,August,2022,AL
4527,LAMAR,9959,August,2022,AL
4528,LAUDERDALE,60067,August,2022,AL
4529,LAWRENCE,23620,August,2022,AL
4530,LEE,103171,August,2022,AL
4531,LIMESTONE,67533,August,2022,AL
4532,LOWNDES,8857,August,2022,AL
4533,MACON,12808,August,2022,AL
4534,MADISON,264307,August,2022,AL
4535,MARENGO,13928,August,2022,AL
4536,MARION,19862,August,2022,AL
4537,MARSHALL,58853,August,2022,AL
4538,MOBILE,265717,August,2022,AL
4539,MONROE,14403,August,2022,AL
4540,MONTGOMERY,140367,August,2022,AL
4541,MORGAN,78494,August,2022,AL
4542,PERRY,7021,August,2022,AL
4543,PICKENS,12739,August,2022,AL
4544,PIKE,19551,August,2022,AL
4545,RANDOLPH,15964,August,2022,AL
4546,RUSSELL,34191,August,2022,AL
4547,SHELBY,152184,August,2022,AL
4548,ST_CLAIR,63249,August,2022,AL
4549,SUMTER,8262,August,2022,AL
4550,TALLADEGA,52674,August,2022,AL
4551,TALLAPOOSA,28326,August,2022,AL
4552,TUSCALOOSA,125615,August,2022,AL
4553,WALKER,43324,August,2022,AL
4554,WASHINGTON,12224,August,2022,AL
4555,WILCOX,8249,August,2022,AL
4556,WINSTON,16022,August,2022,AL
4557,AUTAUGA,38779,September,2022,AL
4558,BALDWIN,162699,September,2022,AL
4559,BARBOUR,15128,September,2022,AL
4560,BIBB,13735,September,2022,AL
4561,BLOUNT,38851,September,2022,AL
4562,BULLOCK,6318,September,2022,AL
4563,BUTLER,12874,September,2022,AL
4564,CALHOUN,71560,September,2022,AL
4565,CHAMBERS,22604,September,2022,AL
4566,CHEROKEE,17958,September,2022,AL
4567,CHILTON,27253,September,2022,AL
4568,CHOCTAW,9591,September,2022,AL
4569,CLARKE,17066,September,2022,AL
4570,CLAY,9652,September,2022,AL
4571,CLEBURNE,10008,September,2022,AL
4572,COFFEE,31967,September,2022,AL
4573,COLBERT,39654,September,2022,AL
4574,CONECUH,8864,September,2022,AL
4575,COOSA,7529,September,2022,AL
4576,COVINGTON,24998,September,2022,AL
4577,CRENSHAW,9554,September,2022,AL
4578,CULLMAN,58045,September,2022,AL
4579,DALE,30014,September,2022,AL
4580,DALLAS,26694,September,2022,AL
4581,DEKALB,40970,September,2022,AL
4582,ELMORE,55611,September,2022,AL
4583,ESCAMBIA,23467,September,2022,AL
4584,ETOWAH,68327,September,2022,AL
4585,FAYETTE,11757,September,2022,AL
4586,FRANKLIN,18359,September,2022,AL
4587,GENEVA,17605,September,2022,AL
4588,GREENE,6038,September,2022,AL
4589,HALE,11122,September,2022,AL
4590,HENRY,12874,September,2022,AL
4591,HOUSTON,69510,September,2022,AL
4592,JACKSON,35203,September,2022,AL
4593,JEFFERSON,433083,September,2022,AL
4594,LAMAR,9979,September,2022,AL
4595,LAUDERDALE,60366,September,2022,AL
4596,LAWRENCE,23688,September,2022,AL
4597,LEE,103906,September,2022,AL
4598,LIMESTONE,68018,September,2022,AL
4599,LOWNDES,8853,September,2022,AL
4600,MACON,12825,September,2022,AL
4601,MADISON,266159,September,2022,AL
4602,MARENGO,13958,September,2022,AL
4603,MARION,19928,September,2022,AL
4604,MARSHALL,59108,September,2022,AL
4605,MOBILE,266760,September,2022,AL
4606,MONROE,14451,September,2022,AL
4607,MONTGOMERY,140796,September,2022,AL
4608,MORGAN,78879,September,2022,AL
4609,PERRY,7015,September,2022,AL
4610,PICKENS,12750,September,2022,AL
4611,PIKE,19627,September,2022,AL
4612,RANDOLPH,16046,September,2022,AL
4613,RUSSELL,34403,September,2022,AL
4614,SHELBY,153068,September,2022,AL
4615,ST_CLAIR,63553,September,2022,AL
4616,SUMTER,8258,September,2022,AL
4617,TALLADEGA,52893,September,2022,AL
4618,TALLAPOOSA,28414,September,2022,AL
4619,TUSCALOOSA,126191,September,2022,AL
4620,WALKER,43363,September,2022,AL
4621,WASHINGTON,12239,September,2022,AL
4622,WILCOX,8254,September,2022,AL
4623,WINSTON,16069,September,2022,AL
4624,AUTAUGA,38968,October,2022,AL
4625,BALDWIN,163931,October,2022,AL
4626,BARBOUR,15187,October,2022,AL
4627,BIBB,13790,October,2022,AL
4628,BLOUNT,38974,October,2022,AL
4629,BULLOCK,6324,October,2022,AL
4630,BUTLER,12917,October,2022,AL
4631,CALHOUN,71839,October,2022,AL
4632,CHAMBERS,22688,October,2022,AL
4633,CHEROKEE,18005,October,2022,AL
4634,CHILTON,27419,October,2022,AL
4635,CHOCTAW,9606,October,2022,AL
4636,CLARKE,17115,October,2022,AL
4637,CLAY,9671,October,2022,AL
4638,CLEBURNE,10081,October,2022,AL
4639,COFFEE,32145,October,2022,AL
4640,COLBERT,39818,October,2022,AL
4641,CONECUH,8902,October,2022,AL
4642,COOSA,7539,October,2022,AL
4643,COVINGTON,25099,October,2022,AL
4644,CRENSHAW,9582,October,2022,AL
4645,CULLMAN,58331,October,2022,AL
4646,DALE,30180,October,2022,AL
4647,DALLAS,26741,October,2022,AL
4648,DEKALB,41146,October,2022,AL
4649,ELMORE,55838,October,2022,AL
4650,ESCAMBIA,23586,October,2022,AL
4651,ETOWAH,68603,October,2022,AL
4652,FAYETTE,11773,October,2022,AL
4653,FRANKLIN,18392,October,2022,AL
4654,GENEVA,17660,October,2022,AL
4655,GREENE,6035,October,2022,AL
4656,HALE,11162,October,2022,AL
4657,HENRY,12941,October,2022,AL
4658,HOUSTON,69836,October,2022,AL
4659,JACKSON,35346,October,2022,AL
4660,JEFFERSON,434791,October,2022,AL
4661,LAMAR,10011,October,2022,AL
4662,LAUDERDALE,60602,October,2022,AL
4663,LAWRENCE,23751,October,2022,AL
4664,LEE,104564,October,2022,AL
4665,LIMESTONE,68431,October,2022,AL
4666,LOWNDES,8843,October,2022,AL
4667,MACON,12844,October,2022,AL
4668,MADISON,268150,October,2022,AL
4669,MARENGO,13965,October,2022,AL
4670,MARION,19989,October,2022,AL
4671,MARSHALL,59426,October,2022,AL
4672,MOBILE,267838,October,2022,AL
4673,MONROE,14507,October,2022,AL
4674,MONTGOMERY,141377,October,2022,AL
4675,MORGAN,79223,October,2022,AL
4676,PERRY,7013,October,2022,AL
4677,PICKENS,12782,October,2022,AL
4678,PIKE,19724,October,2022,AL
4679,RANDOLPH,16102,October,2022,AL
4680,RUSSELL,34575,October,2022,AL
4681,SHELBY,153852,October,2022,AL
4682,ST_CLAIR,63839,October,2022,AL
4683,SUMTER,8280,October,2022,AL
4684,TALLADEGA,53123,October,2022,AL
4685,TALLAPOOSA,28558,October,2022,AL
4686,TUSCALOOSA,126760,October,2022,AL
4687,WALKER,43501,October,2022,AL
4688,WASHINGTON,12279,October,2022,AL
4689,WILCOX,8292,October,2022,AL
4690,WINSTON,16098,October,2022,AL
4691,AUTAUGA,39245,November,2022,AL
4692,BALDWIN,165716,November,2022,AL
4693,BARBOUR,15262,November,2022,AL
4694,BIBB,13844,November,2022,AL
4695,BLOUNT,39224,November,2022,AL
4696,BULLOCK,6357,November,2022,AL
4697,BUTLER,12989,November,2022,AL
4698,CALHOUN,72298,November,2022,AL
4699,CHAMBERS,22822,November,2022,AL
4700,CHEROKEE,18141,November,2022,AL
4701,CHILTON,27602,November,2022,AL
4702,CHOCTAW,9642,November,2022,AL
4703,CLARKE,17222,November,2022,AL
4704,CLAY,9657,November,2022,AL
4705,CLEBURNE,10114,November,2022,AL
4706,COFFEE,32349,November,2022,AL
4707,COLBERT,39829,November,2022,AL
4708,CONECUH,8928,November,2022,AL
4709,COOSA,7578,November,2022,AL
4710,COVINGTON,25282,November,2022,AL
4711,CRENSHAW,9662,November,2022,AL
4712,CULLMAN,58693,November,2022,AL
4713,DALE,30408,November,2022,AL
4714,DALLAS,26803,November,2022,AL
4715,DEKALB,41543,November,2022,AL
4716,ELMORE,55945,November,2022,AL
4717,ESCAMBIA,23765,November,2022,AL
4718,ETOWAH,68963,November,2022,AL
4719,FAYETTE,11815,November,2022,AL
4720,FRANKLIN,18439,November,2022,AL
4721,GENEVA,17778,November,2022,AL
4722,GREENE,6080,November,2022,AL
4723,HALE,11175,November,2022,AL
4724,HENRY,13024,November,2022,AL
4725,HOUSTON,70328,November,2022,AL
4726,JACKSON,35472,November,2022,AL
4727,JEFFERSON,436913,November,2022,AL
4728,LAMAR,10080,November,2022,AL
4729,LAUDERDALE,60697,November,2022,AL
4730,LAWRENCE,23831,November,2022,AL
4731,LEE,105360,November,2022,AL
4732,LIMESTONE,68622,November,2022,AL
4733,LOWNDES,8863,November,2022,AL
4734,MACON,12884,November,2022,AL
4735,MADISON,270574,November,2022,AL
4736,MARENGO,14046,November,2022,AL
4737,MARION,20168,November,2022,AL
4738,MARSHALL,59786,November,2022,AL
4739,MOBILE,269587,November,2022,AL
4740,MONROE,14567,November,2022,AL
4741,MONTGOMERY,142039,November,2022,AL
4742,MORGAN,79166,November,2022,AL
4743,PERRY,7029,November,2022,AL
4744,PICKENS,12832,November,2022,AL
4745,PIKE,19817,November,2022,AL
4746,RANDOLPH,16173,November,2022,AL
4747,RUSSELL,34851,November,2022,AL
4748,SHELBY,154862,November,2022,AL
4749,ST_CLAIR,64252,November,2022,AL
4750,SUMTER,8300,November,2022,AL
4751,TALLADEGA,53499,November,2022,AL
4752,TALLAPOOSA,28638,November,2022,AL
4753,TUSCALOOSA,127670,November,2022,AL
4754,WALKER,43611,November,2022,AL
4755,WASHINGTON,12359,November,2022,AL
4756,WILCOX,8300,November,2022,AL
4757,WINSTON,16179,November,2022,AL
4758,AUTAUGA,39483,December,2022,AL
4759,BALDWIN,166798,December,2022,AL
4760,BARBOUR,15291,December,2022,AL
4761,BIBB,13876,December,2022,AL
4762,BLOUNT,39373,December,2022,AL
4763,BULLOCK,6346,December,2022,AL
4764,BUTLER,13024,December,2022,AL
4765,CALHOUN,72493,December,2022,AL
4766,CHAMBERS,22903,December,2022,AL
4767,CHEROKEE,18190,December,2022,AL
4768,CHILTON,27790,December,2022,AL
4769,CHOCTAW,9640,December,2022,AL
4770,CLARKE,17234,December,2022,AL
4771,CLAY,9683,December,2022,AL
4772,CLEBURNE,10192,December,2022,AL
4773,COFFEE,32564,December,2022,AL
4774,COLBERT,40178,December,2022,AL
4775,CONECUH,9062,December,2022,AL
4776,COOSA,7576,December,2022,AL
4777,COVINGTON,25397,December,2022,AL
4778,CRENSHAW,9685,December,2022,AL
4779,CULLMAN,58938,December,2022,AL
4780,DALE,30570,December,2022,AL
4781,DALLAS,26789,December,2022,AL
4782,DEKALB,41638,December,2022,AL
4783,ELMORE,56487,December,2022,AL
4784,ESCAMBIA,23873,December,2022,AL
4785,ETOWAH,68987,December,2022,AL
4786,FAYETTE,11809,December,2022,AL
4787,FRANKLIN,18469,December,2022,AL
4788,GENEVA,17852,December,2022,AL
4789,GREENE,6072,December,2022,AL
4790,HALE,11180,December,2022,AL
4791,HENRY,13079,December,2022,AL
4792,HOUSTON,70623,December,2022,AL
4793,JACKSON,35662,December,2022,AL
4794,JEFFERSON,437460,December,2022,AL
4795,LAMAR,10099,December,2022,AL
4796,LAUDERDALE,61116,December,2022,AL
4797,LAWRENCE,23841,December,2022,AL
4798,LEE,105748,December,2022,AL
4799,LIMESTONE,69564,December,2022,AL
4800,LOWNDES,8867,December,2022,AL
4801,MACON,12876,December,2022,AL
4802,MADISON,271559,December,2022,AL
4803,MARENGO,14062,December,2022,AL
4804,MARION,20191,December,2022,AL
4805,MARSHALL,60081,December,2022,AL
4806,MOBILE,270385,December,2022,AL
4807,MONROE,14628,December,2022,AL
4808,MONTGOMERY,142333,December,2022,AL
4809,MORGAN,79824,December,2022,AL
4810,PERRY,7007,December,2022,AL
4811,PICKENS,12817,December,2022,AL
4812,PIKE,19947,December,2022,AL
4813,RANDOLPH,16265,December,2022,AL
4814,RUSSELL,34952,December,2022,AL
4815,SHELBY,155843,December,2022,AL
4816,ST_CLAIR,64411,December,2022,AL
4817,SUMTER,8309,December,2022,AL
4818,TALLADEGA,53548,December,2022,AL
4819,TALLAPOOSA,28726,December,2022,AL
4820,TUSCALOOSA,127647,December,2022,AL
4821,WALKER,43922,December,2022,AL
4822,WASHINGTON,12386,December,2022,AL
4823,WILCOX,8273,December,2022,AL
4824,WINSTON,16246,December,2022,AL
4825,AUTAUGA,39501,January,2023,AL
4826,BALDWIN,166932,January,2023,AL
4827,BARBOUR,15293,January,2023,AL
4828,BIBB,13868,January,2023,AL
4829,BLOUNT,39369,January,2023,AL
4830,BULLOCK,6344,January,2023,AL
4831,BUTLER,13018,January,2023,AL
4832,CALHOUN,72507,January,2023,AL
4833,CHAMBERS,22928,January,2023,AL
4834,CHEROKEE,18212,January,2023,AL
4835,CHILTON,27806,January,2023,AL
4836,CHOCTAW,9629,January,2023,AL
4837,CLARKE,17235,January,2023,AL
4838,CLAY,9676,January,2023,AL
4839,CLEBURNE,10199,January,2023,AL
4840,COFFEE,32574,January,2023,AL
4841,COLBERT,40208,January,2023,AL
4842,CONECUH,9075,January,2023,AL
4843,COOSA,7576,January,2023,AL
4844,COVINGTON,25416,January,2023,AL
4845,CRENSHAW,9690,January,2023,AL
4846,CULLMAN,58976,January,2023,AL
4847,DALE,30616,January,2023,AL
4848,DALLAS,26795,January,2023,AL
4849,DEKALB,41663,January,2023,AL
4850,ELMORE,56539,January,2023,AL
4851,ESCAMBIA,23900,January,2023,AL
4852,ETOWAH,69012,January,2023,AL
4853,FAYETTE,11803,January,2023,AL
4854,FRANKLIN,18454,January,2023,AL
4855,GENEVA,17878,January,2023,AL
4856,GREENE,6064,January,2023,AL
4857,HALE,11178,January,2023,AL
4858,HENRY,13086,January,2023,AL
4859,HOUSTON,70652,January,2023,AL
4860,JACKSON,35679,January,2023,AL
4861,JEFFERSON,437522,January,2023,AL
4862,LAMAR,10097,January,2023,AL
4863,LAUDERDALE,61142,January,2023,AL
4864,LAWRENCE,23836,January,2023,AL
4865,LEE,105840,January,2023,AL
4866,LIMESTONE,69639,January,2023,AL
4867,LOWNDES,8864,January,2023,AL
4868,MACON,12867,January,2023,AL
4869,MADISON,271788,January,2023,AL
4870,MARENGO,14051,January,2023,AL
4871,MARION,20201,January,2023,AL
4872,MARSHALL,60137,January,2023,AL
4873,MOBILE,270579,January,2023,AL
4874,MONROE,14616,January,2023,AL
4875,MONTGOMERY,142368,January,2023,AL
4876,MORGAN,79883,January,2023,AL
4877,PERRY,7005,January,2023,AL
4878,PICKENS,12809,January,2023,AL
4879,PIKE,19960,January,2023,AL
4880,RANDOLPH,16270,January,2023,AL
4881,RUSSELL,34997,January,2023,AL
4882,SHELBY,155976,January,2023,AL
4883,ST_CLAIR,64427,January,2023,AL
4884,SUMTER,8306,January,2023,AL
4885,TALLADEGA,53584,January,2023,AL
4886,TALLAPOOSA,28729,January,2023,AL
4887,TUSCALOOSA,127711,January,2023,AL
4888,WALKER,43941,January,2023,AL
4889,WASHINGTON,12384,January,2023,AL
4890,WILCOX,8267,January,2023,AL
4891,WINSTON,16256,January,2023,AL
4892,AUTAUGA,39575,February,2023,AL
4893,BALDWIN,167487,February,2023,AL
4894,BARBOUR,15303,February,2023,AL
4895,BIBB,13883,February,2023,AL
4896,BLOUNT,39412,February,2023,AL
4897,BULLOCK,6344,February,2023,AL
4898,BUTLER,13018,February,2023,AL
4899,CALHOUN,72613,February,2023,AL
4900,CHAMBERS,22950,February,2023,AL
4901,CHEROKEE,18264,February,2023,AL
4902,CHILTON,27845,February,2023,AL
4903,CHOCTAW,9628,February,2023,AL
4904,CLARKE,17245,February,2023,AL
4905,CLAY,9691,February,2023,AL
4906,CLEBURNE,10223,February,2023,AL
4907,COFFEE,32603,February,2023,AL
4908,COLBERT,40279,February,2023,AL
4909,CONECUH,9066,February,2023,AL
4910,COOSA,7583,February,2023,AL
4911,COVINGTON,25486,February,2023,AL
4912,CRENSHAW,9699,February,2023,AL
4913,CULLMAN,59063,February,2023,AL
4914,DALE,30696,February,2023,AL
4915,DALLAS,26785,February,2023,AL
4916,DEKALB,41755,February,2023,AL
4917,ELMORE,56665,February,2023,AL
4918,ESCAMBIA,23981,February,2023,AL
4919,ETOWAH,69116,February,2023,AL
4920,FAYETTE,11808,February,2023,AL
4921,FRANKLIN,18472,February,2023,AL
4922,GENEVA,17926,February,2023,AL
4923,GREENE,6059,February,2023,AL
4924,HALE,11191,February,2023,AL
4925,HENRY,13107,February,2023,AL
4926,HOUSTON,70760,February,2023,AL
4927,JACKSON,35702,February,2023,AL
4928,JEFFERSON,437949,February,2023,AL
4929,LAMAR,10105,February,2023,AL
4930,LAUDERDALE,61232,February,2023,AL
4931,LAWRENCE,23862,February,2023,AL
4932,LEE,106101,February,2023,AL
4933,LIMESTONE,69822,February,2023,AL
4934,LOWNDES,8857,February,2023,AL
4935,MACON,12869,February,2023,AL
4936,MADISON,272385,February,2023,AL
4937,MARENGO,14059,February,2023,AL
4938,MARION,20262,February,2023,AL
4939,MARSHALL,60246,February,2023,AL
4940,MOBILE,270892,February,2023,AL
4941,MONROE,14619,February,2023,AL
4942,MONTGOMERY,142565,February,2023,AL
4943,MORGAN,79984,February,2023,AL
4944,PERRY,7005,February,2023,AL
4945,PICKENS,12809,February,2023,AL
4946,PIKE,20017,February,2023,AL
4947,RANDOLPH,16315,February,2023,AL
4948,RUSSELL,35106,February,2023,AL
4949,SHELBY,156235,February,2023,AL
4950,ST_CLAIR,64483,February,2023,AL
4951,SUMTER,8308,February,2023,AL
4952,TALLADEGA,53622,February,2023,AL
4953,TALLAPOOSA,28768,February,2023,AL
4954,TUSCALOOSA,128021,February,2023,AL
4955,WALKER,43974,February,2023,AL
4956,WASHINGTON,12397,February,2023,AL
4957,WILCOX,8262,February,2023,AL
4958,WINSTON,16265,February,2023,AL
4959,AUTAUGA,39694,March,2023,AL
4960,BALDWIN,168073,March,2023,AL
4961,BARBOUR,15321,March,2023,AL
4962,BIBB,13893,March,2023,AL
4963,BLOUNT,39488,March,2023,AL
4964,BULLOCK,6347,March,2023,AL
4965,BUTLER,13027,March,2023,AL
4966,CALHOUN,72807,March,2023,AL
4967,CHAMBERS,22999,March,2023,AL
4968,CHEROKEE,18313,March,2023,AL
4969,CHILTON,27912,March,2023,AL
4970,CHOCTAW,9644,March,2023,AL
4971,CLARKE,17286,March,2023,AL
4972,CLAY,9705,March,2023,AL
4973,CLEBURNE,10260,March,2023,AL
4974,COFFEE,32696,March,2023,AL
4975,COLBERT,40416,March,2023,AL
4976,CONECUH,9087,March,2023,AL
4977,COOSA,7576,March,2023,AL
4978,COVINGTON,25567,March,2023,AL
4979,CRENSHAW,9717,March,2023,AL
4980,CULLMAN,59196,March,2023,AL
4981,DALE,30789,March,2023,AL
4982,DALLAS,26785,March,2023,AL
4983,DEKALB,41845,March,2023,AL
4984,ELMORE,56794,March,2023,AL
4985,ESCAMBIA,24043,March,2023,AL
4986,ETOWAH,69216,March,2023,AL
4987,FAYETTE,11821,March,2023,AL
4988,FRANKLIN,18500,March,2023,AL
4989,GENEVA,17971,March,2023,AL
4990,GREENE,6063,March,2023,AL
4991,HALE,11194,March,2023,AL
4992,HENRY,13142,March,2023,AL
4993,HOUSTON,70968,March,2023,AL
4994,JACKSON,35823,March,2023,AL
4995,JEFFERSON,438453,March,2023,AL
4996,LAMAR,10121,March,2023,AL
4997,LAUDERDALE,61346,March,2023,AL
4998,LAWRENCE,23900,March,2023,AL
4999,LEE,106530,March,2023,AL
5000,LIMESTONE,70109,March,2023,AL
5001,LOWNDES,8852,March,2023,AL
5002,MACON,12867,March,2023,AL
5003,MADISON,273207,March,2023,AL
5004,MARENGO,14069,March,2023,AL
5005,MARION,20283,March,2023,AL
5006,MARSHALL,60415,March,2023,AL
5007,MOBILE,271575,March,2023,AL
5008,MONROE,14663,March,2023,AL
5009,MONTGOMERY,142743,March,2023,AL
5010,MORGAN,80103,March,2023,AL
5011,PERRY,6995,March,2023,AL
5012,PICKENS,12844,March,2023,AL
5013,PIKE,20102,March,2023,AL
5014,RANDOLPH,16383,March,2023,AL
5015,RUSSELL,35282,March,2023,AL
5016,SHELBY,156587,March,2023,AL
5017,ST_CLAIR,64645,March,2023,AL
5018,SUMTER,8318,March,2023,AL
5019,TALLADEGA,53730,March,2023,AL
5020,TALLAPOOSA,28835,March,2023,AL
5021,TUSCALOOSA,128289,March,2023,AL
5022,WALKER,44086,March,2023,AL
5023,WASHINGTON,12406,March,2023,AL
5024,WILCOX,8252,March,2023,AL
5025,WINSTON,16291,March,2023,AL
5026,AUTAUGA,39848,April,2023,AL
5027,BALDWIN,168860,April,2023,AL
5028,BARBOUR,15349,April,2023,AL
5029,BIBB,13917,April,2023,AL
5030,BLOUNT,39551,April,2023,AL
5031,BULLOCK,6351,April,2023,AL
5032,BUTLER,13056,April,2023,AL
5033,CALHOUN,73010,April,2023,AL
5034,CHAMBERS,23056,April,2023,AL
5035,CHEROKEE,18354,April,2023,AL
5036,CHILTON,28002,April,2023,AL
5037,CHOCTAW,9666,April,2023,AL
5038,CLARKE,17291,April,2023,AL
5039,CLAY,9709,April,2023,AL
5040,CLEBURNE,10290,April,2023,AL
5041,COFFEE,32800,April,2023,AL
5042,COLBERT,40507,April,2023,AL
5043,CONECUH,9086,April,2023,AL
5044,COOSA,7572,April,2023,AL
5045,COVINGTON,25663,April,2023,AL
5046,CRENSHAW,9736,April,2023,AL
5047,CULLMAN,59314,April,2023,AL
5048,DALE,30937,April,2023,AL
5049,DALLAS,26773,April,2023,AL
5050,DEKALB,41970,April,2023,AL
5051,ELMORE,56982,April,2023,AL
5052,ESCAMBIA,24124,April,2023,AL
5053,ETOWAH,69362,April,2023,AL
5054,FAYETTE,11839,April,2023,AL
5055,FRANKLIN,18551,April,2023,AL
5056,GENEVA,18010,April,2023,AL
5057,GREENE,6072,April,2023,AL
5058,HALE,11209,April,2023,AL
5059,HENRY,13167,April,2023,AL
5060,HOUSTON,71183,April,2023,AL
5061,JACKSON,35969,April,2023,AL
5062,JEFFERSON,439286,April,2023,AL
5063,LAMAR,10123,April,2023,AL
5064,LAUDERDALE,61526,April,2023,AL
5065,LAWRENCE,23912,April,2023,AL
5066,LEE,106961,April,2023,AL
5067,LIMESTONE,70489,April,2023,AL
5068,LOWNDES,8847,April,2023,AL
5069,MACON,12878,April,2023,AL
5070,MADISON,274276,April,2023,AL
5071,MARENGO,14070,April,2023,AL
5072,MARION,20328,April,2023,AL
5073,MARSHALL,60605,April,2023,AL
5074,MOBILE,272158,April,2023,AL
5075,MONROE,14686,April,2023,AL
5076,MONTGOMERY,142966,April,2023,AL
5077,MORGAN,80287,April,2023,AL
5078,PERRY,6992,April,2023,AL
5079,PICKENS,12843,April,2023,AL
5080,PIKE,20170,April,2023,AL
5081,RANDOLPH,16440,April,2023,AL
5082,RUSSELL,35481,April,2023,AL
5083,SHELBY,157011,April,2023,AL
5084,ST_CLAIR,64792,April,2023,AL
5085,SUMTER,8328,April,2023,AL
5086,TALLADEGA,53912,April,2023,AL
5087,TALLAPOOSA,28907,April,2023,AL
5088,TUSCALOOSA,128593,April,2023,AL
5089,WALKER,44182,April,2023,AL
5090,WASHINGTON,12415,April,2023,AL
5091,WILCOX,8260,April,2023,AL
5092,WINSTON,16339,April,2023,AL
5093,AUTAUGA,39534,May,2023,AL
5094,BALDWIN,167958,May,2023,AL
5095,BARBOUR,15261,May,2023,AL
5096,BIBB,13886,May,2023,AL
5097,BLOUNT,39453,May,2023,AL
5098,BULLOCK,6333,May,2023,AL
5099,BUTLER,13008,May,2023,AL
5100,CALHOUN,72609,May,2023,AL
5101,CHAMBERS,23087,May,2023,AL
5102,CHEROKEE,18242,May,2023,AL
5103,CHILTON,28051,May,2023,AL
5104,CHOCTAW,9611,May,2023,AL
5105,CLARKE,17241,May,2023,AL
5106,CLAY,9722,May,2023,AL
5107,CLEBURNE,10236,May,2023,AL
5108,COFFEE,32787,May,2023,AL
5109,COLBERT,40628,May,2023,AL
5110,CONECUH,9042,May,2023,AL
5111,COOSA,7592,May,2023,AL
5112,COVINGTON,25514,May,2023,AL
5113,CRENSHAW,9721,May,2023,AL
5114,CULLMAN,59398,May,2023,AL
5115,DALE,30932,May,2023,AL
5116,DALLAS,26652,May,2023,AL
5117,DEKALB,41812,May,2023,AL
5118,ELMORE,57116,May,2023,AL
5119,ESCAMBIA,24098,May,2023,AL
5120,ETOWAH,69190,May,2023,AL
5121,FAYETTE,11804,May,2023,AL
5122,FRANKLIN,18578,May,2023,AL
5123,GENEVA,17898,May,2023,AL
5124,GREENE,6046,May,2023,AL
5125,HALE,11179,May,2023,AL
5126,HENRY,13181,May,2023,AL
5127,HOUSTON,71369,May,2023,AL
5128,JACKSON,35807,May,2023,AL
5129,JEFFERSON,440001,May,2023,AL
5130,LAMAR,10056,May,2023,AL
5131,LAUDERDALE,61426,May,2023,AL
5132,LAWRENCE,23878,May,2023,AL
5133,LEE,106235,May,2023,AL
5134,LIMESTONE,70683,May,2023,AL
5135,LOWNDES,8826,May,2023,AL
5136,MACON,12804,May,2023,AL
5137,MADISON,271706,May,2023,AL
5138,MARENGO,14022,May,2023,AL
5139,MARION,20366,May,2023,AL
5140,MARSHALL,60307,May,2023,AL
5141,MOBILE,271854,May,2023,AL
5142,MONROE,14708,May,2023,AL
5143,MONTGOMERY,143191,May,2023,AL
5144,MORGAN,79855,May,2023,AL
5145,PERRY,6974,May,2023,AL
5146,PICKENS,12796,May,2023,AL
5147,PIKE,20042,May,2023,AL
5148,RANDOLPH,16340,May,2023,AL
5149,RUSSELL,34867,May,2023,AL
5150,SHELBY,156607,May,2023,AL
5151,ST_CLAIR,64866,May,2023,AL
5152,SUMTER,8308,May,2023,AL
5153,TALLADEGA,53302,May,2023,AL
5154,TALLAPOOSA,28787,May,2023,AL
5155,TUSCALOOSA,127938,May,2023,AL
5156,WALKER,44042,May,2023,AL
5157,WASHINGTON,12381,May,2023,AL
5158,WILCOX,8261,May,2023,AL
5159,WINSTON,16287,May,2023,AL
5160,AUTAUGA,39611,June,2023,AL
5161,BALDWIN,167975,June,2023,AL
5162,BARBOUR,15294,June,2023,AL
5163,BIBB,13897,June,2023,AL
5164,BLOUNT,39519,June,2023,AL
5165,BULLOCK,6343,June,2023,AL
5166,BUTLER,13015,June,2023,AL
5167,CALHOUN,72831,June,2023,AL
5168,CHAMBERS,23037,June,2023,AL
5169,CHEROKEE,18299,June,2023,AL
5170,CHILTON,28077,June,2023,AL
5171,CHOCTAW,9604,June,2023,AL
5172,CLARKE,17234,June,2023,AL
5173,CLAY,9698,June,2023,AL
5174,CLEBURNE,10264,June,2023,AL
5175,COFFEE,32555,June,2023,AL
5176,COLBERT,40721,June,2023,AL
5177,CONECUH,9041,June,2023,AL
5178,COOSA,7574,June,2023,AL
5179,COVINGTON,25580,June,2023,AL
5180,CRENSHAW,9723,June,2023,AL
5181,CULLMAN,59463,June,2023,AL
5182,DALE,30953,June,2023,AL
5183,DALLAS,26647,June,2023,AL
5184,DEKALB,41909,June,2023,AL
5185,ELMORE,56782,June,2023,AL
5186,ESCAMBIA,24026,June,2023,AL
5187,ETOWAH,69283,June,2023,AL
5188,FAYETTE,11821,June,2023,AL
5189,FRANKLIN,18450,June,2023,AL
5190,GENEVA,17932,June,2023,AL
5191,GREENE,6041,June,2023,AL
5192,HALE,11204,June,2023,AL
5193,HENRY,13103,June,2023,AL
5194,HOUSTON,71544,June,2023,AL
5195,JACKSON,35888,June,2023,AL
5196,JEFFERSON,441003,June,2023,AL
5197,LAMAR,10072,June,2023,AL
5198,LAUDERDALE,61242,June,2023,AL
5199,LAWRENCE,23877,June,2023,AL
5200,LEE,106220,June,2023,AL
5201,LIMESTONE,70855,June,2023,AL
5202,LOWNDES,8823,June,2023,AL
5203,MACON,12788,June,2023,AL
5204,MADISON,271829,June,2023,AL
5205,MARENGO,14034,June,2023,AL
5206,MARION,20259,June,2023,AL
5207,MARSHALL,60452,June,2023,AL
5208,MOBILE,270775,June,2023,AL
5209,MONROE,14650,June,2023,AL
5210,MONTGOMERY,143279,June,2023,AL
5211,MORGAN,80010,June,2023,AL
5212,PERRY,6967,June,2023,AL
5213,PICKENS,12819,June,2023,AL
5214,PIKE,20114,June,2023,AL
5215,RANDOLPH,16381,June,2023,AL
5216,RUSSELL,34919,June,2023,AL
5217,SHELBY,156339,June,2023,AL
5218,ST_CLAIR,64775,June,2023,AL
5219,SUMTER,8311,June,2023,AL
5220,TALLADEGA,53362,June,2023,AL
5221,TALLAPOOSA,28859,June,2023,AL
5222,TUSCALOOSA,127875,June,2023,AL
5223,WALKER,44104,June,2023,AL
5224,WASHINGTON,12392,June,2023,AL
5225,WILCOX,8267,June,2023,AL
5226,WINSTON,16336,June,2023,AL
5227,AUTAUGA,39760,July,2023,AL
5228,BALDWIN,168780,July,2023,AL
5229,BARBOUR,15317,July,2023,AL
5230,BIBB,13911,July,2023,AL
5231,BLOUNT,39649,July,2023,AL
5232,BULLOCK,6350,July,2023,AL
5233,BUTLER,13041,July,2023,AL
5234,CALHOUN,73003,July,2023,AL
5235,CHAMBERS,23076,July,2023,AL
5236,CHEROKEE,18338,July,2023,AL
5237,CHILTON,28138,July,2023,AL
5238,CHOCTAW,9596,July,2023,AL
5239,CLARKE,17248,July,2023,AL
5240,CLAY,9711,July,2023,AL
5241,CLEBURNE,10316,July,2023,AL
5242,COFFEE,32650,July,2023,AL
5243,COLBERT,40636,July,2023,AL
5244,CONECUH,9045,July,2023,AL
5245,COOSA,7575,July,2023,AL
5246,COVINGTON,25662,July,2023,AL
5247,CRENSHAW,9733,July,2023,AL
5248,CULLMAN,59619,July,2023,AL
5249,DALE,31036,July,2023,AL
5250,DALLAS,26649,July,2023,AL
5251,DEKALB,41993,July,2023,AL
5252,ELMORE,56929,July,2023,AL
5253,ESCAMBIA,24066,July,2023,AL
5254,ETOWAH,69418,July,2023,AL
5255,FAYETTE,11836,July,2023,AL
5256,FRANKLIN,18386,July,2023,AL
5257,GENEVA,17974,July,2023,AL
5258,GREENE,6044,July,2023,AL
5259,HALE,11192,July,2023,AL
5260,HENRY,13122,July,2023,AL
5261,HOUSTON,71666,July,2023,AL
5262,JACKSON,36010,July,2023,AL
5263,JEFFERSON,441925,July,2023,AL
5264,LAMAR,10087,July,2023,AL
5265,LAUDERDALE,61403,July,2023,AL
5266,LAWRENCE,23902,July,2023,AL
5267,LEE,106606,July,2023,AL
5268,LIMESTONE,70930,July,2023,AL
5269,LOWNDES,8818,July,2023,AL
5270,MACON,12803,July,2023,AL
5271,MADISON,272897,July,2023,AL
5272,MARENGO,14052,July,2023,AL
5273,MARION,20290,July,2023,AL
5274,MARSHALL,60593,July,2023,AL
5275,MOBILE,271385,July,2023,AL
5276,MONROE,14674,July,2023,AL
5277,MONTGOMERY,143469,July,2023,AL
5278,MORGAN,80146,July,2023,AL
5279,PERRY,6979,July,2023,AL
5280,PICKENS,12823,July,2023,AL
5281,PIKE,20161,July,2023,AL
5282,RANDOLPH,16416,July,2023,AL
5283,RUSSELL,35040,July,2023,AL
5284,SHELBY,156845,July,2023,AL
5285,ST_CLAIR,64978,July,2023,AL
5286,SUMTER,8313,July,2023,AL
5287,TALLADEGA,53464,July,2023,AL
5288,TALLAPOOSA,28920,July,2023,AL
5289,TUSCALOOSA,128052,July,2023,AL
5290,WALKER,44146,July,2023,AL
5291,WASHINGTON,12404,July,2023,AL
5292,WILCOX,8263,July,2023,AL
5293,WINSTON,16371,July,2023,AL
5294,AUTAUGA,39949,August,2023,AL
5295,BALDWIN,169842,August,2023,AL
5296,BARBOUR,15342,August,2023,AL
5297,BIBB,13947,August,2023,AL
5298,BLOUNT,39699,August,2023,AL
5299,BULLOCK,6353,August,2023,AL
5300,BUTLER,13058,August,2023,AL
5301,CALHOUN,73253,August,2023,AL
5302,CHAMBERS,23130,August,2023,AL
5303,CHEROKEE,18415,August,2023,AL
5304,CHILTON,28171,August,2023,AL
5305,CHOCTAW,9579,August,2023,AL
5306,CLARKE,17223,August,2023,AL
5307,CLAY,9740,August,2023,AL
5308,CLEBURNE,10356,August,2023,AL
5309,COFFEE,32812,August,2023,AL
5310,COLBERT,40574,August,2023,AL
5311,CONECUH,9017,August,2023,AL
5312,COOSA,7532,August,2023,AL
5313,COVINGTON,25688,August,2023,AL
5314,CRENSHAW,9740,August,2023,AL
5315,CULLMAN,59747,August,2023,AL
5316,DALE,30859,August,2023,AL
5317,DALLAS,26618,August,2023,AL
5318,DEKALB,42143,August,2023,AL
5319,ELMORE,57059,August,2023,AL
5320,ESCAMBIA,24154,August,2023,AL
5321,ETOWAH,69577,August,2023,AL
5322,FAYETTE,11881,August,2023,AL
5323,FRANKLIN,18416,August,2023,AL
5324,GENEVA,18031,August,2023,AL
5325,GREENE,5944,August,2023,AL
5326,HALE,11172,August,2023,AL
5327,HENRY,13163,August,2023,AL
5328,HOUSTON,71786,August,2023,AL
5329,JACKSON,36106,August,2023,AL
5330,JEFFERSON,442543,August,2023,AL
5331,LAMAR,10107,August,2023,AL
5332,LAUDERDALE,61608,August,2023,AL
5333,LAWRENCE,23938,August,2023,AL
5334,LEE,107312,August,2023,AL
5335,LIMESTONE,71111,August,2023,AL
5336,LOWNDES,8817,August,2023,AL
5337,MACON,12360,August,2023,AL
5338,MADISON,274102,August,2023,AL
5339,MARENGO,14077,August,2023,AL
5340,MARION,20345,August,2023,AL
5341,MARSHALL,60751,August,2023,AL
5342,MOBILE,272129,August,2023,AL
5343,MONROE,14491,August,2023,AL
5344,MONTGOMERY,143749,August,2023,AL
5345,MORGAN,80368,August,2023,AL
5346,PERRY,6933,August,2023,AL
5347,PICKENS,12819,August,2023,AL
5348,PIKE,20220,August,2023,AL
5349,RANDOLPH,16399,August,2023,AL
5350,RUSSELL,35182,August,2023,AL
5351,SHELBY,157362,August,2023,AL
5352,ST_CLAIR,65209,August,2023,AL
5353,SUMTER,8308,August,2023,AL
5354,TALLADEGA,53589,August,2023,AL
5355,TALLAPOOSA,28986,August,2023,AL
5356,TUSCALOOSA,128362,August,2023,AL
5357,WALKER,44217,August,2023,AL
5358,WASHINGTON,12448,August,2023,AL
5359,WILCOX,8240,August,2023,AL
5360,WINSTON,16366,August,2023,AL
5361,AUTAUGA,40134,September,2023,AL
5362,BALDWIN,171120,September,2023,AL
5363,BARBOUR,15364,September,2023,AL
5364,BIBB,13979,September,2023,AL
5365,BLOUNT,39781,September,2023,AL
5366,BULLOCK,6352,September,2023,AL
5367,BUTLER,13080,September,2023,AL
5368,CALHOUN,73518,September,2023,AL
5369,CHAMBERS,23218,September,2023,AL
5370,CHEROKEE,18508,September,2023,AL
5371,CHILTON,28269,September,2023,AL
5372,CHOCTAW,9600,September,2023,AL
5373,CLARKE,17247,September,2023,AL
5374,CLAY,9737,September,2023,AL
5375,CLEBURNE,10369,September,2023,AL
5376,COFFEE,32989,September,2023,AL
5377,COLBERT,40692,September,2023,AL
5378,CONECUH,9041,September,2023,AL
5379,COOSA,7557,September,2023,AL
5380,COVINGTON,25808,September,2023,AL
5381,CRENSHAW,9745,September,2023,AL
5382,CULLMAN,59880,September,2023,AL
5383,DALE,31064,September,2023,AL
5384,DALLAS,26643,September,2023,AL
5385,DEKALB,42297,September,2023,AL
5386,ELMORE,57251,September,2023,AL
5387,ESCAMBIA,24265,September,2023,AL
5388,ETOWAH,69830,September,2023,AL
5389,FAYETTE,11908,September,2023,AL
5390,FRANKLIN,18432,September,2023,AL
5391,GENEVA,18094,September,2023,AL
5392,GREENE,5930,September,2023,AL
5393,HALE,11192,September,2023,AL
5394,HENRY,13207,September,2023,AL
5395,HOUSTON,71925,September,2023,AL
5396,JACKSON,36286,September,2023,AL
5397,JEFFERSON,443615,September,2023,AL
5398,LAMAR,10124,September,2023,AL
5399,LAUDERDALE,61836,September,2023,AL
5400,LAWRENCE,23963,September,2023,AL
5401,LEE,107932,September,2023,AL
5402,LIMESTONE,71338,September,2023,AL
5403,LOWNDES,8814,September,2023,AL
5404,MACON,12428,September,2023,AL
5405,MADISON,275640,September,2023,AL
5406,MARENGO,14103,September,2023,AL
5407,MARION,20387,September,2023,AL
5408,MARSHALL,61019,September,2023,AL
5409,MOBILE,272880,September,2023,AL
5410,MONROE,14500,September,2023,AL
5411,MONTGOMERY,144157,September,2023,AL
5412,MORGAN,80638,September,2023,AL
5413,PERRY,6924,September,2023,AL
5414,PICKENS,12836,September,2023,AL
5415,PIKE,20286,September,2023,AL
5416,RANDOLPH,16461,September,2023,AL
5417,RUSSELL,35356,September,2023,AL
5418,SHELBY,157978,September,2023,AL
5419,ST_CLAIR,65402,September,2023,AL
5420,SUMTER,8312,September,2023,AL
5421,TALLADEGA,53737,September,2023,AL
5422,TALLAPOOSA,29074,September,2023,AL
5423,TUSCALOOSA,128782,September,2023,AL
5424,WALKER,44343,September,2023,AL
5425,WASHINGTON,12482,September,2023,AL
5426,WILCOX,8235,September,2023,AL
5427,WINSTON,16407,September,2023,AL
5428,AUTAUGA,40252,October,2023,AL
5429,BALDWIN,171863,October,2023,AL
5430,BARBOUR,15380,October,2023,AL
5431,BIBB,13965,October,2023,AL
5432,BLOUNT,39864,October,2023,AL
5433,BULLOCK,6353,October,2023,AL
5434,BUTLER,13093,October,2023,AL
5435,CALHOUN,73653,October,2023,AL
5436,CHAMBERS,23220,October,2023,AL
5437,CHEROKEE,18555,October,2023,AL
5438,CHILTON,28330,October,2023,AL
5439,CHOCTAW,9597,October,2023,AL
5440,CLARKE,17255,October,2023,AL
5441,CLAY,9749,October,2023,AL
5442,CLEBURNE,10409,October,2023,AL
5443,COFFEE,33047,October,2023,AL
5444,COLBERT,40746,October,2023,AL
5445,CONECUH,9045,October,2023,AL
5446,COOSA,7577,October,2023,AL
5447,COVINGTON,25877,October,2023,AL
5448,CRENSHAW,9768,October,2023,AL
5449,CULLMAN,60005,October,2023,AL
5450,DALE,31154,October,2023,AL
5451,DALLAS,26628,October,2023,AL
5452,DEKALB,42399,October,2023,AL
5453,ELMORE,57356,October,2023,AL
5454,ESCAMBIA,24335,October,2023,AL
5455,ETOWAH,69952,October,2023,AL
5456,FAYETTE,11917,October,2023,AL
5457,FRANKLIN,18470,October,2023,AL
5458,GENEVA,18142,October,2023,AL
5459,GREENE,5929,October,2023,AL
5460,HALE,11200,October,2023,AL
5461,HENRY,13259,October,2023,AL
5462,HOUSTON,72013,October,2023,AL
5463,JACKSON,36352,October,2023,AL
5464,JEFFERSON,444098,October,2023,AL
5465,LAMAR,10143,October,2023,AL
5466,LAUDERDALE,61987,October,2023,AL
5467,LAWRENCE,24006,October,2023,AL
5468,LEE,108323,October,2023,AL
5469,LIMESTONE,71574,October,2023,AL
5470,LOWNDES,8802,October,2023,AL
5471,MACON,12432,October,2023,AL
5472,MADISON,276496,October,2023,AL
5473,MARENGO,14104,October,2023,AL
5474,MARION,20388,October,2023,AL
5475,MARSHALL,61172,October,2023,AL
5476,MOBILE,273321,October,2023,AL
5477,MONROE,14512,October,2023,AL
5478,MONTGOMERY,144535,October,2023,AL
5479,MORGAN,80761,October,2023,AL
5480,PERRY,6929,October,2023,AL
5481,PICKENS,12832,October,2023,AL
5482,PIKE,20334,October,2023,AL
5483,RANDOLPH,16483,October,2023,AL
5484,RUSSELL,35370,October,2023,AL
5485,SHELBY,157940,October,2023,AL
5486,ST_CLAIR,65552,October,2023,AL
5487,SUMTER,8311,October,2023,AL
5488,TALLADEGA,53898,October,2023,AL
5489,TALLAPOOSA,29153,October,2023,AL
5490,TUSCALOOSA,129029,October,2023,AL
5491,WALKER,44416,October,2023,AL
5492,WASHINGTON,12504,October,2023,AL
5493,WILCOX,8223,October,2023,AL
5494,WINSTON,16444,October,2023,AL
5495,AUTAUGA,40252,November,2023,AL
5496,BALDWIN,171863,November,2023,AL
5497,BARBOUR,15380,November,2023,AL
5498,BIBB,13965,November,2023,AL
5499,BLOUNT,39864,November,2023,AL
5500,BULLOCK,6353,November,2023,AL
5501,BUTLER,13093,November,2023,AL
5502,CALHOUN,73653,November,2023,AL
5503,CHAMBERS,23220,November,2023,AL
5504,CHEROKEE,18555,November,2023,AL
5505,CHILTON,28330,November,2023,AL
5506,CHOCTAW,9597,November,2023,AL
5507,CLARKE,17255,November,2023,AL
5508,CLAY,9749,November,2023,AL
5509,CLEBURNE,10409,November,2023,AL
5510,COFFEE,33047,November,2023,AL
5511,COLBERT,40746,November,2023,AL
5512,CONECUH,9045,November,2023,AL
5513,COOSA,7577,November,2023,AL
5514,COVINGTON,25877,November,2023,AL
5515,CRENSHAW,9768,November,2023,AL
5516,CULLMAN,60005,November,2023,AL
5517,DALE,31154,November,2023,AL
5518,DALLAS,26628,November,2023,AL
5519,DEKALB,42399,November,2023,AL
5520,ELMORE,57356,November,2023,AL
5521,ESCAMBIA,24335,November,2023,AL
5522,ETOWAH,69952,November,2023,AL
5523,FAYETTE,11917,November,2023,AL
5524,FRANKLIN,18470,November,2023,AL
5525,GENEVA,18142,November,2023,AL
5526,GREENE,5929,November,2023,AL
5527,HALE,11200,November,2023,AL
5528,HENRY,13259,November,2023,AL
5529,HOUSTON,72013,November,2023,AL
5530,JACKSON,36352,November,2023,AL
5531,JEFFERSON,444098,November,2023,AL
5532,LAMAR,10143,November,2023,AL
5533,LAUDERDALE,61987,November,2023,AL
5534,LAWRENCE,24006,November,2023,AL
5535,LEE,108323,November,2023,AL
5536,LIMESTONE,71574,November,2023,AL
5537,LOWNDES,8802,November,2023,AL
5538,MACON,12432,November,2023,AL
5539,MADISON,276496,November,2023,AL
5540,MARENGO,14104,November,2023,AL
5541,MARION,20388,November,2023,AL
5542,MARSHALL,61172,November,2023,AL
5543,MOBILE,273321,November,2023,AL
5544,MONROE,14512,November,2023,AL
5545,MONTGOMERY,144535,November,2023,AL
5546,MORGAN,80761,November,2023,AL
5547,PERRY,6929,November,2023,AL
5548,PICKENS,12832,November,2023,AL
5549,PIKE,20334,November,2023,AL
5550,RANDOLPH,16483,November,2023,AL
5551,RUSSELL,35370,November,2023,AL
5552,SHELBY,157940,November,2023,AL
5553,ST_CLAIR,65552,November,2023,AL
5554,SUMTER,8311,November,2023,AL
5555,TALLADEGA,53898,November,2023,AL
5556,TALLAPOOSA,29153,November,2023,AL
5557,TUSCALOOSA,129029,November,2023,AL
5558,WALKER,44416,November,2023,AL
5559,WASHINGTON,12504,November,2023,AL
5560,WILCOX,8223,November,2023,AL
5561,WINSTON,16444,November,2023,AL
5562,AUTAUGA,40175,December,2023,AL
5563,BALDWIN,170257,December,2023,AL
5564,BARBOUR,15356,December,2023,AL
5565,BIBB,13904,December,2023,AL
5566,BLOUNT,39420,December,2023,AL
5567,BULLOCK,6289,December,2023,AL
5568,BUTLER,13004,December,2023,AL
5569,CALHOUN,73434,December,2023,AL
5570,CHAMBERS,23170,December,2023,AL
5571,CHEROKEE,18572,December,2023,AL
5572,CHILTON,28230,December,2023,AL
5573,CHOCTAW,9580,December,2023,AL
5574,CLARKE,17175,December,2023,AL
5575,CLAY,9734,December,2023,AL
5576,CLEBURNE,10339,December,2023,AL
5577,COFFEE,33001,December,2023,AL
5578,COLBERT,40640,December,2023,AL
5579,CONECUH,9015,December,2023,AL
5580,COOSA,7565,December,2023,AL
5581,COVINGTON,25844,December,2023,AL
5582,CRENSHAW,9714,December,2023,AL
5583,CULLMAN,59845,December,2023,AL
5584,DALE,31006,December,2023,AL
5585,DALLAS,26545,December,2023,AL
5586,DEKALB,42346,December,2023,AL
5587,ELMORE,57158,December,2023,AL
5588,ESCAMBIA,24337,December,2023,AL
5589,ETOWAH,69749,December,2023,AL
5590,FAYETTE,11886,December,2023,AL
5591,FRANKLIN,18348,December,2023,AL
5592,GENEVA,18106,December,2023,AL
5593,GREENE,5913,December,2023,AL
5594,HALE,11142,December,2023,AL
5595,HENRY,13214,December,2023,AL
5596,HOUSTON,71969,December,2023,AL
5597,JACKSON,36309,December,2023,AL
5598,JEFFERSON,443334,December,2023,AL
5599,LAMAR,10134,December,2023,AL
5600,LAUDERDALE,61913,December,2023,AL
5601,LAWRENCE,23969,December,2023,AL
5602,LEE,108233,December,2023,AL
5603,LIMESTONE,71438,December,2023,AL
5604,LOWNDES,8767,December,2023,AL
5605,MACON,12388,December,2023,AL
5606,MADISON,274230,December,2023,AL
5607,MARENGO,14021,December,2023,AL
5608,MARION,20349,December,2023,AL
5609,MARSHALL,61106,December,2023,AL
5610,MOBILE,273222,December,2023,AL
5611,MONROE,14471,December,2023,AL
5612,MONTGOMERY,144240,December,2023,AL
5613,MORGAN,80561,December,2023,AL
5614,PERRY,6907,December,2023,AL
5615,PICKENS,12795,December,2023,AL
5616,PIKE,20260,December,2023,AL
5617,RANDOLPH,16471,December,2023,AL
5618,RUSSELL,35312,December,2023,AL
5619,SHELBY,157735,December,2023,AL
5620,ST_CLAIR,65416,December,2023,AL
5621,SUMTER,8297,December,2023,AL
5622,TALLADEGA,53682,December,2023,AL
5623,TALLAPOOSA,29080,December,2023,AL
5624,TUSCALOOSA,128922,December,2023,AL
5625,WALKER,44299,December,2023,AL
5626,WASHINGTON,12459,December,2023,AL
5627,WILCOX,8176,December,2023,AL
5628,WINSTON,16423,December,2023,AL
5629,AUTAUGA,40136,January,2024,AL
5630,BALDWIN,170141,January,2024,AL
5631,BARBOUR,15343,January,2024,AL
5632,BIBB,13902,January,2024,AL
5633,BLOUNT,39369,January,2024,AL
5634,BULLOCK,6282,January,2024,AL
5635,BUTLER,12996,January,2024,AL
5636,CALHOUN,73418,January,2024,AL
5637,CHAMBERS,23158,January,2024,AL
5638,CHEROKEE,18563,January,2024,AL
5639,CHILTON,28218,January,2024,AL
5640,CHOCTAW,9577,January,2024,AL
5641,CLARKE,17132,January,2024,AL
5642,CLAY,9732,January,2024,AL
5643,CLEBURNE,10325,January,2024,AL
5644,COFFEE,32964,January,2024,AL
5645,COLBERT,40592,January,2024,AL
5646,CONECUH,9000,January,2024,AL
5647,COOSA,7553,January,2024,AL
5648,COVINGTON,25822,January,2024,AL
5649,CRENSHAW,9704,January,2024,AL
5650,CULLMAN,59794,January,2024,AL
5651,DALE,30942,January,2024,AL
5652,DALLAS,26522,January,2024,AL
5653,DEKALB,42313,January,2024,AL
5654,ELMORE,57109,January,2024,AL
5655,ESCAMBIA,24328,January,2024,AL
5656,ETOWAH,69684,January,2024,AL
5657,FAYETTE,11865,January,2024,AL
5658,FRANKLIN,18331,January,2024,AL
5659,GENEVA,18094,January,2024,AL
5660,GREENE,5910,January,2024,AL
5661,HALE,11133,January,2024,AL
5662,HENRY,13200,January,2024,AL
5663,HOUSTON,71912,January,2024,AL
5664,JACKSON,36264,January,2024,AL
5665,JEFFERSON,442983,January,2024,AL
5666,LAMAR,10129,January,2024,AL
5667,LAUDERDALE,61842,January,2024,AL
5668,LAWRENCE,23942,January,2024,AL
5669,LEE,108013,January,2024,AL
5670,LIMESTONE,71384,January,2024,AL
5671,LOWNDES,8759,January,2024,AL
5672,MACON,12374,January,2024,AL
5673,MADISON,273923,January,2024,AL
5674,MARENGO,14031,January,2024,AL
5675,MARION,20326,January,2024,AL
5676,MARSHALL,60998,January,2024,AL
5677,MOBILE,273114,January,2024,AL
5678,MONROE,14461,January,2024,AL
5679,MONTGOMERY,144124,January,2024,AL
5680,MORGAN,80476,January,2024,AL
5681,PERRY,6893,January,2024,AL
5682,PICKENS,12788,January,2024,AL
5683,PIKE,20237,January,2024,AL
5684,RANDOLPH,16457,January,2024,AL
5685,RUSSELL,35298,January,2024,AL
5686,SHELBY,157566,January,2024,AL
5687,ST_CLAIR,65348,January,2024,AL
5688,SUMTER,8295,January,2024,AL
5689,TALLADEGA,53616,January,2024,AL
5690,TALLAPOOSA,29057,January,2024,AL
5691,TUSCALOOSA,128852,January,2024,AL
5692,WALKER,44242,January,2024,AL
5693,WASHINGTON,12442,January,2024,AL
5694,WILCOX,8168,January,2024,AL
5695,WINSTON,16399,January,2024,AL
5696,AUTAUGA,40194,February,2024,AL
5697,BALDWIN,170709,February,2024,AL
5698,BARBOUR,15347,February,2024,AL
5699,BIBB,13914,February,2024,AL
5700,BLOUNT,39669,February,2024,AL
5701,BULLOCK,6290,February,2024,AL
5702,BUTLER,13045,February,2024,AL
5703,CALHOUN,73453,February,2024,AL
5704,CHAMBERS,23149,February,2024,AL
5705,CHEROKEE,18585,February,2024,AL
5706,CHILTON,28269,February,2024,AL
5707,CHOCTAW,9574,February,2024,AL
5708,CLARKE,17108,February,2024,AL
5709,CLAY,9731,February,2024,AL
5710,CLEBURNE,10378,February,2024,AL
5711,COFFEE,32993,February,2024,AL
5712,COLBERT,40614,February,2024,AL
5713,CONECUH,9024,February,2024,AL
5714,COOSA,7541,February,2024,AL
5715,COVINGTON,25858,February,2024,AL
5716,CRENSHAW,9707,February,2024,AL
5717,CULLMAN,59833,February,2024,AL
5718,DALE,30987,February,2024,AL
5719,DALLAS,26499,February,2024,AL
5720,DEKALB,42397,February,2024,AL
5721,ELMORE,57162,February,2024,AL
5722,ESCAMBIA,24401,February,2024,AL
5723,ETOWAH,69718,February,2024,AL
5724,FAYETTE,11854,February,2024,AL
5725,FRANKLIN,18451,February,2024,AL
5726,GENEVA,18098,February,2024,AL
5727,GREENE,5906,February,2024,AL
5728,HALE,11122,February,2024,AL
5729,HENRY,13199,February,2024,AL
5730,HOUSTON,71997,February,2024,AL
5731,JACKSON,36313,February,2024,AL
5732,JEFFERSON,443173,February,2024,AL
5733,LAMAR,10154,February,2024,AL
5734,LAUDERDALE,61963,February,2024,AL
5735,LAWRENCE,23908,February,2024,AL
5736,LEE,107313,February,2024,AL
5737,LIMESTONE,71695,February,2024,AL
5738,LOWNDES,8747,February,2024,AL
5739,MACON,12359,February,2024,AL
5740,MADISON,274481,February,2024,AL
5741,MARENGO,14071,February,2024,AL
5742,MARION,20321,February,2024,AL
5743,MARSHALL,61043,February,2024,AL
5744,MOBILE,271628,February,2024,AL
5745,MONROE,14433,February,2024,AL
5746,MONTGOMERY,144112,February,2024,AL
5747,MORGAN,80481,February,2024,AL
5748,PERRY,6891,February,2024,AL
5749,PICKENS,12778,February,2024,AL
5750,PIKE,20244,February,2024,AL
5751,RANDOLPH,16474,February,2024,AL
5752,RUSSELL,35408,February,2024,AL
5753,SHELBY,157682,February,2024,AL
5754,ST_CLAIR,65363,February,2024,AL
5755,SUMTER,8294,February,2024,AL
5756,TALLADEGA,53551,February,2024,AL
5757,TALLAPOOSA,29065,February,2024,AL
5758,TUSCALOOSA,128514,February,2024,AL
5759,WALKER,44236,February,2024,AL
5760,WASHINGTON,12465,February,2024,AL
5761,WILCOX,8169,February,2024,AL
5762,WINSTON,16441,February,2024,AL
5763,AUTAUGA,40286,March,2024,AL
5764,BALDWIN,171931,March,2024,AL
5765,BARBOUR,15394,March,2024,AL
5766,BIBB,13915,March,2024,AL
5767,BLOUNT,39883,March,2024,AL
5768,BULLOCK,6299,March,2024,AL
5769,BUTLER,13083,March,2024,AL
5770,CALHOUN,73696,March,2024,AL
5771,CHAMBERS,23188,March,2024,AL
5772,CHEROKEE,18658,March,2024,AL
5773,CHILTON,28401,March,2024,AL
5774,CHOCTAW,9595,March,2024,AL
5775,CLARKE,17191,March,2024,AL
5776,CLAY,9775,March,2024,AL
5777,CLEBURNE,10489,March,2024,AL
5778,COFFEE,33185,March,2024,AL
5779,COLBERT,40668,March,2024,AL
5780,CONECUH,8996,March,2024,AL
5781,COOSA,7537,March,2024,AL
5782,COVINGTON,25988,March,2024,AL
5783,CRENSHAW,9731,March,2024,AL
5784,CULLMAN,60029,March,2024,AL
5785,DALE,31051,March,2024,AL
5786,DALLAS,26524,March,2024,AL
5787,DEKALB,42624,March,2024,AL
5788,ELMORE,57369,March,2024,AL
5789,ESCAMBIA,24479,March,2024,AL
5790,ETOWAH,69850,March,2024,AL
5791,FAYETTE,11879,March,2024,AL
5792,FRANKLIN,18536,March,2024,AL
5793,GENEVA,18170,March,2024,AL
5794,GREENE,5918,March,2024,AL
5795,HALE,11144,March,2024,AL
5796,HENRY,13259,March,2024,AL
5797,HOUSTON,72213,March,2024,AL
5798,JACKSON,36428,March,2024,AL
5799,JEFFERSON,444344,March,2024,AL
5800,LAMAR,10197,March,2024,AL
5801,LAUDERDALE,62161,March,2024,AL
5802,LAWRENCE,23929,March,2024,AL
5803,LEE,107550,March,2024,AL
5804,LIMESTONE,72005,March,2024,AL
5805,LOWNDES,8747,March,2024,AL
5806,MACON,12439,March,2024,AL
5807,MADISON,275496,March,2024,AL
5808,MARENGO,14085,March,2024,AL
5809,MARION,20312,March,2024,AL
5810,MARSHALL,61157,March,2024,AL
5811,MOBILE,272644,March,2024,AL
5812,MONROE,14456,March,2024,AL
5813,MONTGOMERY,144350,March,2024,AL
5814,MORGAN,80619,March,2024,AL
5815,PERRY,6913,March,2024,AL
5816,PICKENS,12807,March,2024,AL
5817,PIKE,20273,March,2024,AL
5818,RANDOLPH,16498,March,2024,AL
5819,RUSSELL,35574,March,2024,AL
5820,SHELBY,158100,March,2024,AL
5821,ST_CLAIR,65519,March,2024,AL
5822,SUMTER,8289,March,2024,AL
5823,TALLADEGA,53631,March,2024,AL
5824,TALLAPOOSA,29092,March,2024,AL
5825,TUSCALOOSA,128421,March,2024,AL
5826,WALKER,44382,March,2024,AL
5827,WASHINGTON,12494,March,2024,AL
5828,WILCOX,8170,March,2024,AL
5829,WINSTON,16485,March,2024,AL
5830,AUTAUGA,40235,April,2024,AL
5831,BALDWIN,171440,April,2024,AL
5832,BARBOUR,15359,April,2024,AL
5833,BIBB,13958,April,2024,AL
5834,BLOUNT,39951,April,2024,AL
5835,BULLOCK,6313,April,2024,AL
5836,BUTLER,13126,April,2024,AL
5837,CALHOUN,73602,April,2024,AL
5838,CHAMBERS,23210,April,2024,AL
5839,CHEROKEE,18710,April,2024,AL
5840,CHILTON,28479,April,2024,AL
5841,CHOCTAW,9570,April,2024,AL
5842,CLARKE,17145,April,2024,AL
5843,CLAY,9813,April,2024,AL
5844,CLEBURNE,10529,April,2024,AL
5845,COFFEE,33282,April,2024,AL
5846,COLBERT,40748,April,2024,AL
5847,CONECUH,9000,April,2024,AL
5848,COOSA,7554,April,2024,AL
5849,COVINGTON,26024,April,2024,AL
5850,CRENSHAW,9763,April,2024,AL
5851,CULLMAN,60068,April,2024,AL
5852,DALE,31157,April,2024,AL
5853,DALLAS,26455,April,2024,AL
5854,DEKALB,42607,April,2024,AL
5855,ELMORE,57482,April,2024,AL
5856,ESCAMBIA,24524,April,2024,AL
5857,ETOWAH,69742,April,2024,AL
5858,FAYETTE,11924,April,2024,AL
5859,FRANKLIN,18597,April,2024,AL
5860,GENEVA,18207,April,2024,AL
5861,GREENE,5896,April,2024,AL
5862,HALE,11136,April,2024,AL
5863,HENRY,13292,April,2024,AL
5864,HOUSTON,72348,April,2024,AL
5865,JACKSON,36564,April,2024,AL
5866,JEFFERSON,445554,April,2024,AL
5867,LAMAR,10218,April,2024,AL
5868,LAUDERDALE,62477,April,2024,AL
5869,LAWRENCE,23889,April,2024,AL
5870,LEE,107359,April,2024,AL
5871,LIMESTONE,72049,April,2024,AL
5872,LOWNDES,8755,April,2024,AL
5873,MACON,12480,April,2024,AL
5874,MADISON,274630,April,2024,AL
5875,MARENGO,14081,April,2024,AL
5876,MARION,20370,April,2024,AL
5877,MARSHALL,61140,April,2024,AL
5878,MOBILE,272690,April,2024,AL
5879,MONROE,14491,April,2024,AL
5880,MONTGOMERY,144651,April,2024,AL
5881,MORGAN,80763,April,2024,AL
5882,PERRY,6910,April,2024,AL
5883,PICKENS,12775,April,2024,AL
5884,PIKE,20285,April,2024,AL
5885,RANDOLPH,16546,April,2024,AL
5886,RUSSELL,35449,April,2024,AL
5887,SHELBY,158193,April,2024,AL
5888,ST_CLAIR,65704,April,2024,AL
5889,SUMTER,8243,April,2024,AL
5890,TALLADEGA,53695,April,2024,AL
5891,TALLAPOOSA,29216,April,2024,AL
5892,TUSCALOOSA,128078,April,2024,AL
5893,WALKER,44524,April,2024,AL
5894,WASHINGTON,12489,April,2024,AL
5895,WILCOX,8189,April,2024,AL
5896,WINSTON,16528,April,2024,AL
5897,AUTAUGA,40450,May,2024,AL
5898,BALDWIN,172255,May,2024,AL
5899,BARBOUR,15371,May,2024,AL
5900,BIBB,13988,May,2024,AL
5901,BLOUNT,40107,May,2024,AL
5902,BULLOCK,6314,May,2024,AL
5903,BUTLER,13113,May,2024,AL
5904,CALHOUN,73871,May,2024,AL
5905,CHAMBERS,23244,May,2024,AL
5906,CHEROKEE,18693,May,2024,AL
5907,CHILTON,28542,May,2024,AL
5908,CHOCTAW,9571,May,2024,AL
5909,CLARKE,17162,May,2024,AL
5910,CLAY,9793,May,2024,AL
5911,CLEBURNE,10552,May,2024,AL
5912,COFFEE,33245,May,2024,AL
5913,COLBERT,40747,May,2024,AL
5914,CONECUH,8981,May,2024,AL
5915,COOSA,7574,May,2024,AL
5916,COVINGTON,26016,May,2024,AL
5917,CRENSHAW,9784,May,2024,AL
5918,CULLMAN,60216,May,2024,AL
5919,DALE,31121,May,2024,AL
5920,DALLAS,26453,May,2024,AL
5921,DEKALB,42826,May,2024,AL
5922,ELMORE,57573,May,2024,AL
5923,ESCAMBIA,24466,May,2024,AL
5924,ETOWAH,69970,May,2024,AL
5925,FAYETTE,11959,May,2024,AL
5926,FRANKLIN,18672,May,2024,AL
5927,GENEVA,18235,May,2024,AL
5928,GREENE,5898,May,2024,AL
5929,HALE,11144,May,2024,AL
5930,HENRY,13298,May,2024,AL
5931,HOUSTON,72535,May,2024,AL
5932,JACKSON,36611,May,2024,AL
5933,JEFFERSON,445117,May,2024,AL
5934,LAMAR,10218,May,2024,AL
5935,LAUDERDALE,62130,May,2024,AL
5936,LAWRENCE,23959,May,2024,AL
5937,LEE,107311,May,2024,AL
5938,LIMESTONE,72375,May,2024,AL
5939,LOWNDES,8752,May,2024,AL
5940,MACON,12502,May,2024,AL
5941,MADISON,275759,May,2024,AL
5942,MARENGO,14084,May,2024,AL
5943,MARION,20535,May,2024,AL
5944,MARSHALL,61359,May,2024,AL
5945,MOBILE,272990,May,2024,AL
5946,MONROE,14502,May,2024,AL
5947,MONTGOMERY,144043,May,2024,AL
5948,MORGAN,80817,May,2024,AL
5949,PERRY,6890,May,2024,AL
5950,PICKENS,12809,May,2024,AL
5951,PIKE,20322,May,2024,AL
5952,RANDOLPH,16538,May,2024,AL
5953,RUSSELL,35548,May,2024,AL
5954,SHELBY,158035,May,2024,AL
5955,ST_CLAIR,65868,May,2024,AL
5956,SUMTER,8238,May,2024,AL
5957,TALLADEGA,53814,May,2024,AL
5958,TALLAPOOSA,29195,May,2024,AL
5959,TUSCALOOSA,128347,May,2024,AL
5960,WALKER,44551,May,2024,AL
5961,WASHINGTON,12536,May,2024,AL
5962,WILCOX,8183,May,2024,AL
5963,WINSTON,16538,May,2024,AL
5964,AUTAUGA,40479,June,2024,AL
5965,BALDWIN,172406,June,2024,AL
5966,BARBOUR,15282,June,2024,AL
5967,BIBB,13975,June,2024,AL
5968,BLOUNT,40108,June,2024,AL
5969,BULLOCK,6286,June,2024,AL
5970,BUTLER,13051,June,2024,AL
5971,CALHOUN,73647,June,2024,AL
5972,CHAMBERS,23181,June,2024,AL
5973,CHEROKEE,18610,June,2024,AL
5974,CHILTON,28607,June,2024,AL
5975,CHOCTAW,9472,June,2024,AL
5976,CLARKE,17098,June,2024,AL
5977,CLAY,9760,June,2024,AL
5978,CLEBURNE,10497,June,2024,AL
5979,COFFEE,33283,June,2024,AL
5980,COLBERT,40873,June,2024,AL
5981,CONECUH,8909,June,2024,AL
5982,COOSA,7581,June,2024,AL
5983,COVINGTON,25992,June,2024,AL
5984,CRENSHAW,9778,June,2024,AL
5985,CULLMAN,60151,June,2024,AL
5986,DALE,30981,June,2024,AL
5987,DALLAS,26291,June,2024,AL
5988,DEKALB,42739,June,2024,AL
5989,ELMORE,57537,June,2024,AL
5990,ESCAMBIA,24438,June,2024,AL
5991,ETOWAH,69877,June,2024,AL
5992,FAYETTE,11924,June,2024,AL
5993,FRANKLIN,18432,June,2024,AL
5994,GENEVA,18195,June,2024,AL
5995,GREENE,5901,June,2024,AL
5996,HALE,11083,June,2024,AL
5997,HENRY,13135,June,2024,AL
5998,HOUSTON,71777,June,2024,AL
5999,JACKSON,36540,June,2024,AL
6000,JEFFERSON,444745,June,2024,AL
6001,LAMAR,10089,June,2024,AL
6002,LAUDERDALE,61723,June,2024,AL
6003,LAWRENCE,23956,June,2024,AL
6004,LEE,106296,June,2024,AL
6005,LIMESTONE,72447,June,2024,AL
6006,LOWNDES,8719,June,2024,AL
6007,MACON,12663,June,2024,AL
6008,MADISON,275797,June,2024,AL
6009,MARENGO,14018,June,2024,AL
6010,MARION,20453,June,2024,AL
6011,MARSHALL,61282,June,2024,AL
6012,MOBILE,271080,June,2024,AL
6013,MONROE,14410,June,2024,AL
6014,MONTGOMERY,143891,June,2024,AL
6015,MORGAN,80521,June,2024,AL
6016,PERRY,6877,June,2024,AL
6017,PICKENS,12672,June,2024,AL
6018,PIKE,20276,June,2024,AL
6019,RANDOLPH,16440,June,2024,AL
6020,RUSSELL,35074,June,2024,AL
6021,SHELBY,157462,June,2024,AL
6022,ST_CLAIR,65837,June,2024,AL
6023,SUMTER,8107,June,2024,AL
6024,TALLADEGA,53728,June,2024,AL
6025,TALLAPOOSA,29049,June,2024,AL
6026,TUSCALOOSA,127727,June,2024,AL
6027,WALKER,44490,June,2024,AL
6028,WASHINGTON,12545,June,2024,AL
6029,WILCOX,8142,June,2024,AL
6030,WINSTON,16531,June,2024,AL
6031,AUTAUGA,40403,July,2024,AL
6032,BALDWIN,172643,July,2024,AL
6033,BARBOUR,15274,July,2024,AL
6034,BIBB,13981,July,2024,AL
6035,BLOUNT,40126,July,2024,AL
6036,BULLOCK,6270,July,2024,AL
6037,BUTLER,13037,July,2024,AL
6038,CALHOUN,73677,July,2024,AL
6039,CHAMBERS,23277,July,2024,AL
6040,CHEROKEE,18621,July,2024,AL
6041,CHILTON,28666,July,2024,AL
6042,CHOCTAW,9478,July,2024,AL
6043,CLARKE,17090,July,2024,AL
6044,CLAY,9768,July,2024,AL
6045,CLEBURNE,10492,July,2024,AL
6046,COFFEE,33368,July,2024,AL
6047,COLBERT,40861,July,2024,AL
6048,CONECUH,8894,July,2024,AL
6049,COOSA,7565,July,2024,AL
6050,COVINGTON,25987,July,2024,AL
6051,CRENSHAW,9776,July,2024,AL
6052,CULLMAN,60230,July,2024,AL
6053,DALE,30939,July,2024,AL
6054,DALLAS,26236,July,2024,AL
6055,DEKALB,42781,July,2024,AL
6056,ELMORE,57613,July,2024,AL
6057,ESCAMBIA,24447,July,2024,AL
6058,ETOWAH,69858,July,2024,AL
6059,FAYETTE,11917,July,2024,AL
6060,FRANKLIN,18438,July,2024,AL
6061,GENEVA,18199,July,2024,AL
6062,GREENE,5906,July,2024,AL
6063,HALE,11070,July,2024,AL
6064,HENRY,13138,July,2024,AL
6065,HOUSTON,70837,July,2024,AL
6066,JACKSON,36590,July,2024,AL
6067,JEFFERSON,442792,July,2024,AL
6068,LAMAR,10081,July,2024,AL
6069,LAUDERDALE,61715,July,2024,AL
6070,LAWRENCE,23976,July,2024,AL
6071,LEE,106418,July,2024,AL
6072,LIMESTONE,72694,July,2024,AL
6073,LOWNDES,8707,July,2024,AL
6074,MACON,12626,July,2024,AL
6075,MADISON,276191,July,2024,AL
6076,MARENGO,13985,July,2024,AL
6077,MARION,20461,July,2024,AL
6078,MARSHALL,61052,July,2024,AL
6079,MOBILE,271292,July,2024,AL
6080,MONROE,14411,July,2024,AL
6081,MONTGOMERY,143866,July,2024,AL
6082,MORGAN,80560,July,2024,AL
6083,PERRY,6876,July,2024,AL
6084,PICKENS,12669,July,2024,AL
6085,PIKE,20295,July,2024,AL
6086,RANDOLPH,16382,July,2024,AL
6087,RUSSELL,35145,July,2024,AL
6088,SHELBY,157660,July,2024,AL
6089,ST_CLAIR,65906,July,2024,AL
6090,SUMTER,8101,July,2024,AL
6091,TALLADEGA,53755,July,2024,AL
6092,TALLAPOOSA,29018,July,2024,AL
6093,TUSCALOOSA,127838,July,2024,AL
6094,WALKER,44500,July,2024,AL
6095,WASHINGTON,12517,July,2024,AL
6096,WILCOX,8111,July,2024,AL
6097,WINSTON,16504,July,2024,AL
6098,AUTAUGA,40421,August,2024,AL
6099,BALDWIN,173392,August,2024,AL
6100,BARBOUR,15282,August,2024,AL
6101,BIBB,13922,August,2024,AL
6102,BLOUNT,40081,August,2024,AL
6103,BULLOCK,6263,August,2024,AL
6104,BUTLER,12971,August,2024,AL
6105,CALHOUN,73775,August,2024,AL
6106,CHAMBERS,23325,August,2024,AL
6107,CHEROKEE,18649,August,2024,AL
6108,CHILTON,28699,August,2024,AL
6109,CHOCTAW,9472,August,2024,AL
6110,CLARKE,17030,August,2024,AL
6111,CLAY,9758,August,2024,AL
6112,CLEBURNE,10507,August,2024,AL
6113,COFFEE,33362,August,2024,AL
6114,COLBERT,40894,August,2024,AL
6115,CONECUH,8746,August,2024,AL
6116,COOSA,7566,August,2024,AL
6117,COVINGTON,25973,August,2024,AL
6118,CRENSHAW,9780,August,2024,AL
6119,CULLMAN,60311,August,2024,AL
6120,DALE,30833,August,2024,AL
6121,DALLAS,26186,August,2024,AL
6122,DEKALB,42822,August,2024,AL
6123,ELMORE,57708,August,2024,AL
6124,ESCAMBIA,24493,August,2024,AL
6125,ETOWAH,69868,August,2024,AL
6126,FAYETTE,11909,August,2024,AL
6127,FRANKLIN,18452,August,2024,AL
6128,GENEVA,18197,August,2024,AL
6129,GREENE,5904,August,2024,AL
6130,HALE,11049,August,2024,AL
6131,HENRY,13166,August,2024,AL
6132,HOUSTON,70520,August,2024,AL
6133,JACKSON,36567,August,2024,AL
6134,JEFFERSON,443058,August,2024,AL
6135,LAMAR,10065,August,2024,AL
6136,LAUDERDALE,61839,August,2024,AL
6137,LAWRENCE,24007,August,2024,AL
6138,LEE,106541,August,2024,AL
6139,LIMESTONE,72789,August,2024,AL
6140,LOWNDES,8683,August,2024,AL
6141,MACON,12606,August,2024,AL
6142,MADISON,276629,August,2024,AL
6143,MARENGO,13977,August,2024,AL
6144,MARION,20461,August,2024,AL
6145,MARSHALL,60993,August,2024,AL
6146,MOBILE,271487,August,2024,AL
6147,MONROE,14427,August,2024,AL
6148,MONTGOMERY,143709,August,2024,AL
6149,MORGAN,80534,August,2024,AL
6150,PERRY,6854,August,2024,AL
6151,PICKENS,12649,August,2024,AL
6152,PIKE,20296,August,2024,AL
6153,RANDOLPH,16436,August,2024,AL
6154,RUSSELL,35015,August,2024,AL
6155,SHELBY,157897,August,2024,AL
6156,ST_CLAIR,65867,August,2024,AL
6157,SUMTER,8104,August,2024,AL
6158,TALLADEGA,53701,August,2024,AL
6159,TALLAPOOSA,28986,August,2024,AL
6160,TUSCALOOSA,127922,August,2024,AL
6161,WALKER,44523,August,2024,AL
6162,WASHINGTON,12509,August,2024,AL
6163,WILCOX,8084,August,2024,AL
6164,WINSTON,16470,August,2024,AL
6165,AUTAUGA,40550,September,2024,AL
6166,BALDWIN,174771,September,2024,AL
6167,BARBOUR,15346,September,2024,AL
6168,BIBB,13943,September,2024,AL
6169,BLOUNT,40211,September,2024,AL
6170,BULLOCK,6267,September,2024,AL
6171,BUTLER,12980,September,2024,AL
6172,CALHOUN,74106,September,2024,AL
6173,CHAMBERS,23403,September,2024,AL
6174,CHEROKEE,18762,September,2024,AL
6175,CHILTON,28813,September,2024,AL
6176,CHOCTAW,9480,September,2024,AL
6177,CLARKE,17038,September,2024,AL
6178,CLAY,9774,September,2024,AL
6179,CLEBURNE,10552,September,2024,AL
6180,COFFEE,33571,September,2024,AL
6181,COLBERT,40862,September,2024,AL
6182,CONECUH,8697,September,2024,AL
6183,COOSA,7565,September,2024,AL
6184,COVINGTON,26095,September,2024,AL
6185,CRENSHAW,9804,September,2024,AL
6186,CULLMAN,60573,September,2024,AL
6187,DALE,30973,September,2024,AL
6188,DALLAS,26201,September,2024,AL
6189,DEKALB,43024,September,2024,AL
6190,ELMORE,57947,September,2024,AL
6191,ESCAMBIA,24505,September,2024,AL
6192,ETOWAH,70080,September,2024,AL
6193,FAYETTE,11927,September,2024,AL
6194,FRANKLIN,18470,September,2024,AL
6195,GENEVA,18241,September,2024,AL
6196,GREENE,5892,September,2024,AL
6197,HALE,11074,September,2024,AL
6198,HENRY,13186,September,2024,AL
6199,HOUSTON,70918,September,2024,AL
6200,JACKSON,36679,September,2024,AL
6201,JEFFERSON,444441,September,2024,AL
6202,LAMAR,10077,September,2024,AL
6203,LAUDERDALE,62140,September,2024,AL
6204,LAWRENCE,24066,September,2024,AL
6205,LEE,107341,September,2024,AL
6206,LIMESTONE,73291,September,2024,AL
6207,LOWNDES,8678,September,2024,AL
6208,MACON,12607,September,2024,AL
6209,MADISON,278526,September,2024,AL
6210,MARENGO,13977,September,2024,AL
6211,MARION,20474,September,2024,AL
6212,MARSHALL,61341,September,2024,AL
6213,MOBILE,272790,September,2024,AL
6214,MONROE,14445,September,2024,AL
6215,MONTGOMERY,143976,September,2024,AL
6216,MORGAN,80748,September,2024,AL
6217,PERRY,6832,September,2024,AL
6218,PICKENS,12667,September,2024,AL
6219,PIKE,20361,September,2024,AL
6220,RANDOLPH,16509,September,2024,AL
6221,RUSSELL,35245,September,2024,AL
6222,SHELBY,158537,September,2024,AL
6223,ST_CLAIR,66190,September,2024,AL
6224,SUMTER,8098,September,2024,AL
6225,TALLADEGA,53801,September,2024,AL
6226,TALLAPOOSA,29108,September,2024,AL
6227,TUSCALOOSA,128596,September,2024,AL
6228,WALKER,44640,September,2024,AL
6229,WASHINGTON,12474,September,2024,AL
6230,WILCOX,8063,September,2024,AL
6231,WINSTON,16473,September,2024,AL
6232,AUTAUGA,41791,October,2024,AL
6233,BALDWIN,180929,October,2024,AL
6234,BARBOUR,15697,October,2024,AL
6235,BIBB,14304,October,2024,AL
6236,BLOUNT,41203,October,2024,AL
6237,BULLOCK,6376,October,2024,AL
6238,BUTLER,13236,October,2024,AL
6239,CALHOUN,76237,October,2024,AL
6240,CHAMBERS,23980,October,2024,AL
6241,CHEROKEE,19251,October,2024,AL
6242,CHILTON,29721,October,2024,AL
6243,CHOCTAW,9624,October,2024,AL
6244,CLARKE,17268,October,2024,AL
6245,CLAY,9990,October,2024,AL
6246,CLEBURNE,10864,October,2024,AL
6247,COFFEE,34845,October,2024,AL
6248,COLBERT,41960,October,2024,AL
6249,CONECUH,8887,October,2024,AL
6250,COOSA,7757,October,2024,AL
6251,COVINGTON,26670,October,2024,AL
6252,CRENSHAW,10010,October,2024,AL
6253,CULLMAN,62229,October,2024,AL
6254,DALE,31935,October,2024,AL
6255,DALLAS,26569,October,2024,AL
6256,DEKALB,44234,October,2024,AL
6257,ELMORE,59603,October,2024,AL
6258,ESCAMBIA,25180,October,2024,AL
6259,ETOWAH,71563,October,2024,AL
6260,FAYETTE,12200,October,2024,AL
6261,FRANKLIN,18847,October,2024,AL
6262,GENEVA,18711,October,2024,AL
6263,GREENE,6077,October,2024,AL
6264,HALE,11345,October,2024,AL
6265,HENRY,13550,October,2024,AL
6266,HOUSTON,72785,October,2024,AL
6267,JACKSON,37402,October,2024,AL
6268,JEFFERSON,456412,October,2024,AL
6269,LAMAR,10261,October,2024,AL
6270,LAUDERDALE,63958,October,2024,AL
6271,LAWRENCE,24556,October,2024,AL
6272,LEE,112079,October,2024,AL
6273,LIMESTONE,76248,October,2024,AL
6274,LOWNDES,8811,October,2024,AL
6275,MACON,13040,October,2024,AL
6276,MADISON,289295,October,2024,AL
6277,MARENGO,14199,October,2024,AL
6278,MARION,20914,October,2024,AL
6279,MARSHALL,62910,October,2024,AL
6280,MOBILE,279133,October,2024,AL
6281,MONROE,14865,October,2024,AL
6282,MONTGOMERY,147706,October,2024,AL
6283,MORGAN,82627,October,2024,AL
6284,PERRY,6934,October,2024,AL
6285,PICKENS,12810,October,2024,AL
6286,PIKE,21078,October,2024,AL
6287,RANDOLPH,16922,October,2024,AL
6288,RUSSELL,36538,October,2024,AL
6289,SHELBY,163908,October,2024,AL
6290,ST_CLAIR,68274,October,2024,AL
6291,SUMTER,8221,October,2024,AL
6292,TALLADEGA,55250,October,2024,AL
6293,TALLAPOOSA,29596,October,2024,AL
6294,TUSCALOOSA,132870,October,2024,AL
6295,WALKER,45339,October,2024,AL
6296,WASHINGTON,12687,October,2024,AL
6297,WILCOX,8220,October,2024,AL
6298,WINSTON,16798,October,2024,AL
6299,AUTAUGA,42138,November,2024,AL
6300,BALDWIN,183482,November,2024,AL
6301,BARBOUR,15780,November,2024,AL
6302,BIBB,14374,November,2024,AL
6303,BLOUNT,41409,November,2024,AL
6304,BULLOCK,6436,November,2024,AL
6305,BUTLER,13308,November,2024,AL
6306,CALHOUN,77152,November,2024,AL
6307,CHAMBERS,24117,November,2024,AL
6308,CHEROKEE,19431,November,2024,AL
6309,CHILTON,29770,November,2024,AL
6310,CHOCTAW,9726,November,2024,AL
6311,CLARKE,17407,November,2024,AL
6312,CLAY,10065,November,2024,AL
6313,CLEBURNE,11013,November,2024,AL
6314,COFFEE,35007,November,2024,AL
6315,COLBERT,42078,November,2024,AL
6316,CONECUH,8963,November,2024,AL
6317,COOSA,7823,November,2024,AL
6318,COVINGTON,26883,November,2024,AL
6319,CRENSHAW,10074,November,2024,AL
6320,CULLMAN,62858,November,2024,AL
6321,DALE,32225,November,2024,AL
6322,DALLAS,26629,November,2024,AL
6323,DEKALB,44823,November,2024,AL
6324,ELMORE,59937,November,2024,AL
6325,ESCAMBIA,25451,November,2024,AL
6326,ETOWAH,71586,November,2024,AL
6327,FAYETTE,12246,November,2024,AL
6328,FRANKLIN,19077,November,2024,AL
6329,GENEVA,18887,November,2024,AL
6330,GREENE,6103,November,2024,AL
6331,HALE,11431,November,2024,AL
6332,HENRY,13681,November,2024,AL
6333,HOUSTON,73614,November,2024,AL
6334,JACKSON,37821,November,2024,AL
6335,JEFFERSON,459636,November,2024,AL
6336,LAMAR,10319,November,2024,AL
6337,LAUDERDALE,64298,November,2024,AL
6338,LAWRENCE,24775,November,2024,AL
6339,LEE,113674,November,2024,AL
6340,LIMESTONE,76727,November,2024,AL
6341,LOWNDES,8873,November,2024,AL
6342,MACON,13154,November,2024,AL
6343,MADISON,292236,November,2024,AL
6344,MARENGO,14342,November,2024,AL
6345,MARION,21118,November,2024,AL
6346,MARSHALL,63512,November,2024,AL
6347,MOBILE,280773,November,2024,AL
6348,MONROE,14936,November,2024,AL
6349,MONTGOMERY,148503,November,2024,AL
6350,MORGAN,83220,November,2024,AL
6351,PERRY,6964,November,2024,AL
6352,PICKENS,12945,November,2024,AL
6353,PIKE,21320,November,2024,AL
6354,RANDOLPH,17036,November,2024,AL
6355,RUSSELL,37060,November,2024,AL
6356,SHELBY,164341,November,2024,AL
6357,ST_CLAIR,68237,November,2024,AL
6358,SUMTER,8276,November,2024,AL
6359,TALLADEGA,55800,November,2024,AL
6360,TALLAPOOSA,29723,November,2024,AL
6361,TUSCALOOSA,134366,November,2024,AL
6362,WALKER,45877,November,2024,AL
6363,WASHINGTON,12822,November,2024,AL
6364,WILCOX,8211,November,2024,AL
6365,WINSTON,16882,November,2024,AL
6366,AUTAUGA,42142,December,2024,AL
6367,BALDWIN,183433,December,2024,AL
6368,BARBOUR,15777,December,2024,AL
6369,BIBB,14370,December,2024,AL
6370,BLOUNT,41381,December,2024,AL
6371,BULLOCK,6436,December,2024,AL
6372,BUTLER,13308,December,2024,AL
6373,CALHOUN,77117,December,2024,AL
6374,CHAMBERS,24126,December,2024,AL
6375,CHEROKEE,19454,December,2024,AL
6376,CHILTON,29774,December,2024,AL
6377,CHOCTAW,9723,December,2024,AL
6378,CLARKE,17409,December,2024,AL
6379,CLAY,10065,December,2024,AL
6380,CLEBURNE,11015,December,2024,AL
6381,COFFEE,35050,December,2024,AL
6382,COLBERT,42081,December,2024,AL
6383,CONECUH,8960,December,2024,AL
6384,COOSA,7814,December,2024,AL
6385,COVINGTON,26897,December,2024,AL
6386,CRENSHAW,10073,December,2024,AL
6387,CULLMAN,62819,December,2024,AL
6388,DALE,32224,December,2024,AL
6389,DALLAS,26661,December,2024,AL
6390,DEKALB,44828,December,2024,AL
6391,ELMORE,59925,December,2024,AL
6392,ESCAMBIA,25443,December,2024,AL
6393,ETOWAH,71775,December,2024,AL
6394,FAYETTE,12247,December,2024,AL
6395,FRANKLIN,19074,December,2024,AL
6396,GENEVA,18885,December,2024,AL
6397,GREENE,6103,December,2024,AL
6398,HALE,11431,December,2024,AL
6399,HENRY,13683,December,2024,AL
6400,HOUSTON,73604,December,2024,AL
6401,JACKSON,37833,December,2024,AL
6402,JEFFERSON,459628,December,2024,AL
6403,LAMAR,10320,December,2024,AL
6404,LAUDERDALE,64266,December,2024,AL
6405,LAWRENCE,24772,December,2024,AL
6406,LEE,113637,December,2024,AL
6407,LIMESTONE,76802,December,2024,AL
6408,LOWNDES,8865,December,2024,AL
6409,MACON,13151,December,2024,AL
6410,MADISON,292280,December,2024,AL
6411,MARENGO,14340,December,2024,AL
6412,MARION,21109,December,2024,AL
6413,MARSHALL,63486,December,2024,AL
6414,MOBILE,280806,December,2024,AL
6415,MONROE,14939,December,2024,AL
6416,MONTGOMERY,148619,December,2024,AL
6417,MORGAN,83214,December,2024,AL
6418,PERRY,6964,December,2024,AL
6419,PICKENS,12939,December,2024,AL
6420,PIKE,21317,December,2024,AL
6421,RANDOLPH,17102,December,2024,AL
6422,RUSSELL,37058,December,2024,AL
6423,SHELBY,164341,December,2024,AL
6424,ST_CLAIR,68156,December,2024,AL
6425,SUMTER,8274,December,2024,AL
6426,TALLADEGA,55817,December,2024,AL
6427,TALLAPOOSA,29741,December,2024,AL
6428,TUSCALOOSA,134338,December,2024,AL
6429,WALKER,45865,December,2024,AL
6430,WASHINGTON,12822,December,2024,AL
6431,WILCOX,8212,December,2024,AL
6432,WINSTON,16878,December,2024,AL
6433,AUTAUGA,41957,January,2025,AL
6434,BALDWIN,182707,January,2025,AL
6435,BARBOUR,15669,January,2025,AL
6436,BIBB,14361,January,2025,AL
6437,BLOUNT,41583,January,2025,AL
6438,BULLOCK,6420,January,2025,AL
6439,BUTLER,13249,January,2025,AL
6440,CALHOUN,76798,January,2025,AL
6441,CHAMBERS,24174,January,2025,AL
6442,CHEROKEE,19362,January,2025,AL
6443,CHILTON,30136,January,2025,AL
6444,CHOCTAW,9651,January,2025,AL
6445,CLARKE,17357,January,2025,AL
6446,CLAY,10036,January,2025,AL
6447,CLEBURNE,10968,January,2025,AL
6448,COFFEE,35046,January,2025,AL
6449,COLBERT,42454,January,2025,AL
6450,CONECUH,8840,January,2025,AL
6451,COOSA,7797,January,2025,AL
6452,COVINGTON,26753,January,2025,AL
6453,CRENSHAW,10023,January,2025,AL
6454,CULLMAN,62519,January,2025,AL
6455,DALE,32036,January,2025,AL
6456,DALLAS,26565,January,2025,AL
6457,DEKALB,44621,January,2025,AL
6458,ELMORE,60126,January,2025,AL
6459,ESCAMBIA,25326,January,2025,AL
6460,ETOWAH,71929,January,2025,AL
6461,FAYETTE,12181,January,2025,AL
6462,FRANKLIN,18968,January,2025,AL
6463,GENEVA,18738,January,2025,AL
6464,GREENE,6057,January,2025,AL
6465,HALE,11381,January,2025,AL
6466,HENRY,13602,January,2025,AL
6467,HOUSTON,73331,January,2025,AL
6468,JACKSON,37699,January,2025,AL
6469,JEFFERSON,460118,January,2025,AL
6470,LAMAR,10256,January,2025,AL
6471,LAUDERDALE,64257,January,2025,AL
6472,LAWRENCE,24689,January,2025,AL
6473,LEE,112743,January,2025,AL
6474,LIMESTONE,77044,January,2025,AL
6475,LOWNDES,8762,January,2025,AL
6476,MACON,13032,January,2025,AL
6477,MADISON,292799,January,2025,AL
6478,MARENGO,14251,January,2025,AL
6479,MARION,20999,January,2025,AL
6480,MARSHALL,63241,January,2025,AL
6481,MOBILE,280485,January,2025,AL
6482,MONROE,14894,January,2025,AL
6483,MONTGOMERY,147916,January,2025,AL
6484,MORGAN,82736,January,2025,AL
6485,PERRY,6927,January,2025,AL
6486,PICKENS,12892,January,2025,AL
6487,PIKE,21220,January,2025,AL
6488,RANDOLPH,17063,January,2025,AL
6489,RUSSELL,36795,January,2025,AL
6490,SHELBY,164617,January,2025,AL
6491,ST_CLAIR,68723,January,2025,AL
6492,SUMTER,8212,January,2025,AL
6493,TALLADEGA,55648,January,2025,AL
6494,TALLAPOOSA,29663,January,2025,AL
6495,TUSCALOOSA,132962,January,2025,AL
6496,WALKER,45564,January,2025,AL
6497,WASHINGTON,12716,January,2025,AL
6498,WILCOX,8182,January,2025,AL
6499,WINSTON,16754,January,2025,AL
6500,AUTAUGA,41988,February,2025,AL
6501,BALDWIN,182731,February,2025,AL
6502,BARBOUR,15653,February,2025,AL
6503,BIBB,14345,February,2025,AL
6504,BLOUNT,41531,February,2025,AL
6505,BULLOCK,6407,February,2025,AL
6506,BUTLER,13256,February,2025,AL
6507,CALHOUN,76781,February,2025,AL
6508,CHAMBERS,24061,February,2025,AL
6509,CHEROKEE,19330,February,2025,AL
6510,CHILTON,30152,February,2025,AL
6511,CHOCTAW,9640,February,2025,AL
6512,CLARKE,17344,February,2025,AL
6513,CLAY,10022,February,2025,AL
6514,CLEBURNE,10965,February,2025,AL
6515,COFFEE,35043,February,2025,AL
6516,COLBERT,42314,February,2025,AL
6517,CONECUH,8813,February,2025,AL
6518,COOSA,7789,February,2025,AL
6519,COVINGTON,26698,February,2025,AL
6520,CRENSHAW,10063,February,2025,AL
6521,CULLMAN,62514,February,2025,AL
6522,DALE,32009,February,2025,AL
6523,DALLAS,26527,February,2025,AL
6524,DEKALB,44609,February,2025,AL
6525,ELMORE,60077,February,2025,AL
6526,ESCAMBIA,25308,February,2025,AL
6527,ETOWAH,71714,February,2025,AL
6528,FAYETTE,12164,February,2025,AL
6529,FRANKLIN,18896,February,2025,AL
6530,GENEVA,18732,February,2025,AL
6531,GREENE,6029,February,2025,AL
6532,HALE,11359,February,2025,AL
6533,HENRY,13600,February,2025,AL
6534,HOUSTON,72925,February,2025,AL
6535,JACKSON,37656,February,2025,AL
6536,JEFFERSON,459277,February,2025,AL
6537,LAMAR,10249,February,2025,AL
6538,LAUDERDALE,64128,February,2025,AL
6539,LAWRENCE,24648,February,2025,AL
6540,LEE,112729,February,2025,AL
6541,LIMESTONE,77201,February,2025,AL
6542,LOWNDES,8737,February,2025,AL
6543,MACON,13008,February,2025,AL
6544,MADISON,292676,February,2025,AL
6545,MARENGO,14217,February,2025,AL
6546,MARION,20989,February,2025,AL
6547,MARSHALL,63282,February,2025,AL
6548,MOBILE,280245,February,2025,AL
6549,MONROE,14778,February,2025,AL
6550,MONTGOMERY,147735,February,2025,AL
6551,MORGAN,82647,February,2025,AL
6552,PERRY,6897,February,2025,AL
6553,PICKENS,12874,February,2025,AL
6554,PIKE,21169,February,2025,AL
6555,RANDOLPH,17006,February,2025,AL
6556,RUSSELL,36839,February,2025,AL
6557,SHELBY,164496,February,2025,AL
6558,ST_CLAIR,68595,February,2025,AL
6559,SUMTER,8176,February,2025,AL
6560,TALLADEGA,55620,February,2025,AL
6561,TALLAPOOSA,29617,February,2025,AL
6562,TUSCALOOSA,132797,February,2025,AL
6563,WALKER,45543,February,2025,AL
6564,WASHINGTON,12710,February,2025,AL
6565,WILCOX,8116,February,2025,AL
6566,WINSTON,16743,February,2025,AL
6567,AUTAUGA,41977,March,2025,AL
6568,BALDWIN,182648,March,2025,AL
6569,BARBOUR,15609,March,2025,AL
6570,BIBB,14316,March,2025,AL
6571,BLOUNT,41523,March,2025,AL
6572,BULLOCK,6407,March,2025,AL
6573,BUTLER,13256,March,2025,AL
6574,CALHOUN,76614,March,2025,AL
6575,CHAMBERS,23989,March,2025,AL
6576,CHEROKEE,19365,March,2025,AL
6577,CHILTON,30200,March,2025,AL
6578,CHOCTAW,9616,March,2025,AL
6579,CLARKE,17328,March,2025,AL
6580,CLAY,10017,March,2025,AL
6581,CLEBURNE,10974,March,2025,AL
6582,COFFEE,35023,March,2025,AL
6583,COLBERT,42332,March,2025,AL
6584,CONECUH,8793,March,2025,AL
6585,COOSA,7784,March,2025,AL
6586,COVINGTON,26673,March,2025,AL
6587,CRENSHAW,10052,March,2025,AL
6588,CULLMAN,62470,March,2025,AL
6589,DALE,31896,March,2025,AL
6590,DALLAS,26452,March,2025,AL
6591,DEKALB,44622,March,2025,AL
6592,ELMORE,60095,March,2025,AL
6593,ESCAMBIA,25317,March,2025,AL
6594,ETOWAH,71607,March,2025,AL
6595,FAYETTE,12156,March,2025,AL
6596,FRANKLIN,18883,March,2025,AL
6597,GENEVA,18784,March,2025,AL
6598,GREENE,6020,March,2025,AL
6599,HALE,11350,March,2025,AL
6600,HENRY,13579,March,2025,AL
6601,HOUSTON,72636,March,2025,AL
6602,JACKSON,37684,March,2025,AL
6603,JEFFERSON,456173,March,2025,AL
6604,LAMAR,10247,March,2025,AL
6605,LAUDERDALE,64088,March,2025,AL
6606,LAWRENCE,24647,March,2025,AL
6607,LEE,112289,March,2025,AL
6608,LIMESTONE,77285,March,2025,AL
6609,LOWNDES,8706,March,2025,AL
6610,MACON,12958,March,2025,AL
6611,MADISON,292545,March,2025,AL
6612,MARENGO,14188,March,2025,AL
6613,MARION,21012,March,2025,AL
6614,MARSHALL,63340,March,2025,AL
6615,MOBILE,279814,March,2025,AL
6616,MONROE,14750,March,2025,AL
6617,MONTGOMERY,147509,March,2025,AL
6618,MORGAN,82520,March,2025,AL
6619,PERRY,6885,March,2025,AL
6620,PICKENS,12851,March,2025,AL
6621,PIKE,21113,March,2025,AL
6622,RANDOLPH,16916,March,2025,AL
6623,RUSSELL,36821,March,2025,AL
6624,SHELBY,164436,March,2025,AL
6625,ST_CLAIR,68634,March,2025,AL
6626,SUMTER,8175,March,2025,AL
6627,TALLADEGA,55594,March,2025,AL
6628,TALLAPOOSA,29591,March,2025,AL
6629,TUSCALOOSA,132667,March,2025,AL
6630,WALKER,45519,March,2025,AL
6631,WASHINGTON,12700,March,2025,AL
6632,WILCOX,8093,March,2025,AL
6633,WINSTON,16712,March,2025,AL
6634,AUTAUGA,41974,April,2025,AL
6635,BALDWIN,182860,April,2025,AL
6636,BARBOUR,15601,April,2025,AL
6637,BIBB,14298,April,2025,AL
6638,BLOUNT,41490,April,2025,AL
6639,BULLOCK,6409,April,2025,AL
6640,BUTLER,13241,April,2025,AL
6641,CALHOUN,76610,April,2025,AL
6642,CHAMBERS,23989,April,2025,AL
6643,CHEROKEE,19334,April,2025,AL
6644,CHILTON,30190,April,2025,AL
6645,CHOCTAW,9582,April,2025,AL
6646,CLARKE,17327,April,2025,AL
6647,CLAY,10013,April,2025,AL
6648,CLEBURNE,10974,April,2025,AL
6649,COFFEE,35018,April,2025,AL
6650,COLBERT,42289,April,2025,AL
6651,CONECUH,8781,April,2025,AL
6652,COOSA,7767,April,2025,AL
6653,COVINGTON,26628,April,2025,AL
6654,CRENSHAW,10037,April,2025,AL
6655,CULLMAN,62479,April,2025,AL
6656,DALE,31943,April,2025,AL
6657,DALLAS,26379,April,2025,AL
6658,DEKALB,44551,April,2025,AL
6659,ELMORE,60119,April,2025,AL
6660,ESCAMBIA,25319,April,2025,AL
6661,ETOWAH,71578,April,2025,AL
6662,FAYETTE,12144,April,2025,AL
6663,FRANKLIN,18858,April,2025,AL
6664,GENEVA,18780,April,2025,AL
6665,GREENE,6021,April,2025,AL
6666,HALE,11339,April,2025,AL
6667,HENRY,13576,April,2025,AL
6668,HOUSTON,72591,April,2025,AL
6669,JACKSON,37625,April,2025,AL
6670,JEFFERSON,455724,April,2025,AL
6671,LAMAR,10239,April,2025,AL
6672,LAUDERDALE,64027,April,2025,AL
6673,LAWRENCE,24633,April,2025,AL
6674,LEE,112226,April,2025,AL
6675,LIMESTONE,77365,April,2025,AL
6676,LOWNDES,8677,April,2025,AL
6677,MACON,12935,April,2025,AL
6678,MADISON,292513,April,2025,AL
6679,MARENGO,14162,April,2025,AL
6680,MARION,20977,April,2025,AL
6681,MARSHALL,63291,April,2025,AL
6682,MOBILE,279468,April,2025,AL
6683,MONROE,14752,April,2025,AL
6684,MONTGOMERY,147568,April,2025,AL
6685,MORGAN,82349,April,2025,AL
6686,PERRY,6868,April,2025,AL
6687,PICKENS,12808,April,2025,AL
6688,PIKE,21081,April,2025,AL
6689,RANDOLPH,16929,April,2025,AL
6690,RUSSELL,36657,April,2025,AL
6691,SHELBY,164420,April,2025,AL
6692,ST_CLAIR,68646,April,2025,AL
6693,SUMTER,8168,April,2025,AL
6694,TALLADEGA,55617,April,2025,AL
6695,TALLAPOOSA,29576,April,2025,AL
6696,TUSCALOOSA,132603,April,2025,AL
6697,WALKER,45503,April,2025,AL
6698,WASHINGTON,12615,April,2025,AL
6699,WILCOX,8078,April,2025,AL
6700,WINSTON,16684,April,2025,AL
6701,AUTAUGA,42041,May,2025,AL
6702,BALDWIN,183180,May,2025,AL
6703,BARBOUR,15552,May,2025,AL
6704,BIBB,14309,May,2025,AL
6705,BLOUNT,41493,May,2025,AL
6706,BULLOCK,6418,May,2025,AL
6707,BUTLER,13263,May,2025,AL
6708,CALHOUN,76623,May,2025,AL
6709,CHAMBERS,23970,May,2025,AL
6710,CHEROKEE,19326,May,2025,AL
6711,CHILTON,30239,May,2025,AL
6712,CHOCTAW,9567,May,2025,AL
6713,CLARKE,17345,May,2025,AL
6714,CLAY,10022,May,2025,AL
6715,CLEBURNE,10990,May,2025,AL
6716,COFFEE,35067,May,2025,AL
6717,COLBERT,41546,May,2025,AL
6718,CONECUH,8781,May,2025,AL
6719,COOSA,7754,May,2025,AL
6720,COVINGTON,26662,May,2025,AL
6721,CRENSHAW,10024,May,2025,AL
6722,CULLMAN,62551,May,2025,AL
6723,DALE,32003,May,2025,AL
6724,DALLAS,26389,May,2025,AL
6725,DEKALB,44591,May,2025,AL
6726,ELMORE,60231,May,2025,AL
6727,ESCAMBIA,25368,May,2025,AL
6728,ETOWAH,71501,May,2025,AL
6729,FAYETTE,12145,May,2025,AL
6730,FRANKLIN,18862,May,2025,AL
6731,GENEVA,18826,May,2025,AL
6732,GREENE,6012,May,2025,AL
6733,HALE,11333,May,2025,AL
6734,HENRY,13574,May,2025,AL
6735,HOUSTON,72626,May,2025,AL
6736,JACKSON,37663,May,2025,AL
6737,JEFFERSON,455846,May,2025,AL
6738,LAMAR,10240,May,2025,AL
6739,LAUDERDALE,64132,May,2025,AL
6740,LAWRENCE,24633,May,2025,AL
6741,LEE,112393,May,2025,AL
6742,LIMESTONE,77542,May,2025,AL
6743,LOWNDES,8659,May,2025,AL
6744,MACON,12929,May,2025,AL
6745,MADISON,292816,May,2025,AL
6746,MARENGO,14164,May,2025,AL
6747,MARION,20948,May,2025,AL
6748,MARSHALL,63371,May,2025,AL
6749,MOBILE,279569,May,2025,AL
6750,MONROE,14761,May,2025,AL
6751,MONTGOMERY,147517,May,2025,AL
6752,MORGAN,82396,May,2025,AL
6753,PERRY,6861,May,2025,AL
6754,PICKENS,12804,May,2025,AL
6755,PIKE,21114,May,2025,AL
6756,RANDOLPH,16912,May,2025,AL
6757,RUSSELL,36644,May,2025,AL
6758,SHELBY,164499,May,2025,AL
6759,ST_CLAIR,68688,May,2025,AL
6760,SUMTER,8169,May,2025,AL
6761,TALLADEGA,55706,May,2025,AL
6762,TALLAPOOSA,29597,May,2025,AL
6763,TUSCALOOSA,132695,May,2025,AL
6764,WALKER,45489,May,2025,AL
6765,WASHINGTON,12623,May,2025,AL
6766,WILCOX,8048,May,2025,AL
6767,WINSTON,16680,May,2025,AL
6768,AUTAUGA,38863,June,2025,AL
6769,BALDWIN,173354,June,2025,AL
6770,BARBOUR,14457,June,2025,AL
6771,BIBB,13224,June,2025,AL
6772,BLOUNT,39092,June,2025,AL
6773,BULLOCK,5766,June,2025,AL
6774,BUTLER,12431,June,2025,AL
6775,CALHOUN,72244,June,2025,AL
6776,CHAMBERS,22058,June,2025,AL
6777,CHEROKEE,18192,June,2025,AL
6778,CHILTON,28452,June,2025,AL
6779,CHOCTAW,8792,June,2025,AL
6780,CLARKE,16305,June,2025,AL
6781,CLAY,9359,June,2025,AL
6782,CLEBURNE,10315,June,2025,AL
6783,COFFEE,32483,June,2025,AL
6784,COLBERT,39316,June,2025,AL
6785,CONECUH,8024,June,2025,AL
6786,COOSA,7019,June,2025,AL
6787,COVINGTON,25256,June,2025,AL
6788,CRENSHAW,9356,June,2025,AL
6789,CULLMAN,59770,June,2025,AL
6790,DALE,29240,June,2025,AL
6791,DALLAS,24182,June,2025,AL
6792,DEKALB,39689,June,2025,AL
6793,ELMORE,56397,June,2025,AL
6794,ESCAMBIA,23760,June,2025,AL
6795,ETOWAH,68088,June,2025,AL
6796,FAYETTE,11284,June,2025,AL
6797,FRANKLIN,17835,June,2025,AL
6798,GENEVA,17685,June,2025,AL
6799,GREENE,5360,June,2025,AL
6800,HALE,10357,June,2025,AL
6801,HENRY,12663,June,2025,AL
6802,HOUSTON,67901,June,2025,AL
6803,JACKSON,35516,June,2025,AL
6804,JEFFERSON,425384,June,2025,AL
6805,LAMAR,9571,June,2025,AL
6806,LAUDERDALE,60909,June,2025,AL
6807,LAWRENCE,23252,June,2025,AL
6808,LEE,103833,June,2025,AL
6809,LIMESTONE,73602,June,2025,AL
6810,LOWNDES,7537,June,2025,AL
6811,MACON,11369,June,2025,AL
6812,MADISON,275528,June,2025,AL
6813,MARENGO,13044,June,2025,AL
6814,MARION,19747,June,2025,AL
6815,MARSHALL,59986,June,2025,AL
6816,MOBILE,265516,June,2025,AL
6817,MONROE,13712,June,2025,AL
6818,MONTGOMERY,135652,June,2025,AL
6819,MORGAN,77952,June,2025,AL
6820,PERRY,6055,June,2025,AL
6821,PICKENS,11813,June,2025,AL
6822,PIKE,21112,June,2025,AL
6823,RANDOLPH,15934,June,2025,AL
6824,RUSSELL,33044,June,2025,AL
6825,SHELBY,152429,June,2025,AL
6826,ST_CLAIR,60647,June,2025,AL
6827,SUMTER,7024,June,2025,AL
6828,TALLADEGA,52093,June,2025,AL
6829,TALLAPOOSA,27806,June,2025,AL
6830,TUSCALOOSA,124225,June,2025,AL
6831,WALKER,43173,June,2025,AL
6832,WASHINGTON,11374,June,2025,AL
6833,WILCOX,7155,June,2025,AL
6834,WINSTON,16306,June,2025,AL
6835,AUTAUGA,39009,July,2025,AL
6836,BALDWIN,174064,July,2025,AL
6837,BARBOUR,14454,July,2025,AL
6838,BIBB,13257,July,2025,AL
6839,BLOUNT,39131,July,2025,AL
6840,BULLOCK,5787,July,2025,AL
6841,BUTLER,12391,July,2025,AL
6842,CALHOUN,72429,July,2025,AL
6843,CHAMBERS,22130,July,2025,AL
6844,CHEROKEE,18254,July,2025,AL
6845,CHILTON,28478,July,2025,AL
6846,CHOCTAW,8800,July,2025,AL
6847,CLARKE,16328,July,2025,AL
6848,CLAY,9396,July,2025,AL
6849,CLEBURNE,10348,July,2025,AL
6850,COFFEE,32571,July,2025,AL
6851,COLBERT,39435,July,2025,AL
6852,CONECUH,8150,July,2025,AL
6853,COOSA,7046,July,2025,AL
6854,COVINGTON,25355,July,2025,AL
6855,CRENSHAW,9398,July,2025,AL
6856,CULLMAN,59961,July,2025,AL
6857,DALE,29317,July,2025,AL
6858,DALLAS,24235,July,2025,AL
6859,DEKALB,39885,July,2025,AL
6860,ELMORE,56556,July,2025,AL
6861,ESCAMBIA,23823,July,2025,AL
6862,ETOWAH,68209,July,2025,AL
6863,FAYETTE,11319,July,2025,AL
6864,FRANKLIN,17858,July,2025,AL
6865,GENEVA,17725,July,2025,AL
6866,GREENE,5401,July,2025,AL
6867,HALE,10376,July,2025,AL
6868,HENRY,12696,July,2025,AL
6869,HOUSTON,68009,July,2025,AL
6870,JACKSON,35583,July,2025,AL
6871,JEFFERSON,425931,July,2025,AL
6872,LAMAR,9605,July,2025,AL
6873,LAUDERDALE,61071,July,2025,AL
6874,LAWRENCE,23291,July,2025,AL
6875,LEE,104111,July,2025,AL
6876,LIMESTONE,73934,July,2025,AL
6877,LOWNDES,7692,July,2025,AL
6878,MACON,11408,July,2025,AL
6879,MADISON,276053,July,2025,AL
6880,MARENGO,13071,July,2025,AL
6881,MARION,19769,July,2025,AL
6882,MARSHALL,60209,July,2025,AL
6883,MOBILE,265949,July,2025,AL
6884,MONROE,13733,July,2025,AL
6885,MONTGOMERY,135771,July,2025,AL
6886,MORGAN,78085,July,2025,AL
6887,PERRY,6133,July,2025,AL
6888,PICKENS,11831,July,2025,AL
6889,PIKE,21130,July,2025,AL
6890,RANDOLPH,15989,July,2025,AL
6891,RUSSELL,33125,July,2025,AL
6892,SHELBY,152834,July,2025,AL
6893,ST_CLAIR,60906,July,2025,AL
6894,SUMTER,7052,July,2025,AL
6895,TALLADEGA,52239,July,2025,AL
6896,TALLAPOOSA,27869,July,2025,AL
6897,TUSCALOOSA,124359,July,2025,AL
6898,WALKER,43326,July,2025,AL
6899,WASHINGTON,11410,July,2025,AL
6900,WILCOX,7154,July,2025,AL
6901,WINSTON,16313,July,2025,AL
6902,AUTAUGA,39118,August,2025,AL
6903,BALDWIN,174565,August,2025,AL
6904,BARBOUR,14525,August,2025,AL
6905,BIBB,13286,August,2025,AL
6906,BLOUNT,39151,August,2025,AL
6907,BULLOCK,5804,August,2025,AL
6908,BUTLER,12270,August,2025,AL
6909,CALHOUN,72628,August,2025,AL
6910,CHAMBERS,22225,August,2025,AL
6911,CHEROKEE,18304,August,2025,AL
6912,CHILTON,28516,August,2025,AL
6913,CHOCTAW,8811,August,2025,AL
6914,CLARKE,16360,August,2025,AL
6915,CLAY,9400,August,2025,AL
6916,CLEBURNE,10360,August,2025,AL
6917,COFFEE,32634,August,2025,AL
6918,COLBERT,39515,August,2025,AL
6919,CONECUH,8195,August,2025,AL
6920,COOSA,7067,August,2025,AL
6921,COVINGTON,25374,August,2025,AL
6922,CRENSHAW,9410,August,2025,AL
6923,CULLMAN,60075,August,2025,AL
6924,DALE,29329,August,2025,AL
6925,DALLAS,24315,August,2025,AL
6926,DEKALB,39980,August,2025,AL
6927,ELMORE,56628,August,2025,AL
6928,ESCAMBIA,23871,August,2025,AL
6929,ETOWAH,68234,August,2025,AL
6930,FAYETTE,11340,August,2025,AL
6931,FRANKLIN,17859,August,2025,AL
6932,GENEVA,17760,August,2025,AL
6933,GREENE,5432,August,2025,AL
6934,HALE,10394,August,2025,AL
6935,HENRY,12747,August,2025,AL
6936,HOUSTON,68387,August,2025,AL
6937,JACKSON,35674,August,2025,AL
6938,JEFFERSON,426597,August,2025,AL
6939,LAMAR,9637,August,2025,AL
6940,LAUDERDALE,61153,August,2025,AL
6941,LAWRENCE,23279,August,2025,AL
6942,LEE,104596,August,2025,AL
6943,LIMESTONE,74249,August,2025,AL
6944,LOWNDES,7794,August,2025,AL
6945,MACON,11442,August,2025,AL
6946,MADISON,277388,August,2025,AL
6947,MARENGO,13073,August,2025,AL
6948,MARION,19815,August,2025,AL
6949,MARSHALL,60355,August,2025,AL
6950,MOBILE,266393,August,2025,AL
6951,MONROE,13789,August,2025,AL
6952,MONTGOMERY,135818,August,2025,AL
6953,MORGAN,78106,August,2025,AL
6954,PERRY,6202,August,2025,AL
6955,PICKENS,11839,August,2025,AL
6956,PIKE,21157,August,2025,AL
6957,RANDOLPH,16039,August,2025,AL
6958,RUSSELL,33274,August,2025,AL
6959,SHELBY,153055,August,2025,AL
6960,ST_CLAIR,61053,August,2025,AL
6961,SUMTER,7129,August,2025,AL
6962,TALLADEGA,52351,August,2025,AL
6963,TALLAPOOSA,27757,August,2025,AL
6964,TUSCALOOSA,124726,August,2025,AL
6965,WALKER,43376,August,2025,AL
6966,WASHINGTON,11404,August,2025,AL
6967,WILCOX,7198,August,2025,AL
6968,WINSTON,16322,August,2025,AL
6969,AUTAUGA,39406,September,2025,AL
6970,BALDWIN,175952,September,2025,AL
6971,BARBOUR,14638,September,2025,AL
6972,BIBB,13332,September,2025,AL
6973,BLOUNT,39303,September,2025,AL
6974,BULLOCK,5844,September,2025,AL
6975,BUTLER,12238,September,2025,AL
6976,CALHOUN,72836,September,2025,AL
6977,CHAMBERS,22322,September,2025,AL
6978,CHEROKEE,18375,September,2025,AL
6979,CHILTON,28537,September,2025,AL
6980,CHOCTAW,8823,September,2025,AL
6981,CLARKE,16405,September,2025,AL
6982,CLAY,9428,September,2025,AL
6983,CLEBURNE,10421,September,2025,AL
6984,COFFEE,32841,September,2025,AL
6985,COLBERT,39702,September,2025,AL
6986,CONECUH,8214,September,2025,AL
6987,COOSA,7121,September,2025,AL
6988,COVINGTON,25491,September,2025,AL
6989,CRENSHAW,9454,September,2025,AL
6990,CULLMAN,60181,September,2025,AL
6991,DALE,29599,September,2025,AL
6992,DALLAS,24535,September,2025,AL
6993,DEKALB,40357,September,2025,AL
6994,ELMORE,56725,September,2025,AL
6995,ESCAMBIA,24000,September,2025,AL
6996,ETOWAH,68432,September,2025,AL
6997,FAYETTE,11361,September,2025,AL
6998,FRANKLIN,17920,September,2025,AL
6999,GENEVA,17864,September,2025,AL
7000,GREENE,5457,September,2025,AL
7001,HALE,10397,September,2025,AL
7002,HENRY,12790,September,2025,AL
7003,HOUSTON,68630,September,2025,AL
7004,JACKSON,35783,September,2025,AL
7005,JEFFERSON,428964,September,2025,AL
7006,LAMAR,9677,September,2025,AL
7007,LAUDERDALE,61473,September,2025,AL
7008,LAWRENCE,23363,September,2025,AL
7009,LEE,105190,September,2025,AL
7010,LIMESTONE,74863,September,2025,AL
7011,LOWNDES,7892,September,2025,AL
7012,MACON,11641,September,2025,AL
7013,MADISON,278875,September,2025,AL
7014,MARENGO,13101,September,2025,AL
7015,MARION,19881,September,2025,AL
7016,MARSHALL,60669,September,2025,AL
7017,MOBILE,267397,September,2025,AL
7018,MONROE,13839,September,2025,AL
7019,MONTGOMERY,136036,September,2025,AL
7020,MORGAN,78311,September,2025,AL
7021,PERRY,6265,September,2025,AL
7022,PICKENS,11893,September,2025,AL
7023,PIKE,21213,September,2025,AL
7024,RANDOLPH,16133,September,2025,AL
7025,RUSSELL,33476,September,2025,AL
7026,SHELBY,153638,September,2025,AL
7027,ST_CLAIR,61707,September,2025,AL
7028,SUMTER,7205,September,2025,AL
7029,TALLADEGA,52440,September,2025,AL
7030,TALLAPOOSA,27823,September,2025,AL
7031,TUSCALOOSA,125069,September,2025,AL
7032,WALKER,43472,September,2025,AL
7033,WASHINGTON,11452,September,2025,AL
7034,WILCOX,7214,September,2025,AL
7035,WINSTON,16408,September,2025,AL
