"","county","count","month","year","state"
"1","ALACHUA","172766","January","2018","FL"
"2","BAKER","15345","January","2018","FL"
"3","BAY","116880","January","2018","FL"
"4","BRADFORD","16069","January","2018","FL"
"5","BREVARD","408631","January","2018","FL"
"6","BROWARD","1183169","January","2018","FL"
"7","CALHOUN","8621","January","2018","FL"
"8","CHARLOTTE","129771","January","2018","FL"
"9","CITRUS","105395","January","2018","FL"
"10","CLAY","149375","January","2018","FL"
"11","COLLIER","201799","January","2018","FL"
"12","COLUMBIA","38853","January","2018","FL"
"13","DESOTO","16392","January","2018","FL"
"14","DIXIE","9503","January","2018","FL"
"15","DUVAL","581112","January","2018","FL"
"16","ESCAMBIA","205220","January","2018","FL"
"17","FLAGLER","79415","January","2018","FL"
"18","FRANKLIN","7634","January","2018","FL"
"19","GADSDEN","29645","January","2018","FL"
"20","GILCHRIST","11436","January","2018","FL"
"21","GLADES","6684","January","2018","FL"
"22","GULF","9857","January","2018","FL"
"23","HAMILTON","7634","January","2018","FL"
"24","HARDEE","11965","January","2018","FL"
"25","HENDRY","17294","January","2018","FL"
"26","HERNANDO","130682","January","2018","FL"
"27","HIGHLANDS","58002","January","2018","FL"
"28","HILLSBOROUGH","826575","January","2018","FL"
"29","HOLMES","10477","January","2018","FL"
"30","INDIAN RIVER","109610","January","2018","FL"
"31","JACKSON","27270","January","2018","FL"
"32","JEFFERSON","9542","January","2018","FL"
"33","LAFAYETTE","4295","January","2018","FL"
"34","LAKE","225351","January","2018","FL"
"35","LEE","435930","January","2018","FL"
"36","LEON","205889","January","2018","FL"
"37","LEVY","27093","January","2018","FL"
"38","LIBERTY","4300","January","2018","FL"
"39","MADISON","11681","January","2018","FL"
"40","MANATEE","234732","January","2018","FL"
"41","MARION","233882","January","2018","FL"
"42","MARTIN","111572","January","2018","FL"
"43","MIAMI-DADE","1377525","January","2018","FL"
"44","MONROE","54906","January","2018","FL"
"45","NASSAU","64618","January","2018","FL"
"46","OKALOOSA","129766","January","2018","FL"
"47","OKEECHOBEE","19919","January","2018","FL"
"48","ORANGE","807296","January","2018","FL"
"49","OSCEOLA","204786","January","2018","FL"
"50","PALM BEACH","915051","January","2018","FL"
"51","PASCO","336804","January","2018","FL"
"52","PINELLAS","642367","January","2018","FL"
"53","POLK","400773","January","2018","FL"
"54","PUTNAM","46278","January","2018","FL"
"55","SANTA ROSA","128001","January","2018","FL"
"56","SARASOTA","307272","January","2018","FL"
"57","SEMINOLE","287338","January","2018","FL"
"58","ST. JOHNS","179151","January","2018","FL"
"59","ST. LUCIE","195510","January","2018","FL"
"60","SUMTER","92635","January","2018","FL"
"61","SUWANNEE","25246","January","2018","FL"
"62","TAYLOR","12263","January","2018","FL"
"63","UNION","7210","January","2018","FL"
"64","VOLUSIA","367454","January","2018","FL"
"65","WAKULLA","20027","January","2018","FL"
"66","WALTON","47901","January","2018","FL"
"67","WASHINGTON","15639","January","2018","FL"
"68","ALACHUA","173114","February","2018","FL"
"69","BAKER","15198","February","2018","FL"
"70","BAY","117340","February","2018","FL"
"71","BRADFORD","16116","February","2018","FL"
"72","BREVARD","409497","February","2018","FL"
"73","BROWARD","1184036","February","2018","FL"
"74","CALHOUN","8609","February","2018","FL"
"75","CHARLOTTE","130268","February","2018","FL"
"76","CITRUS","105938","February","2018","FL"
"77","CLAY","149606","February","2018","FL"
"78","COLLIER","202985","February","2018","FL"
"79","COLUMBIA","38929","February","2018","FL"
"80","DESOTO","16437","February","2018","FL"
"81","DIXIE","9497","February","2018","FL"
"82","DUVAL","582273","February","2018","FL"
"83","ESCAMBIA","205667","February","2018","FL"
"84","FLAGLER","79821","February","2018","FL"
"85","FRANKLIN","7658","February","2018","FL"
"86","GADSDEN","29669","February","2018","FL"
"87","GILCHRIST","11492","February","2018","FL"
"88","GLADES","6678","February","2018","FL"
"89","GULF","9885","February","2018","FL"
"90","HAMILTON","7643","February","2018","FL"
"91","HARDEE","11961","February","2018","FL"
"92","HENDRY","17349","February","2018","FL"
"93","HERNANDO","131006","February","2018","FL"
"94","HIGHLANDS","58078","February","2018","FL"
"95","HILLSBOROUGH","824189","February","2018","FL"
"96","HOLMES","10495","February","2018","FL"
"97","INDIAN RIVER","110051","February","2018","FL"
"98","JACKSON","27418","February","2018","FL"
"99","JEFFERSON","9545","February","2018","FL"
"100","LAFAYETTE","4297","February","2018","FL"
"101","LAKE","226511","February","2018","FL"
"102","LEE","437007","February","2018","FL"
"103","LEON","206114","February","2018","FL"
"104","LEVY","27198","February","2018","FL"
"105","LIBERTY","4303","February","2018","FL"
"106","MADISON","11702","February","2018","FL"
"107","MANATEE","235420","February","2018","FL"
"108","MARION","234541","February","2018","FL"
"109","MARTIN","111804","February","2018","FL"
"110","MIAMI-DADE","1378535","February","2018","FL"
"111","MONROE","54939","February","2018","FL"
"112","NASSAU","64749","February","2018","FL"
"113","OKALOOSA","130259","February","2018","FL"
"114","OKEECHOBEE","19965","February","2018","FL"
"115","ORANGE","809362","February","2018","FL"
"116","OSCEOLA","206034","February","2018","FL"
"117","PALM BEACH","916983","February","2018","FL"
"118","PASCO","338281","February","2018","FL"
"119","PINELLAS","644453","February","2018","FL"
"120","POLK","402198","February","2018","FL"
"121","PUTNAM","46523","February","2018","FL"
"122","SANTA ROSA","128602","February","2018","FL"
"123","SARASOTA","308362","February","2018","FL"
"124","SEMINOLE","286616","February","2018","FL"
"125","ST. JOHNS","179100","February","2018","FL"
"126","ST. LUCIE","196208","February","2018","FL"
"127","SUMTER","92939","February","2018","FL"
"128","SUWANNEE","25306","February","2018","FL"
"129","TAYLOR","12266","February","2018","FL"
"130","UNION","7222","February","2018","FL"
"131","VOLUSIA","368036","February","2018","FL"
"132","WAKULLA","20052","February","2018","FL"
"133","WALTON","48076","February","2018","FL"
"134","WASHINGTON","15691","February","2018","FL"
"135","ALACHUA","173496","March","2018","FL"
"136","BAKER","15175","March","2018","FL"
"137","BAY","117739","March","2018","FL"
"138","BRADFORD","16137","March","2018","FL"
"139","BREVARD","408175","March","2018","FL"
"140","BROWARD","1159235","March","2018","FL"
"141","CALHOUN","8601","March","2018","FL"
"142","CHARLOTTE","130906","March","2018","FL"
"143","CITRUS","106251","March","2018","FL"
"144","CLAY","150175","March","2018","FL"
"145","COLLIER","204369","March","2018","FL"
"146","COLUMBIA","39066","March","2018","FL"
"147","DESOTO","16456","March","2018","FL"
"148","DIXIE","9511","March","2018","FL"
"149","DUVAL","583107","March","2018","FL"
"150","ESCAMBIA","205503","March","2018","FL"
"151","FLAGLER","80129","March","2018","FL"
"152","FRANKLIN","7684","March","2018","FL"
"153","GADSDEN","29672","March","2018","FL"
"154","GILCHRIST","11513","March","2018","FL"
"155","GLADES","6681","March","2018","FL"
"156","GULF","9945","March","2018","FL"
"157","HAMILTON","7645","March","2018","FL"
"158","HARDEE","11971","March","2018","FL"
"159","HENDRY","17429","March","2018","FL"
"160","HERNANDO","130207","March","2018","FL"
"161","HIGHLANDS","57898","March","2018","FL"
"162","HILLSBOROUGH","824527","March","2018","FL"
"163","HOLMES","10526","March","2018","FL"
"164","INDIAN RIVER","110396","March","2018","FL"
"165","JACKSON","27496","March","2018","FL"
"166","JEFFERSON","9571","March","2018","FL"
"167","LAFAYETTE","4300","March","2018","FL"
"168","LAKE","227363","March","2018","FL"
"169","LEE","436578","March","2018","FL"
"170","LEON","206409","March","2018","FL"
"171","LEVY","27277","March","2018","FL"
"172","LIBERTY","4299","March","2018","FL"
"173","MADISON","11733","March","2018","FL"
"174","MANATEE","236218","March","2018","FL"
"175","MARION","235365","March","2018","FL"
"176","MARTIN","112048","March","2018","FL"
"177","MIAMI-DADE","1380955","March","2018","FL"
"178","MONROE","54079","March","2018","FL"
"179","NASSAU","64507","March","2018","FL"
"180","OKALOOSA","130937","March","2018","FL"
"181","OKEECHOBEE","20071","March","2018","FL"
"182","ORANGE","813401","March","2018","FL"
"183","OSCEOLA","207321","March","2018","FL"
"184","PALM BEACH","919478","March","2018","FL"
"185","PASCO","338290","March","2018","FL"
"186","PINELLAS","645916","March","2018","FL"
"187","POLK","400926","March","2018","FL"
"188","PUTNAM","46661","March","2018","FL"
"189","SANTA ROSA","129053","March","2018","FL"
"190","SARASOTA","309320","March","2018","FL"
"191","SEMINOLE","285007","March","2018","FL"
"192","ST. JOHNS","179981","March","2018","FL"
"193","ST. LUCIE","197007","March","2018","FL"
"194","SUMTER","93271","March","2018","FL"
"195","SUWANNEE","25422","March","2018","FL"
"196","TAYLOR","12240","March","2018","FL"
"197","UNION","7234","March","2018","FL"
"198","VOLUSIA","368972","March","2018","FL"
"199","WAKULLA","20100","March","2018","FL"
"200","WALTON","48278","March","2018","FL"
"201","WASHINGTON","15721","March","2018","FL"
"202","ALACHUA","173773","April","2018","FL"
"203","BAKER","15143","April","2018","FL"
"204","BAY","117996","April","2018","FL"
"205","BRADFORD","16172","April","2018","FL"
"206","BREVARD","409763","April","2018","FL"
"207","BROWARD","1138271","April","2018","FL"
"208","CALHOUN","8601","April","2018","FL"
"209","CHARLOTTE","131276","April","2018","FL"
"210","CITRUS","106607","April","2018","FL"
"211","CLAY","150258","April","2018","FL"
"212","COLLIER","205420","April","2018","FL"
"213","COLUMBIA","39243","April","2018","FL"
"214","DESOTO","16498","April","2018","FL"
"215","DIXIE","9544","April","2018","FL"
"216","DUVAL","585326","April","2018","FL"
"217","ESCAMBIA","206179","April","2018","FL"
"218","FLAGLER","80489","April","2018","FL"
"219","FRANKLIN","7534","April","2018","FL"
"220","GADSDEN","29845","April","2018","FL"
"221","GILCHRIST","11531","April","2018","FL"
"222","GLADES","6694","April","2018","FL"
"223","GULF","9977","April","2018","FL"
"224","HAMILTON","7644","April","2018","FL"
"225","HARDEE","12005","April","2018","FL"
"226","HENDRY","17454","April","2018","FL"
"227","HERNANDO","130671","April","2018","FL"
"228","HIGHLANDS","57986","April","2018","FL"
"229","HILLSBOROUGH","827296","April","2018","FL"
"230","HOLMES","10558","April","2018","FL"
"231","INDIAN RIVER","110383","April","2018","FL"
"232","JACKSON","27517","April","2018","FL"
"233","JEFFERSON","9635","April","2018","FL"
"234","LAFAYETTE","4301","April","2018","FL"
"235","LAKE","229767","April","2018","FL"
"236","LEE","433331","April","2018","FL"
"237","LEON","205336","April","2018","FL"
"238","LEVY","27379","April","2018","FL"
"239","LIBERTY","4327","April","2018","FL"
"240","MADISON","11753","April","2018","FL"
"241","MANATEE","237199","April","2018","FL"
"242","MARION","236181","April","2018","FL"
"243","MARTIN","112317","April","2018","FL"
"244","MIAMI-DADE","1383771","April","2018","FL"
"245","MONROE","52658","April","2018","FL"
"246","NASSAU","64736","April","2018","FL"
"247","OKALOOSA","131460","April","2018","FL"
"248","OKEECHOBEE","20130","April","2018","FL"
"249","ORANGE","804939","April","2018","FL"
"250","OSCEOLA","207541","April","2018","FL"
"251","PALM BEACH","922098","April","2018","FL"
"252","PASCO","340482","April","2018","FL"
"253","PINELLAS","646801","April","2018","FL"
"254","POLK","403646","April","2018","FL"
"255","PUTNAM","46726","April","2018","FL"
"256","SANTA ROSA","129584","April","2018","FL"
"257","SARASOTA","310279","April","2018","FL"
"258","SEMINOLE","288438","April","2018","FL"
"259","ST. JOHNS","180242","April","2018","FL"
"260","ST. LUCIE","198140","April","2018","FL"
"261","SUMTER","93727","April","2018","FL"
"262","SUWANNEE","25467","April","2018","FL"
"263","TAYLOR","11980","April","2018","FL"
"264","UNION","7215","April","2018","FL"
"265","VOLUSIA","370628","April","2018","FL"
"266","WAKULLA","20270","April","2018","FL"
"267","WALTON","48515","April","2018","FL"
"268","WASHINGTON","15753","April","2018","FL"
"269","ALACHUA","173993","May","2018","FL"
"270","BAKER","15092","May","2018","FL"
"271","BAY","118344","May","2018","FL"
"272","BRADFORD","16166","May","2018","FL"
"273","BREVARD","411191","May","2018","FL"
"274","BROWARD","1141360","May","2018","FL"
"275","CALHOUN","8620","May","2018","FL"
"276","CHARLOTTE","131734","May","2018","FL"
"277","CITRUS","106972","May","2018","FL"
"278","CLAY","150234","May","2018","FL"
"279","COLLIER","206438","May","2018","FL"
"280","COLUMBIA","39359","May","2018","FL"
"281","DESOTO","16550","May","2018","FL"
"282","DIXIE","9550","May","2018","FL"
"283","DUVAL","584997","May","2018","FL"
"284","ESCAMBIA","206937","May","2018","FL"
"285","FLAGLER","80796","May","2018","FL"
"286","FRANKLIN","7563","May","2018","FL"
"287","GADSDEN","29858","May","2018","FL"
"288","GILCHRIST","11553","May","2018","FL"
"289","GLADES","6710","May","2018","FL"
"290","GULF","9990","May","2018","FL"
"291","HAMILTON","7624","May","2018","FL"
"292","HARDEE","12087","May","2018","FL"
"293","HENDRY","17509","May","2018","FL"
"294","HERNANDO","131049","May","2018","FL"
"295","HIGHLANDS","57988","May","2018","FL"
"296","HILLSBOROUGH","826228","May","2018","FL"
"297","HOLMES","10566","May","2018","FL"
"298","INDIAN RIVER","110556","May","2018","FL"
"299","JACKSON","27508","May","2018","FL"
"300","JEFFERSON","9642","May","2018","FL"
"301","LAFAYETTE","4299","May","2018","FL"
"302","LAKE","228459","May","2018","FL"
"303","LEE","432416","May","2018","FL"
"304","LEON","205898","May","2018","FL"
"305","LEVY","27302","May","2018","FL"
"306","LIBERTY","4332","May","2018","FL"
"307","MADISON","11766","May","2018","FL"
"308","MANATEE","237890","May","2018","FL"
"309","MARION","236784","May","2018","FL"
"310","MARTIN","112540","May","2018","FL"
"311","MIAMI-DADE","1387264","May","2018","FL"
"312","MONROE","52792","May","2018","FL"
"313","NASSAU","65025","May","2018","FL"
"314","OKALOOSA","132002","May","2018","FL"
"315","OKEECHOBEE","20133","May","2018","FL"
"316","ORANGE","758967","May","2018","FL"
"317","OSCEOLA","208009","May","2018","FL"
"318","PALM BEACH","910976","May","2018","FL"
"319","PASCO","341640","May","2018","FL"
"320","PINELLAS","647858","May","2018","FL"
"321","POLK","403653","May","2018","FL"
"322","PUTNAM","46753","May","2018","FL"
"323","SANTA ROSA","129051","May","2018","FL"
"324","SARASOTA","311152","May","2018","FL"
"325","SEMINOLE","290356","May","2018","FL"
"326","ST. JOHNS","181146","May","2018","FL"
"327","ST. LUCIE","198071","May","2018","FL"
"328","SUMTER","94104","May","2018","FL"
"329","SUWANNEE","25509","May","2018","FL"
"330","TAYLOR","11930","May","2018","FL"
"331","UNION","7205","May","2018","FL"
"332","VOLUSIA","371271","May","2018","FL"
"333","WAKULLA","20326","May","2018","FL"
"334","WALTON","48751","May","2018","FL"
"335","WASHINGTON","15604","May","2018","FL"
"336","ALACHUA","174319","June","2018","FL"
"337","BAKER","14725","June","2018","FL"
"338","BAY","118739","June","2018","FL"
"339","BRADFORD","16177","June","2018","FL"
"340","BREVARD","412893","June","2018","FL"
"341","BROWARD","1146304","June","2018","FL"
"342","CALHOUN","8624","June","2018","FL"
"343","CHARLOTTE","132225","June","2018","FL"
"344","CITRUS","107322","June","2018","FL"
"345","CLAY","150618","June","2018","FL"
"346","COLLIER","207405","June","2018","FL"
"347","COLUMBIA","39484","June","2018","FL"
"348","DESOTO","16596","June","2018","FL"
"349","DIXIE","9555","June","2018","FL"
"350","DUVAL","588193","June","2018","FL"
"351","ESCAMBIA","207791","June","2018","FL"
"352","FLAGLER","81104","June","2018","FL"
"353","FRANKLIN","7573","June","2018","FL"
"354","GADSDEN","29508","June","2018","FL"
"355","GILCHRIST","11575","June","2018","FL"
"356","GLADES","6725","June","2018","FL"
"357","GULF","10031","June","2018","FL"
"358","HAMILTON","7629","June","2018","FL"
"359","HARDEE","12094","June","2018","FL"
"360","HENDRY","17544","June","2018","FL"
"361","HERNANDO","131535","June","2018","FL"
"362","HIGHLANDS","58015","June","2018","FL"
"363","HILLSBOROUGH","830544","June","2018","FL"
"364","HOLMES","10610","June","2018","FL"
"365","INDIAN RIVER","110993","June","2018","FL"
"366","JACKSON","27560","June","2018","FL"
"367","JEFFERSON","9651","June","2018","FL"
"368","LAFAYETTE","4297","June","2018","FL"
"369","LAKE","229459","June","2018","FL"
"370","LEE","434032","June","2018","FL"
"371","LEON","205806","June","2018","FL"
"372","LEVY","27382","June","2018","FL"
"373","LIBERTY","4341","June","2018","FL"
"374","MADISON","11772","June","2018","FL"
"375","MANATEE","239016","June","2018","FL"
"376","MARION","237782","June","2018","FL"
"377","MARTIN","112859","June","2018","FL"
"378","MIAMI-DADE","1390512","June","2018","FL"
"379","MONROE","52896","June","2018","FL"
"380","NASSAU","65376","June","2018","FL"
"381","OKALOOSA","132577","June","2018","FL"
"382","OKEECHOBEE","20167","June","2018","FL"
"383","ORANGE","764173","June","2018","FL"
"384","OSCEOLA","209718","June","2018","FL"
"385","PALM BEACH","913575","June","2018","FL"
"386","PASCO","343426","June","2018","FL"
"387","PINELLAS","650253","June","2018","FL"
"388","POLK","405190","June","2018","FL"
"389","PUTNAM","46878","June","2018","FL"
"390","SANTA ROSA","129594","June","2018","FL"
"391","SARASOTA","312180","June","2018","FL"
"392","SEMINOLE","291691","June","2018","FL"
"393","ST. JOHNS","182192","June","2018","FL"
"394","ST. LUCIE","199035","June","2018","FL"
"395","SUMTER","94575","June","2018","FL"
"396","SUWANNEE","25545","June","2018","FL"
"397","TAYLOR","11929","June","2018","FL"
"398","UNION","7231","June","2018","FL"
"399","VOLUSIA","373161","June","2018","FL"
"400","WAKULLA","20385","June","2018","FL"
"401","WALTON","48991","June","2018","FL"
"402","WASHINGTON","15661","June","2018","FL"
"403","ALACHUA","174752","July","2018","FL"
"404","BAKER","14818","July","2018","FL"
"405","BAY","119419","July","2018","FL"
"406","BRADFORD","16187","July","2018","FL"
"407","BREVARD","415602","July","2018","FL"
"408","BROWARD","1153269","July","2018","FL"
"409","CALHOUN","8639","July","2018","FL"
"410","CHARLOTTE","132974","July","2018","FL"
"411","CITRUS","107901","July","2018","FL"
"412","CLAY","151418","July","2018","FL"
"413","COLLIER","208975","July","2018","FL"
"414","COLUMBIA","39782","July","2018","FL"
"415","DESOTO","16644","July","2018","FL"
"416","DIXIE","9560","July","2018","FL"
"417","DUVAL","592510","July","2018","FL"
"418","ESCAMBIA","209233","July","2018","FL"
"419","FLAGLER","81551","July","2018","FL"
"420","FRANKLIN","7640","July","2018","FL"
"421","GADSDEN","29644","July","2018","FL"
"422","GILCHRIST","11622","July","2018","FL"
"423","GLADES","6753","July","2018","FL"
"424","GULF","10085","July","2018","FL"
"425","HAMILTON","7661","July","2018","FL"
"426","HARDEE","12129","July","2018","FL"
"427","HENDRY","17573","July","2018","FL"
"428","HERNANDO","132273","July","2018","FL"
"429","HIGHLANDS","58376","July","2018","FL"
"430","HILLSBOROUGH","838214","July","2018","FL"
"431","HOLMES","10638","July","2018","FL"
"432","INDIAN RIVER","111631","July","2018","FL"
"433","JACKSON","27687","July","2018","FL"
"434","JEFFERSON","9717","July","2018","FL"
"435","LAFAYETTE","4310","July","2018","FL"
"436","LAKE","231514","July","2018","FL"
"437","LEE","437057","July","2018","FL"
"438","LEON","206755","July","2018","FL"
"439","LEVY","27571","July","2018","FL"
"440","LIBERTY","4358","July","2018","FL"
"441","MADISON","11797","July","2018","FL"
"442","MANATEE","240429","July","2018","FL"
"443","MARION","239203","July","2018","FL"
"444","MARTIN","113275","July","2018","FL"
"445","MIAMI-DADE","1398990","July","2018","FL"
"446","MONROE","52878","July","2018","FL"
"447","NASSAU","65838","July","2018","FL"
"448","OKALOOSA","133045","July","2018","FL"
"449","OKEECHOBEE","20252","July","2018","FL"
"450","ORANGE","772781","July","2018","FL"
"451","OSCEOLA","212276","July","2018","FL"
"452","PALM BEACH","918931","July","2018","FL"
"453","PASCO","345952","July","2018","FL"
"454","PINELLAS","654313","July","2018","FL"
"455","POLK","408276","July","2018","FL"
"456","PUTNAM","46898","July","2018","FL"
"457","SANTA ROSA","130399","July","2018","FL"
"458","SARASOTA","313801","July","2018","FL"
"459","SEMINOLE","294870","July","2018","FL"
"460","ST. JOHNS","183732","July","2018","FL"
"461","ST. LUCIE","200136","July","2018","FL"
"462","SUMTER","95126","July","2018","FL"
"463","SUWANNEE","25604","July","2018","FL"
"464","TAYLOR","12001","July","2018","FL"
"465","UNION","7299","July","2018","FL"
"466","VOLUSIA","375779","July","2018","FL"
"467","WAKULLA","20533","July","2018","FL"
"468","WALTON","49342","July","2018","FL"
"469","WASHINGTON","15709","July","2018","FL"
"470","ALACHUA","176133","August","2018","FL"
"471","BAKER","14909","August","2018","FL"
"472","BAY","119942","August","2018","FL"
"473","BRADFORD","16202","August","2018","FL"
"474","BREVARD","417858","August","2018","FL"
"475","BROWARD","1158638","August","2018","FL"
"476","CALHOUN","8654","August","2018","FL"
"477","CHARLOTTE","133379","August","2018","FL"
"478","CITRUS","108462","August","2018","FL"
"479","CLAY","151908","August","2018","FL"
"480","COLLIER","210431","August","2018","FL"
"481","COLUMBIA","39986","August","2018","FL"
"482","DESOTO","16645","August","2018","FL"
"483","DIXIE","9579","August","2018","FL"
"484","DUVAL","597021","August","2018","FL"
"485","ESCAMBIA","210599","August","2018","FL"
"486","FLAGLER","81915","August","2018","FL"
"487","FRANKLIN","7716","August","2018","FL"
"488","GADSDEN","29701","August","2018","FL"
"489","GILCHRIST","11686","August","2018","FL"
"490","GLADES","6749","August","2018","FL"
"491","GULF","10134","August","2018","FL"
"492","HAMILTON","7689","August","2018","FL"
"493","HARDEE","12148","August","2018","FL"
"494","HENDRY","17637","August","2018","FL"
"495","HERNANDO","132790","August","2018","FL"
"496","HIGHLANDS","58600","August","2018","FL"
"497","HILLSBOROUGH","844611","August","2018","FL"
"498","HOLMES","10660","August","2018","FL"
"499","INDIAN RIVER","112213","August","2018","FL"
"500","JACKSON","27808","August","2018","FL"
"501","JEFFERSON","9737","August","2018","FL"
"502","LAFAYETTE","4324","August","2018","FL"
"503","LAKE","232705","August","2018","FL"
"504","LEE","439914","August","2018","FL"
"505","LEON","209183","August","2018","FL"
"506","LEVY","27670","August","2018","FL"
"507","LIBERTY","4372","August","2018","FL"
"508","MADISON","11813","August","2018","FL"
"509","MANATEE","241811","August","2018","FL"
"510","MARION","240503","August","2018","FL"
"511","MARTIN","113324","August","2018","FL"
"512","MIAMI-DADE","1406082","August","2018","FL"
"513","MONROE","53243","August","2018","FL"
"514","NASSAU","66214","August","2018","FL"
"515","OKALOOSA","133948","August","2018","FL"
"516","OKEECHOBEE","20317","August","2018","FL"
"517","ORANGE","781060","August","2018","FL"
"518","OSCEOLA","214512","August","2018","FL"
"519","PALM BEACH","923093","August","2018","FL"
"520","PASCO","347721","August","2018","FL"
"521","PINELLAS","657831","August","2018","FL"
"522","POLK","410915","August","2018","FL"
"523","PUTNAM","46984","August","2018","FL"
"524","SANTA ROSA","131110","August","2018","FL"
"525","SARASOTA","315229","August","2018","FL"
"526","SEMINOLE","297191","August","2018","FL"
"527","ST. JOHNS","184822","August","2018","FL"
"528","ST. LUCIE","200868","August","2018","FL"
"529","SUMTER","95746","August","2018","FL"
"530","SUWANNEE","25667","August","2018","FL"
"531","TAYLOR","12037","August","2018","FL"
"532","UNION","7329","August","2018","FL"
"533","VOLUSIA","378165","August","2018","FL"
"534","WAKULLA","20644","August","2018","FL"
"535","WALTON","49667","August","2018","FL"
"536","WASHINGTON","15727","August","2018","FL"
"537","ALACHUA","179177","September","2018","FL"
"538","BAKER","15015","September","2018","FL"
"539","BAY","120518","September","2018","FL"
"540","BRADFORD","16254","September","2018","FL"
"541","BREVARD","420466","September","2018","FL"
"542","BROWARD","1167982","September","2018","FL"
"543","CALHOUN","8680","September","2018","FL"
"544","CHARLOTTE","134075","September","2018","FL"
"545","CITRUS","108992","September","2018","FL"
"546","CLAY","152527","September","2018","FL"
"547","COLLIER","212368","September","2018","FL"
"548","COLUMBIA","40214","September","2018","FL"
"549","DESOTO","16690","September","2018","FL"
"550","DIXIE","9614","September","2018","FL"
"551","DUVAL","603496","September","2018","FL"
"552","ESCAMBIA","211984","September","2018","FL"
"553","FLAGLER","82283","September","2018","FL"
"554","FRANKLIN","7745","September","2018","FL"
"555","GADSDEN","29734","September","2018","FL"
"556","GILCHRIST","11702","September","2018","FL"
"557","GLADES","6754","September","2018","FL"
"558","GULF","10188","September","2018","FL"
"559","HAMILTON","7712","September","2018","FL"
"560","HARDEE","12174","September","2018","FL"
"561","HENDRY","17692","September","2018","FL"
"562","HERNANDO","133433","September","2018","FL"
"563","HIGHLANDS","59009","September","2018","FL"
"564","HILLSBOROUGH","853119","September","2018","FL"
"565","HOLMES","10719","September","2018","FL"
"566","INDIAN RIVER","112884","September","2018","FL"
"567","JACKSON","27937","September","2018","FL"
"568","JEFFERSON","9779","September","2018","FL"
"569","LAFAYETTE","4346","September","2018","FL"
"570","LAKE","234478","September","2018","FL"
"571","LEE","443650","September","2018","FL"
"572","LEON","211887","September","2018","FL"
"573","LEVY","27761","September","2018","FL"
"574","LIBERTY","4371","September","2018","FL"
"575","MADISON","11823","September","2018","FL"
"576","MANATEE","243570","September","2018","FL"
"577","MARION","242150","September","2018","FL"
"578","MARTIN","113698","September","2018","FL"
"579","MIAMI-DADE","1417738","September","2018","FL"
"580","MONROE","53565","September","2018","FL"
"581","NASSAU","66540","September","2018","FL"
"582","OKALOOSA","134895","September","2018","FL"
"583","OKEECHOBEE","20447","September","2018","FL"
"584","ORANGE","791680","September","2018","FL"
"585","OSCEOLA","217180","September","2018","FL"
"586","PALM BEACH","928696","September","2018","FL"
"587","PASCO","350194","September","2018","FL"
"588","PINELLAS","663409","September","2018","FL"
"589","POLK","414885","September","2018","FL"
"590","PUTNAM","47076","September","2018","FL"
"591","SANTA ROSA","131862","September","2018","FL"
"592","SARASOTA","316960","September","2018","FL"
"593","SEMINOLE","300284","September","2018","FL"
"594","ST. JOHNS","186224","September","2018","FL"
"595","ST. LUCIE","202186","September","2018","FL"
"596","SUMTER","96396","September","2018","FL"
"597","SUWANNEE","25755","September","2018","FL"
"598","TAYLOR","12105","September","2018","FL"
"599","UNION","7360","September","2018","FL"
"600","VOLUSIA","380261","September","2018","FL"
"601","WAKULLA","20744","September","2018","FL"
"602","WALTON","50007","September","2018","FL"
"603","WASHINGTON","15773","September","2018","FL"
"604","ALACHUA","182957","October","2018","FL"
"605","BAKER","15277","October","2018","FL"
"606","BAY","121183","October","2018","FL"
"607","BRADFORD","16358","October","2018","FL"
"608","BREVARD","423967","October","2018","FL"
"609","BROWARD","1183701","October","2018","FL"
"610","CALHOUN","8692","October","2018","FL"
"611","CHARLOTTE","134937","October","2018","FL"
"612","CITRUS","109689","October","2018","FL"
"613","CLAY","153802","October","2018","FL"
"614","COLLIER","215272","October","2018","FL"
"615","COLUMBIA","40570","October","2018","FL"
"616","DESOTO","16768","October","2018","FL"
"617","DIXIE","9698","October","2018","FL"
"618","DUVAL","610859","October","2018","FL"
"619","ESCAMBIA","214300","October","2018","FL"
"620","FLAGLER","82956","October","2018","FL"
"621","FRANKLIN","7815","October","2018","FL"
"622","GADSDEN","29787","October","2018","FL"
"623","GILCHRIST","11791","October","2018","FL"
"624","GLADES","6823","October","2018","FL"
"625","GULF","10186","October","2018","FL"
"626","HAMILTON","7728","October","2018","FL"
"627","HARDEE","12238","October","2018","FL"
"628","HENDRY","17803","October","2018","FL"
"629","HERNANDO","134258","October","2018","FL"
"630","HIGHLANDS","59702","October","2018","FL"
"631","HILLSBOROUGH","865503","October","2018","FL"
"632","HOLMES","10766","October","2018","FL"
"633","INDIAN RIVER","113802","October","2018","FL"
"634","JACKSON","28089","October","2018","FL"
"635","JEFFERSON","9767","October","2018","FL"
"636","LAFAYETTE","4361","October","2018","FL"
"637","LAKE","237168","October","2018","FL"
"638","LEE","448767","October","2018","FL"
"639","LEON","215830","October","2018","FL"
"640","LEVY","27976","October","2018","FL"
"641","LIBERTY","4360","October","2018","FL"
"642","MADISON","11871","October","2018","FL"
"643","MANATEE","246273","October","2018","FL"
"644","MARION","243591","October","2018","FL"
"645","MARTIN","114374","October","2018","FL"
"646","MIAMI-DADE","1434110","October","2018","FL"
"647","MONROE","53863","October","2018","FL"
"648","NASSAU","66988","October","2018","FL"
"649","OKALOOSA","136458","October","2018","FL"
"650","OKEECHOBEE","20634","October","2018","FL"
"651","ORANGE","806990","October","2018","FL"
"652","OSCEOLA","220044","October","2018","FL"
"653","PALM BEACH","936169","October","2018","FL"
"654","PASCO","353288","October","2018","FL"
"655","PINELLAS","670501","October","2018","FL"
"656","POLK","418940","October","2018","FL"
"657","PUTNAM","47367","October","2018","FL"
"658","SANTA ROSA","132851","October","2018","FL"
"659","SARASOTA","319277","October","2018","FL"
"660","SEMINOLE","305404","October","2018","FL"
"661","ST. JOHNS","187848","October","2018","FL"
"662","ST. LUCIE","203949","October","2018","FL"
"663","SUMTER","97198","October","2018","FL"
"664","SUWANNEE","25855","October","2018","FL"
"665","TAYLOR","12196","October","2018","FL"
"666","UNION","7403","October","2018","FL"
"667","VOLUSIA","383732","October","2018","FL"
"668","WAKULLA","20849","October","2018","FL"
"669","WALTON","50635","October","2018","FL"
"670","WASHINGTON","15842","October","2018","FL"
"671","ALACHUA","183455","November","2018","FL"
"672","BAKER","15446","November","2018","FL"
"673","BAY","121578","November","2018","FL"
"674","BRADFORD","16421","November","2018","FL"
"675","BREVARD","425664","November","2018","FL"
"676","BROWARD","1188017","November","2018","FL"
"677","CALHOUN","8686","November","2018","FL"
"678","CHARLOTTE","135559","November","2018","FL"
"679","CITRUS","110100","November","2018","FL"
"680","CLAY","153876","November","2018","FL"
"681","COLLIER","217134","November","2018","FL"
"682","COLUMBIA","40655","November","2018","FL"
"683","DESOTO","16814","November","2018","FL"
"684","DIXIE","9691","November","2018","FL"
"685","DUVAL","612261","November","2018","FL"
"686","ESCAMBIA","215026","November","2018","FL"
"687","FLAGLER","83203","November","2018","FL"
"688","FRANKLIN","7829","November","2018","FL"
"689","GADSDEN","29866","November","2018","FL"
"690","GILCHRIST","11827","November","2018","FL"
"691","GLADES","6853","November","2018","FL"
"692","GULF","10233","November","2018","FL"
"693","HAMILTON","7749","November","2018","FL"
"694","HARDEE","12257","November","2018","FL"
"695","HENDRY","17892","November","2018","FL"
"696","HERNANDO","134923","November","2018","FL"
"697","HIGHLANDS","60005","November","2018","FL"
"698","HILLSBOROUGH","869962","November","2018","FL"
"699","HOLMES","10790","November","2018","FL"
"700","INDIAN RIVER","114289","November","2018","FL"
"701","JACKSON","28166","November","2018","FL"
"702","JEFFERSON","9785","November","2018","FL"
"703","LAFAYETTE","4371","November","2018","FL"
"704","LAKE","237919","November","2018","FL"
"705","LEE","451515","November","2018","FL"
"706","LEON","214836","November","2018","FL"
"707","LEVY","27920","November","2018","FL"
"708","LIBERTY","4360","November","2018","FL"
"709","MADISON","11923","November","2018","FL"
"710","MANATEE","247288","November","2018","FL"
"711","MARION","244774","November","2018","FL"
"712","MARTIN","114642","November","2018","FL"
"713","MIAMI-DADE","1439709","November","2018","FL"
"714","MONROE","53818","November","2018","FL"
"715","NASSAU","67394","November","2018","FL"
"716","OKALOOSA","136887","November","2018","FL"
"717","OKEECHOBEE","20677","November","2018","FL"
"718","ORANGE","811342","November","2018","FL"
"719","OSCEOLA","215840","November","2018","FL"
"720","PALM BEACH","940133","November","2018","FL"
"721","PASCO","354823","November","2018","FL"
"722","PINELLAS","671442","November","2018","FL"
"723","POLK","420816","November","2018","FL"
"724","PUTNAM","47562","November","2018","FL"
"725","SANTA ROSA","133545","November","2018","FL"
"726","SARASOTA","320793","November","2018","FL"
"727","SEMINOLE","305965","November","2018","FL"
"728","ST. JOHNS","189316","November","2018","FL"
"729","ST. LUCIE","204569","November","2018","FL"
"730","SUMTER","97814","November","2018","FL"
"731","SUWANNEE","25905","November","2018","FL"
"732","TAYLOR","12296","November","2018","FL"
"733","UNION","7435","November","2018","FL"
"734","VOLUSIA","384885","November","2018","FL"
"735","WAKULLA","20888","November","2018","FL"
"736","WALTON","50812","November","2018","FL"
"737","WASHINGTON","15886","November","2018","FL"
"738","ALACHUA","183448","December","2018","FL"
"739","BAKER","15470","December","2018","FL"
"740","BAY","120577","December","2018","FL"
"741","BRADFORD","16458","December","2018","FL"
"742","BREVARD","426701","December","2018","FL"
"743","BROWARD","1190594","December","2018","FL"
"744","CALHOUN","8657","December","2018","FL"
"745","CHARLOTTE","136110","December","2018","FL"
"746","CITRUS","110445","December","2018","FL"
"747","CLAY","153312","December","2018","FL"
"748","COLLIER","216529","December","2018","FL"
"749","COLUMBIA","40189","December","2018","FL"
"750","DESOTO","16875","December","2018","FL"
"751","DIXIE","9694","December","2018","FL"
"752","DUVAL","613821","December","2018","FL"
"753","ESCAMBIA","215167","December","2018","FL"
"754","FLAGLER","83613","December","2018","FL"
"755","FRANKLIN","7858","December","2018","FL"
"756","GADSDEN","29628","December","2018","FL"
"757","GILCHRIST","11852","December","2018","FL"
"758","GLADES","6886","December","2018","FL"
"759","GULF","10246","December","2018","FL"
"760","HAMILTON","7749","December","2018","FL"
"761","HARDEE","12262","December","2018","FL"
"762","HENDRY","17916","December","2018","FL"
"763","HERNANDO","134745","December","2018","FL"
"764","HIGHLANDS","60266","December","2018","FL"
"765","HILLSBOROUGH","872216","December","2018","FL"
"766","HOLMES","10818","December","2018","FL"
"767","INDIAN RIVER","114429","December","2018","FL"
"768","JACKSON","28128","December","2018","FL"
"769","JEFFERSON","9790","December","2018","FL"
"770","LAFAYETTE","4360","December","2018","FL"
"771","LAKE","238586","December","2018","FL"
"772","LEE","453128","December","2018","FL"
"773","LEON","214700","December","2018","FL"
"774","LEVY","27933","December","2018","FL"
"775","LIBERTY","4364","December","2018","FL"
"776","MADISON","11924","December","2018","FL"
"777","MANATEE","246313","December","2018","FL"
"778","MARION","245392","December","2018","FL"
"779","MARTIN","114724","December","2018","FL"
"780","MIAMI-DADE","1440409","December","2018","FL"
"781","MONROE","53649","December","2018","FL"
"782","NASSAU","67541","December","2018","FL"
"783","OKALOOSA","137435","December","2018","FL"
"784","OKEECHOBEE","20720","December","2018","FL"
"785","ORANGE","813490","December","2018","FL"
"786","OSCEOLA","215215","December","2018","FL"
"787","PALM BEACH","937330","December","2018","FL"
"788","PASCO","356057","December","2018","FL"
"789","PINELLAS","671781","December","2018","FL"
"790","POLK","423458","December","2018","FL"
"791","PUTNAM","47635","December","2018","FL"
"792","SANTA ROSA","133789","December","2018","FL"
"793","SARASOTA","321680","December","2018","FL"
"794","SEMINOLE","306299","December","2018","FL"
"795","ST. JOHNS","188380","December","2018","FL"
"796","ST. LUCIE","204776","December","2018","FL"
"797","SUMTER","98224","December","2018","FL"
"798","SUWANNEE","25993","December","2018","FL"
"799","TAYLOR","12289","December","2018","FL"
"800","UNION","7430","December","2018","FL"
"801","VOLUSIA","372085","December","2018","FL"
"802","WAKULLA","20938","December","2018","FL"
"803","WALTON","50363","December","2018","FL"
"804","WASHINGTON","15783","December","2018","FL"
"805","Alachua","184141","January","2019","FL"
"806","Baker","15542","January","2019","FL"
"807","Bay","119113","January","2019","FL"
"808","Bradford","16520","January","2019","FL"
"809","Brevard","428646","January","2019","FL"
"810","Broward","1194801","January","2019","FL"
"811","Calhoun","8691","January","2019","FL"
"812","Charlotte","136713","January","2019","FL"
"813","Citrus","111174","January","2019","FL"
"814","Clay","153442","January","2019","FL"
"815","Collier","217269","January","2019","FL"
"816","Columbia","40131","January","2019","FL"
"817","Desoto","16932","January","2019","FL"
"818","Dixie","9723","January","2019","FL"
"819","Duval","604565","January","2019","FL"
"820","Escambia","214987","January","2019","FL"
"821","Flagler","84019","January","2019","FL"
"822","Franklin","7922","January","2019","FL"
"823","Gadsden","29429","January","2019","FL"
"824","Gilchrist","11913","January","2019","FL"
"825","Glades","6913","January","2019","FL"
"826","Gulf","10346","January","2019","FL"
"827","Hamilton","7753","January","2019","FL"
"828","Hardee","12284","January","2019","FL"
"829","Hendry","17720","January","2019","FL"
"830","Hernando","135291","January","2019","FL"
"831","Highlands","60399","January","2019","FL"
"832","Hillsborough","877168","January","2019","FL"
"833","Holmes","10769","January","2019","FL"
"834","Indian River","115137","January","2019","FL"
"835","Jackson","27985","January","2019","FL"
"836","Jefferson","9650","January","2019","FL"
"837","Lafayette","4372","January","2019","FL"
"838","Lake","239880","January","2019","FL"
"839","Lee","454123","January","2019","FL"
"840","Leon","212032","January","2019","FL"
"841","Levy","27849","January","2019","FL"
"842","Liberty","4377","January","2019","FL"
"843","Madison","11916","January","2019","FL"
"844","Manatee","247645","January","2019","FL"
"845","Marion","244503","January","2019","FL"
"846","Martin","115264","January","2019","FL"
"847","Miami-Dade","1438167","January","2019","FL"
"848","Monroe","53034","January","2019","FL"
"849","Nassau","67844","January","2019","FL"
"850","Okaloosa","138164","January","2019","FL"
"851","Okeechobee","20753","January","2019","FL"
"852","Orange","817547","January","2019","FL"
"853","Osceola","212962","January","2019","FL"
"854","Palm Beach","940162","January","2019","FL"
"855","Pasco","354901","January","2019","FL"
"856","Pinellas","669807","January","2019","FL"
"857","Polk","425942","January","2019","FL"
"858","Putnam","47773","January","2019","FL"
"859","Santa Rosa","135030","January","2019","FL"
"860","Sarasota","322789","January","2019","FL"
"861","Seminole","306827","January","2019","FL"
"862","St. Johns","188721","January","2019","FL"
"863","St. Lucie","203685","January","2019","FL"
"864","Sumter","98846","January","2019","FL"
"865","Suwannee","26099","January","2019","FL"
"866","Taylor","12330","January","2019","FL"
"867","Union","7433","January","2019","FL"
"868","Volusia","373777","January","2019","FL"
"869","Wakulla","21012","January","2019","FL"
"870","Walton","50675","January","2019","FL"
"871","Washington","16012","January","2019","FL"
"872","Alachua","184543","February","2019","FL"
"873","Baker","15580","February","2019","FL"
"874","Bay","115095","February","2019","FL"
"875","Bradford","16564","February","2019","FL"
"876","Brevard","426581","February","2019","FL"
"877","Broward","1197121","February","2019","FL"
"878","Calhoun","8680","February","2019","FL"
"879","Charlotte","137285","February","2019","FL"
"880","Citrus","111170","February","2019","FL"
"881","Clay","153716","February","2019","FL"
"882","Collier","216585","February","2019","FL"
"883","Columbia","39943","February","2019","FL"
"884","Desoto","16957","February","2019","FL"
"885","Dixie","9755","February","2019","FL"
"886","Duval","606663","February","2019","FL"
"887","Escambia","214185","February","2019","FL"
"888","Flagler","84126","February","2019","FL"
"889","Franklin","7955","February","2019","FL"
"890","Gadsden","29351","February","2019","FL"
"891","Gilchrist","11935","February","2019","FL"
"892","Glades","6943","February","2019","FL"
"893","Gulf","10382","February","2019","FL"
"894","Hamilton","7670","February","2019","FL"
"895","Hardee","12306","February","2019","FL"
"896","Hendry","17742","February","2019","FL"
"897","Hernando","134516","February","2019","FL"
"898","Highlands","60488","February","2019","FL"
"899","Hillsborough","863003","February","2019","FL"
"900","Holmes","10752","February","2019","FL"
"901","Indian River","114319","February","2019","FL"
"902","Jackson","27837","February","2019","FL"
"903","Jefferson","9656","February","2019","FL"
"904","Lafayette","4372","February","2019","FL"
"905","Lake","240726","February","2019","FL"
"906","Lee","455524","February","2019","FL"
"907","Leon","211454","February","2019","FL"
"908","Levy","27880","February","2019","FL"
"909","Liberty","4374","February","2019","FL"
"910","Madison","11914","February","2019","FL"
"911","Manatee","248329","February","2019","FL"
"912","Marion","245567","February","2019","FL"
"913","Martin","114356","February","2019","FL"
"914","Miami-Dade","1437425","February","2019","FL"
"915","Monroe","53147","February","2019","FL"
"916","Nassau","68058","February","2019","FL"
"917","Okaloosa","138452","February","2019","FL"
"918","Okeechobee","20804","February","2019","FL"
"919","Orange","819989","February","2019","FL"
"920","Osceola","214061","February","2019","FL"
"921","Palm Beach","942700","February","2019","FL"
"922","Pasco","351050","February","2019","FL"
"923","Pinellas","670935","February","2019","FL"
"924","Polk","427860","February","2019","FL"
"925","Putnam","47894","February","2019","FL"
"926","Santa Rosa","135498","February","2019","FL"
"927","Sarasota","319477","February","2019","FL"
"928","Seminole","307083","February","2019","FL"
"929","St. Johns","188177","February","2019","FL"
"930","St. Lucie","203208","February","2019","FL"
"931","Sumter","98744","February","2019","FL"
"932","Suwannee","26165","February","2019","FL"
"933","Taylor","12361","February","2019","FL"
"934","Union","7442","February","2019","FL"
"935","Volusia","374575","February","2019","FL"
"936","Wakulla","21063","February","2019","FL"
"937","Walton","50924","February","2019","FL"
"938","Washington","16071","February","2019","FL"
"939","Alachua","185061","March","2019","FL"
"940","Baker","15618","March","2019","FL"
"941","Bay","115464","March","2019","FL"
"942","Bradford","16306","March","2019","FL"
"943","Brevard","425938","March","2019","FL"
"944","Broward","1198686","March","2019","FL"
"945","Calhoun","8685","March","2019","FL"
"946","Charlotte","138477","March","2019","FL"
"947","Citrus","111176","March","2019","FL"
"948","Clay","154215","March","2019","FL"
"949","Collier","214682","March","2019","FL"
"950","Columbia","39984","March","2019","FL"
"951","Desoto","17030","March","2019","FL"
"952","Dixie","9760","March","2019","FL"
"953","Duval","607559","March","2019","FL"
"954","Escambia","212336","March","2019","FL"
"955","Flagler","84353","March","2019","FL"
"956","Franklin","7975","March","2019","FL"
"957","Gadsden","29354","March","2019","FL"
"958","Gilchrist","11956","March","2019","FL"
"959","Glades","6496","March","2019","FL"
"960","Gulf","10410","March","2019","FL"
"961","Hamilton","7695","March","2019","FL"
"962","Hardee","12325","March","2019","FL"
"963","Hendry","17789","March","2019","FL"
"964","Hernando","134977","March","2019","FL"
"965","Highlands","60581","March","2019","FL"
"966","Hillsborough","865951","March","2019","FL"
"967","Holmes","10662","March","2019","FL"
"968","Indian River","114605","March","2019","FL"
"969","Jackson","27890","March","2019","FL"
"970","Jefferson","9680","March","2019","FL"
"971","Lafayette","4398","March","2019","FL"
"972","Lake","241710","March","2019","FL"
"973","Lee","456645","March","2019","FL"
"974","Leon","211838","March","2019","FL"
"975","Levy","28007","March","2019","FL"
"976","Liberty","4385","March","2019","FL"
"977","Madison","11923","March","2019","FL"
"978","Manatee","250588","March","2019","FL"
"979","Marion","246488","March","2019","FL"
"980","Martin","110602","March","2019","FL"
"981","Miami-Dade","1434212","March","2019","FL"
"982","Monroe","53296","March","2019","FL"
"983","Nassau","67579","March","2019","FL"
"984","Okaloosa","138782","March","2019","FL"
"985","Okeechobee","20877","March","2019","FL"
"986","Orange","822803","March","2019","FL"
"987","Osceola","214471","March","2019","FL"
"988","Palm Beach","945045","March","2019","FL"
"989","Pasco","351657","March","2019","FL"
"990","Pinellas","672625","March","2019","FL"
"991","Polk","429554","March","2019","FL"
"992","Putnam","48045","March","2019","FL"
"993","Santa Rosa","135659","March","2019","FL"
"994","Sarasota","317075","March","2019","FL"
"995","Seminole","307518","March","2019","FL"
"996","St. Johns","189252","March","2019","FL"
"997","St. Lucie","205057","March","2019","FL"
"998","Sumter","99092","March","2019","FL"
"999","Suwannee","26218","March","2019","FL"
"1000","Taylor","12399","March","2019","FL"
"1001","Union","7471","March","2019","FL"
"1002","Volusia","375683","March","2019","FL"
"1003","Wakulla","21102","March","2019","FL"
"1004","Walton","51157","March","2019","FL"
"1005","Washington","16087","March","2019","FL"
"1006","Alachua","185387","April","2019","FL"
"1007","Baker","15556","April","2019","FL"
"1008","Bay","115021","April","2019","FL"
"1009","Bradford","16383","April","2019","FL"
"1010","Brevard","427066","April","2019","FL"
"1011","Broward","1199984","April","2019","FL"
"1012","Calhoun","8687","April","2019","FL"
"1013","Charlotte","139037","April","2019","FL"
"1014","Citrus","108871","April","2019","FL"
"1015","Clay","153643","April","2019","FL"
"1016","Collier","196958","April","2019","FL"
"1017","Columbia","40172","April","2019","FL"
"1018","Desoto","17118","April","2019","FL"
"1019","Dixie","9786","April","2019","FL"
"1020","Duval","610127","April","2019","FL"
"1021","Escambia","212938","April","2019","FL"
"1022","Flagler","84492","April","2019","FL"
"1023","Franklin","7987","April","2019","FL"
"1024","Gadsden","29319","April","2019","FL"
"1025","Gilchrist","11866","April","2019","FL"
"1026","Glades","6400","April","2019","FL"
"1027","Gulf","10421","April","2019","FL"
"1028","Hamilton","7629","April","2019","FL"
"1029","Hardee","12366","April","2019","FL"
"1030","Hendry","17146","April","2019","FL"
"1031","Hernando","135451","April","2019","FL"
"1032","Highlands","60834","April","2019","FL"
"1033","Hillsborough","864819","April","2019","FL"
"1034","Holmes","10694","April","2019","FL"
"1035","Indian River","114816","April","2019","FL"
"1036","Jackson","27889","April","2019","FL"
"1037","Jefferson","9694","April","2019","FL"
"1038","Lafayette","4400","April","2019","FL"
"1039","Lake","242810","April","2019","FL"
"1040","Lee","458135","April","2019","FL"
"1041","Leon","211380","April","2019","FL"
"1042","Levy","28076","April","2019","FL"
"1043","Liberty","4388","April","2019","FL"
"1044","Madison","11941","April","2019","FL"
"1045","Manatee","251348","April","2019","FL"
"1046","Marion","240510","April","2019","FL"
"1047","Martin","109470","April","2019","FL"
"1048","Miami-Dade","1435860","April","2019","FL"
"1049","Monroe","53388","April","2019","FL"
"1050","Nassau","66978","April","2019","FL"
"1051","Okaloosa","138277","April","2019","FL"
"1052","Okeechobee","20420","April","2019","FL"
"1053","Orange","825557","April","2019","FL"
"1054","Osceola","215939","April","2019","FL"
"1055","Palm Beach","947236","April","2019","FL"
"1056","Pasco","353231","April","2019","FL"
"1057","Pinellas","674194","April","2019","FL"
"1058","Polk","429564","April","2019","FL"
"1059","Putnam","47667","April","2019","FL"
"1060","Santa Rosa","135975","April","2019","FL"
"1061","Sarasota","318138","April","2019","FL"
"1062","Seminole","308054","April","2019","FL"
"1063","St. Johns","190305","April","2019","FL"
"1064","St. Lucie","205627","April","2019","FL"
"1065","Sumter","99547","April","2019","FL"
"1066","Suwannee","26234","April","2019","FL"
"1067","Taylor","12411","April","2019","FL"
"1068","Union","7471","April","2019","FL"
"1069","Volusia","376830","April","2019","FL"
"1070","Wakulla","21173","April","2019","FL"
"1071","Walton","51436","April","2019","FL"
"1072","Washington","16137","April","2019","FL"
"1073","Alachua","185655","May","2019","FL"
"1074","Baker","15561","May","2019","FL"
"1075","Bay","113461","May","2019","FL"
"1076","Bradford","16359","May","2019","FL"
"1077","Brevard","427346","May","2019","FL"
"1078","Broward","1200620","May","2019","FL"
"1079","Calhoun","8684","May","2019","FL"
"1080","Charlotte","139548","May","2019","FL"
"1081","Citrus","109224","May","2019","FL"
"1082","Clay","153386","May","2019","FL"
"1083","Collier","198514","May","2019","FL"
"1084","Columbia","40270","May","2019","FL"
"1085","Desoto","17151","May","2019","FL"
"1086","Dixie","9817","May","2019","FL"
"1087","Duval","612083","May","2019","FL"
"1088","Escambia","213563","May","2019","FL"
"1089","Flagler","84749","May","2019","FL"
"1090","Franklin","7995","May","2019","FL"
"1091","Gadsden","29364","May","2019","FL"
"1092","Gilchrist","11863","May","2019","FL"
"1093","Glades","6426","May","2019","FL"
"1094","Gulf","10424","May","2019","FL"
"1095","Hamilton","7632","May","2019","FL"
"1096","Hardee","12375","May","2019","FL"
"1097","Hendry","17204","May","2019","FL"
"1098","Hernando","136108","May","2019","FL"
"1099","Highlands","61020","May","2019","FL"
"1100","Hillsborough","861131","May","2019","FL"
"1101","Holmes","10701","May","2019","FL"
"1102","Indian River","114995","May","2019","FL"
"1103","Jackson","27920","May","2019","FL"
"1104","Jefferson","9683","May","2019","FL"
"1105","Lafayette","4398","May","2019","FL"
"1106","Lake","243312","May","2019","FL"
"1107","Lee","459749","May","2019","FL"
"1108","Leon","211595","May","2019","FL"
"1109","Levy","28075","May","2019","FL"
"1110","Liberty","4394","May","2019","FL"
"1111","Madison","11933","May","2019","FL"
"1112","Manatee","251755","May","2019","FL"
"1113","Marion","241318","May","2019","FL"
"1114","Martin","109734","May","2019","FL"
"1115","Miami-Dade","1438444","May","2019","FL"
"1116","Monroe","53579","May","2019","FL"
"1117","Nassau","67279","May","2019","FL"
"1118","Okaloosa","138293","May","2019","FL"
"1119","Okeechobee","20476","May","2019","FL"
"1120","Orange","828513","May","2019","FL"
"1121","Osceola","216746","May","2019","FL"
"1122","Palm Beach","950227","May","2019","FL"
"1123","Pasco","355949","May","2019","FL"
"1124","Pinellas","676528","May","2019","FL"
"1125","Polk","431822","May","2019","FL"
"1126","Putnam","47428","May","2019","FL"
"1127","Santa Rosa","136556","May","2019","FL"
"1128","Sarasota","317691","May","2019","FL"
"1129","Seminole","308760","May","2019","FL"
"1130","St. Johns","191239","May","2019","FL"
"1131","St. Lucie","203858","May","2019","FL"
"1132","Sumter","99913","May","2019","FL"
"1133","Suwannee","26262","May","2019","FL"
"1134","Taylor","12251","May","2019","FL"
"1135","Union","7411","May","2019","FL"
"1136","Volusia","378064","May","2019","FL"
"1137","Wakulla","21225","May","2019","FL"
"1138","Walton","50856","May","2019","FL"
"1139","Washington","16156","May","2019","FL"
"1140","Alachua","186033","June","2019","FL"
"1141","Baker","15618","June","2019","FL"
"1142","Bay","112865","June","2019","FL"
"1143","Bradford","16405","June","2019","FL"
"1144","Brevard","424950","June","2019","FL"
"1145","Broward","1182387","June","2019","FL"
"1146","Calhoun","8693","June","2019","FL"
"1147","Charlotte","140084","June","2019","FL"
"1148","Citrus","109786","June","2019","FL"
"1149","Clay","153859","June","2019","FL"
"1150","Collier","199836","June","2019","FL"
"1151","Columbia","40441","June","2019","FL"
"1152","Desoto","17200","June","2019","FL"
"1153","Dixie","9837","June","2019","FL"
"1154","Duval","610819","June","2019","FL"
"1155","Escambia","214610","June","2019","FL"
"1156","Flagler","85313","June","2019","FL"
"1157","Franklin","8011","June","2019","FL"
"1158","Gadsden","29364","June","2019","FL"
"1159","Gilchrist","11896","June","2019","FL"
"1160","Glades","6456","June","2019","FL"
"1161","Gulf","10443","June","2019","FL"
"1162","Hamilton","7659","June","2019","FL"
"1163","Hardee","12394","June","2019","FL"
"1164","Hendry","17255","June","2019","FL"
"1165","Hernando","136010","June","2019","FL"
"1166","Highlands","61239","June","2019","FL"
"1167","Hillsborough","854516","June","2019","FL"
"1168","Holmes","10724","June","2019","FL"
"1169","Indian River","115186","June","2019","FL"
"1170","Jackson","27969","June","2019","FL"
"1171","Jefferson","9695","June","2019","FL"
"1172","Lafayette","4397","June","2019","FL"
"1173","Lake","243168","June","2019","FL"
"1174","Lee","448323","June","2019","FL"
"1175","Leon","211934","June","2019","FL"
"1176","Levy","27759","June","2019","FL"
"1177","Liberty","4404","June","2019","FL"
"1178","Madison","11958","June","2019","FL"
"1179","Manatee","250613","June","2019","FL"
"1180","Marion","242353","June","2019","FL"
"1181","Martin","110230","June","2019","FL"
"1182","Miami-Dade","1441792","June","2019","FL"
"1183","Monroe","53823","June","2019","FL"
"1184","Nassau","67634","June","2019","FL"
"1185","Okaloosa","138205","June","2019","FL"
"1186","Okeechobee","20503","June","2019","FL"
"1187","Orange","832562","June","2019","FL"
"1188","Osceola","217526","June","2019","FL"
"1189","Palm Beach","952915","June","2019","FL"
"1190","Pasco","355871","June","2019","FL"
"1191","Pinellas","678891","June","2019","FL"
"1192","Polk","433523","June","2019","FL"
"1193","Putnam","47593","June","2019","FL"
"1194","Santa Rosa","130040","June","2019","FL"
"1195","Sarasota","312569","June","2019","FL"
"1196","Seminole","309625","June","2019","FL"
"1197","St. Johns","191288","June","2019","FL"
"1198","St. Lucie","204485","June","2019","FL"
"1199","Sumter","100521","June","2019","FL"
"1200","Suwannee","25675","June","2019","FL"
"1201","Taylor","12262","June","2019","FL"
"1202","Union","7404","June","2019","FL"
"1203","Volusia","379545","June","2019","FL"
"1204","Wakulla","21289","June","2019","FL"
"1205","Walton","51199","June","2019","FL"
"1206","Washington","16202","June","2019","FL"
"1207","Alachua","186228","July","2019","FL"
"1208","Baker","15643","July","2019","FL"
"1209","Bay","113052","July","2019","FL"
"1210","Bradford","16488","July","2019","FL"
"1211","Brevard","427174","July","2019","FL"
"1212","Broward","1186073","July","2019","FL"
"1213","Calhoun","8687","July","2019","FL"
"1214","Charlotte","140654","July","2019","FL"
"1215","Citrus","110254","July","2019","FL"
"1216","Clay","153862","July","2019","FL"
"1217","Collier","200490","July","2019","FL"
"1218","Columbia","40599","July","2019","FL"
"1219","Desoto","17235","July","2019","FL"
"1220","Dixie","9828","July","2019","FL"
"1221","Duval","613564","July","2019","FL"
"1222","Escambia","214766","July","2019","FL"
"1223","Flagler","84911","July","2019","FL"
"1224","Franklin","8042","July","2019","FL"
"1225","Gadsden","29388","July","2019","FL"
"1226","Gilchrist","11953","July","2019","FL"
"1227","Glades","6481","July","2019","FL"
"1228","Gulf","10391","July","2019","FL"
"1229","Hamilton","7658","July","2019","FL"
"1230","Hardee","12397","July","2019","FL"
"1231","Hendry","17273","July","2019","FL"
"1232","Hernando","136598","July","2019","FL"
"1233","Highlands","61432","July","2019","FL"
"1234","Hillsborough","859888","July","2019","FL"
"1235","Holmes","10747","July","2019","FL"
"1236","Indian River","115639","July","2019","FL"
"1237","Jackson","28009","July","2019","FL"
"1238","Jefferson","9693","July","2019","FL"
"1239","Lafayette","4406","July","2019","FL"
"1240","Lake","238238","July","2019","FL"
"1241","Lee","451026","July","2019","FL"
"1242","Leon","212673","July","2019","FL"
"1243","Levy","27712","July","2019","FL"
"1244","Liberty","4400","July","2019","FL"
"1245","Madison","11987","July","2019","FL"
"1246","Manatee","251284","July","2019","FL"
"1247","Marion","243656","July","2019","FL"
"1248","Martin","110606","July","2019","FL"
"1249","Miami-Dade","1444411","July","2019","FL"
"1250","Monroe","53988","July","2019","FL"
"1251","Nassau","68047","July","2019","FL"
"1252","Okaloosa","134959","July","2019","FL"
"1253","Okeechobee","20458","July","2019","FL"
"1254","Orange","833926","July","2019","FL"
"1255","Osceola","219271","July","2019","FL"
"1256","Palm Beach","955375","July","2019","FL"
"1257","Pasco","356991","July","2019","FL"
"1258","Pinellas","681529","July","2019","FL"
"1259","Polk","435165","July","2019","FL"
"1260","Putnam","47697","July","2019","FL"
"1261","Santa Rosa","131161","July","2019","FL"
"1262","Sarasota","314195","July","2019","FL"
"1263","Seminole","310740","July","2019","FL"
"1264","St. Johns","192719","July","2019","FL"
"1265","St. Lucie","205583","July","2019","FL"
"1266","Sumter","101023","July","2019","FL"
"1267","Suwannee","25735","July","2019","FL"
"1268","Taylor","12306","July","2019","FL"
"1269","Union","7399","July","2019","FL"
"1270","Volusia","380704","July","2019","FL"
"1271","Wakulla","21184","July","2019","FL"
"1272","Walton","51503","July","2019","FL"
"1273","Washington","16217","July","2019","FL"
"1274","Alachua","186988","August","2019","FL"
"1275","Baker","15696","August","2019","FL"
"1276","Bay","113451","August","2019","FL"
"1277","Bradford","16538","August","2019","FL"
"1278","Brevard","429126","August","2019","FL"
"1279","Broward","1192385","August","2019","FL"
"1280","Calhoun","8701","August","2019","FL"
"1281","Charlotte","141317","August","2019","FL"
"1282","Citrus","110652","August","2019","FL"
"1283","Clay","153622","August","2019","FL"
"1284","Collier","199978","August","2019","FL"
"1285","Columbia","40739","August","2019","FL"
"1286","Desoto","16875","August","2019","FL"
"1287","Dixie","9812","August","2019","FL"
"1288","Duval","612463","August","2019","FL"
"1289","Escambia","215271","August","2019","FL"
"1290","Flagler","84194","August","2019","FL"
"1291","Franklin","8076","August","2019","FL"
"1292","Gadsden","29483","August","2019","FL"
"1293","Gilchrist","11613","August","2019","FL"
"1294","Glades","6506","August","2019","FL"
"1295","Gulf","10410","August","2019","FL"
"1296","Hamilton","7671","August","2019","FL"
"1297","Hardee","12361","August","2019","FL"
"1298","Hendry","17362","August","2019","FL"
"1299","Hernando","136406","August","2019","FL"
"1300","Highlands","61727","August","2019","FL"
"1301","Hillsborough","861248","August","2019","FL"
"1302","Holmes","10778","August","2019","FL"
"1303","Indian River","116194","August","2019","FL"
"1304","Jackson","28002","August","2019","FL"
"1305","Jefferson","9766","August","2019","FL"
"1306","Lafayette","4403","August","2019","FL"
"1307","Lake","239541","August","2019","FL"
"1308","Lee","453905","August","2019","FL"
"1309","Leon","211947","August","2019","FL"
"1310","Levy","27762","August","2019","FL"
"1311","Liberty","4408","August","2019","FL"
"1312","Madison","12007","August","2019","FL"
"1313","Manatee","252477","August","2019","FL"
"1314","Marion","244539","August","2019","FL"
"1315","Martin","110730","August","2019","FL"
"1316","Miami-Dade","1439237","August","2019","FL"
"1317","Monroe","54191","August","2019","FL"
"1318","Nassau","68381","August","2019","FL"
"1319","Okaloosa","135688","August","2019","FL"
"1320","Okeechobee","20533","August","2019","FL"
"1321","Orange","838281","August","2019","FL"
"1322","Osceola","214647","August","2019","FL"
"1323","Palm Beach","957741","August","2019","FL"
"1324","Pasco","353174","August","2019","FL"
"1325","Pinellas","682531","August","2019","FL"
"1326","Polk","435406","August","2019","FL"
"1327","Putnam","47768","August","2019","FL"
"1328","Santa Rosa","132058","August","2019","FL"
"1329","Sarasota","315674","August","2019","FL"
"1330","Seminole","312205","August","2019","FL"
"1331","St. Johns","192772","August","2019","FL"
"1332","St. Lucie","201605","August","2019","FL"
"1333","Sumter","101354","August","2019","FL"
"1334","Suwannee","25788","August","2019","FL"
"1335","Taylor","12328","August","2019","FL"
"1336","Union","7389","August","2019","FL"
"1337","Volusia","382194","August","2019","FL"
"1338","Wakulla","21177","August","2019","FL"
"1339","Walton","51768","August","2019","FL"
"1340","Washington","16246","August","2019","FL"
"1341","Alachua","187668","September","2019","FL"
"1342","Baker","15774","September","2019","FL"
"1343","Bay","113922","September","2019","FL"
"1344","Bradford","16611","September","2019","FL"
"1345","Brevard","430435","September","2019","FL"
"1346","Broward","1191743","September","2019","FL"
"1347","Calhoun","8715","September","2019","FL"
"1348","Charlotte","142054","September","2019","FL"
"1349","Citrus","110308","September","2019","FL"
"1350","Clay","153757","September","2019","FL"
"1351","Collier","201225","September","2019","FL"
"1352","Columbia","40905","September","2019","FL"
"1353","Desoto","16405","September","2019","FL"
"1354","Dixie","9656","September","2019","FL"
"1355","Duval","615688","September","2019","FL"
"1356","Escambia","215032","September","2019","FL"
"1357","Flagler","84972","September","2019","FL"
"1358","Franklin","7997","September","2019","FL"
"1359","Gadsden","29510","September","2019","FL"
"1360","Gilchrist","11684","September","2019","FL"
"1361","Glades","6542","September","2019","FL"
"1362","Gulf","10441","September","2019","FL"
"1363","Hamilton","7679","September","2019","FL"
"1364","Hardee","12385","September","2019","FL"
"1365","Hendry","17441","September","2019","FL"
"1366","Hernando","137372","September","2019","FL"
"1367","Highlands","62000","September","2019","FL"
"1368","Hillsborough","860744","September","2019","FL"
"1369","Holmes","10832","September","2019","FL"
"1370","Indian River","116832","September","2019","FL"
"1371","Jackson","28070","September","2019","FL"
"1372","Jefferson","9708","September","2019","FL"
"1373","Lafayette","4418","September","2019","FL"
"1374","Lake","241083","September","2019","FL"
"1375","Lee","456910","September","2019","FL"
"1376","Leon","213479","September","2019","FL"
"1377","Levy","27904","September","2019","FL"
"1378","Liberty","4409","September","2019","FL"
"1379","Madison","12037","September","2019","FL"
"1380","Manatee","249456","September","2019","FL"
"1381","Marion","245486","September","2019","FL"
"1382","Martin","110875","September","2019","FL"
"1383","Miami-Dade","1445520","September","2019","FL"
"1384","Monroe","54474","September","2019","FL"
"1385","Nassau","68728","September","2019","FL"
"1386","Okaloosa","136560","September","2019","FL"
"1387","Okeechobee","20656","September","2019","FL"
"1388","Orange","844562","September","2019","FL"
"1389","Osceola","216569","September","2019","FL"
"1390","Palm Beach","963296","September","2019","FL"
"1391","Pasco","355409","September","2019","FL"
"1392","Pinellas","684977","September","2019","FL"
"1393","Polk","438479","September","2019","FL"
"1394","Putnam","47957","September","2019","FL"
"1395","Santa Rosa","132911","September","2019","FL"
"1396","Sarasota","317268","September","2019","FL"
"1397","Seminole","313965","September","2019","FL"
"1398","St. Johns","191696","September","2019","FL"
"1399","St. Lucie","203144","September","2019","FL"
"1400","Sumter","101789","September","2019","FL"
"1401","Suwannee","25902","September","2019","FL"
"1402","Taylor","12316","September","2019","FL"
"1403","Union","7412","September","2019","FL"
"1404","Volusia","383686","September","2019","FL"
"1405","Wakulla","21237","September","2019","FL"
"1406","Walton","52086","September","2019","FL"
"1407","Washington","16311","September","2019","FL"
"1408","Alachua","180874","October","2019","FL"
"1409","Baker","15858","October","2019","FL"
"1410","Bay","114218","October","2019","FL"
"1411","Bradford","16660","October","2019","FL"
"1412","Brevard","431434","October","2019","FL"
"1413","Broward","1198903","October","2019","FL"
"1414","Calhoun","8691","October","2019","FL"
"1415","Charlotte","142496","October","2019","FL"
"1416","Citrus","108696","October","2019","FL"
"1417","Clay","154381","October","2019","FL"
"1418","Collier","201845","October","2019","FL"
"1419","Columbia","41111","October","2019","FL"
"1420","Desoto","16393","October","2019","FL"
"1421","Dixie","9668","October","2019","FL"
"1422","Duval","616791","October","2019","FL"
"1423","Escambia","216063","October","2019","FL"
"1424","Flagler","85580","October","2019","FL"
"1425","Franklin","8015","October","2019","FL"
"1426","Gadsden","29567","October","2019","FL"
"1427","Gilchrist","11730","October","2019","FL"
"1428","Glades","6589","October","2019","FL"
"1429","Gulf","10433","October","2019","FL"
"1430","Hamilton","7704","October","2019","FL"
"1431","Hardee","12426","October","2019","FL"
"1432","Hendry","17565","October","2019","FL"
"1433","Hernando","137946","October","2019","FL"
"1434","Highlands","61849","October","2019","FL"
"1435","Hillsborough","861346","October","2019","FL"
"1436","Holmes","10859","October","2019","FL"
"1437","Indian River","117481","October","2019","FL"
"1438","Jackson","28195","October","2019","FL"
"1439","Jefferson","9683","October","2019","FL"
"1440","Lafayette","4416","October","2019","FL"
"1441","Lake","242965","October","2019","FL"
"1442","Lee","460024","October","2019","FL"
"1443","Leon","214189","October","2019","FL"
"1444","Levy","28040","October","2019","FL"
"1445","Liberty","4421","October","2019","FL"
"1446","Madison","12044","October","2019","FL"
"1447","Manatee","250822","October","2019","FL"
"1448","Marion","246463","October","2019","FL"
"1449","Martin","110769","October","2019","FL"
"1450","Miami-Dade","1444825","October","2019","FL"
"1451","Monroe","53491","October","2019","FL"
"1452","Nassau","68891","October","2019","FL"
"1453","Okaloosa","137190","October","2019","FL"
"1454","Okeechobee","20729","October","2019","FL"
"1455","Orange","846962","October","2019","FL"
"1456","Osceola","218249","October","2019","FL"
"1457","Palm Beach","964862","October","2019","FL"
"1458","Pasco","357898","October","2019","FL"
"1459","Pinellas","684853","October","2019","FL"
"1460","Polk","441317","October","2019","FL"
"1461","Putnam","48108","October","2019","FL"
"1462","Santa Rosa","133656","October","2019","FL"
"1463","Sarasota","318772","October","2019","FL"
"1464","Seminole","314566","October","2019","FL"
"1465","St. Johns","191420","October","2019","FL"
"1466","St. Lucie","205069","October","2019","FL"
"1467","Sumter","102057","October","2019","FL"
"1468","Suwannee","25956","October","2019","FL"
"1469","Taylor","12330","October","2019","FL"
"1470","Union","7418","October","2019","FL"
"1471","Volusia","385374","October","2019","FL"
"1472","Wakulla","21290","October","2019","FL"
"1473","Walton","52401","October","2019","FL"
"1474","Washington","16346","October","2019","FL"
"1475","Alachua","181791","November","2019","FL"
"1476","Baker","15895","November","2019","FL"
"1477","Bay","114454","November","2019","FL"
"1478","Bradford","16723","November","2019","FL"
"1479","Brevard","432784","November","2019","FL"
"1480","Broward","1177885","November","2019","FL"
"1481","Calhoun","8685","November","2019","FL"
"1482","Charlotte","143280","November","2019","FL"
"1483","Citrus","108215","November","2019","FL"
"1484","Clay","154062","November","2019","FL"
"1485","Collier","203516","November","2019","FL"
"1486","Columbia","41260","November","2019","FL"
"1487","Desoto","16464","November","2019","FL"
"1488","Dixie","9680","November","2019","FL"
"1489","Duval","620009","November","2019","FL"
"1490","Escambia","216813","November","2019","FL"
"1491","Flagler","85828","November","2019","FL"
"1492","Franklin","8030","November","2019","FL"
"1493","Gadsden","29596","November","2019","FL"
"1494","Gilchrist","11774","November","2019","FL"
"1495","Glades","6604","November","2019","FL"
"1496","Gulf","10456","November","2019","FL"
"1497","Hamilton","7710","November","2019","FL"
"1498","Hardee","12430","November","2019","FL"
"1499","Hendry","17653","November","2019","FL"
"1500","Hernando","138664","November","2019","FL"
"1501","Highlands","61702","November","2019","FL"
"1502","Hillsborough","862341","November","2019","FL"
"1503","Holmes","10887","November","2019","FL"
"1504","Indian River","117678","November","2019","FL"
"1505","Jackson","28237","November","2019","FL"
"1506","Jefferson","9710","November","2019","FL"
"1507","Lafayette","4412","November","2019","FL"
"1508","Lake","244088","November","2019","FL"
"1509","Lee","462006","November","2019","FL"
"1510","Leon","215660","November","2019","FL"
"1511","Levy","28166","November","2019","FL"
"1512","Liberty","4418","November","2019","FL"
"1513","Madison","12051","November","2019","FL"
"1514","Manatee","252202","November","2019","FL"
"1515","Marion","247408","November","2019","FL"
"1516","Martin","110564","November","2019","FL"
"1517","Miami-Dade","1449344","November","2019","FL"
"1518","Monroe","53462","November","2019","FL"
"1519","Nassau","68881","November","2019","FL"
"1520","Okaloosa","137813","November","2019","FL"
"1521","Okeechobee","20817","November","2019","FL"
"1522","Orange","831192","November","2019","FL"
"1523","Osceola","218338","November","2019","FL"
"1524","Palm Beach","965607","November","2019","FL"
"1525","Pasco","360460","November","2019","FL"
"1526","Pinellas","680441","November","2019","FL"
"1527","Polk","443783","November","2019","FL"
"1528","Putnam","48208","November","2019","FL"
"1529","Santa Rosa","134154","November","2019","FL"
"1530","Sarasota","319456","November","2019","FL"
"1531","Seminole","314022","November","2019","FL"
"1532","St. Johns","192370","November","2019","FL"
"1533","St. Lucie","204198","November","2019","FL"
"1534","Sumter","102648","November","2019","FL"
"1535","Suwannee","26029","November","2019","FL"
"1536","Taylor","12305","November","2019","FL"
"1537","Union","7418","November","2019","FL"
"1538","Volusia","365338","November","2019","FL"
"1539","Wakulla","21342","November","2019","FL"
"1540","Walton","52511","November","2019","FL"
"1541","Washington","16389","November","2019","FL"
"1542","Alachua","182323","December","2019","FL"
"1543","Baker","15821","December","2019","FL"
"1544","Bay","114779","December","2019","FL"
"1545","Bradford","16766","December","2019","FL"
"1546","Brevard","431158","December","2019","FL"
"1547","Broward","1183285","December","2019","FL"
"1548","Calhoun","8306","December","2019","FL"
"1549","Charlotte","144122","December","2019","FL"
"1550","Citrus","108932","December","2019","FL"
"1551","Clay","154535","December","2019","FL"
"1552","Collier","205372","December","2019","FL"
"1553","Columbia","41330","December","2019","FL"
"1554","Desoto","16501","December","2019","FL"
"1555","Dixie","9735","December","2019","FL"
"1556","Duval","622103","December","2019","FL"
"1557","Escambia","217455","December","2019","FL"
"1558","Flagler","86319","December","2019","FL"
"1559","Franklin","8033","December","2019","FL"
"1560","Gadsden","29670","December","2019","FL"
"1561","Gilchrist","11817","December","2019","FL"
"1562","Glades","6629","December","2019","FL"
"1563","Gulf","10501","December","2019","FL"
"1564","Hamilton","7718","December","2019","FL"
"1565","Hardee","12425","December","2019","FL"
"1566","Hendry","17699","December","2019","FL"
"1567","Hernando","139202","December","2019","FL"
"1568","Highlands","61249","December","2019","FL"
"1569","Hillsborough","866121","December","2019","FL"
"1570","Holmes","10915","December","2019","FL"
"1571","Indian River","117873","December","2019","FL"
"1572","Jackson","28277","December","2019","FL"
"1573","Jefferson","9743","December","2019","FL"
"1574","Lafayette","4405","December","2019","FL"
"1575","Lake","242073","December","2019","FL"
"1576","Lee","464385","December","2019","FL"
"1577","Leon","213258","December","2019","FL"
"1578","Levy","28280","December","2019","FL"
"1579","Liberty","4419","December","2019","FL"
"1580","Madison","12070","December","2019","FL"
"1581","Manatee","253390","December","2019","FL"
"1582","Marion","248204","December","2019","FL"
"1583","Martin","111090","December","2019","FL"
"1584","Miami-Dade","1451599","December","2019","FL"
"1585","Monroe","53686","December","2019","FL"
"1586","Nassau","67244","December","2019","FL"
"1587","Okaloosa","137934","December","2019","FL"
"1588","Okeechobee","20903","December","2019","FL"
"1589","Orange","832351","December","2019","FL"
"1590","Osceola","219750","December","2019","FL"
"1591","Palm Beach","968331","December","2019","FL"
"1592","Pasco","362567","December","2019","FL"
"1593","Pinellas","682062","December","2019","FL"
"1594","Polk","438865","December","2019","FL"
"1595","Putnam","48331","December","2019","FL"
"1596","Santa Rosa","134777","December","2019","FL"
"1597","Sarasota","320857","December","2019","FL"
"1598","Seminole","314166","December","2019","FL"
"1599","St. Johns","193317","December","2019","FL"
"1600","St. Lucie","205255","December","2019","FL"
"1601","Sumter","102638","December","2019","FL"
"1602","Suwannee","26100","December","2019","FL"
"1603","Taylor","12296","December","2019","FL"
"1604","Union","7423","December","2019","FL"
"1605","Volusia","367440","December","2019","FL"
"1606","Wakulla","21403","December","2019","FL"
"1607","Walton","52830","December","2019","FL"
"1608","Washington","16417","December","2019","FL"
"1609","Alachua","193108","January","2021","FL"
"1610","Baker","17234","January","2021","FL"
"1611","Bay","126631","January","2021","FL"
"1612","Bradford","17884","January","2021","FL"
"1613","Brevard","458798","January","2021","FL"
"1614","Broward","1280733","January","2021","FL"
"1615","Calhoun","8742","January","2021","FL"
"1616","Charlotte","152067","January","2021","FL"
"1617","Citrus","118919","January","2021","FL"
"1618","Clay","165306","January","2021","FL"
"1619","Collier","241691","January","2021","FL"
"1620","Columbia","44712","January","2021","FL"
"1621","Desoto","17992","January","2021","FL"
"1622","Dixie","10683","January","2021","FL"
"1623","Duval","666472","January","2021","FL"
"1624","Escambia","235826","January","2021","FL"
"1625","Flagler","93802","January","2021","FL"
"1626","Franklin","8122","January","2021","FL"
"1627","Gadsden","31272","January","2021","FL"
"1628","Gilchrist","12714","January","2021","FL"
"1629","Glades","7175","January","2021","FL"
"1630","Gulf","10543","January","2021","FL"
"1631","Hamilton","8183","January","2021","FL"
"1632","Hardee","13179","January","2021","FL"
"1633","Hendry","19528","January","2021","FL"
"1634","Hernando","147455","January","2021","FL"
"1635","Highlands","67551","January","2021","FL"
"1636","Hillsborough","924886","January","2021","FL"
"1637","Holmes","11655","January","2021","FL"
"1638","Indian River","125711","January","2021","FL"
"1639","Jackson","30137","January","2021","FL"
"1640","Jefferson","9842","January","2021","FL"
"1641","Lafayette","4599","January","2021","FL"
"1642","Lake","268177","January","2021","FL"
"1643","Lee","498352","January","2021","FL"
"1644","Leon","214442","January","2021","FL"
"1645","Levy","30277","January","2021","FL"
"1646","Liberty","4610","January","2021","FL"
"1647","Madison","12084","January","2021","FL"
"1648","Manatee","275107","January","2021","FL"
"1649","Marion","266896","January","2021","FL"
"1650","Martin","120264","January","2021","FL"
"1651","Miami-Dade","1568460","January","2021","FL"
"1652","Monroe","58354","January","2021","FL"
"1653","Nassau","73881","January","2021","FL"
"1654","Okaloosa","153274","January","2021","FL"
"1655","Okeechobee","22684","January","2021","FL"
"1656","Orange","876440","January","2021","FL"
"1657","Osceola","242482","January","2021","FL"
"1658","Palm Beach","1023092","January","2021","FL"
"1659","Pasco","400774","January","2021","FL"
"1660","Pinellas","701689","January","2021","FL"
"1661","Polk","457519","January","2021","FL"
"1662","Putnam","51256","January","2021","FL"
"1663","Santa Rosa","148149","January","2021","FL"
"1664","Sarasota","344778","January","2021","FL"
"1665","Seminole","338748","January","2021","FL"
"1666","St. Johns","213469","January","2021","FL"
"1667","St. Lucie","228717","January","2021","FL"
"1668","Sumter","107793","January","2021","FL"
"1669","Suwannee","28098","January","2021","FL"
"1670","Taylor","12958","January","2021","FL"
"1671","Union","7832","January","2021","FL"
"1672","Volusia","406209","January","2021","FL"
"1673","Wakulla","23122","January","2021","FL"
"1674","Walton","58808","January","2021","FL"
"1675","Washington","17309","January","2021","FL"
"1676","Alachua","193172","February","2021","FL"
"1677","Baker","17284","February","2021","FL"
"1678","Bay","126864","February","2021","FL"
"1679","Bradford","17935","February","2021","FL"
"1680","Brevard","459575","February","2021","FL"
"1681","Broward","1280602","February","2021","FL"
"1682","Calhoun","8716","February","2021","FL"
"1683","Charlotte","152658","February","2021","FL"
"1684","Citrus","119388","February","2021","FL"
"1685","Clay","165833","February","2021","FL"
"1686","Collier","242108","February","2021","FL"
"1687","Columbia","44343","February","2021","FL"
"1688","Desoto","18030","February","2021","FL"
"1689","Dixie","10709","February","2021","FL"
"1690","Duval","662330","February","2021","FL"
"1691","Escambia","235976","February","2021","FL"
"1692","Flagler","94068","February","2021","FL"
"1693","Franklin","8135","February","2021","FL"
"1694","Gadsden","31102","February","2021","FL"
"1695","Gilchrist","12562","February","2021","FL"
"1696","Glades","7190","February","2021","FL"
"1697","Gulf","10560","February","2021","FL"
"1698","Hamilton","8194","February","2021","FL"
"1699","Hardee","13175","February","2021","FL"
"1700","Hendry","19564","February","2021","FL"
"1701","Hernando","145742","February","2021","FL"
"1702","Highlands","67726","February","2021","FL"
"1703","Hillsborough","920737","February","2021","FL"
"1704","Holmes","11647","February","2021","FL"
"1705","Indian River","125800","February","2021","FL"
"1706","Jackson","30148","February","2021","FL"
"1707","Jefferson","9815","February","2021","FL"
"1708","Lafayette","4589","February","2021","FL"
"1709","Lake","268750","February","2021","FL"
"1710","Lee","500715","February","2021","FL"
"1711","Leon","214475","February","2021","FL"
"1712","Levy","30342","February","2021","FL"
"1713","Liberty","4607","February","2021","FL"
"1714","Madison","12110","February","2021","FL"
"1715","Manatee","275823","February","2021","FL"
"1716","Marion","267440","February","2021","FL"
"1717","Martin","119596","February","2021","FL"
"1718","Miami-Dade","1568391","February","2021","FL"
"1719","Monroe","58553","February","2021","FL"
"1720","Nassau","74245","February","2021","FL"
"1721","Okaloosa","153696","February","2021","FL"
"1722","Okeechobee","22739","February","2021","FL"
"1723","Orange","877785","February","2021","FL"
"1724","Osceola","241482","February","2021","FL"
"1725","Palm Beach","1025041","February","2021","FL"
"1726","Pasco","397914","February","2021","FL"
"1727","Pinellas","702533","February","2021","FL"
"1728","Polk","459077","February","2021","FL"
"1729","Putnam","51376","February","2021","FL"
"1730","Santa Rosa","148561","February","2021","FL"
"1731","Sarasota","346100","February","2021","FL"
"1732","Seminole","338525","February","2021","FL"
"1733","St. Johns","214205","February","2021","FL"
"1734","St. Lucie","230033","February","2021","FL"
"1735","Sumter","108100","February","2021","FL"
"1736","Suwannee","28159","February","2021","FL"
"1737","Taylor","12983","February","2021","FL"
"1738","Union","7771","February","2021","FL"
"1739","Volusia","407178","February","2021","FL"
"1740","Wakulla","23159","February","2021","FL"
"1741","Walton","58965","February","2021","FL"
"1742","Washington","17287","February","2021","FL"
"1743","Alachua","193321","March","2021","FL"
"1744","Baker","17311","March","2021","FL"
"1745","Bay","127340","March","2021","FL"
"1746","Bradford","17907","March","2021","FL"
"1747","Brevard","457902","March","2021","FL"
"1748","Broward","1281799","March","2021","FL"
"1749","Calhoun","8731","March","2021","FL"
"1750","Charlotte","153385","March","2021","FL"
"1751","Citrus","119805","March","2021","FL"
"1752","Clay","166204","March","2021","FL"
"1753","Collier","242041","March","2021","FL"
"1754","Columbia","44402","March","2021","FL"
"1755","Desoto","18062","March","2021","FL"
"1756","Dixie","10694","March","2021","FL"
"1757","Duval","660737","March","2021","FL"
"1758","Escambia","236369","March","2021","FL"
"1759","Flagler","94561","March","2021","FL"
"1760","Franklin","8172","March","2021","FL"
"1761","Gadsden","31154","March","2021","FL"
"1762","Gilchrist","11257","March","2021","FL"
"1763","Glades","7196","March","2021","FL"
"1764","Gulf","10592","March","2021","FL"
"1765","Hamilton","8201","March","2021","FL"
"1766","Hardee","13186","March","2021","FL"
"1767","Hendry","19211","March","2021","FL"
"1768","Hernando","146172","March","2021","FL"
"1769","Highlands","67891","March","2021","FL"
"1770","Hillsborough","918633","March","2021","FL"
"1771","Holmes","11628","March","2021","FL"
"1772","Indian River","126137","March","2021","FL"
"1773","Jackson","30158","March","2021","FL"
"1774","Jefferson","9815","March","2021","FL"
"1775","Lafayette","4585","March","2021","FL"
"1776","Lake","269543","March","2021","FL"
"1777","Lee","502549","March","2021","FL"
"1778","Leon","214572","March","2021","FL"
"1779","Levy","30438","March","2021","FL"
"1780","Liberty","4521","March","2021","FL"
"1781","Madison","12110","March","2021","FL"
"1782","Manatee","276533","March","2021","FL"
"1783","Marion","268110","March","2021","FL"
"1784","Martin","119217","March","2021","FL"
"1785","Miami-Dade","1569431","March","2021","FL"
"1786","Monroe","58332","March","2021","FL"
"1787","Nassau","74509","March","2021","FL"
"1788","Okaloosa","154452","March","2021","FL"
"1789","Okeechobee","22703","March","2021","FL"
"1790","Orange","879826","March","2021","FL"
"1791","Osceola","239877","March","2021","FL"
"1792","Palm Beach","1026247","March","2021","FL"
"1793","Pasco","397611","March","2021","FL"
"1794","Pinellas","703363","March","2021","FL"
"1795","Polk","460585","March","2021","FL"
"1796","Putnam","51520","March","2021","FL"
"1797","Santa Rosa","149081","March","2021","FL"
"1798","Sarasota","347162","March","2021","FL"
"1799","Seminole","338177","March","2021","FL"
"1800","St. Johns","215324","March","2021","FL"
"1801","St. Lucie","229958","March","2021","FL"
"1802","Sumter","108569","March","2021","FL"
"1803","Suwannee","28179","March","2021","FL"
"1804","Taylor","12956","March","2021","FL"
"1805","Union","7769","March","2021","FL"
"1806","Volusia","408262","March","2021","FL"
"1807","Wakulla","23182","March","2021","FL"
"1808","Walton","58847","March","2021","FL"
"1809","Washington","17313","March","2021","FL"
"1810","Alachua","192827","April","2021","FL"
"1811","Baker","17366","April","2021","FL"
"1812","Bay","127363","April","2021","FL"
"1813","Bradford","18023","April","2021","FL"
"1814","Brevard","455293","April","2021","FL"
"1815","Broward","1275086","April","2021","FL"
"1816","Calhoun","8464","April","2021","FL"
"1817","Charlotte","153658","April","2021","FL"
"1818","Citrus","119930","April","2021","FL"
"1819","Clay","166011","April","2021","FL"
"1820","Collier","237179","April","2021","FL"
"1821","Columbia","44499","April","2021","FL"
"1822","Desoto","18025","April","2021","FL"
"1823","Dixie","10478","April","2021","FL"
"1824","Duval","660955","April","2021","FL"
"1825","Escambia","237015","April","2021","FL"
"1826","Flagler","94766","April","2021","FL"
"1827","Franklin","8124","April","2021","FL"
"1828","Gadsden","30683","April","2021","FL"
"1829","Gilchrist","11341","April","2021","FL"
"1830","Glades","7235","April","2021","FL"
"1831","Gulf","10592","April","2021","FL"
"1832","Hamilton","8206","April","2021","FL"
"1833","Hardee","13194","April","2021","FL"
"1834","Hendry","18909","April","2021","FL"
"1835","Hernando","146616","April","2021","FL"
"1836","Highlands","68115","April","2021","FL"
"1837","Hillsborough","917712","April","2021","FL"
"1838","Holmes","11447","April","2021","FL"
"1839","Indian River","124891","April","2021","FL"
"1840","Jackson","30037","April","2021","FL"
"1841","Jefferson","9793","April","2021","FL"
"1842","Lafayette","4575","April","2021","FL"
"1843","Lake","269925","April","2021","FL"
"1844","Lee","504869","April","2021","FL"
"1845","Leon","214737","April","2021","FL"
"1846","Levy","30247","April","2021","FL"
"1847","Liberty","4524","April","2021","FL"
"1848","Madison","12111","April","2021","FL"
"1849","Manatee","277925","April","2021","FL"
"1850","Marion","270011","April","2021","FL"
"1851","Martin","119721","April","2021","FL"
"1852","Miami-Dade","1566759","April","2021","FL"
"1853","Monroe","58544","April","2021","FL"
"1854","Nassau","74978","April","2021","FL"
"1855","Okaloosa","154955","April","2021","FL"
"1856","Okeechobee","22660","April","2021","FL"
"1857","Orange","882686","April","2021","FL"
"1858","Osceola","240154","April","2021","FL"
"1859","Palm Beach","1000362","April","2021","FL"
"1860","Pasco","394235","April","2021","FL"
"1861","Pinellas","701499","April","2021","FL"
"1862","Polk","463345","April","2021","FL"
"1863","Putnam","51632","April","2021","FL"
"1864","Santa Rosa","149311","April","2021","FL"
"1865","Sarasota","348767","April","2021","FL"
"1866","Seminole","338501","April","2021","FL"
"1867","St. Johns","216278","April","2021","FL"
"1868","St. Lucie","231403","April","2021","FL"
"1869","Sumter","108955","April","2021","FL"
"1870","Suwannee","28281","April","2021","FL"
"1871","Taylor","12923","April","2021","FL"
"1872","Union","7786","April","2021","FL"
"1873","Volusia","407797","April","2021","FL"
"1874","Wakulla","23018","April","2021","FL"
"1875","Walton","59178","April","2021","FL"
"1876","Washington","17318","April","2021","FL"
"1877","Alachua","193266","May","2021","FL"
"1878","Baker","17344","May","2021","FL"
"1879","Bay","127332","May","2021","FL"
"1880","Bradford","17926","May","2021","FL"
"1881","Brevard","456198","May","2021","FL"
"1882","Broward","1277202","May","2021","FL"
"1883","Calhoun","8471","May","2021","FL"
"1884","Charlotte","153641","May","2021","FL"
"1885","Citrus","120268","May","2021","FL"
"1886","Clay","166003","May","2021","FL"
"1887","Collier","237921","May","2021","FL"
"1888","Columbia","44661","May","2021","FL"
"1889","Desoto","18057","May","2021","FL"
"1890","Dixie","10502","May","2021","FL"
"1891","Duval","659919","May","2021","FL"
"1892","Escambia","236801","May","2021","FL"
"1893","Flagler","95110","May","2021","FL"
"1894","Franklin","8134","May","2021","FL"
"1895","Gadsden","30651","May","2021","FL"
"1896","Gilchrist","11418","May","2021","FL"
"1897","Glades","7210","May","2021","FL"
"1898","Gulf","10597","May","2021","FL"
"1899","Hamilton","8206","May","2021","FL"
"1900","Hardee","13243","May","2021","FL"
"1901","Hendry","18993","May","2021","FL"
"1902","Hernando","146853","May","2021","FL"
"1903","Highlands","68052","May","2021","FL"
"1904","Hillsborough","920443","May","2021","FL"
"1905","Holmes","11459","May","2021","FL"
"1906","Indian River","122903","May","2021","FL"
"1907","Jackson","30046","May","2021","FL"
"1908","Jefferson","9793","May","2021","FL"
"1909","Lafayette","4588","May","2021","FL"
"1910","Lake","272027","May","2021","FL"
"1911","Lee","506275","May","2021","FL"
"1912","Leon","213998","May","2021","FL"
"1913","Levy","30193","May","2021","FL"
"1914","Liberty","4534","May","2021","FL"
"1915","Madison","12082","May","2021","FL"
"1916","Manatee","277579","May","2021","FL"
"1917","Marion","269983","May","2021","FL"
"1918","Martin","118964","May","2021","FL"
"1919","Miami-Dade","1562112","May","2021","FL"
"1920","Monroe","58648","May","2021","FL"
"1921","Nassau","75238","May","2021","FL"
"1922","Okaloosa","152755","May","2021","FL"
"1923","Okeechobee","22795","May","2021","FL"
"1924","Orange","875609","May","2021","FL"
"1925","Osceola","242912","May","2021","FL"
"1926","Palm Beach","970041","May","2021","FL"
"1927","Pasco","395691","May","2021","FL"
"1928","Pinellas","702136","May","2021","FL"
"1929","Polk","463836","May","2021","FL"
"1930","Putnam","51385","May","2021","FL"
"1931","Santa Rosa","149656","May","2021","FL"
"1932","Sarasota","350416","May","2021","FL"
"1933","Seminole","340958","May","2021","FL"
"1934","St. Johns","217607","May","2021","FL"
"1935","St. Lucie","231674","May","2021","FL"
"1936","Sumter","109469","May","2021","FL"
"1937","Suwannee","28300","May","2021","FL"
"1938","Taylor","12944","May","2021","FL"
"1939","Union","7818","May","2021","FL"
"1940","Volusia","407648","May","2021","FL"
"1941","Wakulla","23012","May","2021","FL"
"1942","Walton","59595","May","2021","FL"
"1943","Washington","17287","May","2021","FL"
"1944","Alachua","193593","June","2021","FL"
"1945","Baker","17400","June","2021","FL"
"1946","Bay","127676","June","2021","FL"
"1947","Bradford","17932","June","2021","FL"
"1948","Brevard","457387","June","2021","FL"
"1949","Broward","1278174","June","2021","FL"
"1950","Calhoun","8461","June","2021","FL"
"1951","Charlotte","153274","June","2021","FL"
"1952","Citrus","119688","June","2021","FL"
"1953","Clay","166452","June","2021","FL"
"1954","Collier","238609","June","2021","FL"
"1955","Columbia","44400","June","2021","FL"
"1956","Desoto","18096","June","2021","FL"
"1957","Dixie","10530","June","2021","FL"
"1958","Duval","659776","June","2021","FL"
"1959","Escambia","236998","June","2021","FL"
"1960","Flagler","95625","June","2021","FL"
"1961","Franklin","8038","June","2021","FL"
"1962","Gadsden","30677","June","2021","FL"
"1963","Gilchrist","11437","June","2021","FL"
"1964","Glades","6888","June","2021","FL"
"1965","Gulf","10645","June","2021","FL"
"1966","Hamilton","8214","June","2021","FL"
"1967","Hardee","13270","June","2021","FL"
"1968","Hendry","19027","June","2021","FL"
"1969","Hernando","147587","June","2021","FL"
"1970","Highlands","68230","June","2021","FL"
"1971","Hillsborough","919763","June","2021","FL"
"1972","Holmes","11458","June","2021","FL"
"1973","Indian River","122081","June","2021","FL"
"1974","Jackson","29924","June","2021","FL"
"1975","Jefferson","9769","June","2021","FL"
"1976","Lafayette","4588","June","2021","FL"
"1977","Lake","272583","June","2021","FL"
"1978","Lee","502986","June","2021","FL"
"1979","Leon","214111","June","2021","FL"
"1980","Levy","30145","June","2021","FL"
"1981","Liberty","4532","June","2021","FL"
"1982","Madison","12078","June","2021","FL"
"1983","Manatee","277575","June","2021","FL"
"1984","Marion","270369","June","2021","FL"
"1985","Martin","119219","June","2021","FL"
"1986","Miami-Dade","1555388","June","2021","FL"
"1987","Monroe","57589","June","2021","FL"
"1988","Nassau","75241","June","2021","FL"
"1989","Okaloosa","151170","June","2021","FL"
"1990","Okeechobee","22717","June","2021","FL"
"1991","Orange","873068","June","2021","FL"
"1992","Osceola","243107","June","2021","FL"
"1993","Palm Beach","971607","June","2021","FL"
"1994","Pasco","396721","June","2021","FL"
"1995","Pinellas","703995","June","2021","FL"
"1996","Polk","465673","June","2021","FL"
"1997","Putnam","51200","June","2021","FL"
"1998","Santa Rosa","150299","June","2021","FL"
"1999","Sarasota","351357","June","2021","FL"
"2000","Seminole","338616","June","2021","FL"
"2001","St. Johns","218951","June","2021","FL"
"2002","St. Lucie","230206","June","2021","FL"
"2003","Sumter","109633","June","2021","FL"
"2004","Suwannee","28362","June","2021","FL"
"2005","Taylor","12921","June","2021","FL"
"2006","Union","7830","June","2021","FL"
"2007","Volusia","409687","June","2021","FL"
"2008","Wakulla","22968","June","2021","FL"
"2009","Walton","59747","June","2021","FL"
"2010","Washington","17305","June","2021","FL"
"2011","Alachua","193550","July","2021","FL"
"2012","Baker","17335","July","2021","FL"
"2013","Bay","125918","July","2021","FL"
"2014","Bradford","17943","July","2021","FL"
"2015","Brevard","455228","July","2021","FL"
"2016","Broward","1277664","July","2021","FL"
"2017","Calhoun","8239","July","2021","FL"
"2018","Charlotte","153028","July","2021","FL"
"2019","Citrus","117699","July","2021","FL"
"2020","Clay","166923","July","2021","FL"
"2021","Collier","240080","July","2021","FL"
"2022","Columbia","44351","July","2021","FL"
"2023","Desoto","17932","July","2021","FL"
"2024","Dixie","10527","July","2021","FL"
"2025","Duval","659280","July","2021","FL"
"2026","Escambia","235231","July","2021","FL"
"2027","Flagler","94989","July","2021","FL"
"2028","Franklin","8046","July","2021","FL"
"2029","Gadsden","30606","July","2021","FL"
"2030","Gilchrist","11479","July","2021","FL"
"2031","Glades","6851","July","2021","FL"
"2032","Gulf","10549","July","2021","FL"
"2033","Hamilton","8217","July","2021","FL"
"2034","Hardee","13277","July","2021","FL"
"2035","Hendry","18799","July","2021","FL"
"2036","Hernando","147483","July","2021","FL"
"2037","Highlands","66749","July","2021","FL"
"2038","Hillsborough","913745","July","2021","FL"
"2039","Holmes","11451","July","2021","FL"
"2040","Indian River","121999","July","2021","FL"
"2041","Jackson","28572","July","2021","FL"
"2042","Jefferson","9602","July","2021","FL"
"2043","Lafayette","4474","July","2021","FL"
"2044","Lake","266037","July","2021","FL"
"2045","Lee","501960","July","2021","FL"
"2046","Leon","212182","July","2021","FL"
"2047","Levy","30211","July","2021","FL"
"2048","Liberty","4527","July","2021","FL"
"2049","Madison","12066","July","2021","FL"
"2050","Manatee","273614","July","2021","FL"
"2051","Marion","270179","July","2021","FL"
"2052","Martin","118818","July","2021","FL"
"2053","Miami-Dade","1556457","July","2021","FL"
"2054","Monroe","57801","July","2021","FL"
"2055","Nassau","75283","July","2021","FL"
"2056","Okaloosa","143819","July","2021","FL"
"2057","Okeechobee","22642","July","2021","FL"
"2058","Orange","869761","July","2021","FL"
"2059","Osceola","243347","July","2021","FL"
"2060","Palm Beach","970753","July","2021","FL"
"2061","Pasco","397521","July","2021","FL"
"2062","Pinellas","699017","July","2021","FL"
"2063","Polk","462873","July","2021","FL"
"2064","Putnam","50760","July","2021","FL"
"2065","Santa Rosa","150973","July","2021","FL"
"2066","Sarasota","353104","July","2021","FL"
"2067","Seminole","337079","July","2021","FL"
"2068","St. Johns","218134","July","2021","FL"
"2069","St. Lucie","223584","July","2021","FL"
"2070","Sumter","110090","July","2021","FL"
"2071","Suwannee","28424","July","2021","FL"
"2072","Taylor","12906","July","2021","FL"
"2073","Union","7818","July","2021","FL"
"2074","Volusia","409693","July","2021","FL"
"2075","Wakulla","22510","July","2021","FL"
"2076","Walton","59465","July","2021","FL"
"2077","Washington","16674","July","2021","FL"
"2078","Alachua","193558","August","2021","FL"
"2079","Baker","17352","August","2021","FL"
"2080","Bay","121225","August","2021","FL"
"2081","Bradford","17959","August","2021","FL"
"2082","Brevard","447529","August","2021","FL"
"2083","Broward","1276856","August","2021","FL"
"2084","Calhoun","8235","August","2021","FL"
"2085","Charlotte","149600","August","2021","FL"
"2086","Citrus","117935","August","2021","FL"
"2087","Clay","162063","August","2021","FL"
"2088","Collier","239409","August","2021","FL"
"2089","Columbia","43422","August","2021","FL"
"2090","Desoto","18012","August","2021","FL"
"2091","Dixie","10301","August","2021","FL"
"2092","Duval","640491","August","2021","FL"
"2093","Escambia","225387","August","2021","FL"
"2094","Flagler","95136","August","2021","FL"
"2095","Franklin","8040","August","2021","FL"
"2096","Gadsden","30515","August","2021","FL"
"2097","Gilchrist","11495","August","2021","FL"
"2098","Glades","6873","August","2021","FL"
"2099","Gulf","10139","August","2021","FL"
"2100","Hamilton","7960","August","2021","FL"
"2101","Hardee","13286","August","2021","FL"
"2102","Hendry","18842","August","2021","FL"
"2103","Hernando","145170","August","2021","FL"
"2104","Highlands","66910","August","2021","FL"
"2105","Hillsborough","908214","August","2021","FL"
"2106","Holmes","11257","August","2021","FL"
"2107","Indian River","119940","August","2021","FL"
"2108","Jackson","28264","August","2021","FL"
"2109","Jefferson","9600","August","2021","FL"
"2110","Lafayette","4464","August","2021","FL"
"2111","Lake","267044","August","2021","FL"
"2112","Lee","503454","August","2021","FL"
"2113","Leon","201227","August","2021","FL"
"2114","Levy","29919","August","2021","FL"
"2115","Liberty","4535","August","2021","FL"
"2116","Madison","12048","August","2021","FL"
"2117","Manatee","274937","August","2021","FL"
"2118","Marion","263972","August","2021","FL"
"2119","Martin","118036","August","2021","FL"
"2120","Miami-Dade","1515453","August","2021","FL"
"2121","Monroe","58028","August","2021","FL"
"2122","Nassau","73626","August","2021","FL"
"2123","Okaloosa","141136","August","2021","FL"
"2124","Okeechobee","22669","August","2021","FL"
"2125","Orange","854222","August","2021","FL"
"2126","Osceola","242168","August","2021","FL"
"2127","Palm Beach","963779","August","2021","FL"
"2128","Pasco","398501","August","2021","FL"
"2129","Pinellas","688427","August","2021","FL"
"2130","Polk","464894","August","2021","FL"
"2131","Putnam","50053","August","2021","FL"
"2132","Santa Rosa","150493","August","2021","FL"
"2133","Sarasota","353761","August","2021","FL"
"2134","Seminole","334094","August","2021","FL"
"2135","St. Johns","215716","August","2021","FL"
"2136","St. Lucie","224509","August","2021","FL"
"2137","Sumter","109448","August","2021","FL"
"2138","Suwannee","28329","August","2021","FL"
"2139","Taylor","12920","August","2021","FL"
"2140","Union","7678","August","2021","FL"
"2141","Volusia","410406","August","2021","FL"
"2142","Wakulla","22582","August","2021","FL"
"2143","Walton","58837","August","2021","FL"
"2144","Washington","16677","August","2021","FL"
"2145","Alachua","192751","September","2021","FL"
"2146","Baker","17349","September","2021","FL"
"2147","Bay","121688","September","2021","FL"
"2148","Bradford","17976","September","2021","FL"
"2149","Brevard","448832","September","2021","FL"
"2150","Broward","1278688","September","2021","FL"
"2151","Calhoun","8238","September","2021","FL"
"2152","Charlotte","150186","September","2021","FL"
"2153","Citrus","117637","September","2021","FL"
"2154","Clay","162416","September","2021","FL"
"2155","Collier","240628","September","2021","FL"
"2156","Columbia","43495","September","2021","FL"
"2157","Desoto","17893","September","2021","FL"
"2158","Dixie","10331","September","2021","FL"
"2159","Duval","641611","September","2021","FL"
"2160","Escambia","226133","September","2021","FL"
"2161","Flagler","91891","September","2021","FL"
"2162","Franklin","8060","September","2021","FL"
"2163","Gadsden","29855","September","2021","FL"
"2164","Gilchrist","11508","September","2021","FL"
"2165","Glades","6883","September","2021","FL"
"2166","Gulf","10140","September","2021","FL"
"2167","Hamilton","7690","September","2021","FL"
"2168","Hardee","13282","September","2021","FL"
"2169","Hendry","18702","September","2021","FL"
"2170","Hernando","145808","September","2021","FL"
"2171","Highlands","67029","September","2021","FL"
"2172","Hillsborough","911897","September","2021","FL"
"2173","Holmes","11269","September","2021","FL"
"2174","Indian River","113577","September","2021","FL"
"2175","Jackson","28236","September","2021","FL"
"2176","Jefferson","9570","September","2021","FL"
"2177","Lafayette","4466","September","2021","FL"
"2178","Lake","268154","September","2021","FL"
"2179","Lee","498264","September","2021","FL"
"2180","Leon","201958","September","2021","FL"
"2181","Levy","29938","September","2021","FL"
"2182","Liberty","4546","September","2021","FL"
"2183","Madison","12026","September","2021","FL"
"2184","Manatee","276070","September","2021","FL"
"2185","Marion","264747","September","2021","FL"
"2186","Martin","118322","September","2021","FL"
"2187","Miami-Dade","1517217","September","2021","FL"
"2188","Monroe","57791","September","2021","FL"
"2189","Nassau","72193","September","2021","FL"
"2190","Okaloosa","141598","September","2021","FL"
"2191","Okeechobee","22727","September","2021","FL"
"2192","Orange","856586","September","2021","FL"
"2193","Osceola","243638","September","2021","FL"
"2194","Palm Beach","974138","September","2021","FL"
"2195","Pasco","391107","September","2021","FL"
"2196","Pinellas","689474","September","2021","FL"
"2197","Polk","467010","September","2021","FL"
"2198","Putnam","50096","September","2021","FL"
"2199","Santa Rosa","138992","September","2021","FL"
"2200","Sarasota","353921","September","2021","FL"
"2201","Seminole","331428","September","2021","FL"
"2202","St. Johns","216307","September","2021","FL"
"2203","St. Lucie","225241","September","2021","FL"
"2204","Sumter","110418","September","2021","FL"
"2205","Suwannee","27544","September","2021","FL"
"2206","Taylor","12939","September","2021","FL"
"2207","Union","7626","September","2021","FL"
"2208","Volusia","411659","September","2021","FL"
"2209","Wakulla","22648","September","2021","FL"
"2210","Walton","58303","September","2021","FL"
"2211","Washington","16692","September","2021","FL"
"2212","Alachua","192797","October","2021","FL"
"2213","Baker","17381","October","2021","FL"
"2214","Bay","122087","October","2021","FL"
"2215","Bradford","18074","October","2021","FL"
"2216","Brevard","450236","October","2021","FL"
"2217","Broward","1280223","October","2021","FL"
"2218","Calhoun","8230","October","2021","FL"
"2219","Charlotte","150464","October","2021","FL"
"2220","Citrus","117468","October","2021","FL"
"2221","Clay","160764","October","2021","FL"
"2222","Collier","241809","October","2021","FL"
"2223","Columbia","43468","October","2021","FL"
"2224","Desoto","17607","October","2021","FL"
"2225","Dixie","10330","October","2021","FL"
"2226","Duval","644768","October","2021","FL"
"2227","Escambia","226374","October","2021","FL"
"2228","Flagler","92108","October","2021","FL"
"2229","Franklin","8063","October","2021","FL"
"2230","Gadsden","29897","October","2021","FL"
"2231","Gilchrist","11558","October","2021","FL"
"2232","Glades","6672","October","2021","FL"
"2233","Gulf","10009","October","2021","FL"
"2234","Hamilton","7702","October","2021","FL"
"2235","Hardee","13302","October","2021","FL"
"2236","Hendry","18709","October","2021","FL"
"2237","Hernando","146106","October","2021","FL"
"2238","Highlands","66998","October","2021","FL"
"2239","Hillsborough","912109","October","2021","FL"
"2240","Holmes","11290","October","2021","FL"
"2241","Indian River","113766","October","2021","FL"
"2242","Jackson","28264","October","2021","FL"
"2243","Jefferson","9532","October","2021","FL"
"2244","Lafayette","4464","October","2021","FL"
"2245","Lake","269293","October","2021","FL"
"2246","Lee","500336","October","2021","FL"
"2247","Leon","202700","October","2021","FL"
"2248","Levy","29952","October","2021","FL"
"2249","Liberty","4455","October","2021","FL"
"2250","Madison","12048","October","2021","FL"
"2251","Manatee","276885","October","2021","FL"
"2252","Marion","264881","October","2021","FL"
"2253","Martin","116583","October","2021","FL"
"2254","Miami-Dade","1517151","October","2021","FL"
"2255","Monroe","57903","October","2021","FL"
"2256","Nassau","72360","October","2021","FL"
"2257","Okaloosa","141589","October","2021","FL"
"2258","Okeechobee","22792","October","2021","FL"
"2259","Orange","858721","October","2021","FL"
"2260","Osceola","245040","October","2021","FL"
"2261","Palm Beach","976369","October","2021","FL"
"2262","Pasco","392126","October","2021","FL"
"2263","Pinellas","689840","October","2021","FL"
"2264","Polk","468587","October","2021","FL"
"2265","Putnam","50128","October","2021","FL"
"2266","Santa Rosa","139679","October","2021","FL"
"2267","Sarasota","355395","October","2021","FL"
"2268","Seminole","331156","October","2021","FL"
"2269","St. Johns","216075","October","2021","FL"
"2270","St. Lucie","225697","October","2021","FL"
"2271","Sumter","110967","October","2021","FL"
"2272","Suwannee","27594","October","2021","FL"
"2273","Taylor","12941","October","2021","FL"
"2274","Union","7621","October","2021","FL"
"2275","Volusia","412563","October","2021","FL"
"2276","Wakulla","22616","October","2021","FL"
"2277","Walton","58044","October","2021","FL"
"2278","Washington","16739","October","2021","FL"
"2279","Alachua","193333","November","2021","FL"
"2280","Baker","17439","November","2021","FL"
"2281","Bay","122128","November","2021","FL"
"2282","Bradford","17692","November","2021","FL"
"2283","Brevard","449512","November","2021","FL"
"2284","Broward","1283691","November","2021","FL"
"2285","Calhoun","8223","November","2021","FL"
"2286","Charlotte","150467","November","2021","FL"
"2287","Citrus","117778","November","2021","FL"
"2288","Clay","159906","November","2021","FL"
"2289","Collier","243524","November","2021","FL"
"2290","Columbia","43441","November","2021","FL"
"2291","Desoto","17714","November","2021","FL"
"2292","Dixie","10375","November","2021","FL"
"2293","Duval","647887","November","2021","FL"
"2294","Escambia","224318","November","2021","FL"
"2295","Flagler","92799","November","2021","FL"
"2296","Franklin","7911","November","2021","FL"
"2297","Gadsden","29961","November","2021","FL"
"2298","Gilchrist","11601","November","2021","FL"
"2299","Glades","6704","November","2021","FL"
"2300","Gulf","10045","November","2021","FL"
"2301","Hamilton","7701","November","2021","FL"
"2302","Hardee","13272","November","2021","FL"
"2303","Hendry","18793","November","2021","FL"
"2304","Hernando","146218","November","2021","FL"
"2305","Highlands","67332","November","2021","FL"
"2306","Hillsborough","911036","November","2021","FL"
"2307","Holmes","11198","November","2021","FL"
"2308","Indian River","114379","November","2021","FL"
"2309","Jackson","28259","November","2021","FL"
"2310","Jefferson","9531","November","2021","FL"
"2311","Lafayette","4484","November","2021","FL"
"2312","Lake","269370","November","2021","FL"
"2313","Lee","502713","November","2021","FL"
"2314","Leon","202291","November","2021","FL"
"2315","Levy","29998","November","2021","FL"
"2316","Liberty","4456","November","2021","FL"
"2317","Madison","12055","November","2021","FL"
"2318","Manatee","273614","November","2021","FL"
"2319","Marion","265038","November","2021","FL"
"2320","Martin","116052","November","2021","FL"
"2321","Miami-Dade","1519376","November","2021","FL"
"2322","Monroe","57945","November","2021","FL"
"2323","Nassau","72557","November","2021","FL"
"2324","Okaloosa","142241","November","2021","FL"
"2325","Okeechobee","22885","November","2021","FL"
"2326","Orange","860684","November","2021","FL"
"2327","Osceola","242282","November","2021","FL"
"2328","Palm Beach","978438","November","2021","FL"
"2329","Pasco","394570","November","2021","FL"
"2330","Pinellas","689191","November","2021","FL"
"2331","Polk","464375","November","2021","FL"
"2332","Putnam","50074","November","2021","FL"
"2333","Santa Rosa","140405","November","2021","FL"
"2334","Sarasota","346744","November","2021","FL"
"2335","Seminole","331671","November","2021","FL"
"2336","St. Johns","215501","November","2021","FL"
"2337","St. Lucie","227083","November","2021","FL"
"2338","Sumter","111753","November","2021","FL"
"2339","Suwannee","27673","November","2021","FL"
"2340","Taylor","12969","November","2021","FL"
"2341","Union","7616","November","2021","FL"
"2342","Volusia","396978","November","2021","FL"
"2343","Wakulla","22677","November","2021","FL"
"2344","Walton","58184","November","2021","FL"
"2345","Washington","16809","November","2021","FL"
"2346","Alachua","193558","December","2021","FL"
"2347","Baker","17469","December","2021","FL"
"2348","Bay","120751","December","2021","FL"
"2349","Bradford","17547","December","2021","FL"
"2350","Brevard","451310","December","2021","FL"
"2351","Broward","1284369","December","2021","FL"
"2352","Calhoun","8170","December","2021","FL"
"2353","Charlotte","149960","December","2021","FL"
"2354","Citrus","117031","December","2021","FL"
"2355","Clay","160178","December","2021","FL"
"2356","Collier","244646","December","2021","FL"
"2357","Columbia","43570","December","2021","FL"
"2358","Desoto","17764","December","2021","FL"
"2359","Dixie","10297","December","2021","FL"
"2360","Duval","650978","December","2021","FL"
"2361","Escambia","224403","December","2021","FL"
"2362","Flagler","92761","December","2021","FL"
"2363","Franklin","7855","December","2021","FL"
"2364","Gadsden","29927","December","2021","FL"
"2365","Gilchrist","11575","December","2021","FL"
"2366","Glades","6691","December","2021","FL"
"2367","Gulf","10174","December","2021","FL"
"2368","Hamilton","7618","December","2021","FL"
"2369","Hardee","13069","December","2021","FL"
"2370","Hendry","18666","December","2021","FL"
"2371","Hernando","145940","December","2021","FL"
"2372","Highlands","66868","December","2021","FL"
"2373","Hillsborough","914019","December","2021","FL"
"2374","Holmes","11222","December","2021","FL"
"2375","Indian River","114955","December","2021","FL"
"2376","Jackson","28329","December","2021","FL"
"2377","Jefferson","9494","December","2021","FL"
"2378","Lafayette","4494","December","2021","FL"
"2379","Lake","261367","December","2021","FL"
"2380","Lee","506539","December","2021","FL"
"2381","Leon","202676","December","2021","FL"
"2382","Levy","29502","December","2021","FL"
"2383","Liberty","4390","December","2021","FL"
"2384","Madison","11904","December","2021","FL"
"2385","Manatee","274383","December","2021","FL"
"2386","Marion","264797","December","2021","FL"
"2387","Martin","115506","December","2021","FL"
"2388","Miami-Dade","1516052","December","2021","FL"
"2389","Monroe","57353","December","2021","FL"
"2390","Nassau","72234","December","2021","FL"
"2391","Okaloosa","139540","December","2021","FL"
"2392","Okeechobee","21978","December","2021","FL"
"2393","Orange","863055","December","2021","FL"
"2394","Osceola","241718","December","2021","FL"
"2395","Palm Beach","982405","December","2021","FL"
"2396","Pasco","395440","December","2021","FL"
"2397","Pinellas","690934","December","2021","FL"
"2398","Polk","464499","December","2021","FL"
"2399","Putnam","49891","December","2021","FL"
"2400","Santa Rosa","141235","December","2021","FL"
"2401","Sarasota","348166","December","2021","FL"
"2402","Seminole","329364","December","2021","FL"
"2403","St. Johns","214318","December","2021","FL"
"2404","St. Lucie","227534","December","2021","FL"
"2405","Sumter","111986","December","2021","FL"
"2406","Suwannee","27675","December","2021","FL"
"2407","Taylor","12926","December","2021","FL"
"2408","Union","7508","December","2021","FL"
"2409","Volusia","397681","December","2021","FL"
"2410","Wakulla","22657","December","2021","FL"
"2411","Walton","58083","December","2021","FL"
"2412","Washington","16757","December","2021","FL"
"2413","ALACHUA","181525","January","2022","FL"
"2414","BAKER","17460","January","2022","FL"
"2415","BAY","121120","January","2022","FL"
"2416","BRADFORD","17581","January","2022","FL"
"2417","BREVARD","452500","January","2022","FL"
"2418","BROWARD","1287449","January","2022","FL"
"2419","CALHOUN","8167","January","2022","FL"
"2420","CHARLOTTE","149795","January","2022","FL"
"2421","CITRUS","117470","January","2022","FL"
"2422","CLAY","160096","January","2022","FL"
"2423","COLLIER","243621","January","2022","FL"
"2424","COLUMBIA","43637","January","2022","FL"
"2425","DESOTO","17929","January","2022","FL"
"2426","DIXIE","10314","January","2022","FL"
"2427","DUVAL","652487","January","2022","FL"
"2428","ESCAMBIA","219955","January","2022","FL"
"2429","FLAGLER","93102","January","2022","FL"
"2430","FRANKLIN","7842","January","2022","FL"
"2431","GADSDEN","29386","January","2022","FL"
"2432","GILCHRIST","11667","January","2022","FL"
"2433","GLADES","6663","January","2022","FL"
"2434","GULF","10201","January","2022","FL"
"2435","HAMILTON","7605","January","2022","FL"
"2436","HARDEE","13104","January","2022","FL"
"2437","HENDRY","18770","January","2022","FL"
"2438","HERNANDO","145414","January","2022","FL"
"2439","HIGHLANDS","67033","January","2022","FL"
"2440","HILLSBOROUGH","910814","January","2022","FL"
"2441","HOLMES","11225","January","2022","FL"
"2442","INDIAN RIVER","115282","January","2022","FL"
"2443","JACKSON","28272","January","2022","FL"
"2444","JEFFERSON","9470","January","2022","FL"
"2445","LAFAYETTE","4471","January","2022","FL"
"2446","LAKE","262678","January","2022","FL"
"2447","LEE","506546","January","2022","FL"
"2448","LEON","202968","January","2022","FL"
"2449","LEVY","29567","January","2022","FL"
"2450","LIBERTY","4391","January","2022","FL"
"2451","MADISON","11980","January","2022","FL"
"2452","MANATEE","273657","January","2022","FL"
"2453","MARION","265760","January","2022","FL"
"2454","MARTIN","115843","January","2022","FL"
"2455","MIAMI-DADE","1512564","January","2022","FL"
"2456","MONROE","57477","January","2022","FL"
"2457","NASSAU","72111","January","2022","FL"
"2458","OKALOOSA","139715","January","2022","FL"
"2459","OKEECHOBEE","22068","January","2022","FL"
"2460","ORANGE","864191","January","2022","FL"
"2461","OSCEOLA","241704","January","2022","FL"
"2462","PALM BEACH","984887","January","2022","FL"
"2463","PASCO","391226","January","2022","FL"
"2464","PINELLAS","688196","January","2022","FL"
"2465","POLK","466252","January","2022","FL"
"2466","PUTNAM","49744","January","2022","FL"
"2467","SANTA ROSA","142333","January","2022","FL"
"2468","SARASOTA","350303","January","2022","FL"
"2469","SEMINOLE","329781","January","2022","FL"
"2470","ST. JOHNS","216054","January","2022","FL"
"2471","ST. LUCIE","227329","January","2022","FL"
"2472","SUMTER","112105","January","2022","FL"
"2473","SUWANNEE","27688","January","2022","FL"
"2474","TAYLOR","12873","January","2022","FL"
"2475","UNION","7521","January","2022","FL"
"2476","VOLUSIA","398102","January","2022","FL"
"2477","WAKULLA","22610","January","2022","FL"
"2478","WALTON","58300","January","2022","FL"
"2479","WASHINGTON","16821","January","2022","FL"
"2480","ALACHUA","179284","February","2022","FL"
"2481","BAKER","17382","February","2022","FL"
"2482","BAY","123282","February","2022","FL"
"2483","BRADFORD","17654","February","2022","FL"
"2484","BREVARD","450684","February","2022","FL"
"2485","BROWARD","1288994","February","2022","FL"
"2486","CALHOUN","8202","February","2022","FL"
"2487","CHARLOTTE","150709","February","2022","FL"
"2488","CITRUS","118045","February","2022","FL"
"2489","CLAY","161149","February","2022","FL"
"2490","COLLIER","244784","February","2022","FL"
"2491","COLUMBIA","43555","February","2022","FL"
"2492","DESOTO","18053","February","2022","FL"
"2493","DIXIE","10355","February","2022","FL"
"2494","DUVAL","651389","February","2022","FL"
"2495","ESCAMBIA","220672","February","2022","FL"
"2496","FLAGLER","92959","February","2022","FL"
"2497","FRANKLIN","7880","February","2022","FL"
"2498","GADSDEN","29466","February","2022","FL"
"2499","GILCHRIST","11636","February","2022","FL"
"2500","GLADES","6718","February","2022","FL"
"2501","GULF","10217","February","2022","FL"
"2502","HAMILTON","7628","February","2022","FL"
"2503","HARDEE","13161","February","2022","FL"
"2504","HENDRY","18855","February","2022","FL"
"2505","HERNANDO","145464","February","2022","FL"
"2506","HIGHLANDS","67273","February","2022","FL"
"2507","HILLSBOROUGH","906422","February","2022","FL"
"2508","HOLMES","11207","February","2022","FL"
"2509","INDIAN RIVER","115741","February","2022","FL"
"2510","JACKSON","28184","February","2022","FL"
"2511","JEFFERSON","9490","February","2022","FL"
"2512","LAFAYETTE","4491","February","2022","FL"
"2513","LAKE","263801","February","2022","FL"
"2514","LEE","503662","February","2022","FL"
"2515","LEON","203422","February","2022","FL"
"2516","LEVY","29679","February","2022","FL"
"2517","LIBERTY","4390","February","2022","FL"
"2518","MADISON","12001","February","2022","FL"
"2519","MANATEE","275581","February","2022","FL"
"2520","MARION","265389","February","2022","FL"
"2521","MARTIN","115851","February","2022","FL"
"2522","MIAMI-DADE","1513923","February","2022","FL"
"2523","MONROE","57675","February","2022","FL"
"2524","NASSAU","72536","February","2022","FL"
"2525","OKALOOSA","139782","February","2022","FL"
"2526","OKEECHOBEE","22078","February","2022","FL"
"2527","ORANGE","859450","February","2022","FL"
"2528","OSCEOLA","242062","February","2022","FL"
"2529","PALM BEACH","987709","February","2022","FL"
"2530","PASCO","394913","February","2022","FL"
"2531","PINELLAS","690460","February","2022","FL"
"2532","POLK","461128","February","2022","FL"
"2533","PUTNAM","49894","February","2022","FL"
"2534","SANTA ROSA","142975","February","2022","FL"
"2535","SARASOTA","349865","February","2022","FL"
"2536","SEMINOLE","332653","February","2022","FL"
"2537","ST. JOHNS","216585","February","2022","FL"
"2538","ST. LUCIE","228345","February","2022","FL"
"2539","SUMTER","112804","February","2022","FL"
"2540","SUWANNEE","27798","February","2022","FL"
"2541","TAYLOR","12883","February","2022","FL"
"2542","UNION","7493","February","2022","FL"
"2543","VOLUSIA","398649","February","2022","FL"
"2544","WAKULLA","22669","February","2022","FL"
"2545","WALTON","58388","February","2022","FL"
"2546","WASHINGTON","16868","February","2022","FL"
"2547","ALACHUA","179922","March","2022","FL"
"2548","BAKER","17494","March","2022","FL"
"2549","BAY","123995","March","2022","FL"
"2550","BRADFORD","17662","March","2022","FL"
"2551","BREVARD","450920","March","2022","FL"
"2552","BROWARD","1292601","March","2022","FL"
"2553","CALHOUN","8160","March","2022","FL"
"2554","CHARLOTTE","150096","March","2022","FL"
"2555","CITRUS","118844","March","2022","FL"
"2556","CLAY","161329","March","2022","FL"
"2557","COLLIER","245759","March","2022","FL"
"2558","COLUMBIA","43721","March","2022","FL"
"2559","DESOTO","17968","March","2022","FL"
"2560","DIXIE","10410","March","2022","FL"
"2561","DUVAL","651444","March","2022","FL"
"2562","ESCAMBIA","221305","March","2022","FL"
"2563","FLAGLER","93156","March","2022","FL"
"2564","FRANKLIN","7890","March","2022","FL"
"2565","GADSDEN","29697","March","2022","FL"
"2566","GILCHRIST","11674","March","2022","FL"
"2567","GLADES","6735","March","2022","FL"
"2568","GULF","10283","March","2022","FL"
"2569","HAMILTON","7654","March","2022","FL"
"2570","HARDEE","13196","March","2022","FL"
"2571","HENDRY","18999","March","2022","FL"
"2572","HERNANDO","146121","March","2022","FL"
"2573","HIGHLANDS","67390","March","2022","FL"
"2574","HILLSBOROUGH","908988","March","2022","FL"
"2575","HOLMES","11225","March","2022","FL"
"2576","INDIAN RIVER","116555","March","2022","FL"
"2577","JACKSON","28296","March","2022","FL"
"2578","JEFFERSON","9369","March","2022","FL"
"2579","LAFAYETTE","4475","March","2022","FL"
"2580","LAKE","266193","March","2022","FL"
"2581","LEE","503946","March","2022","FL"
"2582","LEON","203508","March","2022","FL"
"2583","LEVY","29815","March","2022","FL"
"2584","LIBERTY","4383","March","2022","FL"
"2585","MADISON","12006","March","2022","FL"
"2586","MANATEE","273778","March","2022","FL"
"2587","MARION","266109","March","2022","FL"
"2588","MARTIN","116478","March","2022","FL"
"2589","MIAMI-DADE","1509530","March","2022","FL"
"2590","MONROE","57815","March","2022","FL"
"2591","NASSAU","72878","March","2022","FL"
"2592","OKALOOSA","140466","March","2022","FL"
"2593","OKEECHOBEE","22243","March","2022","FL"
"2594","ORANGE","854911","March","2022","FL"
"2595","OSCEOLA","244055","March","2022","FL"
"2596","PALM BEACH","988083","March","2022","FL"
"2597","PASCO","397389","March","2022","FL"
"2598","PINELLAS","688941","March","2022","FL"
"2599","POLK","464442","March","2022","FL"
"2600","PUTNAM","50077","March","2022","FL"
"2601","SANTA ROSA","143580","March","2022","FL"
"2602","SARASOTA","352179","March","2022","FL"
"2603","SEMINOLE","334725","March","2022","FL"
"2604","ST. JOHNS","217684","March","2022","FL"
"2605","ST. LUCIE","230824","March","2022","FL"
"2606","SUMTER","113360","March","2022","FL"
"2607","SUWANNEE","28151","March","2022","FL"
"2608","TAYLOR","12919","March","2022","FL"
"2609","UNION","7515","March","2022","FL"
"2610","VOLUSIA","400341","March","2022","FL"
"2611","WAKULLA","22860","March","2022","FL"
"2612","WALTON","58244","March","2022","FL"
"2613","WASHINGTON","15566","March","2022","FL"
"2614","ALACHUA","178492","April","2022","FL"
"2615","BAKER","17495","April","2022","FL"
"2616","BAY","124590","April","2022","FL"
"2617","BRADFORD","17684","April","2022","FL"
"2618","BREVARD","450557","April","2022","FL"
"2619","BROWARD","1293124","April","2022","FL"
"2620","CALHOUN","8160","April","2022","FL"
"2621","CHARLOTTE","149589","April","2022","FL"
"2622","CITRUS","119086","April","2022","FL"
"2623","CLAY","161398","April","2022","FL"
"2624","COLLIER","246715","April","2022","FL"
"2625","COLUMBIA","43826","April","2022","FL"
"2626","DESOTO","17926","April","2022","FL"
"2627","DIXIE","10404","April","2022","FL"
"2628","DUVAL","640159","April","2022","FL"
"2629","ESCAMBIA","221966","April","2022","FL"
"2630","FLAGLER","93102","April","2022","FL"
"2631","FRANKLIN","7762","April","2022","FL"
"2632","GADSDEN","29766","April","2022","FL"
"2633","GILCHRIST","11776","April","2022","FL"
"2634","GLADES","6781","April","2022","FL"
"2635","GULF","10298","April","2022","FL"
"2636","HAMILTON","7708","April","2022","FL"
"2637","HARDEE","13257","April","2022","FL"
"2638","HENDRY","19130","April","2022","FL"
"2639","HERNANDO","146172","April","2022","FL"
"2640","HIGHLANDS","67539","April","2022","FL"
"2641","HILLSBOROUGH","904324","April","2022","FL"
"2642","HOLMES","11247","April","2022","FL"
"2643","INDIAN RIVER","116620","April","2022","FL"
"2644","JACKSON","28218","April","2022","FL"
"2645","JEFFERSON","9399","April","2022","FL"
"2646","LAFAYETTE","4488","April","2022","FL"
"2647","LAKE","268237","April","2022","FL"
"2648","LEE","504275","April","2022","FL"
"2649","LEON","204055","April","2022","FL"
"2650","LEVY","29935","April","2022","FL"
"2651","LIBERTY","4393","April","2022","FL"
"2652","MADISON","12059","April","2022","FL"
"2653","MANATEE","272036","April","2022","FL"
"2654","MARION","264037","April","2022","FL"
"2655","MARTIN","116772","April","2022","FL"
"2656","MIAMI-DADE","1510038","April","2022","FL"
"2657","MONROE","58079","April","2022","FL"
"2658","NASSAU","73049","April","2022","FL"
"2659","OKALOOSA","140003","April","2022","FL"
"2660","OKEECHOBEE","22358","April","2022","FL"
"2661","ORANGE","852397","April","2022","FL"
"2662","OSCEOLA","245008","April","2022","FL"
"2663","PALM BEACH","986850","April","2022","FL"
"2664","PASCO","398728","April","2022","FL"
"2665","PINELLAS","684883","April","2022","FL"
"2666","POLK","452358","April","2022","FL"
"2667","PUTNAM","49964","April","2022","FL"
"2668","SANTA ROSA","141035","April","2022","FL"
"2669","SARASOTA","353366","April","2022","FL"
"2670","SEMINOLE","335104","April","2022","FL"
"2671","ST. JOHNS","216650","April","2022","FL"
"2672","ST. LUCIE","231758","April","2022","FL"
"2673","SUMTER","113432","April","2022","FL"
"2674","SUWANNEE","28300","April","2022","FL"
"2675","TAYLOR","12916","April","2022","FL"
"2676","UNION","7540","April","2022","FL"
"2677","VOLUSIA","402585","April","2022","FL"
"2678","WAKULLA","22925","April","2022","FL"
"2679","WALTON","58618","April","2022","FL"
"2680","WASHINGTON","15663","April","2022","FL"
"2681","ALACHUA","178536","May","2022","FL"
"2682","BAKER","17552","May","2022","FL"
"2683","BAY","120939","May","2022","FL"
"2684","BRADFORD","17741","May","2022","FL"
"2685","BREVARD","449914","May","2022","FL"
"2686","BROWARD","1233647","May","2022","FL"
"2687","CALHOUN","8176","May","2022","FL"
"2688","CHARLOTTE","149199","May","2022","FL"
"2689","CITRUS","119287","May","2022","FL"
"2690","CLAY","160808","May","2022","FL"
"2691","COLLIER","247195","May","2022","FL"
"2692","COLUMBIA","43739","May","2022","FL"
"2693","DESOTO","17931","May","2022","FL"
"2694","DIXIE","10409","May","2022","FL"
"2695","DUVAL","641338","May","2022","FL"
"2696","ESCAMBIA","219683","May","2022","FL"
"2697","FLAGLER","93140","May","2022","FL"
"2698","FRANKLIN","7814","May","2022","FL"
"2699","GADSDEN","29863","May","2022","FL"
"2700","GILCHRIST","11826","May","2022","FL"
"2701","GLADES","6828","May","2022","FL"
"2702","GULF","10317","May","2022","FL"
"2703","HAMILTON","7728","May","2022","FL"
"2704","HARDEE","13286","May","2022","FL"
"2705","HENDRY","19072","May","2022","FL"
"2706","HERNANDO","146821","May","2022","FL"
"2707","HIGHLANDS","67737","May","2022","FL"
"2708","HILLSBOROUGH","899794","May","2022","FL"
"2709","HOLMES","11283","May","2022","FL"
"2710","INDIAN RIVER","117113","May","2022","FL"
"2711","JACKSON","28218","May","2022","FL"
"2712","JEFFERSON","9435","May","2022","FL"
"2713","LAFAYETTE","4480","May","2022","FL"
"2714","LAKE","268676","May","2022","FL"
"2715","LEE","506775","May","2022","FL"
"2716","LEON","201614","May","2022","FL"
"2717","LEVY","30068","May","2022","FL"
"2718","LIBERTY","4409","May","2022","FL"
"2719","MADISON","12072","May","2022","FL"
"2720","MANATEE","273336","May","2022","FL"
"2721","MARION","264361","May","2022","FL"
"2722","MARTIN","117037","May","2022","FL"
"2723","MIAMI-DADE","1513734","May","2022","FL"
"2724","MONROE","56509","May","2022","FL"
"2725","NASSAU","73346","May","2022","FL"
"2726","OKALOOSA","140617","May","2022","FL"
"2727","OKEECHOBEE","22399","May","2022","FL"
"2728","ORANGE","848988","May","2022","FL"
"2729","OSCEOLA","243999","May","2022","FL"
"2730","PALM BEACH","989553","May","2022","FL"
"2731","PASCO","400331","May","2022","FL"
"2732","PINELLAS","686627","May","2022","FL"
"2733","POLK","453924","May","2022","FL"
"2734","PUTNAM","49834","May","2022","FL"
"2735","SANTA ROSA","141673","May","2022","FL"
"2736","SARASOTA","346360","May","2022","FL"
"2737","SEMINOLE","334964","May","2022","FL"
"2738","ST. JOHNS","217324","May","2022","FL"
"2739","ST. LUCIE","232818","May","2022","FL"
"2740","SUMTER","114142","May","2022","FL"
"2741","SUWANNEE","28393","May","2022","FL"
"2742","TAYLOR","12938","May","2022","FL"
"2743","UNION","7555","May","2022","FL"
"2744","VOLUSIA","403885","May","2022","FL"
"2745","WAKULLA","22994","May","2022","FL"
"2746","WALTON","58878","May","2022","FL"
"2747","WASHINGTON","15690","May","2022","FL"
"2748","ALACHUA","178881","June","2022","FL"
"2749","BAKER","17620","June","2022","FL"
"2750","BAY","121620","June","2022","FL"
"2751","BRADFORD","17792","June","2022","FL"
"2752","BREVARD","451937","June","2022","FL"
"2753","BROWARD","1236317","June","2022","FL"
"2754","CALHOUN","8174","June","2022","FL"
"2755","CHARLOTTE","149976","June","2022","FL"
"2756","CITRUS","119497","June","2022","FL"
"2757","CLAY","160900","June","2022","FL"
"2758","COLLIER","248593","June","2022","FL"
"2759","COLUMBIA","43856","June","2022","FL"
"2760","DESOTO","18006","June","2022","FL"
"2761","DIXIE","10463","June","2022","FL"
"2762","DUVAL","644488","June","2022","FL"
"2763","ESCAMBIA","219958","June","2022","FL"
"2764","FLAGLER","93655","June","2022","FL"
"2765","FRANKLIN","7860","June","2022","FL"
"2766","GADSDEN","29502","June","2022","FL"
"2767","GILCHRIST","11908","June","2022","FL"
"2768","GLADES","6864","June","2022","FL"
"2769","GULF","10299","June","2022","FL"
"2770","HAMILTON","7758","June","2022","FL"
"2771","HARDEE","13324","June","2022","FL"
"2772","HENDRY","19183","June","2022","FL"
"2773","HERNANDO","146920","June","2022","FL"
"2774","HIGHLANDS","68018","June","2022","FL"
"2775","HILLSBOROUGH","903949","June","2022","FL"
"2776","HOLMES","11272","June","2022","FL"
"2777","INDIAN RIVER","117691","June","2022","FL"
"2778","JACKSON","28330","June","2022","FL"
"2779","JEFFERSON","9441","June","2022","FL"
"2780","LAFAYETTE","4482","June","2022","FL"
"2781","LAKE","270120","June","2022","FL"
"2782","LEE","508650","June","2022","FL"
"2783","LEON","202059","June","2022","FL"
"2784","LEVY","30252","June","2022","FL"
"2785","LIBERTY","4404","June","2022","FL"
"2786","MADISON","12097","June","2022","FL"
"2787","MANATEE","274681","June","2022","FL"
"2788","MARION","265622","June","2022","FL"
"2789","MARTIN","117326","June","2022","FL"
"2790","MIAMI-DADE","1502786","June","2022","FL"
"2791","MONROE","55710","June","2022","FL"
"2792","NASSAU","73971","June","2022","FL"
"2793","OKALOOSA","140942","June","2022","FL"
"2794","OKEECHOBEE","22444","June","2022","FL"
"2795","ORANGE","852322","June","2022","FL"
"2796","OSCEOLA","247180","June","2022","FL"
"2797","PALM BEACH","992236","June","2022","FL"
"2798","PASCO","402661","June","2022","FL"
"2799","PINELLAS","688356","June","2022","FL"
"2800","POLK","456568","June","2022","FL"
"2801","PUTNAM","50039","June","2022","FL"
"2802","SANTA ROSA","142763","June","2022","FL"
"2803","SARASOTA","348019","June","2022","FL"
"2804","SEMINOLE","336125","June","2022","FL"
"2805","ST. JOHNS","218611","June","2022","FL"
"2806","ST. LUCIE","234019","June","2022","FL"
"2807","SUMTER","115056","June","2022","FL"
"2808","SUWANNEE","28522","June","2022","FL"
"2809","TAYLOR","12950","June","2022","FL"
"2810","UNION","7501","June","2022","FL"
"2811","VOLUSIA","405511","June","2022","FL"
"2812","WAKULLA","23082","June","2022","FL"
"2813","WALTON","59312","June","2022","FL"
"2814","WASHINGTON","15753","June","2022","FL"
"2815","ALACHUA","179389","July","2022","FL"
"2816","BAKER","17696","July","2022","FL"
"2817","BAY","122444","July","2022","FL"
"2818","BRADFORD","17857","July","2022","FL"
"2819","BREVARD","454468","July","2022","FL"
"2820","BROWARD","1240809","July","2022","FL"
"2821","CALHOUN","8202","July","2022","FL"
"2822","CHARLOTTE","150800","July","2022","FL"
"2823","CITRUS","120309","July","2022","FL"
"2824","CLAY","161492","July","2022","FL"
"2825","COLLIER","250063","July","2022","FL"
"2826","COLUMBIA","42690","July","2022","FL"
"2827","DESOTO","18139","July","2022","FL"
"2828","DIXIE","10492","July","2022","FL"
"2829","DUVAL","647976","July","2022","FL"
"2830","ESCAMBIA","221128","July","2022","FL"
"2831","FLAGLER","94393","July","2022","FL"
"2832","FRANKLIN","7882","July","2022","FL"
"2833","GADSDEN","29585","July","2022","FL"
"2834","GILCHRIST","11963","July","2022","FL"
"2835","GLADES","6890","July","2022","FL"
"2836","GULF","10338","July","2022","FL"
"2837","HAMILTON","7763","July","2022","FL"
"2838","HARDEE","13347","July","2022","FL"
"2839","HENDRY","19295","July","2022","FL"
"2840","HERNANDO","146852","July","2022","FL"
"2841","HIGHLANDS","68244","July","2022","FL"
"2842","HILLSBOROUGH","909789","July","2022","FL"
"2843","HOLMES","11321","July","2022","FL"
"2844","INDIAN RIVER","118259","July","2022","FL"
"2845","JACKSON","28440","July","2022","FL"
"2846","JEFFERSON","9500","July","2022","FL"
"2847","LAFAYETTE","4499","July","2022","FL"
"2848","LAKE","272091","July","2022","FL"
"2849","LEE","511331","July","2022","FL"
"2850","LEON","202119","July","2022","FL"
"2851","LEVY","30399","July","2022","FL"
"2852","LIBERTY","4417","July","2022","FL"
"2853","MADISON","12112","July","2022","FL"
"2854","MANATEE","276597","July","2022","FL"
"2855","MARION","267204","July","2022","FL"
"2856","MARTIN","117895","July","2022","FL"
"2857","MIAMI-DADE","1509353","July","2022","FL"
"2858","MONROE","54724","July","2022","FL"
"2859","NASSAU","74539","July","2022","FL"
"2860","OKALOOSA","141701","July","2022","FL"
"2861","OKEECHOBEE","22539","July","2022","FL"
"2862","ORANGE","858059","July","2022","FL"
"2863","OSCEOLA","249361","July","2022","FL"
"2864","PALM BEACH","995425","July","2022","FL"
"2865","PASCO","405329","July","2022","FL"
"2866","PINELLAS","690893","July","2022","FL"
"2867","POLK","458653","July","2022","FL"
"2868","PUTNAM","50271","July","2022","FL"
"2869","SANTA ROSA","143752","July","2022","FL"
"2870","SARASOTA","349874","July","2022","FL"
"2871","SEMINOLE","338175","July","2022","FL"
"2872","ST. JOHNS","219653","July","2022","FL"
"2873","ST. LUCIE","235464","July","2022","FL"
"2874","SUMTER","115852","July","2022","FL"
"2875","SUWANNEE","28475","July","2022","FL"
"2876","TAYLOR","12929","July","2022","FL"
"2877","UNION","7562","July","2022","FL"
"2878","VOLUSIA","407654","July","2022","FL"
"2879","WAKULLA","23275","July","2022","FL"
"2880","WALTON","59790","July","2022","FL"
"2881","WASHINGTON","15825","July","2022","FL"
"2882","ALACHUA","180115","August","2022","FL"
"2883","BAKER","17770","August","2022","FL"
"2884","BAY","123377","August","2022","FL"
"2885","BRADFORD","17892","August","2022","FL"
"2886","BREVARD","457094","August","2022","FL"
"2887","BROWARD","1244283","August","2022","FL"
"2888","CALHOUN","8225","August","2022","FL"
"2889","CHARLOTTE","151754","August","2022","FL"
"2890","CITRUS","121066","August","2022","FL"
"2891","CLAY","162475","August","2022","FL"
"2892","COLLIER","251795","August","2022","FL"
"2893","COLUMBIA","42956","August","2022","FL"
"2894","DESOTO","18233","August","2022","FL"
"2895","DIXIE","10546","August","2022","FL"
"2896","DUVAL","650956","August","2022","FL"
"2897","ESCAMBIA","222391","August","2022","FL"
"2898","FLAGLER","94495","August","2022","FL"
"2899","FRANKLIN","7936","August","2022","FL"
"2900","GADSDEN","29642","August","2022","FL"
"2901","GILCHRIST","11955","August","2022","FL"
"2902","GLADES","6925","August","2022","FL"
"2903","GULF","10375","August","2022","FL"
"2904","HAMILTON","7798","August","2022","FL"
"2905","HARDEE","13368","August","2022","FL"
"2906","HENDRY","19446","August","2022","FL"
"2907","HERNANDO","147620","August","2022","FL"
"2908","HIGHLANDS","68583","August","2022","FL"
"2909","HILLSBOROUGH","916190","August","2022","FL"
"2910","HOLMES","11401","August","2022","FL"
"2911","INDIAN RIVER","118671","August","2022","FL"
"2912","JACKSON","28570","August","2022","FL"
"2913","JEFFERSON","9551","August","2022","FL"
"2914","LAFAYETTE","4535","August","2022","FL"
"2915","LAKE","273815","August","2022","FL"
"2916","LEE","514683","August","2022","FL"
"2917","LEON","202931","August","2022","FL"
"2918","LEVY","30618","August","2022","FL"
"2919","LIBERTY","4429","August","2022","FL"
"2920","MADISON","12150","August","2022","FL"
"2921","MANATEE","278411","August","2022","FL"
"2922","MARION","268813","August","2022","FL"
"2923","MARTIN","118394","August","2022","FL"
"2924","MIAMI-DADE","1515885","August","2022","FL"
"2925","MONROE","55175","August","2022","FL"
"2926","NASSAU","75164","August","2022","FL"
"2927","OKALOOSA","142848","August","2022","FL"
"2928","OKEECHOBEE","22627","August","2022","FL"
"2929","ORANGE","863414","August","2022","FL"
"2930","OSCEOLA","251592","August","2022","FL"
"2931","PALM BEACH","998045","August","2022","FL"
"2932","PASCO","408429","August","2022","FL"
"2933","PINELLAS","692227","August","2022","FL"
"2934","POLK","458572","August","2022","FL"
"2935","PUTNAM","50450","August","2022","FL"
"2936","SANTA ROSA","144592","August","2022","FL"
"2937","SARASOTA","351536","August","2022","FL"
"2938","SEMINOLE","339366","August","2022","FL"
"2939","ST. JOHNS","221479","August","2022","FL"
"2940","ST. LUCIE","236782","August","2022","FL"
"2941","SUMTER","116804","August","2022","FL"
"2942","SUWANNEE","28580","August","2022","FL"
"2943","TAYLOR","12844","August","2022","FL"
"2944","UNION","7607","August","2022","FL"
"2945","VOLUSIA","409531","August","2022","FL"
"2946","WAKULLA","23411","August","2022","FL"
"2947","WALTON","60167","August","2022","FL"
"2948","WASHINGTON","15921","August","2022","FL"
"2949","ALACHUA","180729","September","2022","FL"
"2950","BAKER","17584","September","2022","FL"
"2951","BAY","124096","September","2022","FL"
"2952","BRADFORD","17963","September","2022","FL"
"2953","BREVARD","459235","September","2022","FL"
"2954","BROWARD","1249178","September","2022","FL"
"2955","CALHOUN","8230","September","2022","FL"
"2956","CHARLOTTE","152617","September","2022","FL"
"2957","CITRUS","121823","September","2022","FL"
"2958","CLAY","163225","September","2022","FL"
"2959","COLLIER","253134","September","2022","FL"
"2960","COLUMBIA","43182","September","2022","FL"
"2961","DESOTO","18267","September","2022","FL"
"2962","DIXIE","10582","September","2022","FL"
"2963","DUVAL","654269","September","2022","FL"
"2964","ESCAMBIA","223719","September","2022","FL"
"2965","FLAGLER","95041","September","2022","FL"
"2966","FRANKLIN","7949","September","2022","FL"
"2967","GADSDEN","29695","September","2022","FL"
"2968","GILCHRIST","12016","September","2022","FL"
"2969","GLADES","6947","September","2022","FL"
"2970","GULF","10417","September","2022","FL"
"2971","HAMILTON","7822","September","2022","FL"
"2972","HARDEE","13389","September","2022","FL"
"2973","HENDRY","19544","September","2022","FL"
"2974","HERNANDO","148154","September","2022","FL"
"2975","HIGHLANDS","68820","September","2022","FL"
"2976","HILLSBOROUGH","921396","September","2022","FL"
"2977","HOLMES","11444","September","2022","FL"
"2978","INDIAN RIVER","119152","September","2022","FL"
"2979","JACKSON","28660","September","2022","FL"
"2980","JEFFERSON","9591","September","2022","FL"
"2981","LAFAYETTE","4531","September","2022","FL"
"2982","LAKE","275196","September","2022","FL"
"2983","LEE","517250","September","2022","FL"
"2984","LEON","203597","September","2022","FL"
"2985","LEVY","30807","September","2022","FL"
"2986","LIBERTY","4429","September","2022","FL"
"2987","MADISON","12196","September","2022","FL"
"2988","MANATEE","279848","September","2022","FL"
"2989","MARION","270146","September","2022","FL"
"2990","MARTIN","118844","September","2022","FL"
"2991","MIAMI-DADE","1522460","September","2022","FL"
"2992","MONROE","55363","September","2022","FL"
"2993","NASSAU","75471","September","2022","FL"
"2994","OKALOOSA","143714","September","2022","FL"
"2995","OKEECHOBEE","22706","September","2022","FL"
"2996","ORANGE","867998","September","2022","FL"
"2997","OSCEOLA","253190","September","2022","FL"
"2998","PALM BEACH","1000962","September","2022","FL"
"2999","PASCO","410972","September","2022","FL"
"3000","PINELLAS","693315","September","2022","FL"
"3001","POLK","462285","September","2022","FL"
"3002","PUTNAM","50566","September","2022","FL"
"3003","SANTA ROSA","145314","September","2022","FL"
"3004","SARASOTA","352733","September","2022","FL"
"3005","SEMINOLE","340534","September","2022","FL"
"3006","ST. JOHNS","223189","September","2022","FL"
"3007","ST. LUCIE","237896","September","2022","FL"
"3008","SUMTER","117609","September","2022","FL"
"3009","SUWANNEE","28720","September","2022","FL"
"3010","TAYLOR","12878","September","2022","FL"
"3011","UNION","7623","September","2022","FL"
"3012","VOLUSIA","411503","September","2022","FL"
"3013","WAKULLA","23528","September","2022","FL"
"3014","WALTON","60541","September","2022","FL"
"3015","WASHINGTON","15971","September","2022","FL"
"3016","ALACHUA","181936","October","2022","FL"
"3017","BAKER","17613","October","2022","FL"
"3018","BAY","124945","October","2022","FL"
"3019","BRADFORD","18020","October","2022","FL"
"3020","BREVARD","461785","October","2022","FL"
"3021","BROWARD","1254023","October","2022","FL"
"3022","CALHOUN","8264","October","2022","FL"
"3023","CHARLOTTE","153411","October","2022","FL"
"3024","CITRUS","122521","October","2022","FL"
"3025","CLAY","163993","October","2022","FL"
"3026","COLLIER","255208","October","2022","FL"
"3027","COLUMBIA","42933","October","2022","FL"
"3028","DESOTO","18332","October","2022","FL"
"3029","DIXIE","10625","October","2022","FL"
"3030","DUVAL","657487","October","2022","FL"
"3031","ESCAMBIA","224797","October","2022","FL"
"3032","FLAGLER","95817","October","2022","FL"
"3033","FRANKLIN","8007","October","2022","FL"
"3034","GADSDEN","29724","October","2022","FL"
"3035","GILCHRIST","12107","October","2022","FL"
"3036","GLADES","6981","October","2022","FL"
"3037","GULF","10476","October","2022","FL"
"3038","HAMILTON","7871","October","2022","FL"
"3039","HARDEE","13389","October","2022","FL"
"3040","HENDRY","19663","October","2022","FL"
"3041","HERNANDO","148835","October","2022","FL"
"3042","HIGHLANDS","69226","October","2022","FL"
"3043","HILLSBOROUGH","928443","October","2022","FL"
"3044","HOLMES","11493","October","2022","FL"
"3045","INDIAN RIVER","119809","October","2022","FL"
"3046","JACKSON","28810","October","2022","FL"
"3047","JEFFERSON","9637","October","2022","FL"
"3048","LAFAYETTE","4554","October","2022","FL"
"3049","LAKE","277321","October","2022","FL"
"3050","LEE","512498","October","2022","FL"
"3051","LEON","204997","October","2022","FL"
"3052","LEVY","31045","October","2022","FL"
"3053","LIBERTY","4463","October","2022","FL"
"3054","MADISON","12235","October","2022","FL"
"3055","MANATEE","281673","October","2022","FL"
"3056","MARION","271960","October","2022","FL"
"3057","MARTIN","119399","October","2022","FL"
"3058","MIAMI-DADE","1534085","October","2022","FL"
"3059","MONROE","55296","October","2022","FL"
"3060","NASSAU","76029","October","2022","FL"
"3061","OKALOOSA","144701","October","2022","FL"
"3062","OKEECHOBEE","22834","October","2022","FL"
"3063","ORANGE","873462","October","2022","FL"
"3064","OSCEOLA","255645","October","2022","FL"
"3065","PALM BEACH","1004868","October","2022","FL"
"3066","PASCO","413315","October","2022","FL"
"3067","PINELLAS","697518","October","2022","FL"
"3068","POLK","465931","October","2022","FL"
"3069","PUTNAM","50830","October","2022","FL"
"3070","SANTA ROSA","146070","October","2022","FL"
"3071","SARASOTA","354511","October","2022","FL"
"3072","SEMINOLE","342089","October","2022","FL"
"3073","ST. JOHNS","224471","October","2022","FL"
"3074","ST. LUCIE","239587","October","2022","FL"
"3075","SUMTER","118681","October","2022","FL"
"3076","SUWANNEE","28856","October","2022","FL"
"3077","TAYLOR","12945","October","2022","FL"
"3078","UNION","7666","October","2022","FL"
"3079","VOLUSIA","413576","October","2022","FL"
"3080","WAKULLA","23692","October","2022","FL"
"3081","WALTON","60938","October","2022","FL"
"3082","WASHINGTON","16067","October","2022","FL"
"3083","ALACHUA","183626","November","2022","FL"
"3084","BAKER","17746","November","2022","FL"
"3085","BAY","125771","November","2022","FL"
"3086","BRADFORD","18083","November","2022","FL"
"3087","BREVARD","463436","November","2022","FL"
"3088","BROWARD","1258636","November","2022","FL"
"3089","CALHOUN","8270","November","2022","FL"
"3090","CHARLOTTE","154006","November","2022","FL"
"3091","CITRUS","121957","November","2022","FL"
"3092","CLAY","164986","November","2022","FL"
"3093","COLLIER","256985","November","2022","FL"
"3094","COLUMBIA","44046","November","2022","FL"
"3095","DESOTO","18311","November","2022","FL"
"3096","DIXIE","10689","November","2022","FL"
"3097","DUVAL","659543","November","2022","FL"
"3098","ESCAMBIA","225630","November","2022","FL"
"3099","FLAGLER","96237","November","2022","FL"
"3100","FRANKLIN","8092","November","2022","FL"
"3101","GADSDEN","29223","November","2022","FL"
"3102","GILCHRIST","12204","November","2022","FL"
"3103","GLADES","7017","November","2022","FL"
"3104","GULF","10533","November","2022","FL"
"3105","HAMILTON","7902","November","2022","FL"
"3106","HARDEE","13458","November","2022","FL"
"3107","HENDRY","19791","November","2022","FL"
"3108","HERNANDO","149549","November","2022","FL"
"3109","HIGHLANDS","69235","November","2022","FL"
"3110","HILLSBOROUGH","934250","November","2022","FL"
"3111","HOLMES","11511","November","2022","FL"
"3112","INDIAN RIVER","120062","November","2022","FL"
"3113","JACKSON","28904","November","2022","FL"
"3114","JEFFERSON","9704","November","2022","FL"
"3115","LAFAYETTE","4573","November","2022","FL"
"3116","LAKE","277630","November","2022","FL"
"3117","LEE","515328","November","2022","FL"
"3118","LEON","205958","November","2022","FL"
"3119","LEVY","31224","November","2022","FL"
"3120","LIBERTY","4466","November","2022","FL"
"3121","MADISON","12286","November","2022","FL"
"3122","MANATEE","283559","November","2022","FL"
"3123","MARION","273324","November","2022","FL"
"3124","MARTIN","119486","November","2022","FL"
"3125","MIAMI-DADE","1539063","November","2022","FL"
"3126","MONROE","55808","November","2022","FL"
"3127","NASSAU","76553","November","2022","FL"
"3128","OKALOOSA","144537","November","2022","FL"
"3129","OKEECHOBEE","22244","November","2022","FL"
"3130","ORANGE","876143","November","2022","FL"
"3131","OSCEOLA","256714","November","2022","FL"
"3132","PALM BEACH","1008114","November","2022","FL"
"3133","PASCO","415312","November","2022","FL"
"3134","PINELLAS","698665","November","2022","FL"
"3135","POLK","468929","November","2022","FL"
"3136","PUTNAM","51016","November","2022","FL"
"3137","SANTA ROSA","146795","November","2022","FL"
"3138","SARASOTA","355716","November","2022","FL"
"3139","SEMINOLE","343284","November","2022","FL"
"3140","ST. JOHNS","225132","November","2022","FL"
"3141","ST. LUCIE","240660","November","2022","FL"
"3142","SUMTER","119517","November","2022","FL"
"3143","SUWANNEE","28997","November","2022","FL"
"3144","TAYLOR","13001","November","2022","FL"
"3145","UNION","7705","November","2022","FL"
"3146","VOLUSIA","415346","November","2022","FL"
"3147","WAKULLA","23779","November","2022","FL"
"3148","WALTON","60482","November","2022","FL"
"3149","WASHINGTON","16127","November","2022","FL"
"3150","ALACHUA","183586","December","2022","FL"
"3151","BAKER","17857","December","2022","FL"
"3152","BAY","126014","December","2022","FL"
"3153","BRADFORD","18038","December","2022","FL"
"3154","BREVARD","464293","December","2022","FL"
"3155","BROWARD","1261863","December","2022","FL"
"3156","CALHOUN","8271","December","2022","FL"
"3157","CHARLOTTE","154013","December","2022","FL"
"3158","CITRUS","121071","December","2022","FL"
"3159","CLAY","164860","December","2022","FL"
"3160","COLLIER","257890","December","2022","FL"
"3161","COLUMBIA","43637","December","2022","FL"
"3162","DESOTO","18334","December","2022","FL"
"3163","DIXIE","10731","December","2022","FL"
"3164","DUVAL","652632","December","2022","FL"
"3165","ESCAMBIA","225841","December","2022","FL"
"3166","FLAGLER","96592","December","2022","FL"
"3167","FRANKLIN","8098","December","2022","FL"
"3168","GADSDEN","29391","December","2022","FL"
"3169","GILCHRIST","12227","December","2022","FL"
"3170","GLADES","7029","December","2022","FL"
"3171","GULF","10199","December","2022","FL"
"3172","HAMILTON","7917","December","2022","FL"
"3173","HARDEE","13437","December","2022","FL"
"3174","HENDRY","19880","December","2022","FL"
"3175","HERNANDO","145623","December","2022","FL"
"3176","HIGHLANDS","69473","December","2022","FL"
"3177","HILLSBOROUGH","923283","December","2022","FL"
"3178","HOLMES","11469","December","2022","FL"
"3179","INDIAN RIVER","119253","December","2022","FL"
"3180","JACKSON","28226","December","2022","FL"
"3181","JEFFERSON","9710","December","2022","FL"
"3182","LAFAYETTE","4525","December","2022","FL"
"3183","LAKE","277383","December","2022","FL"
"3184","LEE","517374","December","2022","FL"
"3185","LEON","206114","December","2022","FL"
"3186","LEVY","31021","December","2022","FL"
"3187","LIBERTY","4407","December","2022","FL"
"3188","MADISON","11461","December","2022","FL"
"3189","MANATEE","282249","December","2022","FL"
"3190","MARION","274475","December","2022","FL"
"3191","MARTIN","119006","December","2022","FL"
"3192","MIAMI-DADE","1534538","December","2022","FL"
"3193","MONROE","56021","December","2022","FL"
"3194","NASSAU","77028","December","2022","FL"
"3195","OKALOOSA","145069","December","2022","FL"
"3196","OKEECHOBEE","22299","December","2022","FL"
"3197","ORANGE","875838","December","2022","FL"
"3198","OSCEOLA","249353","December","2022","FL"
"3199","PALM BEACH","998586","December","2022","FL"
"3200","PASCO","417063","December","2022","FL"
"3201","PINELLAS","694010","December","2022","FL"
"3202","POLK","453545","December","2022","FL"
"3203","PUTNAM","50994","December","2022","FL"
"3204","SANTA ROSA","147303","December","2022","FL"
"3205","SARASOTA","355081","December","2022","FL"
"3206","SEMINOLE","343976","December","2022","FL"
"3207","ST. JOHNS","225466","December","2022","FL"
"3208","ST. LUCIE","240496","December","2022","FL"
"3209","SUMTER","119797","December","2022","FL"
"3210","SUWANNEE","28726","December","2022","FL"
"3211","TAYLOR","12732","December","2022","FL"
"3212","UNION","7707","December","2022","FL"
"3213","VOLUSIA","412751","December","2022","FL"
"3214","WAKULLA","23760","December","2022","FL"
"3215","WALTON","59872","December","2022","FL"
"3216","WASHINGTON","16047","December","2022","FL"
"3217","ALACHUA","183681","January","2023","FL"
"3218","BAKER","17886","January","2023","FL"
"3219","BAY","126667","January","2023","FL"
"3220","BRADFORD","18106","January","2023","FL"
"3221","BREVARD","465963","January","2023","FL"
"3222","BROWARD","1264193","January","2023","FL"
"3223","CALHOUN","8245","January","2023","FL"
"3224","CHARLOTTE","152379","January","2023","FL"
"3225","CITRUS","121627","January","2023","FL"
"3226","CLAY","162814","January","2023","FL"
"3227","COLLIER","259046","January","2023","FL"
"3228","COLUMBIA","43732","January","2023","FL"
"3229","DESOTO","18368","January","2023","FL"
"3230","DIXIE","10769","January","2023","FL"
"3231","DUVAL","654462","January","2023","FL"
"3232","ESCAMBIA","218457","January","2023","FL"
"3233","FLAGLER","97198","January","2023","FL"
"3234","FRANKLIN","8119","January","2023","FL"
"3235","GADSDEN","29438","January","2023","FL"
"3236","GILCHRIST","12298","January","2023","FL"
"3237","GLADES","7052","January","2023","FL"
"3238","GULF","10224","January","2023","FL"
"3239","HAMILTON","7944","January","2023","FL"
"3240","HARDEE","13492","January","2023","FL"
"3241","HENDRY","19999","January","2023","FL"
"3242","HERNANDO","146887","January","2023","FL"
"3243","HIGHLANDS","69650","January","2023","FL"
"3244","HILLSBOROUGH","926707","January","2023","FL"
"3245","HOLMES","11480","January","2023","FL"
"3246","INDIAN RIVER","118513","January","2023","FL"
"3247","JACKSON","28300","January","2023","FL"
"3248","JEFFERSON","9718","January","2023","FL"
"3249","LAFAYETTE","4528","January","2023","FL"
"3250","LAKE","278739","January","2023","FL"
"3251","LEE","519106","January","2023","FL"
"3252","LEON","206130","January","2023","FL"
"3253","LEVY","30628","January","2023","FL"
"3254","LIBERTY","4408","January","2023","FL"
"3255","MADISON","11469","January","2023","FL"
"3256","MANATEE","283213","January","2023","FL"
"3257","MARION","274974","January","2023","FL"
"3258","MARTIN","119328","January","2023","FL"
"3259","MIAMI-DADE","1487972","January","2023","FL"
"3260","MONROE","56172","January","2023","FL"
"3261","NASSAU","77474","January","2023","FL"
"3262","OKALOOSA","145375","January","2023","FL"
"3263","OKEECHOBEE","22354","January","2023","FL"
"3264","ORANGE","877946","January","2023","FL"
"3265","OSCEOLA","245155","January","2023","FL"
"3266","PALM BEACH","982458","January","2023","FL"
"3267","PASCO","412841","January","2023","FL"
"3268","PINELLAS","681333","January","2023","FL"
"3269","POLK","455213","January","2023","FL"
"3270","PUTNAM","51086","January","2023","FL"
"3271","SANTA ROSA","147934","January","2023","FL"
"3272","SARASOTA","356182","January","2023","FL"
"3273","SEMINOLE","344900","January","2023","FL"
"3274","ST. JOHNS","226534","January","2023","FL"
"3275","ST. LUCIE","241669","January","2023","FL"
"3276","SUMTER","120596","January","2023","FL"
"3277","SUWANNEE","28843","January","2023","FL"
"3278","TAYLOR","12752","January","2023","FL"
"3279","UNION","7701","January","2023","FL"
"3280","VOLUSIA","412282","January","2023","FL"
"3281","WAKULLA","23832","January","2023","FL"
"3282","WALTON","60057","January","2023","FL"
"3283","WASHINGTON","16101","January","2023","FL"
"3284","ALACHUA","183922","February","2023","FL"
"3285","BAKER","17929","February","2023","FL"
"3286","BAY","127331","February","2023","FL"
"3287","BRADFORD","18178","February","2023","FL"
"3288","BREVARD","467440","February","2023","FL"
"3289","BROWARD","1267482","February","2023","FL"
"3290","CALHOUN","8179","February","2023","FL"
"3291","CHARLOTTE","152971","February","2023","FL"
"3292","CITRUS","122121","February","2023","FL"
"3293","CLAY","163206","February","2023","FL"
"3294","COLLIER","260039","February","2023","FL"
"3295","COLUMBIA","43862","February","2023","FL"
"3296","DESOTO","18431","February","2023","FL"
"3297","DIXIE","10812","February","2023","FL"
"3298","DUVAL","655656","February","2023","FL"
"3299","ESCAMBIA","219207","February","2023","FL"
"3300","FLAGLER","97595","February","2023","FL"
"3301","FRANKLIN","8168","February","2023","FL"
"3302","GADSDEN","29487","February","2023","FL"
"3303","GILCHRIST","12188","February","2023","FL"
"3304","GLADES","7089","February","2023","FL"
"3305","GULF","10205","February","2023","FL"
"3306","HAMILTON","7957","February","2023","FL"
"3307","HARDEE","13516","February","2023","FL"
"3308","HENDRY","20144","February","2023","FL"
"3309","HERNANDO","147319","February","2023","FL"
"3310","HIGHLANDS","69887","February","2023","FL"
"3311","HILLSBOROUGH","927707","February","2023","FL"
"3312","HOLMES","11505","February","2023","FL"
"3313","INDIAN RIVER","117274","February","2023","FL"
"3314","JACKSON","28406","February","2023","FL"
"3315","JEFFERSON","9724","February","2023","FL"
"3316","LAFAYETTE","4528","February","2023","FL"
"3317","LAKE","279935","February","2023","FL"
"3318","LEE","521086","February","2023","FL"
"3319","LEON","206091","February","2023","FL"
"3320","LEVY","30777","February","2023","FL"
"3321","LIBERTY","4406","February","2023","FL"
"3322","MADISON","11500","February","2023","FL"
"3323","MANATEE","284041","February","2023","FL"
"3324","MARION","275337","February","2023","FL"
"3325","MARTIN","119839","February","2023","FL"
"3326","MIAMI-DADE","1483396","February","2023","FL"
"3327","MONROE","56336","February","2023","FL"
"3328","NASSAU","77841","February","2023","FL"
"3329","OKALOOSA","146078","February","2023","FL"
"3330","OKEECHOBEE","21979","February","2023","FL"
"3331","ORANGE","868561","February","2023","FL"
"3332","OSCEOLA","245525","February","2023","FL"
"3333","PALM BEACH","980320","February","2023","FL"
"3334","PASCO","414317","February","2023","FL"
"3335","PINELLAS","682666","February","2023","FL"
"3336","POLK","457518","February","2023","FL"
"3337","PUTNAM","51268","February","2023","FL"
"3338","SANTA ROSA","148479","February","2023","FL"
"3339","SARASOTA","356611","February","2023","FL"
"3340","SEMINOLE","345130","February","2023","FL"
"3341","ST. JOHNS","223913","February","2023","FL"
"3342","ST. LUCIE","243283","February","2023","FL"
"3343","SUMTER","120400","February","2023","FL"
"3344","SUWANNEE","28889","February","2023","FL"
"3345","TAYLOR","12776","February","2023","FL"
"3346","UNION","7686","February","2023","FL"
"3347","VOLUSIA","413336","February","2023","FL"
"3348","WAKULLA","23922","February","2023","FL"
"3349","WALTON","59096","February","2023","FL"
"3350","WASHINGTON","16169","February","2023","FL"
"3351","ALACHUA","184067","March","2023","FL"
"3352","BAKER","17973","March","2023","FL"
"3353","BAY","127947","March","2023","FL"
"3354","BRADFORD","18204","March","2023","FL"
"3355","BREVARD","461315","March","2023","FL"
"3356","BROWARD","1269499","March","2023","FL"
"3357","CALHOUN","8150","March","2023","FL"
"3358","CHARLOTTE","153474","March","2023","FL"
"3359","CITRUS","122522","March","2023","FL"
"3360","CLAY","163668","March","2023","FL"
"3361","COLLIER","261026","March","2023","FL"
"3362","COLUMBIA","43997","March","2023","FL"
"3363","DESOTO","18463","March","2023","FL"
"3364","DIXIE","10836","March","2023","FL"
"3365","DUVAL","657958","March","2023","FL"
"3366","ESCAMBIA","219808","March","2023","FL"
"3367","FLAGLER","97775","March","2023","FL"
"3368","FRANKLIN","8180","March","2023","FL"
"3369","GADSDEN","29536","March","2023","FL"
"3370","GILCHRIST","12242","March","2023","FL"
"3371","GLADES","7102","March","2023","FL"
"3372","GULF","10251","March","2023","FL"
"3373","HAMILTON","7740","March","2023","FL"
"3374","HARDEE","13515","March","2023","FL"
"3375","HENDRY","19286","March","2023","FL"
"3376","HERNANDO","147624","March","2023","FL"
"3377","HIGHLANDS","70038","March","2023","FL"
"3378","HILLSBOROUGH","930708","March","2023","FL"
"3379","HOLMES","11524","March","2023","FL"
"3380","INDIAN RIVER","116718","March","2023","FL"
"3381","JACKSON","28094","March","2023","FL"
"3382","JEFFERSON","9548","March","2023","FL"
"3383","LAFAYETTE","4527","March","2023","FL"
"3384","LAKE","279903","March","2023","FL"
"3385","LEE","522695","March","2023","FL"
"3386","LEON","206237","March","2023","FL"
"3387","LEVY","30850","March","2023","FL"
"3388","LIBERTY","4401","March","2023","FL"
"3389","MADISON","11524","March","2023","FL"
"3390","MANATEE","284921","March","2023","FL"
"3391","MARION","275986","March","2023","FL"
"3392","MARTIN","120042","March","2023","FL"
"3393","MIAMI-DADE","1483172","March","2023","FL"
"3394","MONROE","52080","March","2023","FL"
"3395","NASSAU","76950","March","2023","FL"
"3396","OKALOOSA","146867","March","2023","FL"
"3397","OKEECHOBEE","18921","March","2023","FL"
"3398","ORANGE","861106","March","2023","FL"
"3399","OSCEOLA","246116","March","2023","FL"
"3400","PALM BEACH","981064","March","2023","FL"
"3401","PASCO","414416","March","2023","FL"
"3402","PINELLAS","683158","March","2023","FL"
"3403","POLK","460048","March","2023","FL"
"3404","PUTNAM","51362","March","2023","FL"
"3405","SANTA ROSA","149024","March","2023","FL"
"3406","SARASOTA","357280","March","2023","FL"
"3407","SEMINOLE","345861","March","2023","FL"
"3408","ST. JOHNS","225031","March","2023","FL"
"3409","ST. LUCIE","244304","March","2023","FL"
"3410","SUMTER","120819","March","2023","FL"
"3411","SUWANNEE","28940","March","2023","FL"
"3412","TAYLOR","12811","March","2023","FL"
"3413","UNION","7654","March","2023","FL"
"3414","VOLUSIA","413786","March","2023","FL"
"3415","WAKULLA","23985","March","2023","FL"
"3416","WALTON","59121","March","2023","FL"
"3417","WASHINGTON","16211","March","2023","FL"
"3418","ALACHUA","184694","April","2023","FL"
"3419","BAKER","18016","April","2023","FL"
"3420","BAY","128550","April","2023","FL"
"3421","BRADFORD","18241","April","2023","FL"
"3422","BREVARD","461039","April","2023","FL"
"3423","BROWARD","1262907","April","2023","FL"
"3424","CALHOUN","8097","April","2023","FL"
"3425","CHARLOTTE","154054","April","2023","FL"
"3426","CITRUS","123072","April","2023","FL"
"3427","CLAY","164092","April","2023","FL"
"3428","COLLIER","262416","April","2023","FL"
"3429","COLUMBIA","38343","April","2023","FL"
"3430","DESOTO","18543","April","2023","FL"
"3431","DIXIE","10721","April","2023","FL"
"3432","DUVAL","659943","April","2023","FL"
"3433","ESCAMBIA","220311","April","2023","FL"
"3434","FLAGLER","98169","April","2023","FL"
"3435","FRANKLIN","8077","April","2023","FL"
"3436","GADSDEN","29538","April","2023","FL"
"3437","GILCHRIST","12313","April","2023","FL"
"3438","GLADES","7120","April","2023","FL"
"3439","GULF","10308","April","2023","FL"
"3440","HAMILTON","7759","April","2023","FL"
"3441","HARDEE","13569","April","2023","FL"
"3442","HENDRY","18244","April","2023","FL"
"3443","HERNANDO","147611","April","2023","FL"
"3444","HIGHLANDS","70290","April","2023","FL"
"3445","HILLSBOROUGH","924529","April","2023","FL"
"3446","HOLMES","11568","April","2023","FL"
"3447","INDIAN RIVER","112214","April","2023","FL"
"3448","JACKSON","28188","April","2023","FL"
"3449","JEFFERSON","9551","April","2023","FL"
"3450","LAFAYETTE","4536","April","2023","FL"
"3451","LAKE","281383","April","2023","FL"
"3452","LEE","523382","April","2023","FL"
"3453","LEON","206466","April","2023","FL"
"3454","LEVY","30994","April","2023","FL"
"3455","LIBERTY","4393","April","2023","FL"
"3456","MADISON","11568","April","2023","FL"
"3457","MANATEE","284459","April","2023","FL"
"3458","MARION","276043","April","2023","FL"
"3459","MARTIN","120206","April","2023","FL"
"3460","MIAMI-DADE","1486575","April","2023","FL"
"3461","MONROE","52096","April","2023","FL"
"3462","NASSAU","77085","April","2023","FL"
"3463","OKALOOSA","147198","April","2023","FL"
"3464","OKEECHOBEE","19004","April","2023","FL"
"3465","ORANGE","858857","April","2023","FL"
"3466","OSCEOLA","246913","April","2023","FL"
"3467","PALM BEACH","984651","April","2023","FL"
"3468","PASCO","405563","April","2023","FL"
"3469","PINELLAS","682740","April","2023","FL"
"3470","POLK","462020","April","2023","FL"
"3471","PUTNAM","51484","April","2023","FL"
"3472","SANTA ROSA","149479","April","2023","FL"
"3473","SARASOTA","358330","April","2023","FL"
"3474","SEMINOLE","346433","April","2023","FL"
"3475","ST. JOHNS","225229","April","2023","FL"
"3476","ST. LUCIE","242230","April","2023","FL"
"3477","SUMTER","120842","April","2023","FL"
"3478","SUWANNEE","29007","April","2023","FL"
"3479","TAYLOR","12832","April","2023","FL"
"3480","UNION","7666","April","2023","FL"
"3481","VOLUSIA","398145","April","2023","FL"
"3482","WAKULLA","24058","April","2023","FL"
"3483","WALTON","59025","April","2023","FL"
"3484","WASHINGTON","16266","April","2023","FL"
"3485","ALACHUA","184893","May","2023","FL"
"3486","BAKER","18114","May","2023","FL"
"3487","BAY","128843","May","2023","FL"
"3488","BRADFORD","18300","May","2023","FL"
"3489","BREVARD","461145","May","2023","FL"
"3490","BROWARD","1268259","May","2023","FL"
"3491","CALHOUN","7930","May","2023","FL"
"3492","CHARLOTTE","154659","May","2023","FL"
"3493","CITRUS","123526","May","2023","FL"
"3494","CLAY","164907","May","2023","FL"
"3495","COLLIER","262240","May","2023","FL"
"3496","COLUMBIA","38600","May","2023","FL"
"3497","DESOTO","18583","May","2023","FL"
"3498","DIXIE","10729","May","2023","FL"
"3499","DUVAL","660663","May","2023","FL"
"3500","ESCAMBIA","220493","May","2023","FL"
"3501","FLAGLER","98665","May","2023","FL"
"3502","FRANKLIN","8093","May","2023","FL"
"3503","GADSDEN","29009","May","2023","FL"
"3504","GILCHRIST","12387","May","2023","FL"
"3505","GLADES","7155","May","2023","FL"
"3506","GULF","10354","May","2023","FL"
"3507","HAMILTON","7784","May","2023","FL"
"3508","HARDEE","13601","May","2023","FL"
"3509","HENDRY","16475","May","2023","FL"
"3510","HERNANDO","148523","May","2023","FL"
"3511","HIGHLANDS","70019","May","2023","FL"
"3512","HILLSBOROUGH","924664","May","2023","FL"
"3513","HOLMES","11523","May","2023","FL"
"3514","INDIAN RIVER","112739","May","2023","FL"
"3515","JACKSON","28269","May","2023","FL"
"3516","JEFFERSON","9530","May","2023","FL"
"3517","LAFAYETTE","4540","May","2023","FL"
"3518","LAKE","282223","May","2023","FL"
"3519","LEE","518100","May","2023","FL"
"3520","LEON","206719","May","2023","FL"
"3521","LEVY","31132","May","2023","FL"
"3522","LIBERTY","4407","May","2023","FL"
"3523","MADISON","11569","May","2023","FL"
"3524","MANATEE","284649","May","2023","FL"
"3525","MARION","275129","May","2023","FL"
"3526","MARTIN","118839","May","2023","FL"
"3527","MIAMI-DADE","1480868","May","2023","FL"
"3528","MONROE","52081","May","2023","FL"
"3529","NASSAU","77557","May","2023","FL"
"3530","OKALOOSA","147510","May","2023","FL"
"3531","OKEECHOBEE","19107","May","2023","FL"
"3532","ORANGE","829416","May","2023","FL"
"3533","OSCEOLA","246636","May","2023","FL"
"3534","PALM BEACH","987341","May","2023","FL"
"3535","PASCO","407106","May","2023","FL"
"3536","PINELLAS","680076","May","2023","FL"
"3537","POLK","464259","May","2023","FL"
"3538","PUTNAM","51663","May","2023","FL"
"3539","SANTA ROSA","146764","May","2023","FL"
"3540","SARASOTA","359369","May","2023","FL"
"3541","SEMINOLE","345997","May","2023","FL"
"3542","ST. JOHNS","226017","May","2023","FL"
"3543","ST. LUCIE","243203","May","2023","FL"
"3544","SUMTER","121009","May","2023","FL"
"3545","SUWANNEE","29111","May","2023","FL"
"3546","TAYLOR","12839","May","2023","FL"
"3547","UNION","7663","May","2023","FL"
"3548","VOLUSIA","399456","May","2023","FL"
"3549","WAKULLA","24065","May","2023","FL"
"3550","WALTON","58481","May","2023","FL"
"3551","WASHINGTON","16310","May","2023","FL"
"3552","ALACHUA","184919","June","2023","FL"
"3553","BAKER","18171","June","2023","FL"
"3554","BAY","128779","June","2023","FL"
"3555","BRADFORD","18384","June","2023","FL"
"3556","BREVARD","457985","June","2023","FL"
"3557","BROWARD","1269947","June","2023","FL"
"3558","CALHOUN","7863","June","2023","FL"
"3559","CHARLOTTE","155903","June","2023","FL"
"3560","CITRUS","124090","June","2023","FL"
"3561","CLAY","163852","June","2023","FL"
"3562","COLLIER","261376","June","2023","FL"
"3563","COLUMBIA","38764","June","2023","FL"
"3564","DESOTO","18690","June","2023","FL"
"3565","DIXIE","10739","June","2023","FL"
"3566","DUVAL","644133","June","2023","FL"
"3567","ESCAMBIA","221108","June","2023","FL"
"3568","FLAGLER","99077","June","2023","FL"
"3569","FRANKLIN","8051","June","2023","FL"
"3570","GADSDEN","29014","June","2023","FL"
"3571","GILCHRIST","12407","June","2023","FL"
"3572","GLADES","7177","June","2023","FL"
"3573","GULF","10382","June","2023","FL"
"3574","HAMILTON","7803","June","2023","FL"
"3575","HARDEE","13606","June","2023","FL"
"3576","HENDRY","16587","June","2023","FL"
"3577","HERNANDO","135948","June","2023","FL"
"3578","HIGHLANDS","69367","June","2023","FL"
"3579","HILLSBOROUGH","924693","June","2023","FL"
"3580","HOLMES","11483","June","2023","FL"
"3581","INDIAN RIVER","113228","June","2023","FL"
"3582","JACKSON","28338","June","2023","FL"
"3583","JEFFERSON","9538","June","2023","FL"
"3584","LAFAYETTE","4556","June","2023","FL"
"3585","LAKE","243788","June","2023","FL"
"3586","LEE","510014","June","2023","FL"
"3587","LEON","198379","June","2023","FL"
"3588","LEVY","30842","June","2023","FL"
"3589","LIBERTY","4405","June","2023","FL"
"3590","MADISON","11595","June","2023","FL"
"3591","MANATEE","283525","June","2023","FL"
"3592","MARION","275909","June","2023","FL"
"3593","MARTIN","113059","June","2023","FL"
"3594","MIAMI-DADE","1482703","June","2023","FL"
"3595","MONROE","50693","June","2023","FL"
"3596","NASSAU","76723","June","2023","FL"
"3597","OKALOOSA","143645","June","2023","FL"
"3598","OKEECHOBEE","18835","June","2023","FL"
"3599","ORANGE","812386","June","2023","FL"
"3600","OSCEOLA","211619","June","2023","FL"
"3601","PALM BEACH","945751","June","2023","FL"
"3602","PASCO","365891","June","2023","FL"
"3603","PINELLAS","676177","June","2023","FL"
"3604","POLK","466132","June","2023","FL"
"3605","PUTNAM","51694","June","2023","FL"
"3606","SANTA ROSA","147492","June","2023","FL"
"3607","SARASOTA","356166","June","2023","FL"
"3608","SEMINOLE","341873","June","2023","FL"
"3609","ST. JOHNS","226292","June","2023","FL"
"3610","ST. LUCIE","244153","June","2023","FL"
"3611","SUMTER","120210","June","2023","FL"
"3612","SUWANNEE","29189","June","2023","FL"
"3613","TAYLOR","12848","June","2023","FL"
"3614","UNION","7626","June","2023","FL"
"3615","VOLUSIA","397946","June","2023","FL"
"3616","WAKULLA","23925","June","2023","FL"
"3617","WALTON","58541","June","2023","FL"
"3618","WASHINGTON","16380","June","2023","FL"
"3619","ALACHUA","170375","July","2023","FL"
"3620","BAKER","18204","July","2023","FL"
"3621","BAY","125907","July","2023","FL"
"3622","BRADFORD","18183","July","2023","FL"
"3623","BREVARD","455622","July","2023","FL"
"3624","BROWARD","1271565","July","2023","FL"
"3625","CALHOUN","7886","July","2023","FL"
"3626","CHARLOTTE","156359","July","2023","FL"
"3627","CITRUS","112696","July","2023","FL"
"3628","CLAY","164574","July","2023","FL"
"3629","COLLIER","252065","July","2023","FL"
"3630","COLUMBIA","38510","July","2023","FL"
"3631","DESOTO","18716","July","2023","FL"
"3632","DIXIE","10731","July","2023","FL"
"3633","DUVAL","646305","July","2023","FL"
"3634","ESCAMBIA","220910","July","2023","FL"
"3635","FLAGLER","98158","July","2023","FL"
"3636","FRANKLIN","8064","July","2023","FL"
"3637","GADSDEN","25578","July","2023","FL"
"3638","GILCHRIST","12435","July","2023","FL"
"3639","GLADES","7213","July","2023","FL"
"3640","GULF","10442","July","2023","FL"
"3641","HAMILTON","6701","July","2023","FL"
"3642","HARDEE","13613","July","2023","FL"
"3643","HENDRY","16663","July","2023","FL"
"3644","HERNANDO","135619","July","2023","FL"
"3645","HIGHLANDS","62733","July","2023","FL"
"3646","HILLSBOROUGH","920389","July","2023","FL"
"3647","HOLMES","11552","July","2023","FL"
"3648","INDIAN RIVER","113657","July","2023","FL"
"3649","JACKSON","28462","July","2023","FL"
"3650","JEFFERSON","9621","July","2023","FL"
"3651","LAFAYETTE","4568","July","2023","FL"
"3652","LAKE","220160","July","2023","FL"
"3653","LEE","511449","July","2023","FL"
"3654","LEON","197594","July","2023","FL"
"3655","LEVY","30690","July","2023","FL"
"3656","LIBERTY","4418","July","2023","FL"
"3657","MADISON","11609","July","2023","FL"
"3658","MANATEE","284829","July","2023","FL"
"3659","MARION","275489","July","2023","FL"
"3660","MARTIN","113373","July","2023","FL"
"3661","MIAMI-DADE","1475245","July","2023","FL"
"3662","MONROE","50834","July","2023","FL"
"3663","NASSAU","77108","July","2023","FL"
"3664","OKALOOSA","144049","July","2023","FL"
"3665","OKEECHOBEE","18924","July","2023","FL"
"3666","ORANGE","790267","July","2023","FL"
"3667","OSCEOLA","213109","July","2023","FL"
"3668","PALM BEACH","945030","July","2023","FL"
"3669","PASCO","368855","July","2023","FL"
"3670","PINELLAS","676866","July","2023","FL"
"3671","POLK","466411","July","2023","FL"
"3672","PUTNAM","51847","July","2023","FL"
"3673","SANTA ROSA","148655","July","2023","FL"
"3674","SARASOTA","350092","July","2023","FL"
"3675","SEMINOLE","338571","July","2023","FL"
"3676","ST. JOHNS","226618","July","2023","FL"
"3677","ST. LUCIE","245105","July","2023","FL"
"3678","SUMTER","120388","July","2023","FL"
"3679","SUWANNEE","25187","July","2023","FL"
"3680","TAYLOR","12821","July","2023","FL"
"3681","UNION","7624","July","2023","FL"
"3682","VOLUSIA","399627","July","2023","FL"
"3683","WAKULLA","22283","July","2023","FL"
"3684","WALTON","58831","July","2023","FL"
"3685","WASHINGTON","16496","July","2023","FL"
"3686","ALACHUA","171097","August","2023","FL"
"3687","BAKER","18244","August","2023","FL"
"3688","BAY","123845","August","2023","FL"
"3689","BRADFORD","18179","August","2023","FL"
"3690","BREVARD","417018","August","2023","FL"
"3691","BROWARD","1273242","August","2023","FL"
"3692","CALHOUN","7892","August","2023","FL"
"3693","CHARLOTTE","156702","August","2023","FL"
"3694","CITRUS","112306","August","2023","FL"
"3695","CLAY","163400","August","2023","FL"
"3696","COLLIER","252966","August","2023","FL"
"3697","COLUMBIA","38642","August","2023","FL"
"3698","DESOTO","18777","August","2023","FL"
"3699","DIXIE","10737","August","2023","FL"
"3700","DUVAL","648146","August","2023","FL"
"3701","ESCAMBIA","221076","August","2023","FL"
"3702","FLAGLER","98298","August","2023","FL"
"3703","FRANKLIN","8091","August","2023","FL"
"3704","GADSDEN","25671","August","2023","FL"
"3705","GILCHRIST","12352","August","2023","FL"
"3706","GLADES","7223","August","2023","FL"
"3707","GULF","10482","August","2023","FL"
"3708","HAMILTON","6738","August","2023","FL"
"3709","HARDEE","13666","August","2023","FL"
"3710","HENDRY","16768","August","2023","FL"
"3711","HERNANDO","134969","August","2023","FL"
"3712","HIGHLANDS","62983","August","2023","FL"
"3713","HILLSBOROUGH","922063","August","2023","FL"
"3714","HOLMES","11589","August","2023","FL"
"3715","INDIAN RIVER","114012","August","2023","FL"
"3716","JACKSON","28537","August","2023","FL"
"3717","JEFFERSON","9619","August","2023","FL"
"3718","LAFAYETTE","4581","August","2023","FL"
"3719","LAKE","223264","August","2023","FL"
"3720","LEE","512644","August","2023","FL"
"3721","LEON","197396","August","2023","FL"
"3722","LEVY","27567","August","2023","FL"
"3723","LIBERTY","4422","August","2023","FL"
"3724","MADISON","11613","August","2023","FL"
"3725","MANATEE","261318","August","2023","FL"
"3726","MARION","274185","August","2023","FL"
"3727","MARTIN","113695","August","2023","FL"
"3728","MIAMI-DADE","1460309","August","2023","FL"
"3729","MONROE","51036","August","2023","FL"
"3730","NASSAU","77486","August","2023","FL"
"3731","OKALOOSA","143060","August","2023","FL"
"3732","OKEECHOBEE","19005","August","2023","FL"
"3733","ORANGE","785554","August","2023","FL"
"3734","OSCEOLA","215279","August","2023","FL"
"3735","PALM BEACH","947817","August","2023","FL"
"3736","PASCO","369614","August","2023","FL"
"3737","PINELLAS","614260","August","2023","FL"
"3738","POLK","469591","August","2023","FL"
"3739","PUTNAM","51514","August","2023","FL"
"3740","SANTA ROSA","131160","August","2023","FL"
"3741","SARASOTA","349899","August","2023","FL"
"3742","SEMINOLE","340898","August","2023","FL"
"3743","ST. JOHNS","212559","August","2023","FL"
"3744","ST. LUCIE","243952","August","2023","FL"
"3745","SUMTER","120852","August","2023","FL"
"3746","SUWANNEE","25261","August","2023","FL"
"3747","TAYLOR","11046","August","2023","FL"
"3748","UNION","7674","August","2023","FL"
"3749","VOLUSIA","401041","August","2023","FL"
"3750","WAKULLA","22353","August","2023","FL"
"3751","WALTON","54157","August","2023","FL"
"3752","WASHINGTON","16538","August","2023","FL"
"3753","ALACHUA","152187","September","2023","FL"
"3754","BAKER","18314","September","2023","FL"
"3755","BAY","124308","September","2023","FL"
"3756","BRADFORD","18092","September","2023","FL"
"3757","BREVARD","418896","September","2023","FL"
"3758","BROWARD","1276403","September","2023","FL"
"3759","CALHOUN","7904","September","2023","FL"
"3760","CHARLOTTE","157212","September","2023","FL"
"3761","CITRUS","112694","September","2023","FL"
"3762","CLAY","158644","September","2023","FL"
"3763","COLLIER","253782","September","2023","FL"
"3764","COLUMBIA","38651","September","2023","FL"
"3765","DESOTO","18832","September","2023","FL"
"3766","DIXIE","10766","September","2023","FL"
"3767","DUVAL","637632","September","2023","FL"
"3768","ESCAMBIA","221606","September","2023","FL"
"3769","FLAGLER","89717","September","2023","FL"
"3770","FRANKLIN","8108","September","2023","FL"
"3771","GADSDEN","25732","September","2023","FL"
"3772","GILCHRIST","12384","September","2023","FL"
"3773","GLADES","7258","September","2023","FL"
"3774","GULF","10505","September","2023","FL"
"3775","HAMILTON","6751","September","2023","FL"
"3776","HARDEE","13705","September","2023","FL"
"3777","HENDRY","16883","September","2023","FL"
"3778","HERNANDO","135212","September","2023","FL"
"3779","HIGHLANDS","63248","September","2023","FL"
"3780","HILLSBOROUGH","912066","September","2023","FL"
"3781","HOLMES","11615","September","2023","FL"
"3782","INDIAN RIVER","114384","September","2023","FL"
"3783","JACKSON","28578","September","2023","FL"
"3784","JEFFERSON","9638","September","2023","FL"
"3785","LAFAYETTE","4587","September","2023","FL"
"3786","LAKE","225438","September","2023","FL"
"3787","LEE","467002","September","2023","FL"
"3788","LEON","197832","September","2023","FL"
"3789","LEVY","27670","September","2023","FL"
"3790","LIBERTY","4430","September","2023","FL"
"3791","MADISON","11618","September","2023","FL"
"3792","MANATEE","262643","September","2023","FL"
"3793","MARION","246449","September","2023","FL"
"3794","MARTIN","114300","September","2023","FL"
"3795","MIAMI-DADE","1458411","September","2023","FL"
"3796","MONROE","51270","September","2023","FL"
"3797","NASSAU","71897","September","2023","FL"
"3798","OKALOOSA","142514","September","2023","FL"
"3799","OKEECHOBEE","19149","September","2023","FL"
"3800","ORANGE","787302","September","2023","FL"
"3801","OSCEOLA","216626","September","2023","FL"
"3802","PALM BEACH","946548","September","2023","FL"
"3803","PASCO","371478","September","2023","FL"
"3804","PINELLAS","616519","September","2023","FL"
"3805","POLK","424466","September","2023","FL"
"3806","PUTNAM","49753","September","2023","FL"
"3807","SANTA ROSA","131914","September","2023","FL"
"3808","SARASOTA","350456","September","2023","FL"
"3809","SEMINOLE","341240","September","2023","FL"
"3810","ST. JOHNS","213532","September","2023","FL"
"3811","ST. LUCIE","245215","September","2023","FL"
"3812","SUMTER","121282","September","2023","FL"
"3813","SUWANNEE","25361","September","2023","FL"
"3814","TAYLOR","9661","September","2023","FL"
"3815","UNION","7681","September","2023","FL"
"3816","VOLUSIA","402506","September","2023","FL"
"3817","WAKULLA","22388","September","2023","FL"
"3818","WALTON","54782","September","2023","FL"
"3819","WASHINGTON","16578","September","2023","FL"
"3820","ALACHUA","153038","October","2023","FL"
"3821","BAKER","18280","October","2023","FL"
"3822","BAY","124627","October","2023","FL"
"3823","BRADFORD","17945","October","2023","FL"
"3824","BREVARD","420004","October","2023","FL"
"3825","BROWARD","1277202","October","2023","FL"
"3826","CALHOUN","7953","October","2023","FL"
"3827","CHARLOTTE","147950","October","2023","FL"
"3828","CITRUS","113285","October","2023","FL"
"3829","CLAY","145802","October","2023","FL"
"3830","COLLIER","254784","October","2023","FL"
"3831","COLUMBIA","38859","October","2023","FL"
"3832","DESOTO","18874","October","2023","FL"
"3833","DIXIE","10522","October","2023","FL"
"3834","DUVAL","640204","October","2023","FL"
"3835","ESCAMBIA","222171","October","2023","FL"
"3836","FLAGLER","90248","October","2023","FL"
"3837","FRANKLIN","8133","October","2023","FL"
"3838","GADSDEN","25934","October","2023","FL"
"3839","GILCHRIST","12446","October","2023","FL"
"3840","GLADES","7233","October","2023","FL"
"3841","GULF","10550","October","2023","FL"
"3842","HAMILTON","6762","October","2023","FL"
"3843","HARDEE","13719","October","2023","FL"
"3844","HENDRY","16978","October","2023","FL"
"3845","HERNANDO","136138","October","2023","FL"
"3846","HIGHLANDS","63513","October","2023","FL"
"3847","HILLSBOROUGH","816579","October","2023","FL"
"3848","HOLMES","11653","October","2023","FL"
"3849","INDIAN RIVER","114891","October","2023","FL"
"3850","JACKSON","27581","October","2023","FL"
"3851","JEFFERSON","9597","October","2023","FL"
"3852","LAFAYETTE","4585","October","2023","FL"
"3853","LAKE","227367","October","2023","FL"
"3854","LEE","468964","October","2023","FL"
"3855","LEON","196382","October","2023","FL"
"3856","LEVY","27811","October","2023","FL"
"3857","LIBERTY","4434","October","2023","FL"
"3858","MADISON","11644","October","2023","FL"
"3859","MANATEE","262889","October","2023","FL"
"3860","MARION","247897","October","2023","FL"
"3861","MARTIN","114672","October","2023","FL"
"3862","MIAMI-DADE","1451403","October","2023","FL"
"3863","MONROE","51505","October","2023","FL"
"3864","NASSAU","72335","October","2023","FL"
"3865","OKALOOSA","143018","October","2023","FL"
"3866","OKEECHOBEE","19170","October","2023","FL"
"3867","ORANGE","790710","October","2023","FL"
"3868","OSCEOLA","218371","October","2023","FL"
"3869","PALM BEACH","848358","October","2023","FL"
"3870","PASCO","372377","October","2023","FL"
"3871","PINELLAS","618638","October","2023","FL"
"3872","POLK","427792","October","2023","FL"
"3873","PUTNAM","42018","October","2023","FL"
"3874","SANTA ROSA","132648","October","2023","FL"
"3875","SARASOTA","351541","October","2023","FL"
"3876","SEMINOLE","341376","October","2023","FL"
"3877","ST. JOHNS","214810","October","2023","FL"
"3878","ST. LUCIE","246070","October","2023","FL"
"3879","SUMTER","121848","October","2023","FL"
"3880","SUWANNEE","25492","October","2023","FL"
"3881","TAYLOR","9737","October","2023","FL"
"3882","UNION","7701","October","2023","FL"
"3883","VOLUSIA","401923","October","2023","FL"
"3884","WAKULLA","22486","October","2023","FL"
"3885","WALTON","55209","October","2023","FL"
"3886","WASHINGTON","16647","October","2023","FL"
"3887","ALACHUA","153854","November","2023","FL"
"3888","BAKER","18150","November","2023","FL"
"3889","BAY","124320","November","2023","FL"
"3890","BRADFORD","17656","November","2023","FL"
"3891","BREVARD","419353","November","2023","FL"
"3892","BROWARD","1277857","November","2023","FL"
"3893","CALHOUN","7958","November","2023","FL"
"3894","CHARLOTTE","148704","November","2023","FL"
"3895","CITRUS","113887","November","2023","FL"
"3896","CLAY","145911","November","2023","FL"
"3897","COLLIER","255129","November","2023","FL"
"3898","COLUMBIA","39218","November","2023","FL"
"3899","DESOTO","18930","November","2023","FL"
"3900","DIXIE","10547","November","2023","FL"
"3901","DUVAL","638055","November","2023","FL"
"3902","ESCAMBIA","222896","November","2023","FL"
"3903","FLAGLER","90793","November","2023","FL"
"3904","FRANKLIN","6564","November","2023","FL"
"3905","GADSDEN","26129","November","2023","FL"
"3906","GILCHRIST","12479","November","2023","FL"
"3907","GLADES","7256","November","2023","FL"
"3908","GULF","10586","November","2023","FL"
"3909","HAMILTON","6809","November","2023","FL"
"3910","HARDEE","12533","November","2023","FL"
"3911","HENDRY","17029","November","2023","FL"
"3912","HERNANDO","136530","November","2023","FL"
"3913","HIGHLANDS","63695","November","2023","FL"
"3914","HILLSBOROUGH","814954","November","2023","FL"
"3915","HOLMES","11683","November","2023","FL"
"3916","INDIAN RIVER","115253","November","2023","FL"
"3917","JACKSON","27640","November","2023","FL"
"3918","JEFFERSON","9574","November","2023","FL"
"3919","LAFAYETTE","4591","November","2023","FL"
"3920","LAKE","229501","November","2023","FL"
"3921","LEE","469324","November","2023","FL"
"3922","LEON","196213","November","2023","FL"
"3923","LEVY","27863","November","2023","FL"
"3924","LIBERTY","4439","November","2023","FL"
"3925","MADISON","11667","November","2023","FL"
"3926","MANATEE","264339","November","2023","FL"
"3927","MARION","249288","November","2023","FL"
"3928","MARTIN","115085","November","2023","FL"
"3929","MIAMI-DADE","1443330","November","2023","FL"
"3930","MONROE","51706","November","2023","FL"
"3931","NASSAU","72733","November","2023","FL"
"3932","OKALOOSA","143306","November","2023","FL"
"3933","OKEECHOBEE","19249","November","2023","FL"
"3934","ORANGE","794063","November","2023","FL"
"3935","OSCEOLA","219596","November","2023","FL"
"3936","PALM BEACH","852353","November","2023","FL"
"3937","PASCO","373786","November","2023","FL"
"3938","PINELLAS","620540","November","2023","FL"
"3939","POLK","430611","November","2023","FL"
"3940","PUTNAM","42224","November","2023","FL"
"3941","SANTA ROSA","133392","November","2023","FL"
"3942","SARASOTA","321573","November","2023","FL"
"3943","SEMINOLE","341499","November","2023","FL"
"3944","ST. JOHNS","215315","November","2023","FL"
"3945","ST. LUCIE","246989","November","2023","FL"
"3946","SUMTER","122396","November","2023","FL"
"3947","SUWANNEE","25610","November","2023","FL"
"3948","TAYLOR","9842","November","2023","FL"
"3949","UNION","7717","November","2023","FL"
"3950","VOLUSIA","403348","November","2023","FL"
"3951","WAKULLA","22500","November","2023","FL"
"3952","WALTON","55548","November","2023","FL"
"3953","WASHINGTON","16667","November","2023","FL"
"3954","ALACHUA","154287","December","2023","FL"
"3955","BAKER","18182","December","2023","FL"
"3956","BAY","124859","December","2023","FL"
"3957","BRADFORD","17678","December","2023","FL"
"3958","BREVARD","421022","December","2023","FL"
"3959","BROWARD","1090058","December","2023","FL"
"3960","CALHOUN","7968","December","2023","FL"
"3961","CHARLOTTE","149275","December","2023","FL"
"3962","CITRUS","114456","December","2023","FL"
"3963","CLAY","146400","December","2023","FL"
"3964","COLLIER","256041","December","2023","FL"
"3965","COLUMBIA","39278","December","2023","FL"
"3966","DESOTO","18971","December","2023","FL"
"3967","DIXIE","10559","December","2023","FL"
"3968","DUVAL","638282","December","2023","FL"
"3969","ESCAMBIA","223449","December","2023","FL"
"3970","FLAGLER","91293","December","2023","FL"
"3971","FRANKLIN","6604","December","2023","FL"
"3972","GADSDEN","26242","December","2023","FL"
"3973","GILCHRIST","12493","December","2023","FL"
"3974","GLADES","7277","December","2023","FL"
"3975","GULF","10636","December","2023","FL"
"3976","HAMILTON","6819","December","2023","FL"
"3977","HARDEE","12552","December","2023","FL"
"3978","HENDRY","17119","December","2023","FL"
"3979","HERNANDO","136980","December","2023","FL"
"3980","HIGHLANDS","63887","December","2023","FL"
"3981","HILLSBOROUGH","816944","December","2023","FL"
"3982","HOLMES","11705","December","2023","FL"
"3983","INDIAN RIVER","115563","December","2023","FL"
"3984","JACKSON","25595","December","2023","FL"
"3985","JEFFERSON","9556","December","2023","FL"
"3986","LAFAYETTE","4100","December","2023","FL"
"3987","LAKE","228500","December","2023","FL"
"3988","LEE","471228","December","2023","FL"
"3989","LEON","196371","December","2023","FL"
"3990","LEVY","27877","December","2023","FL"
"3991","LIBERTY","4431","December","2023","FL"
"3992","MADISON","11674","December","2023","FL"
"3993","MANATEE","265953","December","2023","FL"
"3994","MARION","250641","December","2023","FL"
"3995","MARTIN","115375","December","2023","FL"
"3996","MIAMI-DADE","1437859","December","2023","FL"
"3997","MONROE","51841","December","2023","FL"
"3998","NASSAU","72839","December","2023","FL"
"3999","OKALOOSA","143333","December","2023","FL"
"4000","OKEECHOBEE","19372","December","2023","FL"
"4001","ORANGE","796060","December","2023","FL"
"4002","OSCEOLA","220386","December","2023","FL"
"4003","PALM BEACH","855194","December","2023","FL"
"4004","PASCO","375491","December","2023","FL"
"4005","PINELLAS","617280","December","2023","FL"
"4006","POLK","433060","December","2023","FL"
"4007","PUTNAM","42424","December","2023","FL"
"4008","SANTA ROSA","133791","December","2023","FL"
"4009","SARASOTA","322389","December","2023","FL"
"4010","SEMINOLE","341348","December","2023","FL"
"4011","ST. JOHNS","216494","December","2023","FL"
"4012","ST. LUCIE","227590","December","2023","FL"
"4013","SUMTER","122705","December","2023","FL"
"4014","SUWANNEE","25703","December","2023","FL"
"4015","TAYLOR","9956","December","2023","FL"
"4016","UNION","7711","December","2023","FL"
"4017","VOLUSIA","404502","December","2023","FL"
"4018","WAKULLA","22594","December","2023","FL"
"4019","WALTON","55812","December","2023","FL"
"4020","WASHINGTON","16495","December","2023","FL"
"4021","ALACHUA","155113","January","2024","FL"
"4022","BAKER","18250","January","2024","FL"
"4023","BAY","125556","January","2024","FL"
"4024","BRADFORD","17746","January","2024","FL"
"4025","BREVARD","423228","January","2024","FL"
"4026","BROWARD","1094480","January","2024","FL"
"4027","CALHOUN","8012","January","2024","FL"
"4028","CHARLOTTE","150104","January","2024","FL"
"4029","CITRUS","115009","January","2024","FL"
"4030","CLAY","147085","January","2024","FL"
"4031","COLLIER","257212","January","2024","FL"
"4032","COLUMBIA","39457","January","2024","FL"
"4033","DESOTO","19022","January","2024","FL"
"4034","DIXIE","10617","January","2024","FL"
"4035","DUVAL","641186","January","2024","FL"
"4036","ESCAMBIA","224212","January","2024","FL"
"4037","FLAGLER","91931","January","2024","FL"
"4038","FRANKLIN","6637","January","2024","FL"
"4039","GADSDEN","26267","January","2024","FL"
"4040","GILCHRIST","12611","January","2024","FL"
"4041","GLADES","7325","January","2024","FL"
"4042","GULF","10693","January","2024","FL"
"4043","HAMILTON","6837","January","2024","FL"
"4044","HARDEE","12595","January","2024","FL"
"4045","HENDRY","17253","January","2024","FL"
"4046","HERNANDO","137569","January","2024","FL"
"4047","HIGHLANDS","64160","January","2024","FL"
"4048","HILLSBOROUGH","821328","January","2024","FL"
"4049","HOLMES","11734","January","2024","FL"
"4050","INDIAN RIVER","116035","January","2024","FL"
"4051","JACKSON","25683","January","2024","FL"
"4052","JEFFERSON","9589","January","2024","FL"
"4053","LAFAYETTE","4102","January","2024","FL"
"4054","LAKE","230601","January","2024","FL"
"4055","LEE","473381","January","2024","FL"
"4056","LEON","196937","January","2024","FL"
"4057","LEVY","28011","January","2024","FL"
"4058","LIBERTY","4435","January","2024","FL"
"4059","MADISON","11710","January","2024","FL"
"4060","MANATEE","267656","January","2024","FL"
"4061","MARION","252124","January","2024","FL"
"4062","MARTIN","115755","January","2024","FL"
"4063","MIAMI-DADE","1437383","January","2024","FL"
"4064","MONROE","52021","January","2024","FL"
"4065","NASSAU","73311","January","2024","FL"
"4066","OKALOOSA","143702","January","2024","FL"
"4067","OKEECHOBEE","19501","January","2024","FL"
"4068","ORANGE","798765","January","2024","FL"
"4069","OSCEOLA","221891","January","2024","FL"
"4070","PALM BEACH","859188","January","2024","FL"
"4071","PASCO","377574","January","2024","FL"
"4072","PINELLAS","619191","January","2024","FL"
"4073","POLK","435535","January","2024","FL"
"4074","PUTNAM","42727","January","2024","FL"
"4075","SANTA ROSA","134612","January","2024","FL"
"4076","SARASOTA","323700","January","2024","FL"
"4077","SEMINOLE","342316","January","2024","FL"
"4078","ST. JOHNS","217780","January","2024","FL"
"4079","ST. LUCIE","229088","January","2024","FL"
"4080","SUMTER","123146","January","2024","FL"
"4081","SUWANNEE","25806","January","2024","FL"
"4082","TAYLOR","10033","January","2024","FL"
"4083","UNION","7718","January","2024","FL"
"4084","VOLUSIA","405954","January","2024","FL"
"4085","WAKULLA","22674","January","2024","FL"
"4086","WALTON","56216","January","2024","FL"
"4087","WASHINGTON","16550","January","2024","FL"
"4088","ALACHUA","155797","February","2024","FL"
"4089","BAKER","18322","February","2024","FL"
"4090","BAY","126314","February","2024","FL"
"4091","BRADFORD","17785","February","2024","FL"
"4092","BREVARD","425325","February","2024","FL"
"4093","BROWARD","1099060","February","2024","FL"
"4094","CALHOUN","8052","February","2024","FL"
"4095","CHARLOTTE","150818","February","2024","FL"
"4096","CITRUS","115739","February","2024","FL"
"4097","CLAY","147856","February","2024","FL"
"4098","COLLIER","258402","February","2024","FL"
"4099","COLUMBIA","39666","February","2024","FL"
"4100","DESOTO","19091","February","2024","FL"
"4101","DIXIE","10703","February","2024","FL"
"4102","DUVAL","642785","February","2024","FL"
"4103","ESCAMBIA","205368","February","2024","FL"
"4104","FLAGLER","92573","February","2024","FL"
"4105","FRANKLIN","6731","February","2024","FL"
"4106","GADSDEN","26391","February","2024","FL"
"4107","GILCHRIST","12702","February","2024","FL"
"4108","GLADES","7389","February","2024","FL"
"4109","GULF","10745","February","2024","FL"
"4110","HAMILTON","6873","February","2024","FL"
"4111","HARDEE","12627","February","2024","FL"
"4112","HENDRY","16968","February","2024","FL"
"4113","HERNANDO","137830","February","2024","FL"
"4114","HIGHLANDS","64453","February","2024","FL"
"4115","HILLSBOROUGH","825107","February","2024","FL"
"4116","HOLMES","11767","February","2024","FL"
"4117","INDIAN RIVER","116459","February","2024","FL"
"4118","JACKSON","25855","February","2024","FL"
"4119","JEFFERSON","9625","February","2024","FL"
"4120","LAFAYETTE","4118","February","2024","FL"
"4121","LAKE","232423","February","2024","FL"
"4122","LEE","475732","February","2024","FL"
"4123","LEON","197099","February","2024","FL"
"4124","LEVY","28143","February","2024","FL"
"4125","LIBERTY","4435","February","2024","FL"
"4126","MADISON","11778","February","2024","FL"
"4127","MANATEE","269223","February","2024","FL"
"4128","MARION","253629","February","2024","FL"
"4129","MARTIN","116149","February","2024","FL"
"4130","MIAMI-DADE","1443510","February","2024","FL"
"4131","MONROE","51886","February","2024","FL"
"4132","NASSAU","73679","February","2024","FL"
"4133","OKALOOSA","144420","February","2024","FL"
"4134","OKEECHOBEE","19627","February","2024","FL"
"4135","ORANGE","800873","February","2024","FL"
"4136","OSCEOLA","223698","February","2024","FL"
"4137","PALM BEACH","863131","February","2024","FL"
"4138","PASCO","379646","February","2024","FL"
"4139","PINELLAS","621314","February","2024","FL"
"4140","POLK","437983","February","2024","FL"
"4141","PUTNAM","42995","February","2024","FL"
"4142","SANTA ROSA","135526","February","2024","FL"
"4143","SARASOTA","324886","February","2024","FL"
"4144","SEMINOLE","343149","February","2024","FL"
"4145","ST. JOHNS","219099","February","2024","FL"
"4146","ST. LUCIE","230347","February","2024","FL"
"4147","SUMTER","123494","February","2024","FL"
"4148","SUWANNEE","25936","February","2024","FL"
"4149","TAYLOR","10188","February","2024","FL"
"4150","UNION","7708","February","2024","FL"
"4151","VOLUSIA","407464","February","2024","FL"
"4152","WAKULLA","22800","February","2024","FL"
"4153","WALTON","56634","February","2024","FL"
"4154","WASHINGTON","16452","February","2024","FL"
"4155","ALACHUA","156511","March","2024","FL"
"4156","BAKER","18359","March","2024","FL"
"4157","BAY","126910","March","2024","FL"
"4158","BRADFORD","17773","March","2024","FL"
"4159","BREVARD","426918","March","2024","FL"
"4160","BROWARD","1102970","March","2024","FL"
"4161","CALHOUN","8068","March","2024","FL"
"4162","CHARLOTTE","149698","March","2024","FL"
"4163","CITRUS","116139","March","2024","FL"
"4164","CLAY","148604","March","2024","FL"
"4165","COLLIER","259513","March","2024","FL"
"4166","COLUMBIA","39948","March","2024","FL"
"4167","DESOTO","19122","March","2024","FL"
"4168","DIXIE","10742","March","2024","FL"
"4169","DUVAL","643800","March","2024","FL"
"4170","ESCAMBIA","206324","March","2024","FL"
"4171","FLAGLER","93016","March","2024","FL"
"4172","FRANKLIN","6808","March","2024","FL"
"4173","GADSDEN","26541","March","2024","FL"
"4174","GILCHRIST","12732","March","2024","FL"
"4175","GLADES","7431","March","2024","FL"
"4176","GULF","10824","March","2024","FL"
"4177","HAMILTON","6910","March","2024","FL"
"4178","HARDEE","12673","March","2024","FL"
"4179","HENDRY","14310","March","2024","FL"
"4180","HERNANDO","137918","March","2024","FL"
"4181","HIGHLANDS","64787","March","2024","FL"
"4182","HILLSBOROUGH","823567","March","2024","FL"
"4183","HOLMES","10983","March","2024","FL"
"4184","INDIAN RIVER","116935","March","2024","FL"
"4185","JACKSON","25977","March","2024","FL"
"4186","JEFFERSON","9686","March","2024","FL"
"4187","LAFAYETTE","4103","March","2024","FL"
"4188","LAKE","234595","March","2024","FL"
"4189","LEE","476043","March","2024","FL"
"4190","LEON","196676","March","2024","FL"
"4191","LEVY","28194","March","2024","FL"
"4192","LIBERTY","4462","March","2024","FL"
"4193","MADISON","11738","March","2024","FL"
"4194","MANATEE","270876","March","2024","FL"
"4195","MARION","255407","March","2024","FL"
"4196","MARTIN","116267","March","2024","FL"
"4197","MIAMI-DADE","1448225","March","2024","FL"
"4198","MONROE","52105","March","2024","FL"
"4199","NASSAU","74152","March","2024","FL"
"4200","OKALOOSA","144481","March","2024","FL"
"4201","OKEECHOBEE","19775","March","2024","FL"
"4202","ORANGE","804489","March","2024","FL"
"4203","OSCEOLA","223746","March","2024","FL"
"4204","PALM BEACH","855985","March","2024","FL"
"4205","PASCO","381610","March","2024","FL"
"4206","PINELLAS","621934","March","2024","FL"
"4207","POLK","440990","March","2024","FL"
"4208","PUTNAM","43329","March","2024","FL"
"4209","SANTA ROSA","136020","March","2024","FL"
"4210","SARASOTA","326456","March","2024","FL"
"4211","SEMINOLE","344154","March","2024","FL"
"4212","ST. JOHNS","219931","March","2024","FL"
"4213","ST. LUCIE","231957","March","2024","FL"
"4214","SUMTER","123335","March","2024","FL"
"4215","SUWANNEE","26073","March","2024","FL"
"4216","TAYLOR","10158","March","2024","FL"
"4217","UNION","7730","March","2024","FL"
"4218","VOLUSIA","408108","March","2024","FL"
"4219","WAKULLA","22785","March","2024","FL"
"4220","WALTON","56741","March","2024","FL"
"4221","WASHINGTON","16518","March","2024","FL"
"4222","ALACHUA","157544","April","2024","FL"
"4223","BAKER","18419","April","2024","FL"
"4224","BAY","126852","April","2024","FL"
"4225","BRADFORD","17820","April","2024","FL"
"4226","BREVARD","427781","April","2024","FL"
"4227","BROWARD","1108269","April","2024","FL"
"4228","CALHOUN","8036","April","2024","FL"
"4229","CHARLOTTE","150772","April","2024","FL"
"4230","CITRUS","115350","April","2024","FL"
"4231","CLAY","148586","April","2024","FL"
"4232","COLLIER","258455","April","2024","FL"
"4233","COLUMBIA","40279","April","2024","FL"
"4234","DESOTO","19272","April","2024","FL"
"4235","DIXIE","10788","April","2024","FL"
"4236","DUVAL","645729","April","2024","FL"
"4237","ESCAMBIA","206833","April","2024","FL"
"4238","FLAGLER","93008","April","2024","FL"
"4239","FRANKLIN","6832","April","2024","FL"
"4240","GADSDEN","26659","April","2024","FL"
"4241","GILCHRIST","12819","April","2024","FL"
"4242","GLADES","7407","April","2024","FL"
"4243","GULF","10898","April","2024","FL"
"4244","HAMILTON","6905","April","2024","FL"
"4245","HARDEE","12735","April","2024","FL"
"4246","HENDRY","14557","April","2024","FL"
"4247","HERNANDO","139258","April","2024","FL"
"4248","HIGHLANDS","64675","April","2024","FL"
"4249","HILLSBOROUGH","818293","April","2024","FL"
"4250","HOLMES","11018","April","2024","FL"
"4251","INDIAN RIVER","116670","April","2024","FL"
"4252","JACKSON","26035","April","2024","FL"
"4253","JEFFERSON","9709","April","2024","FL"
"4254","LAFAYETTE","4136","April","2024","FL"
"4255","LAKE","237699","April","2024","FL"
"4256","LEE","476540","April","2024","FL"
"4257","LEON","188831","April","2024","FL"
"4258","LEVY","28454","April","2024","FL"
"4259","LIBERTY","4481","April","2024","FL"
"4260","MADISON","11804","April","2024","FL"
"4261","MANATEE","270095","April","2024","FL"
"4262","MARION","255091","April","2024","FL"
"4263","MARTIN","115085","April","2024","FL"
"4264","MIAMI-DADE","1449931","April","2024","FL"
"4265","MONROE","52167","April","2024","FL"
"4266","NASSAU","74369","April","2024","FL"
"4267","OKALOOSA","145015","April","2024","FL"
"4268","OKEECHOBEE","19805","April","2024","FL"
"4269","ORANGE","800564","April","2024","FL"
"4270","OSCEOLA","224168","April","2024","FL"
"4271","PALM BEACH","858204","April","2024","FL"
"4272","PASCO","383184","April","2024","FL"
"4273","PINELLAS","621163","April","2024","FL"
"4274","POLK","440480","April","2024","FL"
"4275","PUTNAM","43465","April","2024","FL"
"4276","SANTA ROSA","136808","April","2024","FL"
"4277","SARASOTA","323978","April","2024","FL"
"4278","SEMINOLE","341784","April","2024","FL"
"4279","ST. JOHNS","219758","April","2024","FL"
"4280","ST. LUCIE","231544","April","2024","FL"
"4281","SUMTER","123598","April","2024","FL"
"4282","SUWANNEE","25982","April","2024","FL"
"4283","TAYLOR","10222","April","2024","FL"
"4284","UNION","7542","April","2024","FL"
"4285","VOLUSIA","410602","April","2024","FL"
"4286","WAKULLA","22598","April","2024","FL"
"4287","WALTON","56946","April","2024","FL"
"4288","WASHINGTON","16562","April","2024","FL"
"4289","ALACHUA","155883","May","2024","FL"
"4290","BAKER","18434","May","2024","FL"
"4291","BAY","127280","May","2024","FL"
"4292","BRADFORD","17817","May","2024","FL"
"4293","BREVARD","425510","May","2024","FL"
"4294","BROWARD","1102739","May","2024","FL"
"4295","CALHOUN","8022","May","2024","FL"
"4296","CHARLOTTE","150743","May","2024","FL"
"4297","CITRUS","115908","May","2024","FL"
"4298","CLAY","149196","May","2024","FL"
"4299","COLLIER","255903","May","2024","FL"
"4300","COLUMBIA","40410","May","2024","FL"
"4301","DESOTO","19279","May","2024","FL"
"4302","DIXIE","10783","May","2024","FL"
"4303","DUVAL","623237","May","2024","FL"
"4304","ESCAMBIA","205729","May","2024","FL"
"4305","FLAGLER","92814","May","2024","FL"
"4306","FRANKLIN","6883","May","2024","FL"
"4307","GADSDEN","26501","May","2024","FL"
"4308","GILCHRIST","12868","May","2024","FL"
"4309","GLADES","6770","May","2024","FL"
"4310","GULF","10980","May","2024","FL"
"4311","HAMILTON","6947","May","2024","FL"
"4312","HARDEE","12760","May","2024","FL"
"4313","HENDRY","14739","May","2024","FL"
"4314","HERNANDO","139036","May","2024","FL"
"4315","HIGHLANDS","61508","May","2024","FL"
"4316","HILLSBOROUGH","820180","May","2024","FL"
"4317","HOLMES","10978","May","2024","FL"
"4318","INDIAN RIVER","116918","May","2024","FL"
"4319","JACKSON","26113","May","2024","FL"
"4320","JEFFERSON","9743","May","2024","FL"
"4321","LAFAYETTE","4150","May","2024","FL"
"4322","LAKE","238739","May","2024","FL"
"4323","LEE","470111","May","2024","FL"
"4324","LEON","189031","May","2024","FL"
"4325","LEVY","28565","May","2024","FL"
"4326","LIBERTY","4492","May","2024","FL"
"4327","MADISON","11771","May","2024","FL"
"4328","MANATEE","270590","May","2024","FL"
"4329","MARION","254137","May","2024","FL"
"4330","MARTIN","113258","May","2024","FL"
"4331","MIAMI-DADE","1455213","May","2024","FL"
"4332","MONROE","50788","May","2024","FL"
"4333","NASSAU","74436","May","2024","FL"
"4334","OKALOOSA","144656","May","2024","FL"
"4335","OKEECHOBEE","19588","May","2024","FL"
"4336","ORANGE","802876","May","2024","FL"
"4337","OSCEOLA","218758","May","2024","FL"
"4338","PALM BEACH","851402","May","2024","FL"
"4339","PASCO","383501","May","2024","FL"
"4340","PINELLAS","620728","May","2024","FL"
"4341","POLK","437852","May","2024","FL"
"4342","PUTNAM","43576","May","2024","FL"
"4343","SANTA ROSA","136419","May","2024","FL"
"4344","SARASOTA","323546","May","2024","FL"
"4345","SEMINOLE","342035","May","2024","FL"
"4346","ST. JOHNS","219736","May","2024","FL"
"4347","ST. LUCIE","233104","May","2024","FL"
"4348","SUMTER","122424","May","2024","FL"
"4349","SUWANNEE","26013","May","2024","FL"
"4350","TAYLOR","10271","May","2024","FL"
"4351","UNION","7535","May","2024","FL"
"4352","VOLUSIA","367624","May","2024","FL"
"4353","WAKULLA","22691","May","2024","FL"
"4354","WALTON","57183","May","2024","FL"
"4355","WASHINGTON","16357","May","2024","FL"
"4356","ALACHUA","156312","June","2024","FL"
"4357","BAKER","18564","June","2024","FL"
"4358","BAY","127992","June","2024","FL"
"4359","BRADFORD","17847","June","2024","FL"
"4360","BREVARD","427495","June","2024","FL"
"4361","BROWARD","1105409","June","2024","FL"
"4362","CALHOUN","8051","June","2024","FL"
"4363","CHARLOTTE","151008","June","2024","FL"
"4364","CITRUS","116488","June","2024","FL"
"4365","CLAY","150023","June","2024","FL"
"4366","COLLIER","256910","June","2024","FL"
"4367","COLUMBIA","40585","June","2024","FL"
"4368","DESOTO","19362","June","2024","FL"
"4369","DIXIE","10845","June","2024","FL"
"4370","DUVAL","626507","June","2024","FL"
"4371","ESCAMBIA","206672","June","2024","FL"
"4372","FLAGLER","93268","June","2024","FL"
"4373","FRANKLIN","6808","June","2024","FL"
"4374","GADSDEN","26588","June","2024","FL"
"4375","GILCHRIST","12914","June","2024","FL"
"4376","GLADES","6813","June","2024","FL"
"4377","GULF","11052","June","2024","FL"
"4378","HAMILTON","6918","June","2024","FL"
"4379","HARDEE","12790","June","2024","FL"
"4380","HENDRY","14838","June","2024","FL"
"4381","HERNANDO","139647","June","2024","FL"
"4382","HIGHLANDS","61737","June","2024","FL"
"4383","HILLSBOROUGH","823109","June","2024","FL"
"4384","HOLMES","11011","June","2024","FL"
"4385","INDIAN RIVER","117418","June","2024","FL"
"4386","JACKSON","26211","June","2024","FL"
"4387","JEFFERSON","9756","June","2024","FL"
"4388","LAFAYETTE","4166","June","2024","FL"
"4389","LAKE","240450","June","2024","FL"
"4390","LEE","471693","June","2024","FL"
"4391","LEON","189425","June","2024","FL"
"4392","LEVY","28696","June","2024","FL"
"4393","LIBERTY","4512","June","2024","FL"
"4394","MADISON","11784","June","2024","FL"
"4395","MANATEE","272063","June","2024","FL"
"4396","MARION","255592","June","2024","FL"
"4397","MARTIN","113741","June","2024","FL"
"4398","MIAMI-DADE","1459675","June","2024","FL"
"4399","MONROE","50977","June","2024","FL"
"4400","NASSAU","74816","June","2024","FL"
"4401","OKALOOSA","145193","June","2024","FL"
"4402","OKEECHOBEE","19667","June","2024","FL"
"4403","ORANGE","805510","June","2024","FL"
"4404","OSCEOLA","221171","June","2024","FL"
"4405","PALM BEACH","854206","June","2024","FL"
"4406","PASCO","385782","June","2024","FL"
"4407","PINELLAS","622709","June","2024","FL"
"4408","POLK","440309","June","2024","FL"
"4409","PUTNAM","43766","June","2024","FL"
"4410","SANTA ROSA","137029","June","2024","FL"
"4411","SARASOTA","324968","June","2024","FL"
"4412","SEMINOLE","343003","June","2024","FL"
"4413","ST. JOHNS","220904","June","2024","FL"
"4414","ST. LUCIE","234343","June","2024","FL"
"4415","SUMTER","122966","June","2024","FL"
"4416","SUWANNEE","26110","June","2024","FL"
"4417","TAYLOR","10357","June","2024","FL"
"4418","UNION","7560","June","2024","FL"
"4419","VOLUSIA","369752","June","2024","FL"
"4420","WAKULLA","22801","June","2024","FL"
"4421","WALTON","57609","June","2024","FL"
"4422","WASHINGTON","16357","June","2024","FL"
"4423","ALACHUA","157617","July","2024","FL"
"4424","BAKER","18732","July","2024","FL"
"4425","BAY","129280","July","2024","FL"
"4426","BRADFORD","17966","July","2024","FL"
"4427","BREVARD","431728","July","2024","FL"
"4428","BROWARD","1116214","July","2024","FL"
"4429","CALHOUN","8142","July","2024","FL"
"4430","CHARLOTTE","152395","July","2024","FL"
"4431","CITRUS","117287","July","2024","FL"
"4432","CLAY","151630","July","2024","FL"
"4433","COLLIER","259006","July","2024","FL"
"4434","COLUMBIA","40972","July","2024","FL"
"4435","DESOTO","19467","July","2024","FL"
"4436","DIXIE","10931","July","2024","FL"
"4437","DUVAL","631397","July","2024","FL"
"4438","ESCAMBIA","208395","July","2024","FL"
"4439","FLAGLER","94165","July","2024","FL"
"4440","FRANKLIN","6913","July","2024","FL"
"4441","GADSDEN","26840","July","2024","FL"
"4442","GILCHRIST","13000","July","2024","FL"
"4443","GLADES","6880","July","2024","FL"
"4444","GULF","11132","July","2024","FL"
"4445","HAMILTON","6999","July","2024","FL"
"4446","HARDEE","12857","July","2024","FL"
"4447","HENDRY","15154","July","2024","FL"
"4448","HERNANDO","140830","July","2024","FL"
"4449","HIGHLANDS","62209","July","2024","FL"
"4450","HILLSBOROUGH","832339","July","2024","FL"
"4451","HOLMES","9691","July","2024","FL"
"4452","INDIAN RIVER","118430","July","2024","FL"
"4453","JACKSON","26507","July","2024","FL"
"4454","JEFFERSON","9840","July","2024","FL"
"4455","LAFAYETTE","4225","July","2024","FL"
"4456","LAKE","244197","July","2024","FL"
"4457","LEE","476894","July","2024","FL"
"4458","LEON","190298","July","2024","FL"
"4459","LEVY","29040","July","2024","FL"
"4460","LIBERTY","4583","July","2024","FL"
"4461","MADISON","11901","July","2024","FL"
"4462","MANATEE","275300","July","2024","FL"
"4463","MARION","258502","July","2024","FL"
"4464","MARTIN","114582","July","2024","FL"
"4465","MIAMI-DADE","1476553","July","2024","FL"
"4466","MONROE","50612","July","2024","FL"
"4467","NASSAU","75574","July","2024","FL"
"4468","OKALOOSA","146499","July","2024","FL"
"4469","OKEECHOBEE","19872","July","2024","FL"
"4470","ORANGE","813621","July","2024","FL"
"4471","OSCEOLA","224661","July","2024","FL"
"4472","PALM BEACH","864272","July","2024","FL"
"4473","PASCO","389517","July","2024","FL"
"4474","PINELLAS","628056","July","2024","FL"
"4475","POLK","445334","July","2024","FL"
"4476","PUTNAM","44279","July","2024","FL"
"4477","SANTA ROSA","138610","July","2024","FL"
"4478","SARASOTA","327521","July","2024","FL"
"4479","SEMINOLE","345349","July","2024","FL"
"4480","ST. JOHNS","223630","July","2024","FL"
"4481","ST. LUCIE","236296","July","2024","FL"
"4482","SUMTER","123850","July","2024","FL"
"4483","SUWANNEE","26371","July","2024","FL"
"4484","TAYLOR","10545","July","2024","FL"
"4485","UNION","7236","July","2024","FL"
"4486","VOLUSIA","373461","July","2024","FL"
"4487","WAKULLA","23097","July","2024","FL"
"4488","WALTON","58278","July","2024","FL"
"4489","WASHINGTON","16474","July","2024","FL"
"4490","ALACHUA","159358","August","2024","FL"
"4491","BAKER","18892","August","2024","FL"
"4492","BAY","130484","August","2024","FL"
"4493","BRADFORD","18075","August","2024","FL"
"4494","BREVARD","435417","August","2024","FL"
"4495","BROWARD","1124517","August","2024","FL"
"4496","CALHOUN","8206","August","2024","FL"
"4497","CHARLOTTE","153131","August","2024","FL"
"4498","CITRUS","118074","August","2024","FL"
"4499","CLAY","152913","August","2024","FL"
"4500","COLLIER","260433","August","2024","FL"
"4501","COLUMBIA","41351","August","2024","FL"
"4502","DESOTO","19546","August","2024","FL"
"4503","DIXIE","11056","August","2024","FL"
"4504","DUVAL","637720","August","2024","FL"
"4505","ESCAMBIA","210279","August","2024","FL"
"4506","FLAGLER","95007","August","2024","FL"
"4507","FRANKLIN","7023","August","2024","FL"
"4508","GADSDEN","27061","August","2024","FL"
"4509","GILCHRIST","13072","August","2024","FL"
"4510","GLADES","6964","August","2024","FL"
"4511","GULF","11233","August","2024","FL"
"4512","HAMILTON","7058","August","2024","FL"
"4513","HARDEE","12935","August","2024","FL"
"4514","HENDRY","15534","August","2024","FL"
"4515","HERNANDO","141720","August","2024","FL"
"4516","HIGHLANDS","62806","August","2024","FL"
"4517","HILLSBOROUGH","840354","August","2024","FL"
"4518","HOLMES","9890","August","2024","FL"
"4519","INDIAN RIVER","119233","August","2024","FL"
"4520","JACKSON","26731","August","2024","FL"
"4521","JEFFERSON","9911","August","2024","FL"
"4522","LAFAYETTE","4275","August","2024","FL"
"4523","LAKE","247399","August","2024","FL"
"4524","LEE","480884","August","2024","FL"
"4525","LEON","191317","August","2024","FL"
"4526","LEVY","29352","August","2024","FL"
"4527","LIBERTY","4596","August","2024","FL"
"4528","MADISON","11976","August","2024","FL"
"4529","MANATEE","277538","August","2024","FL"
"4530","MARION","260924","August","2024","FL"
"4531","MARTIN","115203","August","2024","FL"
"4532","MIAMI-DADE","1488204","August","2024","FL"
"4533","MONROE","51229","August","2024","FL"
"4534","NASSAU","76197","August","2024","FL"
"4535","OKALOOSA","147896","August","2024","FL"
"4536","OKEECHOBEE","20117","August","2024","FL"
"4537","ORANGE","819907","August","2024","FL"
"4538","OSCEOLA","226461","August","2024","FL"
"4539","PALM BEACH","874447","August","2024","FL"
"4540","PASCO","393179","August","2024","FL"
"4541","PINELLAS","632094","August","2024","FL"
"4542","POLK","449458","August","2024","FL"
"4543","PUTNAM","44654","August","2024","FL"
"4544","SANTA ROSA","140038","August","2024","FL"
"4545","SARASOTA","329661","August","2024","FL"
"4546","SEMINOLE","347267","August","2024","FL"
"4547","ST. JOHNS","225983","August","2024","FL"
"4548","ST. LUCIE","238428","August","2024","FL"
"4549","SUMTER","124535","August","2024","FL"
"4550","SUWANNEE","26619","August","2024","FL"
"4551","TAYLOR","10903","August","2024","FL"
"4552","UNION","7328","August","2024","FL"
"4553","VOLUSIA","376679","August","2024","FL"
"4554","WAKULLA","23311","August","2024","FL"
"4555","WALTON","59107","August","2024","FL"
"4556","WASHINGTON","16554","August","2024","FL"
"4557","ALACHUA","161859","September","2024","FL"
"4558","BAKER","19000","September","2024","FL"
"4559","BAY","131843","September","2024","FL"
"4560","BRADFORD","18218","September","2024","FL"
"4561","BREVARD","440542","September","2024","FL"
"4562","BROWARD","1138847","September","2024","FL"
"4563","CALHOUN","8241","September","2024","FL"
"4564","CHARLOTTE","154556","September","2024","FL"
"4565","CITRUS","119071","September","2024","FL"
"4566","CLAY","154521","September","2024","FL"
"4567","COLLIER","262586","September","2024","FL"
"4568","COLUMBIA","41795","September","2024","FL"
"4569","DESOTO","19622","September","2024","FL"
"4570","DIXIE","11132","September","2024","FL"
"4571","DUVAL","645691","September","2024","FL"
"4572","ESCAMBIA","212723","September","2024","FL"
"4573","FLAGLER","96111","September","2024","FL"
"4574","FRANKLIN","7183","September","2024","FL"
"4575","GADSDEN","27179","September","2024","FL"
"4576","GILCHRIST","13170","September","2024","FL"
"4577","GLADES","7019","September","2024","FL"
"4578","GULF","11292","September","2024","FL"
"4579","HAMILTON","7104","September","2024","FL"
"4580","HARDEE","13021","September","2024","FL"
"4581","HENDRY","15941","September","2024","FL"
"4582","HERNANDO","142858","September","2024","FL"
"4583","HIGHLANDS","63598","September","2024","FL"
"4584","HILLSBOROUGH","851299","September","2024","FL"
"4585","HOLMES","10059","September","2024","FL"
"4586","INDIAN RIVER","120279","September","2024","FL"
"4587","JACKSON","26951","September","2024","FL"
"4588","JEFFERSON","9965","September","2024","FL"
"4589","LAFAYETTE","4334","September","2024","FL"
"4590","LAKE","252286","September","2024","FL"
"4591","LEE","486875","September","2024","FL"
"4592","LEON","193667","September","2024","FL"
"4593","LEVY","29656","September","2024","FL"
"4594","LIBERTY","4610","September","2024","FL"
"4595","MADISON","12048","September","2024","FL"
"4596","MANATEE","280305","September","2024","FL"
"4597","MARION","264301","September","2024","FL"
"4598","MARTIN","116138","September","2024","FL"
"4599","MIAMI-DADE","1507509","September","2024","FL"
"4600","MONROE","51965","September","2024","FL"
"4601","NASSAU","76930","September","2024","FL"
"4602","OKALOOSA","149581","September","2024","FL"
"4603","OKEECHOBEE","20342","September","2024","FL"
"4604","ORANGE","829569","September","2024","FL"
"4605","OSCEOLA","231522","September","2024","FL"
"4606","PALM BEACH","886966","September","2024","FL"
"4607","PASCO","398565","September","2024","FL"
"4608","PINELLAS","638013","September","2024","FL"
"4609","POLK","456723","September","2024","FL"
"4610","PUTNAM","45142","September","2024","FL"
"4611","SANTA ROSA","142061","September","2024","FL"
"4612","SARASOTA","332059","September","2024","FL"
"4613","SEMINOLE","349339","September","2024","FL"
"4614","ST. JOHNS","228615","September","2024","FL"
"4615","ST. LUCIE","241401","September","2024","FL"
"4616","SUMTER","125468","September","2024","FL"
"4617","SUWANNEE","26809","September","2024","FL"
"4618","TAYLOR","10986","September","2024","FL"
"4619","UNION","7383","September","2024","FL"
"4620","VOLUSIA","381407","September","2024","FL"
"4621","WAKULLA","23574","September","2024","FL"
"4622","WALTON","59840","September","2024","FL"
"4623","WASHINGTON","16648","September","2024","FL"
"4624","ALACHUA","171843","October","2024","FL"
"4625","BAKER","19190","October","2024","FL"
"4626","BAY","134762","October","2024","FL"
"4627","BRADFORD","18501","October","2024","FL"
"4628","BREVARD","448837","October","2024","FL"
"4629","BROWARD","1163045","October","2024","FL"
"4630","CALHOUN","8343","October","2024","FL"
"4631","CHARLOTTE","156675","October","2024","FL"
"4632","CITRUS","120897","October","2024","FL"
"4633","CLAY","158111","October","2024","FL"
"4634","COLLIER","266254","October","2024","FL"
"4635","COLUMBIA","42625","October","2024","FL"
"4636","DESOTO","19754","October","2024","FL"
"4637","DIXIE","11273","October","2024","FL"
"4638","DUVAL","659816","October","2024","FL"
"4639","ESCAMBIA","217796","October","2024","FL"
"4640","FLAGLER","97892","October","2024","FL"
"4641","FRANKLIN","7679","October","2024","FL"
"4642","GADSDEN","27509","October","2024","FL"
"4643","GILCHRIST","13331","October","2024","FL"
"4644","GLADES","7100","October","2024","FL"
"4645","GULF","11439","October","2024","FL"
"4646","HAMILTON","7239","October","2024","FL"
"4647","HARDEE","13118","October","2024","FL"
"4648","HENDRY","17187","October","2024","FL"
"4649","HERNANDO","145156","October","2024","FL"
"4650","HIGHLANDS","65260","October","2024","FL"
"4651","HILLSBOROUGH","878799","October","2024","FL"
"4652","HOLMES","10550","October","2024","FL"
"4653","INDIAN RIVER","121979","October","2024","FL"
"4654","JACKSON","27576","October","2024","FL"
"4655","JEFFERSON","10059","October","2024","FL"
"4656","LAFAYETTE","4435","October","2024","FL"
"4657","LAKE","266478","October","2024","FL"
"4658","LEE","499972","October","2024","FL"
"4659","LEON","204779","October","2024","FL"
"4660","LEVY","30397","October","2024","FL"
"4661","LIBERTY","4657","October","2024","FL"
"4662","MADISON","12244","October","2024","FL"
"4663","MANATEE","284769","October","2024","FL"
"4664","MARION","269836","October","2024","FL"
"4665","MARTIN","117726","October","2024","FL"
"4666","MIAMI-DADE","1546299","October","2024","FL"
"4667","MONROE","53682","October","2024","FL"
"4668","NASSAU","78308","October","2024","FL"
"4669","OKALOOSA","152987","October","2024","FL"
"4670","OKEECHOBEE","21131","October","2024","FL"
"4671","ORANGE","848115","October","2024","FL"
"4672","OSCEOLA","239509","October","2024","FL"
"4673","PALM BEACH","913023","October","2024","FL"
"4674","PASCO","407055","October","2024","FL"
"4675","PINELLAS","649694","October","2024","FL"
"4676","POLK","468938","October","2024","FL"
"4677","PUTNAM","46050","October","2024","FL"
"4678","SANTA ROSA","145251","October","2024","FL"
"4679","SARASOTA","336011","October","2024","FL"
"4680","SEMINOLE","351873","October","2024","FL"
"4681","ST. JOHNS","232802","October","2024","FL"
"4682","ST. LUCIE","245916","October","2024","FL"
"4683","SUMTER","126504","October","2024","FL"
"4684","SUWANNEE","27498","October","2024","FL"
"4685","TAYLOR","11607","October","2024","FL"
"4686","UNION","7576","October","2024","FL"
"4687","VOLUSIA","391153","October","2024","FL"
"4688","WAKULLA","24081","October","2024","FL"
"4689","WALTON","61236","October","2024","FL"
"4690","WASHINGTON","16865","October","2024","FL"
"4691","ALACHUA","173794","November","2024","FL"
"4692","BAKER","19278","November","2024","FL"
"4693","BAY","135025","November","2024","FL"
"4694","BRADFORD","18572","November","2024","FL"
"4695","BREVARD","452542","November","2024","FL"
"4696","BROWARD","1172843","November","2024","FL"
"4697","CALHOUN","8349","November","2024","FL"
"4698","CHARLOTTE","157235","November","2024","FL"
"4699","CITRUS","121948","November","2024","FL"
"4700","CLAY","159689","November","2024","FL"
"4701","COLLIER","267736","November","2024","FL"
"4702","COLUMBIA","43032","November","2024","FL"
"4703","DESOTO","19839","November","2024","FL"
"4704","DIXIE","11306","November","2024","FL"
"4705","DUVAL","665263","November","2024","FL"
"4706","ESCAMBIA","218749","November","2024","FL"
"4707","FLAGLER","98766","November","2024","FL"
"4708","FRANKLIN","7714","November","2024","FL"
"4709","GADSDEN","27376","November","2024","FL"
"4710","GILCHRIST","13419","November","2024","FL"
"4711","GLADES","7171","November","2024","FL"
"4712","GULF","11486","November","2024","FL"
"4713","HAMILTON","7322","November","2024","FL"
"4714","HARDEE","13154","November","2024","FL"
"4715","HENDRY","18126","November","2024","FL"
"4716","HERNANDO","146253","November","2024","FL"
"4717","HIGHLANDS","66171","November","2024","FL"
"4718","HILLSBOROUGH","885463","November","2024","FL"
"4719","HOLMES","11046","November","2024","FL"
"4720","INDIAN RIVER","121507","November","2024","FL"
"4721","JACKSON","27855","November","2024","FL"
"4722","JEFFERSON","10031","November","2024","FL"
"4723","LAFAYETTE","4468","November","2024","FL"
"4724","LAKE","273896","November","2024","FL"
"4725","LEE","504072","November","2024","FL"
"4726","LEON","205191","November","2024","FL"
"4727","LEVY","30697","November","2024","FL"
"4728","LIBERTY","4639","November","2024","FL"
"4729","MADISON","12327","November","2024","FL"
"4730","MANATEE","287238","November","2024","FL"
"4731","MARION","272755","November","2024","FL"
"4732","MARTIN","118287","November","2024","FL"
"4733","MIAMI-DADE","1554104","November","2024","FL"
"4734","MONROE","52945","November","2024","FL"
"4735","NASSAU","78997","November","2024","FL"
"4736","OKALOOSA","154350","November","2024","FL"
"4737","OKEECHOBEE","21231","November","2024","FL"
"4738","ORANGE","853287","November","2024","FL"
"4739","OSCEOLA","243261","November","2024","FL"
"4740","PALM BEACH","920543","November","2024","FL"
"4741","PASCO","411142","November","2024","FL"
"4742","PINELLAS","651063","November","2024","FL"
"4743","POLK","468295","November","2024","FL"
"4744","PUTNAM","46761","November","2024","FL"
"4745","SANTA ROSA","146686","November","2024","FL"
"4746","SARASOTA","339082","November","2024","FL"
"4747","SEMINOLE","350436","November","2024","FL"
"4748","ST. JOHNS","234787","November","2024","FL"
"4749","ST. LUCIE","247855","November","2024","FL"
"4750","SUMTER","127134","November","2024","FL"
"4751","SUWANNEE","27607","November","2024","FL"
"4752","TAYLOR","11879","November","2024","FL"
"4753","UNION","7658","November","2024","FL"
"4754","VOLUSIA","395158","November","2024","FL"
"4755","WAKULLA","24157","November","2024","FL"
"4756","WALTON","61424","November","2024","FL"
"4757","WASHINGTON","17000","November","2024","FL"
"4758","ALACHUA","173971","December","2024","FL"
"4759","BAKER","19334","December","2024","FL"
"4760","BAY","134148","December","2024","FL"
"4761","BRADFORD","18610","December","2024","FL"
"4762","BREVARD","452747","December","2024","FL"
"4763","BROWARD","1175211","December","2024","FL"
"4764","CALHOUN","8315","December","2024","FL"
"4765","CHARLOTTE","154151","December","2024","FL"
"4766","CITRUS","121789","December","2024","FL"
"4767","CLAY","160006","December","2024","FL"
"4768","COLLIER","267413","December","2024","FL"
"4769","COLUMBIA","43095","December","2024","FL"
"4770","DESOTO","19866","December","2024","FL"
"4771","DIXIE","11321","December","2024","FL"
"4772","DUVAL","665277","December","2024","FL"
"4773","ESCAMBIA","220123","December","2024","FL"
"4774","FLAGLER","98808","December","2024","FL"
"4775","FRANKLIN","7681","December","2024","FL"
"4776","GADSDEN","27366","December","2024","FL"
"4777","GILCHRIST","13449","December","2024","FL"
"4778","GLADES","7195","December","2024","FL"
"4779","GULF","11498","December","2024","FL"
"4780","HAMILTON","7349","December","2024","FL"
"4781","HARDEE","13178","December","2024","FL"
"4782","HENDRY","18225","December","2024","FL"
"4783","HERNANDO","146275","December","2024","FL"
"4784","HIGHLANDS","66283","December","2024","FL"
"4785","HILLSBOROUGH","886049","December","2024","FL"
"4786","HOLMES","11083","December","2024","FL"
"4787","INDIAN RIVER","121233","December","2024","FL"
"4788","JACKSON","27884","December","2024","FL"
"4789","JEFFERSON","9993","December","2024","FL"
"4790","LAFAYETTE","4458","December","2024","FL"
"4791","LAKE","274847","December","2024","FL"
"4792","LEE","502241","December","2024","FL"
"4793","LEON","203486","December","2024","FL"
"4794","LEVY","30680","December","2024","FL"
"4795","LIBERTY","4643","December","2024","FL"
"4796","MADISON","12314","December","2024","FL"
"4797","MANATEE","285698","December","2024","FL"
"4798","MARION","273764","December","2024","FL"
"4799","MARTIN","118100","December","2024","FL"
"4800","MIAMI-DADE","1548718","December","2024","FL"
"4801","MONROE","53011","December","2024","FL"
"4802","NASSAU","79043","December","2024","FL"
"4803","OKALOOSA","154763","December","2024","FL"
"4804","OKEECHOBEE","21285","December","2024","FL"
"4805","ORANGE","837235","December","2024","FL"
"4806","OSCEOLA","243095","December","2024","FL"
"4807","PALM BEACH","921614","December","2024","FL"
"4808","PASCO","412422","December","2024","FL"
"4809","PINELLAS","650640","December","2024","FL"
"4810","POLK","469580","December","2024","FL"
"4811","PUTNAM","46868","December","2024","FL"
"4812","SANTA ROSA","147169","December","2024","FL"
"4813","SARASOTA","339699","December","2024","FL"
"4814","SEMINOLE","350521","December","2024","FL"
"4815","ST. JOHNS","235897","December","2024","FL"
"4816","ST. LUCIE","245038","December","2024","FL"
"4817","SUMTER","127148","December","2024","FL"
"4818","SUWANNEE","27634","December","2024","FL"
"4819","TAYLOR","11847","December","2024","FL"
"4820","UNION","7653","December","2024","FL"
"4821","VOLUSIA","396081","December","2024","FL"
"4822","WAKULLA","24249","December","2024","FL"
"4823","WALTON","61697","December","2024","FL"
"4824","WASHINGTON","15071","December","2024","FL"
"4825","ALACHUA","173852","January","2025","FL"
"4826","BAKER","19404","January","2025","FL"
"4827","BAY","134526","January","2025","FL"
"4828","BRADFORD","18664","January","2025","FL"
"4829","BREVARD","451093","January","2025","FL"
"4830","BROWARD","1172051","January","2025","FL"
"4831","CALHOUN","8289","January","2025","FL"
"4832","CHARLOTTE","151795","January","2025","FL"
"4833","CITRUS","122153","January","2025","FL"
"4834","CLAY","160329","January","2025","FL"
"4835","COLLIER","268201","January","2025","FL"
"4836","COLUMBIA","43178","January","2025","FL"
"4837","DESOTO","19913","January","2025","FL"
"4838","DIXIE","11339","January","2025","FL"
"4839","DUVAL","664747","January","2025","FL"
"4840","ESCAMBIA","220448","January","2025","FL"
"4841","FLAGLER","99257","January","2025","FL"
"4842","FRANKLIN","7714","January","2025","FL"
"4843","GADSDEN","27394","January","2025","FL"
"4844","GILCHRIST","13504","January","2025","FL"
"4845","GLADES","7221","January","2025","FL"
"4846","GULF","11521","January","2025","FL"
"4847","HAMILTON","7360","January","2025","FL"
"4848","HARDEE","13207","January","2025","FL"
"4849","HENDRY","18358","January","2025","FL"
"4850","HERNANDO","145954","January","2025","FL"
"4851","HIGHLANDS","66465","January","2025","FL"
"4852","HILLSBOROUGH","877201","January","2025","FL"
"4853","HOLMES","11096","January","2025","FL"
"4854","INDIAN RIVER","120902","January","2025","FL"
"4855","JACKSON","27924","January","2025","FL"
"4856","JEFFERSON","9938","January","2025","FL"
"4857","LAFAYETTE","4445","January","2025","FL"
"4858","LAKE","275909","January","2025","FL"
"4859","LEE","503405","January","2025","FL"
"4860","LEON","203246","January","2025","FL"
"4861","LEVY","30630","January","2025","FL"
"4862","LIBERTY","4638","January","2025","FL"
"4863","MADISON","12325","January","2025","FL"
"4864","MANATEE","284740","January","2025","FL"
"4865","MARION","274975","January","2025","FL"
"4866","MARTIN","118221","January","2025","FL"
"4867","MIAMI-DADE","1546870","January","2025","FL"
"4868","MONROE","53301","January","2025","FL"
"4869","NASSAU","78714","January","2025","FL"
"4870","OKALOOSA","154584","January","2025","FL"
"4871","OKEECHOBEE","21369","January","2025","FL"
"4872","ORANGE","833836","January","2025","FL"
"4873","OSCEOLA","245500","January","2025","FL"
"4874","PALM BEACH","923993","January","2025","FL"
"4875","PASCO","413680","January","2025","FL"
"4876","PINELLAS","646704","January","2025","FL"
"4877","POLK","471401","January","2025","FL"
"4878","PUTNAM","47023","January","2025","FL"
"4879","SANTA ROSA","147763","January","2025","FL"
"4880","SARASOTA","337712","January","2025","FL"
"4881","SEMINOLE","350421","January","2025","FL"
"4882","ST. JOHNS","237312","January","2025","FL"
"4883","ST. LUCIE","246181","January","2025","FL"
"4884","SUMTER","127334","January","2025","FL"
"4885","SUWANNEE","27730","January","2025","FL"
"4886","TAYLOR","11746","January","2025","FL"
"4887","UNION","7637","January","2025","FL"
"4888","VOLUSIA","397591","January","2025","FL"
"4889","WAKULLA","24401","January","2025","FL"
"4890","WALTON","61932","January","2025","FL"
"4891","WASHINGTON","15156","January","2025","FL"
"4892","ALACHUA","173272","February","2025","FL"
"4893","BAKER","19436","February","2025","FL"
"4894","BAY","134830","February","2025","FL"
"4895","BRADFORD","18692","February","2025","FL"
"4896","BREVARD","451598","February","2025","FL"
"4897","BROWARD","1176993","February","2025","FL"
"4898","CALHOUN","7443","February","2025","FL"
"4899","CHARLOTTE","152453","February","2025","FL"
"4900","CITRUS","113986","February","2025","FL"
"4901","CLAY","159616","February","2025","FL"
"4902","COLLIER","268906","February","2025","FL"
"4903","COLUMBIA","43243","February","2025","FL"
"4904","DESOTO","19922","February","2025","FL"
"4905","DIXIE","11329","February","2025","FL"
"4906","DUVAL","656567","February","2025","FL"
"4907","ESCAMBIA","221119","February","2025","FL"
"4908","FLAGLER","99697","February","2025","FL"
"4909","FRANKLIN","7734","February","2025","FL"
"4910","GADSDEN","27417","February","2025","FL"
"4911","GILCHRIST","13470","February","2025","FL"
"4912","GLADES","7235","February","2025","FL"
"4913","GULF","11552","February","2025","FL"
"4914","HAMILTON","7355","February","2025","FL"
"4915","HARDEE","13235","February","2025","FL"
"4916","HENDRY","18387","February","2025","FL"
"4917","HERNANDO","146244","February","2025","FL"
"4918","HIGHLANDS","66696","February","2025","FL"
"4919","HILLSBOROUGH","873866","February","2025","FL"
"4920","HOLMES","11123","February","2025","FL"
"4921","INDIAN RIVER","113430","February","2025","FL"
"4922","JACKSON","26204","February","2025","FL"
"4923","JEFFERSON","9633","February","2025","FL"
"4924","LAFAYETTE","4432","February","2025","FL"
"4925","LAKE","276842","February","2025","FL"
"4926","LEE","505232","February","2025","FL"
"4927","LEON","203287","February","2025","FL"
"4928","LEVY","28442","February","2025","FL"
"4929","LIBERTY","4588","February","2025","FL"
"4930","MADISON","12332","February","2025","FL"
"4931","MANATEE","284880","February","2025","FL"
"4932","MARION","276245","February","2025","FL"
"4933","MARTIN","118323","February","2025","FL"
"4934","MIAMI-DADE","1540937","February","2025","FL"
"4935","MONROE","53493","February","2025","FL"
"4936","NASSAU","78926","February","2025","FL"
"4937","OKALOOSA","154943","February","2025","FL"
"4938","OKEECHOBEE","21300","February","2025","FL"
"4939","ORANGE","834920","February","2025","FL"
"4940","OSCEOLA","244337","February","2025","FL"
"4941","PALM BEACH","923843","February","2025","FL"
"4942","PASCO","378397","February","2025","FL"
"4943","PINELLAS","646843","February","2025","FL"
"4944","POLK","473627","February","2025","FL"
"4945","PUTNAM","47208","February","2025","FL"
"4946","SANTA ROSA","148324","February","2025","FL"
"4947","SARASOTA","337625","February","2025","FL"
"4948","SEMINOLE","351524","February","2025","FL"
"4949","ST. JOHNS","238366","February","2025","FL"
"4950","ST. LUCIE","247421","February","2025","FL"
"4951","SUMTER","127825","February","2025","FL"
"4952","SUWANNEE","27805","February","2025","FL"
"4953","TAYLOR","11766","February","2025","FL"
"4954","UNION","7638","February","2025","FL"
"4955","VOLUSIA","398813","February","2025","FL"
"4956","WAKULLA","24400","February","2025","FL"
"4957","WALTON","62238","February","2025","FL"
"4958","WASHINGTON","15252","February","2025","FL"
"4959","ALACHUA","173403","March","2025","FL"
"4960","BAKER","19389","March","2025","FL"
"4961","BAY","135356","March","2025","FL"
"4962","BRADFORD","18552","March","2025","FL"
"4963","BREVARD","450115","March","2025","FL"
"4964","BROWARD","1179394","March","2025","FL"
"4965","CALHOUN","7447","March","2025","FL"
"4966","CHARLOTTE","153024","March","2025","FL"
"4967","CITRUS","113738","March","2025","FL"
"4968","CLAY","160116","March","2025","FL"
"4969","COLLIER","268995","March","2025","FL"
"4970","COLUMBIA","43404","March","2025","FL"
"4971","DESOTO","19974","March","2025","FL"
"4972","DIXIE","11330","March","2025","FL"
"4973","DUVAL","657413","March","2025","FL"
"4974","ESCAMBIA","221873","March","2025","FL"
"4975","FLAGLER","100015","March","2025","FL"
"4976","FRANKLIN","7666","March","2025","FL"
"4977","GADSDEN","27421","March","2025","FL"
"4978","GILCHRIST","12463","March","2025","FL"
"4979","GLADES","7256","March","2025","FL"
"4980","GULF","10684","March","2025","FL"
"4981","HAMILTON","7365","March","2025","FL"
"4982","HARDEE","13210","March","2025","FL"
"4983","HENDRY","18541","March","2025","FL"
"4984","HERNANDO","131827","March","2025","FL"
"4985","HIGHLANDS","66842","March","2025","FL"
"4986","HILLSBOROUGH","872025","March","2025","FL"
"4987","HOLMES","11152","March","2025","FL"
"4988","INDIAN RIVER","113520","March","2025","FL"
"4989","JACKSON","26317","March","2025","FL"
"4990","JEFFERSON","9651","March","2025","FL"
"4991","LAFAYETTE","4441","March","2025","FL"
"4992","LAKE","279000","March","2025","FL"
"4993","LEE","505306","March","2025","FL"
"4994","LEON","202786","March","2025","FL"
"4995","LEVY","28567","March","2025","FL"
"4996","LIBERTY","4595","March","2025","FL"
"4997","MADISON","10186","March","2025","FL"
"4998","MANATEE","284504","March","2025","FL"
"4999","MARION","276513","March","2025","FL"
"5000","MARTIN","113291","March","2025","FL"
"5001","MIAMI-DADE","1537038","March","2025","FL"
"5002","MONROE","53675","March","2025","FL"
"5003","NASSAU","79054","March","2025","FL"
"5004","OKALOOSA","155534","March","2025","FL"
"5005","OKEECHOBEE","21356","March","2025","FL"
"5006","ORANGE","833378","March","2025","FL"
"5007","OSCEOLA","245567","March","2025","FL"
"5008","PALM BEACH","925434","March","2025","FL"
"5009","PASCO","380495","March","2025","FL"
"5010","PINELLAS","644686","March","2025","FL"
"5011","POLK","476242","March","2025","FL"
"5012","PUTNAM","47411","March","2025","FL"
"5013","SANTA ROSA","148896","March","2025","FL"
"5014","SARASOTA","335949","March","2025","FL"
"5015","SEMINOLE","352874","March","2025","FL"
"5016","ST. JOHNS","239422","March","2025","FL"
"5017","ST. LUCIE","248305","March","2025","FL"
"5018","SUMTER","128199","March","2025","FL"
"5019","SUWANNEE","27729","March","2025","FL"
"5020","TAYLOR","11383","March","2025","FL"
"5021","UNION","7099","March","2025","FL"
"5022","VOLUSIA","400047","March","2025","FL"
"5023","WAKULLA","24472","March","2025","FL"
"5024","WALTON","62040","March","2025","FL"
"5025","WASHINGTON","15312","March","2025","FL"
"5026","ALACHUA","173763","April","2025","FL"
"5027","BAKER","19415","April","2025","FL"
"5028","BAY","135879","April","2025","FL"
"5029","BRADFORD","18451","April","2025","FL"
"5030","BREVARD","450935","April","2025","FL"
"5031","BROWARD","1181801","April","2025","FL"
"5032","CALHOUN","7480","April","2025","FL"
"5033","CHARLOTTE","143135","April","2025","FL"
"5034","CITRUS","114163","April","2025","FL"
"5035","CLAY","159647","April","2025","FL"
"5036","COLLIER","256632","April","2025","FL"
"5037","COLUMBIA","43550","April","2025","FL"
"5038","DESOTO","19934","April","2025","FL"
"5039","DIXIE","11335","April","2025","FL"
"5040","DUVAL","657145","April","2025","FL"
"5041","ESCAMBIA","222679","April","2025","FL"
"5042","FLAGLER","100129","April","2025","FL"
"5043","FRANKLIN","7623","April","2025","FL"
"5044","GADSDEN","26189","April","2025","FL"
"5045","GILCHRIST","12520","April","2025","FL"
"5046","GLADES","6463","April","2025","FL"
"5047","GULF","10725","April","2025","FL"
"5048","HAMILTON","6774","April","2025","FL"
"5049","HARDEE","12577","April","2025","FL"
"5050","HENDRY","18655","April","2025","FL"
"5051","HERNANDO","132158","April","2025","FL"
"5052","HIGHLANDS","66381","April","2025","FL"
"5053","HILLSBOROUGH","790863","April","2025","FL"
"5054","HOLMES","10920","April","2025","FL"
"5055","INDIAN RIVER","113566","April","2025","FL"
"5056","JACKSON","26334","April","2025","FL"
"5057","JEFFERSON","9665","April","2025","FL"
"5058","LAFAYETTE","4444","April","2025","FL"
"5059","LAKE","279760","April","2025","FL"
"5060","LEE","505691","April","2025","FL"
"5061","LEON","202876","April","2025","FL"
"5062","LEVY","28744","April","2025","FL"
"5063","LIBERTY","4477","April","2025","FL"
"5064","MADISON","10240","April","2025","FL"
"5065","MANATEE","267448","April","2025","FL"
"5066","MARION","274823","April","2025","FL"
"5067","MARTIN","112875","April","2025","FL"
"5068","MIAMI-DADE","1537612","April","2025","FL"
"5069","MONROE","53585","April","2025","FL"
"5070","NASSAU","79115","April","2025","FL"
"5071","OKALOOSA","154235","April","2025","FL"
"5072","OKEECHOBEE","19905","April","2025","FL"
"5073","ORANGE","814385","April","2025","FL"
"5074","OSCEOLA","246185","April","2025","FL"
"5075","PALM BEACH","907381","April","2025","FL"
"5076","PASCO","380201","April","2025","FL"
"5077","PINELLAS","593437","April","2025","FL"
"5078","POLK","420610","April","2025","FL"
"5079","PUTNAM","47163","April","2025","FL"
"5080","SANTA ROSA","149210","April","2025","FL"
"5081","SARASOTA","336570","April","2025","FL"
"5082","SEMINOLE","353540","April","2025","FL"
"5083","ST. JOHNS","238934","April","2025","FL"
"5084","ST. LUCIE","249130","April","2025","FL"
"5085","SUMTER","128863","April","2025","FL"
"5086","SUWANNEE","27319","April","2025","FL"
"5087","TAYLOR","11405","April","2025","FL"
"5088","UNION","7108","April","2025","FL"
"5089","VOLUSIA","400923","April","2025","FL"
"5090","WAKULLA","24543","April","2025","FL"
"5091","WALTON","62044","April","2025","FL"
"5092","WASHINGTON","15277","April","2025","FL"
"5093","ALACHUA","172808","May","2025","FL"
"5094","BAKER","18150","May","2025","FL"
"5095","BAY","136419","May","2025","FL"
"5096","BRADFORD","18452","May","2025","FL"
"5097","BREVARD","452421","May","2025","FL"
"5098","BROWARD","1183949","May","2025","FL"
"5099","CALHOUN","7501","May","2025","FL"
"5100","CHARLOTTE","143904","May","2025","FL"
"5101","CITRUS","114589","May","2025","FL"
"5102","CLAY","159556","May","2025","FL"
"5103","COLLIER","257292","May","2025","FL"
"5104","COLUMBIA","39989","May","2025","FL"
"5105","DESOTO","15273","May","2025","FL"
"5106","DIXIE","11356","May","2025","FL"
"5107","DUVAL","657788","May","2025","FL"
"5108","ESCAMBIA","223344","May","2025","FL"
"5109","FLAGLER","99611","May","2025","FL"
"5110","FRANKLIN","7650","May","2025","FL"
"5111","GADSDEN","26269","May","2025","FL"
"5112","GILCHRIST","12563","May","2025","FL"
"5113","GLADES","6472","May","2025","FL"
"5114","GULF","10774","May","2025","FL"
"5115","HAMILTON","6808","May","2025","FL"
"5116","HARDEE","11930","May","2025","FL"
"5117","HENDRY","18781","May","2025","FL"
"5118","HERNANDO","131986","May","2025","FL"
"5119","HIGHLANDS","62260","May","2025","FL"
"5120","HILLSBOROUGH","795883","May","2025","FL"
"5121","HOLMES","10950","May","2025","FL"
"5122","INDIAN RIVER","114181","May","2025","FL"
"5123","JACKSON","26400","May","2025","FL"
"5124","JEFFERSON","9684","May","2025","FL"
"5125","LAFAYETTE","4447","May","2025","FL"
"5126","LAKE","281089","May","2025","FL"
"5127","LEE","502549","May","2025","FL"
"5128","LEON","202989","May","2025","FL"
"5129","LEVY","28900","May","2025","FL"
"5130","LIBERTY","4470","May","2025","FL"
"5131","MADISON","10256","May","2025","FL"
"5132","MANATEE","268680","May","2025","FL"
"5133","MARION","255093","May","2025","FL"
"5134","MARTIN","112522","May","2025","FL"
"5135","MIAMI-DADE","1283777","May","2025","FL"
"5136","MONROE","53317","May","2025","FL"
"5137","NASSAU","78715","May","2025","FL"
"5138","OKALOOSA","142721","May","2025","FL"
"5139","OKEECHOBEE","19965","May","2025","FL"
"5140","ORANGE","817239","May","2025","FL"
"5141","OSCEOLA","218742","May","2025","FL"
"5142","PALM BEACH","908953","May","2025","FL"
"5143","PASCO","382564","May","2025","FL"
"5144","PINELLAS","595807","May","2025","FL"
"5145","POLK","424093","May","2025","FL"
"5146","PUTNAM","47023","May","2025","FL"
"5147","SANTA ROSA","149627","May","2025","FL"
"5148","SARASOTA","337018","May","2025","FL"
"5149","SEMINOLE","354096","May","2025","FL"
"5150","ST. JOHNS","239885","May","2025","FL"
"5151","ST. LUCIE","248108","May","2025","FL"
"5152","SUMTER","129510","May","2025","FL"
"5153","SUWANNEE","27406","May","2025","FL"
"5154","TAYLOR","11422","May","2025","FL"
"5155","UNION","7116","May","2025","FL"
"5156","VOLUSIA","402063","May","2025","FL"
"5157","WAKULLA","24584","May","2025","FL"
"5158","WALTON","61614","May","2025","FL"
"5159","WASHINGTON","15300","May","2025","FL"
"5160","ALACHUA","173223","June","2025","FL"
"5161","BAKER","17486","June","2025","FL"
"5162","BAY","135948","June","2025","FL"
"5163","BRADFORD","18479","June","2025","FL"
"5164","BREVARD","453348","June","2025","FL"
"5165","BROWARD","1185702","June","2025","FL"
"5166","CALHOUN","7505","June","2025","FL"
"5167","CHARLOTTE","144591","June","2025","FL"
"5168","CITRUS","115000","June","2025","FL"
"5169","CLAY","159234","June","2025","FL"
"5170","COLLIER","257939","June","2025","FL"
"5171","COLUMBIA","40100","June","2025","FL"
"5172","DESOTO","15278","June","2025","FL"
"5173","DIXIE","11357","June","2025","FL"
"5174","DUVAL","657638","June","2025","FL"
"5175","ESCAMBIA","223922","June","2025","FL"
"5176","FLAGLER","99624","June","2025","FL"
"5177","FRANKLIN","7645","June","2025","FL"
"5178","GADSDEN","26274","June","2025","FL"
"5179","GILCHRIST","12581","June","2025","FL"
"5180","GLADES","6523","June","2025","FL"
"5181","GULF","10798","June","2025","FL"
"5182","HAMILTON","6817","June","2025","FL"
"5183","HARDEE","11957","June","2025","FL"
"5184","HENDRY","17784","June","2025","FL"
"5185","HERNANDO","131683","June","2025","FL"
"5186","HIGHLANDS","62494","June","2025","FL"
"5187","HILLSBOROUGH","799774","June","2025","FL"
"5188","HOLMES","10995","June","2025","FL"
"5189","INDIAN RIVER","114649","June","2025","FL"
"5190","JACKSON","26494","June","2025","FL"
"5191","JEFFERSON","9693","June","2025","FL"
"5192","LAFAYETTE","4174","June","2025","FL"
"5193","LAKE","264389","June","2025","FL"
"5194","LEE","504020","June","2025","FL"
"5195","LEON","181872","June","2025","FL"
"5196","LEVY","29008","June","2025","FL"
"5197","LIBERTY","4470","June","2025","FL"
"5198","MADISON","10268","June","2025","FL"
"5199","MANATEE","269879","June","2025","FL"
"5200","MARION","254328","June","2025","FL"
"5201","MARTIN","112743","June","2025","FL"
"5202","MIAMI-DADE","1287549","June","2025","FL"
"5203","MONROE","53505","June","2025","FL"
"5204","NASSAU","78732","June","2025","FL"
"5205","OKALOOSA","143243","June","2025","FL"
"5206","OKEECHOBEE","20048","June","2025","FL"
"5207","ORANGE","820813","June","2025","FL"
"5208","OSCEOLA","219521","June","2025","FL"
"5209","PALM BEACH","911115","June","2025","FL"
"5210","PASCO","381837","June","2025","FL"
"5211","PINELLAS","597983","June","2025","FL"
"5212","POLK","426906","June","2025","FL"
"5213","PUTNAM","47149","June","2025","FL"
"5214","SANTA ROSA","134875","June","2025","FL"
"5215","SARASOTA","338054","June","2025","FL"
"5216","SEMINOLE","350675","June","2025","FL"
"5217","ST. JOHNS","227622","June","2025","FL"
"5218","ST. LUCIE","249027","June","2025","FL"
"5219","SUMTER","130277","June","2025","FL"
"5220","SUWANNEE","27496","June","2025","FL"
"5221","TAYLOR","11431","June","2025","FL"
"5222","UNION","7121","June","2025","FL"
"5223","VOLUSIA","396481","June","2025","FL"
"5224","WAKULLA","24652","June","2025","FL"
"5225","WALTON","61952","June","2025","FL"
"5226","WASHINGTON","15334","June","2025","FL"
"5227","ALACHUA","173510","July","2025","FL"
"5228","BAKER","17398","July","2025","FL"
"5229","BAY","136079","July","2025","FL"
"5230","BRADFORD","18484","July","2025","FL"
"5231","BREVARD","426122","July","2025","FL"
"5232","BROWARD","1188899","July","2025","FL"
"5233","CALHOUN","7518","July","2025","FL"
"5234","CHARLOTTE","145226","July","2025","FL"
"5235","CITRUS","115116","July","2025","FL"
"5236","CLAY","149314","July","2025","FL"
"5237","COLLIER","258559","July","2025","FL"
"5238","COLUMBIA","40292","July","2025","FL"
"5239","DESOTO","15309","July","2025","FL"
"5240","DIXIE","9826","July","2025","FL"
"5241","DUVAL","657484","July","2025","FL"
"5242","ESCAMBIA","221382","July","2025","FL"
"5243","FLAGLER","94260","July","2025","FL"
"5244","FRANKLIN","7653","July","2025","FL"
"5245","GADSDEN","26272","July","2025","FL"
"5246","GILCHRIST","12620","July","2025","FL"
"5247","GLADES","6543","July","2025","FL"
"5248","GULF","10828","July","2025","FL"
"5249","HAMILTON","6844","July","2025","FL"
"5250","HARDEE","11982","July","2025","FL"
"5251","HENDRY","17870","July","2025","FL"
"5252","HERNANDO","132129","July","2025","FL"
"5253","HIGHLANDS","62686","July","2025","FL"
"5254","HILLSBOROUGH","802356","July","2025","FL"
"5255","HOLMES","11024","July","2025","FL"
"5256","INDIAN RIVER","114944","July","2025","FL"
"5257","JACKSON","26298","July","2025","FL"
"5258","JEFFERSON","9718","July","2025","FL"
"5259","LAFAYETTE","4184","July","2025","FL"
"5260","LAKE","266171","July","2025","FL"
"5261","LEE","505368","July","2025","FL"
"5262","LEON","182183","July","2025","FL"
"5263","LEVY","29121","July","2025","FL"
"5264","LIBERTY","4477","July","2025","FL"
"5265","MADISON","10286","July","2025","FL"
"5266","MANATEE","271004","July","2025","FL"
"5267","MARION","255612","July","2025","FL"
"5268","MARTIN","112930","July","2025","FL"
"5269","MIAMI-DADE","1283639","July","2025","FL"
"5270","MONROE","53681","July","2025","FL"
"5271","NASSAU","78718","July","2025","FL"
"5272","OKALOOSA","142251","July","2025","FL"
"5273","OKEECHOBEE","20134","July","2025","FL"
"5274","ORANGE","821437","July","2025","FL"
"5275","OSCEOLA","221128","July","2025","FL"
"5276","PALM BEACH","913333","July","2025","FL"
"5277","PASCO","382853","July","2025","FL"
"5278","PINELLAS","599019","July","2025","FL"
"5279","POLK","429697","July","2025","FL"
"5280","PUTNAM","47323","July","2025","FL"
"5281","SANTA ROSA","135714","July","2025","FL"
"5282","SARASOTA","319413","July","2025","FL"
"5283","SEMINOLE","349730","July","2025","FL"
"5284","ST. JOHNS","229318","July","2025","FL"
"5285","ST. LUCIE","249976","July","2025","FL"
"5286","SUMTER","131011","July","2025","FL"
"5287","SUWANNEE","25520","July","2025","FL"
"5288","TAYLOR","11450","July","2025","FL"
"5289","UNION","7122","July","2025","FL"
"5290","VOLUSIA","396302","July","2025","FL"
"5291","WAKULLA","24744","July","2025","FL"
"5292","WALTON","59091","July","2025","FL"
"5293","WASHINGTON","15410","July","2025","FL"
"5294","ALACHUA","173879","August","2025","FL"
"5295","BAKER","17340","August","2025","FL"
"5296","BAY","136553","August","2025","FL"
"5297","BRADFORD","18530","August","2025","FL"
"5298","BREVARD","428019","August","2025","FL"
"5299","BROWARD","1189399","August","2025","FL"
"5300","CALHOUN","7515","August","2025","FL"
"5301","CHARLOTTE","145783","August","2025","FL"
"5302","CITRUS","115439","August","2025","FL"
"5303","CLAY","150164","August","2025","FL"
"5304","COLLIER","259212","August","2025","FL"
"5305","COLUMBIA","40413","August","2025","FL"
"5306","DESOTO","15347","August","2025","FL"
"5307","DIXIE","9874","August","2025","FL"
"5308","DUVAL","651972","August","2025","FL"
"5309","ESCAMBIA","219503","August","2025","FL"
"5310","FLAGLER","94774","August","2025","FL"
"5311","FRANKLIN","7679","August","2025","FL"
"5312","GADSDEN","26287","August","2025","FL"
"5313","GILCHRIST","12658","August","2025","FL"
"5314","GLADES","6565","August","2025","FL"
"5315","GULF","10846","August","2025","FL"
"5316","HAMILTON","6851","August","2025","FL"
"5317","HARDEE","12035","August","2025","FL"
"5318","HENDRY","17989","August","2025","FL"
"5319","HERNANDO","132408","August","2025","FL"
"5320","HIGHLANDS","62859","August","2025","FL"
"5321","HILLSBOROUGH","804623","August","2025","FL"
"5322","HOLMES","11055","August","2025","FL"
"5323","INDIAN RIVER","115338","August","2025","FL"
"5324","JACKSON","26377","August","2025","FL"
"5325","JEFFERSON","9751","August","2025","FL"
"5326","LAFAYETTE","4198","August","2025","FL"
"5327","LAKE","267297","August","2025","FL"
"5328","LEE","507098","August","2025","FL"
"5329","LEON","182614","August","2025","FL"
"5330","LEVY","29236","August","2025","FL"
"5331","LIBERTY","4474","August","2025","FL"
"5332","MADISON","10303","August","2025","FL"
"5333","MANATEE","271944","August","2025","FL"
"5334","MARION","256933","August","2025","FL"
"5335","MARTIN","113230","August","2025","FL"
"5336","MIAMI-DADE","1280519","August","2025","FL"
"5337","MONROE","53788","August","2025","FL"
"5338","NASSAU","78759","August","2025","FL"
"5339","OKALOOSA","142792","August","2025","FL"
"5340","OKEECHOBEE","20192","August","2025","FL"
"5341","ORANGE","823949","August","2025","FL"
"5342","OSCEOLA","222376","August","2025","FL"
"5343","PALM BEACH","857259","August","2025","FL"
"5344","PASCO","384210","August","2025","FL"
"5345","PINELLAS","599974","August","2025","FL"
"5346","POLK","431796","August","2025","FL"
"5347","PUTNAM","47441","August","2025","FL"
"5348","SANTA ROSA","136387","August","2025","FL"
"5349","SARASOTA","320749","August","2025","FL"
"5350","SEMINOLE","350192","August","2025","FL"
"5351","ST. JOHNS","230073","August","2025","FL"
"5352","ST. LUCIE","232801","August","2025","FL"
"5353","SUMTER","122232","August","2025","FL"
"5354","SUWANNEE","25607","August","2025","FL"
"5355","TAYLOR","11447","August","2025","FL"
"5356","UNION","7139","August","2025","FL"
"5357","VOLUSIA","397481","August","2025","FL"
"5358","WAKULLA","24807","August","2025","FL"
"5359","WALTON","59388","August","2025","FL"
"5360","WASHINGTON","15469","August","2025","FL"
"5361","ALACHUA","174015","September","2025","FL"
"5362","BAKER","17382","September","2025","FL"
"5363","BAY","136993","September","2025","FL"
"5364","BRADFORD","16436","September","2025","FL"
"5365","BREVARD","429774","September","2025","FL"
"5366","BROWARD","1193889","September","2025","FL"
"5367","CALHOUN","7523","September","2025","FL"
"5368","CHARLOTTE","146418","September","2025","FL"
"5369","CITRUS","115428","September","2025","FL"
"5370","CLAY","150700","September","2025","FL"
"5371","COLLIER","259968","September","2025","FL"
"5372","COLUMBIA","40504","September","2025","FL"
"5373","DESOTO","15361","September","2025","FL"
"5374","DIXIE","9864","September","2025","FL"
"5375","DUVAL","638812","September","2025","FL"
"5376","ESCAMBIA","209942","September","2025","FL"
"5377","FLAGLER","95137","September","2025","FL"
"5378","FRANKLIN","7683","September","2025","FL"
"5379","GADSDEN","26340","September","2025","FL"
"5380","GILCHRIST","12710","September","2025","FL"
"5381","GLADES","6569","September","2025","FL"
"5382","GULF","10888","September","2025","FL"
"5383","HAMILTON","6884","September","2025","FL"
"5384","HARDEE","12072","September","2025","FL"
"5385","HENDRY","18113","September","2025","FL"
"5386","HERNANDO","132795","September","2025","FL"
"5387","HIGHLANDS","63064","September","2025","FL"
"5388","HILLSBOROUGH","806350","September","2025","FL"
"5389","HOLMES","11077","September","2025","FL"
"5390","INDIAN RIVER","115741","September","2025","FL"
"5391","JACKSON","26499","September","2025","FL"
"5392","JEFFERSON","9771","September","2025","FL"
"5393","LAFAYETTE","4207","September","2025","FL"
"5394","LAKE","268514","September","2025","FL"
"5395","LEE","508738","September","2025","FL"
"5396","LEON","183015","September","2025","FL"
"5397","LEVY","29324","September","2025","FL"
"5398","LIBERTY","4472","September","2025","FL"
"5399","MADISON","10323","September","2025","FL"
"5400","MANATEE","272884","September","2025","FL"
"5401","MARION","258051","September","2025","FL"
"5402","MARTIN","113500","September","2025","FL"
"5403","MIAMI-DADE","1272616","September","2025","FL"
"5404","MONROE","53729","September","2025","FL"
"5405","NASSAU","78950","September","2025","FL"
"5406","OKALOOSA","143301","September","2025","FL"
"5407","OKEECHOBEE","20260","September","2025","FL"
"5408","ORANGE","818840","September","2025","FL"
"5409","OSCEOLA","223080","September","2025","FL"
"5410","PALM BEACH","859864","September","2025","FL"
"5411","PASCO","385848","September","2025","FL"
"5412","PINELLAS","601110","September","2025","FL"
"5413","POLK","434665","September","2025","FL"
"5414","PUTNAM","47437","September","2025","FL"
"5415","SANTA ROSA","137129","September","2025","FL"
"5416","SARASOTA","321650","September","2025","FL"
"5417","SEMINOLE","346137","September","2025","FL"
"5418","ST. JOHNS","230330","September","2025","FL"
"5419","ST. LUCIE","233771","September","2025","FL"
"5420","SUMTER","122866","September","2025","FL"
"5421","SUWANNEE","25717","September","2025","FL"
"5422","TAYLOR","11457","September","2025","FL"
"5423","UNION","7126","September","2025","FL"
"5424","VOLUSIA","398397","September","2025","FL"
"5425","WAKULLA","24856","September","2025","FL"
"5426","WALTON","59617","September","2025","FL"
"5427","WASHINGTON","15522","September","2025","FL"
"5428","ALACHUA",NA,"October","2025","FL"
"5429","BAKER",NA,"October","2025","FL"
"5430","BAY",NA,"October","2025","FL"
"5431","BRADFORD",NA,"October","2025","FL"
"5432","BREVARD",NA,"October","2025","FL"
"5433","BROWARD",NA,"October","2025","FL"
"5434","CALHOUN",NA,"October","2025","FL"
"5435","CHARLOTTE",NA,"October","2025","FL"
"5436","CITRUS",NA,"October","2025","FL"
"5437","CLAY",NA,"October","2025","FL"
"5438","COLLIER",NA,"October","2025","FL"
"5439","COLUMBIA",NA,"October","2025","FL"
"5440","DESOTO",NA,"October","2025","FL"
"5441","DIXIE",NA,"October","2025","FL"
"5442","DUVAL",NA,"October","2025","FL"
"5443","ESCAMBIA",NA,"October","2025","FL"
"5444","FLAGLER",NA,"October","2025","FL"
"5445","FRANKLIN",NA,"October","2025","FL"
"5446","GADSDEN",NA,"October","2025","FL"
"5447","GILCHRIST",NA,"October","2025","FL"
"5448","GLADES",NA,"October","2025","FL"
"5449","GULF",NA,"October","2025","FL"
"5450","HAMILTON",NA,"October","2025","FL"
"5451","HARDEE",NA,"October","2025","FL"
"5452","HENDRY",NA,"October","2025","FL"
"5453","HERNANDO",NA,"October","2025","FL"
"5454","HIGHLANDS",NA,"October","2025","FL"
"5455","HILLSBOROUGH",NA,"October","2025","FL"
"5456","HOLMES",NA,"October","2025","FL"
"5457","INDIAN RIVER",NA,"October","2025","FL"
"5458","JACKSON",NA,"October","2025","FL"
"5459","JEFFERSON",NA,"October","2025","FL"
"5460","LAFAYETTE",NA,"October","2025","FL"
"5461","LAKE",NA,"October","2025","FL"
"5462","LEE",NA,"October","2025","FL"
"5463","LEON",NA,"October","2025","FL"
"5464","LEVY",NA,"October","2025","FL"
"5465","LIBERTY",NA,"October","2025","FL"
"5466","MADISON",NA,"October","2025","FL"
"5467","MANATEE",NA,"October","2025","FL"
"5468","MARION",NA,"October","2025","FL"
"5469","MARTIN",NA,"October","2025","FL"
"5470","MIAMI-DADE",NA,"October","2025","FL"
"5471","MONROE",NA,"October","2025","FL"
"5472","NASSAU",NA,"October","2025","FL"
"5473","OKALOOSA",NA,"October","2025","FL"
"5474","OKEECHOBEE",NA,"October","2025","FL"
"5475","ORANGE",NA,"October","2025","FL"
"5476","OSCEOLA",NA,"October","2025","FL"
"5477","PALM BEACH",NA,"October","2025","FL"
"5478","PASCO",NA,"October","2025","FL"
"5479","PINELLAS",NA,"October","2025","FL"
"5480","POLK",NA,"October","2025","FL"
"5481","PUTNAM",NA,"October","2025","FL"
"5482","SANTA ROSA",NA,"October","2025","FL"
"5483","SARASOTA",NA,"October","2025","FL"
"5484","SEMINOLE",NA,"October","2025","FL"
"5485","ST. JOHNS",NA,"October","2025","FL"
"5486","ST. LUCIE",NA,"October","2025","FL"
"5487","SUMTER",NA,"October","2025","FL"
"5488","SUWANNEE",NA,"October","2025","FL"
"5489","TAYLOR",NA,"October","2025","FL"
"5490","UNION",NA,"October","2025","FL"
"5491","VOLUSIA",NA,"October","2025","FL"
"5492","WAKULLA",NA,"October","2025","FL"
"5493","WALTON",NA,"October","2025","FL"
"5494","WASHINGTON",NA,"October","2025","FL"
"5495","ALACHUA",NA,"November","2025","FL"
"5496","BAKER",NA,"November","2025","FL"
"5497","BAY",NA,"November","2025","FL"
"5498","BRADFORD",NA,"November","2025","FL"
"5499","BREVARD",NA,"November","2025","FL"
"5500","BROWARD",NA,"November","2025","FL"
"5501","CALHOUN",NA,"November","2025","FL"
"5502","CHARLOTTE",NA,"November","2025","FL"
"5503","CITRUS",NA,"November","2025","FL"
"5504","CLAY",NA,"November","2025","FL"
"5505","COLLIER",NA,"November","2025","FL"
"5506","COLUMBIA",NA,"November","2025","FL"
"5507","DESOTO",NA,"November","2025","FL"
"5508","DIXIE",NA,"November","2025","FL"
"5509","DUVAL",NA,"November","2025","FL"
"5510","ESCAMBIA",NA,"November","2025","FL"
"5511","FLAGLER",NA,"November","2025","FL"
"5512","FRANKLIN",NA,"November","2025","FL"
"5513","GADSDEN",NA,"November","2025","FL"
"5514","GILCHRIST",NA,"November","2025","FL"
"5515","GLADES",NA,"November","2025","FL"
"5516","GULF",NA,"November","2025","FL"
"5517","HAMILTON",NA,"November","2025","FL"
"5518","HARDEE",NA,"November","2025","FL"
"5519","HENDRY",NA,"November","2025","FL"
"5520","HERNANDO",NA,"November","2025","FL"
"5521","HIGHLANDS",NA,"November","2025","FL"
"5522","HILLSBOROUGH",NA,"November","2025","FL"
"5523","HOLMES",NA,"November","2025","FL"
"5524","INDIAN RIVER",NA,"November","2025","FL"
"5525","JACKSON",NA,"November","2025","FL"
"5526","JEFFERSON",NA,"November","2025","FL"
"5527","LAFAYETTE",NA,"November","2025","FL"
"5528","LAKE",NA,"November","2025","FL"
"5529","LEE",NA,"November","2025","FL"
"5530","LEON",NA,"November","2025","FL"
"5531","LEVY",NA,"November","2025","FL"
"5532","LIBERTY",NA,"November","2025","FL"
"5533","MADISON",NA,"November","2025","FL"
"5534","MANATEE",NA,"November","2025","FL"
"5535","MARION",NA,"November","2025","FL"
"5536","MARTIN",NA,"November","2025","FL"
"5537","MIAMI-DADE",NA,"November","2025","FL"
"5538","MONROE",NA,"November","2025","FL"
"5539","NASSAU",NA,"November","2025","FL"
"5540","OKALOOSA",NA,"November","2025","FL"
"5541","OKEECHOBEE",NA,"November","2025","FL"
"5542","ORANGE",NA,"November","2025","FL"
"5543","OSCEOLA",NA,"November","2025","FL"
"5544","PALM BEACH",NA,"November","2025","FL"
"5545","PASCO",NA,"November","2025","FL"
"5546","PINELLAS",NA,"November","2025","FL"
"5547","POLK",NA,"November","2025","FL"
"5548","PUTNAM",NA,"November","2025","FL"
"5549","SANTA ROSA",NA,"November","2025","FL"
"5550","SARASOTA",NA,"November","2025","FL"
"5551","SEMINOLE",NA,"November","2025","FL"
"5552","ST. JOHNS",NA,"November","2025","FL"
"5553","ST. LUCIE",NA,"November","2025","FL"
"5554","SUMTER",NA,"November","2025","FL"
"5555","SUWANNEE",NA,"November","2025","FL"
"5556","TAYLOR",NA,"November","2025","FL"
"5557","UNION",NA,"November","2025","FL"
"5558","VOLUSIA",NA,"November","2025","FL"
"5559","WAKULLA",NA,"November","2025","FL"
"5560","WALTON",NA,"November","2025","FL"
"5561","WASHINGTON",NA,"November","2025","FL"
"5562","ALACHUA",NA,"December","2025","FL"
"5563","BAKER",NA,"December","2025","FL"
"5564","BAY",NA,"December","2025","FL"
"5565","BRADFORD",NA,"December","2025","FL"
"5566","BREVARD",NA,"December","2025","FL"
"5567","BROWARD",NA,"December","2025","FL"
"5568","CALHOUN",NA,"December","2025","FL"
"5569","CHARLOTTE",NA,"December","2025","FL"
"5570","CITRUS",NA,"December","2025","FL"
"5571","CLAY",NA,"December","2025","FL"
"5572","COLLIER",NA,"December","2025","FL"
"5573","COLUMBIA",NA,"December","2025","FL"
"5574","DESOTO",NA,"December","2025","FL"
"5575","DIXIE",NA,"December","2025","FL"
"5576","DUVAL",NA,"December","2025","FL"
"5577","ESCAMBIA",NA,"December","2025","FL"
"5578","FLAGLER",NA,"December","2025","FL"
"5579","FRANKLIN",NA,"December","2025","FL"
"5580","GADSDEN",NA,"December","2025","FL"
"5581","GILCHRIST",NA,"December","2025","FL"
"5582","GLADES",NA,"December","2025","FL"
"5583","GULF",NA,"December","2025","FL"
"5584","HAMILTON",NA,"December","2025","FL"
"5585","HARDEE",NA,"December","2025","FL"
"5586","HENDRY",NA,"December","2025","FL"
"5587","HERNANDO",NA,"December","2025","FL"
"5588","HIGHLANDS",NA,"December","2025","FL"
"5589","HILLSBOROUGH",NA,"December","2025","FL"
"5590","HOLMES",NA,"December","2025","FL"
"5591","INDIAN RIVER",NA,"December","2025","FL"
"5592","JACKSON",NA,"December","2025","FL"
"5593","JEFFERSON",NA,"December","2025","FL"
"5594","LAFAYETTE",NA,"December","2025","FL"
"5595","LAKE",NA,"December","2025","FL"
"5596","LEE",NA,"December","2025","FL"
"5597","LEON",NA,"December","2025","FL"
"5598","LEVY",NA,"December","2025","FL"
"5599","LIBERTY",NA,"December","2025","FL"
"5600","MADISON",NA,"December","2025","FL"
"5601","MANATEE",NA,"December","2025","FL"
"5602","MARION",NA,"December","2025","FL"
"5603","MARTIN",NA,"December","2025","FL"
"5604","MIAMI-DADE",NA,"December","2025","FL"
"5605","MONROE",NA,"December","2025","FL"
"5606","NASSAU",NA,"December","2025","FL"
"5607","OKALOOSA",NA,"December","2025","FL"
"5608","OKEECHOBEE",NA,"December","2025","FL"
"5609","ORANGE",NA,"December","2025","FL"
"5610","OSCEOLA",NA,"December","2025","FL"
"5611","PALM BEACH",NA,"December","2025","FL"
"5612","PASCO",NA,"December","2025","FL"
"5613","PINELLAS",NA,"December","2025","FL"
"5614","POLK",NA,"December","2025","FL"
"5615","PUTNAM",NA,"December","2025","FL"
"5616","SANTA ROSA",NA,"December","2025","FL"
"5617","SARASOTA",NA,"December","2025","FL"
"5618","SEMINOLE",NA,"December","2025","FL"
"5619","ST. JOHNS",NA,"December","2025","FL"
"5620","ST. LUCIE",NA,"December","2025","FL"
"5621","SUMTER",NA,"December","2025","FL"
"5622","SUWANNEE",NA,"December","2025","FL"
"5623","TAYLOR",NA,"December","2025","FL"
"5624","UNION",NA,"December","2025","FL"
"5625","VOLUSIA",NA,"December","2025","FL"
"5626","WAKULLA",NA,"December","2025","FL"
"5627","WALTON",NA,"December","2025","FL"
"5628","WASHINGTON",NA,"December","2025","FL"
"5629","Alachua","182821","January","2020","FL"
"5630","Baker","15424","January","2020","FL"
"5631","Bay","115383","January","2020","FL"
"5632","Bradford","16826","January","2020","FL"
"5633","Brevard","433799","January","2020","FL"
"5634","Broward","1189870","January","2020","FL"
"5635","Calhoun","8308","January","2020","FL"
"5636","Charlotte","144826","January","2020","FL"
"5637","Citrus","109732","January","2020","FL"
"5638","Clay","155166","January","2020","FL"
"5639","Collier","207560","January","2020","FL"
"5640","Columbia","41576","January","2020","FL"
"5641","Desoto","16592","January","2020","FL"
"5642","Dixie","9803","January","2020","FL"
"5643","Duval","625249","January","2020","FL"
"5644","Escambia","219164","January","2020","FL"
"5645","Flagler","86922","January","2020","FL"
"5646","Franklin","8059","January","2020","FL"
"5647","Gadsden","30180","January","2020","FL"
"5648","Gilchrist","11875","January","2020","FL"
"5649","Glades","6683","January","2020","FL"
"5650","Gulf","10512","January","2020","FL"
"5651","Hamilton","7736","January","2020","FL"
"5652","Hardee","12442","January","2020","FL"
"5653","Hendry","17809","January","2020","FL"
"5654","Hernando","139891","January","2020","FL"
"5655","Highlands","61659","January","2020","FL"
"5656","Hillsborough","873617","January","2020","FL"
"5657","Holmes","10964","January","2020","FL"
"5658","Indian River","118423","January","2020","FL"
"5659","Jackson","28389","January","2020","FL"
"5660","Jefferson","9787","January","2020","FL"
"5661","Lafayette","4404","January","2020","FL"
"5662","Lake","243575","January","2020","FL"
"5663","Lee","467704","January","2020","FL"
"5664","Leon","214402","January","2020","FL"
"5665","Levy","28432","January","2020","FL"
"5666","Liberty","4411","January","2020","FL"
"5667","Madison","12093","January","2020","FL"
"5668","Manatee","254796","January","2020","FL"
"5669","Marion","249631","January","2020","FL"
"5670","Martin","111686","January","2020","FL"
"5671","Miami-Dade","1458299","January","2020","FL"
"5672","Monroe","53938","January","2020","FL"
"5673","Nassau","67640","January","2020","FL"
"5674","Okaloosa","138713","January","2020","FL"
"5675","Okeechobee","20980","January","2020","FL"
"5676","Orange","839552","January","2020","FL"
"5677","Osceola","221841","January","2020","FL"
"5678","Palm Beach","971229","January","2020","FL"
"5679","Pasco","364868","January","2020","FL"
"5680","Pinellas","684851","January","2020","FL"
"5681","Polk","441751","January","2020","FL"
"5682","Putnam","48432","January","2020","FL"
"5683","Santa Rosa","135583","January","2020","FL"
"5684","Sarasota","322790","January","2020","FL"
"5685","Seminole","315977","January","2020","FL"
"5686","St. Johns","194919","January","2020","FL"
"5687","St. Lucie","206805","January","2020","FL"
"5688","Sumter","103113","January","2020","FL"
"5689","Suwannee","26108","January","2020","FL"
"5690","Taylor","12097","January","2020","FL"
"5691","Union","7449","January","2020","FL"
"5692","Volusia","370228","January","2020","FL"
"5693","Wakulla","21492","January","2020","FL"
"5694","Walton","53104","January","2020","FL"
"5695","Washington","16457","January","2020","FL"
"5696","Alachua","184781","February","2020","FL"
"5697","Baker","15575","February","2020","FL"
"5698","Bay","116397","February","2020","FL"
"5699","Bradford","16937","February","2020","FL"
"5700","Brevard","437039","February","2020","FL"
"5701","Broward","1201501","February","2020","FL"
"5702","Calhoun","8366","February","2020","FL"
"5703","Charlotte","145660","February","2020","FL"
"5704","Citrus","110587","February","2020","FL"
"5705","Clay","156187","February","2020","FL"
"5706","Collier","210045","February","2020","FL"
"5707","Columbia","41824","February","2020","FL"
"5708","Desoto","16734","February","2020","FL"
"5709","Dixie","9901","February","2020","FL"
"5710","Duval","630434","February","2020","FL"
"5711","Escambia","221105","February","2020","FL"
"5712","Flagler","87616","February","2020","FL"
"5713","Franklin","8114","February","2020","FL"
"5714","Gadsden","30436","February","2020","FL"
"5715","Gilchrist","11950","February","2020","FL"
"5716","Glades","6759","February","2020","FL"
"5717","Gulf","10545","February","2020","FL"
"5718","Hamilton","7771","February","2020","FL"
"5719","Hardee","12572","February","2020","FL"
"5720","Hendry","17994","February","2020","FL"
"5721","Hernando","140916","February","2020","FL"
"5722","Highlands","62051","February","2020","FL"
"5723","Hillsborough","881515","February","2020","FL"
"5724","Holmes","11013","February","2020","FL"
"5725","Indian River","119146","February","2020","FL"
"5726","Jackson","28567","February","2020","FL"
"5727","Jefferson","9822","February","2020","FL"
"5728","Lafayette","4433","February","2020","FL"
"5729","Lake","245961","February","2020","FL"
"5730","Lee","471582","February","2020","FL"
"5731","Leon","215907","February","2020","FL"
"5732","Levy","28625","February","2020","FL"
"5733","Liberty","4449","February","2020","FL"
"5734","Madison","11646","February","2020","FL"
"5735","Manatee","256551","February","2020","FL"
"5736","Marion","251462","February","2020","FL"
"5737","Martin","112140","February","2020","FL"
"5738","Miami-Dade","1473063","February","2020","FL"
"5739","Monroe","53408","February","2020","FL"
"5740","Nassau","68222","February","2020","FL"
"5741","Okaloosa","139978","February","2020","FL"
"5742","Okeechobee","21145","February","2020","FL"
"5743","Orange","846925","February","2020","FL"
"5744","Osceola","224714","February","2020","FL"
"5745","Palm Beach","977830","February","2020","FL"
"5746","Pasco","367777","February","2020","FL"
"5747","Pinellas","689459","February","2020","FL"
"5748","Polk","445808","February","2020","FL"
"5749","Putnam","48717","February","2020","FL"
"5750","Santa Rosa","136704","February","2020","FL"
"5751","Sarasota","325023","February","2020","FL"
"5752","Seminole","319132","February","2020","FL"
"5753","St. Johns","196330","February","2020","FL"
"5754","St. Lucie","208611","February","2020","FL"
"5755","Sumter","103831","February","2020","FL"
"5756","Suwannee","26337","February","2020","FL"
"5757","Taylor","12201","February","2020","FL"
"5758","Union","7501","February","2020","FL"
"5759","Volusia","373681","February","2020","FL"
"5760","Wakulla","21645","February","2020","FL"
"5761","Walton","53548","February","2020","FL"
"5762","Washington","16557","February","2020","FL"
"5763","Alachua","185150","March","2020","FL"
"5764","Baker","15711","March","2020","FL"
"5765","Bay","116519","March","2020","FL"
"5766","Bradford","16969","March","2020","FL"
"5767","Brevard","438761","March","2020","FL"
"5768","Broward","1206456","March","2020","FL"
"5769","Calhoun","8414","March","2020","FL"
"5770","Charlotte","145885","March","2020","FL"
"5771","Citrus","111149","March","2020","FL"
"5772","Clay","156169","March","2020","FL"
"5773","Collier","211339","March","2020","FL"
"5774","Columbia","42064","March","2020","FL"
"5775","Desoto","16789","March","2020","FL"
"5776","Dixie","9936","March","2020","FL"
"5777","Duval","634136","March","2020","FL"
"5778","Escambia","221916","March","2020","FL"
"5779","Flagler","87666","March","2020","FL"
"5780","Franklin","8172","March","2020","FL"
"5781","Gadsden","30715","March","2020","FL"
"5782","Gilchrist","11979","March","2020","FL"
"5783","Glades","6779","March","2020","FL"
"5784","Gulf","10554","March","2020","FL"
"5785","Hamilton","7784","March","2020","FL"
"5786","Hardee","12594","March","2020","FL"
"5787","Hendry","18083","March","2020","FL"
"5788","Hernando","141357","March","2020","FL"
"5789","Highlands","62361","March","2020","FL"
"5790","Hillsborough","883453","March","2020","FL"
"5791","Holmes","10919","March","2020","FL"
"5792","Indian River","119492","March","2020","FL"
"5793","Jackson","28693","March","2020","FL"
"5794","Jefferson","9870","March","2020","FL"
"5795","Lafayette","4317","March","2020","FL"
"5796","Lake","248050","March","2020","FL"
"5797","Lee","473155","March","2020","FL"
"5798","Leon","215733","March","2020","FL"
"5799","Levy","28725","March","2020","FL"
"5800","Liberty","4458","March","2020","FL"
"5801","Madison","11715","March","2020","FL"
"5802","Manatee","257483","March","2020","FL"
"5803","Marion","252348","March","2020","FL"
"5804","Martin","112456","March","2020","FL"
"5805","Miami-Dade","1478836","March","2020","FL"
"5806","Monroe","53768","March","2020","FL"
"5807","Nassau","68056","March","2020","FL"
"5808","Okaloosa","139975","March","2020","FL"
"5809","Okeechobee","21223","March","2020","FL"
"5810","Orange","843650","March","2020","FL"
"5811","Osceola","223925","March","2020","FL"
"5812","Palm Beach","981126","March","2020","FL"
"5813","Pasco","370313","March","2020","FL"
"5814","Pinellas","683825","March","2020","FL"
"5815","Polk","449468","March","2020","FL"
"5816","Putnam","48952","March","2020","FL"
"5817","Santa Rosa","137214","March","2020","FL"
"5818","Sarasota","326115","March","2020","FL"
"5819","Seminole","318686","March","2020","FL"
"5820","St. Johns","196816","March","2020","FL"
"5821","St. Lucie","209668","March","2020","FL"
"5822","Sumter","104135","March","2020","FL"
"5823","Suwannee","26436","March","2020","FL"
"5824","Taylor","12183","March","2020","FL"
"5825","Union","7525","March","2020","FL"
"5826","Volusia","375945","March","2020","FL"
"5827","Wakulla","21735","March","2020","FL"
"5828","Walton","53641","March","2020","FL"
"5829","Washington","16617","March","2020","FL"
"5830","Alachua","185393","April","2020","FL"
"5831","Baker","15752","April","2020","FL"
"5832","Bay","116546","April","2020","FL"
"5833","Bradford","16966","April","2020","FL"
"5834","Brevard","428038","April","2020","FL"
"5835","Broward","1208415","April","2020","FL"
"5836","Calhoun","8411","April","2020","FL"
"5837","Charlotte","145601","April","2020","FL"
"5838","Citrus","111192","April","2020","FL"
"5839","Clay","155929","April","2020","FL"
"5840","Collier","211221","April","2020","FL"
"5841","Columbia","42115","April","2020","FL"
"5842","Desoto","16845","April","2020","FL"
"5843","Dixie","9969","April","2020","FL"
"5844","Duval","635073","April","2020","FL"
"5845","Escambia","221289","April","2020","FL"
"5846","Flagler","87281","April","2020","FL"
"5847","Franklin","8174","April","2020","FL"
"5848","Gadsden","30557","April","2020","FL"
"5849","Gilchrist","11972","April","2020","FL"
"5850","Glades","6786","April","2020","FL"
"5851","Gulf","10570","April","2020","FL"
"5852","Hamilton","7813","April","2020","FL"
"5853","Hardee","12592","April","2020","FL"
"5854","Hendry","18166","April","2020","FL"
"5855","Hernando","140935","April","2020","FL"
"5856","Highlands","62517","April","2020","FL"
"5857","Hillsborough","882706","April","2020","FL"
"5858","Holmes","10887","April","2020","FL"
"5859","Indian River","118870","April","2020","FL"
"5860","Jackson","28613","April","2020","FL"
"5861","Jefferson","9828","April","2020","FL"
"5862","Lafayette","4343","April","2020","FL"
"5863","Lake","248606","April","2020","FL"
"5864","Lee","472494","April","2020","FL"
"5865","Leon","215707","April","2020","FL"
"5866","Levy","28774","April","2020","FL"
"5867","Liberty","4467","April","2020","FL"
"5868","Madison","11717","April","2020","FL"
"5869","Manatee","257894","April","2020","FL"
"5870","Marion","252562","April","2020","FL"
"5871","Martin","112831","April","2020","FL"
"5872","Miami-Dade","1480362","April","2020","FL"
"5873","Monroe","53814","April","2020","FL"
"5874","Nassau","67983","April","2020","FL"
"5875","Okaloosa","140109","April","2020","FL"
"5876","Okeechobee","21282","April","2020","FL"
"5877","Orange","822583","April","2020","FL"
"5878","Osceola","222390","April","2020","FL"
"5879","Palm Beach","980249","April","2020","FL"
"5880","Pasco","371297","April","2020","FL"
"5881","Pinellas","680054","April","2020","FL"
"5882","Polk","450458","April","2020","FL"
"5883","Putnam","48985","April","2020","FL"
"5884","Santa Rosa","137399","April","2020","FL"
"5885","Sarasota","326066","April","2020","FL"
"5886","Seminole","320170","April","2020","FL"
"5887","St. Johns","196060","April","2020","FL"
"5888","St. Lucie","210505","April","2020","FL"
"5889","Sumter","100677","April","2020","FL"
"5890","Suwannee","26490","April","2020","FL"
"5891","Taylor","12217","April","2020","FL"
"5892","Union","7528","April","2020","FL"
"5893","Volusia","376603","April","2020","FL"
"5894","Wakulla","21753","April","2020","FL"
"5895","Walton","53785","April","2020","FL"
"5896","Washington","16647","April","2020","FL"
"5897","Alachua","185154","May","2020","FL"
"5898","Baker","15788","May","2020","FL"
"5899","Bay","116887","May","2020","FL"
"5900","Bradford","17024","May","2020","FL"
"5901","Brevard","429647","May","2020","FL"
"5902","Broward","1210934","May","2020","FL"
"5903","Calhoun","8416","May","2020","FL"
"5904","Charlotte","145387","May","2020","FL"
"5905","Citrus","111597","May","2020","FL"
"5906","Clay","156188","May","2020","FL"
"5907","Collier","212670","May","2020","FL"
"5908","Columbia","42158","May","2020","FL"
"5909","Desoto","16894","May","2020","FL"
"5910","Dixie","9997","May","2020","FL"
"5911","Duval","631017","May","2020","FL"
"5912","Escambia","222059","May","2020","FL"
"5913","Flagler","87692","May","2020","FL"
"5914","Franklin","8196","May","2020","FL"
"5915","Gadsden","30591","May","2020","FL"
"5916","Gilchrist","11997","May","2020","FL"
"5917","Glades","6815","May","2020","FL"
"5918","Gulf","10282","May","2020","FL"
"5919","Hamilton","7840","May","2020","FL"
"5920","Hardee","12623","May","2020","FL"
"5921","Hendry","18226","May","2020","FL"
"5922","Hernando","141271","May","2020","FL"
"5923","Highlands","62744","May","2020","FL"
"5924","Hillsborough","885198","May","2020","FL"
"5925","Holmes","10932","May","2020","FL"
"5926","Indian River","119411","May","2020","FL"
"5927","Jackson","28681","May","2020","FL"
"5928","Jefferson","9828","May","2020","FL"
"5929","Lafayette","4359","May","2020","FL"
"5930","Lake","249648","May","2020","FL"
"5931","Lee","464249","May","2020","FL"
"5932","Leon","212365","May","2020","FL"
"5933","Levy","28637","May","2020","FL"
"5934","Liberty","4495","May","2020","FL"
"5935","Madison","11730","May","2020","FL"
"5936","Manatee","258827","May","2020","FL"
"5937","Marion","252219","May","2020","FL"
"5938","Martin","113200","May","2020","FL"
"5939","Miami-Dade","1483459","May","2020","FL"
"5940","Monroe","53671","May","2020","FL"
"5941","Nassau","68097","May","2020","FL"
"5942","Okaloosa","140734","May","2020","FL"
"5943","Okeechobee","21336","May","2020","FL"
"5944","Orange","810882","May","2020","FL"
"5945","Osceola","222038","May","2020","FL"
"5946","Palm Beach","982287","May","2020","FL"
"5947","Pasco","373069","May","2020","FL"
"5948","Pinellas","680921","May","2020","FL"
"5949","Polk","449905","May","2020","FL"
"5950","Putnam","49056","May","2020","FL"
"5951","Santa Rosa","137887","May","2020","FL"
"5952","Sarasota","326707","May","2020","FL"
"5953","Seminole","320391","May","2020","FL"
"5954","St. Johns","197236","May","2020","FL"
"5955","St. Lucie","211168","May","2020","FL"
"5956","Sumter","100734","May","2020","FL"
"5957","Suwannee","26577","May","2020","FL"
"5958","Taylor","12240","May","2020","FL"
"5959","Union","7537","May","2020","FL"
"5960","Volusia","377224","May","2020","FL"
"5961","Wakulla","21829","May","2020","FL"
"5962","Walton","54088","May","2020","FL"
"5963","Washington","16682","May","2020","FL"
"5964","Alachua","185167","June","2020","FL"
"5965","Baker","15872","June","2020","FL"
"5966","Bay","117779","June","2020","FL"
"5967","Bradford","17111","June","2020","FL"
"5968","Brevard","432521","June","2020","FL"
"5969","Broward","1217630","June","2020","FL"
"5970","Calhoun","8434","June","2020","FL"
"5971","Charlotte","146455","June","2020","FL"
"5972","Citrus","112420","June","2020","FL"
"5973","Clay","157332","June","2020","FL"
"5974","Collier","215202","June","2020","FL"
"5975","Columbia","42381","June","2020","FL"
"5976","Desoto","16981","June","2020","FL"
"5977","Dixie","10065","June","2020","FL"
"5978","Duval","634439","June","2020","FL"
"5979","Escambia","223467","June","2020","FL"
"5980","Flagler","88339","June","2020","FL"
"5981","Franklin","8220","June","2020","FL"
"5982","Gadsden","30679","June","2020","FL"
"5983","Gilchrist","12067","June","2020","FL"
"5984","Glades","6839","June","2020","FL"
"5985","Gulf","10362","June","2020","FL"
"5986","Hamilton","7868","June","2020","FL"
"5987","Hardee","12672","June","2020","FL"
"5988","Hendry","18330","June","2020","FL"
"5989","Hernando","141946","June","2020","FL"
"5990","Highlands","63270","June","2020","FL"
"5991","Hillsborough","892928","June","2020","FL"
"5992","Holmes","11021","June","2020","FL"
"5993","Indian River","119838","June","2020","FL"
"5994","Jackson","28814","June","2020","FL"
"5995","Jefferson","9883","June","2020","FL"
"5996","Lafayette","4401","June","2020","FL"
"5997","Lake","251794","June","2020","FL"
"5998","Lee","464769","June","2020","FL"
"5999","Leon","212540","June","2020","FL"
"6000","Levy","28835","June","2020","FL"
"6001","Liberty","4504","June","2020","FL"
"6002","Madison","11716","June","2020","FL"
"6003","Manatee","260852","June","2020","FL"
"6004","Marion","253824","June","2020","FL"
"6005","Martin","113963","June","2020","FL"
"6006","Miami-Dade","1488430","June","2020","FL"
"6007","Monroe","53675","June","2020","FL"
"6008","Nassau","68670","June","2020","FL"
"6009","Okaloosa","141848","June","2020","FL"
"6010","Okeechobee","21443","June","2020","FL"
"6011","Orange","817281","June","2020","FL"
"6012","Osceola","224319","June","2020","FL"
"6013","Palm Beach","987463","June","2020","FL"
"6014","Pasco","375952","June","2020","FL"
"6015","Pinellas","684298","June","2020","FL"
"6016","Polk","450458","June","2020","FL"
"6017","Putnam","49125","June","2020","FL"
"6018","Santa Rosa","138944","June","2020","FL"
"6019","Sarasota","328276","June","2020","FL"
"6020","Seminole","322451","June","2020","FL"
"6021","St. Johns","199584","June","2020","FL"
"6022","St. Lucie","212818","June","2020","FL"
"6023","Sumter","101276","June","2020","FL"
"6024","Suwannee","26706","June","2020","FL"
"6025","Taylor","12281","June","2020","FL"
"6026","Union","7600","June","2020","FL"
"6027","Volusia","379655","June","2020","FL"
"6028","Wakulla","21967","June","2020","FL"
"6029","Walton","54690","June","2020","FL"
"6030","Washington","16711","June","2020","FL"
"6031","Alachua","185207","July","2020","FL"
"6032","Baker","16069","July","2020","FL"
"6033","Bay","118996","July","2020","FL"
"6034","Bradford","17235","July","2020","FL"
"6035","Brevard","436596","July","2020","FL"
"6036","Broward","1227566","July","2020","FL"
"6037","Calhoun","8468","July","2020","FL"
"6038","Charlotte","147494","July","2020","FL"
"6039","Citrus","113365","July","2020","FL"
"6040","Clay","158666","July","2020","FL"
"6041","Collier","218358","July","2020","FL"
"6042","Columbia","42690","July","2020","FL"
"6043","Desoto","17133","July","2020","FL"
"6044","Dixie","10168","July","2020","FL"
"6045","Duval","639145","July","2020","FL"
"6046","Escambia","225354","July","2020","FL"
"6047","Flagler","89108","July","2020","FL"
"6048","Franklin","8274","July","2020","FL"
"6049","Gadsden","30810","July","2020","FL"
"6050","Gilchrist","12179","July","2020","FL"
"6051","Glades","6892","July","2020","FL"
"6052","Gulf","10452","July","2020","FL"
"6053","Hamilton","7922","July","2020","FL"
"6054","Hardee","12733","July","2020","FL"
"6055","Hendry","18496","July","2020","FL"
"6056","Hernando","142885","July","2020","FL"
"6057","Highlands","63882","July","2020","FL"
"6058","Hillsborough","900782","July","2020","FL"
"6059","Holmes","11120","July","2020","FL"
"6060","Indian River","120732","July","2020","FL"
"6061","Jackson","29032","July","2020","FL"
"6062","Jefferson","9923","July","2020","FL"
"6063","Lafayette","4449","July","2020","FL"
"6064","Lake","254470","July","2020","FL"
"6065","Lee","469624","July","2020","FL"
"6066","Leon","212663","July","2020","FL"
"6067","Levy","29056","July","2020","FL"
"6068","Liberty","4500","July","2020","FL"
"6069","Madison","11354","July","2020","FL"
"6070","Manatee","263325","July","2020","FL"
"6071","Marion","255794","July","2020","FL"
"6072","Martin","114855","July","2020","FL"
"6073","Miami-Dade","1503346","July","2020","FL"
"6074","Monroe","53702","July","2020","FL"
"6075","Nassau","69447","July","2020","FL"
"6076","Okaloosa","143243","July","2020","FL"
"6077","Okeechobee","21620","July","2020","FL"
"6078","Orange","827356","July","2020","FL"
"6079","Osceola","227412","July","2020","FL"
"6080","Palm Beach","992600","July","2020","FL"
"6081","Pasco","379274","July","2020","FL"
"6082","Pinellas","688357","July","2020","FL"
"6083","Polk","453268","July","2020","FL"
"6084","Putnam","49372","July","2020","FL"
"6085","Santa Rosa","140433","July","2020","FL"
"6086","Sarasota","329780","July","2020","FL"
"6087","Seminole","325157","July","2020","FL"
"6088","St. Johns","201979","July","2020","FL"
"6089","St. Lucie","215125","July","2020","FL"
"6090","Sumter","102269","July","2020","FL"
"6091","Suwannee","26831","July","2020","FL"
"6092","Taylor","12395","July","2020","FL"
"6093","Union","7671","July","2020","FL"
"6094","Volusia","382815","July","2020","FL"
"6095","Wakulla","22125","July","2020","FL"
"6096","Walton","55335","July","2020","FL"
"6097","Washington","16797","July","2020","FL"
"6098","Alachua","186019","August","2020","FL"
"6099","Baker","16371","August","2020","FL"
"6100","Bay","120730","August","2020","FL"
"6101","Bradford","17359","August","2020","FL"
"6102","Brevard","441585","August","2020","FL"
"6103","Broward","1237005","August","2020","FL"
"6104","Calhoun","8522","August","2020","FL"
"6105","Charlotte","148913","August","2020","FL"
"6106","Citrus","114404","August","2020","FL"
"6107","Clay","160608","August","2020","FL"
"6108","Collier","222251","August","2020","FL"
"6109","Columbia","43149","August","2020","FL"
"6110","Desoto","17305","August","2020","FL"
"6111","Dixie","10300","August","2020","FL"
"6112","Duval","645938","August","2020","FL"
"6113","Escambia","227668","August","2020","FL"
"6114","Flagler","90187","August","2020","FL"
"6115","Franklin","8343","August","2020","FL"
"6116","Gadsden","30911","August","2020","FL"
"6117","Gilchrist","12309","August","2020","FL"
"6118","Glades","6946","August","2020","FL"
"6119","Gulf","10541","August","2020","FL"
"6120","Hamilton","7974","August","2020","FL"
"6121","Hardee","12833","August","2020","FL"
"6122","Hendry","18687","August","2020","FL"
"6123","Hernando","143905","August","2020","FL"
"6124","Highlands","64631","August","2020","FL"
"6125","Hillsborough","910069","August","2020","FL"
"6126","Holmes","11257","August","2020","FL"
"6127","Indian River","121844","August","2020","FL"
"6128","Jackson","29240","August","2020","FL"
"6129","Jefferson","10024","August","2020","FL"
"6130","Lafayette","4475","August","2020","FL"
"6131","Lake","257341","August","2020","FL"
"6132","Lee","475573","August","2020","FL"
"6133","Leon","213665","August","2020","FL"
"6134","Levy","29382","August","2020","FL"
"6135","Liberty","4527","August","2020","FL"
"6136","Madison","11478","August","2020","FL"
"6137","Manatee","266031","August","2020","FL"
"6138","Marion","258338","August","2020","FL"
"6139","Martin","115976","August","2020","FL"
"6140","Miami-Dade","1517189","August","2020","FL"
"6141","Monroe","54851","August","2020","FL"
"6142","Nassau","70370","August","2020","FL"
"6143","Okaloosa","145571","August","2020","FL"
"6144","Okeechobee","21775","August","2020","FL"
"6145","Orange","836904","August","2020","FL"
"6146","Osceola","230184","August","2020","FL"
"6147","Palm Beach","998969","August","2020","FL"
"6148","Pasco","383878","August","2020","FL"
"6149","Pinellas","694843","August","2020","FL"
"6150","Polk","458027","August","2020","FL"
"6151","Putnam","49666","August","2020","FL"
"6152","Santa Rosa","142166","August","2020","FL"
"6153","Sarasota","332421","August","2020","FL"
"6154","Seminole","328208","August","2020","FL"
"6155","St. Johns","205122","August","2020","FL"
"6156","St. Lucie","217380","August","2020","FL"
"6157","Sumter","103445","August","2020","FL"
"6158","Suwannee","27089","August","2020","FL"
"6159","Taylor","12555","August","2020","FL"
"6160","Union","7498","August","2020","FL"
"6161","Volusia","387467","August","2020","FL"
"6162","Wakulla","22346","August","2020","FL"
"6163","Walton","56186","August","2020","FL"
"6164","Washington","16903","August","2020","FL"
"6165","Alachua","188712","September","2020","FL"
"6166","Baker","16716","September","2020","FL"
"6167","Bay","123370","September","2020","FL"
"6168","Bradford","17592","September","2020","FL"
"6169","Brevard","448738","September","2020","FL"
"6170","Broward","1257049","September","2020","FL"
"6171","Calhoun","8623","September","2020","FL"
"6172","Charlotte","151274","September","2020","FL"
"6173","Citrus","116305","September","2020","FL"
"6174","Clay","163460","September","2020","FL"
"6175","Collier","228684","September","2020","FL"
"6176","Columbia","43856","September","2020","FL"
"6177","Desoto","17653","September","2020","FL"
"6178","Dixie","10489","September","2020","FL"
"6179","Duval","657956","September","2020","FL"
"6180","Escambia","230859","September","2020","FL"
"6181","Flagler","91748","September","2020","FL"
"6182","Franklin","8419","September","2020","FL"
"6183","Gadsden","30990","September","2020","FL"
"6184","Gilchrist","12456","September","2020","FL"
"6185","Glades","7048","September","2020","FL"
"6186","Gulf","10738","September","2020","FL"
"6187","Hamilton","8048","September","2020","FL"
"6188","Hardee","12981","September","2020","FL"
"6189","Hendry","18970","September","2020","FL"
"6190","Hernando","145813","September","2020","FL"
"6191","Highlands","65824","September","2020","FL"
"6192","Hillsborough","927281","September","2020","FL"
"6193","Holmes","11408","September","2020","FL"
"6194","Indian River","123760","September","2020","FL"
"6195","Jackson","29657","September","2020","FL"
"6196","Jefferson","10163","September","2020","FL"
"6197","Lafayette","4544","September","2020","FL"
"6198","Lake","261988","September","2020","FL"
"6199","Lee","484366","September","2020","FL"
"6200","Leon","216076","September","2020","FL"
"6201","Levy","29877","September","2020","FL"
"6202","Liberty","4561","September","2020","FL"
"6203","Madison","11703","September","2020","FL"
"6204","Manatee","271397","September","2020","FL"
"6205","Marion","262888","September","2020","FL"
"6206","Martin","117817","September","2020","FL"
"6207","Miami-Dade","1544771","September","2020","FL"
"6208","Monroe","56403","September","2020","FL"
"6209","Nassau","71658","September","2020","FL"
"6210","Okaloosa","148908","September","2020","FL"
"6211","Okeechobee","22169","September","2020","FL"
"6212","Orange","854994","September","2020","FL"
"6213","Osceola","236362","September","2020","FL"
"6214","Palm Beach","1012956","September","2020","FL"
"6215","Pasco","390503","September","2020","FL"
"6216","Pinellas","706220","September","2020","FL"
"6217","Polk","467108","September","2020","FL"
"6218","Putnam","50307","September","2020","FL"
"6219","Santa Rosa","144708","September","2020","FL"
"6220","Sarasota","337881","September","2020","FL"
"6221","Seminole","333183","September","2020","FL"
"6222","St. Johns","208834","September","2020","FL"
"6223","St. Lucie","221734","September","2020","FL"
"6224","Sumter","105072","September","2020","FL"
"6225","Suwannee","27517","September","2020","FL"
"6226","Taylor","12696","September","2020","FL"
"6227","Union","7639","September","2020","FL"
"6228","Volusia","395573","September","2020","FL"
"6229","Wakulla","22733","September","2020","FL"
"6230","Walton","57484","September","2020","FL"
"6231","Washington","17069","September","2020","FL"
"6232","Alachua","192771","October","2020","FL"
"6233","Baker","17064","October","2020","FL"
"6234","Bay","125990","October","2020","FL"
"6235","Bradford","17776","October","2020","FL"
"6236","Brevard","455854","October","2020","FL"
"6237","Broward","1273396","October","2020","FL"
"6238","Calhoun","8756","October","2020","FL"
"6239","Charlotte","152721","October","2020","FL"
"6240","Citrus","117911","October","2020","FL"
"6241","Clay","165898","October","2020","FL"
"6242","Collier","237433","October","2020","FL"
"6243","Columbia","44509","October","2020","FL"
"6244","Desoto","17894","October","2020","FL"
"6245","Dixie","10644","October","2020","FL"
"6246","Duval","671172","October","2020","FL"
"6247","Escambia","235795","October","2020","FL"
"6248","Flagler","92556","October","2020","FL"
"6249","Franklin","8504","October","2020","FL"
"6250","Gadsden","31307","October","2020","FL"
"6251","Gilchrist","12602","October","2020","FL"
"6252","Glades","7120","October","2020","FL"
"6253","Gulf","10914","October","2020","FL"
"6254","Hamilton","8127","October","2020","FL"
"6255","Hardee","13121","October","2020","FL"
"6256","Hendry","19313","October","2020","FL"
"6257","Hernando","147451","October","2020","FL"
"6258","Highlands","66871","October","2020","FL"
"6259","Hillsborough","947552","October","2020","FL"
"6260","Holmes","11611","October","2020","FL"
"6261","Indian River","125160","October","2020","FL"
"6262","Jackson","30094","October","2020","FL"
"6263","Jefferson","10231","October","2020","FL"
"6264","Lafayette","4587","October","2020","FL"
"6265","Lake","266927","October","2020","FL"
"6266","Lee","494395","October","2020","FL"
"6267","Leon","220269","October","2020","FL"
"6268","Levy","30387","October","2020","FL"
"6269","Liberty","4616","October","2020","FL"
"6270","Madison","12027","October","2020","FL"
"6271","Manatee","275158","October","2020","FL"
"6272","Marion","266740","October","2020","FL"
"6273","Martin","119088","October","2020","FL"
"6274","Miami-Dade","1576528","October","2020","FL"
"6275","Monroe","57842","October","2020","FL"
"6276","Nassau","72806","October","2020","FL"
"6277","Okaloosa","152497","October","2020","FL"
"6278","Okeechobee","22528","October","2020","FL"
"6279","Orange","877968","October","2020","FL"
"6280","Osceola","243832","October","2020","FL"
"6281","Palm Beach","1023054","October","2020","FL"
"6282","Pasco","396064","October","2020","FL"
"6283","Pinellas","716602","October","2020","FL"
"6284","Polk","475126","October","2020","FL"
"6285","Putnam","50944","October","2020","FL"
"6286","Santa Rosa","146729","October","2020","FL"
"6287","Sarasota","341036","October","2020","FL"
"6288","Seminole","338691","October","2020","FL"
"6289","St. Johns","211592","October","2020","FL"
"6290","St. Lucie","226256","October","2020","FL"
"6291","Sumter","106261","October","2020","FL"
"6292","Suwannee","27901","October","2020","FL"
"6293","Taylor","12898","October","2020","FL"
"6294","Union","7797","October","2020","FL"
"6295","Volusia","402903","October","2020","FL"
"6296","Wakulla","23021","October","2020","FL"
"6297","Walton","58555","October","2020","FL"
"6298","Washington","17250","October","2020","FL"
"6299","Alachua","193066","November","2020","FL"
"6300","Baker","17166","November","2020","FL"
"6301","Bay","126875","November","2020","FL"
"6302","Bradford","17822","November","2020","FL"
"6303","Brevard","457417","November","2020","FL"
"6304","Broward","1279468","November","2020","FL"
"6305","Calhoun","8782","November","2020","FL"
"6306","Charlotte","153190","November","2020","FL"
"6307","Citrus","118152","November","2020","FL"
"6308","Clay","165548","November","2020","FL"
"6309","Collier","239946","November","2020","FL"
"6310","Columbia","44577","November","2020","FL"
"6311","Desoto","17918","November","2020","FL"
"6312","Dixie","10660","November","2020","FL"
"6313","Duval","673451","November","2020","FL"
"6314","Escambia","235572","November","2020","FL"
"6315","Flagler","92869","November","2020","FL"
"6316","Franklin","8491","November","2020","FL"
"6317","Gadsden","31364","November","2020","FL"
"6318","Gilchrist","12653","November","2020","FL"
"6319","Glades","7139","November","2020","FL"
"6320","Gulf","10497","November","2020","FL"
"6321","Hamilton","8150","November","2020","FL"
"6322","Hardee","13145","November","2020","FL"
"6323","Hendry","19443","November","2020","FL"
"6324","Hernando","147746","November","2020","FL"
"6325","Highlands","67193","November","2020","FL"
"6326","Hillsborough","950132","November","2020","FL"
"6327","Holmes","11645","November","2020","FL"
"6328","Indian River","125551","November","2020","FL"
"6329","Jackson","30155","November","2020","FL"
"6330","Jefferson","10231","November","2020","FL"
"6331","Lafayette","4606","November","2020","FL"
"6332","Lake","267068","November","2020","FL"
"6333","Lee","497273","November","2020","FL"
"6334","Leon","220475","November","2020","FL"
"6335","Levy","30549","November","2020","FL"
"6336","Liberty","4616","November","2020","FL"
"6337","Madison","12121","November","2020","FL"
"6338","Manatee","273980","November","2020","FL"
"6339","Marion","267579","November","2020","FL"
"6340","Martin","119599","November","2020","FL"
"6341","Miami-Dade","1578934","November","2020","FL"
"6342","Monroe","58134","November","2020","FL"
"6343","Nassau","73239","November","2020","FL"
"6344","Okaloosa","152901","November","2020","FL"
"6345","Okeechobee","22629","November","2020","FL"
"6346","Orange","881144","November","2020","FL"
"6347","Osceola","245714","November","2020","FL"
"6348","Palm Beach","1023119","November","2020","FL"
"6349","Pasco","397370","November","2020","FL"
"6350","Pinellas","715422","November","2020","FL"
"6351","Polk","476015","November","2020","FL"
"6352","Putnam","51103","November","2020","FL"
"6353","Santa Rosa","147341","November","2020","FL"
"6354","Sarasota","341879","November","2020","FL"
"6355","Seminole","339490","November","2020","FL"
"6356","St. Johns","212855","November","2020","FL"
"6357","St. Lucie","227545","November","2020","FL"
"6358","Sumter","106927","November","2020","FL"
"6359","Suwannee","27983","November","2020","FL"
"6360","Taylor","12947","November","2020","FL"
"6361","Union","7830","November","2020","FL"
"6362","Volusia","404466","November","2020","FL"
"6363","Wakulla","23060","November","2020","FL"
"6364","Walton","58759","November","2020","FL"
"6365","Washington","17270","November","2020","FL"
"6366","Alachua","193075","December","2020","FL"
"6367","Baker","17188","December","2020","FL"
"6368","Bay","126337","December","2020","FL"
"6369","Bradford","17854","December","2020","FL"
"6370","Brevard","458408","December","2020","FL"
"6371","Broward","1281998","December","2020","FL"
"6372","Calhoun","8761","December","2020","FL"
"6373","Charlotte","151451","December","2020","FL"
"6374","Citrus","118470","December","2020","FL"
"6375","Clay","164574","December","2020","FL"
"6376","Collier","240481","December","2020","FL"
"6377","Columbia","44713","December","2020","FL"
"6378","Desoto","17988","December","2020","FL"
"6379","Dixie","10675","December","2020","FL"
"6380","Duval","672561","December","2020","FL"
"6381","Escambia","235456","December","2020","FL"
"6382","Flagler","93343","December","2020","FL"
"6383","Franklin","8078","December","2020","FL"
"6384","Gadsden","31344","December","2020","FL"
"6385","Gilchrist","12679","December","2020","FL"
"6386","Glades","7160","December","2020","FL"
"6387","Gulf","10536","December","2020","FL"
"6388","Hamilton","8174","December","2020","FL"
"6389","Hardee","13144","December","2020","FL"
"6390","Hendry","19478","December","2020","FL"
"6391","Hernando","148119","December","2020","FL"
"6392","Highlands","67411","December","2020","FL"
"6393","Hillsborough","937932","December","2020","FL"
"6394","Holmes","11637","December","2020","FL"
"6395","Indian River","125685","December","2020","FL"
"6396","Jackson","30123","December","2020","FL"
"6397","Jefferson","9965","December","2020","FL"
"6398","Lafayette","4601","December","2020","FL"
"6399","Lake","267672","December","2020","FL"
"6400","Lee","496690","December","2020","FL"
"6401","Leon","214402","December","2020","FL"
"6402","Levy","30584","December","2020","FL"
"6403","Liberty","4613","December","2020","FL"
"6404","Madison","12111","December","2020","FL"
"6405","Manatee","275202","December","2020","FL"
"6406","Marion","268048","December","2020","FL"
"6407","Martin","119916","December","2020","FL"
"6408","Miami-Dade","1578357","December","2020","FL"
"6409","Monroe","58207","December","2020","FL"
"6410","Nassau","73518","December","2020","FL"
"6411","Okaloosa","153013","December","2020","FL"
"6412","Okeechobee","22641","December","2020","FL"
"6413","Orange","882288","December","2020","FL"
"6414","Osceola","244748","December","2020","FL"
"6415","Palm Beach","1023783","December","2020","FL"
"6416","Pasco","399423","December","2020","FL"
"6417","Pinellas","701816","December","2020","FL"
"6418","Polk","455577","December","2020","FL"
"6419","Putnam","51176","December","2020","FL"
"6420","Santa Rosa","147734","December","2020","FL"
"6421","Sarasota","343155","December","2020","FL"
"6422","Seminole","339554","December","2020","FL"
"6423","St. Johns","213272","December","2020","FL"
"6424","St. Lucie","227965","December","2020","FL"
"6425","Sumter","107496","December","2020","FL"
"6426","Suwannee","28068","December","2020","FL"
"6427","Taylor","12950","December","2020","FL"
"6428","Union","7830","December","2020","FL"
"6429","Volusia","405282","December","2020","FL"
"6430","Wakulla","23073","December","2020","FL"
"6431","Walton","58883","December","2020","FL"
"6432","Washington","17292","December","2020","FL"
"6433","ALACHUA","179409","January","2017","FL"
"6434","BAKER","15440","January","2017","FL"
"6435","BAY","118833","January","2017","FL"
"6436","BRADFORD","15842","January","2017","FL"
"6437","BREVARD","407394","January","2017","FL"
"6438","BROWARD","1193742","January","2017","FL"
"6439","CALHOUN","8637","January","2017","FL"
"6440","CHARLOTTE","129927","January","2017","FL"
"6441","CITRUS","106783","January","2017","FL"
"6442","CLAY","146827","January","2017","FL"
"6443","COLLIER","206783","January","2017","FL"
"6444","COLUMBIA","38200","January","2017","FL"
"6445","DESOTO","16062","January","2017","FL"
"6446","DIXIE","9972","January","2017","FL"
"6447","DUVAL","590765","January","2017","FL"
"6448","ESCAMBIA","211956","January","2017","FL"
"6449","FLAGLER","80271","January","2017","FL"
"6450","FRANKLIN","7433","January","2017","FL"
"6451","GADSDEN","29645","January","2017","FL"
"6452","GILCHRIST","11326","January","2017","FL"
"6453","GLADES","6677","January","2017","FL"
"6454","GULF","10269","January","2017","FL"
"6455","HAMILTON","8112","January","2017","FL"
"6456","HARDEE","11772","January","2017","FL"
"6457","HENDRY","17686","January","2017","FL"
"6458","HERNANDO","132499","January","2017","FL"
"6459","HIGHLANDS","62257","January","2017","FL"
"6460","HILLSBOROUGH","852603","January","2017","FL"
"6461","HOLMES","11334","January","2017","FL"
"6462","INDIAN RIVER","107279","January","2017","FL"
"6463","JACKSON","28841","January","2017","FL"
"6464","JEFFERSON","9494","January","2017","FL"
"6465","LAFAYETTE","4464","January","2017","FL"
"6466","LAKE","225751","January","2017","FL"
"6467","LEE","432144","January","2017","FL"
"6468","LEON","206531","January","2017","FL"
"6469","LEVY","26981","January","2017","FL"
"6470","LIBERTY","4505","January","2017","FL"
"6471","MADISON","11691","January","2017","FL"
"6472","MANATEE","233248","January","2017","FL"
"6473","MARION","226700","January","2017","FL"
"6474","MARTIN","111411","January","2017","FL"
"6475","MIAMI-DADE","1396912","January","2017","FL"
"6476","MONROE","54792","January","2017","FL"
"6477","NASSAU","62159","January","2017","FL"
"6478","OKALOOSA","137570","January","2017","FL"
"6479","OKEECHOBEE","20136","January","2017","FL"
"6480","ORANGE","787589","January","2017","FL"
"6481","OSCEOLA","200639","January","2017","FL"
"6482","PALM BEACH","907378","January","2017","FL"
"6483","PASCO","337537","January","2017","FL"
"6484","PINELLAS","641572","January","2017","FL"
"6485","POLK","410902","January","2017","FL"
"6486","PUTNAM","48034","January","2017","FL"
"6487","SANTA ROSA","132730","January","2017","FL"
"6488","SARASOTA","305084","January","2017","FL"
"6489","SEMINOLE","292880","January","2017","FL"
"6490","ST. JOHNS","174806","January","2017","FL"
"6491","ST. LUCIE","193862","January","2017","FL"
"6492","SUMTER","93002","January","2017","FL"
"6493","SUWANNEE","26539","January","2017","FL"
"6494","TAYLOR","12401","January","2017","FL"
"6495","UNION","7282","January","2017","FL"
"6496","VOLUSIA","367710","January","2017","FL"
"6497","WAKULLA","20126","January","2017","FL"
"6498","WALTON","47109","January","2017","FL"
"6499","WASHINGTON","15405","January","2017","FL"
"6500","ALACHUA","179611","February","2017","FL"
"6501","BAKER","15460","February","2017","FL"
"6502","BAY","118196","February","2017","FL"
"6503","BRADFORD","15867","February","2017","FL"
"6504","BREVARD","408466","February","2017","FL"
"6505","BROWARD","1189426","February","2017","FL"
"6506","CALHOUN","8601","February","2017","FL"
"6507","CHARLOTTE","130372","February","2017","FL"
"6508","CITRUS","107172","February","2017","FL"
"6509","CLAY","147138","February","2017","FL"
"6510","COLLIER","207018","February","2017","FL"
"6511","COLUMBIA","38239","February","2017","FL"
"6512","DESOTO","16087","February","2017","FL"
"6513","DIXIE","9986","February","2017","FL"
"6514","DUVAL","588357","February","2017","FL"
"6515","ESCAMBIA","209239","February","2017","FL"
"6516","FLAGLER","80428","February","2017","FL"
"6517","FRANKLIN","7452","February","2017","FL"
"6518","GADSDEN","29662","February","2017","FL"
"6519","GILCHRIST","11401","February","2017","FL"
"6520","GLADES","6710","February","2017","FL"
"6521","GULF","10269","February","2017","FL"
"6522","HAMILTON","8112","February","2017","FL"
"6523","HARDEE","11787","February","2017","FL"
"6524","HENDRY","17713","February","2017","FL"
"6525","HERNANDO","128886","February","2017","FL"
"6526","HIGHLANDS","62085","February","2017","FL"
"6527","HILLSBOROUGH","841394","February","2017","FL"
"6528","HOLMES","11320","February","2017","FL"
"6529","INDIAN RIVER","107340","February","2017","FL"
"6530","JACKSON","28827","February","2017","FL"
"6531","JEFFERSON","9485","February","2017","FL"
"6532","LAFAYETTE","4463","February","2017","FL"
"6533","LAKE","226113","February","2017","FL"
"6534","LEE","433207","February","2017","FL"
"6535","LEON","206663","February","2017","FL"
"6536","LEVY","26970","February","2017","FL"
"6537","LIBERTY","4506","February","2017","FL"
"6538","MADISON","11703","February","2017","FL"
"6539","MANATEE","233741","February","2017","FL"
"6540","MARION","226719","February","2017","FL"
"6541","MARTIN","109878","February","2017","FL"
"6542","MIAMI-DADE","1397333","February","2017","FL"
"6543","MONROE","54821","February","2017","FL"
"6544","NASSAU","62409","February","2017","FL"
"6545","OKALOOSA","137844","February","2017","FL"
"6546","OKEECHOBEE","20141","February","2017","FL"
"6547","ORANGE","788480","February","2017","FL"
"6548","OSCEOLA","201544","February","2017","FL"
"6549","PALM BEACH","908516","February","2017","FL"
"6550","PASCO","331381","February","2017","FL"
"6551","PINELLAS","641838","February","2017","FL"
"6552","POLK","396029","February","2017","FL"
"6553","PUTNAM","48143","February","2017","FL"
"6554","SANTA ROSA","133178","February","2017","FL"
"6555","SARASOTA","305844","February","2017","FL"
"6556","SEMINOLE","292776","February","2017","FL"
"6557","ST. JOHNS","175136","February","2017","FL"
"6558","ST. LUCIE","194360","February","2017","FL"
"6559","SUMTER","93269","February","2017","FL"
"6560","SUWANNEE","26266","February","2017","FL"
"6561","TAYLOR","12408","February","2017","FL"
"6562","UNION","7286","February","2017","FL"
"6563","VOLUSIA","368500","February","2017","FL"
"6564","WAKULLA","19850","February","2017","FL"
"6565","WALTON","46579","February","2017","FL"
"6566","WASHINGTON","15423","February","2017","FL"
"6567","ALACHUA","179840","March","2017","FL"
"6568","BAKER","15486","March","2017","FL"
"6569","BAY","116545","March","2017","FL"
"6570","BRADFORD","15913","March","2017","FL"
"6571","BREVARD","408489","March","2017","FL"
"6572","BROWARD","1185152","March","2017","FL"
"6573","CALHOUN","8587","March","2017","FL"
"6574","CHARLOTTE","130725","March","2017","FL"
"6575","CITRUS","107111","March","2017","FL"
"6576","CLAY","147427","March","2017","FL"
"6577","COLLIER","206998","March","2017","FL"
"6578","COLUMBIA","38145","March","2017","FL"
"6579","DESOTO","16120","March","2017","FL"
"6580","DIXIE","9972","March","2017","FL"
"6581","DUVAL","582423","March","2017","FL"
"6582","ESCAMBIA","209191","March","2017","FL"
"6583","FLAGLER","80672","March","2017","FL"
"6584","FRANKLIN","7450","March","2017","FL"
"6585","GADSDEN","29666","March","2017","FL"
"6586","GILCHRIST","11408","March","2017","FL"
"6587","GLADES","6716","March","2017","FL"
"6588","GULF","10287","March","2017","FL"
"6589","HAMILTON","8130","March","2017","FL"
"6590","HARDEE","11817","March","2017","FL"
"6591","HENDRY","17202","March","2017","FL"
"6592","HERNANDO","129302","March","2017","FL"
"6593","HIGHLANDS","61125","March","2017","FL"
"6594","HILLSBOROUGH","823273","March","2017","FL"
"6595","HOLMES","11258","March","2017","FL"
"6596","INDIAN RIVER","107280","March","2017","FL"
"6597","JACKSON","28610","March","2017","FL"
"6598","JEFFERSON","9496","March","2017","FL"
"6599","LAFAYETTE","4462","March","2017","FL"
"6600","LAKE","227246","March","2017","FL"
"6601","LEE","434556","March","2017","FL"
"6602","LEON","206789","March","2017","FL"
"6603","LEVY","27054","March","2017","FL"
"6604","LIBERTY","4499","March","2017","FL"
"6605","MADISON","11697","March","2017","FL"
"6606","MANATEE","234248","March","2017","FL"
"6607","MARION","226877","March","2017","FL"
"6608","MARTIN","108587","March","2017","FL"
"6609","MIAMI-DADE","1398319","March","2017","FL"
"6610","MONROE","54943","March","2017","FL"
"6611","NASSAU","62394","March","2017","FL"
"6612","OKALOOSA","138198","March","2017","FL"
"6613","OKEECHOBEE","20169","March","2017","FL"
"6614","ORANGE","792337","March","2017","FL"
"6615","OSCEOLA","199539","March","2017","FL"
"6616","PALM BEACH","910033","March","2017","FL"
"6617","PASCO","331878","March","2017","FL"
"6618","PINELLAS","640498","March","2017","FL"
"6619","POLK","397798","March","2017","FL"
"6620","PUTNAM","48244","March","2017","FL"
"6621","SANTA ROSA","133511","March","2017","FL"
"6622","SARASOTA","306461","March","2017","FL"
"6623","SEMINOLE","288736","March","2017","FL"
"6624","ST. JOHNS","175599","March","2017","FL"
"6625","ST. LUCIE","192922","March","2017","FL"
"6626","SUMTER","92769","March","2017","FL"
"6627","SUWANNEE","26262","March","2017","FL"
"6628","TAYLOR","12411","March","2017","FL"
"6629","UNION","7275","March","2017","FL"
"6630","VOLUSIA","369983","March","2017","FL"
"6631","WAKULLA","19612","March","2017","FL"
"6632","WALTON","46705","March","2017","FL"
"6633","WASHINGTON","15472","March","2017","FL"
"6634","ALACHUA","179679","April","2017","FL"
"6635","BAKER","15502","April","2017","FL"
"6636","BAY","116583","April","2017","FL"
"6637","BRADFORD","15934","April","2017","FL"
"6638","BREVARD","406272","April","2017","FL"
"6639","BROWARD","1183106","April","2017","FL"
"6640","CALHOUN","8588","April","2017","FL"
"6641","CHARLOTTE","131006","April","2017","FL"
"6642","CITRUS","106293","April","2017","FL"
"6643","CLAY","147696","April","2017","FL"
"6644","COLLIER","198026","April","2017","FL"
"6645","COLUMBIA","38105","April","2017","FL"
"6646","DESOTO","16129","April","2017","FL"
"6647","DIXIE","9958","April","2017","FL"
"6648","DUVAL","580872","April","2017","FL"
"6649","ESCAMBIA","209236","April","2017","FL"
"6650","FLAGLER","80609","April","2017","FL"
"6651","FRANKLIN","7455","April","2017","FL"
"6652","GADSDEN","29429","April","2017","FL"
"6653","GILCHRIST","11427","April","2017","FL"
"6654","GLADES","6697","April","2017","FL"
"6655","GULF","10296","April","2017","FL"
"6656","HAMILTON","7983","April","2017","FL"
"6657","HARDEE","11840","April","2017","FL"
"6658","HENDRY","17023","April","2017","FL"
"6659","HERNANDO","129655","April","2017","FL"
"6660","HIGHLANDS","58904","April","2017","FL"
"6661","HILLSBOROUGH","824228","April","2017","FL"
"6662","HOLMES","11215","April","2017","FL"
"6663","INDIAN RIVER","107718","April","2017","FL"
"6664","JACKSON","28637","April","2017","FL"
"6665","JEFFERSON","9494","April","2017","FL"
"6666","LAFAYETTE","4460","April","2017","FL"
"6667","LAKE","227995","April","2017","FL"
"6668","LEE","435082","April","2017","FL"
"6669","LEON","206932","April","2017","FL"
"6670","LEVY","27017","April","2017","FL"
"6671","LIBERTY","4305","April","2017","FL"
"6672","MADISON","11702","April","2017","FL"
"6673","MANATEE","234707","April","2017","FL"
"6674","MARION","227424","April","2017","FL"
"6675","MARTIN","108786","April","2017","FL"
"6676","MIAMI-DADE","1394728","April","2017","FL"
"6677","MONROE","55017","April","2017","FL"
"6678","NASSAU","62648","April","2017","FL"
"6679","OKALOOSA","135162","April","2017","FL"
"6680","OKEECHOBEE","19539","April","2017","FL"
"6681","ORANGE","794178","April","2017","FL"
"6682","OSCEOLA","199637","April","2017","FL"
"6683","PALM BEACH","911326","April","2017","FL"
"6684","PASCO","333051","April","2017","FL"
"6685","PINELLAS","640923","April","2017","FL"
"6686","POLK","399151","April","2017","FL"
"6687","PUTNAM","48290","April","2017","FL"
"6688","SANTA ROSA","133870","April","2017","FL"
"6689","SARASOTA","307080","April","2017","FL"
"6690","SEMINOLE","286447","April","2017","FL"
"6691","ST. JOHNS","174888","April","2017","FL"
"6692","ST. LUCIE","193443","April","2017","FL"
"6693","SUMTER","91265","April","2017","FL"
"6694","SUWANNEE","26167","April","2017","FL"
"6695","TAYLOR","12351","April","2017","FL"
"6696","UNION","7252","April","2017","FL"
"6697","VOLUSIA","370771","April","2017","FL"
"6698","WAKULLA","19608","April","2017","FL"
"6699","WALTON","46904","April","2017","FL"
"6700","WASHINGTON","15420","April","2017","FL"
"6701","ALACHUA","179849","May","2017","FL"
"6702","BAKER","15330","May","2017","FL"
"6703","BAY","114716","May","2017","FL"
"6704","BRADFORD","15966","May","2017","FL"
"6705","BREVARD","407247","May","2017","FL"
"6706","BROWARD","1183109","May","2017","FL"
"6707","CALHOUN","8585","May","2017","FL"
"6708","CHARLOTTE","130533","May","2017","FL"
"6709","CITRUS","105722","May","2017","FL"
"6710","CLAY","147933","May","2017","FL"
"6711","COLLIER","198899","May","2017","FL"
"6712","COLUMBIA","38109","May","2017","FL"
"6713","DESOTO","16174","May","2017","FL"
"6714","DIXIE","9986","May","2017","FL"
"6715","DUVAL","580597","May","2017","FL"
"6716","ESCAMBIA","204913","May","2017","FL"
"6717","FLAGLER","80839","May","2017","FL"
"6718","FRANKLIN","7480","May","2017","FL"
"6719","GADSDEN","29501","May","2017","FL"
"6720","GILCHRIST","11401","May","2017","FL"
"6721","GLADES","6706","May","2017","FL"
"6722","GULF","10313","May","2017","FL"
"6723","HAMILTON","7674","May","2017","FL"
"6724","HARDEE","11861","May","2017","FL"
"6725","HENDRY","17077","May","2017","FL"
"6726","HERNANDO","130029","May","2017","FL"
"6727","HIGHLANDS","58425","May","2017","FL"
"6728","HILLSBOROUGH","827152","May","2017","FL"
"6729","HOLMES","10638","May","2017","FL"
"6730","INDIAN RIVER","107886","May","2017","FL"
"6731","JACKSON","28655","May","2017","FL"
"6732","JEFFERSON","9565","May","2017","FL"
"6733","LAFAYETTE","4460","May","2017","FL"
"6734","LAKE","228014","May","2017","FL"
"6735","LEE","436358","May","2017","FL"
"6736","LEON","205696","May","2017","FL"
"6737","LEVY","26734","May","2017","FL"
"6738","LIBERTY","4314","May","2017","FL"
"6739","MADISON","11693","May","2017","FL"
"6740","MANATEE","233252","May","2017","FL"
"6741","MARION","228075","May","2017","FL"
"6742","MARTIN","108919","May","2017","FL"
"6743","MIAMI-DADE","1391517","May","2017","FL"
"6744","MONROE","55121","May","2017","FL"
"6745","NASSAU","62583","May","2017","FL"
"6746","OKALOOSA","134006","May","2017","FL"
"6747","OKEECHOBEE","19575","May","2017","FL"
"6748","ORANGE","796582","May","2017","FL"
"6749","OSCEOLA","197345","May","2017","FL"
"6750","PALM BEACH","914010","May","2017","FL"
"6751","PASCO","334285","May","2017","FL"
"6752","PINELLAS","642134","May","2017","FL"
"6753","POLK","399287","May","2017","FL"
"6754","PUTNAM","46247","May","2017","FL"
"6755","SANTA ROSA","134156","May","2017","FL"
"6756","SARASOTA","308565","May","2017","FL"
"6757","SEMINOLE","286388","May","2017","FL"
"6758","ST. JOHNS","175692","May","2017","FL"
"6759","ST. LUCIE","193773","May","2017","FL"
"6760","SUMTER","89855","May","2017","FL"
"6761","SUWANNEE","26117","May","2017","FL"
"6762","TAYLOR","12332","May","2017","FL"
"6763","UNION","7250","May","2017","FL"
"6764","VOLUSIA","371387","May","2017","FL"
"6765","WAKULLA","19791","May","2017","FL"
"6766","WALTON","47132","May","2017","FL"
"6767","WASHINGTON","15452","May","2017","FL"
"6768","ALACHUA","170058","June","2017","FL"
"6769","BAKER","15293","June","2017","FL"
"6770","BAY","115091","June","2017","FL"
"6771","BRADFORD","15882","June","2017","FL"
"6772","BREVARD","408826","June","2017","FL"
"6773","BROWARD","1178438","June","2017","FL"
"6774","CALHOUN","8595","June","2017","FL"
"6775","CHARLOTTE","131035","June","2017","FL"
"6776","CITRUS","106227","June","2017","FL"
"6777","CLAY","148715","June","2017","FL"
"6778","COLLIER","199984","June","2017","FL"
"6779","COLUMBIA","38243","June","2017","FL"
"6780","DESOTO","16198","June","2017","FL"
"6781","DIXIE","9999","June","2017","FL"
"6782","DUVAL","578097","June","2017","FL"
"6783","ESCAMBIA","204341","June","2017","FL"
"6784","FLAGLER","78303","June","2017","FL"
"6785","FRANKLIN","7507","June","2017","FL"
"6786","GADSDEN","29515","June","2017","FL"
"6787","GILCHRIST","11408","June","2017","FL"
"6788","GLADES","6701","June","2017","FL"
"6789","GULF","10336","June","2017","FL"
"6790","HAMILTON","7588","June","2017","FL"
"6791","HARDEE","11901","June","2017","FL"
"6792","HENDRY","17113","June","2017","FL"
"6793","HERNANDO","129895","June","2017","FL"
"6794","HIGHLANDS","58639","June","2017","FL"
"6795","HILLSBOROUGH","825836","June","2017","FL"
"6796","HOLMES","10363","June","2017","FL"
"6797","INDIAN RIVER","108294","June","2017","FL"
"6798","JACKSON","28692","June","2017","FL"
"6799","JEFFERSON","9505","June","2017","FL"
"6800","LAFAYETTE","4463","June","2017","FL"
"6801","LAKE","228701","June","2017","FL"
"6802","LEE","437273","June","2017","FL"
"6803","LEON","204513","June","2017","FL"
"6804","LEVY","26655","June","2017","FL"
"6805","LIBERTY","4304","June","2017","FL"
"6806","MADISON","11712","June","2017","FL"
"6807","MANATEE","233239","June","2017","FL"
"6808","MARION","228959","June","2017","FL"
"6809","MARTIN","109432","June","2017","FL"
"6810","MIAMI-DADE","1388751","June","2017","FL"
"6811","MONROE","55279","June","2017","FL"
"6812","NASSAU","62965","June","2017","FL"
"6813","OKALOOSA","134474","June","2017","FL"
"6814","OKEECHOBEE","19637","June","2017","FL"
"6815","ORANGE","799673","June","2017","FL"
"6816","OSCEOLA","198221","June","2017","FL"
"6817","PALM BEACH","917652","June","2017","FL"
"6818","PASCO","334817","June","2017","FL"
"6819","PINELLAS","641530","June","2017","FL"
"6820","POLK","396227","June","2017","FL"
"6821","PUTNAM","46311","June","2017","FL"
"6822","SANTA ROSA","134534","June","2017","FL"
"6823","SARASOTA","308845","June","2017","FL"
"6824","SEMINOLE","286679","June","2017","FL"
"6825","ST. JOHNS","174868","June","2017","FL"
"6826","ST. LUCIE","193352","June","2017","FL"
"6827","SUMTER","90096","June","2017","FL"
"6828","SUWANNEE","26136","June","2017","FL"
"6829","TAYLOR","12294","June","2017","FL"
"6830","UNION","7259","June","2017","FL"
"6831","VOLUSIA","372349","June","2017","FL"
"6832","WAKULLA","19815","June","2017","FL"
"6833","WALTON","47383","June","2017","FL"
"6834","WASHINGTON","15487","June","2017","FL"
"6835","ALACHUA","170399","July","2017","FL"
"6836","BAKER","15247","July","2017","FL"
"6837","BAY","115463","July","2017","FL"
"6838","BRADFORD","15907","July","2017","FL"
"6839","BREVARD","409167","July","2017","FL"
"6840","BROWARD","1179945","July","2017","FL"
"6841","CALHOUN","8585","July","2017","FL"
"6842","CHARLOTTE","131388","July","2017","FL"
"6843","CITRUS","106513","July","2017","FL"
"6844","CLAY","148497","July","2017","FL"
"6845","COLLIER","200944","July","2017","FL"
"6846","COLUMBIA","38351","July","2017","FL"
"6847","DESOTO","16226","July","2017","FL"
"6848","DIXIE","9993","July","2017","FL"
"6849","DUVAL","576790","July","2017","FL"
"6850","ESCAMBIA","204685","July","2017","FL"
"6851","FLAGLER","78232","July","2017","FL"
"6852","FRANKLIN","7547","July","2017","FL"
"6853","GADSDEN","29511","July","2017","FL"
"6854","GILCHRIST","11319","July","2017","FL"
"6855","GLADES","6698","July","2017","FL"
"6856","GULF","9730","July","2017","FL"
"6857","HAMILTON","7615","July","2017","FL"
"6858","HARDEE","11919","July","2017","FL"
"6859","HENDRY","17170","July","2017","FL"
"6860","HERNANDO","129979","July","2017","FL"
"6861","HIGHLANDS","58716","July","2017","FL"
"6862","HILLSBOROUGH","825491","July","2017","FL"
"6863","HOLMES","10389","July","2017","FL"
"6864","INDIAN RIVER","108737","July","2017","FL"
"6865","JACKSON","28671","July","2017","FL"
"6866","JEFFERSON","9467","July","2017","FL"
"6867","LAFAYETTE","4453","July","2017","FL"
"6868","LAKE","219787","July","2017","FL"
"6869","LEE","433398","July","2017","FL"
"6870","LEON","204725","July","2017","FL"
"6871","LEVY","26722","July","2017","FL"
"6872","LIBERTY","4317","July","2017","FL"
"6873","MADISON","11718","July","2017","FL"
"6874","MANATEE","232477","July","2017","FL"
"6875","MARION","229658","July","2017","FL"
"6876","MARTIN","109790","July","2017","FL"
"6877","MIAMI-DADE","1384410","July","2017","FL"
"6878","MONROE","55269","July","2017","FL"
"6879","NASSAU","63246","July","2017","FL"
"6880","OKALOOSA","126654","July","2017","FL"
"6881","OKEECHOBEE","19684","July","2017","FL"
"6882","ORANGE","791717","July","2017","FL"
"6883","OSCEOLA","198436","July","2017","FL"
"6884","PALM BEACH","919081","July","2017","FL"
"6885","PASCO","336192","July","2017","FL"
"6886","PINELLAS","642971","July","2017","FL"
"6887","POLK","394085","July","2017","FL"
"6888","PUTNAM","46339","July","2017","FL"
"6889","SANTA ROSA","124826","July","2017","FL"
"6890","SARASOTA","309682","July","2017","FL"
"6891","SEMINOLE","286895","July","2017","FL"
"6892","ST. JOHNS","175712","July","2017","FL"
"6893","ST. LUCIE","193581","July","2017","FL"
"6894","SUMTER","90291","July","2017","FL"
"6895","SUWANNEE","26138","July","2017","FL"
"6896","TAYLOR","12247","July","2017","FL"
"6897","UNION","7248","July","2017","FL"
"6898","VOLUSIA","372866","July","2017","FL"
"6899","WAKULLA","19858","July","2017","FL"
"6900","WALTON","47541","July","2017","FL"
"6901","WASHINGTON","15524","July","2017","FL"
"6902","ALACHUA","171082","August","2017","FL"
"6903","BAKER","15241","August","2017","FL"
"6904","BAY","115347","August","2017","FL"
"6905","BRADFORD","15955","August","2017","FL"
"6906","BREVARD","408398","August","2017","FL"
"6907","BROWARD","1180369","August","2017","FL"
"6908","CALHOUN","8589","August","2017","FL"
"6909","CHARLOTTE","131867","August","2017","FL"
"6910","CITRUS","106822","August","2017","FL"
"6911","CLAY","148620","August","2017","FL"
"6912","COLLIER","201215","August","2017","FL"
"6913","COLUMBIA","38451","August","2017","FL"
"6914","DESOTO","16276","August","2017","FL"
"6915","DIXIE","9987","August","2017","FL"
"6916","DUVAL","577871","August","2017","FL"
"6917","ESCAMBIA","205292","August","2017","FL"
"6918","FLAGLER","78524","August","2017","FL"
"6919","FRANKLIN","7578","August","2017","FL"
"6920","GADSDEN","29544","August","2017","FL"
"6921","GILCHRIST","11330","August","2017","FL"
"6922","GLADES","6663","August","2017","FL"
"6923","GULF","9743","August","2017","FL"
"6924","HAMILTON","7612","August","2017","FL"
"6925","HARDEE","11938","August","2017","FL"
"6926","HENDRY","17218","August","2017","FL"
"6927","HERNANDO","129245","August","2017","FL"
"6928","HIGHLANDS","58932","August","2017","FL"
"6929","HILLSBOROUGH","828922","August","2017","FL"
"6930","HOLMES","10393","August","2017","FL"
"6931","INDIAN RIVER","109097","August","2017","FL"
"6932","JACKSON","28679","August","2017","FL"
"6933","JEFFERSON","9461","August","2017","FL"
"6934","LAFAYETTE","4451","August","2017","FL"
"6935","LAKE","220846","August","2017","FL"
"6936","LEE","429925","August","2017","FL"
"6937","LEON","205311","August","2017","FL"
"6938","LEVY","26774","August","2017","FL"
"6939","LIBERTY","4318","August","2017","FL"
"6940","MADISON","11734","August","2017","FL"
"6941","MANATEE","230030","August","2017","FL"
"6942","MARION","230512","August","2017","FL"
"6943","MARTIN","110021","August","2017","FL"
"6944","MIAMI-DADE","1386850","August","2017","FL"
"6945","MONROE","55462","August","2017","FL"
"6946","NASSAU","63585","August","2017","FL"
"6947","OKALOOSA","127327","August","2017","FL"
"6948","OKEECHOBEE","19692","August","2017","FL"
"6949","ORANGE","795601","August","2017","FL"
"6950","OSCEOLA","199027","August","2017","FL"
"6951","PALM BEACH","921399","August","2017","FL"
"6952","PASCO","336051","August","2017","FL"
"6953","PINELLAS","637502","August","2017","FL"
"6954","POLK","395510","August","2017","FL"
"6955","PUTNAM","46458","August","2017","FL"
"6956","SANTA ROSA","125493","August","2017","FL"
"6957","SARASOTA","310727","August","2017","FL"
"6958","SEMINOLE","284836","August","2017","FL"
"6959","ST. JOHNS","176937","August","2017","FL"
"6960","ST. LUCIE","194343","August","2017","FL"
"6961","SUMTER","90639","August","2017","FL"
"6962","SUWANNEE","25162","August","2017","FL"
"6963","TAYLOR","12205","August","2017","FL"
"6964","UNION","7235","August","2017","FL"
"6965","VOLUSIA","369675","August","2017","FL"
"6966","WAKULLA","19877","August","2017","FL"
"6967","WALTON","47774","August","2017","FL"
"6968","WASHINGTON","15536","August","2017","FL"
"6969","ALACHUA","171453","September","2017","FL"
"6970","BAKER","15259","September","2017","FL"
"6971","BAY","115663","September","2017","FL"
"6972","BRADFORD","15991","September","2017","FL"
"6973","BREVARD","409301","September","2017","FL"
"6974","BROWARD","1175574","September","2017","FL"
"6975","CALHOUN","8608","September","2017","FL"
"6976","CHARLOTTE","132201","September","2017","FL"
"6977","CITRUS","107087","September","2017","FL"
"6978","CLAY","148494","September","2017","FL"
"6979","COLLIER","199762","September","2017","FL"
"6980","COLUMBIA","38559","September","2017","FL"
"6981","DESOTO","16286","September","2017","FL"
"6982","DIXIE","9975","September","2017","FL"
"6983","DUVAL","578636","September","2017","FL"
"6984","ESCAMBIA","205088","September","2017","FL"
"6985","FLAGLER","78166","September","2017","FL"
"6986","FRANKLIN","7582","September","2017","FL"
"6987","GADSDEN","29575","September","2017","FL"
"6988","GILCHRIST","11331","September","2017","FL"
"6989","GLADES","6655","September","2017","FL"
"6990","GULF","9777","September","2017","FL"
"6991","HAMILTON","7582","September","2017","FL"
"6992","HARDEE","11906","September","2017","FL"
"6993","HENDRY","17266","September","2017","FL"
"6994","HERNANDO","129759","September","2017","FL"
"6995","HIGHLANDS","59079","September","2017","FL"
"6996","HILLSBOROUGH","821688","September","2017","FL"
"6997","HOLMES","10416","September","2017","FL"
"6998","INDIAN RIVER","109385","September","2017","FL"
"6999","JACKSON","28543","September","2017","FL"
"7000","JEFFERSON","9478","September","2017","FL"
"7001","LAFAYETTE","4441","September","2017","FL"
"7002","LAKE","221702","September","2017","FL"
"7003","LEE","428142","September","2017","FL"
"7004","LEON","205508","September","2017","FL"
"7005","LEVY","26812","September","2017","FL"
"7006","LIBERTY","4324","September","2017","FL"
"7007","MADISON","11737","September","2017","FL"
"7008","MANATEE","231129","September","2017","FL"
"7009","MARION","230857","September","2017","FL"
"7010","MARTIN","110663","September","2017","FL"
"7011","MIAMI-DADE","1377801","September","2017","FL"
"7012","MONROE","55490","September","2017","FL"
"7013","NASSAU","63830","September","2017","FL"
"7014","OKALOOSA","127829","September","2017","FL"
"7015","OKEECHOBEE","19761","September","2017","FL"
"7016","ORANGE","797118","September","2017","FL"
"7017","OSCEOLA","199054","September","2017","FL"
"7018","PALM BEACH","914321","September","2017","FL"
"7019","PASCO","336342","September","2017","FL"
"7020","PINELLAS","637703","September","2017","FL"
"7021","POLK","397265","September","2017","FL"
"7022","PUTNAM","45922","September","2017","FL"
"7023","SANTA ROSA","126315","September","2017","FL"
"7024","SARASOTA","310320","September","2017","FL"
"7025","SEMINOLE","285324","September","2017","FL"
"7026","ST. JOHNS","176393","September","2017","FL"
"7027","ST. LUCIE","195705","September","2017","FL"
"7028","SUMTER","90913","September","2017","FL"
"7029","SUWANNEE","25182","September","2017","FL"
"7030","TAYLOR","12221","September","2017","FL"
"7031","UNION","7233","September","2017","FL"
"7032","VOLUSIA","363655","September","2017","FL"
"7033","WAKULLA","19897","September","2017","FL"
"7034","WALTON","47631","September","2017","FL"
"7035","WASHINGTON","15559","September","2017","FL"
"7036","ALACHUA","171998","October","2017","FL"
"7037","BAKER","15276","October","2017","FL"
"7038","BAY","115979","October","2017","FL"
"7039","BRADFORD","16021","October","2017","FL"
"7040","BREVARD","410075","October","2017","FL"
"7041","BROWARD","1178028","October","2017","FL"
"7042","CALHOUN","8627","October","2017","FL"
"7043","CHARLOTTE","132875","October","2017","FL"
"7044","CITRUS","107448","October","2017","FL"
"7045","CLAY","148926","October","2017","FL"
"7046","COLLIER","200443","October","2017","FL"
"7047","COLUMBIA","38664","October","2017","FL"
"7048","DESOTO","16305","October","2017","FL"
"7049","DIXIE","9950","October","2017","FL"
"7050","DUVAL","579684","October","2017","FL"
"7051","ESCAMBIA","205489","October","2017","FL"
"7052","FLAGLER","78429","October","2017","FL"
"7053","FRANKLIN","7594","October","2017","FL"
"7054","GADSDEN","29586","October","2017","FL"
"7055","GILCHRIST","11342","October","2017","FL"
"7056","GLADES","6657","October","2017","FL"
"7057","GULF","9813","October","2017","FL"
"7058","HAMILTON","7578","October","2017","FL"
"7059","HARDEE","11910","October","2017","FL"
"7060","HENDRY","17293","October","2017","FL"
"7061","HERNANDO","130241","October","2017","FL"
"7062","HIGHLANDS","59295","October","2017","FL"
"7063","HILLSBOROUGH","825119","October","2017","FL"
"7064","HOLMES","10442","October","2017","FL"
"7065","INDIAN RIVER","109455","October","2017","FL"
"7066","JACKSON","28535","October","2017","FL"
"7067","JEFFERSON","9498","October","2017","FL"
"7068","LAFAYETTE","4297","October","2017","FL"
"7069","LAKE","222580","October","2017","FL"
"7070","LEE","430174","October","2017","FL"
"7071","LEON","205724","October","2017","FL"
"7072","LEVY","26866","October","2017","FL"
"7073","LIBERTY","4322","October","2017","FL"
"7074","MADISON","11752","October","2017","FL"
"7075","MANATEE","232321","October","2017","FL"
"7076","MARION","231744","October","2017","FL"
"7077","MARTIN","110791","October","2017","FL"
"7078","MIAMI-DADE","1379921","October","2017","FL"
"7079","MONROE","55622","October","2017","FL"
"7080","NASSAU","64181","October","2017","FL"
"7081","OKALOOSA","128556","October","2017","FL"
"7082","OKEECHOBEE","19809","October","2017","FL"
"7083","ORANGE","800087","October","2017","FL"
"7084","OSCEOLA","200450","October","2017","FL"
"7085","PALM BEACH","916279","October","2017","FL"
"7086","PASCO","337761","October","2017","FL"
"7087","PINELLAS","640233","October","2017","FL"
"7088","POLK","399475","October","2017","FL"
"7089","PUTNAM","46055","October","2017","FL"
"7090","SANTA ROSA","126846","October","2017","FL"
"7091","SARASOTA","310870","October","2017","FL"
"7092","SEMINOLE","285901","October","2017","FL"
"7093","ST. JOHNS","176288","October","2017","FL"
"7094","ST. LUCIE","196545","October","2017","FL"
"7095","SUMTER","91410","October","2017","FL"
"7096","SUWANNEE","25194","October","2017","FL"
"7097","TAYLOR","12228","October","2017","FL"
"7098","UNION","7237","October","2017","FL"
"7099","VOLUSIA","364357","October","2017","FL"
"7100","WAKULLA","19934","October","2017","FL"
"7101","WALTON","47668","October","2017","FL"
"7102","WASHINGTON","15580","October","2017","FL"
"7103","ALACHUA","172379","November","2017","FL"
"7104","BAKER","15279","November","2017","FL"
"7105","BAY","116243","November","2017","FL"
"7106","BRADFORD","16055","November","2017","FL"
"7107","BREVARD","406984","November","2017","FL"
"7108","BROWARD","1179722","November","2017","FL"
"7109","CALHOUN","8632","November","2017","FL"
"7110","CHARLOTTE","133437","November","2017","FL"
"7111","CITRUS","106574","November","2017","FL"
"7112","CLAY","149058","November","2017","FL"
"7113","COLLIER","199410","November","2017","FL"
"7114","COLUMBIA","38753","November","2017","FL"
"7115","DESOTO","16361","November","2017","FL"
"7116","DIXIE","9943","November","2017","FL"
"7117","DUVAL","579367","November","2017","FL"
"7118","ESCAMBIA","204800","November","2017","FL"
"7119","FLAGLER","78769","November","2017","FL"
"7120","FRANKLIN","7614","November","2017","FL"
"7121","GADSDEN","29614","November","2017","FL"
"7122","GILCHRIST","11356","November","2017","FL"
"7123","GLADES","6672","November","2017","FL"
"7124","GULF","9846","November","2017","FL"
"7125","HAMILTON","7587","November","2017","FL"
"7126","HARDEE","11942","November","2017","FL"
"7127","HENDRY","17329","November","2017","FL"
"7128","HERNANDO","130640","November","2017","FL"
"7129","HIGHLANDS","58998","November","2017","FL"
"7130","HILLSBOROUGH","828196","November","2017","FL"
"7131","HOLMES","10465","November","2017","FL"
"7132","INDIAN RIVER","109358","November","2017","FL"
"7133","JACKSON","27648","November","2017","FL"
"7134","JEFFERSON","9508","November","2017","FL"
"7135","LAFAYETTE","4293","November","2017","FL"
"7136","LAKE","223527","November","2017","FL"
"7137","LEE","431685","November","2017","FL"
"7138","LEON","205884","November","2017","FL"
"7139","LEVY","26970","November","2017","FL"
"7140","LIBERTY","4319","November","2017","FL"
"7141","MADISON","11767","November","2017","FL"
"7142","MANATEE","233092","November","2017","FL"
"7143","MARION","232693","November","2017","FL"
"7144","MARTIN","111051","November","2017","FL"
"7145","MIAMI-DADE","1380396","November","2017","FL"
"7146","MONROE","55452","November","2017","FL"
"7147","NASSAU","64406","November","2017","FL"
"7148","OKALOOSA","129136","November","2017","FL"
"7149","OKEECHOBEE","19877","November","2017","FL"
"7150","ORANGE","801931","November","2017","FL"
"7151","OSCEOLA","201641","November","2017","FL"
"7152","PALM BEACH","917680","November","2017","FL"
"7153","PASCO","339353","November","2017","FL"
"7154","PINELLAS","640280","November","2017","FL"
"7155","POLK","400710","November","2017","FL"
"7156","PUTNAM","46146","November","2017","FL"
"7157","SANTA ROSA","127294","November","2017","FL"
"7158","SARASOTA","311733","November","2017","FL"
"7159","SEMINOLE","286482","November","2017","FL"
"7160","ST. JOHNS","177150","November","2017","FL"
"7161","ST. LUCIE","197228","November","2017","FL"
"7162","SUMTER","91875","November","2017","FL"
"7163","SUWANNEE","25196","November","2017","FL"
"7164","TAYLOR","12245","November","2017","FL"
"7165","UNION","7242","November","2017","FL"
"7166","VOLUSIA","365757","November","2017","FL"
"7167","WAKULLA","19985","November","2017","FL"
"7168","WALTON","47770","November","2017","FL"
"7169","WASHINGTON","15596","November","2017","FL"
"7170","ALACHUA","172664","December","2017","FL"
"7171","BAKER","15301","December","2017","FL"
"7172","BAY","116511","December","2017","FL"
"7173","BRADFORD","16080","December","2017","FL"
"7174","BREVARD","408101","December","2017","FL"
"7175","BROWARD","1181767","December","2017","FL"
"7176","CALHOUN","8622","December","2017","FL"
"7177","CHARLOTTE","129169","December","2017","FL"
"7178","CITRUS","104969","December","2017","FL"
"7179","CLAY","149240","December","2017","FL"
"7180","COLLIER","200683","December","2017","FL"
"7181","COLUMBIA","38845","December","2017","FL"
"7182","DESOTO","16357","December","2017","FL"
"7183","DIXIE","9924","December","2017","FL"
"7184","DUVAL","580017","December","2017","FL"
"7185","ESCAMBIA","205114","December","2017","FL"
"7186","FLAGLER","79010","December","2017","FL"
"7187","FRANKLIN","7640","December","2017","FL"
"7188","GADSDEN","29617","December","2017","FL"
"7189","GILCHRIST","11405","December","2017","FL"
"7190","GLADES","6684","December","2017","FL"
"7191","GULF","9859","December","2017","FL"
"7192","HAMILTON","7603","December","2017","FL"
"7193","HARDEE","11957","December","2017","FL"
"7194","HENDRY","17266","December","2017","FL"
"7195","HERNANDO","130871","December","2017","FL"
"7196","HIGHLANDS","58706","December","2017","FL"
"7197","HILLSBOROUGH","822783","December","2017","FL"
"7198","HOLMES","10474","December","2017","FL"
"7199","INDIAN RIVER","109229","December","2017","FL"
"7200","JACKSON","27252","December","2017","FL"
"7201","JEFFERSON","9528","December","2017","FL"
"7202","LAFAYETTE","4297","December","2017","FL"
"7203","LAKE","224296","December","2017","FL"
"7204","LEE","433510","December","2017","FL"
"7205","LEON","206005","December","2017","FL"
"7206","LEVY","27026","December","2017","FL"
"7207","LIBERTY","4316","December","2017","FL"
"7208","MADISON","11676","December","2017","FL"
"7209","MANATEE","233975","December","2017","FL"
"7210","MARION","233314","December","2017","FL"
"7211","MARTIN","111336","December","2017","FL"
"7212","MIAMI-DADE","1376689","December","2017","FL"
"7213","MONROE","55460","December","2017","FL"
"7214","NASSAU","64673","December","2017","FL"
"7215","OKALOOSA","129508","December","2017","FL"
"7216","OKEECHOBEE","19894","December","2017","FL"
"7217","ORANGE","804150","December","2017","FL"
"7218","OSCEOLA","202937","December","2017","FL"
"7219","PALM BEACH","913353","December","2017","FL"
"7220","PASCO","337824","December","2017","FL"
"7221","PINELLAS","640608","December","2017","FL"
"7222","POLK","402630","December","2017","FL"
"7223","PUTNAM","46142","December","2017","FL"
"7224","SANTA ROSA","127337","December","2017","FL"
"7225","SARASOTA","305993","December","2017","FL"
"7226","SEMINOLE","287268","December","2017","FL"
"7227","ST. JOHNS","178180","December","2017","FL"
"7228","ST. LUCIE","194796","December","2017","FL"
"7229","SUMTER","92287","December","2017","FL"
"7230","SUWANNEE","25243","December","2017","FL"
"7231","TAYLOR","12235","December","2017","FL"
"7232","UNION","7227","December","2017","FL"
"7233","VOLUSIA","366354","December","2017","FL"
"7234","WAKULLA","20001","December","2017","FL"
"7235","WALTON","47794","December","2017","FL"
"7236","WASHINGTON","15607","December","2017","FL"
