"","county","count","month","year","state"
"1","Allamakee","9600","April","2017","IA"
"2","Appanoose","8421","April","2017","IA"
"3","Audubon","4247","April","2017","IA"
"4","Benton","17390","April","2017","IA"
"5","Black Hawk","84011","April","2017","IA"
"6","Boone","18305","April","2017","IA"
"7","Bremer","16796","April","2017","IA"
"8","Buchanan","13404","April","2017","IA"
"9","Buena Vista","11880","April","2017","IA"
"10","Butler","9837","April","2017","IA"
"11","Calhoun","6555","April","2017","IA"
"12","Carroll","14150","April","2017","IA"
"13","Cass","9282","April","2017","IA"
"14","Cedar","11961","April","2017","IA"
"15","Cerro Gordo","30031","April","2017","IA"
"16","Cherokee","8074","April","2017","IA"
"17","Chickasaw","8451","April","2017","IA"
"18","Clarke","5711","April","2017","IA"
"19","Clay","11281","April","2017","IA"
"20","Clayton","11710","April","2017","IA"
"21","Clinton","31493","April","2017","IA"
"22","Crawford","9519","April","2017","IA"
"23","Dallas","53702","April","2017","IA"
"24","Davis","4938","April","2017","IA"
"25","Decatur","4811","April","2017","IA"
"26","Delaware","11531","April","2017","IA"
"27","Des Moines","26358","April","2017","IA"
"28","Dickinson","12756","April","2017","IA"
"29","Dubuque","64970","April","2017","IA"
"30","Emmet","6486","April","2017","IA"
"31","Fayette","12139","April","2017","IA"
"32","Floyd","10544","April","2017","IA"
"33","Franklin","6530","April","2017","IA"
"34","Fremont","4895","April","2017","IA"
"35","Greene","6309","April","2017","IA"
"36","Grundy","8645","April","2017","IA"
"37","Guthrie","7515","April","2017","IA"
"38","Hamilton","9940","April","2017","IA"
"39","Hancock","7615","April","2017","IA"
"40","Hardin","11228","April","2017","IA"
"41","Harrison","8704","April","2017","IA"
"42","Henry","12994","April","2017","IA"
"43","Howard","5965","April","2017","IA"
"44","Humboldt","6343","April","2017","IA"
"45","Ida","4786","April","2017","IA"
"46","Iowa","11595","April","2017","IA"
"47","Jackson","14012","April","2017","IA"
"48","Jasper","24564","April","2017","IA"
"49","Jefferson","10519","April","2017","IA"
"50","Johnson","93858","April","2017","IA"
"51","Jones","13141","April","2017","IA"
"52","Keokuk","6637","April","2017","IA"
"53","Kossuth","10965","April","2017","IA"
"54","Lee","21948","April","2017","IA"
"55","Linn","141207","April","2017","IA"
"56","Louisa","6839","April","2017","IA"
"57","Lucas","5647","April","2017","IA"
"58","Lyon","8104","April","2017","IA"
"59","Madison","10920","April","2017","IA"
"60","Mahaska","14056","April","2017","IA"
"61","Marion","22852","April","2017","IA"
"62","Marshall","24039","April","2017","IA"
"63","Mills","10278","April","2017","IA"
"64","Mitchell","7013","April","2017","IA"
"65","Monona","6099","April","2017","IA"
"66","Monroe","4853","April","2017","IA"
"67","Montgomery","6914","April","2017","IA"
"68","Muscatine","26814","April","2017","IA"
"69","O'Brien","9428","April","2017","IA"
"70","Osceola","4174","April","2017","IA"
"71","Page","9578","April","2017","IA"
"72","Palo Alto","6119","April","2017","IA"
"73","Plymouth","17082","April","2017","IA"
"74","Pocahontas","4964","April","2017","IA"
"75","Polk","289415","April","2017","IA"
"76","Pottawattamie","57476","April","2017","IA"
"77","Poweshiek","12879","April","2017","IA"
"78","Ringgold","3185","April","2017","IA"
"79","Sac","6962","April","2017","IA"
"80","Scott","117100","April","2017","IA"
"81","Shelby","8102","April","2017","IA"
"82","Sioux","21280","April","2017","IA"
"83","Story","63015","April","2017","IA"
"84","Tama","11330","April","2017","IA"
"85","Taylor","3900","April","2017","IA"
"86","Union","7837","April","2017","IA"
"87","Van Buren","4745","April","2017","IA"
"88","Wapello","21125","April","2017","IA"
"89","Warren","33465","April","2017","IA"
"90","Washington","14393","April","2017","IA"
"91","Wayne","3680","April","2017","IA"
"92","Webster","24013","April","2017","IA"
"93","Winnebago","7413","April","2017","IA"
"94","Winneshiek","14179","April","2017","IA"
"95","Woodbury","58531","April","2017","IA"
"96","Worth","5383","April","2017","IA"
"97","Wright","7983","April","2017","IA"
"98","Allamakee","9214","August","2017","IA"
"99","Appanoose","8067","August","2017","IA"
"100","Audubon","4158","August","2017","IA"
"101","Benton","17156","August","2017","IA"
"102","Black Hawk","81534","August","2017","IA"
"103","Boone","18038","August","2017","IA"
"104","Bremer","16432","August","2017","IA"
"105","Buchanan","13175","August","2017","IA"
"106","Buena Vista","11411","August","2017","IA"
"107","Butler","9696","August","2017","IA"
"108","Calhoun","6507","August","2017","IA"
"109","Carroll","13850","August","2017","IA"
"110","Cass","9070","August","2017","IA"
"111","Cedar","11749","August","2017","IA"
"112","Cerro Gordo","29501","August","2017","IA"
"113","Cherokee","7919","August","2017","IA"
"114","Chickasaw","8212","August","2017","IA"
"115","Clarke","5633","August","2017","IA"
"116","Clay","11002","August","2017","IA"
"117","Clayton","11462","August","2017","IA"
"118","Clinton","30960","August","2017","IA"
"119","Crawford","9427","August","2017","IA"
"120","Dallas","53833","August","2017","IA"
"121","Davis","4875","August","2017","IA"
"122","Decatur","4520","August","2017","IA"
"123","Delaware","11387","August","2017","IA"
"124","Des Moines","25864","August","2017","IA"
"125","Dickinson","12529","August","2017","IA"
"126","Dubuque","63882","August","2017","IA"
"127","Emmet","6313","August","2017","IA"
"128","Fayette","11857","August","2017","IA"
"129","Floyd","10344","August","2017","IA"
"130","Franklin","6391","August","2017","IA"
"131","Fremont","4690","August","2017","IA"
"132","Greene","6196","August","2017","IA"
"133","Grundy","8461","August","2017","IA"
"134","Guthrie","7324","August","2017","IA"
"135","Hamilton","9751","August","2017","IA"
"136","Hancock","7504","August","2017","IA"
"137","Hardin","11060","August","2017","IA"
"138","Harrison","8590","August","2017","IA"
"139","Henry","12623","August","2017","IA"
"140","Howard","5834","August","2017","IA"
"141","Humboldt","6268","August","2017","IA"
"142","Ida","4717","August","2017","IA"
"143","Iowa","11397","August","2017","IA"
"144","Jackson","13793","August","2017","IA"
"145","Jasper","24364","August","2017","IA"
"146","Jefferson","10368","August","2017","IA"
"147","Johnson","90717","August","2017","IA"
"148","Jones","12959","August","2017","IA"
"149","Keokuk","6487","August","2017","IA"
"150","Kossuth","10806","August","2017","IA"
"151","Lee","21517","August","2017","IA"
"152","Linn","140831","August","2017","IA"
"153","Louisa","6724","August","2017","IA"
"154","Lucas","5545","August","2017","IA"
"155","Lyon","7910","August","2017","IA"
"156","Madison","10799","August","2017","IA"
"157","Mahaska","13663","August","2017","IA"
"158","Marion","22339","August","2017","IA"
"159","Marshall","23304","August","2017","IA"
"160","Mills","10054","August","2017","IA"
"161","Mitchell","6893","August","2017","IA"
"162","Monona","5959","August","2017","IA"
"163","Monroe","4784","August","2017","IA"
"164","Montgomery","6834","August","2017","IA"
"165","Muscatine","26282","August","2017","IA"
"166","O'Brien","9302","August","2017","IA"
"167","Osceola","4107","August","2017","IA"
"168","Page","9408","August","2017","IA"
"169","Palo Alto","6025","August","2017","IA"
"170","Plymouth","16741","August","2017","IA"
"171","Pocahontas","4865","August","2017","IA"
"172","Polk","284115","August","2017","IA"
"173","Pottawattamie","56807","August","2017","IA"
"174","Poweshiek","12517","August","2017","IA"
"175","Ringgold","3124","August","2017","IA"
"176","Sac","6811","August","2017","IA"
"177","Scott","114342","August","2017","IA"
"178","Shelby","8008","August","2017","IA"
"179","Sioux","21145","August","2017","IA"
"180","Story","60382","August","2017","IA"
"181","Tama","11149","August","2017","IA"
"182","Taylor","3800","August","2017","IA"
"183","Union","7672","August","2017","IA"
"184","Van Buren","4644","August","2017","IA"
"185","Wapello","20388","August","2017","IA"
"186","Warren","33028","August","2017","IA"
"187","Washington","14109","August","2017","IA"
"188","Wayne","3591","August","2017","IA"
"189","Webster","23113","August","2017","IA"
"190","Winnebago","7238","August","2017","IA"
"191","Winneshiek","13596","August","2017","IA"
"192","Woodbury","57006","August","2017","IA"
"193","Worth","5307","August","2017","IA"
"194","Wright","7868","August","2017","IA"
"195","Allamakee","9278","December","2017","IA"
"196","Appanoose","8132","December","2017","IA"
"197","Audubon","4169","December","2017","IA"
"198","Benton","17282","December","2017","IA"
"199","Black Hawk","81712","December","2017","IA"
"200","Boone","18232","December","2017","IA"
"201","Bremer","16521","December","2017","IA"
"202","Buchanan","13250","December","2017","IA"
"203","Buena Vista","11478","December","2017","IA"
"204","Butler","9692","December","2017","IA"
"205","Calhoun","6489","December","2017","IA"
"206","Carroll","13925","December","2017","IA"
"207","Cass","9107","December","2017","IA"
"208","Cedar","11787","December","2017","IA"
"209","Cerro Gordo","29703","December","2017","IA"
"210","Cherokee","7956","December","2017","IA"
"211","Chickasaw","8210","December","2017","IA"
"212","Clarke","5643","December","2017","IA"
"213","Clay","11053","December","2017","IA"
"214","Clayton","11515","December","2017","IA"
"215","Clinton","31160","December","2017","IA"
"216","Crawford","9491","December","2017","IA"
"217","Dallas","54874","December","2017","IA"
"218","Davis","4882","December","2017","IA"
"219","Decatur","4526","December","2017","IA"
"220","Delaware","11410","December","2017","IA"
"221","Des Moines","26066","December","2017","IA"
"222","Dickinson","12643","December","2017","IA"
"223","Dubuque","64317","December","2017","IA"
"224","Emmet","6350","December","2017","IA"
"225","Fayette","11825","December","2017","IA"
"226","Floyd","10389","December","2017","IA"
"227","Franklin","6401","December","2017","IA"
"228","Fremont","4721","December","2017","IA"
"229","Greene","6215","December","2017","IA"
"230","Grundy","8643","December","2017","IA"
"231","Guthrie","7369","December","2017","IA"
"232","Hamilton","9777","December","2017","IA"
"233","Hancock","7516","December","2017","IA"
"234","Hardin","11136","December","2017","IA"
"235","Harrison","8610","December","2017","IA"
"236","Henry","12537","December","2017","IA"
"237","Howard","5863","December","2017","IA"
"238","Humboldt","6292","December","2017","IA"
"239","Ida","4703","December","2017","IA"
"240","Iowa","11469","December","2017","IA"
"241","Jackson","13832","December","2017","IA"
"242","Jasper","24555","December","2017","IA"
"243","Jefferson","10357","December","2017","IA"
"244","Johnson","91960","December","2017","IA"
"245","Jones","13025","December","2017","IA"
"246","Keokuk","6469","December","2017","IA"
"247","Kossuth","10854","December","2017","IA"
"248","Lee","21589","December","2017","IA"
"249","Linn","142122","December","2017","IA"
"250","Louisa","6774","December","2017","IA"
"251","Lucas","5556","December","2017","IA"
"252","Lyon","7997","December","2017","IA"
"253","Madison","10793","December","2017","IA"
"254","Mahaska","13762","December","2017","IA"
"255","Marion","22450","December","2017","IA"
"256","Marshall","23376","December","2017","IA"
"257","Mills","10156","December","2017","IA"
"258","Mitchell","6922","December","2017","IA"
"259","Monona","5973","December","2017","IA"
"260","Monroe","4789","December","2017","IA"
"261","Montgomery","6858","December","2017","IA"
"262","Muscatine","26395","December","2017","IA"
"263","O'Brien","9280","December","2017","IA"
"264","Osceola","4108","December","2017","IA"
"265","Page","9450","December","2017","IA"
"266","Palo Alto","6058","December","2017","IA"
"267","Plymouth","16835","December","2017","IA"
"268","Pocahontas","4872","December","2017","IA"
"269","Polk","284237","December","2017","IA"
"270","Pottawattamie","56640","December","2017","IA"
"271","Poweshiek","12640","December","2017","IA"
"272","Ringgold","3116","December","2017","IA"
"273","Sac","6849","December","2017","IA"
"274","Scott","114976","December","2017","IA"
"275","Shelby","8040","December","2017","IA"
"276","Sioux","21289","December","2017","IA"
"277","Story","60962","December","2017","IA"
"278","Tama","11209","December","2017","IA"
"279","Taylor","3810","December","2017","IA"
"280","Union","7662","December","2017","IA"
"281","Van Buren","4658","December","2017","IA"
"282","Wapello","20443","December","2017","IA"
"283","Warren","33103","December","2017","IA"
"284","Washington","14225","December","2017","IA"
"285","Wayne","3589","December","2017","IA"
"286","Webster","23273","December","2017","IA"
"287","Winnebago","7317","December","2017","IA"
"288","Winneshiek","13665","December","2017","IA"
"289","Woodbury","57293","December","2017","IA"
"290","Worth","5337","December","2017","IA"
"291","Wright","7895","December","2017","IA"
"292","Allamakee","9621","February","2017","IA"
"293","Appanoose","8432","February","2017","IA"
"294","Audubon","4257","February","2017","IA"
"295","Benton","17362","February","2017","IA"
"296","Black Hawk","84118","February","2017","IA"
"297","Boone","18271","February","2017","IA"
"298","Bremer","16806","February","2017","IA"
"299","Buchanan","13395","February","2017","IA"
"300","Buena Vista","11819","February","2017","IA"
"301","Butler","9841","February","2017","IA"
"302","Calhoun","6538","February","2017","IA"
"303","Carroll","14134","February","2017","IA"
"304","Cass","9287","February","2017","IA"
"305","Cedar","11927","February","2017","IA"
"306","Cerro Gordo","30104","February","2017","IA"
"307","Cherokee","8084","February","2017","IA"
"308","Chickasaw","8457","February","2017","IA"
"309","Clarke","5705","February","2017","IA"
"310","Clay","11269","February","2017","IA"
"311","Clayton","11706","February","2017","IA"
"312","Clinton","31472","February","2017","IA"
"313","Crawford","9527","February","2017","IA"
"314","Dallas","53363","February","2017","IA"
"315","Davis","4931","February","2017","IA"
"316","Decatur","4814","February","2017","IA"
"317","Delaware","11510","February","2017","IA"
"318","Des Moines","26271","February","2017","IA"
"319","Dickinson","12749","February","2017","IA"
"320","Dubuque","64894","February","2017","IA"
"321","Emmet","6493","February","2017","IA"
"322","Fayette","12151","February","2017","IA"
"323","Floyd","10532","February","2017","IA"
"324","Franklin","6537","February","2017","IA"
"325","Fremont","4865","February","2017","IA"
"326","Greene","6308","February","2017","IA"
"327","Grundy","8625","February","2017","IA"
"328","Guthrie","7601","February","2017","IA"
"329","Hamilton","9926","February","2017","IA"
"330","Hancock","7611","February","2017","IA"
"331","Hardin","11223","February","2017","IA"
"332","Harrison","8718","February","2017","IA"
"333","Henry","12990","February","2017","IA"
"334","Howard","5969","February","2017","IA"
"335","Humboldt","6337","February","2017","IA"
"336","Ida","4795","February","2017","IA"
"337","Iowa","11581","February","2017","IA"
"338","Jackson","13993","February","2017","IA"
"339","Jasper","24550","February","2017","IA"
"340","Jefferson","10552","February","2017","IA"
"341","Johnson","93863","February","2017","IA"
"342","Jones","13118","February","2017","IA"
"343","Keokuk","6619","February","2017","IA"
"344","Kossuth","10966","February","2017","IA"
"345","Lee","22012","February","2017","IA"
"346","Linn","140547","February","2017","IA"
"347","Louisa","6820","February","2017","IA"
"348","Lucas","5642","February","2017","IA"
"349","Lyon","8093","February","2017","IA"
"350","Madison","10897","February","2017","IA"
"351","Mahaska","14055","February","2017","IA"
"352","Marion","22842","February","2017","IA"
"353","Marshall","24034","February","2017","IA"
"354","Mills","10236","February","2017","IA"
"355","Mitchell","7027","February","2017","IA"
"356","Monona","6128","February","2017","IA"
"357","Monroe","4870","February","2017","IA"
"358","Montgomery","6912","February","2017","IA"
"359","Muscatine","26735","February","2017","IA"
"360","O'Brien","9418","February","2017","IA"
"361","Osceola","4173","February","2017","IA"
"362","Page","9577","February","2017","IA"
"363","Palo Alto","6116","February","2017","IA"
"364","Plymouth","17073","February","2017","IA"
"365","Pocahontas","4958","February","2017","IA"
"366","Polk","289130","February","2017","IA"
"367","Pottawattamie","57355","February","2017","IA"
"368","Poweshiek","12888","February","2017","IA"
"369","Ringgold","3193","February","2017","IA"
"370","Sac","6959","February","2017","IA"
"371","Scott","116869","February","2017","IA"
"372","Shelby","8125","February","2017","IA"
"373","Sioux","21244","February","2017","IA"
"374","Story","63074","February","2017","IA"
"375","Tama","11320","February","2017","IA"
"376","Taylor","3905","February","2017","IA"
"377","Union","7839","February","2017","IA"
"378","Van Buren","4757","February","2017","IA"
"379","Wapello","21144","February","2017","IA"
"380","Warren","33358","February","2017","IA"
"381","Washington","14386","February","2017","IA"
"382","Wayne","3697","February","2017","IA"
"383","Webster","23993","February","2017","IA"
"384","Winnebago","7412","February","2017","IA"
"385","Winneshiek","14224","February","2017","IA"
"386","Woodbury","58481","February","2017","IA"
"387","Worth","5404","February","2017","IA"
"388","Wright","7975","February","2017","IA"
"389","Allamakee","9681","January","2017","IA"
"390","Appanoose","8540","January","2017","IA"
"391","Audubon","4304","January","2017","IA"
"392","Benton","17529","January","2017","IA"
"393","Black Hawk","85488","January","2017","IA"
"394","Boone","18526","January","2017","IA"
"395","Bremer","17006","January","2017","IA"
"396","Buchanan","13549","January","2017","IA"
"397","Buena Vista","11996","January","2017","IA"
"398","Butler","9951","January","2017","IA"
"399","Calhoun","6548","January","2017","IA"
"400","Carroll","14242","January","2017","IA"
"401","Cass","9414","January","2017","IA"
"402","Cedar","12073","January","2017","IA"
"403","Cerro Gordo","30363","January","2017","IA"
"404","Cherokee","8177","January","2017","IA"
"405","Chickasaw","8573","January","2017","IA"
"406","Clarke","5787","January","2017","IA"
"407","Clay","11455","January","2017","IA"
"408","Clayton","11742","January","2017","IA"
"409","Clinton","31913","January","2017","IA"
"410","Crawford","9585","January","2017","IA"
"411","Dallas","54568","January","2017","IA"
"412","Davis","4957","January","2017","IA"
"413","Decatur","4877","January","2017","IA"
"414","Delaware","11647","January","2017","IA"
"415","Des Moines","26666","January","2017","IA"
"416","Dickinson","12954","January","2017","IA"
"417","Dubuque","65682","January","2017","IA"
"418","Emmet","6583","January","2017","IA"
"419","Fayette","12242","January","2017","IA"
"420","Floyd","10668","January","2017","IA"
"421","Franklin","6621","January","2017","IA"
"422","Fremont","4921","January","2017","IA"
"423","Greene","6393","January","2017","IA"
"424","Grundy","8746","January","2017","IA"
"425","Guthrie","7604","January","2017","IA"
"426","Hamilton","10050","January","2017","IA"
"427","Hancock","7721","January","2017","IA"
"428","Hardin","11353","January","2017","IA"
"429","Harrison","8837","January","2017","IA"
"430","Henry","13158","January","2017","IA"
"431","Howard","6024","January","2017","IA"
"432","Humboldt","6432","January","2017","IA"
"433","Ida","4854","January","2017","IA"
"434","Iowa","11739","January","2017","IA"
"435","Jackson","14169","January","2017","IA"
"436","Jasper","24903","January","2017","IA"
"437","Jefferson","10731","January","2017","IA"
"438","Johnson","96642","January","2017","IA"
"439","Jones","13223","January","2017","IA"
"440","Keokuk","6680","January","2017","IA"
"441","Kossuth","11086","January","2017","IA"
"442","Lee","22265","January","2017","IA"
"443","Linn","141346","January","2017","IA"
"444","Louisa","6891","January","2017","IA"
"445","Lucas","5724","January","2017","IA"
"446","Lyon","8159","January","2017","IA"
"447","Madison","11028","January","2017","IA"
"448","Mahaska","14241","January","2017","IA"
"449","Marion","23127","January","2017","IA"
"450","Marshall","24272","January","2017","IA"
"451","Mills","10430","January","2017","IA"
"452","Mitchell","7096","January","2017","IA"
"453","Monona","6209","January","2017","IA"
"454","Monroe","4923","January","2017","IA"
"455","Montgomery","6979","January","2017","IA"
"456","Muscatine","27036","January","2017","IA"
"457","O'Brien","9545","January","2017","IA"
"458","Osceola","4221","January","2017","IA"
"459","Page","9732","January","2017","IA"
"460","Palo Alto","6188","January","2017","IA"
"461","Plymouth","17241","January","2017","IA"
"462","Pocahontas","5023","January","2017","IA"
"463","Polk","292563","January","2017","IA"
"464","Pottawattamie","58077","January","2017","IA"
"465","Poweshiek","13038","January","2017","IA"
"466","Ringgold","3235","January","2017","IA"
"467","Sac","7037","January","2017","IA"
"468","Scott","118287","January","2017","IA"
"469","Shelby","8232","January","2017","IA"
"470","Sioux","21482","January","2017","IA"
"471","Story","64442","January","2017","IA"
"472","Tama","11428","January","2017","IA"
"473","Taylor","3956","January","2017","IA"
"474","Union","7948","January","2017","IA"
"475","Van Buren","4809","January","2017","IA"
"476","Wapello","21438","January","2017","IA"
"477","Warren","33786","January","2017","IA"
"478","Washington","14564","January","2017","IA"
"479","Wayne","3732","January","2017","IA"
"480","Webster","24294","January","2017","IA"
"481","Winnebago","7508","January","2017","IA"
"482","Winneshiek","14382","January","2017","IA"
"483","Woodbury","59310","January","2017","IA"
"484","Worth","5465","January","2017","IA"
"485","Wright","8132","January","2017","IA"
"486","Allamakee","9223","July","2017","IA"
"487","Appanoose","8100","July","2017","IA"
"488","Audubon","4184","July","2017","IA"
"489","Benton","17210","July","2017","IA"
"490","Black Hawk","81781","July","2017","IA"
"491","Boone","18092","July","2017","IA"
"492","Bremer","16412","July","2017","IA"
"493","Buchanan","13191","July","2017","IA"
"494","Buena Vista","11378","July","2017","IA"
"495","Butler","9725","July","2017","IA"
"496","Calhoun","6510","July","2017","IA"
"497","Carroll","13864","July","2017","IA"
"498","Cass","9048","July","2017","IA"
"499","Cedar","11803","July","2017","IA"
"500","Cerro Gordo","29465","July","2017","IA"
"501","Cherokee","7910","July","2017","IA"
"502","Chickasaw","8238","July","2017","IA"
"503","Clarke","5631","July","2017","IA"
"504","Clay","11033","July","2017","IA"
"505","Clayton","11461","July","2017","IA"
"506","Clinton","31094","July","2017","IA"
"507","Crawford","9405","July","2017","IA"
"508","Dallas","53844","July","2017","IA"
"509","Davis","4872","July","2017","IA"
"510","Decatur","4526","July","2017","IA"
"511","Delaware","11358","July","2017","IA"
"512","Des Moines","25935","July","2017","IA"
"513","Dickinson","12496","July","2017","IA"
"514","Dubuque","64026","July","2017","IA"
"515","Emmet","6321","July","2017","IA"
"516","Fayette","11861","July","2017","IA"
"517","Floyd","10374","July","2017","IA"
"518","Franklin","6382","July","2017","IA"
"519","Fremont","4746","July","2017","IA"
"520","Greene","6186","July","2017","IA"
"521","Grundy","8511","July","2017","IA"
"522","Guthrie","7335","July","2017","IA"
"523","Hamilton","9777","July","2017","IA"
"524","Hancock","7510","July","2017","IA"
"525","Hardin","11047","July","2017","IA"
"526","Harrison","8629","July","2017","IA"
"527","Henry","12593","July","2017","IA"
"528","Howard","5839","July","2017","IA"
"529","Humboldt","6275","July","2017","IA"
"530","Ida","4737","July","2017","IA"
"531","Iowa","11376","July","2017","IA"
"532","Jackson","13773","July","2017","IA"
"533","Jasper","24333","July","2017","IA"
"534","Jefferson","10382","July","2017","IA"
"535","Johnson","92523","July","2017","IA"
"536","Jones","12944","July","2017","IA"
"537","Keokuk","6498","July","2017","IA"
"538","Kossuth","10837","July","2017","IA"
"539","Lee","21650","July","2017","IA"
"540","Linn","140600","July","2017","IA"
"541","Louisa","6708","July","2017","IA"
"542","Lucas","5541","July","2017","IA"
"543","Lyon","7850","July","2017","IA"
"544","Madison","10744","July","2017","IA"
"545","Mahaska","13648","July","2017","IA"
"546","Marion","22492","July","2017","IA"
"547","Marshall","23365","July","2017","IA"
"548","Mills","10041","July","2017","IA"
"549","Mitchell","6901","July","2017","IA"
"550","Monona","5996","July","2017","IA"
"551","Monroe","4789","July","2017","IA"
"552","Montgomery","6867","July","2017","IA"
"553","Muscatine","26338","July","2017","IA"
"554","O'Brien","9313","July","2017","IA"
"555","Osceola","4103","July","2017","IA"
"556","Page","9373","July","2017","IA"
"557","Palo Alto","6044","July","2017","IA"
"558","Plymouth","16717","July","2017","IA"
"559","Pocahontas","4877","July","2017","IA"
"560","Polk","285159","July","2017","IA"
"561","Pottawattamie","56889","July","2017","IA"
"562","Poweshiek","12668","July","2017","IA"
"563","Ringgold","3137","July","2017","IA"
"564","Sac","6799","July","2017","IA"
"565","Scott","114899","July","2017","IA"
"566","Shelby","8021","July","2017","IA"
"567","Sioux","21173","July","2017","IA"
"568","Story","60710","July","2017","IA"
"569","Tama","11169","July","2017","IA"
"570","Taylor","3809","July","2017","IA"
"571","Union","7679","July","2017","IA"
"572","Van Buren","4645","July","2017","IA"
"573","Wapello","20445","July","2017","IA"
"574","Warren","32978","July","2017","IA"
"575","Washington","14099","July","2017","IA"
"576","Wayne","3604","July","2017","IA"
"577","Webster","23117","July","2017","IA"
"578","Winnebago","7231","July","2017","IA"
"579","Winneshiek","13648","July","2017","IA"
"580","Woodbury","57126","July","2017","IA"
"581","Worth","5325","July","2017","IA"
"582","Wright","7829","July","2017","IA"
"583","Allamakee","9212","June","2017","IA"
"584","Appanoose","8094","June","2017","IA"
"585","Audubon","4183","June","2017","IA"
"586","Benton","17183","June","2017","IA"
"587","Black Hawk","81891","June","2017","IA"
"588","Boone","18075","June","2017","IA"
"589","Bremer","16437","June","2017","IA"
"590","Buchanan","13191","June","2017","IA"
"591","Buena Vista","11434","June","2017","IA"
"592","Butler","9713","June","2017","IA"
"593","Calhoun","6493","June","2017","IA"
"594","Carroll","13865","June","2017","IA"
"595","Cass","9086","June","2017","IA"
"596","Cedar","11797","June","2017","IA"
"597","Cerro Gordo","29406","June","2017","IA"
"598","Cherokee","7949","June","2017","IA"
"599","Chickasaw","8228","June","2017","IA"
"600","Clarke","5633","June","2017","IA"
"601","Clay","11055","June","2017","IA"
"602","Clayton","11503","June","2017","IA"
"603","Clinton","31049","June","2017","IA"
"604","Crawford","9411","June","2017","IA"
"605","Dallas","53604","June","2017","IA"
"606","Davis","4857","June","2017","IA"
"607","Decatur","4574","June","2017","IA"
"608","Delaware","11400","June","2017","IA"
"609","Des Moines","25969","June","2017","IA"
"610","Dickinson","12544","June","2017","IA"
"611","Dubuque","64000","June","2017","IA"
"612","Emmet","6314","June","2017","IA"
"613","Fayette","11861","June","2017","IA"
"614","Floyd","10364","June","2017","IA"
"615","Franklin","6399","June","2017","IA"
"616","Fremont","4744","June","2017","IA"
"617","Greene","6199","June","2017","IA"
"618","Grundy","8514","June","2017","IA"
"619","Guthrie","7349","June","2017","IA"
"620","Hamilton","9783","June","2017","IA"
"621","Hancock","7510","June","2017","IA"
"622","Hardin","11097","June","2017","IA"
"623","Harrison","8574","June","2017","IA"
"624","Henry","12567","June","2017","IA"
"625","Howard","5839","June","2017","IA"
"626","Humboldt","6277","June","2017","IA"
"627","Ida","4733","June","2017","IA"
"628","Iowa","11408","June","2017","IA"
"629","Jackson","13728","June","2017","IA"
"630","Jasper","24340","June","2017","IA"
"631","Jefferson","10350","June","2017","IA"
"632","Johnson","92357","June","2017","IA"
"633","Jones","12963","June","2017","IA"
"634","Keokuk","6507","June","2017","IA"
"635","Kossuth","10826","June","2017","IA"
"636","Lee","21586","June","2017","IA"
"637","Linn","140880","June","2017","IA"
"638","Louisa","6736","June","2017","IA"
"639","Lucas","5532","June","2017","IA"
"640","Lyon","7974","June","2017","IA"
"641","Madison","10750","June","2017","IA"
"642","Mahaska","13741","June","2017","IA"
"643","Marion","22462","June","2017","IA"
"644","Marshall","23417","June","2017","IA"
"645","Mills","10119","June","2017","IA"
"646","Mitchell","6907","June","2017","IA"
"647","Monona","5988","June","2017","IA"
"648","Monroe","4791","June","2017","IA"
"649","Montgomery","6838","June","2017","IA"
"650","Muscatine","26302","June","2017","IA"
"651","O'Brien","9299","June","2017","IA"
"652","Osceola","4112","June","2017","IA"
"653","Page","9363","June","2017","IA"
"654","Palo Alto","6060","June","2017","IA"
"655","Plymouth","16795","June","2017","IA"
"656","Pocahontas","4873","June","2017","IA"
"657","Polk","285300","June","2017","IA"
"658","Pottawattamie","56740","June","2017","IA"
"659","Poweshiek","12621","June","2017","IA"
"660","Ringgold","3141","June","2017","IA"
"661","Sac","6823","June","2017","IA"
"662","Scott","114585","June","2017","IA"
"663","Shelby","8012","June","2017","IA"
"664","Sioux","21196","June","2017","IA"
"665","Story","60699","June","2017","IA"
"666","Tama","11163","June","2017","IA"
"667","Taylor","3816","June","2017","IA"
"668","Union","7677","June","2017","IA"
"669","Van Buren","4657","June","2017","IA"
"670","Wapello","20476","June","2017","IA"
"671","Warren","32938","June","2017","IA"
"672","Washington","14160","June","2017","IA"
"673","Wayne","3612","June","2017","IA"
"674","Webster","23150","June","2017","IA"
"675","Winnebago","7264","June","2017","IA"
"676","Winneshiek","13659","June","2017","IA"
"677","Woodbury","57395","June","2017","IA"
"678","Worth","5323","June","2017","IA"
"679","Wright","7840","June","2017","IA"
"680","Allamakee","9604","March","2017","IA"
"681","Appanoose","8417","March","2017","IA"
"682","Audubon","4258","March","2017","IA"
"683","Benton","17376","March","2017","IA"
"684","Black Hawk","84086","March","2017","IA"
"685","Boone","18284","March","2017","IA"
"686","Bremer","16805","March","2017","IA"
"687","Buchanan","13400","March","2017","IA"
"688","Buena Vista","11857","March","2017","IA"
"689","Butler","9848","March","2017","IA"
"690","Calhoun","6540","March","2017","IA"
"691","Carroll","14149","March","2017","IA"
"692","Cass","9292","March","2017","IA"
"693","Cedar","11971","March","2017","IA"
"694","Cerro Gordo","30154","March","2017","IA"
"695","Cherokee","8082","March","2017","IA"
"696","Chickasaw","8470","March","2017","IA"
"697","Clarke","5712","March","2017","IA"
"698","Clay","11278","March","2017","IA"
"699","Clayton","11711","March","2017","IA"
"700","Clinton","31500","March","2017","IA"
"701","Crawford","9554","March","2017","IA"
"702","Dallas","53524","March","2017","IA"
"703","Davis","4938","March","2017","IA"
"704","Decatur","4807","March","2017","IA"
"705","Delaware","11533","March","2017","IA"
"706","Des Moines","26307","March","2017","IA"
"707","Dickinson","12750","March","2017","IA"
"708","Dubuque","64939","March","2017","IA"
"709","Emmet","6497","March","2017","IA"
"710","Fayette","12152","March","2017","IA"
"711","Floyd","10546","March","2017","IA"
"712","Franklin","6533","March","2017","IA"
"713","Fremont","4889","March","2017","IA"
"714","Greene","6304","March","2017","IA"
"715","Grundy","8623","March","2017","IA"
"716","Guthrie","7518","March","2017","IA"
"717","Hamilton","9938","March","2017","IA"
"718","Hancock","7615","March","2017","IA"
"719","Hardin","11222","March","2017","IA"
"720","Harrison","8705","March","2017","IA"
"721","Henry","12988","March","2017","IA"
"722","Howard","5971","March","2017","IA"
"723","Humboldt","6341","March","2017","IA"
"724","Ida","4796","March","2017","IA"
"725","Iowa","11594","March","2017","IA"
"726","Jackson","14008","March","2017","IA"
"727","Jasper","24564","March","2017","IA"
"728","Jefferson","10551","March","2017","IA"
"729","Johnson","93902","March","2017","IA"
"730","Jones","13128","March","2017","IA"
"731","Keokuk","6627","March","2017","IA"
"732","Kossuth","10964","March","2017","IA"
"733","Lee","21947","March","2017","IA"
"734","Linn","141067","March","2017","IA"
"735","Louisa","6838","March","2017","IA"
"736","Lucas","5646","March","2017","IA"
"737","Lyon","8099","March","2017","IA"
"738","Madison","10908","March","2017","IA"
"739","Mahaska","14059","March","2017","IA"
"740","Marion","22842","March","2017","IA"
"741","Marshall","24032","March","2017","IA"
"742","Mills","10247","March","2017","IA"
"743","Mitchell","7022","March","2017","IA"
"744","Monona","6110","March","2017","IA"
"745","Monroe","4862","March","2017","IA"
"746","Montgomery","6907","March","2017","IA"
"747","Muscatine","26768","March","2017","IA"
"748","O'Brien","9423","March","2017","IA"
"749","Osceola","4178","March","2017","IA"
"750","Page","9555","March","2017","IA"
"751","Palo Alto","6113","March","2017","IA"
"752","Plymouth","17070","March","2017","IA"
"753","Pocahontas","4969","March","2017","IA"
"754","Polk","289193","March","2017","IA"
"755","Pottawattamie","57407","March","2017","IA"
"756","Poweshiek","12903","March","2017","IA"
"757","Ringgold","3185","March","2017","IA"
"758","Sac","6960","March","2017","IA"
"759","Scott","116982","March","2017","IA"
"760","Shelby","8108","March","2017","IA"
"761","Sioux","21273","March","2017","IA"
"762","Story","63102","March","2017","IA"
"763","Tama","11319","March","2017","IA"
"764","Taylor","3900","March","2017","IA"
"765","Union","7846","March","2017","IA"
"766","Van Buren","4745","March","2017","IA"
"767","Wapello","21131","March","2017","IA"
"768","Warren","33522","March","2017","IA"
"769","Washington","14385","March","2017","IA"
"770","Wayne","3689","March","2017","IA"
"771","Webster","24013","March","2017","IA"
"772","Winnebago","7419","March","2017","IA"
"773","Winneshiek","14228","March","2017","IA"
"774","Woodbury","58534","March","2017","IA"
"775","Worth","5397","March","2017","IA"
"776","Wright","7982","March","2017","IA"
"777","Allamakee","9336","May","2017","IA"
"778","Appanoose","8088","May","2017","IA"
"779","Audubon","4185","May","2017","IA"
"780","Benton","17163","May","2017","IA"
"781","Black Hawk","82035","May","2017","IA"
"782","Boone","18110","May","2017","IA"
"783","Bremer","16459","May","2017","IA"
"784","Buchanan","13194","May","2017","IA"
"785","Buena Vista","11426","May","2017","IA"
"786","Butler","9721","May","2017","IA"
"787","Calhoun","6532","May","2017","IA"
"788","Carroll","13859","May","2017","IA"
"789","Cass","9082","May","2017","IA"
"790","Cedar","11805","May","2017","IA"
"791","Cerro Gordo","29473","May","2017","IA"
"792","Cherokee","7959","May","2017","IA"
"793","Chickasaw","8236","May","2017","IA"
"794","Clarke","5640","May","2017","IA"
"795","Clay","11055","May","2017","IA"
"796","Clayton","11522","May","2017","IA"
"797","Clinton","31044","May","2017","IA"
"798","Crawford","9431","May","2017","IA"
"799","Dallas","53281","May","2017","IA"
"800","Davis","4852","May","2017","IA"
"801","Decatur","4578","May","2017","IA"
"802","Delaware","11398","May","2017","IA"
"803","Des Moines","25965","May","2017","IA"
"804","Dickinson","12535","May","2017","IA"
"805","Dubuque","63946","May","2017","IA"
"806","Emmet","6326","May","2017","IA"
"807","Fayette","11884","May","2017","IA"
"808","Floyd","10351","May","2017","IA"
"809","Franklin","6407","May","2017","IA"
"810","Fremont","4877","May","2017","IA"
"811","Greene","6194","May","2017","IA"
"812","Grundy","8516","May","2017","IA"
"813","Guthrie","7495","May","2017","IA"
"814","Hamilton","9787","May","2017","IA"
"815","Hancock","7501","May","2017","IA"
"816","Hardin","11091","May","2017","IA"
"817","Harrison","8582","May","2017","IA"
"818","Henry","12583","May","2017","IA"
"819","Howard","5833","May","2017","IA"
"820","Humboldt","6268","May","2017","IA"
"821","Ida","4725","May","2017","IA"
"822","Iowa","11388","May","2017","IA"
"823","Jackson","13733","May","2017","IA"
"824","Jasper","24292","May","2017","IA"
"825","Jefferson","10344","May","2017","IA"
"826","Johnson","92320","May","2017","IA"
"827","Jones","12960","May","2017","IA"
"828","Keokuk","6527","May","2017","IA"
"829","Kossuth","10836","May","2017","IA"
"830","Lee","21567","May","2017","IA"
"831","Linn","140681","May","2017","IA"
"832","Louisa","6722","May","2017","IA"
"833","Lucas","5532","May","2017","IA"
"834","Lyon","7975","May","2017","IA"
"835","Madison","10712","May","2017","IA"
"836","Mahaska","13745","May","2017","IA"
"837","Marion","22446","May","2017","IA"
"838","Marshall","23442","May","2017","IA"
"839","Mills","10099","May","2017","IA"
"840","Mitchell","6914","May","2017","IA"
"841","Monona","5984","May","2017","IA"
"842","Monroe","4790","May","2017","IA"
"843","Montgomery","6824","May","2017","IA"
"844","Muscatine","26297","May","2017","IA"
"845","O'Brien","9315","May","2017","IA"
"846","Osceola","4107","May","2017","IA"
"847","Page","9511","May","2017","IA"
"848","Palo Alto","6056","May","2017","IA"
"849","Plymouth","16818","May","2017","IA"
"850","Pocahontas","4879","May","2017","IA"
"851","Polk","285126","May","2017","IA"
"852","Pottawattamie","56702","May","2017","IA"
"853","Poweshiek","12604","May","2017","IA"
"854","Ringgold","3146","May","2017","IA"
"855","Sac","6840","May","2017","IA"
"856","Scott","114533","May","2017","IA"
"857","Shelby","8109","May","2017","IA"
"858","Sioux","21167","May","2017","IA"
"859","Story","61684","May","2017","IA"
"860","Tama","11156","May","2017","IA"
"861","Taylor","3816","May","2017","IA"
"862","Union","7684","May","2017","IA"
"863","Van Buren","4654","May","2017","IA"
"864","Wapello","20498","May","2017","IA"
"865","Warren","32916","May","2017","IA"
"866","Washington","14165","May","2017","IA"
"867","Wayne","3615","May","2017","IA"
"868","Webster","23138","May","2017","IA"
"869","Winnebago","7268","May","2017","IA"
"870","Winneshiek","13668","May","2017","IA"
"871","Woodbury","57400","May","2017","IA"
"872","Worth","5317","May","2017","IA"
"873","Wright","7870","May","2017","IA"
"874","Allamakee","9228","November","2017","IA"
"875","Appanoose","8106","November","2017","IA"
"876","Audubon","4172","November","2017","IA"
"877","Benton","17240","November","2017","IA"
"878","Black Hawk","81703","November","2017","IA"
"879","Boone","18215","November","2017","IA"
"880","Bremer","16492","November","2017","IA"
"881","Buchanan","13217","November","2017","IA"
"882","Buena Vista","11454","November","2017","IA"
"883","Butler","9683","November","2017","IA"
"884","Calhoun","6485","November","2017","IA"
"885","Carroll","13914","November","2017","IA"
"886","Cass","9093","November","2017","IA"
"887","Cedar","11799","November","2017","IA"
"888","Cerro Gordo","29566","November","2017","IA"
"889","Cherokee","7939","November","2017","IA"
"890","Chickasaw","8200","November","2017","IA"
"891","Clarke","5634","November","2017","IA"
"892","Clay","11021","November","2017","IA"
"893","Clayton","11493","November","2017","IA"
"894","Clinton","31087","November","2017","IA"
"895","Crawford","9475","November","2017","IA"
"896","Dallas","54588","November","2017","IA"
"897","Davis","4863","November","2017","IA"
"898","Decatur","4518","November","2017","IA"
"899","Delaware","11416","November","2017","IA"
"900","Des Moines","26033","November","2017","IA"
"901","Dickinson","12624","November","2017","IA"
"902","Dubuque","64213","November","2017","IA"
"903","Emmet","6337","November","2017","IA"
"904","Fayette","11803","November","2017","IA"
"905","Floyd","10386","November","2017","IA"
"906","Franklin","6406","November","2017","IA"
"907","Fremont","4723","November","2017","IA"
"908","Greene","6202","November","2017","IA"
"909","Grundy","8599","November","2017","IA"
"910","Guthrie","7315","November","2017","IA"
"911","Hamilton","9764","November","2017","IA"
"912","Hancock","7514","November","2017","IA"
"913","Hardin","11116","November","2017","IA"
"914","Harrison","8585","November","2017","IA"
"915","Henry","12524","November","2017","IA"
"916","Howard","5856","November","2017","IA"
"917","Humboldt","6293","November","2017","IA"
"918","Ida","4707","November","2017","IA"
"919","Iowa","11456","November","2017","IA"
"920","Jackson","13794","November","2017","IA"
"921","Jasper","24510","November","2017","IA"
"922","Jefferson","10349","November","2017","IA"
"923","Johnson","91743","November","2017","IA"
"924","Jones","13006","November","2017","IA"
"925","Keokuk","6479","November","2017","IA"
"926","Kossuth","10831","November","2017","IA"
"927","Lee","21537","November","2017","IA"
"928","Linn","141806","November","2017","IA"
"929","Louisa","6760","November","2017","IA"
"930","Lucas","5545","November","2017","IA"
"931","Lyon","7972","November","2017","IA"
"932","Madison","10783","November","2017","IA"
"933","Mahaska","13714","November","2017","IA"
"934","Marion","22480","November","2017","IA"
"935","Marshall","23343","November","2017","IA"
"936","Mills","10129","November","2017","IA"
"937","Mitchell","6928","November","2017","IA"
"938","Monona","5962","November","2017","IA"
"939","Monroe","4789","November","2017","IA"
"940","Montgomery","6854","November","2017","IA"
"941","Muscatine","26337","November","2017","IA"
"942","O'Brien","9263","November","2017","IA"
"943","Osceola","4107","November","2017","IA"
"944","Page","9409","November","2017","IA"
"945","Palo Alto","6051","November","2017","IA"
"946","Plymouth","16809","November","2017","IA"
"947","Pocahontas","4869","November","2017","IA"
"948","Polk","284452","November","2017","IA"
"949","Pottawattamie","56501","November","2017","IA"
"950","Poweshiek","12621","November","2017","IA"
"951","Ringgold","3118","November","2017","IA"
"952","Sac","6831","November","2017","IA"
"953","Scott","114768","November","2017","IA"
"954","Shelby","8033","November","2017","IA"
"955","Sioux","21263","November","2017","IA"
"956","Story","60731","November","2017","IA"
"957","Tama","11199","November","2017","IA"
"958","Taylor","3807","November","2017","IA"
"959","Union","7665","November","2017","IA"
"960","Van Buren","4654","November","2017","IA"
"961","Wapello","20425","November","2017","IA"
"962","Warren","32996","November","2017","IA"
"963","Washington","14206","November","2017","IA"
"964","Wayne","3592","November","2017","IA"
"965","Webster","23217","November","2017","IA"
"966","Winnebago","7302","November","2017","IA"
"967","Winneshiek","13646","November","2017","IA"
"968","Woodbury","57217","November","2017","IA"
"969","Worth","5324","November","2017","IA"
"970","Wright","7857","November","2017","IA"
"971","Allamakee","9237","October","2017","IA"
"972","Appanoose","8076","October","2017","IA"
"973","Audubon","4175","October","2017","IA"
"974","Benton","17197","October","2017","IA"
"975","Black Hawk","81678","October","2017","IA"
"976","Boone","18170","October","2017","IA"
"977","Bremer","16477","October","2017","IA"
"978","Buchanan","13198","October","2017","IA"
"979","Buena Vista","11442","October","2017","IA"
"980","Butler","9682","October","2017","IA"
"981","Calhoun","6480","October","2017","IA"
"982","Carroll","13893","October","2017","IA"
"983","Cass","9093","October","2017","IA"
"984","Cedar","11809","October","2017","IA"
"985","Cerro Gordo","29521","October","2017","IA"
"986","Cherokee","7931","October","2017","IA"
"987","Chickasaw","8190","October","2017","IA"
"988","Clarke","5640","October","2017","IA"
"989","Clay","11024","October","2017","IA"
"990","Clayton","11480","October","2017","IA"
"991","Clinton","31036","October","2017","IA"
"992","Crawford","9448","October","2017","IA"
"993","Dallas","54412","October","2017","IA"
"994","Davis","4861","October","2017","IA"
"995","Decatur","4523","October","2017","IA"
"996","Delaware","11411","October","2017","IA"
"997","Des Moines","25987","October","2017","IA"
"998","Dickinson","12592","October","2017","IA"
"999","Dubuque","64100","October","2017","IA"
"1000","Emmet","6333","October","2017","IA"
"1001","Fayette","11821","October","2017","IA"
"1002","Floyd","10362","October","2017","IA"
"1003","Franklin","6405","October","2017","IA"
"1004","Fremont","4722","October","2017","IA"
"1005","Greene","6196","October","2017","IA"
"1006","Grundy","8609","October","2017","IA"
"1007","Guthrie","7311","October","2017","IA"
"1008","Hamilton","9770","October","2017","IA"
"1009","Hancock","7507","October","2017","IA"
"1010","Hardin","11080","October","2017","IA"
"1011","Harrison","8587","October","2017","IA"
"1012","Henry","12505","October","2017","IA"
"1013","Howard","5846","October","2017","IA"
"1014","Humboldt","6282","October","2017","IA"
"1015","Ida","4710","October","2017","IA"
"1016","Iowa","11440","October","2017","IA"
"1017","Jackson","13786","October","2017","IA"
"1018","Jasper","24459","October","2017","IA"
"1019","Jefferson","10334","October","2017","IA"
"1020","Johnson","91514","October","2017","IA"
"1021","Jones","12995","October","2017","IA"
"1022","Keokuk","6482","October","2017","IA"
"1023","Kossuth","10824","October","2017","IA"
"1024","Lee","21528","October","2017","IA"
"1025","Linn","141583","October","2017","IA"
"1026","Louisa","6755","October","2017","IA"
"1027","Lucas","5538","October","2017","IA"
"1028","Lyon","7949","October","2017","IA"
"1029","Madison","10766","October","2017","IA"
"1030","Mahaska","13692","October","2017","IA"
"1031","Marion","22451","October","2017","IA"
"1032","Marshall","23360","October","2017","IA"
"1033","Mills","10100","October","2017","IA"
"1034","Mitchell","6918","October","2017","IA"
"1035","Monona","5965","October","2017","IA"
"1036","Monroe","4788","October","2017","IA"
"1037","Montgomery","6850","October","2017","IA"
"1038","Muscatine","26294","October","2017","IA"
"1039","O'Brien","9252","October","2017","IA"
"1040","Osceola","4108","October","2017","IA"
"1041","Page","9450","October","2017","IA"
"1042","Palo Alto","6045","October","2017","IA"
"1043","Plymouth","16795","October","2017","IA"
"1044","Pocahontas","4862","October","2017","IA"
"1045","Polk","283636","October","2017","IA"
"1046","Pottawattamie","56399","October","2017","IA"
"1047","Poweshiek","12596","October","2017","IA"
"1048","Ringgold","3120","October","2017","IA"
"1049","Sac","6821","October","2017","IA"
"1050","Scott","114493","October","2017","IA"
"1051","Shelby","8030","October","2017","IA"
"1052","Sioux","21238","October","2017","IA"
"1053","Story","60615","October","2017","IA"
"1054","Tama","11184","October","2017","IA"
"1055","Taylor","3806","October","2017","IA"
"1056","Union","7649","October","2017","IA"
"1057","Van Buren","4644","October","2017","IA"
"1058","Wapello","20418","October","2017","IA"
"1059","Warren","32950","October","2017","IA"
"1060","Washington","14187","October","2017","IA"
"1061","Wayne","3593","October","2017","IA"
"1062","Webster","23172","October","2017","IA"
"1063","Winnebago","7309","October","2017","IA"
"1064","Winneshiek","13614","October","2017","IA"
"1065","Woodbury","57126","October","2017","IA"
"1066","Worth","5313","October","2017","IA"
"1067","Wright","7855","October","2017","IA"
"1068","Allamakee","9221","September","2017","IA"
"1069","Appanoose","8070","September","2017","IA"
"1070","Audubon","4164","September","2017","IA"
"1071","Benton","17177","September","2017","IA"
"1072","Black Hawk","81593","September","2017","IA"
"1073","Boone","18106","September","2017","IA"
"1074","Bremer","16457","September","2017","IA"
"1075","Buchanan","13182","September","2017","IA"
"1076","Buena Vista","11431","September","2017","IA"
"1077","Butler","9680","September","2017","IA"
"1078","Calhoun","6455","September","2017","IA"
"1079","Carroll","13882","September","2017","IA"
"1080","Cass","9087","September","2017","IA"
"1081","Cedar","11756","September","2017","IA"
"1082","Cerro Gordo","29498","September","2017","IA"
"1083","Cherokee","7920","September","2017","IA"
"1084","Chickasaw","8184","September","2017","IA"
"1085","Clarke","5631","September","2017","IA"
"1086","Clay","11015","September","2017","IA"
"1087","Clayton","11469","September","2017","IA"
"1088","Clinton","30987","September","2017","IA"
"1089","Crawford","9416","September","2017","IA"
"1090","Dallas","54132","September","2017","IA"
"1091","Davis","4863","September","2017","IA"
"1092","Decatur","4520","September","2017","IA"
"1093","Delaware","11373","September","2017","IA"
"1094","Des Moines","25914","September","2017","IA"
"1095","Dickinson","12556","September","2017","IA"
"1096","Dubuque","63997","September","2017","IA"
"1097","Emmet","6323","September","2017","IA"
"1098","Fayette","11821","September","2017","IA"
"1099","Floyd","10349","September","2017","IA"
"1100","Franklin","6394","September","2017","IA"
"1101","Fremont","4703","September","2017","IA"
"1102","Greene","6192","September","2017","IA"
"1103","Grundy","8544","September","2017","IA"
"1104","Guthrie","7202","September","2017","IA"
"1105","Hamilton","9758","September","2017","IA"
"1106","Hancock","7505","September","2017","IA"
"1107","Hardin","11081","September","2017","IA"
"1108","Harrison","8592","September","2017","IA"
"1109","Henry","12502","September","2017","IA"
"1110","Howard","5841","September","2017","IA"
"1111","Humboldt","6280","September","2017","IA"
"1112","Ida","4716","September","2017","IA"
"1113","Iowa","11416","September","2017","IA"
"1114","Jackson","13744","September","2017","IA"
"1115","Jasper","24414","September","2017","IA"
"1116","Jefferson","10318","September","2017","IA"
"1117","Johnson","91219","September","2017","IA"
"1118","Jones","12979","September","2017","IA"
"1119","Keokuk","6488","September","2017","IA"
"1120","Kossuth","10814","September","2017","IA"
"1121","Lee","21532","September","2017","IA"
"1122","Linn","141339","September","2017","IA"
"1123","Louisa","6738","September","2017","IA"
"1124","Lucas","5532","September","2017","IA"
"1125","Lyon","7943","September","2017","IA"
"1126","Madison","10772","September","2017","IA"
"1127","Mahaska","13668","September","2017","IA"
"1128","Marion","22412","September","2017","IA"
"1129","Marshall","23328","September","2017","IA"
"1130","Mills","10090","September","2017","IA"
"1131","Mitchell","6893","September","2017","IA"
"1132","Monona","5961","September","2017","IA"
"1133","Monroe","4787","September","2017","IA"
"1134","Montgomery","6846","September","2017","IA"
"1135","Muscatine","26254","September","2017","IA"
"1136","O'Brien","9310","September","2017","IA"
"1137","Osceola","4112","September","2017","IA"
"1138","Page","9408","September","2017","IA"
"1139","Palo Alto","6020","September","2017","IA"
"1140","Plymouth","16769","September","2017","IA"
"1141","Pocahontas","4863","September","2017","IA"
"1142","Polk","283704","September","2017","IA"
"1143","Pottawattamie","56229","September","2017","IA"
"1144","Poweshiek","12542","September","2017","IA"
"1145","Ringgold","3117","September","2017","IA"
"1146","Sac","6825","September","2017","IA"
"1147","Scott","114238","September","2017","IA"
"1148","Shelby","8033","September","2017","IA"
"1149","Sioux","21195","September","2017","IA"
"1150","Story","60477","September","2017","IA"
"1151","Tama","11164","September","2017","IA"
"1152","Taylor","3806","September","2017","IA"
"1153","Union","7630","September","2017","IA"
"1154","Van Buren","4642","September","2017","IA"
"1155","Wapello","20386","September","2017","IA"
"1156","Warren","32889","September","2017","IA"
"1157","Washington","14152","September","2017","IA"
"1158","Wayne","3592","September","2017","IA"
"1159","Webster","23148","September","2017","IA"
"1160","Winnebago","7256","September","2017","IA"
"1161","Winneshiek","13605","September","2017","IA"
"1162","Woodbury","57067","September","2017","IA"
"1163","Worth","5317","September","2017","IA"
"1164","Wright","7846","September","2017","IA"
"1165","Allamakee","9166","April","2018","IA"
"1166","Appanoose","7982","April","2018","IA"
"1167","Audubon","4105","April","2018","IA"
"1168","Benton","16973","April","2018","IA"
"1169","Black Hawk","79859","April","2018","IA"
"1170","Boone","17897","April","2018","IA"
"1171","Bremer","16269","April","2018","IA"
"1172","Buchanan","13021","April","2018","IA"
"1173","Buena Vista","11264","April","2018","IA"
"1174","Butler","9532","April","2018","IA"
"1175","Calhoun","6311","April","2018","IA"
"1176","Carroll","13721","April","2018","IA"
"1177","Cass","8952","April","2018","IA"
"1178","Cedar","11596","April","2018","IA"
"1179","Cerro Gordo","29115","April","2018","IA"
"1180","Cherokee","7858","April","2018","IA"
"1181","Chickasaw","8086","April","2018","IA"
"1182","Clarke","5543","April","2018","IA"
"1183","Clay","10824","April","2018","IA"
"1184","Clayton","11400","April","2018","IA"
"1185","Clinton","30699","April","2018","IA"
"1186","Crawford","9397","April","2018","IA"
"1187","Dallas","53414","April","2018","IA"
"1188","Davis","4776","April","2018","IA"
"1189","Decatur","4406","April","2018","IA"
"1190","Delaware","11294","April","2018","IA"
"1191","Des Moines","25668","April","2018","IA"
"1192","Dickinson","12482","April","2018","IA"
"1193","Dubuque","63497","April","2018","IA"
"1194","Emmet","6230","April","2018","IA"
"1195","Fayette","11562","April","2018","IA"
"1196","Floyd","10242","April","2018","IA"
"1197","Franklin","6292","April","2018","IA"
"1198","Fremont","4635","April","2018","IA"
"1199","Greene","6168","April","2018","IA"
"1200","Grundy","8493","April","2018","IA"
"1201","Guthrie","7453","April","2018","IA"
"1202","Hamilton","9621","April","2018","IA"
"1203","Hancock","7403","April","2018","IA"
"1204","Hardin","10905","April","2018","IA"
"1205","Harrison","8377","April","2018","IA"
"1206","Henry","12325","April","2018","IA"
"1207","Howard","5741","April","2018","IA"
"1208","Humboldt","6201","April","2018","IA"
"1209","Ida","4631","April","2018","IA"
"1210","Iowa","11305","April","2018","IA"
"1211","Jackson","13666","April","2018","IA"
"1212","Jasper","24163","April","2018","IA"
"1213","Jefferson","10129","April","2018","IA"
"1214","Johnson","89654","April","2018","IA"
"1215","Jones","12867","April","2018","IA"
"1216","Keokuk","6378","April","2018","IA"
"1217","Kossuth","10726","April","2018","IA"
"1218","Lee","21285","April","2018","IA"
"1219","Linn","140183","April","2018","IA"
"1220","Louisa","6685","April","2018","IA"
"1221","Lucas","5467","April","2018","IA"
"1222","Lyon","7934","April","2018","IA"
"1223","Madison","10591","April","2018","IA"
"1224","Mahaska","13521","April","2018","IA"
"1225","Marion","22129","April","2018","IA"
"1226","Marshall","22813","April","2018","IA"
"1227","Mills","9902","April","2018","IA"
"1228","Mitchell","6829","April","2018","IA"
"1229","Monona","5873","April","2018","IA"
"1230","Monroe","4676","April","2018","IA"
"1231","Montgomery","6747","April","2018","IA"
"1232","Muscatine","25984","April","2018","IA"
"1233","O'Brien","9172","April","2018","IA"
"1234","Osceola","4035","April","2018","IA"
"1235","Page","9254","April","2018","IA"
"1236","Palo Alto","5978","April","2018","IA"
"1237","Plymouth","16660","April","2018","IA"
"1238","Pocahontas","4760","April","2018","IA"
"1239","Polk","279535","April","2018","IA"
"1240","Pottawattamie","56001","April","2018","IA"
"1241","Poweshiek","12503","April","2018","IA"
"1242","Ringgold","3020","April","2018","IA"
"1243","Sac","6782","April","2018","IA"
"1244","Scott","112779","April","2018","IA"
"1245","Shelby","7884","April","2018","IA"
"1246","Sioux","21069","April","2018","IA"
"1247","Story","58786","April","2018","IA"
"1248","Tama","11037","April","2018","IA"
"1249","Taylor","3718","April","2018","IA"
"1250","Union","7522","April","2018","IA"
"1251","Van Buren","4605","April","2018","IA"
"1252","Wapello","20008","April","2018","IA"
"1253","Warren","32485","April","2018","IA"
"1254","Washington","14023","April","2018","IA"
"1255","Wayne","3499","April","2018","IA"
"1256","Webster","23987","April","2018","IA"
"1257","Winnebago","7188","April","2018","IA"
"1258","Winneshiek","13578","April","2018","IA"
"1259","Woodbury","56387","April","2018","IA"
"1260","Worth","5217","April","2018","IA"
"1261","Wright","7698","April","2018","IA"
"1262","Allamakee","9230","August","2018","IA"
"1263","Appanoose","8015","August","2018","IA"
"1264","Audubon","4123","August","2018","IA"
"1265","Benton","17077","August","2018","IA"
"1266","Black Hawk","80074","August","2018","IA"
"1267","Boone","18035","August","2018","IA"
"1268","Bremer","16373","August","2018","IA"
"1269","Buchanan","13108","August","2018","IA"
"1270","Buena Vista","11318","August","2018","IA"
"1271","Butler","9621","August","2018","IA"
"1272","Calhoun","6334","August","2018","IA"
"1273","Carroll","13816","August","2018","IA"
"1274","Cass","8992","August","2018","IA"
"1275","Cedar","11657","August","2018","IA"
"1276","Cerro Gordo","29309","August","2018","IA"
"1277","Cherokee","7888","August","2018","IA"
"1278","Chickasaw","8106","August","2018","IA"
"1279","Clarke","5587","August","2018","IA"
"1280","Clay","10926","August","2018","IA"
"1281","Clayton","11455","August","2018","IA"
"1282","Clinton","30894","August","2018","IA"
"1283","Crawford","9479","August","2018","IA"
"1284","Dallas","54974","August","2018","IA"
"1285","Davis","4814","August","2018","IA"
"1286","Decatur","4392","August","2018","IA"
"1287","Delaware","11354","August","2018","IA"
"1288","Des Moines","25871","August","2018","IA"
"1289","Dickinson","12718","August","2018","IA"
"1290","Dubuque","64124","August","2018","IA"
"1291","Emmet","6268","August","2018","IA"
"1292","Fayette","11631","August","2018","IA"
"1293","Floyd","10306","August","2018","IA"
"1294","Franklin","6287","August","2018","IA"
"1295","Fremont","4692","August","2018","IA"
"1296","Greene","6242","August","2018","IA"
"1297","Grundy","8529","August","2018","IA"
"1298","Guthrie","7492","August","2018","IA"
"1299","Hamilton","9714","August","2018","IA"
"1300","Hancock","7445","August","2018","IA"
"1301","Hardin","10985","August","2018","IA"
"1302","Harrison","8370","August","2018","IA"
"1303","Henry","12506","August","2018","IA"
"1304","Howard","5779","August","2018","IA"
"1305","Humboldt","6228","August","2018","IA"
"1306","Ida","4673","August","2018","IA"
"1307","Iowa","11428","August","2018","IA"
"1308","Jackson","13751","August","2018","IA"
"1309","Jasper","24478","August","2018","IA"
"1310","Jefferson","10215","August","2018","IA"
"1311","Johnson","90494","August","2018","IA"
"1312","Jones","12935","August","2018","IA"
"1313","Keokuk","6403","August","2018","IA"
"1314","Kossuth","10769","August","2018","IA"
"1315","Lee","21404","August","2018","IA"
"1316","Linn","141962","August","2018","IA"
"1317","Louisa","6725","August","2018","IA"
"1318","Lucas","5489","August","2018","IA"
"1319","Lyon","7995","August","2018","IA"
"1320","Madison","10767","August","2018","IA"
"1321","Mahaska","13643","August","2018","IA"
"1322","Marion","22335","August","2018","IA"
"1323","Marshall","22953","August","2018","IA"
"1324","Mills","9946","August","2018","IA"
"1325","Mitchell","6837","August","2018","IA"
"1326","Monona","5900","August","2018","IA"
"1327","Monroe","4706","August","2018","IA"
"1328","Montgomery","6839","August","2018","IA"
"1329","Muscatine","26215","August","2018","IA"
"1330","O'Brien","9236","August","2018","IA"
"1331","Osceola","4039","August","2018","IA"
"1332","Page","9344","August","2018","IA"
"1333","Palo Alto","6035","August","2018","IA"
"1334","Plymouth","16761","August","2018","IA"
"1335","Pocahontas","4772","August","2018","IA"
"1336","Polk","283800","August","2018","IA"
"1337","Pottawattamie","55864","August","2018","IA"
"1338","Poweshiek","12639","August","2018","IA"
"1339","Ringgold","3026","August","2018","IA"
"1340","Sac","6801","August","2018","IA"
"1341","Scott","113476","August","2018","IA"
"1342","Shelby","7919","August","2018","IA"
"1343","Sioux","21212","August","2018","IA"
"1344","Story","59032","August","2018","IA"
"1345","Tama","11075","August","2018","IA"
"1346","Taylor","3727","August","2018","IA"
"1347","Union","7568","August","2018","IA"
"1348","Van Buren","4653","August","2018","IA"
"1349","Wapello","20049","August","2018","IA"
"1350","Warren","32864","August","2018","IA"
"1351","Washington","14071","August","2018","IA"
"1352","Wayne","3511","August","2018","IA"
"1353","Webster","24052","August","2018","IA"
"1354","Winnebago","7238","August","2018","IA"
"1355","Winneshiek","13725","August","2018","IA"
"1356","Woodbury","56752","August","2018","IA"
"1357","Worth","5255","August","2018","IA"
"1358","Wright","7736","August","2018","IA"
"1359","Allamakee","9336","December","2018","IA"
"1360","Appanoose","8157","December","2018","IA"
"1361","Audubon","4153","December","2018","IA"
"1362","Benton","17249","December","2018","IA"
"1363","Black Hawk","83108","December","2018","IA"
"1364","Boone","18449","December","2018","IA"
"1365","Bremer","16707","December","2018","IA"
"1366","Buchanan","13242","December","2018","IA"
"1367","Buena Vista","11431","December","2018","IA"
"1368","Butler","9639","December","2018","IA"
"1369","Calhoun","6431","December","2018","IA"
"1370","Carroll","13942","December","2018","IA"
"1371","Cass","9082","December","2018","IA"
"1372","Cedar","12035","December","2018","IA"
"1373","Cerro Gordo","29811","December","2018","IA"
"1374","Cherokee","7978","December","2018","IA"
"1375","Chickasaw","8167","December","2018","IA"
"1376","Clarke","5722","December","2018","IA"
"1377","Clay","11035","December","2018","IA"
"1378","Clayton","11588","December","2018","IA"
"1379","Clinton","31213","December","2018","IA"
"1380","Crawford","9540","December","2018","IA"
"1381","Dallas","58605","December","2018","IA"
"1382","Davis","4864","December","2018","IA"
"1383","Decatur","4566","December","2018","IA"
"1384","Delaware","11474","December","2018","IA"
"1385","Des Moines","26233","December","2018","IA"
"1386","Dickinson","13002","December","2018","IA"
"1387","Dubuque","65617","December","2018","IA"
"1388","Emmet","6316","December","2018","IA"
"1389","Fayette","11891","December","2018","IA"
"1390","Floyd","10422","December","2018","IA"
"1391","Franklin","6360","December","2018","IA"
"1392","Fremont","4815","December","2018","IA"
"1393","Greene","6260","December","2018","IA"
"1394","Grundy","8486","December","2018","IA"
"1395","Guthrie","7526","December","2018","IA"
"1396","Hamilton","9815","December","2018","IA"
"1397","Hancock","7520","December","2018","IA"
"1398","Hardin","11097","December","2018","IA"
"1399","Harrison","8675","December","2018","IA"
"1400","Henry","12669","December","2018","IA"
"1401","Howard","5886","December","2018","IA"
"1402","Humboldt","6317","December","2018","IA"
"1403","Ida","4688","December","2018","IA"
"1404","Iowa","11623","December","2018","IA"
"1405","Jackson","14057","December","2018","IA"
"1406","Jasper","24930","December","2018","IA"
"1407","Jefferson","10506","December","2018","IA"
"1408","Johnson","97245","December","2018","IA"
"1409","Jones","13137","December","2018","IA"
"1410","Keokuk","6490","December","2018","IA"
"1411","Kossuth","10850","December","2018","IA"
"1412","Lee","21722","December","2018","IA"
"1413","Linn","146522","December","2018","IA"
"1414","Louisa","6790","December","2018","IA"
"1415","Lucas","5598","December","2018","IA"
"1416","Lyon","8049","December","2018","IA"
"1417","Madison","11082","December","2018","IA"
"1418","Mahaska","13847","December","2018","IA"
"1419","Marion","22633","December","2018","IA"
"1420","Marshall","23408","December","2018","IA"
"1421","Mills","10245","December","2018","IA"
"1422","Mitchell","6920","December","2018","IA"
"1423","Monona","5967","December","2018","IA"
"1424","Monroe","4793","December","2018","IA"
"1425","Montgomery","6961","December","2018","IA"
"1426","Muscatine","26718","December","2018","IA"
"1427","O'Brien","9338","December","2018","IA"
"1428","Osceola","4078","December","2018","IA"
"1429","Page","9512","December","2018","IA"
"1430","Palo Alto","6089","December","2018","IA"
"1431","Plymouth","17027","December","2018","IA"
"1432","Pocahontas","4845","December","2018","IA"
"1433","Polk","291423","December","2018","IA"
"1434","Pottawattamie","57769","December","2018","IA"
"1435","Poweshiek","13152","December","2018","IA"
"1436","Ringgold","3124","December","2018","IA"
"1437","Sac","6894","December","2018","IA"
"1438","Scott","116153","December","2018","IA"
"1439","Shelby","8068","December","2018","IA"
"1440","Sioux","21510","December","2018","IA"
"1441","Story","64262","December","2018","IA"
"1442","Tama","11212","December","2018","IA"
"1443","Taylor","3810","December","2018","IA"
"1444","Union","7686","December","2018","IA"
"1445","Van Buren","4716","December","2018","IA"
"1446","Wapello","20390","December","2018","IA"
"1447","Warren","34218","December","2018","IA"
"1448","Washington","14333","December","2018","IA"
"1449","Wayne","3611","December","2018","IA"
"1450","Webster","24209","December","2018","IA"
"1451","Winnebago","7363","December","2018","IA"
"1452","Winneshiek","14289","December","2018","IA"
"1453","Woodbury","58309","December","2018","IA"
"1454","Worth","5355","December","2018","IA"
"1455","Wright","7808","December","2018","IA"
"1456","Allamakee","9145","February","2018","IA"
"1457","Appanoose","7963","February","2018","IA"
"1458","Audubon","4094","February","2018","IA"
"1459","Benton","16918","February","2018","IA"
"1460","Black Hawk","79828","February","2018","IA"
"1461","Boone","17796","February","2018","IA"
"1462","Bremer","16179","February","2018","IA"
"1463","Buchanan","13011","February","2018","IA"
"1464","Buena Vista","11217","February","2018","IA"
"1465","Butler","9521","February","2018","IA"
"1466","Calhoun","6323","February","2018","IA"
"1467","Carroll","13713","February","2018","IA"
"1468","Cass","8949","February","2018","IA"
"1469","Cedar","11568","February","2018","IA"
"1470","Cerro Gordo","29091","February","2018","IA"
"1471","Cherokee","7856","February","2018","IA"
"1472","Chickasaw","8087","February","2018","IA"
"1473","Clarke","5524","February","2018","IA"
"1474","Clay","10795","February","2018","IA"
"1475","Clayton","11370","February","2018","IA"
"1476","Clinton","30618","February","2018","IA"
"1477","Crawford","9406","February","2018","IA"
"1478","Dallas","52714","February","2018","IA"
"1479","Davis","4782","February","2018","IA"
"1480","Decatur","4420","February","2018","IA"
"1481","Delaware","11282","February","2018","IA"
"1482","Des Moines","25561","February","2018","IA"
"1483","Dickinson","12363","February","2018","IA"
"1484","Dubuque","63328","February","2018","IA"
"1485","Emmet","6222","February","2018","IA"
"1486","Fayette","11582","February","2018","IA"
"1487","Floyd","10181","February","2018","IA"
"1488","Franklin","6285","February","2018","IA"
"1489","Fremont","4648","February","2018","IA"
"1490","Greene","6100","February","2018","IA"
"1491","Grundy","8456","February","2018","IA"
"1492","Guthrie","7425","February","2018","IA"
"1493","Hamilton","9601","February","2018","IA"
"1494","Hancock","7388","February","2018","IA"
"1495","Hardin","10905","February","2018","IA"
"1496","Harrison","8394","February","2018","IA"
"1497","Henry","12299","February","2018","IA"
"1498","Howard","5745","February","2018","IA"
"1499","Humboldt","6167","February","2018","IA"
"1500","Ida","4636","February","2018","IA"
"1501","Iowa","11283","February","2018","IA"
"1502","Jackson","13643","February","2018","IA"
"1503","Jasper","24067","February","2018","IA"
"1504","Jefferson","10140","February","2018","IA"
"1505","Johnson","92089","February","2018","IA"
"1506","Jones","12828","February","2018","IA"
"1507","Keokuk","6361","February","2018","IA"
"1508","Kossuth","10717","February","2018","IA"
"1509","Lee","21237","February","2018","IA"
"1510","Linn","139727","February","2018","IA"
"1511","Louisa","6678","February","2018","IA"
"1512","Lucas","5451","February","2018","IA"
"1513","Lyon","7900","February","2018","IA"
"1514","Madison","10572","February","2018","IA"
"1515","Mahaska","13497","February","2018","IA"
"1516","Marion","22084","February","2018","IA"
"1517","Marshall","23022","February","2018","IA"
"1518","Mills","9766","February","2018","IA"
"1519","Mitchell","6819","February","2018","IA"
"1520","Monona","5866","February","2018","IA"
"1521","Monroe","4680","February","2018","IA"
"1522","Montgomery","6718","February","2018","IA"
"1523","Muscatine","25912","February","2018","IA"
"1524","O'Brien","9157","February","2018","IA"
"1525","Osceola","4036","February","2018","IA"
"1526","Page","9213","February","2018","IA"
"1527","Palo Alto","5928","February","2018","IA"
"1528","Plymouth","16634","February","2018","IA"
"1529","Pocahontas","4774","February","2018","IA"
"1530","Polk","278600","February","2018","IA"
"1531","Pottawattamie","55771","February","2018","IA"
"1532","Poweshiek","12406","February","2018","IA"
"1533","Ringgold","3035","February","2018","IA"
"1534","Sac","6765","February","2018","IA"
"1535","Scott","112628","February","2018","IA"
"1536","Shelby","7883","February","2018","IA"
"1537","Sioux","21013","February","2018","IA"
"1538","Story","58637","February","2018","IA"
"1539","Tama","11049","February","2018","IA"
"1540","Taylor","3721","February","2018","IA"
"1541","Union","7542","February","2018","IA"
"1542","Van Buren","4594","February","2018","IA"
"1543","Wapello","19986","February","2018","IA"
"1544","Warren","32354","February","2018","IA"
"1545","Washington","14001","February","2018","IA"
"1546","Wayne","3507","February","2018","IA"
"1547","Webster","23958","February","2018","IA"
"1548","Winnebago","7166","February","2018","IA"
"1549","Winneshiek","13430","February","2018","IA"
"1550","Woodbury","56289","February","2018","IA"
"1551","Worth","5215","February","2018","IA"
"1552","Wright","7701","February","2018","IA"
"1553","Allamakee","9287","January","2018","IA"
"1554","Appanoose","8162","January","2018","IA"
"1555","Audubon","4167","January","2018","IA"
"1556","Benton","17272","January","2018","IA"
"1557","Black Hawk","81726","January","2018","IA"
"1558","Boone","18240","January","2018","IA"
"1559","Bremer","16548","January","2018","IA"
"1560","Buchanan","13241","January","2018","IA"
"1561","Buena Vista","11468","January","2018","IA"
"1562","Butler","9694","January","2018","IA"
"1563","Calhoun","6477","January","2018","IA"
"1564","Carroll","13897","January","2018","IA"
"1565","Cass","9111","January","2018","IA"
"1566","Cedar","11754","January","2018","IA"
"1567","Cerro Gordo","29717","January","2018","IA"
"1568","Cherokee","7979","January","2018","IA"
"1569","Chickasaw","8216","January","2018","IA"
"1570","Clarke","5644","January","2018","IA"
"1571","Clay","11054","January","2018","IA"
"1572","Clayton","11497","January","2018","IA"
"1573","Clinton","31211","January","2018","IA"
"1574","Crawford","9517","January","2018","IA"
"1575","Dallas","55041","January","2018","IA"
"1576","Davis","4880","January","2018","IA"
"1577","Decatur","4514","January","2018","IA"
"1578","Delaware","11418","January","2018","IA"
"1579","Des Moines","26066","January","2018","IA"
"1580","Dickinson","12644","January","2018","IA"
"1581","Dubuque","64332","January","2018","IA"
"1582","Emmet","6354","January","2018","IA"
"1583","Fayette","11802","January","2018","IA"
"1584","Floyd","10405","January","2018","IA"
"1585","Franklin","6396","January","2018","IA"
"1586","Fremont","4727","January","2018","IA"
"1587","Greene","6217","January","2018","IA"
"1588","Grundy","8613","January","2018","IA"
"1589","Guthrie","7387","January","2018","IA"
"1590","Hamilton","9774","January","2018","IA"
"1591","Hancock","7516","January","2018","IA"
"1592","Hardin","11146","January","2018","IA"
"1593","Harrison","8591","January","2018","IA"
"1594","Henry","12548","January","2018","IA"
"1595","Howard","5863","January","2018","IA"
"1596","Humboldt","6297","January","2018","IA"
"1597","Ida","4704","January","2018","IA"
"1598","Iowa","11482","January","2018","IA"
"1599","Jackson","13858","January","2018","IA"
"1600","Jasper","24595","January","2018","IA"
"1601","Jefferson","10372","January","2018","IA"
"1602","Johnson","91972","January","2018","IA"
"1603","Jones","13036","January","2018","IA"
"1604","Keokuk","6468","January","2018","IA"
"1605","Kossuth","10853","January","2018","IA"
"1606","Lee","21576","January","2018","IA"
"1607","Linn","142382","January","2018","IA"
"1608","Louisa","6759","January","2018","IA"
"1609","Lucas","5562","January","2018","IA"
"1610","Lyon","8009","January","2018","IA"
"1611","Madison","10794","January","2018","IA"
"1612","Mahaska","13770","January","2018","IA"
"1613","Marion","22417","January","2018","IA"
"1614","Marshall","23381","January","2018","IA"
"1615","Mills","10158","January","2018","IA"
"1616","Mitchell","6917","January","2018","IA"
"1617","Monona","5965","January","2018","IA"
"1618","Monroe","4789","January","2018","IA"
"1619","Montgomery","6866","January","2018","IA"
"1620","Muscatine","26447","January","2018","IA"
"1621","O'Brien","9285","January","2018","IA"
"1622","Osceola","4109","January","2018","IA"
"1623","Page","9469","January","2018","IA"
"1624","Palo Alto","6056","January","2018","IA"
"1625","Plymouth","16854","January","2018","IA"
"1626","Pocahontas","4871","January","2018","IA"
"1627","Polk","285069","January","2018","IA"
"1628","Pottawattamie","56697","January","2018","IA"
"1629","Poweshiek","12661","January","2018","IA"
"1630","Ringgold","3111","January","2018","IA"
"1631","Sac","6859","January","2018","IA"
"1632","Scott","115158","January","2018","IA"
"1633","Shelby","8042","January","2018","IA"
"1634","Sioux","21304","January","2018","IA"
"1635","Story","60965","January","2018","IA"
"1636","Tama","11216","January","2018","IA"
"1637","Taylor","3803","January","2018","IA"
"1638","Union","7696","January","2018","IA"
"1639","Van Buren","4673","January","2018","IA"
"1640","Wapello","20418","January","2018","IA"
"1641","Warren","33145","January","2018","IA"
"1642","Washington","14255","January","2018","IA"
"1643","Wayne","3581","January","2018","IA"
"1644","Webster","23283","January","2018","IA"
"1645","Winnebago","7314","January","2018","IA"
"1646","Winneshiek","13650","January","2018","IA"
"1647","Woodbury","57355","January","2018","IA"
"1648","Worth","5326","January","2018","IA"
"1649","Wright","7865","January","2018","IA"
"1650","Allamakee","9217","July","2018","IA"
"1651","Appanoose","7997","July","2018","IA"
"1652","Audubon","4119","July","2018","IA"
"1653","Benton","17053","July","2018","IA"
"1654","Black Hawk","80000","July","2018","IA"
"1655","Boone","18006","July","2018","IA"
"1656","Bremer","16337","July","2018","IA"
"1657","Buchanan","13096","July","2018","IA"
"1658","Buena Vista","11293","July","2018","IA"
"1659","Butler","9609","July","2018","IA"
"1660","Calhoun","6323","July","2018","IA"
"1661","Carroll","13797","July","2018","IA"
"1662","Cass","8998","July","2018","IA"
"1663","Cedar","11650","July","2018","IA"
"1664","Cerro Gordo","29315","July","2018","IA"
"1665","Cherokee","7883","July","2018","IA"
"1666","Chickasaw","8106","July","2018","IA"
"1667","Clarke","5586","July","2018","IA"
"1668","Clay","10911","July","2018","IA"
"1669","Clayton","11440","July","2018","IA"
"1670","Clinton","30851","July","2018","IA"
"1671","Crawford","9466","July","2018","IA"
"1672","Dallas","54589","July","2018","IA"
"1673","Davis","4823","July","2018","IA"
"1674","Decatur","4395","July","2018","IA"
"1675","Delaware","11343","July","2018","IA"
"1676","Des Moines","25839","July","2018","IA"
"1677","Dickinson","12664","July","2018","IA"
"1678","Dubuque","63953","July","2018","IA"
"1679","Emmet","6248","July","2018","IA"
"1680","Fayette","11602","July","2018","IA"
"1681","Floyd","10300","July","2018","IA"
"1682","Franklin","6284","July","2018","IA"
"1683","Fremont","4681","July","2018","IA"
"1684","Greene","6239","July","2018","IA"
"1685","Grundy","8539","July","2018","IA"
"1686","Guthrie","7512","July","2018","IA"
"1687","Hamilton","9709","July","2018","IA"
"1688","Hancock","7438","July","2018","IA"
"1689","Hardin","10966","July","2018","IA"
"1690","Harrison","8360","July","2018","IA"
"1691","Henry","12491","July","2018","IA"
"1692","Howard","5770","July","2018","IA"
"1693","Humboldt","6237","July","2018","IA"
"1694","Ida","4660","July","2018","IA"
"1695","Iowa","11385","July","2018","IA"
"1696","Jackson","13737","July","2018","IA"
"1697","Jasper","24420","July","2018","IA"
"1698","Jefferson","10203","July","2018","IA"
"1699","Johnson","90242","July","2018","IA"
"1700","Jones","12914","July","2018","IA"
"1701","Keokuk","6389","July","2018","IA"
"1702","Kossuth","10756","July","2018","IA"
"1703","Lee","21415","July","2018","IA"
"1704","Linn","141506","July","2018","IA"
"1705","Louisa","6724","July","2018","IA"
"1706","Lucas","5485","July","2018","IA"
"1707","Lyon","7988","July","2018","IA"
"1708","Madison","10744","July","2018","IA"
"1709","Mahaska","13609","July","2018","IA"
"1710","Marion","22287","July","2018","IA"
"1711","Marshall","22945","July","2018","IA"
"1712","Mills","9926","July","2018","IA"
"1713","Mitchell","6838","July","2018","IA"
"1714","Monona","5905","July","2018","IA"
"1715","Monroe","4709","July","2018","IA"
"1716","Montgomery","6824","July","2018","IA"
"1717","Muscatine","26153","July","2018","IA"
"1718","O'Brien","9230","July","2018","IA"
"1719","Osceola","4045","July","2018","IA"
"1720","Page","9307","July","2018","IA"
"1721","Palo Alto","6045","July","2018","IA"
"1722","Plymouth","16750","July","2018","IA"
"1723","Pocahontas","4762","July","2018","IA"
"1724","Polk","281621","July","2018","IA"
"1725","Pottawattamie","55724","July","2018","IA"
"1726","Poweshiek","12627","July","2018","IA"
"1727","Ringgold","3028","July","2018","IA"
"1728","Sac","6804","July","2018","IA"
"1729","Scott","113204","July","2018","IA"
"1730","Shelby","7900","July","2018","IA"
"1731","Sioux","21190","July","2018","IA"
"1732","Story","58997","July","2018","IA"
"1733","Tama","11074","July","2018","IA"
"1734","Taylor","3724","July","2018","IA"
"1735","Union","7551","July","2018","IA"
"1736","Van Buren","4643","July","2018","IA"
"1737","Wapello","20043","July","2018","IA"
"1738","Warren","32762","July","2018","IA"
"1739","Washington","14069","July","2018","IA"
"1740","Wayne","3513","July","2018","IA"
"1741","Webster","24041","July","2018","IA"
"1742","Winnebago","7235","July","2018","IA"
"1743","Winneshiek","13723","July","2018","IA"
"1744","Woodbury","56705","July","2018","IA"
"1745","Worth","5250","July","2018","IA"
"1746","Wright","7739","July","2018","IA"
"1747","Allamakee","9200","June","2018","IA"
"1748","Appanoose","8014","June","2018","IA"
"1749","Audubon","4114","June","2018","IA"
"1750","Benton","17021","June","2018","IA"
"1751","Black Hawk","79929","June","2018","IA"
"1752","Boone","17981","June","2018","IA"
"1753","Bremer","16311","June","2018","IA"
"1754","Buchanan","13056","June","2018","IA"
"1755","Buena Vista","11287","June","2018","IA"
"1756","Butler","9581","June","2018","IA"
"1757","Calhoun","6303","June","2018","IA"
"1758","Carroll","13764","June","2018","IA"
"1759","Cass","8970","June","2018","IA"
"1760","Cedar","11633","June","2018","IA"
"1761","Cerro Gordo","29216","June","2018","IA"
"1762","Cherokee","7864","June","2018","IA"
"1763","Chickasaw","8099","June","2018","IA"
"1764","Clarke","5563","June","2018","IA"
"1765","Clay","10896","June","2018","IA"
"1766","Clayton","11411","June","2018","IA"
"1767","Clinton","30773","June","2018","IA"
"1768","Crawford","9432","June","2018","IA"
"1769","Dallas","54005","June","2018","IA"
"1770","Davis","4810","June","2018","IA"
"1771","Decatur","4400","June","2018","IA"
"1772","Delaware","11321","June","2018","IA"
"1773","Des Moines","25776","June","2018","IA"
"1774","Dickinson","12562","June","2018","IA"
"1775","Dubuque","63753","June","2018","IA"
"1776","Emmet","6244","June","2018","IA"
"1777","Fayette","11556","June","2018","IA"
"1778","Floyd","10301","June","2018","IA"
"1779","Franklin","6279","June","2018","IA"
"1780","Fremont","4658","June","2018","IA"
"1781","Greene","6235","June","2018","IA"
"1782","Grundy","8547","June","2018","IA"
"1783","Guthrie","7522","June","2018","IA"
"1784","Hamilton","9672","June","2018","IA"
"1785","Hancock","7424","June","2018","IA"
"1786","Hardin","10944","June","2018","IA"
"1787","Harrison","8365","June","2018","IA"
"1788","Henry","12426","June","2018","IA"
"1789","Howard","5754","June","2018","IA"
"1790","Humboldt","6222","June","2018","IA"
"1791","Ida","4660","June","2018","IA"
"1792","Iowa","11351","June","2018","IA"
"1793","Jackson","13701","June","2018","IA"
"1794","Jasper","24307","June","2018","IA"
"1795","Jefferson","10158","June","2018","IA"
"1796","Johnson","89726","June","2018","IA"
"1797","Jones","12876","June","2018","IA"
"1798","Keokuk","6387","June","2018","IA"
"1799","Kossuth","10738","June","2018","IA"
"1800","Lee","21388","June","2018","IA"
"1801","Linn","140891","June","2018","IA"
"1802","Louisa","6708","June","2018","IA"
"1803","Lucas","5483","June","2018","IA"
"1804","Lyon","7960","June","2018","IA"
"1805","Madison","10700","June","2018","IA"
"1806","Mahaska","13560","June","2018","IA"
"1807","Marion","22212","June","2018","IA"
"1808","Marshall","22867","June","2018","IA"
"1809","Mills","9885","June","2018","IA"
"1810","Mitchell","6852","June","2018","IA"
"1811","Monona","5886","June","2018","IA"
"1812","Monroe","4691","June","2018","IA"
"1813","Montgomery","6796","June","2018","IA"
"1814","Muscatine","26086","June","2018","IA"
"1815","O'Brien","9222","June","2018","IA"
"1816","Osceola","4045","June","2018","IA"
"1817","Page","9310","June","2018","IA"
"1818","Palo Alto","6022","June","2018","IA"
"1819","Plymouth","16708","June","2018","IA"
"1820","Pocahontas","4764","June","2018","IA"
"1821","Polk","281315","June","2018","IA"
"1822","Pottawattamie","55526","June","2018","IA"
"1823","Poweshiek","12602","June","2018","IA"
"1824","Ringgold","3030","June","2018","IA"
"1825","Sac","6788","June","2018","IA"
"1826","Scott","112982","June","2018","IA"
"1827","Shelby","7902","June","2018","IA"
"1828","Sioux","21141","June","2018","IA"
"1829","Story","58959","June","2018","IA"
"1830","Tama","11057","June","2018","IA"
"1831","Taylor","3718","June","2018","IA"
"1832","Union","7515","June","2018","IA"
"1833","Van Buren","4617","June","2018","IA"
"1834","Wapello","20047","June","2018","IA"
"1835","Warren","32610","June","2018","IA"
"1836","Washington","14020","June","2018","IA"
"1837","Wayne","3505","June","2018","IA"
"1838","Webster","24022","June","2018","IA"
"1839","Winnebago","7208","June","2018","IA"
"1840","Winneshiek","13722","June","2018","IA"
"1841","Woodbury","56554","June","2018","IA"
"1842","Worth","5237","June","2018","IA"
"1843","Wright","7715","June","2018","IA"
"1844","Allamakee","9148","March","2018","IA"
"1845","Appanoose","7965","March","2018","IA"
"1846","Audubon","4102","March","2018","IA"
"1847","Benton","16948","March","2018","IA"
"1848","Black Hawk","79841","March","2018","IA"
"1849","Boone","17835","March","2018","IA"
"1850","Bremer","16244","March","2018","IA"
"1851","Buchanan","13009","March","2018","IA"
"1852","Buena Vista","11236","March","2018","IA"
"1853","Butler","9520","March","2018","IA"
"1854","Calhoun","6312","March","2018","IA"
"1855","Carroll","13719","March","2018","IA"
"1856","Cass","8939","March","2018","IA"
"1857","Cedar","11574","March","2018","IA"
"1858","Cerro Gordo","29099","March","2018","IA"
"1859","Cherokee","7853","March","2018","IA"
"1860","Chickasaw","8083","March","2018","IA"
"1861","Clarke","5526","March","2018","IA"
"1862","Clay","10809","March","2018","IA"
"1863","Clayton","11369","March","2018","IA"
"1864","Clinton","30653","March","2018","IA"
"1865","Crawford","9370","March","2018","IA"
"1866","Dallas","53085","March","2018","IA"
"1867","Davis","4784","March","2018","IA"
"1868","Decatur","4414","March","2018","IA"
"1869","Delaware","11280","March","2018","IA"
"1870","Des Moines","25618","March","2018","IA"
"1871","Dickinson","12383","March","2018","IA"
"1872","Dubuque","63388","March","2018","IA"
"1873","Emmet","6224","March","2018","IA"
"1874","Fayette","11560","March","2018","IA"
"1875","Floyd","10211","March","2018","IA"
"1876","Franklin","6284","March","2018","IA"
"1877","Fremont","4645","March","2018","IA"
"1878","Greene","6107","March","2018","IA"
"1879","Grundy","8453","March","2018","IA"
"1880","Guthrie","7432","March","2018","IA"
"1881","Hamilton","9597","March","2018","IA"
"1882","Hancock","7394","March","2018","IA"
"1883","Hardin","10911","March","2018","IA"
"1884","Harrison","8388","March","2018","IA"
"1885","Henry","12319","March","2018","IA"
"1886","Howard","5746","March","2018","IA"
"1887","Humboldt","6179","March","2018","IA"
"1888","Ida","4630","March","2018","IA"
"1889","Iowa","11299","March","2018","IA"
"1890","Jackson","13689","March","2018","IA"
"1891","Jasper","24082","March","2018","IA"
"1892","Jefferson","10144","March","2018","IA"
"1893","Johnson","89423","March","2018","IA"
"1894","Jones","12838","March","2018","IA"
"1895","Keokuk","6368","March","2018","IA"
"1896","Kossuth","10728","March","2018","IA"
"1897","Lee","21245","March","2018","IA"
"1898","Linn","139930","March","2018","IA"
"1899","Louisa","6686","March","2018","IA"
"1900","Lucas","5439","March","2018","IA"
"1901","Lyon","7914","March","2018","IA"
"1902","Madison","10574","March","2018","IA"
"1903","Mahaska","13507","March","2018","IA"
"1904","Marion","22095","March","2018","IA"
"1905","Marshall","22994","March","2018","IA"
"1906","Mills","9832","March","2018","IA"
"1907","Mitchell","6815","March","2018","IA"
"1908","Monona","5871","March","2018","IA"
"1909","Monroe","4676","March","2018","IA"
"1910","Montgomery","6738","March","2018","IA"
"1911","Muscatine","25927","March","2018","IA"
"1912","O'Brien","9159","March","2018","IA"
"1913","Osceola","4038","March","2018","IA"
"1914","Page","9243","March","2018","IA"
"1915","Palo Alto","5944","March","2018","IA"
"1916","Plymouth","16644","March","2018","IA"
"1917","Pocahontas","4769","March","2018","IA"
"1918","Polk","278850","March","2018","IA"
"1919","Pottawattamie","55867","March","2018","IA"
"1920","Poweshiek","12480","March","2018","IA"
"1921","Ringgold","3025","March","2018","IA"
"1922","Sac","6774","March","2018","IA"
"1923","Scott","112837","March","2018","IA"
"1924","Shelby","7879","March","2018","IA"
"1925","Sioux","21041","March","2018","IA"
"1926","Story","58765","March","2018","IA"
"1927","Tama","11040","March","2018","IA"
"1928","Taylor","3724","March","2018","IA"
"1929","Union","7525","March","2018","IA"
"1930","Van Buren","4603","March","2018","IA"
"1931","Wapello","19989","March","2018","IA"
"1932","Warren","32408","March","2018","IA"
"1933","Washington","14007","March","2018","IA"
"1934","Wayne","3503","March","2018","IA"
"1935","Webster","23987","March","2018","IA"
"1936","Winnebago","7169","March","2018","IA"
"1937","Winneshiek","13450","March","2018","IA"
"1938","Woodbury","56322","March","2018","IA"
"1939","Worth","5212","March","2018","IA"
"1940","Wright","7711","March","2018","IA"
"1941","Allamakee","9174","May","2018","IA"
"1942","Appanoose","8002","May","2018","IA"
"1943","Audubon","4099","May","2018","IA"
"1944","Benton","16986","May","2018","IA"
"1945","Black Hawk","79889","May","2018","IA"
"1946","Boone","17916","May","2018","IA"
"1947","Bremer","16294","May","2018","IA"
"1948","Buchanan","13023","May","2018","IA"
"1949","Buena Vista","11266","May","2018","IA"
"1950","Butler","9565","May","2018","IA"
"1951","Calhoun","6304","May","2018","IA"
"1952","Carroll","13743","May","2018","IA"
"1953","Cass","8949","May","2018","IA"
"1954","Cedar","11606","May","2018","IA"
"1955","Cerro Gordo","29142","May","2018","IA"
"1956","Cherokee","7859","May","2018","IA"
"1957","Chickasaw","8089","May","2018","IA"
"1958","Clarke","5555","May","2018","IA"
"1959","Clay","10840","May","2018","IA"
"1960","Clayton","11399","May","2018","IA"
"1961","Clinton","30707","May","2018","IA"
"1962","Crawford","9417","May","2018","IA"
"1963","Dallas","53707","May","2018","IA"
"1964","Davis","4787","May","2018","IA"
"1965","Decatur","4394","May","2018","IA"
"1966","Delaware","11296","May","2018","IA"
"1967","Des Moines","25700","May","2018","IA"
"1968","Dickinson","12544","May","2018","IA"
"1969","Dubuque","63554","May","2018","IA"
"1970","Emmet","6230","May","2018","IA"
"1971","Fayette","11557","May","2018","IA"
"1972","Floyd","10264","May","2018","IA"
"1973","Franklin","6279","May","2018","IA"
"1974","Fremont","4632","May","2018","IA"
"1975","Greene","6235","May","2018","IA"
"1976","Grundy","8508","May","2018","IA"
"1977","Guthrie","7486","May","2018","IA"
"1978","Hamilton","9646","May","2018","IA"
"1979","Hancock","7409","May","2018","IA"
"1980","Hardin","10932","May","2018","IA"
"1981","Harrison","8375","May","2018","IA"
"1982","Henry","12365","May","2018","IA"
"1983","Howard","5756","May","2018","IA"
"1984","Humboldt","6204","May","2018","IA"
"1985","Ida","4647","May","2018","IA"
"1986","Iowa","11326","May","2018","IA"
"1987","Jackson","13687","May","2018","IA"
"1988","Jasper","24230","May","2018","IA"
"1989","Jefferson","10126","May","2018","IA"
"1990","Johnson","89438","May","2018","IA"
"1991","Jones","12866","May","2018","IA"
"1992","Keokuk","6383","May","2018","IA"
"1993","Kossuth","10722","May","2018","IA"
"1994","Lee","21348","May","2018","IA"
"1995","Linn","140434","May","2018","IA"
"1996","Louisa","6693","May","2018","IA"
"1997","Lucas","5473","May","2018","IA"
"1998","Lyon","7934","May","2018","IA"
"1999","Madison","10652","May","2018","IA"
"2000","Mahaska","13531","May","2018","IA"
"2001","Marion","22163","May","2018","IA"
"2002","Marshall","22835","May","2018","IA"
"2003","Mills","9869","May","2018","IA"
"2004","Mitchell","6852","May","2018","IA"
"2005","Monona","5876","May","2018","IA"
"2006","Monroe","4676","May","2018","IA"
"2007","Montgomery","6768","May","2018","IA"
"2008","Muscatine","26037","May","2018","IA"
"2009","O'Brien","9231","May","2018","IA"
"2010","Osceola","4043","May","2018","IA"
"2011","Page","9281","May","2018","IA"
"2012","Palo Alto","6008","May","2018","IA"
"2013","Plymouth","16683","May","2018","IA"
"2014","Pocahontas","4767","May","2018","IA"
"2015","Polk","280305","May","2018","IA"
"2016","Pottawattamie","55690","May","2018","IA"
"2017","Poweshiek","12561","May","2018","IA"
"2018","Ringgold","3026","May","2018","IA"
"2019","Sac","6784","May","2018","IA"
"2020","Scott","112656","May","2018","IA"
"2021","Shelby","7877","May","2018","IA"
"2022","Sioux","21119","May","2018","IA"
"2023","Story","58949","May","2018","IA"
"2024","Tama","11051","May","2018","IA"
"2025","Taylor","3717","May","2018","IA"
"2026","Union","7535","May","2018","IA"
"2027","Van Buren","4613","May","2018","IA"
"2028","Wapello","20001","May","2018","IA"
"2029","Warren","32549","May","2018","IA"
"2030","Washington","14000","May","2018","IA"
"2031","Wayne","3499","May","2018","IA"
"2032","Webster","24007","May","2018","IA"
"2033","Winnebago","7198","May","2018","IA"
"2034","Winneshiek","13657","May","2018","IA"
"2035","Woodbury","56455","May","2018","IA"
"2036","Worth","5215","May","2018","IA"
"2037","Wright","7701","May","2018","IA"
"2038","Allamakee","9345","November","2018","IA"
"2039","Appanoose","8105","November","2018","IA"
"2040","Audubon","4156","November","2018","IA"
"2041","Benton","17179","November","2018","IA"
"2042","Black Hawk","82207","November","2018","IA"
"2043","Boone","18327","November","2018","IA"
"2044","Bremer","16511","November","2018","IA"
"2045","Buchanan","13223","November","2018","IA"
"2046","Buena Vista","11403","November","2018","IA"
"2047","Butler","9686","November","2018","IA"
"2048","Calhoun","6390","November","2018","IA"
"2049","Carroll","13886","November","2018","IA"
"2050","Cass","9066","November","2018","IA"
"2051","Cedar","11920","November","2018","IA"
"2052","Cerro Gordo","29669","November","2018","IA"
"2053","Cherokee","7958","November","2018","IA"
"2054","Chickasaw","8144","November","2018","IA"
"2055","Clarke","5653","November","2018","IA"
"2056","Clay","10984","November","2018","IA"
"2057","Clayton","11523","November","2018","IA"
"2058","Clinton","31119","November","2018","IA"
"2059","Crawford","9489","November","2018","IA"
"2060","Dallas","57147","November","2018","IA"
"2061","Davis","4867","November","2018","IA"
"2062","Decatur","4483","November","2018","IA"
"2063","Delaware","11451","November","2018","IA"
"2064","Des Moines","26148","November","2018","IA"
"2065","Dickinson","12941","November","2018","IA"
"2066","Dubuque","65261","November","2018","IA"
"2067","Emmet","6289","November","2018","IA"
"2068","Fayette","11785","November","2018","IA"
"2069","Floyd","10380","November","2018","IA"
"2070","Franklin","6339","November","2018","IA"
"2071","Fremont","4766","November","2018","IA"
"2072","Greene","6301","November","2018","IA"
"2073","Grundy","8539","November","2018","IA"
"2074","Guthrie","7600","November","2018","IA"
"2075","Hamilton","9771","November","2018","IA"
"2076","Hancock","7485","November","2018","IA"
"2077","Hardin","11032","November","2018","IA"
"2078","Harrison","8611","November","2018","IA"
"2079","Henry","12581","November","2018","IA"
"2080","Howard","5856","November","2018","IA"
"2081","Humboldt","6266","November","2018","IA"
"2082","Ida","4687","November","2018","IA"
"2083","Iowa","11578","November","2018","IA"
"2084","Jackson","14059","November","2018","IA"
"2085","Jasper","24771","November","2018","IA"
"2086","Jefferson","10435","November","2018","IA"
"2087","Johnson","94461","November","2018","IA"
"2088","Jones","13076","November","2018","IA"
"2089","Keokuk","6453","November","2018","IA"
"2090","Kossuth","10815","November","2018","IA"
"2091","Lee","21633","November","2018","IA"
"2092","Linn","145150","November","2018","IA"
"2093","Louisa","6771","November","2018","IA"
"2094","Lucas","5571","November","2018","IA"
"2095","Lyon","8038","November","2018","IA"
"2096","Madison","10957","November","2018","IA"
"2097","Mahaska","13793","November","2018","IA"
"2098","Marion","22479","November","2018","IA"
"2099","Marshall","23211","November","2018","IA"
"2100","Mills","10161","November","2018","IA"
"2101","Mitchell","6923","November","2018","IA"
"2102","Monona","5941","November","2018","IA"
"2103","Monroe","4758","November","2018","IA"
"2104","Montgomery","6921","November","2018","IA"
"2105","Muscatine","26534","November","2018","IA"
"2106","O'Brien","9290","November","2018","IA"
"2107","Osceola","4058","November","2018","IA"
"2108","Page","9458","November","2018","IA"
"2109","Palo Alto","6079","November","2018","IA"
"2110","Plymouth","16942","November","2018","IA"
"2111","Pocahontas","4829","November","2018","IA"
"2112","Polk","291285","November","2018","IA"
"2113","Pottawattamie","57168","November","2018","IA"
"2114","Poweshiek","13077","November","2018","IA"
"2115","Ringgold","3099","November","2018","IA"
"2116","Sac","6862","November","2018","IA"
"2117","Scott","115337","November","2018","IA"
"2118","Shelby","8017","November","2018","IA"
"2119","Sioux","21350","November","2018","IA"
"2120","Story","61882","November","2018","IA"
"2121","Tama","11148","November","2018","IA"
"2122","Taylor","3791","November","2018","IA"
"2123","Union","7623","November","2018","IA"
"2124","Van Buren","4700","November","2018","IA"
"2125","Wapello","20322","November","2018","IA"
"2126","Warren","33793","November","2018","IA"
"2127","Washington","14231","November","2018","IA"
"2128","Wayne","3561","November","2018","IA"
"2129","Webster","24163","November","2018","IA"
"2130","Winnebago","7320","November","2018","IA"
"2131","Winneshiek","14159","November","2018","IA"
"2132","Woodbury","57746","November","2018","IA"
"2133","Worth","5314","November","2018","IA"
"2134","Wright","7788","November","2018","IA"
"2135","Allamakee","9274","October","2018","IA"
"2136","Appanoose","8057","October","2018","IA"
"2137","Audubon","4146","October","2018","IA"
"2138","Benton","17085","October","2018","IA"
"2139","Black Hawk","81262","October","2018","IA"
"2140","Boone","18166","October","2018","IA"
"2141","Bremer","16398","October","2018","IA"
"2142","Buchanan","13157","October","2018","IA"
"2143","Buena Vista","11363","October","2018","IA"
"2144","Butler","9625","October","2018","IA"
"2145","Calhoun","6351","October","2018","IA"
"2146","Carroll","13836","October","2018","IA"
"2147","Cass","9023","October","2018","IA"
"2148","Cedar","11764","October","2018","IA"
"2149","Cerro Gordo","29443","October","2018","IA"
"2150","Cherokee","7929","October","2018","IA"
"2151","Chickasaw","8105","October","2018","IA"
"2152","Clarke","5614","October","2018","IA"
"2153","Clay","10914","October","2018","IA"
"2154","Clayton","11460","October","2018","IA"
"2155","Clinton","30965","October","2018","IA"
"2156","Crawford","9463","October","2018","IA"
"2157","Dallas","55943","October","2018","IA"
"2158","Davis","4845","October","2018","IA"
"2159","Decatur","4378","October","2018","IA"
"2160","Delaware","11357","October","2018","IA"
"2161","Des Moines","25957","October","2018","IA"
"2162","Dickinson","12785","October","2018","IA"
"2163","Dubuque","64620","October","2018","IA"
"2164","Emmet","6284","October","2018","IA"
"2165","Fayette","11682","October","2018","IA"
"2166","Floyd","10309","October","2018","IA"
"2167","Franklin","6287","October","2018","IA"
"2168","Fremont","4691","October","2018","IA"
"2169","Greene","6259","October","2018","IA"
"2170","Grundy","8475","October","2018","IA"
"2171","Guthrie","7512","October","2018","IA"
"2172","Hamilton","9711","October","2018","IA"
"2173","Hancock","7434","October","2018","IA"
"2174","Hardin","11000","October","2018","IA"
"2175","Harrison","8412","October","2018","IA"
"2176","Henry","12483","October","2018","IA"
"2177","Howard","5807","October","2018","IA"
"2178","Humboldt","6258","October","2018","IA"
"2179","Ida","4688","October","2018","IA"
"2180","Iowa","11495","October","2018","IA"
"2181","Jackson","13954","October","2018","IA"
"2182","Jasper","24589","October","2018","IA"
"2183","Jefferson","10310","October","2018","IA"
"2184","Johnson","92153","October","2018","IA"
"2185","Jones","13011","October","2018","IA"
"2186","Keokuk","6422","October","2018","IA"
"2187","Kossuth","10767","October","2018","IA"
"2188","Lee","21476","October","2018","IA"
"2189","Linn","143430","October","2018","IA"
"2190","Louisa","6735","October","2018","IA"
"2191","Lucas","5531","October","2018","IA"
"2192","Lyon","8007","October","2018","IA"
"2193","Madison","10830","October","2018","IA"
"2194","Mahaska","13675","October","2018","IA"
"2195","Marion","22324","October","2018","IA"
"2196","Marshall","23023","October","2018","IA"
"2197","Mills","10005","October","2018","IA"
"2198","Mitchell","6843","October","2018","IA"
"2199","Monona","5914","October","2018","IA"
"2200","Monroe","4705","October","2018","IA"
"2201","Montgomery","6884","October","2018","IA"
"2202","Muscatine","26313","October","2018","IA"
"2203","O'Brien","9240","October","2018","IA"
"2204","Osceola","4045","October","2018","IA"
"2205","Page","9394","October","2018","IA"
"2206","Palo Alto","6031","October","2018","IA"
"2207","Plymouth","16828","October","2018","IA"
"2208","Pocahontas","4773","October","2018","IA"
"2209","Polk","286346","October","2018","IA"
"2210","Pottawattamie","56441","October","2018","IA"
"2211","Poweshiek","12924","October","2018","IA"
"2212","Ringgold","3028","October","2018","IA"
"2213","Sac","6822","October","2018","IA"
"2214","Scott","114164","October","2018","IA"
"2215","Shelby","7929","October","2018","IA"
"2216","Sioux","21249","October","2018","IA"
"2217","Story","60673","October","2018","IA"
"2218","Tama","11083","October","2018","IA"
"2219","Taylor","3738","October","2018","IA"
"2220","Union","7590","October","2018","IA"
"2221","Van Buren","4673","October","2018","IA"
"2222","Wapello","20106","October","2018","IA"
"2223","Warren","33279","October","2018","IA"
"2224","Washington","14151","October","2018","IA"
"2225","Wayne","3504","October","2018","IA"
"2226","Webster","24058","October","2018","IA"
"2227","Winnebago","7268","October","2018","IA"
"2228","Winneshiek","13928","October","2018","IA"
"2229","Woodbury","57036","October","2018","IA"
"2230","Worth","5272","October","2018","IA"
"2231","Wright","7746","October","2018","IA"
"2232","Allamakee","9227","September","2018","IA"
"2233","Appanoose","8030","September","2018","IA"
"2234","Audubon","4113","September","2018","IA"
"2235","Benton","17072","September","2018","IA"
"2236","Black Hawk","80671","September","2018","IA"
"2237","Boone","18061","September","2018","IA"
"2238","Bremer","16362","September","2018","IA"
"2239","Buchanan","13126","September","2018","IA"
"2240","Buena Vista","11334","September","2018","IA"
"2241","Butler","9629","September","2018","IA"
"2242","Calhoun","6327","September","2018","IA"
"2243","Carroll","13807","September","2018","IA"
"2244","Cass","8998","September","2018","IA"
"2245","Cedar","11675","September","2018","IA"
"2246","Cerro Gordo","29346","September","2018","IA"
"2247","Cherokee","7917","September","2018","IA"
"2248","Chickasaw","8098","September","2018","IA"
"2249","Clarke","5594","September","2018","IA"
"2250","Clay","10912","September","2018","IA"
"2251","Clayton","11440","September","2018","IA"
"2252","Clinton","30921","September","2018","IA"
"2253","Crawford","9456","September","2018","IA"
"2254","Dallas","55423","September","2018","IA"
"2255","Davis","4834","September","2018","IA"
"2256","Decatur","4379","September","2018","IA"
"2257","Delaware","11341","September","2018","IA"
"2258","Des Moines","25909","September","2018","IA"
"2259","Dickinson","12749","September","2018","IA"
"2260","Dubuque","64302","September","2018","IA"
"2261","Emmet","6275","September","2018","IA"
"2262","Fayette","11658","September","2018","IA"
"2263","Floyd","10297","September","2018","IA"
"2264","Franklin","6274","September","2018","IA"
"2265","Fremont","4690","September","2018","IA"
"2266","Greene","6253","September","2018","IA"
"2267","Grundy","8475","September","2018","IA"
"2268","Guthrie","7508","September","2018","IA"
"2269","Hamilton","9701","September","2018","IA"
"2270","Hancock","7446","September","2018","IA"
"2271","Hardin","11001","September","2018","IA"
"2272","Harrison","8377","September","2018","IA"
"2273","Henry","12480","September","2018","IA"
"2274","Howard","5784","September","2018","IA"
"2275","Humboldt","6245","September","2018","IA"
"2276","Ida","4679","September","2018","IA"
"2277","Iowa","11458","September","2018","IA"
"2278","Jackson","13857","September","2018","IA"
"2279","Jasper","24544","September","2018","IA"
"2280","Jefferson","10228","September","2018","IA"
"2281","Johnson","91877","September","2018","IA"
"2282","Jones","12978","September","2018","IA"
"2283","Keokuk","6406","September","2018","IA"
"2284","Kossuth","10775","September","2018","IA"
"2285","Lee","21422","September","2018","IA"
"2286","Linn","142583","September","2018","IA"
"2287","Louisa","6721","September","2018","IA"
"2288","Lucas","5502","September","2018","IA"
"2289","Lyon","7992","September","2018","IA"
"2290","Madison","10766","September","2018","IA"
"2291","Mahaska","13636","September","2018","IA"
"2292","Marion","22280","September","2018","IA"
"2293","Marshall","22994","September","2018","IA"
"2294","Mills","9973","September","2018","IA"
"2295","Mitchell","6832","September","2018","IA"
"2296","Monona","5910","September","2018","IA"
"2297","Monroe","4703","September","2018","IA"
"2298","Montgomery","6875","September","2018","IA"
"2299","Muscatine","26271","September","2018","IA"
"2300","O'Brien","9244","September","2018","IA"
"2301","Osceola","4039","September","2018","IA"
"2302","Page","9360","September","2018","IA"
"2303","Palo Alto","6040","September","2018","IA"
"2304","Plymouth","16786","September","2018","IA"
"2305","Pocahontas","4763","September","2018","IA"
"2306","Polk","284634","September","2018","IA"
"2307","Pottawattamie","56117","September","2018","IA"
"2308","Poweshiek","12758","September","2018","IA"
"2309","Ringgold","3020","September","2018","IA"
"2310","Sac","6800","September","2018","IA"
"2311","Scott","113775","September","2018","IA"
"2312","Shelby","7917","September","2018","IA"
"2313","Sioux","21219","September","2018","IA"
"2314","Story","59848","September","2018","IA"
"2315","Tama","11095","September","2018","IA"
"2316","Taylor","3730","September","2018","IA"
"2317","Union","7564","September","2018","IA"
"2318","Van Buren","4658","September","2018","IA"
"2319","Wapello","20057","September","2018","IA"
"2320","Warren","33021","September","2018","IA"
"2321","Washington","14111","September","2018","IA"
"2322","Wayne","3499","September","2018","IA"
"2323","Webster","24051","September","2018","IA"
"2324","Winnebago","7248","September","2018","IA"
"2325","Winneshiek","13767","September","2018","IA"
"2326","Woodbury","56805","September","2018","IA"
"2327","Worth","5250","September","2018","IA"
"2328","Wright","7760","September","2018","IA"
"2329","Allamakee","9205","April","2019","IA"
"2330","Appanoose","8052","April","2019","IA"
"2331","Audubon","4059","April","2019","IA"
"2332","Benton","17080","April","2019","IA"
"2333","Black Hawk","81799","April","2019","IA"
"2334","Boone","18101","April","2019","IA"
"2335","Bremer","16554","April","2019","IA"
"2336","Buchanan","13074","April","2019","IA"
"2337","Buena Vista","11336","April","2019","IA"
"2338","Butler","9622","April","2019","IA"
"2339","Calhoun","6360","April","2019","IA"
"2340","Carroll","13816","April","2019","IA"
"2341","Cass","8982","April","2019","IA"
"2342","Cedar","11839","April","2019","IA"
"2343","Cerro Gordo","29175","April","2019","IA"
"2344","Cherokee","7867","April","2019","IA"
"2345","Chickasaw","8083","April","2019","IA"
"2346","Clarke","5600","April","2019","IA"
"2347","Clay","10908","April","2019","IA"
"2348","Clayton","11487","April","2019","IA"
"2349","Clinton","30867","April","2019","IA"
"2350","Crawford","9371","April","2019","IA"
"2351","Dallas","57273","April","2019","IA"
"2352","Davis","4791","April","2019","IA"
"2353","Decatur","4485","April","2019","IA"
"2354","Delaware","11372","April","2019","IA"
"2355","Des Moines","25999","April","2019","IA"
"2356","Dickinson","12836","April","2019","IA"
"2357","Dubuque","64897","April","2019","IA"
"2358","Emmet","6242","April","2019","IA"
"2359","Fayette","11716","April","2019","IA"
"2360","Floyd","10268","April","2019","IA"
"2361","Franklin","6312","April","2019","IA"
"2362","Fremont","4736","April","2019","IA"
"2363","Greene","6212","April","2019","IA"
"2364","Grundy","8511","April","2019","IA"
"2365","Guthrie","7491","April","2019","IA"
"2366","Hamilton","9708","April","2019","IA"
"2367","Hancock","7395","April","2019","IA"
"2368","Hardin","10963","April","2019","IA"
"2369","Harrison","8518","April","2019","IA"
"2370","Henry","12513","April","2019","IA"
"2371","Howard","5810","April","2019","IA"
"2372","Humboldt","6180","April","2019","IA"
"2373","Ida","4658","April","2019","IA"
"2374","Iowa","11494","April","2019","IA"
"2375","Jackson","13904","April","2019","IA"
"2376","Jasper","24722","April","2019","IA"
"2377","Jefferson","10348","April","2019","IA"
"2378","Johnson","95133","April","2019","IA"
"2379","Jones","13007","April","2019","IA"
"2380","Keokuk","6405","April","2019","IA"
"2381","Kossuth","10704","April","2019","IA"
"2382","Lee","21428","April","2019","IA"
"2383","Linn","144601","April","2019","IA"
"2384","Louisa","6709","April","2019","IA"
"2385","Lucas","5515","April","2019","IA"
"2386","Lyon","8020","April","2019","IA"
"2387","Madison","10873","April","2019","IA"
"2388","Mahaska","13641","April","2019","IA"
"2389","Marion","22444","April","2019","IA"
"2390","Marshall","23025","April","2019","IA"
"2391","Mills","10295","April","2019","IA"
"2392","Mitchell","6836","April","2019","IA"
"2393","Monona","5787","April","2019","IA"
"2394","Monroe","4726","April","2019","IA"
"2395","Montgomery","6835","April","2019","IA"
"2396","Muscatine","26327","April","2019","IA"
"2397","O'Brien","9210","April","2019","IA"
"2398","Osceola","4026","April","2019","IA"
"2399","Page","9343","April","2019","IA"
"2400","Palo Alto","6010","April","2019","IA"
"2401","Plymouth","16818","April","2019","IA"
"2402","Pocahontas","4781","April","2019","IA"
"2403","Polk","291578","April","2019","IA"
"2404","Pottawattamie","57056","April","2019","IA"
"2405","Poweshiek","12972","April","2019","IA"
"2406","Ringgold","3073","April","2019","IA"
"2407","Sac","6855","April","2019","IA"
"2408","Scott","114442","April","2019","IA"
"2409","Shelby","7982","April","2019","IA"
"2410","Sioux","21361","April","2019","IA"
"2411","Story","62731","April","2019","IA"
"2412","Tama","11089","April","2019","IA"
"2413","Taylor","3754","April","2019","IA"
"2414","Union","7562","April","2019","IA"
"2415","Van Buren","4653","April","2019","IA"
"2416","Wapello","20182","April","2019","IA"
"2417","Warren","33762","April","2019","IA"
"2418","Washington","14215","April","2019","IA"
"2419","Wayne","3541","April","2019","IA"
"2420","Webster","23710","April","2019","IA"
"2421","Winnebago","7279","April","2019","IA"
"2422","Winneshiek","14100","April","2019","IA"
"2423","Woodbury","57727","April","2019","IA"
"2424","Worth","5346","April","2019","IA"
"2425","Wright","7709","April","2019","IA"
"2426","Allamakee","9131","August","2019","IA"
"2427","Appanoose","7983","August","2019","IA"
"2428","Audubon","4043","August","2019","IA"
"2429","Benton","17049","August","2019","IA"
"2430","Black Hawk","81335","August","2019","IA"
"2431","Boone","18115","August","2019","IA"
"2432","Bremer","16551","August","2019","IA"
"2433","Buchanan","13049","August","2019","IA"
"2434","Buena Vista","11259","August","2019","IA"
"2435","Butler","9562","August","2019","IA"
"2436","Calhoun","6343","August","2019","IA"
"2437","Carroll","13858","August","2019","IA"
"2438","Cass","8932","August","2019","IA"
"2439","Cedar","11778","August","2019","IA"
"2440","Cerro Gordo","28974","August","2019","IA"
"2441","Cherokee","7788","August","2019","IA"
"2442","Chickasaw","8050","August","2019","IA"
"2443","Clarke","5587","August","2019","IA"
"2444","Clay","10933","August","2019","IA"
"2445","Clayton","11460","August","2019","IA"
"2446","Clinton","30318","August","2019","IA"
"2447","Crawford","9328","August","2019","IA"
"2448","Dallas","57981","August","2019","IA"
"2449","Davis","4783","August","2019","IA"
"2450","Decatur","4393","August","2019","IA"
"2451","Delaware","11374","August","2019","IA"
"2452","Des Moines","25893","August","2019","IA"
"2453","Dickinson","12771","August","2019","IA"
"2454","Dubuque","64487","August","2019","IA"
"2455","Emmet","6176","August","2019","IA"
"2456","Fayette","11605","August","2019","IA"
"2457","Floyd","10223","August","2019","IA"
"2458","Franklin","6253","August","2019","IA"
"2459","Fremont","4685","August","2019","IA"
"2460","Greene","6161","August","2019","IA"
"2461","Grundy","8490","August","2019","IA"
"2462","Guthrie","7493","August","2019","IA"
"2463","Hamilton","9723","August","2019","IA"
"2464","Hancock","7351","August","2019","IA"
"2465","Hardin","10922","August","2019","IA"
"2466","Harrison","8306","August","2019","IA"
"2467","Henry","12500","August","2019","IA"
"2468","Howard","5759","August","2019","IA"
"2469","Humboldt","6198","August","2019","IA"
"2470","Ida","4699","August","2019","IA"
"2471","Iowa","11478","August","2019","IA"
"2472","Jackson","13952","August","2019","IA"
"2473","Jasper","24905","August","2019","IA"
"2474","Jefferson","10254","August","2019","IA"
"2475","Johnson","94737","August","2019","IA"
"2476","Jones","12994","August","2019","IA"
"2477","Keokuk","6395","August","2019","IA"
"2478","Kossuth","10656","August","2019","IA"
"2479","Lee","21248","August","2019","IA"
"2480","Linn","145035","August","2019","IA"
"2481","Louisa","6693","August","2019","IA"
"2482","Lucas","5526","August","2019","IA"
"2483","Lyon","8038","August","2019","IA"
"2484","Madison","10821","August","2019","IA"
"2485","Mahaska","13645","August","2019","IA"
"2486","Marion","22420","August","2019","IA"
"2487","Marshall","22910","August","2019","IA"
"2488","Mills","10303","August","2019","IA"
"2489","Mitchell","6783","August","2019","IA"
"2490","Monona","5809","August","2019","IA"
"2491","Monroe","4675","August","2019","IA"
"2492","Montgomery","6816","August","2019","IA"
"2493","Muscatine","26248","August","2019","IA"
"2494","O'Brien","9206","August","2019","IA"
"2495","Osceola","3971","August","2019","IA"
"2496","Page","9352","August","2019","IA"
"2497","Palo Alto","5931","August","2019","IA"
"2498","Plymouth","16792","August","2019","IA"
"2499","Pocahontas","4737","August","2019","IA"
"2500","Polk","291482","August","2019","IA"
"2501","Pottawattamie","57263","August","2019","IA"
"2502","Poweshiek","12751","August","2019","IA"
"2503","Ringgold","3028","August","2019","IA"
"2504","Sac","6799","August","2019","IA"
"2505","Scott","114382","August","2019","IA"
"2506","Shelby","7863","August","2019","IA"
"2507","Sioux","21349","August","2019","IA"
"2508","Story","61662","August","2019","IA"
"2509","Tama","11039","August","2019","IA"
"2510","Taylor","3712","August","2019","IA"
"2511","Union","7535","August","2019","IA"
"2512","Van Buren","4609","August","2019","IA"
"2513","Wapello","19853","August","2019","IA"
"2514","Warren","33851","August","2019","IA"
"2515","Washington","14197","August","2019","IA"
"2516","Wayne","3515","August","2019","IA"
"2517","Webster","23498","August","2019","IA"
"2518","Winnebago","7255","August","2019","IA"
"2519","Winneshiek","13988","August","2019","IA"
"2520","Woodbury","57525","August","2019","IA"
"2521","Worth","5259","August","2019","IA"
"2522","Wright","7690","August","2019","IA"
"2523","Allamakee","9170","December","2019","IA"
"2524","Appanoose","8013","December","2019","IA"
"2525","Audubon","4081","December","2019","IA"
"2526","Benton","17075","December","2019","IA"
"2527","Black Hawk","82009","December","2019","IA"
"2528","Boone","18280","December","2019","IA"
"2529","Bremer","16566","December","2019","IA"
"2530","Buchanan","13155","December","2019","IA"
"2531","Buena Vista","11349","December","2019","IA"
"2532","Butler","9554","December","2019","IA"
"2533","Calhoun","6367","December","2019","IA"
"2534","Carroll","13915","December","2019","IA"
"2535","Cass","9010","December","2019","IA"
"2536","Cedar","11866","December","2019","IA"
"2537","Cerro Gordo","29022","December","2019","IA"
"2538","Cherokee","7785","December","2019","IA"
"2539","Chickasaw","8005","December","2019","IA"
"2540","Clarke","5655","December","2019","IA"
"2541","Clay","10941","December","2019","IA"
"2542","Clayton","11443","December","2019","IA"
"2543","Clinton","30854","December","2019","IA"
"2544","Crawford","9340","December","2019","IA"
"2545","Dallas","59043","December","2019","IA"
"2546","Davis","4817","December","2019","IA"
"2547","Decatur","4447","December","2019","IA"
"2548","Delaware","11385","December","2019","IA"
"2549","Des Moines","25871","December","2019","IA"
"2550","Dickinson","12892","December","2019","IA"
"2551","Dubuque","64382","December","2019","IA"
"2552","Emmet","6200","December","2019","IA"
"2553","Fayette","11664","December","2019","IA"
"2554","Floyd","10343","December","2019","IA"
"2555","Franklin","6239","December","2019","IA"
"2556","Fremont","4689","December","2019","IA"
"2557","Greene","6198","December","2019","IA"
"2558","Grundy","8504","December","2019","IA"
"2559","Guthrie","7541","December","2019","IA"
"2560","Hamilton","9733","December","2019","IA"
"2561","Hancock","7343","December","2019","IA"
"2562","Hardin","11038","December","2019","IA"
"2563","Harrison","8431","December","2019","IA"
"2564","Henry","12617","December","2019","IA"
"2565","Howard","5768","December","2019","IA"
"2566","Humboldt","6219","December","2019","IA"
"2567","Ida","4709","December","2019","IA"
"2568","Iowa","11483","December","2019","IA"
"2569","Jackson","14011","December","2019","IA"
"2570","Jasper","25114","December","2019","IA"
"2571","Jefferson","10363","December","2019","IA"
"2572","Johnson","96038","December","2019","IA"
"2573","Jones","13054","December","2019","IA"
"2574","Keokuk","6408","December","2019","IA"
"2575","Kossuth","10643","December","2019","IA"
"2576","Lee","21306","December","2019","IA"
"2577","Linn","146014","December","2019","IA"
"2578","Louisa","6752","December","2019","IA"
"2579","Lucas","5554","December","2019","IA"
"2580","Lyon","8085","December","2019","IA"
"2581","Madison","10870","December","2019","IA"
"2582","Mahaska","13695","December","2019","IA"
"2583","Marion","22468","December","2019","IA"
"2584","Marshall","23066","December","2019","IA"
"2585","Mills","10392","December","2019","IA"
"2586","Mitchell","6863","December","2019","IA"
"2587","Monona","5767","December","2019","IA"
"2588","Monroe","4673","December","2019","IA"
"2589","Montgomery","6819","December","2019","IA"
"2590","Muscatine","26477","December","2019","IA"
"2591","O'Brien","9216","December","2019","IA"
"2592","Osceola","4010","December","2019","IA"
"2593","Page","9413","December","2019","IA"
"2594","Palo Alto","5928","December","2019","IA"
"2595","Plymouth","16897","December","2019","IA"
"2596","Pocahontas","4737","December","2019","IA"
"2597","Polk","294023","December","2019","IA"
"2598","Pottawattamie","57726","December","2019","IA"
"2599","Poweshiek","12953","December","2019","IA"
"2600","Ringgold","3033","December","2019","IA"
"2601","Sac","6865","December","2019","IA"
"2602","Scott","114775","December","2019","IA"
"2603","Shelby","7895","December","2019","IA"
"2604","Sioux","21547","December","2019","IA"
"2605","Story","63595","December","2019","IA"
"2606","Tama","11020","December","2019","IA"
"2607","Taylor","3740","December","2019","IA"
"2608","Union","7614","December","2019","IA"
"2609","Van Buren","4630","December","2019","IA"
"2610","Wapello","20072","December","2019","IA"
"2611","Warren","34211","December","2019","IA"
"2612","Washington","14338","December","2019","IA"
"2613","Wayne","3514","December","2019","IA"
"2614","Webster","23578","December","2019","IA"
"2615","Winnebago","7298","December","2019","IA"
"2616","Winneshiek","13762","December","2019","IA"
"2617","Woodbury","57782","December","2019","IA"
"2618","Worth","5201","December","2019","IA"
"2619","Wright","7674","December","2019","IA"
"2620","Allamakee","9335","February","2019","IA"
"2621","Appanoose","8173","February","2019","IA"
"2622","Audubon","4141","February","2019","IA"
"2623","Benton","17269","February","2019","IA"
"2624","Black Hawk","82934","February","2019","IA"
"2625","Boone","18445","February","2019","IA"
"2626","Bremer","16726","February","2019","IA"
"2627","Buchanan","13241","February","2019","IA"
"2628","Buena Vista","11454","February","2019","IA"
"2629","Butler","9764","February","2019","IA"
"2630","Calhoun","6433","February","2019","IA"
"2631","Carroll","13954","February","2019","IA"
"2632","Cass","9072","February","2019","IA"
"2633","Cedar","12015","February","2019","IA"
"2634","Cerro Gordo","29669","February","2019","IA"
"2635","Cherokee","7961","February","2019","IA"
"2636","Chickasaw","8168","February","2019","IA"
"2637","Clarke","5704","February","2019","IA"
"2638","Clay","11058","February","2019","IA"
"2639","Clayton","11590","February","2019","IA"
"2640","Clinton","31221","February","2019","IA"
"2641","Crawford","9524","February","2019","IA"
"2642","Dallas","58653","February","2019","IA"
"2643","Davis","4868","February","2019","IA"
"2644","Decatur","4541","February","2019","IA"
"2645","Delaware","11467","February","2019","IA"
"2646","Des Moines","26301","February","2019","IA"
"2647","Dickinson","13007","February","2019","IA"
"2648","Dubuque","65607","February","2019","IA"
"2649","Emmet","6308","February","2019","IA"
"2650","Fayette","11865","February","2019","IA"
"2651","Floyd","10399","February","2019","IA"
"2652","Franklin","6358","February","2019","IA"
"2653","Fremont","4818","February","2019","IA"
"2654","Greene","6282","February","2019","IA"
"2655","Grundy","8577","February","2019","IA"
"2656","Guthrie","7601","February","2019","IA"
"2657","Hamilton","9815","February","2019","IA"
"2658","Hancock","7499","February","2019","IA"
"2659","Hardin","11066","February","2019","IA"
"2660","Harrison","8654","February","2019","IA"
"2661","Henry","12656","February","2019","IA"
"2662","Howard","5876","February","2019","IA"
"2663","Humboldt","6307","February","2019","IA"
"2664","Ida","4698","February","2019","IA"
"2665","Iowa","11626","February","2019","IA"
"2666","Jackson","14063","February","2019","IA"
"2667","Jasper","25000","February","2019","IA"
"2668","Jefferson","10520","February","2019","IA"
"2669","Johnson","97239","February","2019","IA"
"2670","Jones","13142","February","2019","IA"
"2671","Keokuk","6488","February","2019","IA"
"2672","Kossuth","10838","February","2019","IA"
"2673","Lee","21690","February","2019","IA"
"2674","Linn","146584","February","2019","IA"
"2675","Louisa","6802","February","2019","IA"
"2676","Lucas","5601","February","2019","IA"
"2677","Lyon","8085","February","2019","IA"
"2678","Madison","11057","February","2019","IA"
"2679","Mahaska","13848","February","2019","IA"
"2680","Marion","22659","February","2019","IA"
"2681","Marshall","23350","February","2019","IA"
"2682","Mills","10278","February","2019","IA"
"2683","Mitchell","6922","February","2019","IA"
"2684","Monona","5902","February","2019","IA"
"2685","Monroe","4790","February","2019","IA"
"2686","Montgomery","6958","February","2019","IA"
"2687","Muscatine","26703","February","2019","IA"
"2688","O'Brien","9383","February","2019","IA"
"2689","Osceola","4077","February","2019","IA"
"2690","Page","9498","February","2019","IA"
"2691","Palo Alto","6073","February","2019","IA"
"2692","Plymouth","17027","February","2019","IA"
"2693","Pocahontas","4843","February","2019","IA"
"2694","Polk","295678","February","2019","IA"
"2695","Pottawattamie","57968","February","2019","IA"
"2696","Poweshiek","13164","February","2019","IA"
"2697","Ringgold","3122","February","2019","IA"
"2698","Sac","6906","February","2019","IA"
"2699","Scott","116455","February","2019","IA"
"2700","Shelby","8081","February","2019","IA"
"2701","Sioux","21533","February","2019","IA"
"2702","Story","64046","February","2019","IA"
"2703","Tama","11241","February","2019","IA"
"2704","Taylor","3803","February","2019","IA"
"2705","Union","7689","February","2019","IA"
"2706","Van Buren","4725","February","2019","IA"
"2707","Wapello","20394","February","2019","IA"
"2708","Warren","34244","February","2019","IA"
"2709","Washington","14347","February","2019","IA"
"2710","Wayne","3595","February","2019","IA"
"2711","Webster","24157","February","2019","IA"
"2712","Winnebago","7372","February","2019","IA"
"2713","Winneshiek","14268","February","2019","IA"
"2714","Woodbury","58441","February","2019","IA"
"2715","Worth","5340","February","2019","IA"
"2716","Wright","7805","February","2019","IA"
"2717","Allamakee","9327","January","2019","IA"
"2718","Appanoose","8162","January","2019","IA"
"2719","Audubon","4144","January","2019","IA"
"2720","Benton","17253","January","2019","IA"
"2721","Black Hawk","82970","January","2019","IA"
"2722","Boone","18416","January","2019","IA"
"2723","Bremer","16709","January","2019","IA"
"2724","Buchanan","13224","January","2019","IA"
"2725","Buena Vista","11458","January","2019","IA"
"2726","Butler","9760","January","2019","IA"
"2727","Calhoun","6450","January","2019","IA"
"2728","Carroll","13935","January","2019","IA"
"2729","Cass","9073","January","2019","IA"
"2730","Cedar","12022","January","2019","IA"
"2731","Cerro Gordo","29853","January","2019","IA"
"2732","Cherokee","7965","January","2019","IA"
"2733","Chickasaw","8180","January","2019","IA"
"2734","Clarke","5704","January","2019","IA"
"2735","Clay","11037","January","2019","IA"
"2736","Clayton","11598","January","2019","IA"
"2737","Clinton","31201","January","2019","IA"
"2738","Crawford","9522","January","2019","IA"
"2739","Dallas","58548","January","2019","IA"
"2740","Davis","4864","January","2019","IA"
"2741","Decatur","4556","January","2019","IA"
"2742","Delaware","11461","January","2019","IA"
"2743","Des Moines","26289","January","2019","IA"
"2744","Dickinson","13007","January","2019","IA"
"2745","Dubuque","65582","January","2019","IA"
"2746","Emmet","6307","January","2019","IA"
"2747","Fayette","11880","January","2019","IA"
"2748","Floyd","10398","January","2019","IA"
"2749","Franklin","6355","January","2019","IA"
"2750","Fremont","4813","January","2019","IA"
"2751","Greene","6298","January","2019","IA"
"2752","Grundy","8587","January","2019","IA"
"2753","Guthrie","7531","January","2019","IA"
"2754","Hamilton","9809","January","2019","IA"
"2755","Hancock","7503","January","2019","IA"
"2756","Hardin","11086","January","2019","IA"
"2757","Harrison","8670","January","2019","IA"
"2758","Henry","12684","January","2019","IA"
"2759","Howard","5876","January","2019","IA"
"2760","Humboldt","6310","January","2019","IA"
"2761","Ida","4694","January","2019","IA"
"2762","Iowa","11619","January","2019","IA"
"2763","Jackson","14065","January","2019","IA"
"2764","Jasper","24935","January","2019","IA"
"2765","Jefferson","10496","January","2019","IA"
"2766","Johnson","97177","January","2019","IA"
"2767","Jones","13137","January","2019","IA"
"2768","Keokuk","6484","January","2019","IA"
"2769","Kossuth","10833","January","2019","IA"
"2770","Lee","21685","January","2019","IA"
"2771","Linn","146465","January","2019","IA"
"2772","Louisa","6799","January","2019","IA"
"2773","Lucas","5590","January","2019","IA"
"2774","Lyon","8059","January","2019","IA"
"2775","Madison","11054","January","2019","IA"
"2776","Mahaska","13878","January","2019","IA"
"2777","Marion","22676","January","2019","IA"
"2778","Marshall","23354","January","2019","IA"
"2779","Mills","10250","January","2019","IA"
"2780","Mitchell","6920","January","2019","IA"
"2781","Monona","5945","January","2019","IA"
"2782","Monroe","4782","January","2019","IA"
"2783","Montgomery","6956","January","2019","IA"
"2784","Muscatine","26691","January","2019","IA"
"2785","O'Brien","9347","January","2019","IA"
"2786","Osceola","4084","January","2019","IA"
"2787","Page","9500","January","2019","IA"
"2788","Palo Alto","6085","January","2019","IA"
"2789","Plymouth","17020","January","2019","IA"
"2790","Pocahontas","4836","January","2019","IA"
"2791","Polk","295616","January","2019","IA"
"2792","Pottawattamie","57885","January","2019","IA"
"2793","Poweshiek","13138","January","2019","IA"
"2794","Ringgold","3119","January","2019","IA"
"2795","Sac","6910","January","2019","IA"
"2796","Scott","116380","January","2019","IA"
"2797","Shelby","8078","January","2019","IA"
"2798","Sioux","21518","January","2019","IA"
"2799","Story","64038","January","2019","IA"
"2800","Tama","11246","January","2019","IA"
"2801","Taylor","3804","January","2019","IA"
"2802","Union","7679","January","2019","IA"
"2803","Van Buren","4718","January","2019","IA"
"2804","Wapello","20386","January","2019","IA"
"2805","Warren","34186","January","2019","IA"
"2806","Washington","14322","January","2019","IA"
"2807","Wayne","3602","January","2019","IA"
"2808","Webster","24158","January","2019","IA"
"2809","Winnebago","7362","January","2019","IA"
"2810","Winneshiek","14293","January","2019","IA"
"2811","Woodbury","58390","January","2019","IA"
"2812","Worth","5339","January","2019","IA"
"2813","Wright","7803","January","2019","IA"
"2814","Allamakee","9120","July","2019","IA"
"2815","Appanoose","7971","July","2019","IA"
"2816","Audubon","4043","July","2019","IA"
"2817","Benton","17035","July","2019","IA"
"2818","Black Hawk","81186","July","2019","IA"
"2819","Boone","18069","July","2019","IA"
"2820","Bremer","16518","July","2019","IA"
"2821","Buchanan","13033","July","2019","IA"
"2822","Buena Vista","11219","July","2019","IA"
"2823","Butler","9559","July","2019","IA"
"2824","Calhoun","6349","July","2019","IA"
"2825","Carroll","13824","July","2019","IA"
"2826","Cass","8912","July","2019","IA"
"2827","Cedar","11769","July","2019","IA"
"2828","Cerro Gordo","28917","July","2019","IA"
"2829","Cherokee","7793","July","2019","IA"
"2830","Chickasaw","8054","July","2019","IA"
"2831","Clarke","5568","July","2019","IA"
"2832","Clay","10875","July","2019","IA"
"2833","Clayton","11445","July","2019","IA"
"2834","Clinton","30751","July","2019","IA"
"2835","Crawford","9273","July","2019","IA"
"2836","Dallas","57692","July","2019","IA"
"2837","Davis","4773","July","2019","IA"
"2838","Decatur","4390","July","2019","IA"
"2839","Delaware","11359","July","2019","IA"
"2840","Des Moines","25860","July","2019","IA"
"2841","Dickinson","12759","July","2019","IA"
"2842","Dubuque","64371","July","2019","IA"
"2843","Emmet","6159","July","2019","IA"
"2844","Fayette","11612","July","2019","IA"
"2845","Floyd","10211","July","2019","IA"
"2846","Franklin","6258","July","2019","IA"
"2847","Fremont","4693","July","2019","IA"
"2848","Greene","6151","July","2019","IA"
"2849","Grundy","8502","July","2019","IA"
"2850","Guthrie","7481","July","2019","IA"
"2851","Hamilton","9706","July","2019","IA"
"2852","Hancock","7345","July","2019","IA"
"2853","Hardin","10907","July","2019","IA"
"2854","Harrison","8325","July","2019","IA"
"2855","Henry","12464","July","2019","IA"
"2856","Howard","5753","July","2019","IA"
"2857","Humboldt","6180","July","2019","IA"
"2858","Ida","4660","July","2019","IA"
"2859","Iowa","11442","July","2019","IA"
"2860","Jackson","13893","July","2019","IA"
"2861","Jasper","24828","July","2019","IA"
"2862","Jefferson","10254","July","2019","IA"
"2863","Johnson","94405","July","2019","IA"
"2864","Jones","12958","July","2019","IA"
"2865","Keokuk","6384","July","2019","IA"
"2866","Kossuth","10643","July","2019","IA"
"2867","Lee","21244","July","2019","IA"
"2868","Linn","144570","July","2019","IA"
"2869","Louisa","6680","July","2019","IA"
"2870","Lucas","5536","July","2019","IA"
"2871","Lyon","8012","July","2019","IA"
"2872","Madison","10790","July","2019","IA"
"2873","Mahaska","13615","July","2019","IA"
"2874","Marion","22384","July","2019","IA"
"2875","Marshall","22859","July","2019","IA"
"2876","Mills","10275","July","2019","IA"
"2877","Mitchell","6783","July","2019","IA"
"2878","Monona","5801","July","2019","IA"
"2879","Monroe","4672","July","2019","IA"
"2880","Montgomery","6789","July","2019","IA"
"2881","Muscatine","26209","July","2019","IA"
"2882","O'Brien","9191","July","2019","IA"
"2883","Osceola","3980","July","2019","IA"
"2884","Page","9326","July","2019","IA"
"2885","Palo Alto","5937","July","2019","IA"
"2886","Plymouth","16783","July","2019","IA"
"2887","Pocahontas","4732","July","2019","IA"
"2888","Polk","290728","July","2019","IA"
"2889","Pottawattamie","57124","July","2019","IA"
"2890","Poweshiek","12731","July","2019","IA"
"2891","Ringgold","3043","July","2019","IA"
"2892","Sac","6796","July","2019","IA"
"2893","Scott","113995","July","2019","IA"
"2894","Shelby","7854","July","2019","IA"
"2895","Sioux","21284","July","2019","IA"
"2896","Story","61591","July","2019","IA"
"2897","Tama","11027","July","2019","IA"
"2898","Taylor","3709","July","2019","IA"
"2899","Union","7519","July","2019","IA"
"2900","Van Buren","4594","July","2019","IA"
"2901","Wapello","19845","July","2019","IA"
"2902","Warren","33774","July","2019","IA"
"2903","Washington","14151","July","2019","IA"
"2904","Wayne","3505","July","2019","IA"
"2905","Webster","23447","July","2019","IA"
"2906","Winnebago","7243","July","2019","IA"
"2907","Winneshiek","13976","July","2019","IA"
"2908","Woodbury","57433","July","2019","IA"
"2909","Worth","5258","July","2019","IA"
"2910","Wright","7654","July","2019","IA"
"2911","Allamakee","9131","June","2019","IA"
"2912","Appanoose","7962","June","2019","IA"
"2913","Audubon","4040","June","2019","IA"
"2914","Benton","17006","June","2019","IA"
"2915","Black Hawk","81019","June","2019","IA"
"2916","Boone","18042","June","2019","IA"
"2917","Bremer","16482","June","2019","IA"
"2918","Buchanan","13013","June","2019","IA"
"2919","Buena Vista","11208","June","2019","IA"
"2920","Butler","9551","June","2019","IA"
"2921","Calhoun","6328","June","2019","IA"
"2922","Carroll","13787","June","2019","IA"
"2923","Cass","8912","June","2019","IA"
"2924","Cedar","11762","June","2019","IA"
"2925","Cerro Gordo","28884","June","2019","IA"
"2926","Cherokee","7793","June","2019","IA"
"2927","Chickasaw","8053","June","2019","IA"
"2928","Clarke","5561","June","2019","IA"
"2929","Clay","10858","June","2019","IA"
"2930","Clayton","11460","June","2019","IA"
"2931","Clinton","30661","June","2019","IA"
"2932","Crawford","9288","June","2019","IA"
"2933","Dallas","57400","June","2019","IA"
"2934","Davis","4780","June","2019","IA"
"2935","Decatur","4396","June","2019","IA"
"2936","Delaware","11339","June","2019","IA"
"2937","Des Moines","25818","June","2019","IA"
"2938","Dickinson","12705","June","2019","IA"
"2939","Dubuque","64265","June","2019","IA"
"2940","Emmet","6166","June","2019","IA"
"2941","Fayette","11622","June","2019","IA"
"2942","Floyd","10189","June","2019","IA"
"2943","Franklin","6294","June","2019","IA"
"2944","Fremont","4695","June","2019","IA"
"2945","Greene","6149","June","2019","IA"
"2946","Grundy","8501","June","2019","IA"
"2947","Guthrie","7452","June","2019","IA"
"2948","Hamilton","9693","June","2019","IA"
"2949","Hancock","7343","June","2019","IA"
"2950","Hardin","10891","June","2019","IA"
"2951","Harrison","8304","June","2019","IA"
"2952","Henry","12419","June","2019","IA"
"2953","Howard","5748","June","2019","IA"
"2954","Humboldt","6185","June","2019","IA"
"2955","Ida","4645","June","2019","IA"
"2956","Iowa","11436","June","2019","IA"
"2957","Jackson","13849","June","2019","IA"
"2958","Jasper","24819","June","2019","IA"
"2959","Jefferson","10251","June","2019","IA"
"2960","Johnson","94232","June","2019","IA"
"2961","Jones","12921","June","2019","IA"
"2962","Keokuk","6373","June","2019","IA"
"2963","Kossuth","10631","June","2019","IA"
"2964","Lee","21217","June","2019","IA"
"2965","Linn","144232","June","2019","IA"
"2966","Louisa","6674","June","2019","IA"
"2967","Lucas","5521","June","2019","IA"
"2968","Lyon","7998","June","2019","IA"
"2969","Madison","10801","June","2019","IA"
"2970","Mahaska","13580","June","2019","IA"
"2971","Marion","22346","June","2019","IA"
"2972","Marshall","22817","June","2019","IA"
"2973","Mills","10248","June","2019","IA"
"2974","Mitchell","6786","June","2019","IA"
"2975","Monona","5781","June","2019","IA"
"2976","Monroe","4668","June","2019","IA"
"2977","Montgomery","6791","June","2019","IA"
"2978","Muscatine","26142","June","2019","IA"
"2979","O'Brien","9191","June","2019","IA"
"2980","Osceola","3979","June","2019","IA"
"2981","Page","9297","June","2019","IA"
"2982","Palo Alto","5941","June","2019","IA"
"2983","Plymouth","16753","June","2019","IA"
"2984","Pocahontas","4729","June","2019","IA"
"2985","Polk","290147","June","2019","IA"
"2986","Pottawattamie","56973","June","2019","IA"
"2987","Poweshiek","12731","June","2019","IA"
"2988","Ringgold","3046","June","2019","IA"
"2989","Sac","6787","June","2019","IA"
"2990","Scott","113696","June","2019","IA"
"2991","Shelby","7847","June","2019","IA"
"2992","Sioux","21237","June","2019","IA"
"2993","Story","61443","June","2019","IA"
"2994","Tama","11027","June","2019","IA"
"2995","Taylor","3712","June","2019","IA"
"2996","Union","7499","June","2019","IA"
"2997","Van Buren","4598","June","2019","IA"
"2998","Wapello","19856","June","2019","IA"
"2999","Warren","33675","June","2019","IA"
"3000","Washington","14124","June","2019","IA"
"3001","Wayne","3495","June","2019","IA"
"3002","Webster","23418","June","2019","IA"
"3003","Winnebago","7224","June","2019","IA"
"3004","Winneshiek","13975","June","2019","IA"
"3005","Woodbury","57279","June","2019","IA"
"3006","Worth","5247","June","2019","IA"
"3007","Wright","7655","June","2019","IA"
"3008","Allamakee","9210","March","2019","IA"
"3009","Appanoose","8036","March","2019","IA"
"3010","Audubon","4056","March","2019","IA"
"3011","Benton","17066","March","2019","IA"
"3012","Black Hawk","81663","March","2019","IA"
"3013","Boone","18094","March","2019","IA"
"3014","Bremer","16537","March","2019","IA"
"3015","Buchanan","13073","March","2019","IA"
"3016","Buena Vista","11305","March","2019","IA"
"3017","Butler","9639","March","2019","IA"
"3018","Calhoun","6351","March","2019","IA"
"3019","Carroll","13791","March","2019","IA"
"3020","Cass","8965","March","2019","IA"
"3021","Cedar","11841","March","2019","IA"
"3022","Cerro Gordo","29160","March","2019","IA"
"3023","Cherokee","7871","March","2019","IA"
"3024","Chickasaw","8066","March","2019","IA"
"3025","Clarke","5586","March","2019","IA"
"3026","Clay","10908","March","2019","IA"
"3027","Clayton","11482","March","2019","IA"
"3028","Clinton","30819","March","2019","IA"
"3029","Crawford","9396","March","2019","IA"
"3030","Dallas","57083","March","2019","IA"
"3031","Davis","4790","March","2019","IA"
"3032","Decatur","4491","March","2019","IA"
"3033","Delaware","11350","March","2019","IA"
"3034","Des Moines","25978","March","2019","IA"
"3035","Dickinson","12805","March","2019","IA"
"3036","Dubuque","64793","March","2019","IA"
"3037","Emmet","6240","March","2019","IA"
"3038","Fayette","11724","March","2019","IA"
"3039","Floyd","10239","March","2019","IA"
"3040","Franklin","6305","March","2019","IA"
"3041","Fremont","4746","March","2019","IA"
"3042","Greene","6207","March","2019","IA"
"3043","Grundy","8478","March","2019","IA"
"3044","Guthrie","7477","March","2019","IA"
"3045","Hamilton","9702","March","2019","IA"
"3046","Hancock","7402","March","2019","IA"
"3047","Hardin","10902","March","2019","IA"
"3048","Harrison","8505","March","2019","IA"
"3049","Henry","12456","March","2019","IA"
"3050","Howard","5803","March","2019","IA"
"3051","Humboldt","6194","March","2019","IA"
"3052","Ida","4653","March","2019","IA"
"3053","Iowa","11487","March","2019","IA"
"3054","Jackson","13876","March","2019","IA"
"3055","Jasper","24648","March","2019","IA"
"3056","Jefferson","10354","March","2019","IA"
"3057","Johnson","95023","March","2019","IA"
"3058","Jones","12998","March","2019","IA"
"3059","Keokuk","6400","March","2019","IA"
"3060","Kossuth","10713","March","2019","IA"
"3061","Lee","21397","March","2019","IA"
"3062","Linn","144374","March","2019","IA"
"3063","Louisa","6710","March","2019","IA"
"3064","Lucas","5520","March","2019","IA"
"3065","Lyon","8007","March","2019","IA"
"3066","Madison","10868","March","2019","IA"
"3067","Mahaska","13618","March","2019","IA"
"3068","Marion","22400","March","2019","IA"
"3069","Marshall","23027","March","2019","IA"
"3070","Mills","10285","March","2019","IA"
"3071","Mitchell","6839","March","2019","IA"
"3072","Monona","5763","March","2019","IA"
"3073","Monroe","4724","March","2019","IA"
"3074","Montgomery","6834","March","2019","IA"
"3075","Muscatine","26275","March","2019","IA"
"3076","O'Brien","9211","March","2019","IA"
"3077","Osceola","4030","March","2019","IA"
"3078","Page","9346","March","2019","IA"
"3079","Palo Alto","6005","March","2019","IA"
"3080","Plymouth","16799","March","2019","IA"
"3081","Pocahontas","4772","March","2019","IA"
"3082","Polk","291226","March","2019","IA"
"3083","Pottawattamie","57010","March","2019","IA"
"3084","Poweshiek","12946","March","2019","IA"
"3085","Ringgold","3077","March","2019","IA"
"3086","Sac","6855","March","2019","IA"
"3087","Scott","114251","March","2019","IA"
"3088","Shelby","7972","March","2019","IA"
"3089","Sioux","21313","March","2019","IA"
"3090","Story","62660","March","2019","IA"
"3091","Tama","11082","March","2019","IA"
"3092","Taylor","3753","March","2019","IA"
"3093","Union","7556","March","2019","IA"
"3094","Van Buren","4652","March","2019","IA"
"3095","Wapello","20154","March","2019","IA"
"3096","Warren","33730","March","2019","IA"
"3097","Washington","14182","March","2019","IA"
"3098","Wayne","3549","March","2019","IA"
"3099","Webster","23672","March","2019","IA"
"3100","Winnebago","7265","March","2019","IA"
"3101","Winneshiek","14109","March","2019","IA"
"3102","Woodbury","57662","March","2019","IA"
"3103","Worth","5341","March","2019","IA"
"3104","Wright","7686","March","2019","IA"
"3105","Allamakee","9210","May","2019","IA"
"3106","Appanoose","7968","May","2019","IA"
"3107","Audubon","4044","May","2019","IA"
"3108","Benton","17036","May","2019","IA"
"3109","Black Hawk","81437","May","2019","IA"
"3110","Boone","18128","May","2019","IA"
"3111","Bremer","16578","May","2019","IA"
"3112","Buchanan","13039","May","2019","IA"
"3113","Buena Vista","11346","May","2019","IA"
"3114","Butler","9586","May","2019","IA"
"3115","Calhoun","6356","May","2019","IA"
"3116","Carroll","13831","May","2019","IA"
"3117","Cass","8947","May","2019","IA"
"3118","Cedar","11811","May","2019","IA"
"3119","Cerro Gordo","29165","May","2019","IA"
"3120","Cherokee","7809","May","2019","IA"
"3121","Chickasaw","8070","May","2019","IA"
"3122","Clarke","5574","May","2019","IA"
"3123","Clay","10879","May","2019","IA"
"3124","Clayton","11458","May","2019","IA"
"3125","Clinton","30706","May","2019","IA"
"3126","Crawford","9330","May","2019","IA"
"3127","Dallas","57285","May","2019","IA"
"3128","Davis","4797","May","2019","IA"
"3129","Decatur","4412","May","2019","IA"
"3130","Delaware","11335","May","2019","IA"
"3131","Des Moines","25882","May","2019","IA"
"3132","Dickinson","12710","May","2019","IA"
"3133","Dubuque","64626","May","2019","IA"
"3134","Emmet","6241","May","2019","IA"
"3135","Fayette","11726","May","2019","IA"
"3136","Floyd","10217","May","2019","IA"
"3137","Franklin","6308","May","2019","IA"
"3138","Fremont","4723","May","2019","IA"
"3139","Greene","6204","May","2019","IA"
"3140","Grundy","8512","May","2019","IA"
"3141","Guthrie","7496","May","2019","IA"
"3142","Hamilton","9686","May","2019","IA"
"3143","Hancock","7369","May","2019","IA"
"3144","Hardin","10924","May","2019","IA"
"3145","Harrison","8561","May","2019","IA"
"3146","Henry","12455","May","2019","IA"
"3147","Howard","5759","May","2019","IA"
"3148","Humboldt","6178","May","2019","IA"
"3149","Ida","4639","May","2019","IA"
"3150","Iowa","11458","May","2019","IA"
"3151","Jackson","13899","May","2019","IA"
"3152","Jasper","24766","May","2019","IA"
"3153","Jefferson","10287","May","2019","IA"
"3154","Johnson","94666","May","2019","IA"
"3155","Jones","12953","May","2019","IA"
"3156","Keokuk","6382","May","2019","IA"
"3157","Kossuth","10698","May","2019","IA"
"3158","Lee","21292","May","2019","IA"
"3159","Linn","144353","May","2019","IA"
"3160","Louisa","6697","May","2019","IA"
"3161","Lucas","5531","May","2019","IA"
"3162","Lyon","7997","May","2019","IA"
"3163","Madison","10811","May","2019","IA"
"3164","Mahaska","13655","May","2019","IA"
"3165","Marion","22471","May","2019","IA"
"3166","Marshall","23046","May","2019","IA"
"3167","Mills","10282","May","2019","IA"
"3168","Mitchell","6827","May","2019","IA"
"3169","Monona","5776","May","2019","IA"
"3170","Monroe","4726","May","2019","IA"
"3171","Montgomery","6801","May","2019","IA"
"3172","Muscatine","26383","May","2019","IA"
"3173","O'Brien","9225","May","2019","IA"
"3174","Osceola","4002","May","2019","IA"
"3175","Page","9343","May","2019","IA"
"3176","Palo Alto","5952","May","2019","IA"
"3177","Plymouth","16774","May","2019","IA"
"3178","Pocahontas","4750","May","2019","IA"
"3179","Polk","290630","May","2019","IA"
"3180","Pottawattamie","57176","May","2019","IA"
"3181","Poweshiek","12997","May","2019","IA"
"3182","Ringgold","3057","May","2019","IA"
"3183","Sac","6797","May","2019","IA"
"3184","Scott","114474","May","2019","IA"
"3185","Shelby","7903","May","2019","IA"
"3186","Sioux","21288","May","2019","IA"
"3187","Story","62793","May","2019","IA"
"3188","Tama","11046","May","2019","IA"
"3189","Taylor","3723","May","2019","IA"
"3190","Union","7563","May","2019","IA"
"3191","Van Buren","4628","May","2019","IA"
"3192","Wapello","19964","May","2019","IA"
"3193","Warren","33641","May","2019","IA"
"3194","Washington","14159","May","2019","IA"
"3195","Wayne","3519","May","2019","IA"
"3196","Webster","23467","May","2019","IA"
"3197","Winnebago","7252","May","2019","IA"
"3198","Winneshiek","14102","May","2019","IA"
"3199","Woodbury","57511","May","2019","IA"
"3200","Worth","5327","May","2019","IA"
"3201","Wright","7657","May","2019","IA"
"3202","Allamakee","9160","November","2019","IA"
"3203","Appanoose","7982","November","2019","IA"
"3204","Audubon","4071","November","2019","IA"
"3205","Benton","17022","November","2019","IA"
"3206","Black Hawk","81888","November","2019","IA"
"3207","Boone","18203","November","2019","IA"
"3208","Bremer","16523","November","2019","IA"
"3209","Buchanan","13103","November","2019","IA"
"3210","Buena Vista","11336","November","2019","IA"
"3211","Butler","9530","November","2019","IA"
"3212","Calhoun","6377","November","2019","IA"
"3213","Carroll","13869","November","2019","IA"
"3214","Cass","8991","November","2019","IA"
"3215","Cedar","11836","November","2019","IA"
"3216","Cerro Gordo","28912","November","2019","IA"
"3217","Cherokee","7742","November","2019","IA"
"3218","Chickasaw","8005","November","2019","IA"
"3219","Clarke","5636","November","2019","IA"
"3220","Clay","10915","November","2019","IA"
"3221","Clayton","11392","November","2019","IA"
"3222","Clinton","30777","November","2019","IA"
"3223","Crawford","9335","November","2019","IA"
"3224","Dallas","58608","November","2019","IA"
"3225","Davis","4806","November","2019","IA"
"3226","Decatur","4406","November","2019","IA"
"3227","Delaware","11361","November","2019","IA"
"3228","Des Moines","25843","November","2019","IA"
"3229","Dickinson","12827","November","2019","IA"
"3230","Dubuque","64239","November","2019","IA"
"3231","Emmet","6176","November","2019","IA"
"3232","Fayette","11643","November","2019","IA"
"3233","Floyd","10297","November","2019","IA"
"3234","Franklin","6231","November","2019","IA"
"3235","Fremont","4676","November","2019","IA"
"3236","Greene","6197","November","2019","IA"
"3237","Grundy","8508","November","2019","IA"
"3238","Guthrie","7543","November","2019","IA"
"3239","Hamilton","9698","November","2019","IA"
"3240","Hancock","7328","November","2019","IA"
"3241","Hardin","11004","November","2019","IA"
"3242","Harrison","8363","November","2019","IA"
"3243","Henry","12588","November","2019","IA"
"3244","Howard","5753","November","2019","IA"
"3245","Humboldt","6208","November","2019","IA"
"3246","Ida","4709","November","2019","IA"
"3247","Iowa","11448","November","2019","IA"
"3248","Jackson","13986","November","2019","IA"
"3249","Jasper","25055","November","2019","IA"
"3250","Jefferson","10318","November","2019","IA"
"3251","Johnson","95485","November","2019","IA"
"3252","Jones","13018","November","2019","IA"
"3253","Keokuk","6379","November","2019","IA"
"3254","Kossuth","10632","November","2019","IA"
"3255","Lee","21201","November","2019","IA"
"3256","Linn","145516","November","2019","IA"
"3257","Louisa","6718","November","2019","IA"
"3258","Lucas","5545","November","2019","IA"
"3259","Lyon","8070","November","2019","IA"
"3260","Madison","10845","November","2019","IA"
"3261","Mahaska","13677","November","2019","IA"
"3262","Marion","22457","November","2019","IA"
"3263","Marshall","23004","November","2019","IA"
"3264","Mills","10329","November","2019","IA"
"3265","Mitchell","6858","November","2019","IA"
"3266","Monona","5741","November","2019","IA"
"3267","Monroe","4666","November","2019","IA"
"3268","Montgomery","6797","November","2019","IA"
"3269","Muscatine","26487","November","2019","IA"
"3270","O'Brien","9206","November","2019","IA"
"3271","Osceola","4011","November","2019","IA"
"3272","Page","9393","November","2019","IA"
"3273","Palo Alto","5913","November","2019","IA"
"3274","Plymouth","16843","November","2019","IA"
"3275","Pocahontas","4743","November","2019","IA"
"3276","Polk","292897","November","2019","IA"
"3277","Pottawattamie","57472","November","2019","IA"
"3278","Poweshiek","12911","November","2019","IA"
"3279","Ringgold","3034","November","2019","IA"
"3280","Sac","6850","November","2019","IA"
"3281","Scott","114383","November","2019","IA"
"3282","Shelby","7851","November","2019","IA"
"3283","Sioux","21445","November","2019","IA"
"3284","Story","63313","November","2019","IA"
"3285","Tama","10987","November","2019","IA"
"3286","Taylor","3727","November","2019","IA"
"3287","Union","7584","November","2019","IA"
"3288","Van Buren","4615","November","2019","IA"
"3289","Wapello","20005","November","2019","IA"
"3290","Warren","33979","November","2019","IA"
"3291","Washington","14245","November","2019","IA"
"3292","Wayne","3504","November","2019","IA"
"3293","Webster","23531","November","2019","IA"
"3294","Winnebago","7275","November","2019","IA"
"3295","Winneshiek","13732","November","2019","IA"
"3296","Woodbury","57689","November","2019","IA"
"3297","Worth","5190","November","2019","IA"
"3298","Wright","7664","November","2019","IA"
"3299","Allamakee","9118","October","2019","IA"
"3300","Appanoose","7982","October","2019","IA"
"3301","Audubon","4060","October","2019","IA"
"3302","Benton","17022","October","2019","IA"
"3303","Black Hawk","81774","October","2019","IA"
"3304","Boone","18109","October","2019","IA"
"3305","Bremer","16497","October","2019","IA"
"3306","Buchanan","13072","October","2019","IA"
"3307","Buena Vista","11330","October","2019","IA"
"3308","Butler","9525","October","2019","IA"
"3309","Calhoun","6352","October","2019","IA"
"3310","Carroll","13853","October","2019","IA"
"3311","Cass","8980","October","2019","IA"
"3312","Cedar","11820","October","2019","IA"
"3313","Cerro Gordo","28818","October","2019","IA"
"3314","Cherokee","7730","October","2019","IA"
"3315","Chickasaw","8014","October","2019","IA"
"3316","Clarke","5633","October","2019","IA"
"3317","Clay","10902","October","2019","IA"
"3318","Clayton","11400","October","2019","IA"
"3319","Clinton","30719","October","2019","IA"
"3320","Crawford","9324","October","2019","IA"
"3321","Dallas","58390","October","2019","IA"
"3322","Davis","4771","October","2019","IA"
"3323","Decatur","4399","October","2019","IA"
"3324","Delaware","11350","October","2019","IA"
"3325","Des Moines","25803","October","2019","IA"
"3326","Dickinson","12836","October","2019","IA"
"3327","Dubuque","64079","October","2019","IA"
"3328","Emmet","6175","October","2019","IA"
"3329","Fayette","11623","October","2019","IA"
"3330","Floyd","10237","October","2019","IA"
"3331","Franklin","6231","October","2019","IA"
"3332","Fremont","4674","October","2019","IA"
"3333","Greene","6184","October","2019","IA"
"3334","Grundy","8496","October","2019","IA"
"3335","Guthrie","7519","October","2019","IA"
"3336","Hamilton","9688","October","2019","IA"
"3337","Hancock","7327","October","2019","IA"
"3338","Hardin","10904","October","2019","IA"
"3339","Harrison","8305","October","2019","IA"
"3340","Henry","12592","October","2019","IA"
"3341","Howard","5744","October","2019","IA"
"3342","Humboldt","6187","October","2019","IA"
"3343","Ida","4718","October","2019","IA"
"3344","Iowa","11441","October","2019","IA"
"3345","Jackson","14003","October","2019","IA"
"3346","Jasper","25031","October","2019","IA"
"3347","Jefferson","10290","October","2019","IA"
"3348","Johnson","95211","October","2019","IA"
"3349","Jones","12997","October","2019","IA"
"3350","Keokuk","6377","October","2019","IA"
"3351","Kossuth","10608","October","2019","IA"
"3352","Lee","21191","October","2019","IA"
"3353","Linn","145198","October","2019","IA"
"3354","Louisa","6705","October","2019","IA"
"3355","Lucas","5558","October","2019","IA"
"3356","Lyon","8052","October","2019","IA"
"3357","Madison","10838","October","2019","IA"
"3358","Mahaska","13677","October","2019","IA"
"3359","Marion","22409","October","2019","IA"
"3360","Marshall","22937","October","2019","IA"
"3361","Mills","10277","October","2019","IA"
"3362","Mitchell","6852","October","2019","IA"
"3363","Monona","5796","October","2019","IA"
"3364","Monroe","4663","October","2019","IA"
"3365","Montgomery","6792","October","2019","IA"
"3366","Muscatine","26360","October","2019","IA"
"3367","O'Brien","9185","October","2019","IA"
"3368","Osceola","3998","October","2019","IA"
"3369","Page","9372","October","2019","IA"
"3370","Palo Alto","5903","October","2019","IA"
"3371","Plymouth","16809","October","2019","IA"
"3372","Pocahontas","4728","October","2019","IA"
"3373","Polk","291711","October","2019","IA"
"3374","Pottawattamie","57320","October","2019","IA"
"3375","Poweshiek","12841","October","2019","IA"
"3376","Ringgold","3033","October","2019","IA"
"3377","Sac","6821","October","2019","IA"
"3378","Scott","114008","October","2019","IA"
"3379","Shelby","7838","October","2019","IA"
"3380","Sioux","21410","October","2019","IA"
"3381","Story","62847","October","2019","IA"
"3382","Tama","10991","October","2019","IA"
"3383","Taylor","3723","October","2019","IA"
"3384","Union","7575","October","2019","IA"
"3385","Van Buren","4608","October","2019","IA"
"3386","Wapello","19942","October","2019","IA"
"3387","Warren","33861","October","2019","IA"
"3388","Washington","14230","October","2019","IA"
"3389","Wayne","3508","October","2019","IA"
"3390","Webster","23471","October","2019","IA"
"3391","Winnebago","7251","October","2019","IA"
"3392","Winneshiek","13741","October","2019","IA"
"3393","Woodbury","57514","October","2019","IA"
"3394","Worth","5176","October","2019","IA"
"3395","Wright","7657","October","2019","IA"
"3396","Allamakee","9138","September","2019","IA"
"3397","Appanoose","7979","September","2019","IA"
"3398","Audubon","4047","September","2019","IA"
"3399","Benton","17000","September","2019","IA"
"3400","Black Hawk","81479","September","2019","IA"
"3401","Boone","18136","September","2019","IA"
"3402","Bremer","16574","September","2019","IA"
"3403","Buchanan","13069","September","2019","IA"
"3404","Buena Vista","11297","September","2019","IA"
"3405","Butler","9568","September","2019","IA"
"3406","Calhoun","6353","September","2019","IA"
"3407","Carroll","13865","September","2019","IA"
"3408","Cass","8963","September","2019","IA"
"3409","Cedar","11766","September","2019","IA"
"3410","Cerro Gordo","29005","September","2019","IA"
"3411","Cherokee","7739","September","2019","IA"
"3412","Chickasaw","8048","September","2019","IA"
"3413","Clarke","5588","September","2019","IA"
"3414","Clay","10959","September","2019","IA"
"3415","Clayton","11463","September","2019","IA"
"3416","Clinton","30857","September","2019","IA"
"3417","Crawford","9344","September","2019","IA"
"3418","Dallas","58177","September","2019","IA"
"3419","Davis","4789","September","2019","IA"
"3420","Decatur","4397","September","2019","IA"
"3421","Delaware","11373","September","2019","IA"
"3422","Des Moines","25927","September","2019","IA"
"3423","Dickinson","12799","September","2019","IA"
"3424","Dubuque","64344","September","2019","IA"
"3425","Emmet","6197","September","2019","IA"
"3426","Fayette","11610","September","2019","IA"
"3427","Floyd","10201","September","2019","IA"
"3428","Franklin","6250","September","2019","IA"
"3429","Fremont","4689","September","2019","IA"
"3430","Greene","6139","September","2019","IA"
"3431","Grundy","8497","September","2019","IA"
"3432","Guthrie","7513","September","2019","IA"
"3433","Hamilton","9681","September","2019","IA"
"3434","Hancock","7340","September","2019","IA"
"3435","Hardin","10898","September","2019","IA"
"3436","Harrison","8301","September","2019","IA"
"3437","Henry","12538","September","2019","IA"
"3438","Howard","5739","September","2019","IA"
"3439","Humboldt","6210","September","2019","IA"
"3440","Ida","4691","September","2019","IA"
"3441","Iowa","11481","September","2019","IA"
"3442","Jackson","13964","September","2019","IA"
"3443","Jasper","24972","September","2019","IA"
"3444","Jefferson","10263","September","2019","IA"
"3445","Johnson","95923","September","2019","IA"
"3446","Jones","13018","September","2019","IA"
"3447","Keokuk","6388","September","2019","IA"
"3448","Kossuth","10593","September","2019","IA"
"3449","Lee","21284","September","2019","IA"
"3450","Linn","145414","September","2019","IA"
"3451","Louisa","6692","September","2019","IA"
"3452","Lucas","5538","September","2019","IA"
"3453","Lyon","8058","September","2019","IA"
"3454","Madison","10813","September","2019","IA"
"3455","Mahaska","13687","September","2019","IA"
"3456","Marion","22448","September","2019","IA"
"3457","Marshall","22870","September","2019","IA"
"3458","Mills","10268","September","2019","IA"
"3459","Mitchell","6762","September","2019","IA"
"3460","Monona","5815","September","2019","IA"
"3461","Monroe","4677","September","2019","IA"
"3462","Montgomery","6811","September","2019","IA"
"3463","Muscatine","26285","September","2019","IA"
"3464","O'Brien","9209","September","2019","IA"
"3465","Osceola","4019","September","2019","IA"
"3466","Page","9366","September","2019","IA"
"3467","Palo Alto","5896","September","2019","IA"
"3468","Plymouth","16767","September","2019","IA"
"3469","Pocahontas","4725","September","2019","IA"
"3470","Polk","292407","September","2019","IA"
"3471","Pottawattamie","57353","September","2019","IA"
"3472","Poweshiek","12936","September","2019","IA"
"3473","Ringgold","3030","September","2019","IA"
"3474","Sac","6811","September","2019","IA"
"3475","Scott","114631","September","2019","IA"
"3476","Shelby","7852","September","2019","IA"
"3477","Sioux","21351","September","2019","IA"
"3478","Story","62203","September","2019","IA"
"3479","Tama","11030","September","2019","IA"
"3480","Taylor","3720","September","2019","IA"
"3481","Union","7555","September","2019","IA"
"3482","Van Buren","4606","September","2019","IA"
"3483","Wapello","19876","September","2019","IA"
"3484","Warren","33959","September","2019","IA"
"3485","Washington","14225","September","2019","IA"
"3486","Wayne","3513","September","2019","IA"
"3487","Webster","23506","September","2019","IA"
"3488","Winnebago","7280","September","2019","IA"
"3489","Winneshiek","13985","September","2019","IA"
"3490","Woodbury","57644","September","2019","IA"
"3491","Worth","5224","September","2019","IA"
"3492","Wright","7677","September","2019","IA"
"3493","Allamakee","9086","April","2020","IA"
"3494","Appanoose","7957","April","2020","IA"
"3495","Audubon","4049","April","2020","IA"
"3496","Benton","16903","April","2020","IA"
"3497","Black Hawk","80916","April","2020","IA"
"3498","Boone","18047","April","2020","IA"
"3499","Bremer","16534","April","2020","IA"
"3500","Buchanan","13099","April","2020","IA"
"3501","Buena Vista","11221","April","2020","IA"
"3502","Butler","9467","April","2020","IA"
"3503","Calhoun","6335","April","2020","IA"
"3504","Carroll","13870","April","2020","IA"
"3505","Cass","8931","April","2020","IA"
"3506","Cedar","11754","April","2020","IA"
"3507","Cerro Gordo","28736","April","2020","IA"
"3508","Cherokee","7703","April","2020","IA"
"3509","Chickasaw","7911","April","2020","IA"
"3510","Clarke","5563","April","2020","IA"
"3511","Clay","10806","April","2020","IA"
"3512","Clayton","11323","April","2020","IA"
"3513","Clinton","30655","April","2020","IA"
"3514","Crawford","9310","April","2020","IA"
"3515","Dallas","58324","April","2020","IA"
"3516","Davis","4791","April","2020","IA"
"3517","Decatur","4415","April","2020","IA"
"3518","Delaware","11290","April","2020","IA"
"3519","Des Moines","26053","April","2020","IA"
"3520","Dickinson","12799","April","2020","IA"
"3521","Dubuque","64122","April","2020","IA"
"3522","Emmet","6078","April","2020","IA"
"3523","Fayette","11538","April","2020","IA"
"3524","Floyd","10199","April","2020","IA"
"3525","Franklin","6153","April","2020","IA"
"3526","Fremont","4580","April","2020","IA"
"3527","Greene","6131","April","2020","IA"
"3528","Grundy","8446","April","2020","IA"
"3529","Guthrie","7493","April","2020","IA"
"3530","Hamilton","9624","April","2020","IA"
"3531","Hancock","7303","April","2020","IA"
"3532","Hardin","10949","April","2020","IA"
"3533","Harrison","8373","April","2020","IA"
"3534","Henry","12357","April","2020","IA"
"3535","Howard","5728","April","2020","IA"
"3536","Humboldt","6153","April","2020","IA"
"3537","Ida","4679","April","2020","IA"
"3538","Iowa","11406","April","2020","IA"
"3539","Jackson","13849","April","2020","IA"
"3540","Jasper","24849","April","2020","IA"
"3541","Jefferson","10375","April","2020","IA"
"3542","Johnson","91293","April","2020","IA"
"3543","Jones","12959","April","2020","IA"
"3544","Keokuk","6347","April","2020","IA"
"3545","Kossuth","10524","April","2020","IA"
"3546","Lee","21078","April","2020","IA"
"3547","Linn","145190","April","2020","IA"
"3548","Louisa","6710","April","2020","IA"
"3549","Lucas","5462","April","2020","IA"
"3550","Lyon","8064","April","2020","IA"
"3551","Madison","10715","April","2020","IA"
"3552","Mahaska","13585","April","2020","IA"
"3553","Marion","22315","April","2020","IA"
"3554","Marshall","22850","April","2020","IA"
"3555","Mills","10094","April","2020","IA"
"3556","Mitchell","6620","April","2020","IA"
"3557","Monona","5657","April","2020","IA"
"3558","Monroe","4656","April","2020","IA"
"3559","Montgomery","6727","April","2020","IA"
"3560","Muscatine","26367","April","2020","IA"
"3561","O'Brien","9132","April","2020","IA"
"3562","Osceola","3999","April","2020","IA"
"3563","Page","9330","April","2020","IA"
"3564","Palo Alto","5864","April","2020","IA"
"3565","Plymouth","16823","April","2020","IA"
"3566","Pocahontas","4681","April","2020","IA"
"3567","Polk","292994","April","2020","IA"
"3568","Pottawattamie","57205","April","2020","IA"
"3569","Poweshiek","13009","April","2020","IA"
"3570","Ringgold","3016","April","2020","IA"
"3571","Sac","6810","April","2020","IA"
"3572","Scott","113955","April","2020","IA"
"3573","Shelby","7823","April","2020","IA"
"3574","Sioux","21426","April","2020","IA"
"3575","Story","62894","April","2020","IA"
"3576","Tama","10932","April","2020","IA"
"3577","Taylor","3728","April","2020","IA"
"3578","Union","7523","April","2020","IA"
"3579","Van Buren","4608","April","2020","IA"
"3580","Wapello","19945","April","2020","IA"
"3581","Warren","33951","April","2020","IA"
"3582","Washington","14185","April","2020","IA"
"3583","Wayne","3483","April","2020","IA"
"3584","Webster","23309","April","2020","IA"
"3585","Winnebago","7194","April","2020","IA"
"3586","Winneshiek","13664","April","2020","IA"
"3587","Woodbury","57305","April","2020","IA"
"3588","Worth","5108","April","2020","IA"
"3589","Wright","7590","April","2020","IA"
"3590","Allamakee","9126","August","2020","IA"
"3591","Appanoose","8021","August","2020","IA"
"3592","Audubon","4080","August","2020","IA"
"3593","Benton","17043","August","2020","IA"
"3594","Black Hawk","81065","August","2020","IA"
"3595","Boone","18199","August","2020","IA"
"3596","Bremer","16796","August","2020","IA"
"3597","Buchanan","13165","August","2020","IA"
"3598","Buena Vista","11254","August","2020","IA"
"3599","Butler","9520","August","2020","IA"
"3600","Calhoun","6374","August","2020","IA"
"3601","Carroll","13945","August","2020","IA"
"3602","Cass","8997","August","2020","IA"
"3603","Cedar","11867","August","2020","IA"
"3604","Cerro Gordo","28808","August","2020","IA"
"3605","Cherokee","7760","August","2020","IA"
"3606","Chickasaw","7961","August","2020","IA"
"3607","Clarke","5595","August","2020","IA"
"3608","Clay","10857","August","2020","IA"
"3609","Clayton","11338","August","2020","IA"
"3610","Clinton","30947","August","2020","IA"
"3611","Crawford","9350","August","2020","IA"
"3612","Dallas","59921","August","2020","IA"
"3613","Davis","4810","August","2020","IA"
"3614","Decatur","4439","August","2020","IA"
"3615","Delaware","11404","August","2020","IA"
"3616","Des Moines","26183","August","2020","IA"
"3617","Dickinson","12932","August","2020","IA"
"3618","Dubuque","64592","August","2020","IA"
"3619","Emmet","6128","August","2020","IA"
"3620","Fayette","11614","August","2020","IA"
"3621","Floyd","10245","August","2020","IA"
"3622","Franklin","6162","August","2020","IA"
"3623","Fremont","4656","August","2020","IA"
"3624","Greene","6164","August","2020","IA"
"3625","Grundy","8503","August","2020","IA"
"3626","Guthrie","7594","August","2020","IA"
"3627","Hamilton","9645","August","2020","IA"
"3628","Hancock","7338","August","2020","IA"
"3629","Hardin","11009","August","2020","IA"
"3630","Harrison","8543","August","2020","IA"
"3631","Henry","12490","August","2020","IA"
"3632","Howard","5795","August","2020","IA"
"3633","Humboldt","6193","August","2020","IA"
"3634","Ida","4730","August","2020","IA"
"3635","Iowa","11536","August","2020","IA"
"3636","Jackson","13943","August","2020","IA"
"3637","Jasper","24956","August","2020","IA"
"3638","Jefferson","10486","August","2020","IA"
"3639","Johnson","91616","August","2020","IA"
"3640","Jones","13071","August","2020","IA"
"3641","Keokuk","6411","August","2020","IA"
"3642","Kossuth","10626","August","2020","IA"
"3643","Lee","21155","August","2020","IA"
"3644","Linn","146784","August","2020","IA"
"3645","Louisa","6757","August","2020","IA"
"3646","Lucas","5513","August","2020","IA"
"3647","Lyon","8139","August","2020","IA"
"3648","Madison","10866","August","2020","IA"
"3649","Mahaska","13674","August","2020","IA"
"3650","Marion","22463","August","2020","IA"
"3651","Marshall","22878","August","2020","IA"
"3652","Mills","10161","August","2020","IA"
"3653","Mitchell","6669","August","2020","IA"
"3654","Monona","5669","August","2020","IA"
"3655","Monroe","4664","August","2020","IA"
"3656","Montgomery","6796","August","2020","IA"
"3657","Muscatine","26600","August","2020","IA"
"3658","O'Brien","9158","August","2020","IA"
"3659","Osceola","4030","August","2020","IA"
"3660","Page","9274","August","2020","IA"
"3661","Palo Alto","5911","August","2020","IA"
"3662","Plymouth","16932","August","2020","IA"
"3663","Pocahontas","4700","August","2020","IA"
"3664","Polk","297670","August","2020","IA"
"3665","Pottawattamie","57880","August","2020","IA"
"3666","Poweshiek","13132","August","2020","IA"
"3667","Ringgold","3084","August","2020","IA"
"3668","Sac","6844","August","2020","IA"
"3669","Scott","115425","August","2020","IA"
"3670","Shelby","7861","August","2020","IA"
"3671","Sioux","21604","August","2020","IA"
"3672","Story","62779","August","2020","IA"
"3673","Tama","10993","August","2020","IA"
"3674","Taylor","3762","August","2020","IA"
"3675","Union","7566","August","2020","IA"
"3676","Van Buren","4675","August","2020","IA"
"3677","Wapello","19958","August","2020","IA"
"3678","Warren","34305","August","2020","IA"
"3679","Washington","14275","August","2020","IA"
"3680","Wayne","3523","August","2020","IA"
"3681","Webster","23388","August","2020","IA"
"3682","Winnebago","7255","August","2020","IA"
"3683","Winneshiek","13736","August","2020","IA"
"3684","Woodbury","57802","August","2020","IA"
"3685","Worth","5164","August","2020","IA"
"3686","Wright","7590","August","2020","IA"
"3687","Allamakee","9539","December","2020","IA"
"3688","Appanoose","8453","December","2020","IA"
"3689","Audubon","4192","December","2020","IA"
"3690","Benton","17825","December","2020","IA"
"3691","Black Hawk","84989","December","2020","IA"
"3692","Boone","19011","December","2020","IA"
"3693","Bremer","17599","December","2020","IA"
"3694","Buchanan","13657","December","2020","IA"
"3695","Buena Vista","11625","December","2020","IA"
"3696","Butler","9816","December","2020","IA"
"3697","Calhoun","6618","December","2020","IA"
"3698","Carroll","14499","December","2020","IA"
"3699","Cass","9356","December","2020","IA"
"3700","Cedar","12760","December","2020","IA"
"3701","Cerro Gordo","29967","December","2020","IA"
"3702","Cherokee","8048","December","2020","IA"
"3703","Chickasaw","8223","December","2020","IA"
"3704","Clarke","6008","December","2020","IA"
"3705","Clay","11407","December","2020","IA"
"3706","Clayton","11880","December","2020","IA"
"3707","Clinton","32194","December","2020","IA"
"3708","Crawford","9773","December","2020","IA"
"3709","Dallas","65827","December","2020","IA"
"3710","Davis","5014","December","2020","IA"
"3711","Decatur","4865","December","2020","IA"
"3712","Delaware","11984","December","2020","IA"
"3713","Des Moines","27127","December","2020","IA"
"3714","Dickinson","13711","December","2020","IA"
"3715","Dubuque","67717","December","2020","IA"
"3716","Emmet","6351","December","2020","IA"
"3717","Fayette","12422","December","2020","IA"
"3718","Floyd","10548","December","2020","IA"
"3719","Franklin","6467","December","2020","IA"
"3720","Fremont","4903","December","2020","IA"
"3721","Greene","6421","December","2020","IA"
"3722","Grundy","8821","December","2020","IA"
"3723","Guthrie","7858","December","2020","IA"
"3724","Hamilton","9946","December","2020","IA"
"3725","Hancock","7685","December","2020","IA"
"3726","Hardin","11456","December","2020","IA"
"3727","Harrison","9417","December","2020","IA"
"3728","Henry","12960","December","2020","IA"
"3729","Howard","6110","December","2020","IA"
"3730","Humboldt","6455","December","2020","IA"
"3731","Ida","4879","December","2020","IA"
"3732","Iowa","11987","December","2020","IA"
"3733","Jackson","14316","December","2020","IA"
"3734","Jasper","25907","December","2020","IA"
"3735","Jefferson","11108","December","2020","IA"
"3736","Johnson","100734","December","2020","IA"
"3737","Jones","13639","December","2020","IA"
"3738","Keokuk","6719","December","2020","IA"
"3739","Kossuth","10980","December","2020","IA"
"3740","Lee","22249","December","2020","IA"
"3741","Linn","154870","December","2020","IA"
"3742","Louisa","7063","December","2020","IA"
"3743","Lucas","5747","December","2020","IA"
"3744","Lyon","8361","December","2020","IA"
"3745","Madison","11643","December","2020","IA"
"3746","Mahaska","14215","December","2020","IA"
"3747","Marion","23492","December","2020","IA"
"3748","Marshall","23847","December","2020","IA"
"3749","Mills","10662","December","2020","IA"
"3750","Mitchell","7149","December","2020","IA"
"3751","Monona","5958","December","2020","IA"
"3752","Monroe","5061","December","2020","IA"
"3753","Montgomery","7110","December","2020","IA"
"3754","Muscatine","27941","December","2020","IA"
"3755","O'Brien","9511","December","2020","IA"
"3756","Osceola","4177","December","2020","IA"
"3757","Page","9653","December","2020","IA"
"3758","Palo Alto","6197","December","2020","IA"
"3759","Plymouth","17537","December","2020","IA"
"3760","Pocahontas","4874","December","2020","IA"
"3761","Polk","317078","December","2020","IA"
"3762","Pottawattamie","61005","December","2020","IA"
"3763","Poweshiek","13536","December","2020","IA"
"3764","Ringgold","3245","December","2020","IA"
"3765","Sac","6936","December","2020","IA"
"3766","Scott","121442","December","2020","IA"
"3767","Shelby","8332","December","2020","IA"
"3768","Sioux","22460","December","2020","IA"
"3769","Story","66636","December","2020","IA"
"3770","Tama","11395","December","2020","IA"
"3771","Taylor","4017","December","2020","IA"
"3772","Union","7962","December","2020","IA"
"3773","Van Buren","4831","December","2020","IA"
"3774","Wapello","20915","December","2020","IA"
"3775","Warren","36646","December","2020","IA"
"3776","Washington","14911","December","2020","IA"
"3777","Wayne","3806","December","2020","IA"
"3778","Webster","24355","December","2020","IA"
"3779","Winnebago","7600","December","2020","IA"
"3780","Winneshiek","14623","December","2020","IA"
"3781","Woodbury","61015","December","2020","IA"
"3782","Worth","5451","December","2020","IA"
"3783","Wright","7943","December","2020","IA"
"3784","Allamakee","9178","February","2020","IA"
"3785","Appanoose","8028","February","2020","IA"
"3786","Audubon","4021","February","2020","IA"
"3787","Benton","17110","February","2020","IA"
"3788","Black Hawk","81731","February","2020","IA"
"3789","Boone","18354","February","2020","IA"
"3790","Bremer","16674","February","2020","IA"
"3791","Buchanan","13034","February","2020","IA"
"3792","Buena Vista","11157","February","2020","IA"
"3793","Butler","9555","February","2020","IA"
"3794","Calhoun","6301","February","2020","IA"
"3795","Carroll","13818","February","2020","IA"
"3796","Cass","9026","February","2020","IA"
"3797","Cedar","11693","February","2020","IA"
"3798","Cerro Gordo","29035","February","2020","IA"
"3799","Cherokee","7694","February","2020","IA"
"3800","Chickasaw","7902","February","2020","IA"
"3801","Clarke","5526","February","2020","IA"
"3802","Clay","10764","February","2020","IA"
"3803","Clayton","11436","February","2020","IA"
"3804","Clinton","30962","February","2020","IA"
"3805","Crawford","9262","February","2020","IA"
"3806","Dallas","59667","February","2020","IA"
"3807","Davis","4834","February","2020","IA"
"3808","Decatur","4474","February","2020","IA"
"3809","Delaware","11395","February","2020","IA"
"3810","Des Moines","25956","February","2020","IA"
"3811","Dickinson","12959","February","2020","IA"
"3812","Dubuque","64699","February","2020","IA"
"3813","Emmet","6058","February","2020","IA"
"3814","Fayette","11678","February","2020","IA"
"3815","Floyd","10358","February","2020","IA"
"3816","Franklin","6158","February","2020","IA"
"3817","Fremont","4684","February","2020","IA"
"3818","Greene","6208","February","2020","IA"
"3819","Grundy","8475","February","2020","IA"
"3820","Guthrie","7608","February","2020","IA"
"3821","Hamilton","9585","February","2020","IA"
"3822","Hancock","7264","February","2020","IA"
"3823","Hardin","10921","February","2020","IA"
"3824","Harrison","8307","February","2020","IA"
"3825","Henry","12671","February","2020","IA"
"3826","Howard","5705","February","2020","IA"
"3827","Humboldt","6125","February","2020","IA"
"3828","Ida","4652","February","2020","IA"
"3829","Iowa","11360","February","2020","IA"
"3830","Jackson","13826","February","2020","IA"
"3831","Jasper","25230","February","2020","IA"
"3832","Jefferson","10439","February","2020","IA"
"3833","Johnson","96958","February","2020","IA"
"3834","Jones","13107","February","2020","IA"
"3835","Keokuk","6411","February","2020","IA"
"3836","Kossuth","10517","February","2020","IA"
"3837","Lee","21056","February","2020","IA"
"3838","Linn","146829","February","2020","IA"
"3839","Louisa","6681","February","2020","IA"
"3840","Lucas","5549","February","2020","IA"
"3841","Lyon","8117","February","2020","IA"
"3842","Madison","10858","February","2020","IA"
"3843","Mahaska","13519","February","2020","IA"
"3844","Marion","22596","February","2020","IA"
"3845","Marshall","22742","February","2020","IA"
"3846","Mills","10051","February","2020","IA"
"3847","Mitchell","6857","February","2020","IA"
"3848","Monona","5639","February","2020","IA"
"3849","Monroe","4640","February","2020","IA"
"3850","Montgomery","6708","February","2020","IA"
"3851","Muscatine","26670","February","2020","IA"
"3852","O'Brien","9203","February","2020","IA"
"3853","Osceola","3983","February","2020","IA"
"3854","Page","9285","February","2020","IA"
"3855","Palo Alto","5853","February","2020","IA"
"3856","Plymouth","16727","February","2020","IA"
"3857","Pocahontas","4670","February","2020","IA"
"3858","Polk","290129","February","2020","IA"
"3859","Pottawattamie","56917","February","2020","IA"
"3860","Poweshiek","12872","February","2020","IA"
"3861","Ringgold","2986","February","2020","IA"
"3862","Sac","6873","February","2020","IA"
"3863","Scott","115393","February","2020","IA"
"3864","Shelby","7910","February","2020","IA"
"3865","Sioux","21317","February","2020","IA"
"3866","Story","61973","February","2020","IA"
"3867","Tama","11002","February","2020","IA"
"3868","Taylor","3746","February","2020","IA"
"3869","Union","7641","February","2020","IA"
"3870","Van Buren","4587","February","2020","IA"
"3871","Wapello","20159","February","2020","IA"
"3872","Warren","33644","February","2020","IA"
"3873","Washington","14390","February","2020","IA"
"3874","Wayne","3518","February","2020","IA"
"3875","Webster","23294","February","2020","IA"
"3876","Winnebago","7325","February","2020","IA"
"3877","Winneshiek","13573","February","2020","IA"
"3878","Woodbury","57923","February","2020","IA"
"3879","Worth","5215","February","2020","IA"
"3880","Wright","7590","February","2020","IA"
"3881","Allamakee","9176","January","2020","IA"
"3882","Appanoose","8027","January","2020","IA"
"3883","Audubon","4081","January","2020","IA"
"3884","Benton","17093","January","2020","IA"
"3885","Black Hawk","82006","January","2020","IA"
"3886","Boone","18310","January","2020","IA"
"3887","Bremer","16612","January","2020","IA"
"3888","Buchanan","13167","January","2020","IA"
"3889","Buena Vista","11350","January","2020","IA"
"3890","Butler","9556","January","2020","IA"
"3891","Calhoun","6377","January","2020","IA"
"3892","Carroll","13926","January","2020","IA"
"3893","Cass","9017","January","2020","IA"
"3894","Cedar","11849","January","2020","IA"
"3895","Cerro Gordo","29033","January","2020","IA"
"3896","Cherokee","7798","January","2020","IA"
"3897","Chickasaw","8022","January","2020","IA"
"3898","Clarke","5648","January","2020","IA"
"3899","Clay","10942","January","2020","IA"
"3900","Clayton","11438","January","2020","IA"
"3901","Clinton","30891","January","2020","IA"
"3902","Crawford","9350","January","2020","IA"
"3903","Dallas","59252","January","2020","IA"
"3904","Davis","4818","January","2020","IA"
"3905","Decatur","4453","January","2020","IA"
"3906","Delaware","11389","January","2020","IA"
"3907","Des Moines","25896","January","2020","IA"
"3908","Dickinson","12935","January","2020","IA"
"3909","Dubuque","64453","January","2020","IA"
"3910","Emmet","6186","January","2020","IA"
"3911","Fayette","11658","January","2020","IA"
"3912","Floyd","10354","January","2020","IA"
"3913","Franklin","6241","January","2020","IA"
"3914","Fremont","4687","January","2020","IA"
"3915","Greene","6200","January","2020","IA"
"3916","Grundy","8472","January","2020","IA"
"3917","Guthrie","7572","January","2020","IA"
"3918","Hamilton","9743","January","2020","IA"
"3919","Hancock","7381","January","2020","IA"
"3920","Hardin","11060","January","2020","IA"
"3921","Harrison","8435","January","2020","IA"
"3922","Henry","12639","January","2020","IA"
"3923","Howard","5778","January","2020","IA"
"3924","Humboldt","6211","January","2020","IA"
"3925","Ida","4713","January","2020","IA"
"3926","Iowa","11501","January","2020","IA"
"3927","Jackson","14037","January","2020","IA"
"3928","Jasper","25119","January","2020","IA"
"3929","Jefferson","10392","January","2020","IA"
"3930","Johnson","96340","January","2020","IA"
"3931","Jones","13079","January","2020","IA"
"3932","Keokuk","6420","January","2020","IA"
"3933","Kossuth","10631","January","2020","IA"
"3934","Lee","21315","January","2020","IA"
"3935","Linn","146303","January","2020","IA"
"3936","Louisa","6754","January","2020","IA"
"3937","Lucas","5548","January","2020","IA"
"3938","Lyon","8102","January","2020","IA"
"3939","Madison","10894","January","2020","IA"
"3940","Mahaska","13710","January","2020","IA"
"3941","Marion","22564","January","2020","IA"
"3942","Marshall","23064","January","2020","IA"
"3943","Mills","10405","January","2020","IA"
"3944","Mitchell","6859","January","2020","IA"
"3945","Monona","5697","January","2020","IA"
"3946","Monroe","4690","January","2020","IA"
"3947","Montgomery","6834","January","2020","IA"
"3948","Muscatine","26641","January","2020","IA"
"3949","O'Brien","9205","January","2020","IA"
"3950","Osceola","4009","January","2020","IA"
"3951","Page","9421","January","2020","IA"
"3952","Palo Alto","5933","January","2020","IA"
"3953","Plymouth","16926","January","2020","IA"
"3954","Pocahontas","4733","January","2020","IA"
"3955","Polk","294634","January","2020","IA"
"3956","Pottawattamie","57799","January","2020","IA"
"3957","Poweshiek","13001","January","2020","IA"
"3958","Ringgold","3038","January","2020","IA"
"3959","Sac","6868","January","2020","IA"
"3960","Scott","114978","January","2020","IA"
"3961","Shelby","7896","January","2020","IA"
"3962","Sioux","21558","January","2020","IA"
"3963","Story","63697","January","2020","IA"
"3964","Tama","11035","January","2020","IA"
"3965","Taylor","3741","January","2020","IA"
"3966","Union","7636","January","2020","IA"
"3967","Van Buren","4645","January","2020","IA"
"3968","Wapello","20071","January","2020","IA"
"3969","Warren","34245","January","2020","IA"
"3970","Washington","14357","January","2020","IA"
"3971","Wayne","3516","January","2020","IA"
"3972","Webster","23627","January","2020","IA"
"3973","Winnebago","7315","January","2020","IA"
"3974","Winneshiek","13757","January","2020","IA"
"3975","Woodbury","57829","January","2020","IA"
"3976","Worth","5205","January","2020","IA"
"3977","Wright","7681","January","2020","IA"
"3978","Allamakee","9089","July","2020","IA"
"3979","Appanoose","7992","July","2020","IA"
"3980","Audubon","4069","July","2020","IA"
"3981","Benton","16983","July","2020","IA"
"3982","Black Hawk","80839","July","2020","IA"
"3983","Boone","18132","July","2020","IA"
"3984","Bremer","16746","July","2020","IA"
"3985","Buchanan","13136","July","2020","IA"
"3986","Buena Vista","11228","July","2020","IA"
"3987","Butler","9494","July","2020","IA"
"3988","Calhoun","6357","July","2020","IA"
"3989","Carroll","13902","July","2020","IA"
"3990","Cass","8972","July","2020","IA"
"3991","Cedar","11821","July","2020","IA"
"3992","Cerro Gordo","28732","July","2020","IA"
"3993","Cherokee","7765","July","2020","IA"
"3994","Chickasaw","7941","July","2020","IA"
"3995","Clarke","5583","July","2020","IA"
"3996","Clay","10826","July","2020","IA"
"3997","Clayton","11313","July","2020","IA"
"3998","Clinton","30781","July","2020","IA"
"3999","Crawford","9326","July","2020","IA"
"4000","Dallas","59289","July","2020","IA"
"4001","Davis","4810","July","2020","IA"
"4002","Decatur","4426","July","2020","IA"
"4003","Delaware","11371","July","2020","IA"
"4004","Des Moines","26088","July","2020","IA"
"4005","Dickinson","12850","July","2020","IA"
"4006","Dubuque","64399","July","2020","IA"
"4007","Emmet","6110","July","2020","IA"
"4008","Fayette","11572","July","2020","IA"
"4009","Floyd","10206","July","2020","IA"
"4010","Franklin","6157","July","2020","IA"
"4011","Fremont","4638","July","2020","IA"
"4012","Greene","6137","July","2020","IA"
"4013","Grundy","8452","July","2020","IA"
"4014","Guthrie","7537","July","2020","IA"
"4015","Hamilton","9639","July","2020","IA"
"4016","Hancock","7338","July","2020","IA"
"4017","Hardin","10988","July","2020","IA"
"4018","Harrison","8508","July","2020","IA"
"4019","Henry","12443","July","2020","IA"
"4020","Howard","5760","July","2020","IA"
"4021","Humboldt","6174","July","2020","IA"
"4022","Ida","4703","July","2020","IA"
"4023","Iowa","11485","July","2020","IA"
"4024","Jackson","13910","July","2020","IA"
"4025","Jasper","24917","July","2020","IA"
"4026","Jefferson","10446","July","2020","IA"
"4027","Johnson","90900","July","2020","IA"
"4028","Jones","13019","July","2020","IA"
"4029","Keokuk","6389","July","2020","IA"
"4030","Kossuth","10596","July","2020","IA"
"4031","Lee","21091","July","2020","IA"
"4032","Linn","146168","July","2020","IA"
"4033","Louisa","6743","July","2020","IA"
"4034","Lucas","5489","July","2020","IA"
"4035","Lyon","8123","July","2020","IA"
"4036","Madison","10807","July","2020","IA"
"4037","Mahaska","13608","July","2020","IA"
"4038","Marion","22384","July","2020","IA"
"4039","Marshall","22846","July","2020","IA"
"4040","Mills","10138","July","2020","IA"
"4041","Mitchell","6647","July","2020","IA"
"4042","Monona","5660","July","2020","IA"
"4043","Monroe","4662","July","2020","IA"
"4044","Montgomery","6783","July","2020","IA"
"4045","Muscatine","26478","July","2020","IA"
"4046","O'Brien","9154","July","2020","IA"
"4047","Osceola","4015","July","2020","IA"
"4048","Page","9349","July","2020","IA"
"4049","Palo Alto","5898","July","2020","IA"
"4050","Plymouth","16892","July","2020","IA"
"4051","Pocahontas","4696","July","2020","IA"
"4052","Polk","295734","July","2020","IA"
"4053","Pottawattamie","57554","July","2020","IA"
"4054","Poweshiek","13062","July","2020","IA"
"4055","Ringgold","3079","July","2020","IA"
"4056","Sac","6824","July","2020","IA"
"4057","Scott","114690","July","2020","IA"
"4058","Shelby","7829","July","2020","IA"
"4059","Sioux","21519","July","2020","IA"
"4060","Story","62704","July","2020","IA"
"4061","Tama","10970","July","2020","IA"
"4062","Taylor","3744","July","2020","IA"
"4063","Union","7577","July","2020","IA"
"4064","Van Buren","4642","July","2020","IA"
"4065","Wapello","19892","July","2020","IA"
"4066","Warren","34130","July","2020","IA"
"4067","Washington","14217","July","2020","IA"
"4068","Wayne","3502","July","2020","IA"
"4069","Webster","23336","July","2020","IA"
"4070","Winnebago","7232","July","2020","IA"
"4071","Winneshiek","13705","July","2020","IA"
"4072","Woodbury","57545","July","2020","IA"
"4073","Worth","5131","July","2020","IA"
"4074","Wright","7593","July","2020","IA"
"4075","Allamakee","9084","June","2020","IA"
"4076","Appanoose","7957","June","2020","IA"
"4077","Audubon","4063","June","2020","IA"
"4078","Benton","16947","June","2020","IA"
"4079","Black Hawk","80874","June","2020","IA"
"4080","Boone","18088","June","2020","IA"
"4081","Bremer","16720","June","2020","IA"
"4082","Buchanan","13110","June","2020","IA"
"4083","Buena Vista","11205","June","2020","IA"
"4084","Butler","9480","June","2020","IA"
"4085","Calhoun","6333","June","2020","IA"
"4086","Carroll","13877","June","2020","IA"
"4087","Cass","8928","June","2020","IA"
"4088","Cedar","11779","June","2020","IA"
"4089","Cerro Gordo","28675","June","2020","IA"
"4090","Cherokee","7734","June","2020","IA"
"4091","Chickasaw","7914","June","2020","IA"
"4092","Clarke","5571","June","2020","IA"
"4093","Clay","10805","June","2020","IA"
"4094","Clayton","11299","June","2020","IA"
"4095","Clinton","30715","June","2020","IA"
"4096","Crawford","9300","June","2020","IA"
"4097","Dallas","58726","June","2020","IA"
"4098","Davis","4800","June","2020","IA"
"4099","Decatur","4423","June","2020","IA"
"4100","Delaware","11347","June","2020","IA"
"4101","Des Moines","26050","June","2020","IA"
"4102","Dickinson","12820","June","2020","IA"
"4103","Dubuque","64217","June","2020","IA"
"4104","Emmet","6090","June","2020","IA"
"4105","Fayette","11550","June","2020","IA"
"4106","Floyd","10196","June","2020","IA"
"4107","Franklin","6146","June","2020","IA"
"4108","Fremont","4607","June","2020","IA"
"4109","Greene","6131","June","2020","IA"
"4110","Grundy","8470","June","2020","IA"
"4111","Guthrie","7533","June","2020","IA"
"4112","Hamilton","9616","June","2020","IA"
"4113","Hancock","7321","June","2020","IA"
"4114","Hardin","10950","June","2020","IA"
"4115","Harrison","8448","June","2020","IA"
"4116","Henry","12411","June","2020","IA"
"4117","Howard","5751","June","2020","IA"
"4118","Humboldt","6154","June","2020","IA"
"4119","Ida","4682","June","2020","IA"
"4120","Iowa","11429","June","2020","IA"
"4121","Jackson","13878","June","2020","IA"
"4122","Jasper","24851","June","2020","IA"
"4123","Jefferson","10395","June","2020","IA"
"4124","Johnson","90574","June","2020","IA"
"4125","Jones","12989","June","2020","IA"
"4126","Keokuk","6359","June","2020","IA"
"4127","Kossuth","10554","June","2020","IA"
"4128","Lee","21083","June","2020","IA"
"4129","Linn","145613","June","2020","IA"
"4130","Louisa","6724","June","2020","IA"
"4131","Lucas","5478","June","2020","IA"
"4132","Lyon","8094","June","2020","IA"
"4133","Madison","10743","June","2020","IA"
"4134","Mahaska","13586","June","2020","IA"
"4135","Marion","22329","June","2020","IA"
"4136","Marshall","22832","June","2020","IA"
"4137","Mills","10111","June","2020","IA"
"4138","Mitchell","6620","June","2020","IA"
"4139","Monona","5645","June","2020","IA"
"4140","Monroe","4664","June","2020","IA"
"4141","Montgomery","6740","June","2020","IA"
"4142","Muscatine","26437","June","2020","IA"
"4143","O'Brien","9139","June","2020","IA"
"4144","Osceola","4009","June","2020","IA"
"4145","Page","9330","June","2020","IA"
"4146","Palo Alto","5888","June","2020","IA"
"4147","Plymouth","16849","June","2020","IA"
"4148","Pocahontas","4693","June","2020","IA"
"4149","Polk","293989","June","2020","IA"
"4150","Pottawattamie","57390","June","2020","IA"
"4151","Poweshiek","13017","June","2020","IA"
"4152","Ringgold","3059","June","2020","IA"
"4153","Sac","6816","June","2020","IA"
"4154","Scott","114142","June","2020","IA"
"4155","Shelby","7813","June","2020","IA"
"4156","Sioux","21455","June","2020","IA"
"4157","Story","62846","June","2020","IA"
"4158","Tama","10935","June","2020","IA"
"4159","Taylor","3745","June","2020","IA"
"4160","Union","7551","June","2020","IA"
"4161","Van Buren","4611","June","2020","IA"
"4162","Wapello","19927","June","2020","IA"
"4163","Warren","33984","June","2020","IA"
"4164","Washington","14206","June","2020","IA"
"4165","Wayne","3491","June","2020","IA"
"4166","Webster","23282","June","2020","IA"
"4167","Winnebago","7192","June","2020","IA"
"4168","Winneshiek","13698","June","2020","IA"
"4169","Woodbury","57366","June","2020","IA"
"4170","Worth","5116","June","2020","IA"
"4171","Wright","7587","June","2020","IA"
"4172","Allamakee","9100","March","2020","IA"
"4173","Appanoose","7934","March","2020","IA"
"4174","Audubon","4040","March","2020","IA"
"4175","Benton","16890","March","2020","IA"
"4176","Black Hawk","80939","March","2020","IA"
"4177","Boone","18001","March","2020","IA"
"4178","Bremer","16511","March","2020","IA"
"4179","Buchanan","13070","March","2020","IA"
"4180","Buena Vista","11209","March","2020","IA"
"4181","Butler","9454","March","2020","IA"
"4182","Calhoun","6326","March","2020","IA"
"4183","Carroll","13861","March","2020","IA"
"4184","Cass","8922","March","2020","IA"
"4185","Cedar","11748","March","2020","IA"
"4186","Cerro Gordo","28676","March","2020","IA"
"4187","Cherokee","7709","March","2020","IA"
"4188","Chickasaw","7907","March","2020","IA"
"4189","Clarke","5557","March","2020","IA"
"4190","Clay","10789","March","2020","IA"
"4191","Clayton","11309","March","2020","IA"
"4192","Clinton","30630","March","2020","IA"
"4193","Crawford","9303","March","2020","IA"
"4194","Dallas","58111","March","2020","IA"
"4195","Davis","4767","March","2020","IA"
"4196","Decatur","4399","March","2020","IA"
"4197","Delaware","11283","March","2020","IA"
"4198","Des Moines","26036","March","2020","IA"
"4199","Dickinson","12800","March","2020","IA"
"4200","Dubuque","64067","March","2020","IA"
"4201","Emmet","6076","March","2020","IA"
"4202","Fayette","11528","March","2020","IA"
"4203","Floyd","10190","March","2020","IA"
"4204","Franklin","6160","March","2020","IA"
"4205","Fremont","4574","March","2020","IA"
"4206","Greene","6130","March","2020","IA"
"4207","Grundy","8455","March","2020","IA"
"4208","Guthrie","7498","March","2020","IA"
"4209","Hamilton","9617","March","2020","IA"
"4210","Hancock","7283","March","2020","IA"
"4211","Hardin","10932","March","2020","IA"
"4212","Harrison","8353","March","2020","IA"
"4213","Henry","12341","March","2020","IA"
"4214","Howard","5721","March","2020","IA"
"4215","Humboldt","6139","March","2020","IA"
"4216","Ida","4674","March","2020","IA"
"4217","Iowa","11398","March","2020","IA"
"4218","Jackson","13870","March","2020","IA"
"4219","Jasper","24852","March","2020","IA"
"4220","Jefferson","10368","March","2020","IA"
"4221","Johnson","98537","March","2020","IA"
"4222","Jones","12922","March","2020","IA"
"4223","Keokuk","6343","March","2020","IA"
"4224","Kossuth","10525","March","2020","IA"
"4225","Lee","21085","March","2020","IA"
"4226","Linn","144975","March","2020","IA"
"4227","Louisa","6698","March","2020","IA"
"4228","Lucas","5459","March","2020","IA"
"4229","Lyon","8062","March","2020","IA"
"4230","Madison","10692","March","2020","IA"
"4231","Mahaska","13563","March","2020","IA"
"4232","Marion","22265","March","2020","IA"
"4233","Marshall","22797","March","2020","IA"
"4234","Mills","10076","March","2020","IA"
"4235","Mitchell","6873","March","2020","IA"
"4236","Monona","5642","March","2020","IA"
"4237","Monroe","4650","March","2020","IA"
"4238","Montgomery","6728","March","2020","IA"
"4239","Muscatine","26333","March","2020","IA"
"4240","O'Brien","9118","March","2020","IA"
"4241","Osceola","3985","March","2020","IA"
"4242","Page","9325","March","2020","IA"
"4243","Palo Alto","5864","March","2020","IA"
"4244","Plymouth","16782","March","2020","IA"
"4245","Pocahontas","4677","March","2020","IA"
"4246","Polk","292501","March","2020","IA"
"4247","Pottawattamie","57156","March","2020","IA"
"4248","Poweshiek","13015","March","2020","IA"
"4249","Ringgold","3012","March","2020","IA"
"4250","Sac","6817","March","2020","IA"
"4251","Scott","113731","March","2020","IA"
"4252","Shelby","7818","March","2020","IA"
"4253","Sioux","21391","March","2020","IA"
"4254","Story","62845","March","2020","IA"
"4255","Tama","10896","March","2020","IA"
"4256","Taylor","3710","March","2020","IA"
"4257","Union","7498","March","2020","IA"
"4258","Van Buren","4605","March","2020","IA"
"4259","Wapello","19939","March","2020","IA"
"4260","Warren","33849","March","2020","IA"
"4261","Washington","14175","March","2020","IA"
"4262","Wayne","3455","March","2020","IA"
"4263","Webster","23306","March","2020","IA"
"4264","Winnebago","7176","March","2020","IA"
"4265","Winneshiek","13661","March","2020","IA"
"4266","Woodbury","57236","March","2020","IA"
"4267","Worth","5113","March","2020","IA"
"4268","Wright","7580","March","2020","IA"
"4269","Allamakee","9078","May","2020","IA"
"4270","Appanoose","7954","May","2020","IA"
"4271","Audubon","4057","May","2020","IA"
"4272","Benton","16911","May","2020","IA"
"4273","Black Hawk","80902","May","2020","IA"
"4274","Boone","18047","May","2020","IA"
"4275","Bremer","16516","May","2020","IA"
"4276","Buchanan","13096","May","2020","IA"
"4277","Buena Vista","11216","May","2020","IA"
"4278","Butler","9478","May","2020","IA"
"4279","Calhoun","6331","May","2020","IA"
"4280","Carroll","13874","May","2020","IA"
"4281","Cass","8921","May","2020","IA"
"4282","Cedar","11771","May","2020","IA"
"4283","Cerro Gordo","28736","May","2020","IA"
"4284","Cherokee","7719","May","2020","IA"
"4285","Chickasaw","7914","May","2020","IA"
"4286","Clarke","5571","May","2020","IA"
"4287","Clay","10798","May","2020","IA"
"4288","Clayton","11298","May","2020","IA"
"4289","Clinton","30664","May","2020","IA"
"4290","Crawford","9318","May","2020","IA"
"4291","Dallas","58527","May","2020","IA"
"4292","Davis","4793","May","2020","IA"
"4293","Decatur","4420","May","2020","IA"
"4294","Delaware","11329","May","2020","IA"
"4295","Des Moines","26064","May","2020","IA"
"4296","Dickinson","12811","May","2020","IA"
"4297","Dubuque","64175","May","2020","IA"
"4298","Emmet","6092","May","2020","IA"
"4299","Fayette","11548","May","2020","IA"
"4300","Floyd","10198","May","2020","IA"
"4301","Franklin","6145","May","2020","IA"
"4302","Fremont","4580","May","2020","IA"
"4303","Greene","6134","May","2020","IA"
"4304","Grundy","8459","May","2020","IA"
"4305","Guthrie","7517","May","2020","IA"
"4306","Hamilton","9615","May","2020","IA"
"4307","Hancock","7309","May","2020","IA"
"4308","Hardin","10960","May","2020","IA"
"4309","Harrison","8412","May","2020","IA"
"4310","Henry","12392","May","2020","IA"
"4311","Howard","5733","May","2020","IA"
"4312","Humboldt","6160","May","2020","IA"
"4313","Ida","4676","May","2020","IA"
"4314","Iowa","11415","May","2020","IA"
"4315","Jackson","13854","May","2020","IA"
"4316","Jasper","24868","May","2020","IA"
"4317","Jefferson","10376","May","2020","IA"
"4318","Johnson","90630","May","2020","IA"
"4319","Jones","12975","May","2020","IA"
"4320","Keokuk","6350","May","2020","IA"
"4321","Kossuth","10527","May","2020","IA"
"4322","Lee","21073","May","2020","IA"
"4323","Linn","145448","May","2020","IA"
"4324","Louisa","6713","May","2020","IA"
"4325","Lucas","5471","May","2020","IA"
"4326","Lyon","8072","May","2020","IA"
"4327","Madison","10718","May","2020","IA"
"4328","Mahaska","13589","May","2020","IA"
"4329","Marion","22326","May","2020","IA"
"4330","Marshall","22849","May","2020","IA"
"4331","Mills","10103","May","2020","IA"
"4332","Mitchell","6622","May","2020","IA"
"4333","Monona","5650","May","2020","IA"
"4334","Monroe","4660","May","2020","IA"
"4335","Montgomery","6732","May","2020","IA"
"4336","Muscatine","26383","May","2020","IA"
"4337","O'Brien","9132","May","2020","IA"
"4338","Osceola","3995","May","2020","IA"
"4339","Page","9336","May","2020","IA"
"4340","Palo Alto","5869","May","2020","IA"
"4341","Plymouth","16819","May","2020","IA"
"4342","Pocahontas","4679","May","2020","IA"
"4343","Polk","293310","May","2020","IA"
"4344","Pottawattamie","57265","May","2020","IA"
"4345","Poweshiek","13001","May","2020","IA"
"4346","Ringgold","3034","May","2020","IA"
"4347","Sac","6811","May","2020","IA"
"4348","Scott","114002","May","2020","IA"
"4349","Shelby","7813","May","2020","IA"
"4350","Sioux","21433","May","2020","IA"
"4351","Story","62916","May","2020","IA"
"4352","Tama","10935","May","2020","IA"
"4353","Taylor","3729","May","2020","IA"
"4354","Union","7529","May","2020","IA"
"4355","Van Buren","4608","May","2020","IA"
"4356","Wapello","19931","May","2020","IA"
"4357","Warren","33948","May","2020","IA"
"4358","Washington","14190","May","2020","IA"
"4359","Wayne","3486","May","2020","IA"
"4360","Webster","23286","May","2020","IA"
"4361","Winnebago","7194","May","2020","IA"
"4362","Winneshiek","13679","May","2020","IA"
"4363","Woodbury","57285","May","2020","IA"
"4364","Worth","5114","May","2020","IA"
"4365","Wright","7576","May","2020","IA"
"4366","Allamakee","9472","November","2020","IA"
"4367","Appanoose","8329","November","2020","IA"
"4368","Audubon","4163","November","2020","IA"
"4369","Benton","17605","November","2020","IA"
"4370","Black Hawk","83461","November","2020","IA"
"4371","Boone","18871","November","2020","IA"
"4372","Bremer","17288","November","2020","IA"
"4373","Buchanan","13542","November","2020","IA"
"4374","Buena Vista","11518","November","2020","IA"
"4375","Butler","9841","November","2020","IA"
"4376","Calhoun","6553","November","2020","IA"
"4377","Carroll","14365","November","2020","IA"
"4378","Cass","9270","November","2020","IA"
"4379","Cedar","12536","November","2020","IA"
"4380","Cerro Gordo","29883","November","2020","IA"
"4381","Cherokee","7953","November","2020","IA"
"4382","Chickasaw","8173","November","2020","IA"
"4383","Clarke","5891","November","2020","IA"
"4384","Clay","11265","November","2020","IA"
"4385","Clayton","11679","November","2020","IA"
"4386","Clinton","32002","November","2020","IA"
"4387","Crawford","9682","November","2020","IA"
"4388","Dallas","64474","November","2020","IA"
"4389","Davis","4965","November","2020","IA"
"4390","Decatur","4672","November","2020","IA"
"4391","Delaware","11819","November","2020","IA"
"4392","Des Moines","26952","November","2020","IA"
"4393","Dickinson","13569","November","2020","IA"
"4394","Dubuque","66974","November","2020","IA"
"4395","Emmet","6319","November","2020","IA"
"4396","Fayette","12126","November","2020","IA"
"4397","Floyd","10480","November","2020","IA"
"4398","Franklin","6372","November","2020","IA"
"4399","Fremont","4825","November","2020","IA"
"4400","Greene","6358","November","2020","IA"
"4401","Grundy","8723","November","2020","IA"
"4402","Guthrie","7885","November","2020","IA"
"4403","Hamilton","9909","November","2020","IA"
"4404","Hancock","7580","November","2020","IA"
"4405","Hardin","11329","November","2020","IA"
"4406","Harrison","9176","November","2020","IA"
"4407","Henry","12806","November","2020","IA"
"4408","Howard","6008","November","2020","IA"
"4409","Humboldt","6383","November","2020","IA"
"4410","Ida","4844","November","2020","IA"
"4411","Iowa","11900","November","2020","IA"
"4412","Jackson","14212","November","2020","IA"
"4413","Jasper","25656","November","2020","IA"
"4414","Jefferson","10967","November","2020","IA"
"4415","Johnson","97965","November","2020","IA"
"4416","Jones","13505","November","2020","IA"
"4417","Keokuk","6640","November","2020","IA"
"4418","Kossuth","10850","November","2020","IA"
"4419","Lee","21913","November","2020","IA"
"4420","Linn","152867","November","2020","IA"
"4421","Louisa","6989","November","2020","IA"
"4422","Lucas","5736","November","2020","IA"
"4423","Lyon","8320","November","2020","IA"
"4424","Madison","11463","November","2020","IA"
"4425","Mahaska","14217","November","2020","IA"
"4426","Marion","23196","November","2020","IA"
"4427","Marshall","23541","November","2020","IA"
"4428","Mills","10593","November","2020","IA"
"4429","Mitchell","7054","November","2020","IA"
"4430","Monona","5878","November","2020","IA"
"4431","Monroe","4946","November","2020","IA"
"4432","Montgomery","7015","November","2020","IA"
"4433","Muscatine","27661","November","2020","IA"
"4434","O'Brien","9416","November","2020","IA"
"4435","Osceola","4140","November","2020","IA"
"4436","Page","9520","November","2020","IA"
"4437","Palo Alto","6115","November","2020","IA"
"4438","Plymouth","17398","November","2020","IA"
"4439","Pocahontas","4828","November","2020","IA"
"4440","Polk","313447","November","2020","IA"
"4441","Pottawattamie","60398","November","2020","IA"
"4442","Poweshiek","13391","November","2020","IA"
"4443","Ringgold","3200","November","2020","IA"
"4444","Sac","6959","November","2020","IA"
"4445","Scott","120509","November","2020","IA"
"4446","Shelby","8266","November","2020","IA"
"4447","Sioux","22103","November","2020","IA"
"4448","Story","64661","November","2020","IA"
"4449","Tama","11220","November","2020","IA"
"4450","Taylor","3930","November","2020","IA"
"4451","Union","7875","November","2020","IA"
"4452","Van Buren","4792","November","2020","IA"
"4453","Wapello","20652","November","2020","IA"
"4454","Warren","36125","November","2020","IA"
"4455","Washington","14742","November","2020","IA"
"4456","Wayne","3707","November","2020","IA"
"4457","Webster","24043","November","2020","IA"
"4458","Winnebago","7465","November","2020","IA"
"4459","Winneshiek","14466","November","2020","IA"
"4460","Woodbury","60200","November","2020","IA"
"4461","Worth","5331","November","2020","IA"
"4462","Wright","7808","November","2020","IA"
"4463","Allamakee","9318","October","2020","IA"
"4464","Appanoose","8223","October","2020","IA"
"4465","Audubon","4119","October","2020","IA"
"4466","Benton","17349","October","2020","IA"
"4467","Black Hawk","82229","October","2020","IA"
"4468","Boone","18546","October","2020","IA"
"4469","Bremer","16996","October","2020","IA"
"4470","Buchanan","13406","October","2020","IA"
"4471","Buena Vista","11374","October","2020","IA"
"4472","Butler","9700","October","2020","IA"
"4473","Calhoun","6454","October","2020","IA"
"4474","Carroll","14214","October","2020","IA"
"4475","Cass","9145","October","2020","IA"
"4476","Cedar","12203","October","2020","IA"
"4477","Cerro Gordo","29303","October","2020","IA"
"4478","Cherokee","7845","October","2020","IA"
"4479","Chickasaw","8038","October","2020","IA"
"4480","Clarke","5732","October","2020","IA"
"4481","Clay","11075","October","2020","IA"
"4482","Clayton","11518","October","2020","IA"
"4483","Clinton","31536","October","2020","IA"
"4484","Crawford","9515","October","2020","IA"
"4485","Dallas","62638","October","2020","IA"
"4486","Davis","4888","October","2020","IA"
"4487","Decatur","4547","October","2020","IA"
"4488","Delaware","11633","October","2020","IA"
"4489","Des Moines","26600","October","2020","IA"
"4490","Dickinson","13276","October","2020","IA"
"4491","Dubuque","65926","October","2020","IA"
"4492","Emmet","6229","October","2020","IA"
"4493","Fayette","11886","October","2020","IA"
"4494","Floyd","10383","October","2020","IA"
"4495","Franklin","6261","October","2020","IA"
"4496","Fremont","4730","October","2020","IA"
"4497","Greene","6293","October","2020","IA"
"4498","Grundy","8504","October","2020","IA"
"4499","Guthrie","7734","October","2020","IA"
"4500","Hamilton","9771","October","2020","IA"
"4501","Hancock","7470","October","2020","IA"
"4502","Hardin","11194","October","2020","IA"
"4503","Harrison","8912","October","2020","IA"
"4504","Henry","12608","October","2020","IA"
"4505","Howard","5906","October","2020","IA"
"4506","Humboldt","6294","October","2020","IA"
"4507","Ida","4798","October","2020","IA"
"4508","Iowa","11744","October","2020","IA"
"4509","Jackson","14075","October","2020","IA"
"4510","Jasper","25281","October","2020","IA"
"4511","Jefferson","10762","October","2020","IA"
"4512","Johnson","94395","October","2020","IA"
"4513","Jones","13290","October","2020","IA"
"4514","Keokuk","6519","October","2020","IA"
"4515","Kossuth","10722","October","2020","IA"
"4516","Lee","21613","October","2020","IA"
"4517","Linn","149911","October","2020","IA"
"4518","Louisa","6869","October","2020","IA"
"4519","Lucas","5628","October","2020","IA"
"4520","Lyon","8234","October","2020","IA"
"4521","Madison","11198","October","2020","IA"
"4522","Mahaska","13909","October","2020","IA"
"4523","Marion","22823","October","2020","IA"
"4524","Marshall","23182","October","2020","IA"
"4525","Mills","10386","October","2020","IA"
"4526","Mitchell","6866","October","2020","IA"
"4527","Monona","5773","October","2020","IA"
"4528","Monroe","4785","October","2020","IA"
"4529","Montgomery","6919","October","2020","IA"
"4530","Muscatine","27194","October","2020","IA"
"4531","O'Brien","9277","October","2020","IA"
"4532","Osceola","4082","October","2020","IA"
"4533","Page","9349","October","2020","IA"
"4534","Palo Alto","6036","October","2020","IA"
"4535","Plymouth","17169","October","2020","IA"
"4536","Pocahontas","4741","October","2020","IA"
"4537","Polk","305908","October","2020","IA"
"4538","Pottawattamie","59438","October","2020","IA"
"4539","Poweshiek","13278","October","2020","IA"
"4540","Ringgold","3135","October","2020","IA"
"4541","Sac","6911","October","2020","IA"
"4542","Scott","118136","October","2020","IA"
"4543","Shelby","8075","October","2020","IA"
"4544","Sioux","21919","October","2020","IA"
"4545","Story","63818","October","2020","IA"
"4546","Tama","11095","October","2020","IA"
"4547","Taylor","3835","October","2020","IA"
"4548","Union","7753","October","2020","IA"
"4549","Van Buren","4739","October","2020","IA"
"4550","Wapello","20316","October","2020","IA"
"4551","Warren","35372","October","2020","IA"
"4552","Washington","14559","October","2020","IA"
"4553","Wayne","3621","October","2020","IA"
"4554","Webster","23780","October","2020","IA"
"4555","Winnebago","7416","October","2020","IA"
"4556","Winneshiek","14069","October","2020","IA"
"4557","Woodbury","59065","October","2020","IA"
"4558","Worth","5268","October","2020","IA"
"4559","Wright","7728","October","2020","IA"
"4560","Allamakee","9181","September","2020","IA"
"4561","Appanoose","8080","September","2020","IA"
"4562","Audubon","4090","September","2020","IA"
"4563","Benton","17152","September","2020","IA"
"4564","Black Hawk","81438","September","2020","IA"
"4565","Boone","18319","September","2020","IA"
"4566","Bremer","16866","September","2020","IA"
"4567","Buchanan","13251","September","2020","IA"
"4568","Buena Vista","11286","September","2020","IA"
"4569","Butler","9579","September","2020","IA"
"4570","Calhoun","6423","September","2020","IA"
"4571","Carroll","14056","September","2020","IA"
"4572","Cass","9049","September","2020","IA"
"4573","Cedar","12008","September","2020","IA"
"4574","Cerro Gordo","29020","September","2020","IA"
"4575","Cherokee","7786","September","2020","IA"
"4576","Chickasaw","7968","September","2020","IA"
"4577","Clarke","5613","September","2020","IA"
"4578","Clay","10937","September","2020","IA"
"4579","Clayton","11405","September","2020","IA"
"4580","Clinton","31117","September","2020","IA"
"4581","Crawford","9388","September","2020","IA"
"4582","Dallas","60810","September","2020","IA"
"4583","Davis","4844","September","2020","IA"
"4584","Decatur","4477","September","2020","IA"
"4585","Delaware","11474","September","2020","IA"
"4586","Des Moines","26305","September","2020","IA"
"4587","Dickinson","13044","September","2020","IA"
"4588","Dubuque","65146","September","2020","IA"
"4589","Emmet","6170","September","2020","IA"
"4590","Fayette","11710","September","2020","IA"
"4591","Floyd","10286","September","2020","IA"
"4592","Franklin","6200","September","2020","IA"
"4593","Fremont","4680","September","2020","IA"
"4594","Greene","6202","September","2020","IA"
"4595","Grundy","8486","September","2020","IA"
"4596","Guthrie","7640","September","2020","IA"
"4597","Hamilton","9692","September","2020","IA"
"4598","Hancock","7389","September","2020","IA"
"4599","Hardin","11056","September","2020","IA"
"4600","Harrison","8679","September","2020","IA"
"4601","Henry","12536","September","2020","IA"
"4602","Howard","5839","September","2020","IA"
"4603","Humboldt","6224","September","2020","IA"
"4604","Ida","4757","September","2020","IA"
"4605","Iowa","11608","September","2020","IA"
"4606","Jackson","13998","September","2020","IA"
"4607","Jasper","25059","September","2020","IA"
"4608","Jefferson","10588","September","2020","IA"
"4609","Johnson","92702","September","2020","IA"
"4610","Jones","13160","September","2020","IA"
"4611","Keokuk","6457","September","2020","IA"
"4612","Kossuth","10673","September","2020","IA"
"4613","Lee","21302","September","2020","IA"
"4614","Linn","147785","September","2020","IA"
"4615","Louisa","6798","September","2020","IA"
"4616","Lucas","5556","September","2020","IA"
"4617","Lyon","8184","September","2020","IA"
"4618","Madison","10976","September","2020","IA"
"4619","Mahaska","13742","September","2020","IA"
"4620","Marion","22583","September","2020","IA"
"4621","Marshall","22979","September","2020","IA"
"4622","Mills","10242","September","2020","IA"
"4623","Mitchell","6728","September","2020","IA"
"4624","Monona","5709","September","2020","IA"
"4625","Monroe","4724","September","2020","IA"
"4626","Montgomery","6837","September","2020","IA"
"4627","Muscatine","26765","September","2020","IA"
"4628","O'Brien","9189","September","2020","IA"
"4629","Osceola","4048","September","2020","IA"
"4630","Page","9327","September","2020","IA"
"4631","Palo Alto","5972","September","2020","IA"
"4632","Plymouth","17027","September","2020","IA"
"4633","Pocahontas","4704","September","2020","IA"
"4634","Polk","300633","September","2020","IA"
"4635","Pottawattamie","58445","September","2020","IA"
"4636","Poweshiek","13163","September","2020","IA"
"4637","Ringgold","3092","September","2020","IA"
"4638","Sac","6866","September","2020","IA"
"4639","Scott","116335","September","2020","IA"
"4640","Shelby","7945","September","2020","IA"
"4641","Sioux","21709","September","2020","IA"
"4642","Story","63283","September","2020","IA"
"4643","Tama","10987","September","2020","IA"
"4644","Taylor","3786","September","2020","IA"
"4645","Union","7644","September","2020","IA"
"4646","Van Buren","4669","September","2020","IA"
"4647","Wapello","20060","September","2020","IA"
"4648","Warren","34668","September","2020","IA"
"4649","Washington","14387","September","2020","IA"
"4650","Wayne","3553","September","2020","IA"
"4651","Webster","23541","September","2020","IA"
"4652","Winnebago","7321","September","2020","IA"
"4653","Winneshiek","13835","September","2020","IA"
"4654","Woodbury","58179","September","2020","IA"
"4655","Worth","5215","September","2020","IA"
"4656","Wright","7643","September","2020","IA"
"4657","Allamakee","9445","April","2021","IA"
"4658","Appanoose","8361","April","2021","IA"
"4659","Audubon","4143","April","2021","IA"
"4660","Benton","17705","April","2021","IA"
"4661","Black Hawk","83642","April","2021","IA"
"4662","Boone","18878","April","2021","IA"
"4663","Bremer","17390","April","2021","IA"
"4664","Buchanan","13559","April","2021","IA"
"4665","Buena Vista","11528","April","2021","IA"
"4666","Butler","9905","April","2021","IA"
"4667","Calhoun","6565","April","2021","IA"
"4668","Carroll","14370","April","2021","IA"
"4669","Cass","9255","April","2021","IA"
"4670","Cedar","12593","April","2021","IA"
"4671","Cerro Gordo","29777","April","2021","IA"
"4672","Cherokee","7963","April","2021","IA"
"4673","Chickasaw","8138","April","2021","IA"
"4674","Clarke","5934","April","2021","IA"
"4675","Clay","11258","April","2021","IA"
"4676","Clayton","11727","April","2021","IA"
"4677","Clinton","31914","April","2021","IA"
"4678","Crawford","9677","April","2021","IA"
"4679","Dallas","64888","April","2021","IA"
"4680","Davis","4932","April","2021","IA"
"4681","Decatur","4753","April","2021","IA"
"4682","Delaware","11896","April","2021","IA"
"4683","Des Moines","26621","April","2021","IA"
"4684","Dickinson","13573","April","2021","IA"
"4685","Dubuque","66960","April","2021","IA"
"4686","Emmet","6233","April","2021","IA"
"4687","Fayette","12301","April","2021","IA"
"4688","Floyd","10446","April","2021","IA"
"4689","Franklin","6390","April","2021","IA"
"4690","Fremont","4859","April","2021","IA"
"4691","Greene","6319","April","2021","IA"
"4692","Grundy","8676","April","2021","IA"
"4693","Guthrie","7834","April","2021","IA"
"4694","Hamilton","9878","April","2021","IA"
"4695","Hancock","7585","April","2021","IA"
"4696","Hardin","11336","April","2021","IA"
"4697","Harrison","9267","April","2021","IA"
"4698","Henry","12866","April","2021","IA"
"4699","Howard","6061","April","2021","IA"
"4700","Humboldt","6410","April","2021","IA"
"4701","Ida","4826","April","2021","IA"
"4702","Iowa","11907","April","2021","IA"
"4703","Jackson","14203","April","2021","IA"
"4704","Jasper","25666","April","2021","IA"
"4705","Jefferson","10903","April","2021","IA"
"4706","Johnson","98082","April","2021","IA"
"4707","Jones","13471","April","2021","IA"
"4708","Keokuk","6627","April","2021","IA"
"4709","Kossuth","10804","April","2021","IA"
"4710","Lee","21960","April","2021","IA"
"4711","Linn","153015","April","2021","IA"
"4712","Louisa","6993","April","2021","IA"
"4713","Lucas","5743","April","2021","IA"
"4714","Lyon","8334","April","2021","IA"
"4715","Madison","11486","April","2021","IA"
"4716","Mahaska","14287","April","2021","IA"
"4717","Marion","23280","April","2021","IA"
"4718","Marshall","23601","April","2021","IA"
"4719","Mills","10540","April","2021","IA"
"4720","Mitchell","7086","April","2021","IA"
"4721","Monona","5917","April","2021","IA"
"4722","Monroe","4990","April","2021","IA"
"4723","Montgomery","7003","April","2021","IA"
"4724","Muscatine","27855","April","2021","IA"
"4725","O'Brien","9387","April","2021","IA"
"4726","Osceola","4130","April","2021","IA"
"4727","Page","9542","April","2021","IA"
"4728","Palo Alto","6211","April","2021","IA"
"4729","Plymouth","17415","April","2021","IA"
"4730","Pocahontas","4798","April","2021","IA"
"4731","Polk","313471","April","2021","IA"
"4732","Pottawattamie","60460","April","2021","IA"
"4733","Poweshiek","13383","April","2021","IA"
"4734","Ringgold","3215","April","2021","IA"
"4735","Sac","7021","April","2021","IA"
"4736","Scott","119728","April","2021","IA"
"4737","Shelby","8255","April","2021","IA"
"4738","Sioux","22263","April","2021","IA"
"4739","Story","65383","April","2021","IA"
"4740","Tama","11237","April","2021","IA"
"4741","Taylor","3970","April","2021","IA"
"4742","Union","7911","April","2021","IA"
"4743","Van Buren","4815","April","2021","IA"
"4744","Wapello","20648","April","2021","IA"
"4745","Warren","36387","April","2021","IA"
"4746","Washington","14811","April","2021","IA"
"4747","Wayne","3712","April","2021","IA"
"4748","Webster","24109","April","2021","IA"
"4749","Winnebago","7546","April","2021","IA"
"4750","Winneshiek","14433","April","2021","IA"
"4751","Woodbury","60357","April","2021","IA"
"4752","Worth","5395","April","2021","IA"
"4753","Wright","7821","April","2021","IA"
"4754","Allamakee","8260","August","2021","IA"
"4755","Appanoose","7172","August","2021","IA"
"4756","Audubon","3671","August","2021","IA"
"4757","Benton","15894","August","2021","IA"
"4758","Black Hawk","72428","August","2021","IA"
"4759","Boone","16763","August","2021","IA"
"4760","Bremer","15620","August","2021","IA"
"4761","Buchanan","11898","August","2021","IA"
"4762","Buena Vista","9436","August","2021","IA"
"4763","Butler","8844","August","2021","IA"
"4764","Calhoun","5795","August","2021","IA"
"4765","Carroll","12564","August","2021","IA"
"4766","Cass","8015","August","2021","IA"
"4767","Cedar","11379","August","2021","IA"
"4768","Cerro Gordo","26080","August","2021","IA"
"4769","Cherokee","7051","August","2021","IA"
"4770","Chickasaw","7144","August","2021","IA"
"4771","Clarke","5128","August","2021","IA"
"4772","Clay","9886","August","2021","IA"
"4773","Clayton","10438","August","2021","IA"
"4774","Clinton","27610","August","2021","IA"
"4775","Crawford","8127","August","2021","IA"
"4776","Dallas","60485","August","2021","IA"
"4777","Davis","4432","August","2021","IA"
"4778","Decatur","4120","August","2021","IA"
"4779","Delaware","10930","August","2021","IA"
"4780","Des Moines","22370","August","2021","IA"
"4781","Dickinson","12293","August","2021","IA"
"4782","Dubuque","59837","August","2021","IA"
"4783","Emmet","5393","August","2021","IA"
"4784","Fayette","10945","August","2021","IA"
"4785","Floyd","9001","August","2021","IA"
"4786","Franklin","5651","August","2021","IA"
"4787","Fremont","4220","August","2021","IA"
"4788","Greene","5531","August","2021","IA"
"4789","Grundy","7883","August","2021","IA"
"4790","Guthrie","6969","August","2021","IA"
"4791","Hamilton","8685","August","2021","IA"
"4792","Hancock","6750","August","2021","IA"
"4793","Hardin","9882","August","2021","IA"
"4794","Harrison","8509","August","2021","IA"
"4795","Henry","11050","August","2021","IA"
"4796","Howard","5431","August","2021","IA"
"4797","Humboldt","5809","August","2021","IA"
"4798","Ida","4264","August","2021","IA"
"4799","Iowa","10700","August","2021","IA"
"4800","Jackson","12351","August","2021","IA"
"4801","Jasper","22473","August","2021","IA"
"4802","Jefferson","9621","August","2021","IA"
"4803","Johnson","89254","August","2021","IA"
"4804","Jones","12006","August","2021","IA"
"4805","Keokuk","5778","August","2021","IA"
"4806","Kossuth","9827","August","2021","IA"
"4807","Lee","18555","August","2021","IA"
"4808","Linn","136843","August","2021","IA"
"4809","Louisa","5952","August","2021","IA"
"4810","Lucas","5053","August","2021","IA"
"4811","Lyon","7491","August","2021","IA"
"4812","Madison","10594","August","2021","IA"
"4813","Mahaska","12504","August","2021","IA"
"4814","Marion","20992","August","2021","IA"
"4815","Marshall","20054","August","2021","IA"
"4816","Mills","9188","August","2021","IA"
"4817","Mitchell","6339","August","2021","IA"
"4818","Monona","5231","August","2021","IA"
"4819","Monroe","4505","August","2021","IA"
"4820","Montgomery","5998","August","2021","IA"
"4821","Muscatine","22964","August","2021","IA"
"4822","O'Brien","8269","August","2021","IA"
"4823","Osceola","3663","August","2021","IA"
"4824","Page","8451","August","2021","IA"
"4825","Palo Alto","5494","August","2021","IA"
"4826","Plymouth","15432","August","2021","IA"
"4827","Pocahontas","4210","August","2021","IA"
"4828","Polk","279009","August","2021","IA"
"4829","Pottawattamie","50671","August","2021","IA"
"4830","Poweshiek","11286","August","2021","IA"
"4831","Ringgold","2904","August","2021","IA"
"4832","Sac","6173","August","2021","IA"
"4833","Scott","101935","August","2021","IA"
"4834","Shelby","7555","August","2021","IA"
"4835","Sioux","20593","August","2021","IA"
"4836","Story","54688","August","2021","IA"
"4837","Tama","9805","August","2021","IA"
"4838","Taylor","3501","August","2021","IA"
"4839","Union","6892","August","2021","IA"
"4840","Van Buren","4185","August","2021","IA"
"4841","Wapello","17344","August","2021","IA"
"4842","Warren","33296","August","2021","IA"
"4843","Washington","13106","August","2021","IA"
"4844","Wayne","3338","August","2021","IA"
"4845","Webster","20197","August","2021","IA"
"4846","Winnebago","6665","August","2021","IA"
"4847","Winneshiek","12951","August","2021","IA"
"4848","Woodbury","50555","August","2021","IA"
"4849","Worth","4862","August","2021","IA"
"4850","Wright","6880","August","2021","IA"
"4851","Allamakee","8317","December","2021","IA"
"4852","Appanoose","7370","December","2021","IA"
"4853","Audubon","3718","December","2021","IA"
"4854","Benton","16041","December","2021","IA"
"4855","Black Hawk","73213","December","2021","IA"
"4856","Boone","16966","December","2021","IA"
"4857","Bremer","15811","December","2021","IA"
"4858","Buchanan","12033","December","2021","IA"
"4859","Buena Vista","9569","December","2021","IA"
"4860","Butler","8952","December","2021","IA"
"4861","Calhoun","5890","December","2021","IA"
"4862","Carroll","12865","December","2021","IA"
"4863","Cass","8169","December","2021","IA"
"4864","Cedar","11444","December","2021","IA"
"4865","Cerro Gordo","26356","December","2021","IA"
"4866","Cherokee","7074","December","2021","IA"
"4867","Chickasaw","7190","December","2021","IA"
"4868","Clarke","5154","December","2021","IA"
"4869","Clay","10047","December","2021","IA"
"4870","Clayton","10573","December","2021","IA"
"4871","Clinton","27892","December","2021","IA"
"4872","Crawford","8207","December","2021","IA"
"4873","Dallas","62044","December","2021","IA"
"4874","Davis","4477","December","2021","IA"
"4875","Decatur","4183","December","2021","IA"
"4876","Delaware","11011","December","2021","IA"
"4877","Des Moines","22607","December","2021","IA"
"4878","Dickinson","12507","December","2021","IA"
"4879","Dubuque","60535","December","2021","IA"
"4880","Emmet","5446","December","2021","IA"
"4881","Fayette","11029","December","2021","IA"
"4882","Floyd","9099","December","2021","IA"
"4883","Franklin","5709","December","2021","IA"
"4884","Fremont","4243","December","2021","IA"
"4885","Greene","5608","December","2021","IA"
"4886","Grundy","7921","December","2021","IA"
"4887","Guthrie","7063","December","2021","IA"
"4888","Hamilton","8740","December","2021","IA"
"4889","Hancock","6797","December","2021","IA"
"4890","Hardin","9952","December","2021","IA"
"4891","Harrison","8557","December","2021","IA"
"4892","Henry","11227","December","2021","IA"
"4893","Howard","5470","December","2021","IA"
"4894","Humboldt","5850","December","2021","IA"
"4895","Ida","4281","December","2021","IA"
"4896","Iowa","10803","December","2021","IA"
"4897","Jackson","12455","December","2021","IA"
"4898","Jasper","22801","December","2021","IA"
"4899","Jefferson","9686","December","2021","IA"
"4900","Johnson","90777","December","2021","IA"
"4901","Jones","12103","December","2021","IA"
"4902","Keokuk","5843","December","2021","IA"
"4903","Kossuth","9901","December","2021","IA"
"4904","Lee","18690","December","2021","IA"
"4905","Linn","138356","December","2021","IA"
"4906","Louisa","6023","December","2021","IA"
"4907","Lucas","5099","December","2021","IA"
"4908","Lyon","7629","December","2021","IA"
"4909","Madison","10694","December","2021","IA"
"4910","Mahaska","12647","December","2021","IA"
"4911","Marion","21286","December","2021","IA"
"4912","Marshall","20295","December","2021","IA"
"4913","Mills","9429","December","2021","IA"
"4914","Mitchell","6374","December","2021","IA"
"4915","Monona","5324","December","2021","IA"
"4916","Monroe","4562","December","2021","IA"
"4917","Montgomery","6105","December","2021","IA"
"4918","Muscatine","23270","December","2021","IA"
"4919","O'Brien","8354","December","2021","IA"
"4920","Osceola","3698","December","2021","IA"
"4921","Page","8658","December","2021","IA"
"4922","Palo Alto","5572","December","2021","IA"
"4923","Plymouth","15668","December","2021","IA"
"4924","Pocahontas","4269","December","2021","IA"
"4925","Polk","282893","December","2021","IA"
"4926","Pottawattamie","51435","December","2021","IA"
"4927","Poweshiek","11544","December","2021","IA"
"4928","Ringgold","2927","December","2021","IA"
"4929","Sac","6222","December","2021","IA"
"4930","Scott","103182","December","2021","IA"
"4931","Shelby","7679","December","2021","IA"
"4932","Sioux","20845","December","2021","IA"
"4933","Story","55467","December","2021","IA"
"4934","Tama","9905","December","2021","IA"
"4935","Taylor","3522","December","2021","IA"
"4936","Union","7018","December","2021","IA"
"4937","Van Buren","4270","December","2021","IA"
"4938","Wapello","17648","December","2021","IA"
"4939","Warren","33817","December","2021","IA"
"4940","Washington","13265","December","2021","IA"
"4941","Wayne","3375","December","2021","IA"
"4942","Webster","20342","December","2021","IA"
"4943","Winnebago","6777","December","2021","IA"
"4944","Winneshiek","13145","December","2021","IA"
"4945","Woodbury","51118","December","2021","IA"
"4946","Worth","4899","December","2021","IA"
"4947","Wright","6918","December","2021","IA"
"4948","Allamakee","9521","February","2021","IA"
"4949","Appanoose","8429","February","2021","IA"
"4950","Audubon","4185","February","2021","IA"
"4951","Benton","17870","February","2021","IA"
"4952","Black Hawk","84619","February","2021","IA"
"4953","Boone","19070","February","2021","IA"
"4954","Bremer","17548","February","2021","IA"
"4955","Buchanan","13644","February","2021","IA"
"4956","Buena Vista","11620","February","2021","IA"
"4957","Butler","9994","February","2021","IA"
"4958","Calhoun","6622","February","2021","IA"
"4959","Carroll","14489","February","2021","IA"
"4960","Cass","9325","February","2021","IA"
"4961","Cedar","12745","February","2021","IA"
"4962","Cerro Gordo","30162","February","2021","IA"
"4963","Cherokee","8020","February","2021","IA"
"4964","Chickasaw","8215","February","2021","IA"
"4965","Clarke","6017","February","2021","IA"
"4966","Clay","11377","February","2021","IA"
"4967","Clayton","11843","February","2021","IA"
"4968","Clinton","32263","February","2021","IA"
"4969","Crawford","9754","February","2021","IA"
"4970","Dallas","66161","February","2021","IA"
"4971","Davis","4999","February","2021","IA"
"4972","Decatur","4824","February","2021","IA"
"4973","Delaware","11972","February","2021","IA"
"4974","Des Moines","27131","February","2021","IA"
"4975","Dickinson","13742","February","2021","IA"
"4976","Dubuque","67754","February","2021","IA"
"4977","Emmet","6325","February","2021","IA"
"4978","Fayette","12404","February","2021","IA"
"4979","Floyd","10529","February","2021","IA"
"4980","Franklin","6464","February","2021","IA"
"4981","Fremont","4899","February","2021","IA"
"4982","Greene","6392","February","2021","IA"
"4983","Grundy","8841","February","2021","IA"
"4984","Guthrie","7932","February","2021","IA"
"4985","Hamilton","9957","February","2021","IA"
"4986","Hancock","7682","February","2021","IA"
"4987","Hardin","11445","February","2021","IA"
"4988","Harrison","9390","February","2021","IA"
"4989","Henry","13004","February","2021","IA"
"4990","Howard","6116","February","2021","IA"
"4991","Humboldt","6450","February","2021","IA"
"4992","Ida","4865","February","2021","IA"
"4993","Iowa","11999","February","2021","IA"
"4994","Jackson","14324","February","2021","IA"
"4995","Jasper","25911","February","2021","IA"
"4996","Jefferson","11074","February","2021","IA"
"4997","Johnson","100604","February","2021","IA"
"4998","Jones","13620","February","2021","IA"
"4999","Keokuk","6693","February","2021","IA"
"5000","Kossuth","10925","February","2021","IA"
"5001","Lee","22184","February","2021","IA"
"5002","Linn","154805","February","2021","IA"
"5003","Louisa","7069","February","2021","IA"
"5004","Lucas","5806","February","2021","IA"
"5005","Lyon","8368","February","2021","IA"
"5006","Madison","11649","February","2021","IA"
"5007","Mahaska","14441","February","2021","IA"
"5008","Marion","23546","February","2021","IA"
"5009","Marshall","23812","February","2021","IA"
"5010","Mills","10685","February","2021","IA"
"5011","Mitchell","7145","February","2021","IA"
"5012","Monona","5942","February","2021","IA"
"5013","Monroe","5042","February","2021","IA"
"5014","Montgomery","7114","February","2021","IA"
"5015","Muscatine","28063","February","2021","IA"
"5016","O'Brien","9485","February","2021","IA"
"5017","Osceola","4173","February","2021","IA"
"5018","Page","9671","February","2021","IA"
"5019","Palo Alto","6194","February","2021","IA"
"5020","Plymouth","17548","February","2021","IA"
"5021","Pocahontas","4853","February","2021","IA"
"5022","Polk","317614","February","2021","IA"
"5023","Pottawattamie","61142","February","2021","IA"
"5024","Poweshiek","13549","February","2021","IA"
"5025","Ringgold","3226","February","2021","IA"
"5026","Sac","7038","February","2021","IA"
"5027","Scott","121394","February","2021","IA"
"5028","Shelby","8334","February","2021","IA"
"5029","Sioux","22431","February","2021","IA"
"5030","Story","66488","February","2021","IA"
"5031","Tama","11362","February","2021","IA"
"5032","Taylor","4002","February","2021","IA"
"5033","Union","7994","February","2021","IA"
"5034","Van Buren","4841","February","2021","IA"
"5035","Wapello","20922","February","2021","IA"
"5036","Warren","36744","February","2021","IA"
"5037","Washington","14964","February","2021","IA"
"5038","Wayne","3766","February","2021","IA"
"5039","Webster","24323","February","2021","IA"
"5040","Winnebago","7602","February","2021","IA"
"5041","Winneshiek","14601","February","2021","IA"
"5042","Woodbury","61145","February","2021","IA"
"5043","Worth","5440","February","2021","IA"
"5044","Wright","7909","February","2021","IA"
"5045","Allamakee","9533","January","2021","IA"
"5046","Appanoose","8440","January","2021","IA"
"5047","Audubon","4190","January","2021","IA"
"5048","Benton","17869","January","2021","IA"
"5049","Black Hawk","84647","January","2021","IA"
"5050","Boone","19071","January","2021","IA"
"5051","Bremer","17546","January","2021","IA"
"5052","Buchanan","13623","January","2021","IA"
"5053","Buena Vista","11604","January","2021","IA"
"5054","Butler","9995","January","2021","IA"
"5055","Calhoun","6619","January","2021","IA"
"5056","Carroll","14465","January","2021","IA"
"5057","Cass","9330","January","2021","IA"
"5058","Cedar","12763","January","2021","IA"
"5059","Cerro Gordo","30244","January","2021","IA"
"5060","Cherokee","8025","January","2021","IA"
"5061","Chickasaw","8224","January","2021","IA"
"5062","Clarke","6024","January","2021","IA"
"5063","Clay","11388","January","2021","IA"
"5064","Clayton","11849","January","2021","IA"
"5065","Clinton","32268","January","2021","IA"
"5066","Crawford","9762","January","2021","IA"
"5067","Dallas","66026","January","2021","IA"
"5068","Davis","4998","January","2021","IA"
"5069","Decatur","4847","January","2021","IA"
"5070","Delaware","11974","January","2021","IA"
"5071","Des Moines","27155","January","2021","IA"
"5072","Dickinson","13733","January","2021","IA"
"5073","Dubuque","67707","January","2021","IA"
"5074","Emmet","6330","January","2021","IA"
"5075","Fayette","12419","January","2021","IA"
"5076","Floyd","10540","January","2021","IA"
"5077","Franklin","6470","January","2021","IA"
"5078","Fremont","4899","January","2021","IA"
"5079","Greene","6402","January","2021","IA"
"5080","Grundy","8833","January","2021","IA"
"5081","Guthrie","7939","January","2021","IA"
"5082","Hamilton","9959","January","2021","IA"
"5083","Hancock","7679","January","2021","IA"
"5084","Hardin","11450","January","2021","IA"
"5085","Harrison","9406","January","2021","IA"
"5086","Henry","13019","January","2021","IA"
"5087","Howard","6099","January","2021","IA"
"5088","Humboldt","6451","January","2021","IA"
"5089","Ida","4857","January","2021","IA"
"5090","Iowa","12003","January","2021","IA"
"5091","Jackson","14306","January","2021","IA"
"5092","Jasper","25920","January","2021","IA"
"5093","Jefferson","11101","January","2021","IA"
"5094","Johnson","100523","January","2021","IA"
"5095","Jones","13627","January","2021","IA"
"5096","Keokuk","6710","January","2021","IA"
"5097","Kossuth","10950","January","2021","IA"
"5098","Lee","22216","January","2021","IA"
"5099","Linn","154763","January","2021","IA"
"5100","Louisa","7060","January","2021","IA"
"5101","Lucas","5805","January","2021","IA"
"5102","Lyon","8377","January","2021","IA"
"5103","Madison","11657","January","2021","IA"
"5104","Mahaska","14444","January","2021","IA"
"5105","Marion","23553","January","2021","IA"
"5106","Marshall","23807","January","2021","IA"
"5107","Mills","10652","January","2021","IA"
"5108","Mitchell","7150","January","2021","IA"
"5109","Monona","5950","January","2021","IA"
"5110","Monroe","5050","January","2021","IA"
"5111","Montgomery","7119","January","2021","IA"
"5112","Muscatine","28055","January","2021","IA"
"5113","O'Brien","9483","January","2021","IA"
"5114","Osceola","4174","January","2021","IA"
"5115","Page","9647","January","2021","IA"
"5116","Palo Alto","6205","January","2021","IA"
"5117","Plymouth","17524","January","2021","IA"
"5118","Pocahontas","4878","January","2021","IA"
"5119","Polk","317930","January","2021","IA"
"5120","Pottawattamie","61148","January","2021","IA"
"5121","Poweshiek","13533","January","2021","IA"
"5122","Ringgold","3238","January","2021","IA"
"5123","Sac","7035","January","2021","IA"
"5124","Scott","121650","January","2021","IA"
"5125","Shelby","8336","January","2021","IA"
"5126","Sioux","22437","January","2021","IA"
"5127","Story","66510","January","2021","IA"
"5128","Tama","11374","January","2021","IA"
"5129","Taylor","4015","January","2021","IA"
"5130","Union","8011","January","2021","IA"
"5131","Van Buren","4840","January","2021","IA"
"5132","Wapello","20917","January","2021","IA"
"5133","Warren","36768","January","2021","IA"
"5134","Washington","14971","January","2021","IA"
"5135","Wayne","3784","January","2021","IA"
"5136","Webster","24331","January","2021","IA"
"5137","Winnebago","7596","January","2021","IA"
"5138","Winneshiek","14614","January","2021","IA"
"5139","Woodbury","61130","January","2021","IA"
"5140","Worth","5444","January","2021","IA"
"5141","Wright","7928","January","2021","IA"
"5142","Allamakee","8253","July","2021","IA"
"5143","Appanoose","7157","July","2021","IA"
"5144","Audubon","3661","July","2021","IA"
"5145","Benton","15827","July","2021","IA"
"5146","Black Hawk","72340","July","2021","IA"
"5147","Boone","16725","July","2021","IA"
"5148","Bremer","15628","July","2021","IA"
"5149","Buchanan","11885","July","2021","IA"
"5150","Buena Vista","9412","July","2021","IA"
"5151","Butler","8824","July","2021","IA"
"5152","Calhoun","5781","July","2021","IA"
"5153","Carroll","12513","July","2021","IA"
"5154","Cass","7995","July","2021","IA"
"5155","Cedar","11378","July","2021","IA"
"5156","Cerro Gordo","26026","July","2021","IA"
"5157","Cherokee","7046","July","2021","IA"
"5158","Chickasaw","7134","July","2021","IA"
"5159","Clarke","5120","July","2021","IA"
"5160","Clay","9868","July","2021","IA"
"5161","Clayton","10421","July","2021","IA"
"5162","Clinton","27535","July","2021","IA"
"5163","Crawford","8119","July","2021","IA"
"5164","Dallas","60194","July","2021","IA"
"5165","Davis","4419","July","2021","IA"
"5166","Decatur","4119","July","2021","IA"
"5167","Delaware","10906","July","2021","IA"
"5168","Des Moines","22313","July","2021","IA"
"5169","Dickinson","12236","July","2021","IA"
"5170","Dubuque","59668","July","2021","IA"
"5171","Emmet","5362","July","2021","IA"
"5172","Fayette","10930","July","2021","IA"
"5173","Floyd","8969","July","2021","IA"
"5174","Franklin","5647","July","2021","IA"
"5175","Fremont","4210","July","2021","IA"
"5176","Greene","5508","July","2021","IA"
"5177","Grundy","7697","July","2021","IA"
"5178","Guthrie","6927","July","2021","IA"
"5179","Hamilton","8678","July","2021","IA"
"5180","Hancock","6744","July","2021","IA"
"5181","Hardin","9871","July","2021","IA"
"5182","Harrison","8517","July","2021","IA"
"5183","Henry","11020","July","2021","IA"
"5184","Howard","5413","July","2021","IA"
"5185","Humboldt","5783","July","2021","IA"
"5186","Ida","4252","July","2021","IA"
"5187","Iowa","10661","July","2021","IA"
"5188","Jackson","12337","July","2021","IA"
"5189","Jasper","22410","July","2021","IA"
"5190","Jefferson","9620","July","2021","IA"
"5191","Johnson","88978","July","2021","IA"
"5192","Jones","11973","July","2021","IA"
"5193","Keokuk","5761","July","2021","IA"
"5194","Kossuth","9801","July","2021","IA"
"5195","Lee","18537","July","2021","IA"
"5196","Linn","136594","July","2021","IA"
"5197","Louisa","5943","July","2021","IA"
"5198","Lucas","5048","July","2021","IA"
"5199","Lyon","7458","July","2021","IA"
"5200","Madison","10570","July","2021","IA"
"5201","Mahaska","12482","July","2021","IA"
"5202","Marion","20938","July","2021","IA"
"5203","Marshall","20023","July","2021","IA"
"5204","Mills","9135","July","2021","IA"
"5205","Mitchell","6333","July","2021","IA"
"5206","Monona","5220","July","2021","IA"
"5207","Monroe","4500","July","2021","IA"
"5208","Montgomery","5975","July","2021","IA"
"5209","Muscatine","22899","July","2021","IA"
"5210","O'Brien","8244","July","2021","IA"
"5211","Osceola","3646","July","2021","IA"
"5212","Page","8414","July","2021","IA"
"5213","Palo Alto","5499","July","2021","IA"
"5214","Plymouth","15385","July","2021","IA"
"5215","Pocahontas","4206","July","2021","IA"
"5216","Polk","278284","July","2021","IA"
"5217","Pottawattamie","50506","July","2021","IA"
"5218","Poweshiek","11251","July","2021","IA"
"5219","Ringgold","2906","July","2021","IA"
"5220","Sac","6154","July","2021","IA"
"5221","Scott","101527","July","2021","IA"
"5222","Shelby","7541","July","2021","IA"
"5223","Sioux","20559","July","2021","IA"
"5224","Story","54638","July","2021","IA"
"5225","Tama","9773","July","2021","IA"
"5226","Taylor","3498","July","2021","IA"
"5227","Union","6858","July","2021","IA"
"5228","Van Buren","4172","July","2021","IA"
"5229","Wapello","17307","July","2021","IA"
"5230","Warren","33216","July","2021","IA"
"5231","Washington","13061","July","2021","IA"
"5232","Wayne","3334","July","2021","IA"
"5233","Webster","20151","July","2021","IA"
"5234","Winnebago","6666","July","2021","IA"
"5235","Winneshiek","12930","July","2021","IA"
"5236","Woodbury","50437","July","2021","IA"
"5237","Worth","4852","July","2021","IA"
"5238","Wright","6852","July","2021","IA"
"5239","Allamakee","8249","June","2021","IA"
"5240","Appanoose","7142","June","2021","IA"
"5241","Audubon","3650","June","2021","IA"
"5242","Benton","15763","June","2021","IA"
"5243","Black Hawk","72215","June","2021","IA"
"5244","Boone","16660","June","2021","IA"
"5245","Bremer","15588","June","2021","IA"
"5246","Buchanan","11853","June","2021","IA"
"5247","Buena Vista","9363","June","2021","IA"
"5248","Butler","8811","June","2021","IA"
"5249","Calhoun","5771","June","2021","IA"
"5250","Carroll","12469","June","2021","IA"
"5251","Cass","7972","June","2021","IA"
"5252","Cedar","11369","June","2021","IA"
"5253","Cerro Gordo","25965","June","2021","IA"
"5254","Cherokee","7038","June","2021","IA"
"5255","Chickasaw","7131","June","2021","IA"
"5256","Clarke","5114","June","2021","IA"
"5257","Clay","9841","June","2021","IA"
"5258","Clayton","10393","June","2021","IA"
"5259","Clinton","27439","June","2021","IA"
"5260","Crawford","8093","June","2021","IA"
"5261","Dallas","59864","June","2021","IA"
"5262","Davis","4408","June","2021","IA"
"5263","Decatur","4120","June","2021","IA"
"5264","Delaware","10876","June","2021","IA"
"5265","Des Moines","22249","June","2021","IA"
"5266","Dickinson","12175","June","2021","IA"
"5267","Dubuque","59528","June","2021","IA"
"5268","Emmet","5341","June","2021","IA"
"5269","Fayette","10916","June","2021","IA"
"5270","Floyd","8963","June","2021","IA"
"5271","Franklin","5631","June","2021","IA"
"5272","Fremont","4200","June","2021","IA"
"5273","Greene","5497","June","2021","IA"
"5274","Grundy","7672","June","2021","IA"
"5275","Guthrie","6893","June","2021","IA"
"5276","Hamilton","8648","June","2021","IA"
"5277","Hancock","6723","June","2021","IA"
"5278","Hardin","9829","June","2021","IA"
"5279","Harrison","8507","June","2021","IA"
"5280","Henry","10979","June","2021","IA"
"5281","Howard","5401","June","2021","IA"
"5282","Humboldt","5767","June","2021","IA"
"5283","Ida","4231","June","2021","IA"
"5284","Iowa","10618","June","2021","IA"
"5285","Jackson","12314","June","2021","IA"
"5286","Jasper","22331","June","2021","IA"
"5287","Jefferson","9602","June","2021","IA"
"5288","Johnson","88462","June","2021","IA"
"5289","Jones","11923","June","2021","IA"
"5290","Keokuk","5755","June","2021","IA"
"5291","Kossuth","9679","June","2021","IA"
"5292","Lee","18502","June","2021","IA"
"5293","Linn","136219","June","2021","IA"
"5294","Louisa","5928","June","2021","IA"
"5295","Lucas","5039","June","2021","IA"
"5296","Lyon","7420","June","2021","IA"
"5297","Madison","10533","June","2021","IA"
"5298","Mahaska","12434","June","2021","IA"
"5299","Marion","20877","June","2021","IA"
"5300","Marshall","19964","June","2021","IA"
"5301","Mills","9064","June","2021","IA"
"5302","Mitchell","6318","June","2021","IA"
"5303","Monona","5209","June","2021","IA"
"5304","Monroe","4488","June","2021","IA"
"5305","Montgomery","5959","June","2021","IA"
"5306","Muscatine","22814","June","2021","IA"
"5307","O'Brien","8216","June","2021","IA"
"5308","Osceola","3591","June","2021","IA"
"5309","Page","8376","June","2021","IA"
"5310","Palo Alto","5485","June","2021","IA"
"5311","Plymouth","15340","June","2021","IA"
"5312","Pocahontas","4197","June","2021","IA"
"5313","Polk","277700","June","2021","IA"
"5314","Pottawattamie","50273","June","2021","IA"
"5315","Poweshiek","11144","June","2021","IA"
"5316","Ringgold","2887","June","2021","IA"
"5317","Sac","6129","June","2021","IA"
"5318","Scott","101102","June","2021","IA"
"5319","Shelby","7536","June","2021","IA"
"5320","Sioux","20494","June","2021","IA"
"5321","Story","54584","June","2021","IA"
"5322","Tama","9762","June","2021","IA"
"5323","Taylor","3492","June","2021","IA"
"5324","Union","6835","June","2021","IA"
"5325","Van Buren","4158","June","2021","IA"
"5326","Wapello","17267","June","2021","IA"
"5327","Warren","33105","June","2021","IA"
"5328","Washington","13006","June","2021","IA"
"5329","Wayne","3335","June","2021","IA"
"5330","Webster","20089","June","2021","IA"
"5331","Winnebago","6647","June","2021","IA"
"5332","Winneshiek","12902","June","2021","IA"
"5333","Woodbury","50314","June","2021","IA"
"5334","Worth","4827","June","2021","IA"
"5335","Wright","6835","June","2021","IA"
"5336","Allamakee","9419","March","2021","IA"
"5337","Appanoose","8316","March","2021","IA"
"5338","Audubon","4144","March","2021","IA"
"5339","Benton","17673","March","2021","IA"
"5340","Black Hawk","83592","March","2021","IA"
"5341","Boone","18823","March","2021","IA"
"5342","Bremer","17346","March","2021","IA"
"5343","Buchanan","13547","March","2021","IA"
"5344","Buena Vista","11503","March","2021","IA"
"5345","Butler","9907","March","2021","IA"
"5346","Calhoun","6558","March","2021","IA"
"5347","Carroll","14352","March","2021","IA"
"5348","Cass","9242","March","2021","IA"
"5349","Cedar","12603","March","2021","IA"
"5350","Cerro Gordo","29766","March","2021","IA"
"5351","Cherokee","7944","March","2021","IA"
"5352","Chickasaw","8138","March","2021","IA"
"5353","Clarke","5935","March","2021","IA"
"5354","Clay","11241","March","2021","IA"
"5355","Clayton","11734","March","2021","IA"
"5356","Clinton","31871","March","2021","IA"
"5357","Crawford","9665","March","2021","IA"
"5358","Dallas","64697","March","2021","IA"
"5359","Davis","4925","March","2021","IA"
"5360","Decatur","4761","March","2021","IA"
"5361","Delaware","11881","March","2021","IA"
"5362","Des Moines","26593","March","2021","IA"
"5363","Dickinson","13548","March","2021","IA"
"5364","Dubuque","66892","March","2021","IA"
"5365","Emmet","6234","March","2021","IA"
"5366","Fayette","12290","March","2021","IA"
"5367","Floyd","10403","March","2021","IA"
"5368","Franklin","6389","March","2021","IA"
"5369","Fremont","4848","March","2021","IA"
"5370","Greene","6324","March","2021","IA"
"5371","Grundy","8741","March","2021","IA"
"5372","Guthrie","7844","March","2021","IA"
"5373","Hamilton","9868","March","2021","IA"
"5374","Hancock","7586","March","2021","IA"
"5375","Hardin","11338","March","2021","IA"
"5376","Harrison","9276","March","2021","IA"
"5377","Henry","12865","March","2021","IA"
"5378","Howard","6052","March","2021","IA"
"5379","Humboldt","6393","March","2021","IA"
"5380","Ida","4820","March","2021","IA"
"5381","Iowa","11882","March","2021","IA"
"5382","Jackson","14188","March","2021","IA"
"5383","Jasper","25628","March","2021","IA"
"5384","Jefferson","10919","March","2021","IA"
"5385","Johnson","97874","March","2021","IA"
"5386","Jones","13467","March","2021","IA"
"5387","Keokuk","6624","March","2021","IA"
"5388","Kossuth","10788","March","2021","IA"
"5389","Lee","21966","March","2021","IA"
"5390","Linn","152778","March","2021","IA"
"5391","Louisa","6989","March","2021","IA"
"5392","Lucas","5737","March","2021","IA"
"5393","Lyon","8324","March","2021","IA"
"5394","Madison","11485","March","2021","IA"
"5395","Mahaska","14279","March","2021","IA"
"5396","Marion","23276","March","2021","IA"
"5397","Marshall","23545","March","2021","IA"
"5398","Mills","10525","March","2021","IA"
"5399","Mitchell","7068","March","2021","IA"
"5400","Monona","5884","March","2021","IA"
"5401","Monroe","4988","March","2021","IA"
"5402","Montgomery","7005","March","2021","IA"
"5403","Muscatine","27726","March","2021","IA"
"5404","O'Brien","9375","March","2021","IA"
"5405","Osceola","4143","March","2021","IA"
"5406","Page","9531","March","2021","IA"
"5407","Palo Alto","6198","March","2021","IA"
"5408","Plymouth","17397","March","2021","IA"
"5409","Pocahontas","4796","March","2021","IA"
"5410","Polk","313187","March","2021","IA"
"5411","Pottawattamie","60386","March","2021","IA"
"5412","Poweshiek","13372","March","2021","IA"
"5413","Ringgold","3183","March","2021","IA"
"5414","Sac","6995","March","2021","IA"
"5415","Scott","119484","March","2021","IA"
"5416","Shelby","8242","March","2021","IA"
"5417","Sioux","22234","March","2021","IA"
"5418","Story","65310","March","2021","IA"
"5419","Tama","11236","March","2021","IA"
"5420","Taylor","3967","March","2021","IA"
"5421","Union","7898","March","2021","IA"
"5422","Van Buren","4799","March","2021","IA"
"5423","Wapello","20654","March","2021","IA"
"5424","Warren","36237","March","2021","IA"
"5425","Washington","14780","March","2021","IA"
"5426","Wayne","3711","March","2021","IA"
"5427","Webster","24092","March","2021","IA"
"5428","Winnebago","7530","March","2021","IA"
"5429","Winneshiek","14432","March","2021","IA"
"5430","Woodbury","60302","March","2021","IA"
"5431","Worth","5387","March","2021","IA"
"5432","Wright","7831","March","2021","IA"
"5433","Allamakee","8109","May","2021","IA"
"5434","Appanoose","7089","May","2021","IA"
"5435","Audubon","3625","May","2021","IA"
"5436","Benton","15641","May","2021","IA"
"5437","Black Hawk","71862","May","2021","IA"
"5438","Boone","16552","May","2021","IA"
"5439","Bremer","15517","May","2021","IA"
"5440","Buchanan","11728","May","2021","IA"
"5441","Buena Vista","9240","May","2021","IA"
"5442","Butler","8757","May","2021","IA"
"5443","Calhoun","5717","May","2021","IA"
"5444","Carroll","12365","May","2021","IA"
"5445","Cass","7908","May","2021","IA"
"5446","Cedar","11289","May","2021","IA"
"5447","Cerro Gordo","25801","May","2021","IA"
"5448","Cherokee","6977","May","2021","IA"
"5449","Chickasaw","7073","May","2021","IA"
"5450","Clarke","5066","May","2021","IA"
"5451","Clay","9762","May","2021","IA"
"5452","Clayton","10283","May","2021","IA"
"5453","Clinton","27268","May","2021","IA"
"5454","Crawford","8032","May","2021","IA"
"5455","Dallas","59344","May","2021","IA"
"5456","Davis","4373","May","2021","IA"
"5457","Decatur","4089","May","2021","IA"
"5458","Delaware","10756","May","2021","IA"
"5459","Des Moines","22006","May","2021","IA"
"5460","Dickinson","12077","May","2021","IA"
"5461","Dubuque","59185","May","2021","IA"
"5462","Emmet","5287","May","2021","IA"
"5463","Fayette","10808","May","2021","IA"
"5464","Floyd","8891","May","2021","IA"
"5465","Franklin","5596","May","2021","IA"
"5466","Fremont","4165","May","2021","IA"
"5467","Greene","5406","May","2021","IA"
"5468","Grundy","7655","May","2021","IA"
"5469","Guthrie","6790","May","2021","IA"
"5470","Hamilton","8599","May","2021","IA"
"5471","Hancock","6654","May","2021","IA"
"5472","Hardin","9772","May","2021","IA"
"5473","Harrison","8474","May","2021","IA"
"5474","Henry","10884","May","2021","IA"
"5475","Howard","5358","May","2021","IA"
"5476","Humboldt","5712","May","2021","IA"
"5477","Ida","4199","May","2021","IA"
"5478","Iowa","10535","May","2021","IA"
"5479","Jackson","12205","May","2021","IA"
"5480","Jasper","22141","May","2021","IA"
"5481","Jefferson","9547","May","2021","IA"
"5482","Johnson","88051","May","2021","IA"
"5483","Jones","11837","May","2021","IA"
"5484","Keokuk","5693","May","2021","IA"
"5485","Kossuth","9672","May","2021","IA"
"5486","Lee","18373","May","2021","IA"
"5487","Linn","135421","May","2021","IA"
"5488","Louisa","5881","May","2021","IA"
"5489","Lucas","4971","May","2021","IA"
"5490","Lyon","7296","May","2021","IA"
"5491","Madison","10463","May","2021","IA"
"5492","Mahaska","12362","May","2021","IA"
"5493","Marion","20633","May","2021","IA"
"5494","Marshall","19845","May","2021","IA"
"5495","Mills","8908","May","2021","IA"
"5496","Mitchell","6270","May","2021","IA"
"5497","Monona","5168","May","2021","IA"
"5498","Monroe","4469","May","2021","IA"
"5499","Montgomery","5909","May","2021","IA"
"5500","Muscatine","22769","May","2021","IA"
"5501","O'Brien","8040","May","2021","IA"
"5502","Osceola","3594","May","2021","IA"
"5503","Page","8295","May","2021","IA"
"5504","Palo Alto","5458","May","2021","IA"
"5505","Plymouth","15117","May","2021","IA"
"5506","Pocahontas","4167","May","2021","IA"
"5507","Polk","276241","May","2021","IA"
"5508","Pottawattamie","49728","May","2021","IA"
"5509","Poweshiek","11043","May","2021","IA"
"5510","Ringgold","2873","May","2021","IA"
"5511","Sac","6067","May","2021","IA"
"5512","Scott","100430","May","2021","IA"
"5513","Shelby","7479","May","2021","IA"
"5514","Sioux","20388","May","2021","IA"
"5515","Story","54194","May","2021","IA"
"5516","Tama","9702","May","2021","IA"
"5517","Taylor","3465","May","2021","IA"
"5518","Union","6751","May","2021","IA"
"5519","Van Buren","4121","May","2021","IA"
"5520","Wapello","17124","May","2021","IA"
"5521","Warren","32781","May","2021","IA"
"5522","Washington","12882","May","2021","IA"
"5523","Wayne","3290","May","2021","IA"
"5524","Webster","19909","May","2021","IA"
"5525","Winnebago","6563","May","2021","IA"
"5526","Winneshiek","12828","May","2021","IA"
"5527","Woodbury","50052","May","2021","IA"
"5528","Worth","4802","May","2021","IA"
"5529","Wright","6787","May","2021","IA"
"5530","Allamakee","8304","November","2021","IA"
"5531","Appanoose","7323","November","2021","IA"
"5532","Audubon","3691","November","2021","IA"
"5533","Benton","16006","November","2021","IA"
"5534","Black Hawk","72832","November","2021","IA"
"5535","Boone","16937","November","2021","IA"
"5536","Bremer","15759","November","2021","IA"
"5537","Buchanan","12006","November","2021","IA"
"5538","Buena Vista","9532","November","2021","IA"
"5539","Butler","8914","November","2021","IA"
"5540","Calhoun","5856","November","2021","IA"
"5541","Carroll","12755","November","2021","IA"
"5542","Cass","8087","November","2021","IA"
"5543","Cedar","11418","November","2021","IA"
"5544","Cerro Gordo","26243","November","2021","IA"
"5545","Cherokee","7073","November","2021","IA"
"5546","Chickasaw","7168","November","2021","IA"
"5547","Clarke","5137","November","2021","IA"
"5548","Clay","10010","November","2021","IA"
"5549","Clayton","10511","November","2021","IA"
"5550","Clinton","27815","November","2021","IA"
"5551","Crawford","8204","November","2021","IA"
"5552","Dallas","61413","November","2021","IA"
"5553","Davis","4465","November","2021","IA"
"5554","Decatur","4153","November","2021","IA"
"5555","Delaware","10959","November","2021","IA"
"5556","Des Moines","22527","November","2021","IA"
"5557","Dickinson","12405","November","2021","IA"
"5558","Dubuque","60388","November","2021","IA"
"5559","Emmet","5437","November","2021","IA"
"5560","Fayette","10992","November","2021","IA"
"5561","Floyd","9098","November","2021","IA"
"5562","Franklin","5669","November","2021","IA"
"5563","Fremont","4231","November","2021","IA"
"5564","Greene","5542","November","2021","IA"
"5565","Grundy","7937","November","2021","IA"
"5566","Guthrie","7039","November","2021","IA"
"5567","Hamilton","8703","November","2021","IA"
"5568","Hancock","6775","November","2021","IA"
"5569","Hardin","9944","November","2021","IA"
"5570","Harrison","8515","November","2021","IA"
"5571","Henry","11208","November","2021","IA"
"5572","Howard","5450","November","2021","IA"
"5573","Humboldt","5837","November","2021","IA"
"5574","Ida","4277","November","2021","IA"
"5575","Iowa","10783","November","2021","IA"
"5576","Jackson","12407","November","2021","IA"
"5577","Jasper","22685","November","2021","IA"
"5578","Jefferson","9655","November","2021","IA"
"5579","Johnson","90317","November","2021","IA"
"5580","Jones","12052","November","2021","IA"
"5581","Keokuk","5800","November","2021","IA"
"5582","Kossuth","9864","November","2021","IA"
"5583","Lee","18640","November","2021","IA"
"5584","Linn","137889","November","2021","IA"
"5585","Louisa","6000","November","2021","IA"
"5586","Lucas","5090","November","2021","IA"
"5587","Lyon","7592","November","2021","IA"
"5588","Madison","10671","November","2021","IA"
"5589","Mahaska","12604","November","2021","IA"
"5590","Marion","21205","November","2021","IA"
"5591","Marshall","20130","November","2021","IA"
"5592","Mills","9372","November","2021","IA"
"5593","Mitchell","6367","November","2021","IA"
"5594","Monona","5271","November","2021","IA"
"5595","Monroe","4546","November","2021","IA"
"5596","Montgomery","6053","November","2021","IA"
"5597","Muscatine","23115","November","2021","IA"
"5598","O'Brien","8317","November","2021","IA"
"5599","Osceola","3696","November","2021","IA"
"5600","Page","8578","November","2021","IA"
"5601","Palo Alto","5533","November","2021","IA"
"5602","Plymouth","15610","November","2021","IA"
"5603","Pocahontas","4269","November","2021","IA"
"5604","Polk","282063","November","2021","IA"
"5605","Pottawattamie","51254","November","2021","IA"
"5606","Poweshiek","11450","November","2021","IA"
"5607","Ringgold","2920","November","2021","IA"
"5608","Sac","6225","November","2021","IA"
"5609","Scott","102862","November","2021","IA"
"5610","Shelby","7638","November","2021","IA"
"5611","Sioux","20750","November","2021","IA"
"5612","Story","55142","November","2021","IA"
"5613","Tama","9829","November","2021","IA"
"5614","Taylor","3507","November","2021","IA"
"5615","Union","6961","November","2021","IA"
"5616","Van Buren","4240","November","2021","IA"
"5617","Wapello","17607","November","2021","IA"
"5618","Warren","33753","November","2021","IA"
"5619","Washington","13215","November","2021","IA"
"5620","Wayne","3354","November","2021","IA"
"5621","Webster","20282","November","2021","IA"
"5622","Winnebago","6749","November","2021","IA"
"5623","Winneshiek","13061","November","2021","IA"
"5624","Woodbury","51012","November","2021","IA"
"5625","Worth","4882","November","2021","IA"
"5626","Wright","6921","November","2021","IA"
"5627","Allamakee","8266","October","2021","IA"
"5628","Appanoose","7190","October","2021","IA"
"5629","Audubon","3680","October","2021","IA"
"5630","Benton","15921","October","2021","IA"
"5631","Black Hawk","72509","October","2021","IA"
"5632","Boone","16805","October","2021","IA"
"5633","Bremer","15678","October","2021","IA"
"5634","Buchanan","11925","October","2021","IA"
"5635","Buena Vista","9467","October","2021","IA"
"5636","Butler","8856","October","2021","IA"
"5637","Calhoun","5808","October","2021","IA"
"5638","Carroll","12609","October","2021","IA"
"5639","Cass","8035","October","2021","IA"
"5640","Cedar","11376","October","2021","IA"
"5641","Cerro Gordo","26161","October","2021","IA"
"5642","Cherokee","7060","October","2021","IA"
"5643","Chickasaw","7152","October","2021","IA"
"5644","Clarke","5127","October","2021","IA"
"5645","Clay","9892","October","2021","IA"
"5646","Clayton","10461","October","2021","IA"
"5647","Clinton","27669","October","2021","IA"
"5648","Crawford","8146","October","2021","IA"
"5649","Dallas","60827","October","2021","IA"
"5650","Davis","4437","October","2021","IA"
"5651","Decatur","4126","October","2021","IA"
"5652","Delaware","10930","October","2021","IA"
"5653","Des Moines","22407","October","2021","IA"
"5654","Dickinson","12332","October","2021","IA"
"5655","Dubuque","59989","October","2021","IA"
"5656","Emmet","5410","October","2021","IA"
"5657","Fayette","10966","October","2021","IA"
"5658","Floyd","9046","October","2021","IA"
"5659","Franklin","5643","October","2021","IA"
"5660","Fremont","4215","October","2021","IA"
"5661","Greene","5536","October","2021","IA"
"5662","Grundy","7913","October","2021","IA"
"5663","Guthrie","6992","October","2021","IA"
"5664","Hamilton","8678","October","2021","IA"
"5665","Hancock","6747","October","2021","IA"
"5666","Hardin","9885","October","2021","IA"
"5667","Harrison","8501","October","2021","IA"
"5668","Henry","11078","October","2021","IA"
"5669","Howard","5438","October","2021","IA"
"5670","Humboldt","5813","October","2021","IA"
"5671","Ida","4270","October","2021","IA"
"5672","Iowa","10719","October","2021","IA"
"5673","Jackson","12376","October","2021","IA"
"5674","Jasper","22526","October","2021","IA"
"5675","Jefferson","9609","October","2021","IA"
"5676","Johnson","89728","October","2021","IA"
"5677","Jones","12014","October","2021","IA"
"5678","Keokuk","5778","October","2021","IA"
"5679","Kossuth","9839","October","2021","IA"
"5680","Lee","18586","October","2021","IA"
"5681","Linn","137175","October","2021","IA"
"5682","Louisa","5966","October","2021","IA"
"5683","Lucas","5060","October","2021","IA"
"5684","Lyon","7505","October","2021","IA"
"5685","Madison","10616","October","2021","IA"
"5686","Mahaska","12552","October","2021","IA"
"5687","Marion","21043","October","2021","IA"
"5688","Marshall","20071","October","2021","IA"
"5689","Mills","9235","October","2021","IA"
"5690","Mitchell","6343","October","2021","IA"
"5691","Monona","5244","October","2021","IA"
"5692","Monroe","4509","October","2021","IA"
"5693","Montgomery","6006","October","2021","IA"
"5694","Muscatine","22996","October","2021","IA"
"5695","O'Brien","8288","October","2021","IA"
"5696","Osceola","3672","October","2021","IA"
"5697","Page","8493","October","2021","IA"
"5698","Palo Alto","5507","October","2021","IA"
"5699","Plymouth","15480","October","2021","IA"
"5700","Pocahontas","4218","October","2021","IA"
"5701","Polk","279709","October","2021","IA"
"5702","Pottawattamie","50899","October","2021","IA"
"5703","Poweshiek","11297","October","2021","IA"
"5704","Ringgold","2900","October","2021","IA"
"5705","Sac","6182","October","2021","IA"
"5706","Scott","102235","October","2021","IA"
"5707","Shelby","7581","October","2021","IA"
"5708","Sioux","20646","October","2021","IA"
"5709","Story","54837","October","2021","IA"
"5710","Tama","9816","October","2021","IA"
"5711","Taylor","3504","October","2021","IA"
"5712","Union","6910","October","2021","IA"
"5713","Van Buren","4206","October","2021","IA"
"5714","Wapello","17378","October","2021","IA"
"5715","Warren","33436","October","2021","IA"
"5716","Washington","13148","October","2021","IA"
"5717","Wayne","3342","October","2021","IA"
"5718","Webster","20210","October","2021","IA"
"5719","Winnebago","6692","October","2021","IA"
"5720","Winneshiek","12973","October","2021","IA"
"5721","Woodbury","50691","October","2021","IA"
"5722","Worth","4867","October","2021","IA"
"5723","Wright","6893","October","2021","IA"
"5724","Allamakee","8271","September","2021","IA"
"5725","Appanoose","7191","September","2021","IA"
"5726","Audubon","3673","September","2021","IA"
"5727","Benton","15924","September","2021","IA"
"5728","Black Hawk","72509","September","2021","IA"
"5729","Boone","16787","September","2021","IA"
"5730","Bremer","15677","September","2021","IA"
"5731","Buchanan","11920","September","2021","IA"
"5732","Buena Vista","9474","September","2021","IA"
"5733","Butler","8859","September","2021","IA"
"5734","Calhoun","5809","September","2021","IA"
"5735","Carroll","12615","September","2021","IA"
"5736","Cass","8039","September","2021","IA"
"5737","Cedar","11377","September","2021","IA"
"5738","Cerro Gordo","26154","September","2021","IA"
"5739","Cherokee","7059","September","2021","IA"
"5740","Chickasaw","7153","September","2021","IA"
"5741","Clarke","5128","September","2021","IA"
"5742","Clay","9892","September","2021","IA"
"5743","Clayton","10460","September","2021","IA"
"5744","Clinton","27665","September","2021","IA"
"5745","Crawford","8151","September","2021","IA"
"5746","Dallas","60803","September","2021","IA"
"5747","Davis","4436","September","2021","IA"
"5748","Decatur","4126","September","2021","IA"
"5749","Delaware","10930","September","2021","IA"
"5750","Des Moines","22406","September","2021","IA"
"5751","Dickinson","12341","September","2021","IA"
"5752","Dubuque","59985","September","2021","IA"
"5753","Emmet","5411","September","2021","IA"
"5754","Fayette","10963","September","2021","IA"
"5755","Floyd","9047","September","2021","IA"
"5756","Franklin","5647","September","2021","IA"
"5757","Fremont","4215","September","2021","IA"
"5758","Greene","5531","September","2021","IA"
"5759","Grundy","7909","September","2021","IA"
"5760","Guthrie","6995","September","2021","IA"
"5761","Hamilton","8692","September","2021","IA"
"5762","Hancock","6745","September","2021","IA"
"5763","Hardin","9884","September","2021","IA"
"5764","Harrison","8509","September","2021","IA"
"5765","Henry","11080","September","2021","IA"
"5766","Howard","5443","September","2021","IA"
"5767","Humboldt","5819","September","2021","IA"
"5768","Ida","4270","September","2021","IA"
"5769","Iowa","10719","September","2021","IA"
"5770","Jackson","12377","September","2021","IA"
"5771","Jasper","22544","September","2021","IA"
"5772","Jefferson","9616","September","2021","IA"
"5773","Johnson","89710","September","2021","IA"
"5774","Jones","12028","September","2021","IA"
"5775","Keokuk","5778","September","2021","IA"
"5776","Kossuth","9839","September","2021","IA"
"5777","Lee","18586","September","2021","IA"
"5778","Linn","137191","September","2021","IA"
"5779","Louisa","5967","September","2021","IA"
"5780","Lucas","5061","September","2021","IA"
"5781","Lyon","7505","September","2021","IA"
"5782","Madison","10621","September","2021","IA"
"5783","Mahaska","12558","September","2021","IA"
"5784","Marion","21045","September","2021","IA"
"5785","Marshall","20078","September","2021","IA"
"5786","Mills","9235","September","2021","IA"
"5787","Mitchell","6343","September","2021","IA"
"5788","Monona","5244","September","2021","IA"
"5789","Monroe","4512","September","2021","IA"
"5790","Montgomery","6010","September","2021","IA"
"5791","Muscatine","22997","September","2021","IA"
"5792","O'Brien","8282","September","2021","IA"
"5793","Osceola","3673","September","2021","IA"
"5794","Page","8496","September","2021","IA"
"5795","Palo Alto","5506","September","2021","IA"
"5796","Plymouth","15481","September","2021","IA"
"5797","Pocahontas","4215","September","2021","IA"
"5798","Polk","279648","September","2021","IA"
"5799","Pottawattamie","50897","September","2021","IA"
"5800","Poweshiek","11298","September","2021","IA"
"5801","Ringgold","2900","September","2021","IA"
"5802","Sac","6183","September","2021","IA"
"5803","Scott","102241","September","2021","IA"
"5804","Shelby","7581","September","2021","IA"
"5805","Sioux","20653","September","2021","IA"
"5806","Story","54830","September","2021","IA"
"5807","Tama","9816","September","2021","IA"
"5808","Taylor","3503","September","2021","IA"
"5809","Union","6916","September","2021","IA"
"5810","Van Buren","4213","September","2021","IA"
"5811","Wapello","17381","September","2021","IA"
"5812","Warren","33428","September","2021","IA"
"5813","Washington","13156","September","2021","IA"
"5814","Wayne","3339","September","2021","IA"
"5815","Webster","20216","September","2021","IA"
"5816","Winnebago","6691","September","2021","IA"
"5817","Winneshiek","12974","September","2021","IA"
"5818","Woodbury","50689","September","2021","IA"
"5819","Worth","4866","September","2021","IA"
"5820","Wright","6888","September","2021","IA"
"5821","Allamakee","8267","April","2022","IA"
"5822","Appanoose","7290","April","2022","IA"
"5823","Audubon","3671","April","2022","IA"
"5824","Benton","15913","April","2022","IA"
"5825","Black Hawk","72016","April","2022","IA"
"5826","Boone","16750","April","2022","IA"
"5827","Bremer","15539","April","2022","IA"
"5828","Buchanan","11993","April","2022","IA"
"5829","Buena Vista","9422","April","2022","IA"
"5830","Butler","8841","April","2022","IA"
"5831","Calhoun","5859","April","2022","IA"
"5832","Carroll","12739","April","2022","IA"
"5833","Cass","8087","April","2022","IA"
"5834","Cedar","11236","April","2022","IA"
"5835","Cerro Gordo","25911","April","2022","IA"
"5836","Cherokee","6990","April","2022","IA"
"5837","Chickasaw","7124","April","2022","IA"
"5838","Clarke","5053","April","2022","IA"
"5839","Clay","9913","April","2022","IA"
"5840","Clayton","10623","April","2022","IA"
"5841","Clinton","27562","April","2022","IA"
"5842","Crawford","8233","April","2022","IA"
"5843","Dallas","60293","April","2022","IA"
"5844","Davis","4412","April","2022","IA"
"5845","Decatur","4094","April","2022","IA"
"5846","Delaware","10925","April","2022","IA"
"5847","Des Moines","22301","April","2022","IA"
"5848","Dickinson","12385","April","2022","IA"
"5849","Dubuque","59858","April","2022","IA"
"5850","Emmet","5382","April","2022","IA"
"5851","Fayette","10882","April","2022","IA"
"5852","Floyd","8972","April","2022","IA"
"5853","Franklin","5639","April","2022","IA"
"5854","Fremont","4202","April","2022","IA"
"5855","Greene","5622","April","2022","IA"
"5856","Grundy","7907","April","2022","IA"
"5857","Guthrie","7039","April","2022","IA"
"5858","Hamilton","8644","April","2022","IA"
"5859","Hancock","6672","April","2022","IA"
"5860","Hardin","9889","April","2022","IA"
"5861","Harrison","8399","April","2022","IA"
"5862","Henry","11077","April","2022","IA"
"5863","Howard","5410","April","2022","IA"
"5864","Humboldt","5780","April","2022","IA"
"5865","Ida","4204","April","2022","IA"
"5866","Iowa","10732","April","2022","IA"
"5867","Jackson","12370","April","2022","IA"
"5868","Jasper","22545","April","2022","IA"
"5869","Jefferson","9579","April","2022","IA"
"5870","Johnson","88205","April","2022","IA"
"5871","Jones","11965","April","2022","IA"
"5872","Keokuk","5773","April","2022","IA"
"5873","Kossuth","9823","April","2022","IA"
"5874","Lee","18561","April","2022","IA"
"5875","Linn","136173","April","2022","IA"
"5876","Louisa","5973","April","2022","IA"
"5877","Lucas","5067","April","2022","IA"
"5878","Lyon","7607","April","2022","IA"
"5879","Madison","10548","April","2022","IA"
"5880","Mahaska","12413","April","2022","IA"
"5881","Marion","21095","April","2022","IA"
"5882","Marshall","20021","April","2022","IA"
"5883","Mills","9371","April","2022","IA"
"5884","Mitchell","6344","April","2022","IA"
"5885","Monona","5248","April","2022","IA"
"5886","Monroe","4499","April","2022","IA"
"5887","Montgomery","6012","April","2022","IA"
"5888","Muscatine","22973","April","2022","IA"
"5889","O'Brien","8273","April","2022","IA"
"5890","Osceola","3644","April","2022","IA"
"5891","Page","8611","April","2022","IA"
"5892","Palo Alto","5457","April","2022","IA"
"5893","Plymouth","15606","April","2022","IA"
"5894","Pocahontas","4191","April","2022","IA"
"5895","Polk","277841","April","2022","IA"
"5896","Pottawattamie","50899","April","2022","IA"
"5897","Poweshiek","11418","April","2022","IA"
"5898","Ringgold","2896","April","2022","IA"
"5899","Sac","6209","April","2022","IA"
"5900","Scott","101784","April","2022","IA"
"5901","Shelby","7599","April","2022","IA"
"5902","Sioux","20757","April","2022","IA"
"5903","Story","53583","April","2022","IA"
"5904","Tama","9841","April","2022","IA"
"5905","Taylor","3505","April","2022","IA"
"5906","Union","6900","April","2022","IA"
"5907","Van Buren","4223","April","2022","IA"
"5908","Wapello","17331","April","2022","IA"
"5909","Warren","33341","April","2022","IA"
"5910","Washington","13135","April","2022","IA"
"5911","Wayne","3391","April","2022","IA"
"5912","Webster","20129","April","2022","IA"
"5913","Winnebago","6670","April","2022","IA"
"5914","Winneshiek","12944","April","2022","IA"
"5915","Woodbury","50512","April","2022","IA"
"5916","Worth","4853","April","2022","IA"
"5917","Wright","6822","April","2022","IA"
"5918","Allamakee","8294","August","2022","IA"
"5919","Appanoose","7346","August","2022","IA"
"5920","Audubon","3670","August","2022","IA"
"5921","Benton","16053","August","2022","IA"
"5922","Black Hawk","72154","August","2022","IA"
"5923","Boone","16861","August","2022","IA"
"5924","Bremer","15580","August","2022","IA"
"5925","Buchanan","12111","August","2022","IA"
"5926","Buena Vista","9546","August","2022","IA"
"5927","Butler","8872","August","2022","IA"
"5928","Calhoun","5872","August","2022","IA"
"5929","Carroll","12816","August","2022","IA"
"5930","Cass","8117","August","2022","IA"
"5931","Cedar","11235","August","2022","IA"
"5932","Cerro Gordo","26135","August","2022","IA"
"5933","Cherokee","7029","August","2022","IA"
"5934","Chickasaw","7133","August","2022","IA"
"5935","Clarke","5103","August","2022","IA"
"5936","Clay","9986","August","2022","IA"
"5937","Clayton","10671","August","2022","IA"
"5938","Clinton","27741","August","2022","IA"
"5939","Crawford","8270","August","2022","IA"
"5940","Dallas","61572","August","2022","IA"
"5941","Davis","4436","August","2022","IA"
"5942","Decatur","4109","August","2022","IA"
"5943","Delaware","11003","August","2022","IA"
"5944","Des Moines","22446","August","2022","IA"
"5945","Dickinson","12504","August","2022","IA"
"5946","Dubuque","60088","August","2022","IA"
"5947","Emmet","5396","August","2022","IA"
"5948","Fayette","10886","August","2022","IA"
"5949","Floyd","9030","August","2022","IA"
"5950","Franklin","5703","August","2022","IA"
"5951","Fremont","4215","August","2022","IA"
"5952","Greene","5623","August","2022","IA"
"5953","Grundy","7989","August","2022","IA"
"5954","Guthrie","7147","August","2022","IA"
"5955","Hamilton","8684","August","2022","IA"
"5956","Hancock","6739","August","2022","IA"
"5957","Hardin","9921","August","2022","IA"
"5958","Harrison","8421","August","2022","IA"
"5959","Henry","11164","August","2022","IA"
"5960","Howard","5444","August","2022","IA"
"5961","Humboldt","5825","August","2022","IA"
"5962","Ida","4197","August","2022","IA"
"5963","Iowa","10824","August","2022","IA"
"5964","Jackson","12434","August","2022","IA"
"5965","Jasper","22729","August","2022","IA"
"5966","Jefferson","9590","August","2022","IA"
"5967","Johnson","88668","August","2022","IA"
"5968","Jones","12064","August","2022","IA"
"5969","Keokuk","5800","August","2022","IA"
"5970","Kossuth","9837","August","2022","IA"
"5971","Lee","18554","August","2022","IA"
"5972","Linn","137022","August","2022","IA"
"5973","Louisa","6024","August","2022","IA"
"5974","Lucas","5127","August","2022","IA"
"5975","Lyon","7694","August","2022","IA"
"5976","Madison","10701","August","2022","IA"
"5977","Mahaska","12458","August","2022","IA"
"5978","Marion","21299","August","2022","IA"
"5979","Marshall","20120","August","2022","IA"
"5980","Mills","9486","August","2022","IA"
"5981","Mitchell","6384","August","2022","IA"
"5982","Monona","5280","August","2022","IA"
"5983","Monroe","4517","August","2022","IA"
"5984","Montgomery","6088","August","2022","IA"
"5985","Muscatine","23065","August","2022","IA"
"5986","O'Brien","8294","August","2022","IA"
"5987","Osceola","3645","August","2022","IA"
"5988","Page","8709","August","2022","IA"
"5989","Palo Alto","5491","August","2022","IA"
"5990","Plymouth","15677","August","2022","IA"
"5991","Pocahontas","4207","August","2022","IA"
"5992","Polk","280547","August","2022","IA"
"5993","Pottawattamie","51478","August","2022","IA"
"5994","Poweshiek","11387","August","2022","IA"
"5995","Ringgold","2912","August","2022","IA"
"5996","Sac","6233","August","2022","IA"
"5997","Scott","102378","August","2022","IA"
"5998","Shelby","7634","August","2022","IA"
"5999","Sioux","20795","August","2022","IA"
"6000","Story","53352","August","2022","IA"
"6001","Tama","9879","August","2022","IA"
"6002","Taylor","3493","August","2022","IA"
"6003","Union","6939","August","2022","IA"
"6004","Van Buren","4225","August","2022","IA"
"6005","Wapello","17418","August","2022","IA"
"6006","Warren","33700","August","2022","IA"
"6007","Washington","13268","August","2022","IA"
"6008","Wayne","3411","August","2022","IA"
"6009","Webster","20192","August","2022","IA"
"6010","Winnebago","6745","August","2022","IA"
"6011","Winneshiek","12873","August","2022","IA"
"6012","Woodbury","50936","August","2022","IA"
"6013","Worth","4864","August","2022","IA"
"6014","Wright","6874","August","2022","IA"
"6015","Allamakee","8476","December","2022","IA"
"6016","Appanoose","7487","December","2022","IA"
"6017","Audubon","3698","December","2022","IA"
"6018","Benton","16321","December","2022","IA"
"6019","Black Hawk","73894","December","2022","IA"
"6020","Boone","17203","December","2022","IA"
"6021","Bremer","15941","December","2022","IA"
"6022","Buchanan","12304","December","2022","IA"
"6023","Buena Vista","9688","December","2022","IA"
"6024","Butler","9014","December","2022","IA"
"6025","Calhoun","5943","December","2022","IA"
"6026","Carroll","13000","December","2022","IA"
"6027","Cass","8267","December","2022","IA"
"6028","Cedar","11613","December","2022","IA"
"6029","Cerro Gordo","26515","December","2022","IA"
"6030","Cherokee","7138","December","2022","IA"
"6031","Chickasaw","7256","December","2022","IA"
"6032","Clarke","5209","December","2022","IA"
"6033","Clay","10171","December","2022","IA"
"6034","Clayton","10807","December","2022","IA"
"6035","Clinton","28306","December","2022","IA"
"6036","Crawford","8361","December","2022","IA"
"6037","Dallas","64415","December","2022","IA"
"6038","Davis","4547","December","2022","IA"
"6039","Decatur","4246","December","2022","IA"
"6040","Delaware","11224","December","2022","IA"
"6041","Des Moines","22780","December","2022","IA"
"6042","Dickinson","12779","December","2022","IA"
"6043","Dubuque","61346","December","2022","IA"
"6044","Emmet","5529","December","2022","IA"
"6045","Fayette","11066","December","2022","IA"
"6046","Floyd","9126","December","2022","IA"
"6047","Franklin","5800","December","2022","IA"
"6048","Fremont","4319","December","2022","IA"
"6049","Greene","5659","December","2022","IA"
"6050","Grundy","8077","December","2022","IA"
"6051","Guthrie","7252","December","2022","IA"
"6052","Hamilton","8825","December","2022","IA"
"6053","Hancock","6839","December","2022","IA"
"6054","Hardin","10076","December","2022","IA"
"6055","Harrison","8662","December","2022","IA"
"6056","Henry","11358","December","2022","IA"
"6057","Howard","5517","December","2022","IA"
"6058","Humboldt","5961","December","2022","IA"
"6059","Ida","4278","December","2022","IA"
"6060","Iowa","11028","December","2022","IA"
"6061","Jackson","12629","December","2022","IA"
"6062","Jasper","23275","December","2022","IA"
"6063","Jefferson","9817","December","2022","IA"
"6064","Johnson","94651","December","2022","IA"
"6065","Jones","12409","December","2022","IA"
"6066","Keokuk","5895","December","2022","IA"
"6067","Kossuth","9925","December","2022","IA"
"6068","Lee","18915","December","2022","IA"
"6069","Linn","140409","December","2022","IA"
"6070","Louisa","6159","December","2022","IA"
"6071","Lucas","5272","December","2022","IA"
"6072","Lyon","7779","December","2022","IA"
"6073","Madison","10969","December","2022","IA"
"6074","Mahaska","12630","December","2022","IA"
"6075","Marion","21598","December","2022","IA"
"6076","Marshall","20473","December","2022","IA"
"6077","Mills","9613","December","2022","IA"
"6078","Mitchell","6453","December","2022","IA"
"6079","Monona","5418","December","2022","IA"
"6080","Monroe","4650","December","2022","IA"
"6081","Montgomery","6147","December","2022","IA"
"6082","Muscatine","23438","December","2022","IA"
"6083","O'Brien","8457","December","2022","IA"
"6084","Osceola","3681","December","2022","IA"
"6085","Page","8862","December","2022","IA"
"6086","Palo Alto","5544","December","2022","IA"
"6087","Plymouth","15903","December","2022","IA"
"6088","Pocahontas","4242","December","2022","IA"
"6089","Polk","290124","December","2022","IA"
"6090","Pottawattamie","52431","December","2022","IA"
"6091","Poweshiek","11811","December","2022","IA"
"6092","Ringgold","2975","December","2022","IA"
"6093","Sac","6316","December","2022","IA"
"6094","Scott","104592","December","2022","IA"
"6095","Shelby","7761","December","2022","IA"
"6096","Sioux","21236","December","2022","IA"
"6097","Story","56770","December","2022","IA"
"6098","Tama","10067","December","2022","IA"
"6099","Taylor","3566","December","2022","IA"
"6100","Union","7013","December","2022","IA"
"6101","Van Buren","4291","December","2022","IA"
"6102","Wapello","17681","December","2022","IA"
"6103","Warren","35024","December","2022","IA"
"6104","Washington","13501","December","2022","IA"
"6105","Wayne","3488","December","2022","IA"
"6106","Webster","20627","December","2022","IA"
"6107","Winnebago","6839","December","2022","IA"
"6108","Winneshiek","13326","December","2022","IA"
"6109","Woodbury","51752","December","2022","IA"
"6110","Worth","4963","December","2022","IA"
"6111","Wright","6944","December","2022","IA"
"6112","Allamakee","8335","February","2022","IA"
"6113","Appanoose","7247","February","2022","IA"
"6114","Audubon","3709","February","2022","IA"
"6115","Benton","15812","February","2022","IA"
"6116","Black Hawk","72369","February","2022","IA"
"6117","Boone","17037","February","2022","IA"
"6118","Bremer","15817","February","2022","IA"
"6119","Buchanan","12090","February","2022","IA"
"6120","Buena Vista","9373","February","2022","IA"
"6121","Butler","8808","February","2022","IA"
"6122","Calhoun","5833","February","2022","IA"
"6123","Carroll","12680","February","2022","IA"
"6124","Cass","8165","February","2022","IA"
"6125","Cedar","11219","February","2022","IA"
"6126","Cerro Gordo","26343","February","2022","IA"
"6127","Cherokee","6971","February","2022","IA"
"6128","Chickasaw","7088","February","2022","IA"
"6129","Clarke","5036","February","2022","IA"
"6130","Clay","9855","February","2022","IA"
"6131","Clayton","10670","February","2022","IA"
"6132","Clinton","27915","February","2022","IA"
"6133","Crawford","8283","February","2022","IA"
"6134","Dallas","62409","February","2022","IA"
"6135","Davis","4494","February","2022","IA"
"6136","Decatur","4180","February","2022","IA"
"6137","Delaware","10867","February","2022","IA"
"6138","Des Moines","22678","February","2022","IA"
"6139","Dickinson","12311","February","2022","IA"
"6140","Dubuque","59611","February","2022","IA"
"6141","Emmet","5322","February","2022","IA"
"6142","Fayette","11008","February","2022","IA"
"6143","Floyd","8913","February","2022","IA"
"6144","Franklin","5586","February","2022","IA"
"6145","Fremont","4191","February","2022","IA"
"6146","Greene","5620","February","2022","IA"
"6147","Grundy","8023","February","2022","IA"
"6148","Guthrie","6989","February","2022","IA"
"6149","Hamilton","8608","February","2022","IA"
"6150","Hancock","6644","February","2022","IA"
"6151","Hardin","9994","February","2022","IA"
"6152","Harrison","8549","February","2022","IA"
"6153","Henry","11249","February","2022","IA"
"6154","Howard","5492","February","2022","IA"
"6155","Humboldt","5852","February","2022","IA"
"6156","Ida","4204","February","2022","IA"
"6157","Iowa","10677","February","2022","IA"
"6158","Jackson","12318","February","2022","IA"
"6159","Jasper","22867","February","2022","IA"
"6160","Jefferson","9722","February","2022","IA"
"6161","Johnson","91120","February","2022","IA"
"6162","Jones","11902","February","2022","IA"
"6163","Keokuk","5755","February","2022","IA"
"6164","Kossuth","9908","February","2022","IA"
"6165","Lee","18594","February","2022","IA"
"6166","Linn","138696","February","2022","IA"
"6167","Louisa","5952","February","2022","IA"
"6168","Lucas","5133","February","2022","IA"
"6169","Lyon","7576","February","2022","IA"
"6170","Madison","10500","February","2022","IA"
"6171","Mahaska","12368","February","2022","IA"
"6172","Marion","21374","February","2022","IA"
"6173","Marshall","19908","February","2022","IA"
"6174","Mills","9481","February","2022","IA"
"6175","Mitchell","6392","February","2022","IA"
"6176","Monona","5232","February","2022","IA"
"6177","Monroe","4553","February","2022","IA"
"6178","Montgomery","5977","February","2022","IA"
"6179","Muscatine","23341","February","2022","IA"
"6180","O'Brien","8372","February","2022","IA"
"6181","Osceola","3697","February","2022","IA"
"6182","Page","8539","February","2022","IA"
"6183","Palo Alto","5436","February","2022","IA"
"6184","Plymouth","15521","February","2022","IA"
"6185","Pocahontas","4260","February","2022","IA"
"6186","Polk","276095","February","2022","IA"
"6187","Pottawattamie","50587","February","2022","IA"
"6188","Poweshiek","11366","February","2022","IA"
"6189","Ringgold","2863","February","2022","IA"
"6190","Sac","6240","February","2022","IA"
"6191","Scott","103501","February","2022","IA"
"6192","Shelby","7566","February","2022","IA"
"6193","Sioux","20590","February","2022","IA"
"6194","Story","53364","February","2022","IA"
"6195","Tama","9910","February","2022","IA"
"6196","Taylor","3523","February","2022","IA"
"6197","Union","6845","February","2022","IA"
"6198","Van Buren","4273","February","2022","IA"
"6199","Wapello","17650","February","2022","IA"
"6200","Warren","34053","February","2022","IA"
"6201","Washington","13056","February","2022","IA"
"6202","Wayne","3380","February","2022","IA"
"6203","Webster","20021","February","2022","IA"
"6204","Winnebago","6656","February","2022","IA"
"6205","Winneshiek","12916","February","2022","IA"
"6206","Woodbury","50303","February","2022","IA"
"6207","Worth","4912","February","2022","IA"
"6208","Wright","6814","February","2022","IA"
"6209","Allamakee","8333","January","2022","IA"
"6210","Appanoose","7382","January","2022","IA"
"6211","Audubon","3714","January","2022","IA"
"6212","Benton","16094","January","2022","IA"
"6213","Black Hawk","73297","January","2022","IA"
"6214","Boone","17000","January","2022","IA"
"6215","Bremer","15807","January","2022","IA"
"6216","Buchanan","12066","January","2022","IA"
"6217","Buena Vista","9583","January","2022","IA"
"6218","Butler","8951","January","2022","IA"
"6219","Calhoun","5910","January","2022","IA"
"6220","Carroll","12883","January","2022","IA"
"6221","Cass","8175","January","2022","IA"
"6222","Cedar","11439","January","2022","IA"
"6223","Cerro Gordo","26389","January","2022","IA"
"6224","Cherokee","7069","January","2022","IA"
"6225","Chickasaw","7191","January","2022","IA"
"6226","Clarke","5160","January","2022","IA"
"6227","Clay","10059","January","2022","IA"
"6228","Clayton","10599","January","2022","IA"
"6229","Clinton","27904","January","2022","IA"
"6230","Crawford","8263","January","2022","IA"
"6231","Dallas","62252","January","2022","IA"
"6232","Davis","4498","January","2022","IA"
"6233","Decatur","4184","January","2022","IA"
"6234","Delaware","11021","January","2022","IA"
"6235","Des Moines","22636","January","2022","IA"
"6236","Dickinson","12538","January","2022","IA"
"6237","Dubuque","60595","January","2022","IA"
"6238","Emmet","5447","January","2022","IA"
"6239","Fayette","11021","January","2022","IA"
"6240","Floyd","9111","January","2022","IA"
"6241","Franklin","5690","January","2022","IA"
"6242","Fremont","4245","January","2022","IA"
"6243","Greene","5615","January","2022","IA"
"6244","Grundy","8010","January","2022","IA"
"6245","Guthrie","7096","January","2022","IA"
"6246","Hamilton","8753","January","2022","IA"
"6247","Hancock","6794","January","2022","IA"
"6248","Hardin","9975","January","2022","IA"
"6249","Harrison","8548","January","2022","IA"
"6250","Henry","11249","January","2022","IA"
"6251","Howard","5490","January","2022","IA"
"6252","Humboldt","5857","January","2022","IA"
"6253","Ida","4277","January","2022","IA"
"6254","Iowa","10832","January","2022","IA"
"6255","Jackson","12499","January","2022","IA"
"6256","Jasper","22825","January","2022","IA"
"6257","Jefferson","9717","January","2022","IA"
"6258","Johnson","90933","January","2022","IA"
"6259","Jones","12115","January","2022","IA"
"6260","Keokuk","5850","January","2022","IA"
"6261","Kossuth","9902","January","2022","IA"
"6262","Lee","18738","January","2022","IA"
"6263","Linn","138557","January","2022","IA"
"6264","Louisa","6048","January","2022","IA"
"6265","Lucas","5124","January","2022","IA"
"6266","Lyon","7639","January","2022","IA"
"6267","Madison","10740","January","2022","IA"
"6268","Mahaska","12647","January","2022","IA"
"6269","Marion","21333","January","2022","IA"
"6270","Marshall","20311","January","2022","IA"
"6271","Mills","9450","January","2022","IA"
"6272","Mitchell","6384","January","2022","IA"
"6273","Monona","5325","January","2022","IA"
"6274","Monroe","4558","January","2022","IA"
"6275","Montgomery","6118","January","2022","IA"
"6276","Muscatine","23301","January","2022","IA"
"6277","O'Brien","8361","January","2022","IA"
"6278","Osceola","3704","January","2022","IA"
"6279","Page","8675","January","2022","IA"
"6280","Palo Alto","5556","January","2022","IA"
"6281","Plymouth","15701","January","2022","IA"
"6282","Pocahontas","4271","January","2022","IA"
"6283","Polk","283304","January","2022","IA"
"6284","Pottawattamie","51565","January","2022","IA"
"6285","Poweshiek","11573","January","2022","IA"
"6286","Ringgold","2921","January","2022","IA"
"6287","Sac","6268","January","2022","IA"
"6288","Scott","103317","January","2022","IA"
"6289","Shelby","7690","January","2022","IA"
"6290","Sioux","20886","January","2022","IA"
"6291","Story","55528","January","2022","IA"
"6292","Tama","9898","January","2022","IA"
"6293","Taylor","3525","January","2022","IA"
"6294","Union","7026","January","2022","IA"
"6295","Van Buren","4277","January","2022","IA"
"6296","Wapello","17664","January","2022","IA"
"6297","Warren","34014","January","2022","IA"
"6298","Washington","13321","January","2022","IA"
"6299","Wayne","3382","January","2022","IA"
"6300","Webster","20367","January","2022","IA"
"6301","Winnebago","6793","January","2022","IA"
"6302","Winneshiek","13144","January","2022","IA"
"6303","Woodbury","51221","January","2022","IA"
"6304","Worth","4898","January","2022","IA"
"6305","Wright","6950","January","2022","IA"
"6306","Allamakee","8294","July","2022","IA"
"6307","Appanoose","7334","July","2022","IA"
"6308","Audubon","3668","July","2022","IA"
"6309","Benton","16015","July","2022","IA"
"6310","Black Hawk","72045","July","2022","IA"
"6311","Boone","16853","July","2022","IA"
"6312","Bremer","15571","July","2022","IA"
"6313","Buchanan","12078","July","2022","IA"
"6314","Buena Vista","9512","July","2022","IA"
"6315","Butler","8871","July","2022","IA"
"6316","Calhoun","5860","July","2022","IA"
"6317","Carroll","12778","July","2022","IA"
"6318","Cass","8110","July","2022","IA"
"6319","Cedar","11240","July","2022","IA"
"6320","Cerro Gordo","26093","July","2022","IA"
"6321","Cherokee","7023","July","2022","IA"
"6322","Chickasaw","7126","July","2022","IA"
"6323","Clarke","5085","July","2022","IA"
"6324","Clay","9969","July","2022","IA"
"6325","Clayton","10641","July","2022","IA"
"6326","Clinton","27672","July","2022","IA"
"6327","Crawford","8252","July","2022","IA"
"6328","Dallas","61210","July","2022","IA"
"6329","Davis","4431","July","2022","IA"
"6330","Decatur","4103","July","2022","IA"
"6331","Delaware","10983","July","2022","IA"
"6332","Des Moines","22374","July","2022","IA"
"6333","Dickinson","12464","July","2022","IA"
"6334","Dubuque","59981","July","2022","IA"
"6335","Emmet","5394","July","2022","IA"
"6336","Fayette","10901","July","2022","IA"
"6337","Floyd","9025","July","2022","IA"
"6338","Franklin","5685","July","2022","IA"
"6339","Fremont","4213","July","2022","IA"
"6340","Greene","5598","July","2022","IA"
"6341","Grundy","7910","July","2022","IA"
"6342","Guthrie","7112","July","2022","IA"
"6343","Hamilton","8683","July","2022","IA"
"6344","Hancock","6728","July","2022","IA"
"6345","Hardin","9916","July","2022","IA"
"6346","Harrison","8432","July","2022","IA"
"6347","Henry","11134","July","2022","IA"
"6348","Howard","5435","July","2022","IA"
"6349","Humboldt","5806","July","2022","IA"
"6350","Ida","4194","July","2022","IA"
"6351","Iowa","10808","July","2022","IA"
"6352","Jackson","12419","July","2022","IA"
"6353","Jasper","22700","July","2022","IA"
"6354","Jefferson","9575","July","2022","IA"
"6355","Johnson","88395","July","2022","IA"
"6356","Jones","12056","July","2022","IA"
"6357","Keokuk","5797","July","2022","IA"
"6358","Kossuth","9829","July","2022","IA"
"6359","Lee","18524","July","2022","IA"
"6360","Linn","136679","July","2022","IA"
"6361","Louisa","6015","July","2022","IA"
"6362","Lucas","5116","July","2022","IA"
"6363","Lyon","7659","July","2022","IA"
"6364","Madison","10686","July","2022","IA"
"6365","Mahaska","12452","July","2022","IA"
"6366","Marion","21229","July","2022","IA"
"6367","Marshall","20018","July","2022","IA"
"6368","Mills","9453","July","2022","IA"
"6369","Mitchell","6370","July","2022","IA"
"6370","Monona","5265","July","2022","IA"
"6371","Monroe","4525","July","2022","IA"
"6372","Montgomery","6071","July","2022","IA"
"6373","Muscatine","23026","July","2022","IA"
"6374","O'Brien","8288","July","2022","IA"
"6375","Osceola","3640","July","2022","IA"
"6376","Page","8677","July","2022","IA"
"6377","Palo Alto","5463","July","2022","IA"
"6378","Plymouth","15632","July","2022","IA"
"6379","Pocahontas","4203","July","2022","IA"
"6380","Polk","279905","July","2022","IA"
"6381","Pottawattamie","51320","July","2022","IA"
"6382","Poweshiek","11374","July","2022","IA"
"6383","Ringgold","2918","July","2022","IA"
"6384","Sac","6225","July","2022","IA"
"6385","Scott","102054","July","2022","IA"
"6386","Shelby","7628","July","2022","IA"
"6387","Sioux","20770","July","2022","IA"
"6388","Story","53250","July","2022","IA"
"6389","Tama","9880","July","2022","IA"
"6390","Taylor","3493","July","2022","IA"
"6391","Union","6933","July","2022","IA"
"6392","Van Buren","4223","July","2022","IA"
"6393","Wapello","17374","July","2022","IA"
"6394","Warren","33600","July","2022","IA"
"6395","Washington","13219","July","2022","IA"
"6396","Wayne","3407","July","2022","IA"
"6397","Webster","20141","July","2022","IA"
"6398","Winnebago","6735","July","2022","IA"
"6399","Winneshiek","12869","July","2022","IA"
"6400","Woodbury","50841","July","2022","IA"
"6401","Worth","4861","July","2022","IA"
"6402","Wright","6868","July","2022","IA"
"6403","Allamakee","8278","June","2022","IA"
"6404","Appanoose","7311","June","2022","IA"
"6405","Audubon","3665","June","2022","IA"
"6406","Benton","15959","June","2022","IA"
"6407","Black Hawk","71944","June","2022","IA"
"6408","Boone","16793","June","2022","IA"
"6409","Bremer","15542","June","2022","IA"
"6410","Buchanan","12046","June","2022","IA"
"6411","Buena Vista","9477","June","2022","IA"
"6412","Butler","8846","June","2022","IA"
"6413","Calhoun","5854","June","2022","IA"
"6414","Carroll","12736","June","2022","IA"
"6415","Cass","8083","June","2022","IA"
"6416","Cedar","11227","June","2022","IA"
"6417","Cerro Gordo","25986","June","2022","IA"
"6418","Cherokee","7006","June","2022","IA"
"6419","Chickasaw","7118","June","2022","IA"
"6420","Clarke","5060","June","2022","IA"
"6421","Clay","9925","June","2022","IA"
"6422","Clayton","10633","June","2022","IA"
"6423","Clinton","27595","June","2022","IA"
"6424","Crawford","8251","June","2022","IA"
"6425","Dallas","60629","June","2022","IA"
"6426","Davis","4419","June","2022","IA"
"6427","Decatur","4113","June","2022","IA"
"6428","Delaware","10947","June","2022","IA"
"6429","Des Moines","22284","June","2022","IA"
"6430","Dickinson","12413","June","2022","IA"
"6431","Dubuque","59791","June","2022","IA"
"6432","Emmet","5372","June","2022","IA"
"6433","Fayette","10867","June","2022","IA"
"6434","Floyd","8992","June","2022","IA"
"6435","Franklin","5656","June","2022","IA"
"6436","Fremont","4194","June","2022","IA"
"6437","Greene","5606","June","2022","IA"
"6438","Grundy","7927","June","2022","IA"
"6439","Guthrie","7075","June","2022","IA"
"6440","Hamilton","8634","June","2022","IA"
"6441","Hancock","6696","June","2022","IA"
"6442","Hardin","9886","June","2022","IA"
"6443","Harrison","8399","June","2022","IA"
"6444","Henry","11094","June","2022","IA"
"6445","Howard","5418","June","2022","IA"
"6446","Humboldt","5790","June","2022","IA"
"6447","Ida","4202","June","2022","IA"
"6448","Iowa","10780","June","2022","IA"
"6449","Jackson","12373","June","2022","IA"
"6450","Jasper","22583","June","2022","IA"
"6451","Jefferson","9539","June","2022","IA"
"6452","Johnson","87831","June","2022","IA"
"6453","Jones","12006","June","2022","IA"
"6454","Keokuk","5786","June","2022","IA"
"6455","Kossuth","9802","June","2022","IA"
"6456","Lee","18494","June","2022","IA"
"6457","Linn","136254","June","2022","IA"
"6458","Louisa","5984","June","2022","IA"
"6459","Lucas","5100","June","2022","IA"
"6460","Lyon","7637","June","2022","IA"
"6461","Madison","10641","June","2022","IA"
"6462","Mahaska","12407","June","2022","IA"
"6463","Marion","21156","June","2022","IA"
"6464","Marshall","20019","June","2022","IA"
"6465","Mills","9417","June","2022","IA"
"6466","Mitchell","6355","June","2022","IA"
"6467","Monona","5244","June","2022","IA"
"6468","Monroe","4506","June","2022","IA"
"6469","Montgomery","6040","June","2022","IA"
"6470","Muscatine","22964","June","2022","IA"
"6471","O'Brien","8265","June","2022","IA"
"6472","Osceola","3641","June","2022","IA"
"6473","Page","8625","June","2022","IA"
"6474","Palo Alto","5467","June","2022","IA"
"6475","Plymouth","15590","June","2022","IA"
"6476","Pocahontas","4199","June","2022","IA"
"6477","Polk","278425","June","2022","IA"
"6478","Pottawattamie","51036","June","2022","IA"
"6479","Poweshiek","11348","June","2022","IA"
"6480","Ringgold","2909","June","2022","IA"
"6481","Sac","6202","June","2022","IA"
"6482","Scott","101626","June","2022","IA"
"6483","Shelby","7607","June","2022","IA"
"6484","Sioux","20701","June","2022","IA"
"6485","Story","53105","June","2022","IA"
"6486","Tama","9860","June","2022","IA"
"6487","Taylor","3480","June","2022","IA"
"6488","Union","6904","June","2022","IA"
"6489","Van Buren","4215","June","2022","IA"
"6490","Wapello","17322","June","2022","IA"
"6491","Warren","33469","June","2022","IA"
"6492","Washington","13166","June","2022","IA"
"6493","Wayne","3388","June","2022","IA"
"6494","Webster","20121","June","2022","IA"
"6495","Winnebago","6675","June","2022","IA"
"6496","Winneshiek","12866","June","2022","IA"
"6497","Woodbury","50582","June","2022","IA"
"6498","Worth","4859","June","2022","IA"
"6499","Wright","6856","June","2022","IA"
"6500","Allamakee","8240","March","2022","IA"
"6501","Appanoose","7262","March","2022","IA"
"6502","Audubon","3668","March","2022","IA"
"6503","Benton","15843","March","2022","IA"
"6504","Black Hawk","71829","March","2022","IA"
"6505","Boone","16654","March","2022","IA"
"6506","Bremer","15476","March","2022","IA"
"6507","Buchanan","11936","March","2022","IA"
"6508","Buena Vista","9393","March","2022","IA"
"6509","Butler","8824","March","2022","IA"
"6510","Calhoun","5840","March","2022","IA"
"6511","Carroll","12702","March","2022","IA"
"6512","Cass","8051","March","2022","IA"
"6513","Cedar","11213","March","2022","IA"
"6514","Cerro Gordo","25808","March","2022","IA"
"6515","Cherokee","6977","March","2022","IA"
"6516","Chickasaw","7097","March","2022","IA"
"6517","Clarke","5041","March","2022","IA"
"6518","Clay","9873","March","2022","IA"
"6519","Clayton","10579","March","2022","IA"
"6520","Clinton","27480","March","2022","IA"
"6521","Crawford","8223","March","2022","IA"
"6522","Dallas","59944","March","2022","IA"
"6523","Davis","4403","March","2022","IA"
"6524","Decatur","4085","March","2022","IA"
"6525","Delaware","10876","March","2022","IA"
"6526","Des Moines","22253","March","2022","IA"
"6527","Dickinson","12341","March","2022","IA"
"6528","Dubuque","59696","March","2022","IA"
"6529","Emmet","5348","March","2022","IA"
"6530","Fayette","10842","March","2022","IA"
"6531","Floyd","8920","March","2022","IA"
"6532","Franklin","5618","March","2022","IA"
"6533","Fremont","4183","March","2022","IA"
"6534","Greene","5626","March","2022","IA"
"6535","Grundy","7894","March","2022","IA"
"6536","Guthrie","7015","March","2022","IA"
"6537","Hamilton","8636","March","2022","IA"
"6538","Hancock","6655","March","2022","IA"
"6539","Hardin","9876","March","2022","IA"
"6540","Harrison","8428","March","2022","IA"
"6541","Henry","11051","March","2022","IA"
"6542","Howard","5410","March","2022","IA"
"6543","Humboldt","5757","March","2022","IA"
"6544","Ida","4204","March","2022","IA"
"6545","Iowa","10706","March","2022","IA"
"6546","Jackson","12346","March","2022","IA"
"6547","Jasper","22458","March","2022","IA"
"6548","Jefferson","9502","March","2022","IA"
"6549","Johnson","87832","March","2022","IA"
"6550","Jones","11932","March","2022","IA"
"6551","Keokuk","5770","March","2022","IA"
"6552","Kossuth","9793","March","2022","IA"
"6553","Lee","18485","March","2022","IA"
"6554","Linn","135758","March","2022","IA"
"6555","Louisa","5962","March","2022","IA"
"6556","Lucas","5056","March","2022","IA"
"6557","Lyon","7598","March","2022","IA"
"6558","Madison","10523","March","2022","IA"
"6559","Mahaska","12389","March","2022","IA"
"6560","Marion","21058","March","2022","IA"
"6561","Marshall","19976","March","2022","IA"
"6562","Mills","9315","March","2022","IA"
"6563","Mitchell","6334","March","2022","IA"
"6564","Monona","5231","March","2022","IA"
"6565","Monroe","4487","March","2022","IA"
"6566","Montgomery","5995","March","2022","IA"
"6567","Muscatine","22905","March","2022","IA"
"6568","O'Brien","8261","March","2022","IA"
"6569","Osceola","3639","March","2022","IA"
"6570","Page","8577","March","2022","IA"
"6571","Palo Alto","5441","March","2022","IA"
"6572","Plymouth","15564","March","2022","IA"
"6573","Pocahontas","4188","March","2022","IA"
"6574","Polk","276907","March","2022","IA"
"6575","Pottawattamie","50705","March","2022","IA"
"6576","Poweshiek","11391","March","2022","IA"
"6577","Ringgold","2872","March","2022","IA"
"6578","Sac","6209","March","2022","IA"
"6579","Scott","101369","March","2022","IA"
"6580","Shelby","7578","March","2022","IA"
"6581","Sioux","20627","March","2022","IA"
"6582","Story","53437","March","2022","IA"
"6583","Tama","9768","March","2022","IA"
"6584","Taylor","3497","March","2022","IA"
"6585","Union","6861","March","2022","IA"
"6586","Van Buren","4208","March","2022","IA"
"6587","Wapello","17320","March","2022","IA"
"6588","Warren","33245","March","2022","IA"
"6589","Washington","13075","March","2022","IA"
"6590","Wayne","3347","March","2022","IA"
"6591","Webster","20061","March","2022","IA"
"6592","Winnebago","6653","March","2022","IA"
"6593","Winneshiek","12921","March","2022","IA"
"6594","Woodbury","50410","March","2022","IA"
"6595","Worth","4832","March","2022","IA"
"6596","Wright","6807","March","2022","IA"
"6597","Allamakee","8257","May","2022","IA"
"6598","Appanoose","7288","May","2022","IA"
"6599","Audubon","3662","May","2022","IA"
"6600","Benton","15907","May","2022","IA"
"6601","Black Hawk","71812","May","2022","IA"
"6602","Boone","16735","May","2022","IA"
"6603","Bremer","15511","May","2022","IA"
"6604","Buchanan","12016","May","2022","IA"
"6605","Buena Vista","9435","May","2022","IA"
"6606","Butler","8828","May","2022","IA"
"6607","Calhoun","5849","May","2022","IA"
"6608","Carroll","12725","May","2022","IA"
"6609","Cass","8075","May","2022","IA"
"6610","Cedar","11212","May","2022","IA"
"6611","Cerro Gordo","25895","May","2022","IA"
"6612","Cherokee","6984","May","2022","IA"
"6613","Chickasaw","7114","May","2022","IA"
"6614","Clarke","5043","May","2022","IA"
"6615","Clay","9910","May","2022","IA"
"6616","Clayton","10610","May","2022","IA"
"6617","Clinton","27503","May","2022","IA"
"6618","Crawford","8224","May","2022","IA"
"6619","Dallas","60367","May","2022","IA"
"6620","Davis","4409","May","2022","IA"
"6621","Decatur","4093","May","2022","IA"
"6622","Delaware","10919","May","2022","IA"
"6623","Des Moines","22235","May","2022","IA"
"6624","Dickinson","12368","May","2022","IA"
"6625","Dubuque","59638","May","2022","IA"
"6626","Emmet","5365","May","2022","IA"
"6627","Fayette","10873","May","2022","IA"
"6628","Floyd","8961","May","2022","IA"
"6629","Franklin","5635","May","2022","IA"
"6630","Fremont","4186","May","2022","IA"
"6631","Greene","5601","May","2022","IA"
"6632","Grundy","7915","May","2022","IA"
"6633","Guthrie","7040","May","2022","IA"
"6634","Hamilton","8621","May","2022","IA"
"6635","Hancock","6668","May","2022","IA"
"6636","Hardin","9866","May","2022","IA"
"6637","Harrison","8389","May","2022","IA"
"6638","Henry","11067","May","2022","IA"
"6639","Howard","5405","May","2022","IA"
"6640","Humboldt","5781","May","2022","IA"
"6641","Ida","4194","May","2022","IA"
"6642","Iowa","10730","May","2022","IA"
"6643","Jackson","12357","May","2022","IA"
"6644","Jasper","22531","May","2022","IA"
"6645","Jefferson","9523","May","2022","IA"
"6646","Johnson","87649","May","2022","IA"
"6647","Jones","11978","May","2022","IA"
"6648","Keokuk","5770","May","2022","IA"
"6649","Kossuth","9804","May","2022","IA"
"6650","Lee","18481","May","2022","IA"
"6651","Linn","135955","May","2022","IA"
"6652","Louisa","5967","May","2022","IA"
"6653","Lucas","5076","May","2022","IA"
"6654","Lyon","7629","May","2022","IA"
"6655","Madison","10562","May","2022","IA"
"6656","Mahaska","12386","May","2022","IA"
"6657","Marion","21086","May","2022","IA"
"6658","Marshall","19978","May","2022","IA"
"6659","Mills","9405","May","2022","IA"
"6660","Mitchell","6348","May","2022","IA"
"6661","Monona","5244","May","2022","IA"
"6662","Monroe","4494","May","2022","IA"
"6663","Montgomery","6019","May","2022","IA"
"6664","Muscatine","22897","May","2022","IA"
"6665","O'Brien","8256","May","2022","IA"
"6666","Osceola","3634","May","2022","IA"
"6667","Page","8601","May","2022","IA"
"6668","Palo Alto","5444","May","2022","IA"
"6669","Plymouth","15573","May","2022","IA"
"6670","Pocahontas","4192","May","2022","IA"
"6671","Polk","277399","May","2022","IA"
"6672","Pottawattamie","50903","May","2022","IA"
"6673","Poweshiek","11331","May","2022","IA"
"6674","Ringgold","2902","May","2022","IA"
"6675","Sac","6200","May","2022","IA"
"6676","Scott","101247","May","2022","IA"
"6677","Shelby","7588","May","2022","IA"
"6678","Sioux","20706","May","2022","IA"
"6679","Story","53008","May","2022","IA"
"6680","Tama","9852","May","2022","IA"
"6681","Taylor","3481","May","2022","IA"
"6682","Union","6885","May","2022","IA"
"6683","Van Buren","4208","May","2022","IA"
"6684","Wapello","17296","May","2022","IA"
"6685","Warren","33347","May","2022","IA"
"6686","Washington","13140","May","2022","IA"
"6687","Wayne","3384","May","2022","IA"
"6688","Webster","20103","May","2022","IA"
"6689","Winnebago","6655","May","2022","IA"
"6690","Winneshiek","12847","May","2022","IA"
"6691","Woodbury","50441","May","2022","IA"
"6692","Worth","4845","May","2022","IA"
"6693","Wright","6835","May","2022","IA"
"6694","Allamakee","8420","November","2022","IA"
"6695","Appanoose","7423","November","2022","IA"
"6696","Audubon","3685","November","2022","IA"
"6697","Benton","16233","November","2022","IA"
"6698","Black Hawk","73021","November","2022","IA"
"6699","Boone","17058","November","2022","IA"
"6700","Bremer","15800","November","2022","IA"
"6701","Buchanan","12257","November","2022","IA"
"6702","Buena Vista","9661","November","2022","IA"
"6703","Butler","8946","November","2022","IA"
"6704","Calhoun","5907","November","2022","IA"
"6705","Carroll","12931","November","2022","IA"
"6706","Cass","8182","November","2022","IA"
"6707","Cedar","11407","November","2022","IA"
"6708","Cerro Gordo","26468","November","2022","IA"
"6709","Cherokee","7070","November","2022","IA"
"6710","Chickasaw","7171","November","2022","IA"
"6711","Clarke","5180","November","2022","IA"
"6712","Clay","10054","November","2022","IA"
"6713","Clayton","10764","November","2022","IA"
"6714","Clinton","28115","November","2022","IA"
"6715","Crawford","8305","November","2022","IA"
"6716","Dallas","63355","November","2022","IA"
"6717","Davis","4487","November","2022","IA"
"6718","Decatur","4159","November","2022","IA"
"6719","Delaware","11155","November","2022","IA"
"6720","Des Moines","22698","November","2022","IA"
"6721","Dickinson","12701","November","2022","IA"
"6722","Dubuque","60745","November","2022","IA"
"6723","Emmet","5444","November","2022","IA"
"6724","Fayette","10931","November","2022","IA"
"6725","Floyd","9095","November","2022","IA"
"6726","Franklin","5762","November","2022","IA"
"6727","Fremont","4261","November","2022","IA"
"6728","Greene","5637","November","2022","IA"
"6729","Grundy","8091","November","2022","IA"
"6730","Guthrie","7272","November","2022","IA"
"6731","Hamilton","8755","November","2022","IA"
"6732","Hancock","6811","November","2022","IA"
"6733","Hardin","9994","November","2022","IA"
"6734","Harrison","8497","November","2022","IA"
"6735","Henry","11256","November","2022","IA"
"6736","Howard","5476","November","2022","IA"
"6737","Humboldt","5903","November","2022","IA"
"6738","Ida","4257","November","2022","IA"
"6739","Iowa","10980","November","2022","IA"
"6740","Jackson","12531","November","2022","IA"
"6741","Jasper","22988","November","2022","IA"
"6742","Jefferson","9739","November","2022","IA"
"6743","Johnson","90975","November","2022","IA"
"6744","Jones","12276","November","2022","IA"
"6745","Keokuk","5846","November","2022","IA"
"6746","Kossuth","9872","November","2022","IA"
"6747","Lee","18737","November","2022","IA"
"6748","Linn","138666","November","2022","IA"
"6749","Louisa","6077","November","2022","IA"
"6750","Lucas","5204","November","2022","IA"
"6751","Lyon","7748","November","2022","IA"
"6752","Madison","10852","November","2022","IA"
"6753","Mahaska","12542","November","2022","IA"
"6754","Marion","21492","November","2022","IA"
"6755","Marshall","20372","November","2022","IA"
"6756","Mills","9595","November","2022","IA"
"6757","Mitchell","6407","November","2022","IA"
"6758","Monona","5355","November","2022","IA"
"6759","Monroe","4595","November","2022","IA"
"6760","Montgomery","6111","November","2022","IA"
"6761","Muscatine","23272","November","2022","IA"
"6762","O'Brien","8379","November","2022","IA"
"6763","Osceola","3659","November","2022","IA"
"6764","Page","8786","November","2022","IA"
"6765","Palo Alto","5522","November","2022","IA"
"6766","Plymouth","15818","November","2022","IA"
"6767","Pocahontas","4244","November","2022","IA"
"6768","Polk","285109","November","2022","IA"
"6769","Pottawattamie","52113","November","2022","IA"
"6770","Poweshiek","11644","November","2022","IA"
"6771","Ringgold","2929","November","2022","IA"
"6772","Sac","6288","November","2022","IA"
"6773","Scott","103883","November","2022","IA"
"6774","Shelby","7725","November","2022","IA"
"6775","Sioux","20979","November","2022","IA"
"6776","Story","54199","November","2022","IA"
"6777","Tama","9977","November","2022","IA"
"6778","Taylor","3519","November","2022","IA"
"6779","Union","7047","November","2022","IA"
"6780","Van Buren","4243","November","2022","IA"
"6781","Wapello","17593","November","2022","IA"
"6782","Warren","34499","November","2022","IA"
"6783","Washington","13392","November","2022","IA"
"6784","Wayne","3446","November","2022","IA"
"6785","Webster","20400","November","2022","IA"
"6786","Winnebago","6803","November","2022","IA"
"6787","Winneshiek","13023","November","2022","IA"
"6788","Woodbury","51468","November","2022","IA"
"6789","Worth","4897","November","2022","IA"
"6790","Wright","6910","November","2022","IA"
"6791","Allamakee","8353","October","2022","IA"
"6792","Appanoose","7404","October","2022","IA"
"6793","Audubon","3680","October","2022","IA"
"6794","Benton","16141","October","2022","IA"
"6795","Black Hawk","72488","October","2022","IA"
"6796","Boone","16965","October","2022","IA"
"6797","Bremer","15673","October","2022","IA"
"6798","Buchanan","12196","October","2022","IA"
"6799","Buena Vista","9630","October","2022","IA"
"6800","Butler","8884","October","2022","IA"
"6801","Calhoun","5894","October","2022","IA"
"6802","Carroll","12872","October","2022","IA"
"6803","Cass","8151","October","2022","IA"
"6804","Cedar","11328","October","2022","IA"
"6805","Cerro Gordo","26363","October","2022","IA"
"6806","Cherokee","7042","October","2022","IA"
"6807","Chickasaw","7139","October","2022","IA"
"6808","Clarke","5138","October","2022","IA"
"6809","Clay","10020","October","2022","IA"
"6810","Clayton","10718","October","2022","IA"
"6811","Clinton","27950","October","2022","IA"
"6812","Crawford","8301","October","2022","IA"
"6813","Dallas","62463","October","2022","IA"
"6814","Davis","4466","October","2022","IA"
"6815","Decatur","4128","October","2022","IA"
"6816","Delaware","11122","October","2022","IA"
"6817","Des Moines","22545","October","2022","IA"
"6818","Dickinson","12604","October","2022","IA"
"6819","Dubuque","60408","October","2022","IA"
"6820","Emmet","5416","October","2022","IA"
"6821","Fayette","10910","October","2022","IA"
"6822","Floyd","9064","October","2022","IA"
"6823","Franklin","5742","October","2022","IA"
"6824","Fremont","4230","October","2022","IA"
"6825","Greene","5632","October","2022","IA"
"6826","Grundy","8034","October","2022","IA"
"6827","Guthrie","7224","October","2022","IA"
"6828","Hamilton","8720","October","2022","IA"
"6829","Hancock","6756","October","2022","IA"
"6830","Hardin","9970","October","2022","IA"
"6831","Harrison","8437","October","2022","IA"
"6832","Henry","11205","October","2022","IA"
"6833","Howard","5469","October","2022","IA"
"6834","Humboldt","5864","October","2022","IA"
"6835","Ida","4232","October","2022","IA"
"6836","Iowa","10906","October","2022","IA"
"6837","Jackson","12495","October","2022","IA"
"6838","Jasper","22855","October","2022","IA"
"6839","Jefferson","9624","October","2022","IA"
"6840","Johnson","90213","October","2022","IA"
"6841","Jones","12163","October","2022","IA"
"6842","Keokuk","5811","October","2022","IA"
"6843","Kossuth","9875","October","2022","IA"
"6844","Lee","18610","October","2022","IA"
"6845","Linn","137846","October","2022","IA"
"6846","Louisa","6058","October","2022","IA"
"6847","Lucas","5172","October","2022","IA"
"6848","Lyon","7715","October","2022","IA"
"6849","Madison","10784","October","2022","IA"
"6850","Mahaska","12494","October","2022","IA"
"6851","Marion","21434","October","2022","IA"
"6852","Marshall","20242","October","2022","IA"
"6853","Mills","9559","October","2022","IA"
"6854","Mitchell","6388","October","2022","IA"
"6855","Monona","5319","October","2022","IA"
"6856","Monroe","4577","October","2022","IA"
"6857","Montgomery","6105","October","2022","IA"
"6858","Muscatine","23183","October","2022","IA"
"6859","O'Brien","8350","October","2022","IA"
"6860","Osceola","3653","October","2022","IA"
"6861","Page","8744","October","2022","IA"
"6862","Palo Alto","5509","October","2022","IA"
"6863","Plymouth","15771","October","2022","IA"
"6864","Pocahontas","4224","October","2022","IA"
"6865","Polk","282910","October","2022","IA"
"6866","Pottawattamie","51855","October","2022","IA"
"6867","Poweshiek","11562","October","2022","IA"
"6868","Ringgold","2931","October","2022","IA"
"6869","Sac","6279","October","2022","IA"
"6870","Scott","103218","October","2022","IA"
"6871","Shelby","7697","October","2022","IA"
"6872","Sioux","20913","October","2022","IA"
"6873","Story","53875","October","2022","IA"
"6874","Tama","9960","October","2022","IA"
"6875","Taylor","3507","October","2022","IA"
"6876","Union","7017","October","2022","IA"
"6877","Van Buren","4238","October","2022","IA"
"6878","Wapello","17546","October","2022","IA"
"6879","Warren","34055","October","2022","IA"
"6880","Washington","13316","October","2022","IA"
"6881","Wayne","3417","October","2022","IA"
"6882","Webster","20317","October","2022","IA"
"6883","Winnebago","6777","October","2022","IA"
"6884","Winneshiek","12910","October","2022","IA"
"6885","Woodbury","51311","October","2022","IA"
"6886","Worth","4880","October","2022","IA"
"6887","Wright","6898","October","2022","IA"
"6888","Allamakee","8319","September","2022","IA"
"6889","Appanoose","7375","September","2022","IA"
"6890","Audubon","3673","September","2022","IA"
"6891","Benton","16096","September","2022","IA"
"6892","Black Hawk","72305","September","2022","IA"
"6893","Boone","16897","September","2022","IA"
"6894","Bremer","15610","September","2022","IA"
"6895","Buchanan","12162","September","2022","IA"
"6896","Buena Vista","9579","September","2022","IA"
"6897","Butler","8878","September","2022","IA"
"6898","Calhoun","5887","September","2022","IA"
"6899","Carroll","12843","September","2022","IA"
"6900","Cass","8139","September","2022","IA"
"6901","Cedar","11252","September","2022","IA"
"6902","Cerro Gordo","26239","September","2022","IA"
"6903","Cherokee","7031","September","2022","IA"
"6904","Chickasaw","7130","September","2022","IA"
"6905","Clarke","5116","September","2022","IA"
"6906","Clay","9996","September","2022","IA"
"6907","Clayton","10690","September","2022","IA"
"6908","Clinton","27827","September","2022","IA"
"6909","Crawford","8294","September","2022","IA"
"6910","Dallas","61909","September","2022","IA"
"6911","Davis","4448","September","2022","IA"
"6912","Decatur","4110","September","2022","IA"
"6913","Delaware","11034","September","2022","IA"
"6914","Des Moines","22498","September","2022","IA"
"6915","Dickinson","12561","September","2022","IA"
"6916","Dubuque","60233","September","2022","IA"
"6917","Emmet","5405","September","2022","IA"
"6918","Fayette","10897","September","2022","IA"
"6919","Floyd","9041","September","2022","IA"
"6920","Franklin","5718","September","2022","IA"
"6921","Fremont","4228","September","2022","IA"
"6922","Greene","5617","September","2022","IA"
"6923","Grundy","7994","September","2022","IA"
"6924","Guthrie","7163","September","2022","IA"
"6925","Hamilton","8694","September","2022","IA"
"6926","Hancock","6744","September","2022","IA"
"6927","Hardin","9932","September","2022","IA"
"6928","Harrison","8428","September","2022","IA"
"6929","Henry","11181","September","2022","IA"
"6930","Howard","5459","September","2022","IA"
"6931","Humboldt","5847","September","2022","IA"
"6932","Ida","4210","September","2022","IA"
"6933","Iowa","10847","September","2022","IA"
"6934","Jackson","12455","September","2022","IA"
"6935","Jasper","22804","September","2022","IA"
"6936","Jefferson","9602","September","2022","IA"
"6937","Johnson","89593","September","2022","IA"
"6938","Jones","12101","September","2022","IA"
"6939","Keokuk","5806","September","2022","IA"
"6940","Kossuth","9862","September","2022","IA"
"6941","Lee","18575","September","2022","IA"
"6942","Linn","137320","September","2022","IA"
"6943","Louisa","6039","September","2022","IA"
"6944","Lucas","5148","September","2022","IA"
"6945","Lyon","7691","September","2022","IA"
"6946","Madison","10735","September","2022","IA"
"6947","Mahaska","12481","September","2022","IA"
"6948","Marion","21358","September","2022","IA"
"6949","Marshall","20123","September","2022","IA"
"6950","Mills","9527","September","2022","IA"
"6951","Mitchell","6391","September","2022","IA"
"6952","Monona","5300","September","2022","IA"
"6953","Monroe","4526","September","2022","IA"
"6954","Montgomery","6089","September","2022","IA"
"6955","Muscatine","23140","September","2022","IA"
"6956","O'Brien","8321","September","2022","IA"
"6957","Osceola","3649","September","2022","IA"
"6958","Page","8729","September","2022","IA"
"6959","Palo Alto","5504","September","2022","IA"
"6960","Plymouth","15711","September","2022","IA"
"6961","Pocahontas","4213","September","2022","IA"
"6962","Polk","281385","September","2022","IA"
"6963","Pottawattamie","51648","September","2022","IA"
"6964","Poweshiek","11421","September","2022","IA"
"6965","Ringgold","2915","September","2022","IA"
"6966","Sac","6260","September","2022","IA"
"6967","Scott","102731","September","2022","IA"
"6968","Shelby","7654","September","2022","IA"
"6969","Sioux","20853","September","2022","IA"
"6970","Story","53577","September","2022","IA"
"6971","Tama","9886","September","2022","IA"
"6972","Taylor","3494","September","2022","IA"
"6973","Union","6965","September","2022","IA"
"6974","Van Buren","4235","September","2022","IA"
"6975","Wapello","17463","September","2022","IA"
"6976","Warren","33818","September","2022","IA"
"6977","Washington","13300","September","2022","IA"
"6978","Wayne","3411","September","2022","IA"
"6979","Webster","20261","September","2022","IA"
"6980","Winnebago","6776","September","2022","IA"
"6981","Winneshiek","12883","September","2022","IA"
"6982","Woodbury","51086","September","2022","IA"
"6983","Worth","4874","September","2022","IA"
"6984","Wright","6885","September","2022","IA"
"6985","Allamakee","6151","April","2023","IA"
"6986","Appanoose","5135","April","2023","IA"
"6987","Audubon","2713","April","2023","IA"
"6988","Benton","12399","April","2023","IA"
"6989","Black Hawk","51084","April","2023","IA"
"6990","Boone","12396","April","2023","IA"
"6991","Bremer","11837","April","2023","IA"
"6992","Buchanan","8898","April","2023","IA"
"6993","Buena Vista","5808","April","2023","IA"
"6994","Butler","6592","April","2023","IA"
"6995","Calhoun","4338","April","2023","IA"
"6996","Carroll","9285","April","2023","IA"
"6997","Cass","5742","April","2023","IA"
"6998","Cedar","8520","April","2023","IA"
"6999","Cerro Gordo","18657","April","2023","IA"
"7000","Cherokee","4896","April","2023","IA"
"7001","Chickasaw","5312","April","2023","IA"
"7002","Clarke","3642","April","2023","IA"
"7003","Clay","7074","April","2023","IA"
"7004","Clayton","7955","April","2023","IA"
"7005","Clinton","19004","April","2023","IA"
"7006","Crawford","5000","April","2023","IA"
"7007","Dallas","48356","April","2023","IA"
"7008","Davis","3283","April","2023","IA"
"7009","Decatur","2955","April","2023","IA"
"7010","Delaware","8171","April","2023","IA"
"7011","Des Moines","15060","April","2023","IA"
"7012","Dickinson","8940","April","2023","IA"
"7013","Dubuque","42283","April","2023","IA"
"7014","Emmet","3740","April","2023","IA"
"7015","Fayette","7965","April","2023","IA"
"7016","Floyd","6286","April","2023","IA"
"7017","Franklin","3913","April","2023","IA"
"7018","Fremont","2894","April","2023","IA"
"7019","Greene","4017","April","2023","IA"
"7020","Grundy","5810","April","2023","IA"
"7021","Guthrie","5457","April","2023","IA"
"7022","Hamilton","6248","April","2023","IA"
"7023","Hancock","4726","April","2023","IA"
"7024","Hardin","7020","April","2023","IA"
"7025","Harrison","5856","April","2023","IA"
"7026","Henry","7641","April","2023","IA"
"7027","Howard","3709","April","2023","IA"
"7028","Humboldt","4204","April","2023","IA"
"7029","Ida","2973","April","2023","IA"
"7030","Iowa","8068","April","2023","IA"
"7031","Jackson","8811","April","2023","IA"
"7032","Jasper","16289","April","2023","IA"
"7033","Jefferson","7068","April","2023","IA"
"7034","Johnson","68075","April","2023","IA"
"7035","Jones","8885","April","2023","IA"
"7036","Keokuk","4113","April","2023","IA"
"7037","Kossuth","7138","April","2023","IA"
"7038","Lee","12609","April","2023","IA"
"7039","Linn","101109","April","2023","IA"
"7040","Louisa","3853","April","2023","IA"
"7041","Lucas","3748","April","2023","IA"
"7042","Lyon","5432","April","2023","IA"
"7043","Madison","7973","April","2023","IA"
"7044","Mahaska","8639","April","2023","IA"
"7045","Marion","15473","April","2023","IA"
"7046","Marshall","13580","April","2023","IA"
"7047","Mills","6188","April","2023","IA"
"7048","Mitchell","4593","April","2023","IA"
"7049","Monona","3653","April","2023","IA"
"7050","Monroe","3204","April","2023","IA"
"7051","Montgomery","3860","April","2023","IA"
"7052","Muscatine","14415","April","2023","IA"
"7053","O'Brien","6022","April","2023","IA"
"7054","Osceola","2464","April","2023","IA"
"7055","Page","5915","April","2023","IA"
"7056","Palo Alto","3866","April","2023","IA"
"7057","Plymouth","10654","April","2023","IA"
"7058","Pocahontas","3076","April","2023","IA"
"7059","Polk","207727","April","2023","IA"
"7060","Pottawattamie","32569","April","2023","IA"
"7061","Poweshiek","8288","April","2023","IA"
"7062","Ringgold","2233","April","2023","IA"
"7063","Sac","4302","April","2023","IA"
"7064","Scott","70351","April","2023","IA"
"7065","Shelby","5135","April","2023","IA"
"7066","Sioux","15181","April","2023","IA"
"7067","Story","39968","April","2023","IA"
"7068","Tama","7170","April","2023","IA"
"7069","Taylor","2438","April","2023","IA"
"7070","Union","4991","April","2023","IA"
"7071","Van Buren","3007","April","2023","IA"
"7072","Wapello","11537","April","2023","IA"
"7073","Warren","25461","April","2023","IA"
"7074","Washington","9574","April","2023","IA"
"7075","Wayne","2535","April","2023","IA"
"7076","Webster","13598","April","2023","IA"
"7077","Winnebago","4775","April","2023","IA"
"7078","Winneshiek","10078","April","2023","IA"
"7079","Woodbury","31763","April","2023","IA"
"7080","Worth","3442","April","2023","IA"
"7081","Wright","4702","April","2023","IA"
"7082","Allamakee","6693","August","2023","IA"
"7083","Appanoose","5636","August","2023","IA"
"7084","Audubon","3047","August","2023","IA"
"7085","Benton","13496","August","2023","IA"
"7086","Black Hawk","55334","August","2023","IA"
"7087","Boone","13695","August","2023","IA"
"7088","Bremer","12919","August","2023","IA"
"7089","Buchanan","9831","August","2023","IA"
"7090","Buena Vista","6628","August","2023","IA"
"7091","Butler","7293","August","2023","IA"
"7092","Calhoun","4778","August","2023","IA"
"7093","Carroll","10414","August","2023","IA"
"7094","Cass","6321","August","2023","IA"
"7095","Cedar","9381","August","2023","IA"
"7096","Cerro Gordo","20567","August","2023","IA"
"7097","Cherokee","5536","August","2023","IA"
"7098","Chickasaw","5859","August","2023","IA"
"7099","Clarke","3996","August","2023","IA"
"7100","Clay","7926","August","2023","IA"
"7101","Clayton","8770","August","2023","IA"
"7102","Clinton","21370","August","2023","IA"
"7103","Crawford","5846","August","2023","IA"
"7104","Dallas","52745","August","2023","IA"
"7105","Davis","3638","August","2023","IA"
"7106","Decatur","3140","August","2023","IA"
"7107","Delaware","9175","August","2023","IA"
"7108","Des Moines","16855","August","2023","IA"
"7109","Dickinson","10202","August","2023","IA"
"7110","Dubuque","47170","August","2023","IA"
"7111","Emmet","4183","August","2023","IA"
"7112","Fayette","8905","August","2023","IA"
"7113","Floyd","7023","August","2023","IA"
"7114","Franklin","4361","August","2023","IA"
"7115","Fremont","3250","August","2023","IA"
"7116","Greene","4423","August","2023","IA"
"7117","Grundy","6573","August","2023","IA"
"7118","Guthrie","5842","August","2023","IA"
"7119","Hamilton","7013","August","2023","IA"
"7120","Hancock","5327","August","2023","IA"
"7121","Hardin","7713","August","2023","IA"
"7122","Harrison","6648","August","2023","IA"
"7123","Henry","8558","August","2023","IA"
"7124","Howard","4277","August","2023","IA"
"7125","Humboldt","4731","August","2023","IA"
"7126","Ida","3321","August","2023","IA"
"7127","Iowa","8902","August","2023","IA"
"7128","Jackson","9832","August","2023","IA"
"7129","Jasper","17886","August","2023","IA"
"7130","Jefferson","7614","August","2023","IA"
"7131","Johnson","72327","August","2023","IA"
"7132","Jones","9890","August","2023","IA"
"7133","Keokuk","4532","August","2023","IA"
"7134","Kossuth","7903","August","2023","IA"
"7135","Lee","14123","August","2023","IA"
"7136","Linn","109233","August","2023","IA"
"7137","Louisa","4443","August","2023","IA"
"7138","Lucas","4146","August","2023","IA"
"7139","Lyon","6290","August","2023","IA"
"7140","Madison","8684","August","2023","IA"
"7141","Mahaska","9461","August","2023","IA"
"7142","Marion","17024","August","2023","IA"
"7143","Marshall","14939","August","2023","IA"
"7144","Mills","7086","August","2023","IA"
"7145","Mitchell","5128","August","2023","IA"
"7146","Monona","4146","August","2023","IA"
"7147","Monroe","3591","August","2023","IA"
"7148","Montgomery","4285","August","2023","IA"
"7149","Muscatine","16738","August","2023","IA"
"7150","O'Brien","6802","August","2023","IA"
"7151","Osceola","2827","August","2023","IA"
"7152","Page","6686","August","2023","IA"
"7153","Palo Alto","4279","August","2023","IA"
"7154","Plymouth","12244","August","2023","IA"
"7155","Pocahontas","3437","August","2023","IA"
"7156","Polk","223324","August","2023","IA"
"7157","Pottawattamie","37345","August","2023","IA"
"7158","Poweshiek","9083","August","2023","IA"
"7159","Ringgold","2461","August","2023","IA"
"7160","Sac","4419","August","2023","IA"
"7161","Scott","78319","August","2023","IA"
"7162","Shelby","5994","August","2023","IA"
"7163","Sioux","16950","August","2023","IA"
"7164","Story","42968","August","2023","IA"
"7165","Tama","7701","August","2023","IA"
"7166","Taylor","2720","August","2023","IA"
"7167","Union","5455","August","2023","IA"
"7168","Van Buren","3314","August","2023","IA"
"7169","Wapello","12756","August","2023","IA"
"7170","Warren","27776","August","2023","IA"
"7171","Washington","10529","August","2023","IA"
"7172","Wayne","2741","August","2023","IA"
"7173","Webster","15234","August","2023","IA"
"7174","Winnebago","5290","August","2023","IA"
"7175","Winneshiek","11254","August","2023","IA"
"7176","Woodbury","35375","August","2023","IA"
"7177","Worth","3819","August","2023","IA"
"7178","Wright","5285","August","2023","IA"
"7179","Allamakee","7039","December","2023","IA"
"7180","Appanoose","5770","December","2023","IA"
"7181","Audubon","3148","December","2023","IA"
"7182","Benton","13968","December","2023","IA"
"7183","Black Hawk","56521","December","2023","IA"
"7184","Boone","14330","December","2023","IA"
"7185","Bremer","13187","December","2023","IA"
"7186","Buchanan","10018","December","2023","IA"
"7187","Buena Vista","6869","December","2023","IA"
"7188","Butler","7496","December","2023","IA"
"7189","Calhoun","4881","December","2023","IA"
"7190","Carroll","10952","December","2023","IA"
"7191","Cass","6495","December","2023","IA"
"7192","Cedar","9670","December","2023","IA"
"7193","Cerro Gordo","21047","December","2023","IA"
"7194","Cherokee","5766","December","2023","IA"
"7195","Chickasaw","5971","December","2023","IA"
"7196","Clarke","4087","December","2023","IA"
"7197","Clay","8093","December","2023","IA"
"7198","Clayton","8947","December","2023","IA"
"7199","Clinton","22172","December","2023","IA"
"7200","Crawford","5959","December","2023","IA"
"7201","Dallas","55077","December","2023","IA"
"7202","Davis","3716","December","2023","IA"
"7203","Decatur","3247","December","2023","IA"
"7204","Delaware","9409","December","2023","IA"
"7205","Des Moines","17397","December","2023","IA"
"7206","Dickinson","10785","December","2023","IA"
"7207","Dubuque","48603","December","2023","IA"
"7208","Emmet","4325","December","2023","IA"
"7209","Fayette","9156","December","2023","IA"
"7210","Floyd","7198","December","2023","IA"
"7211","Franklin","4563","December","2023","IA"
"7212","Fremont","3361","December","2023","IA"
"7213","Greene","4530","December","2023","IA"
"7214","Grundy","6758","December","2023","IA"
"7215","Guthrie","6058","December","2023","IA"
"7216","Hamilton","7220","December","2023","IA"
"7217","Hancock","5487","December","2023","IA"
"7218","Hardin","7902","December","2023","IA"
"7219","Harrison","6919","December","2023","IA"
"7220","Henry","8898","December","2023","IA"
"7221","Howard","4488","December","2023","IA"
"7222","Humboldt","4813","December","2023","IA"
"7223","Ida","3379","December","2023","IA"
"7224","Iowa","9074","December","2023","IA"
"7225","Jackson","10176","December","2023","IA"
"7226","Jasper","18595","December","2023","IA"
"7227","Jefferson","7803","December","2023","IA"
"7228","Johnson","74942","December","2023","IA"
"7229","Jones","10053","December","2023","IA"
"7230","Keokuk","4636","December","2023","IA"
"7231","Kossuth","8062","December","2023","IA"
"7232","Lee","14570","December","2023","IA"
"7233","Linn","111893","December","2023","IA"
"7234","Louisa","4593","December","2023","IA"
"7235","Lucas","4267","December","2023","IA"
"7236","Lyon","6484","December","2023","IA"
"7237","Madison","8959","December","2023","IA"
"7238","Mahaska","9671","December","2023","IA"
"7239","Marion","17500","December","2023","IA"
"7240","Marshall","15486","December","2023","IA"
"7241","Mills","7456","December","2023","IA"
"7242","Mitchell","5243","December","2023","IA"
"7243","Monona","4316","December","2023","IA"
"7244","Monroe","3784","December","2023","IA"
"7245","Montgomery","4399","December","2023","IA"
"7246","Muscatine","17379","December","2023","IA"
"7247","O'Brien","7063","December","2023","IA"
"7248","Osceola","2946","December","2023","IA"
"7249","Page","7030","December","2023","IA"
"7250","Palo Alto","4450","December","2023","IA"
"7251","Plymouth","12648","December","2023","IA"
"7252","Pocahontas","3492","December","2023","IA"
"7253","Polk","230589","December","2023","IA"
"7254","Pottawattamie","39153","December","2023","IA"
"7255","Poweshiek","9432","December","2023","IA"
"7256","Ringgold","2517","December","2023","IA"
"7257","Sac","4901","December","2023","IA"
"7258","Scott","81150","December","2023","IA"
"7259","Shelby","6198","December","2023","IA"
"7260","Sioux","17407","December","2023","IA"
"7261","Story","44180","December","2023","IA"
"7262","Tama","7929","December","2023","IA"
"7263","Taylor","2766","December","2023","IA"
"7264","Union","5580","December","2023","IA"
"7265","Van Buren","3411","December","2023","IA"
"7266","Wapello","13198","December","2023","IA"
"7267","Warren","28770","December","2023","IA"
"7268","Washington","10696","December","2023","IA"
"7269","Wayne","2808","December","2023","IA"
"7270","Webster","15942","December","2023","IA"
"7271","Winnebago","5404","December","2023","IA"
"7272","Winneshiek","11443","December","2023","IA"
"7273","Woodbury","36324","December","2023","IA"
"7274","Worth","3916","December","2023","IA"
"7275","Wright","5579","December","2023","IA"
"7276","Allamakee","8505","February","2023","IA"
"7277","Appanoose","7539","February","2023","IA"
"7278","Audubon","3707","February","2023","IA"
"7279","Benton","16432","February","2023","IA"
"7280","Black Hawk","74238","February","2023","IA"
"7281","Boone","17324","February","2023","IA"
"7282","Bremer","16028","February","2023","IA"
"7283","Buchanan","12366","February","2023","IA"
"7284","Buena Vista","9765","February","2023","IA"
"7285","Butler","9068","February","2023","IA"
"7286","Calhoun","5978","February","2023","IA"
"7287","Carroll","13060","February","2023","IA"
"7288","Cass","8286","February","2023","IA"
"7289","Cedar","11601","February","2023","IA"
"7290","Cerro Gordo","26852","February","2023","IA"
"7291","Cherokee","7127","February","2023","IA"
"7292","Chickasaw","7240","February","2023","IA"
"7293","Clarke","5256","February","2023","IA"
"7294","Clay","10194","February","2023","IA"
"7295","Clayton","10910","February","2023","IA"
"7296","Clinton","28512","February","2023","IA"
"7297","Crawford","8363","February","2023","IA"
"7298","Dallas","65488","February","2023","IA"
"7299","Davis","4555","February","2023","IA"
"7300","Decatur","4232","February","2023","IA"
"7301","Delaware","11217","February","2023","IA"
"7302","Des Moines","23039","February","2023","IA"
"7303","Dickinson","12830","February","2023","IA"
"7304","Dubuque","61503","February","2023","IA"
"7305","Emmet","5543","February","2023","IA"
"7306","Fayette","11107","February","2023","IA"
"7307","Floyd","9173","February","2023","IA"
"7308","Franklin","5799","February","2023","IA"
"7309","Fremont","4364","February","2023","IA"
"7310","Greene","5692","February","2023","IA"
"7311","Grundy","8207","February","2023","IA"
"7312","Guthrie","7371","February","2023","IA"
"7313","Hamilton","8903","February","2023","IA"
"7314","Hancock","6859","February","2023","IA"
"7315","Hardin","10078","February","2023","IA"
"7316","Harrison","8643","February","2023","IA"
"7317","Henry","11370","February","2023","IA"
"7318","Howard","5536","February","2023","IA"
"7319","Humboldt","5985","February","2023","IA"
"7320","Ida","4295","February","2023","IA"
"7321","Iowa","11087","February","2023","IA"
"7322","Jackson","12646","February","2023","IA"
"7323","Jasper","23321","February","2023","IA"
"7324","Jefferson","9843","February","2023","IA"
"7325","Johnson","92278","February","2023","IA"
"7326","Jones","12418","February","2023","IA"
"7327","Keokuk","5914","February","2023","IA"
"7328","Kossuth","9948","February","2023","IA"
"7329","Lee","19003","February","2023","IA"
"7330","Linn","140584","February","2023","IA"
"7331","Louisa","6157","February","2023","IA"
"7332","Lucas","5284","February","2023","IA"
"7333","Lyon","7824","February","2023","IA"
"7334","Madison","11030","February","2023","IA"
"7335","Mahaska","12687","February","2023","IA"
"7336","Marion","21836","February","2023","IA"
"7337","Marshall","20547","February","2023","IA"
"7338","Mills","9694","February","2023","IA"
"7339","Mitchell","6468","February","2023","IA"
"7340","Monona","5420","February","2023","IA"
"7341","Monroe","4671","February","2023","IA"
"7342","Montgomery","6141","February","2023","IA"
"7343","Muscatine","23623","February","2023","IA"
"7344","O'Brien","8450","February","2023","IA"
"7345","Osceola","3691","February","2023","IA"
"7346","Page","8902","February","2023","IA"
"7347","Palo Alto","5588","February","2023","IA"
"7348","Plymouth","15956","February","2023","IA"
"7349","Pocahontas","4293","February","2023","IA"
"7350","Polk","290843","February","2023","IA"
"7351","Pottawattamie","52868","February","2023","IA"
"7352","Poweshiek","11807","February","2023","IA"
"7353","Ringgold","2975","February","2023","IA"
"7354","Sac","6357","February","2023","IA"
"7355","Scott","105722","February","2023","IA"
"7356","Shelby","7804","February","2023","IA"
"7357","Sioux","21270","February","2023","IA"
"7358","Story","56704","February","2023","IA"
"7359","Tama","10121","February","2023","IA"
"7360","Taylor","3547","February","2023","IA"
"7361","Union","7111","February","2023","IA"
"7362","Van Buren","4299","February","2023","IA"
"7363","Wapello","17764","February","2023","IA"
"7364","Warren","35277","February","2023","IA"
"7365","Washington","13535","February","2023","IA"
"7366","Wayne","3499","February","2023","IA"
"7367","Webster","20671","February","2023","IA"
"7368","Winnebago","6881","February","2023","IA"
"7369","Winneshiek","13302","February","2023","IA"
"7370","Woodbury","52306","February","2023","IA"
"7371","Worth","4961","February","2023","IA"
"7372","Wright","6954","February","2023","IA"
"7373","Allamakee","8504","January","2023","IA"
"7374","Appanoose","7520","January","2023","IA"
"7375","Audubon","3699","January","2023","IA"
"7376","Benton","16399","January","2023","IA"
"7377","Black Hawk","74271","January","2023","IA"
"7378","Boone","17302","January","2023","IA"
"7379","Bremer","16028","January","2023","IA"
"7380","Buchanan","12356","January","2023","IA"
"7381","Buena Vista","9742","January","2023","IA"
"7382","Butler","9061","January","2023","IA"
"7383","Calhoun","5972","January","2023","IA"
"7384","Carroll","13049","January","2023","IA"
"7385","Cass","8293","January","2023","IA"
"7386","Cedar","11617","January","2023","IA"
"7387","Cerro Gordo","26808","January","2023","IA"
"7388","Cherokee","7127","January","2023","IA"
"7389","Chickasaw","7242","January","2023","IA"
"7390","Clarke","5249","January","2023","IA"
"7391","Clay","10172","January","2023","IA"
"7392","Clayton","10900","January","2023","IA"
"7393","Clinton","28468","January","2023","IA"
"7394","Crawford","8365","January","2023","IA"
"7395","Dallas","65305","January","2023","IA"
"7396","Davis","4549","January","2023","IA"
"7397","Decatur","4242","January","2023","IA"
"7398","Delaware","11221","January","2023","IA"
"7399","Des Moines","23007","January","2023","IA"
"7400","Dickinson","12826","January","2023","IA"
"7401","Dubuque","61409","January","2023","IA"
"7402","Emmet","5528","January","2023","IA"
"7403","Fayette","11113","January","2023","IA"
"7404","Floyd","9164","January","2023","IA"
"7405","Franklin","5800","January","2023","IA"
"7406","Fremont","4360","January","2023","IA"
"7407","Greene","5694","January","2023","IA"
"7408","Grundy","8198","January","2023","IA"
"7409","Guthrie","7365","January","2023","IA"
"7410","Hamilton","8892","January","2023","IA"
"7411","Hancock","6849","January","2023","IA"
"7412","Hardin","10049","January","2023","IA"
"7413","Harrison","8650","January","2023","IA"
"7414","Henry","11357","January","2023","IA"
"7415","Howard","5525","January","2023","IA"
"7416","Humboldt","5973","January","2023","IA"
"7417","Ida","4298","January","2023","IA"
"7418","Iowa","11070","January","2023","IA"
"7419","Jackson","12623","January","2023","IA"
"7420","Jasper","23300","January","2023","IA"
"7421","Jefferson","9840","January","2023","IA"
"7422","Johnson","94634","January","2023","IA"
"7423","Jones","12418","January","2023","IA"
"7424","Keokuk","5914","January","2023","IA"
"7425","Kossuth","9927","January","2023","IA"
"7426","Lee","18976","January","2023","IA"
"7427","Linn","140481","January","2023","IA"
"7428","Louisa","6168","January","2023","IA"
"7429","Lucas","5276","January","2023","IA"
"7430","Lyon","7805","January","2023","IA"
"7431","Madison","11025","January","2023","IA"
"7432","Mahaska","12690","January","2023","IA"
"7433","Marion","21788","January","2023","IA"
"7434","Marshall","20548","January","2023","IA"
"7435","Mills","9679","January","2023","IA"
"7436","Mitchell","6469","January","2023","IA"
"7437","Monona","5420","January","2023","IA"
"7438","Monroe","4659","January","2023","IA"
"7439","Montgomery","6155","January","2023","IA"
"7440","Muscatine","23580","January","2023","IA"
"7441","O'Brien","8462","January","2023","IA"
"7442","Osceola","3685","January","2023","IA"
"7443","Page","8889","January","2023","IA"
"7444","Palo Alto","5579","January","2023","IA"
"7445","Plymouth","15959","January","2023","IA"
"7446","Pocahontas","4286","January","2023","IA"
"7447","Polk","290488","January","2023","IA"
"7448","Pottawattamie","52785","January","2023","IA"
"7449","Poweshiek","11803","January","2023","IA"
"7450","Ringgold","2978","January","2023","IA"
"7451","Sac","6302","January","2023","IA"
"7452","Scott","104947","January","2023","IA"
"7453","Shelby","7796","January","2023","IA"
"7454","Sioux","21241","January","2023","IA"
"7455","Story","56613","January","2023","IA"
"7456","Tama","10115","January","2023","IA"
"7457","Taylor","3558","January","2023","IA"
"7458","Union","7117","January","2023","IA"
"7459","Van Buren","4293","January","2023","IA"
"7460","Wapello","17751","January","2023","IA"
"7461","Warren","35197","January","2023","IA"
"7462","Washington","13512","January","2023","IA"
"7463","Wayne","3499","January","2023","IA"
"7464","Webster","20645","January","2023","IA"
"7465","Winnebago","6870","January","2023","IA"
"7466","Winneshiek","13299","January","2023","IA"
"7467","Woodbury","52231","January","2023","IA"
"7468","Worth","4964","January","2023","IA"
"7469","Wright","6935","January","2023","IA"
"7470","Allamakee","6670","July","2023","IA"
"7471","Appanoose","5603","July","2023","IA"
"7472","Audubon","3038","July","2023","IA"
"7473","Benton","13428","July","2023","IA"
"7474","Black Hawk","55147","July","2023","IA"
"7475","Boone","13587","July","2023","IA"
"7476","Bremer","12897","July","2023","IA"
"7477","Buchanan","9779","July","2023","IA"
"7478","Buena Vista","6545","July","2023","IA"
"7479","Butler","7268","July","2023","IA"
"7480","Calhoun","4760","July","2023","IA"
"7481","Carroll","10385","July","2023","IA"
"7482","Cass","6300","July","2023","IA"
"7483","Cedar","9349","July","2023","IA"
"7484","Cerro Gordo","20450","July","2023","IA"
"7485","Cherokee","5508","July","2023","IA"
"7486","Chickasaw","5835","July","2023","IA"
"7487","Clarke","3963","July","2023","IA"
"7488","Clay","7896","July","2023","IA"
"7489","Clayton","8736","July","2023","IA"
"7490","Clinton","21271","July","2023","IA"
"7491","Crawford","5831","July","2023","IA"
"7492","Dallas","52357","July","2023","IA"
"7493","Davis","3610","July","2023","IA"
"7494","Decatur","3145","July","2023","IA"
"7495","Delaware","9123","July","2023","IA"
"7496","Des Moines","16721","July","2023","IA"
"7497","Dickinson","10055","July","2023","IA"
"7498","Dubuque","46905","July","2023","IA"
"7499","Emmet","4161","July","2023","IA"
"7500","Fayette","8864","July","2023","IA"
"7501","Floyd","7001","July","2023","IA"
"7502","Franklin","4340","July","2023","IA"
"7503","Fremont","3241","July","2023","IA"
"7504","Greene","4397","July","2023","IA"
"7505","Grundy","6535","July","2023","IA"
"7506","Guthrie","5813","July","2023","IA"
"7507","Hamilton","6966","July","2023","IA"
"7508","Hancock","5293","July","2023","IA"
"7509","Hardin","7691","July","2023","IA"
"7510","Harrison","6645","July","2023","IA"
"7511","Henry","8501","July","2023","IA"
"7512","Howard","4260","July","2023","IA"
"7513","Humboldt","4709","July","2023","IA"
"7514","Ida","3310","July","2023","IA"
"7515","Iowa","8876","July","2023","IA"
"7516","Jackson","9782","July","2023","IA"
"7517","Jasper","17804","July","2023","IA"
"7518","Jefferson","7588","July","2023","IA"
"7519","Johnson","71939","July","2023","IA"
"7520","Jones","9861","July","2023","IA"
"7521","Keokuk","4514","July","2023","IA"
"7522","Kossuth","7863","July","2023","IA"
"7523","Lee","14042","July","2023","IA"
"7524","Linn","108668","July","2023","IA"
"7525","Louisa","4417","July","2023","IA"
"7526","Lucas","4129","July","2023","IA"
"7527","Lyon","6239","July","2023","IA"
"7528","Madison","8637","July","2023","IA"
"7529","Mahaska","9426","July","2023","IA"
"7530","Marion","16919","July","2023","IA"
"7531","Marshall","14855","July","2023","IA"
"7532","Mills","7040","July","2023","IA"
"7533","Mitchell","5108","July","2023","IA"
"7534","Monona","4123","July","2023","IA"
"7535","Monroe","3568","July","2023","IA"
"7536","Montgomery","4271","July","2023","IA"
"7537","Muscatine","16627","July","2023","IA"
"7538","O'Brien","6770","July","2023","IA"
"7539","Osceola","2821","July","2023","IA"
"7540","Page","6632","July","2023","IA"
"7541","Palo Alto","4261","July","2023","IA"
"7542","Plymouth","12179","July","2023","IA"
"7543","Pocahontas","3417","July","2023","IA"
"7544","Polk","222124","July","2023","IA"
"7545","Pottawattamie","37039","July","2023","IA"
"7546","Poweshiek","9045","July","2023","IA"
"7547","Ringgold","2444","July","2023","IA"
"7548","Sac","4417","July","2023","IA"
"7549","Scott","77697","July","2023","IA"
"7550","Shelby","5969","July","2023","IA"
"7551","Sioux","16846","July","2023","IA"
"7552","Story","42770","July","2023","IA"
"7553","Tama","7687","July","2023","IA"
"7554","Taylor","2719","July","2023","IA"
"7555","Union","5435","July","2023","IA"
"7556","Van Buren","3306","July","2023","IA"
"7557","Wapello","12683","July","2023","IA"
"7558","Warren","27608","July","2023","IA"
"7559","Washington","10479","July","2023","IA"
"7560","Wayne","2736","July","2023","IA"
"7561","Webster","15129","July","2023","IA"
"7562","Winnebago","5259","July","2023","IA"
"7563","Winneshiek","11211","July","2023","IA"
"7564","Woodbury","35162","July","2023","IA"
"7565","Worth","3809","July","2023","IA"
"7566","Wright","5268","July","2023","IA"
"7567","Allamakee","6645","June","2023","IA"
"7568","Appanoose","5561","June","2023","IA"
"7569","Audubon","3028","June","2023","IA"
"7570","Benton","13348","June","2023","IA"
"7571","Black Hawk","54893","June","2023","IA"
"7572","Boone","13475","June","2023","IA"
"7573","Bremer","12811","June","2023","IA"
"7574","Buchanan","9697","June","2023","IA"
"7575","Buena Vista","6496","June","2023","IA"
"7576","Butler","7227","June","2023","IA"
"7577","Calhoun","4745","June","2023","IA"
"7578","Carroll","10336","June","2023","IA"
"7579","Cass","6280","June","2023","IA"
"7580","Cedar","9309","June","2023","IA"
"7581","Cerro Gordo","20278","June","2023","IA"
"7582","Cherokee","5480","June","2023","IA"
"7583","Chickasaw","5794","June","2023","IA"
"7584","Clarke","3937","June","2023","IA"
"7585","Clay","7840","June","2023","IA"
"7586","Clayton","8695","June","2023","IA"
"7587","Clinton","21079","June","2023","IA"
"7588","Crawford","5767","June","2023","IA"
"7589","Dallas","51882","June","2023","IA"
"7590","Davis","3594","June","2023","IA"
"7591","Decatur","3127","June","2023","IA"
"7592","Delaware","9048","June","2023","IA"
"7593","Des Moines","16641","June","2023","IA"
"7594","Dickinson","9990","June","2023","IA"
"7595","Dubuque","46573","June","2023","IA"
"7596","Emmet","4139","June","2023","IA"
"7597","Fayette","8816","June","2023","IA"
"7598","Floyd","6962","June","2023","IA"
"7599","Franklin","4307","June","2023","IA"
"7600","Fremont","3216","June","2023","IA"
"7601","Greene","4363","June","2023","IA"
"7602","Grundy","6467","June","2023","IA"
"7603","Guthrie","5765","June","2023","IA"
"7604","Hamilton","6905","June","2023","IA"
"7605","Hancock","5268","June","2023","IA"
"7606","Hardin","7641","June","2023","IA"
"7607","Harrison","6309","June","2023","IA"
"7608","Henry","8441","June","2023","IA"
"7609","Howard","4226","June","2023","IA"
"7610","Humboldt","4678","June","2023","IA"
"7611","Ida","3293","June","2023","IA"
"7612","Iowa","8793","June","2023","IA"
"7613","Jackson","9708","June","2023","IA"
"7614","Jasper","17667","June","2023","IA"
"7615","Jefferson","7563","June","2023","IA"
"7616","Johnson","71499","June","2023","IA"
"7617","Jones","9781","June","2023","IA"
"7618","Keokuk","4492","June","2023","IA"
"7619","Kossuth","7822","June","2023","IA"
"7620","Lee","13949","June","2023","IA"
"7621","Linn","107925","June","2023","IA"
"7622","Louisa","4371","June","2023","IA"
"7623","Lucas","4087","June","2023","IA"
"7624","Lyon","6196","June","2023","IA"
"7625","Madison","8584","June","2023","IA"
"7626","Mahaska","9367","June","2023","IA"
"7627","Marion","16781","June","2023","IA"
"7628","Marshall","14755","June","2023","IA"
"7629","Mills","6965","June","2023","IA"
"7630","Mitchell","5080","June","2023","IA"
"7631","Monona","4090","June","2023","IA"
"7632","Monroe","3534","June","2023","IA"
"7633","Montgomery","4253","June","2023","IA"
"7634","Muscatine","16496","June","2023","IA"
"7635","O'Brien","6698","June","2023","IA"
"7636","Osceola","2808","June","2023","IA"
"7637","Page","6577","June","2023","IA"
"7638","Palo Alto","4226","June","2023","IA"
"7639","Plymouth","12002","June","2023","IA"
"7640","Pocahontas","3390","June","2023","IA"
"7641","Polk","220818","June","2023","IA"
"7642","Pottawattamie","36683","June","2023","IA"
"7643","Poweshiek","9005","June","2023","IA"
"7644","Ringgold","2446","June","2023","IA"
"7645","Sac","4418","June","2023","IA"
"7646","Scott","77006","June","2023","IA"
"7647","Shelby","5934","June","2023","IA"
"7648","Sioux","16706","June","2023","IA"
"7649","Story","42488","June","2023","IA"
"7650","Tama","7665","June","2023","IA"
"7651","Taylor","2709","June","2023","IA"
"7652","Union","5399","June","2023","IA"
"7653","Van Buren","3295","June","2023","IA"
"7654","Wapello","12585","June","2023","IA"
"7655","Warren","27377","June","2023","IA"
"7656","Washington","10426","June","2023","IA"
"7657","Wayne","2728","June","2023","IA"
"7658","Webster","15010","June","2023","IA"
"7659","Winnebago","5226","June","2023","IA"
"7660","Winneshiek","11179","June","2023","IA"
"7661","Woodbury","34797","June","2023","IA"
"7662","Worth","3788","June","2023","IA"
"7663","Wright","5221","June","2023","IA"
"7664","Allamakee","8466","March","2023","IA"
"7665","Appanoose","7432","March","2023","IA"
"7666","Audubon","3679","March","2023","IA"
"7667","Benton","16228","March","2023","IA"
"7668","Black Hawk","73248","March","2023","IA"
"7669","Boone","17094","March","2023","IA"
"7670","Bremer","15800","March","2023","IA"
"7671","Buchanan","12215","March","2023","IA"
"7672","Buena Vista","9651","March","2023","IA"
"7673","Butler","8982","March","2023","IA"
"7674","Calhoun","5932","March","2023","IA"
"7675","Carroll","12922","March","2023","IA"
"7676","Cass","8192","March","2023","IA"
"7677","Cedar","11473","March","2023","IA"
"7678","Cerro Gordo","26453","March","2023","IA"
"7679","Cherokee","7053","March","2023","IA"
"7680","Chickasaw","7144","March","2023","IA"
"7681","Clarke","5186","March","2023","IA"
"7682","Clay","10069","March","2023","IA"
"7683","Clayton","10826","March","2023","IA"
"7684","Clinton","28139","March","2023","IA"
"7685","Crawford","8300","March","2023","IA"
"7686","Dallas","64082","March","2023","IA"
"7687","Davis","4497","March","2023","IA"
"7688","Decatur","4151","March","2023","IA"
"7689","Delaware","11109","March","2023","IA"
"7690","Des Moines","22734","March","2023","IA"
"7691","Dickinson","12657","March","2023","IA"
"7692","Dubuque","60890","March","2023","IA"
"7693","Emmet","5453","March","2023","IA"
"7694","Fayette","10974","March","2023","IA"
"7695","Floyd","9086","March","2023","IA"
"7696","Franklin","5734","March","2023","IA"
"7697","Fremont","4321","March","2023","IA"
"7698","Greene","5592","March","2023","IA"
"7699","Grundy","8123","March","2023","IA"
"7700","Guthrie","7302","March","2023","IA"
"7701","Hamilton","8828","March","2023","IA"
"7702","Hancock","6772","March","2023","IA"
"7703","Hardin","9909","March","2023","IA"
"7704","Harrison","8537","March","2023","IA"
"7705","Henry","11205","March","2023","IA"
"7706","Howard","5486","March","2023","IA"
"7707","Humboldt","5909","March","2023","IA"
"7708","Ida","4246","March","2023","IA"
"7709","Iowa","10980","March","2023","IA"
"7710","Jackson","12546","March","2023","IA"
"7711","Jasper","23038","March","2023","IA"
"7712","Jefferson","9697","March","2023","IA"
"7713","Johnson","92419","March","2023","IA"
"7714","Jones","12277","March","2023","IA"
"7715","Keokuk","5847","March","2023","IA"
"7716","Kossuth","9846","March","2023","IA"
"7717","Lee","18723","March","2023","IA"
"7718","Linn","138461","March","2023","IA"
"7719","Louisa","6090","March","2023","IA"
"7720","Lucas","5235","March","2023","IA"
"7721","Lyon","7789","March","2023","IA"
"7722","Madison","10861","March","2023","IA"
"7723","Mahaska","12514","March","2023","IA"
"7724","Marion","21532","March","2023","IA"
"7725","Marshall","20386","March","2023","IA"
"7726","Mills","9556","March","2023","IA"
"7727","Mitchell","6385","March","2023","IA"
"7728","Monona","5363","March","2023","IA"
"7729","Monroe","4627","March","2023","IA"
"7730","Montgomery","6021","March","2023","IA"
"7731","Muscatine","23331","March","2023","IA"
"7732","O'Brien","8358","March","2023","IA"
"7733","Osceola","3632","March","2023","IA"
"7734","Page","8746","March","2023","IA"
"7735","Palo Alto","5590","March","2023","IA"
"7736","Plymouth","15787","March","2023","IA"
"7737","Pocahontas","4241","March","2023","IA"
"7738","Polk","286566","March","2023","IA"
"7739","Pottawattamie","52233","March","2023","IA"
"7740","Poweshiek","11676","March","2023","IA"
"7741","Ringgold","2938","March","2023","IA"
"7742","Sac","6304","March","2023","IA"
"7743","Scott","103821","March","2023","IA"
"7744","Shelby","7715","March","2023","IA"
"7745","Sioux","21036","March","2023","IA"
"7746","Story","55479","March","2023","IA"
"7747","Tama","10018","March","2023","IA"
"7748","Taylor","3501","March","2023","IA"
"7749","Union","7058","March","2023","IA"
"7750","Van Buren","4240","March","2023","IA"
"7751","Wapello","17550","March","2023","IA"
"7752","Warren","34740","March","2023","IA"
"7753","Washington","13386","March","2023","IA"
"7754","Wayne","3456","March","2023","IA"
"7755","Webster","20483","March","2023","IA"
"7756","Winnebago","6816","March","2023","IA"
"7757","Winneshiek","13172","March","2023","IA"
"7758","Woodbury","51718","March","2023","IA"
"7759","Worth","4902","March","2023","IA"
"7760","Wright","6885","March","2023","IA"
"7761","Allamakee","6147","May","2023","IA"
"7762","Appanoose","5509","May","2023","IA"
"7763","Audubon","2976","May","2023","IA"
"7764","Benton","13227","May","2023","IA"
"7765","Black Hawk","54377","May","2023","IA"
"7766","Boone","13308","May","2023","IA"
"7767","Bremer","12659","May","2023","IA"
"7768","Buchanan","9581","May","2023","IA"
"7769","Buena Vista","6379","May","2023","IA"
"7770","Butler","7135","May","2023","IA"
"7771","Calhoun","4684","May","2023","IA"
"7772","Carroll","9999","May","2023","IA"
"7773","Cass","6200","May","2023","IA"
"7774","Cedar","9209","May","2023","IA"
"7775","Cerro Gordo","19766","May","2023","IA"
"7776","Cherokee","5412","May","2023","IA"
"7777","Chickasaw","5739","May","2023","IA"
"7778","Clarke","3884","May","2023","IA"
"7779","Clay","7718","May","2023","IA"
"7780","Clayton","8600","May","2023","IA"
"7781","Clinton","20688","May","2023","IA"
"7782","Crawford","5202","May","2023","IA"
"7783","Dallas","51122","May","2023","IA"
"7784","Davis","3550","May","2023","IA"
"7785","Decatur","3115","May","2023","IA"
"7786","Delaware","8610","May","2023","IA"
"7787","Des Moines","16420","May","2023","IA"
"7788","Dickinson","9794","May","2023","IA"
"7789","Dubuque","45985","May","2023","IA"
"7790","Emmet","4083","May","2023","IA"
"7791","Fayette","8720","May","2023","IA"
"7792","Floyd","6875","May","2023","IA"
"7793","Franklin","4266","May","2023","IA"
"7794","Fremont","3156","May","2023","IA"
"7795","Greene","4319","May","2023","IA"
"7796","Grundy","6395","May","2023","IA"
"7797","Guthrie","5717","May","2023","IA"
"7798","Hamilton","6802","May","2023","IA"
"7799","Hancock","5218","May","2023","IA"
"7800","Hardin","7558","May","2023","IA"
"7801","Harrison","6006","May","2023","IA"
"7802","Henry","8362","May","2023","IA"
"7803","Howard","4163","May","2023","IA"
"7804","Humboldt","4611","May","2023","IA"
"7805","Ida","3250","May","2023","IA"
"7806","Iowa","8683","May","2023","IA"
"7807","Jackson","9596","May","2023","IA"
"7808","Jasper","17448","May","2023","IA"
"7809","Jefferson","7251","May","2023","IA"
"7810","Johnson","70838","May","2023","IA"
"7811","Jones","9675","May","2023","IA"
"7812","Keokuk","4435","May","2023","IA"
"7813","Kossuth","7716","May","2023","IA"
"7814","Lee","12910","May","2023","IA"
"7815","Linn","106756","May","2023","IA"
"7816","Louisa","4255","May","2023","IA"
"7817","Lucas","3883","May","2023","IA"
"7818","Lyon","5835","May","2023","IA"
"7819","Madison","8509","May","2023","IA"
"7820","Mahaska","9283","May","2023","IA"
"7821","Marion","16549","May","2023","IA"
"7822","Marshall","14603","May","2023","IA"
"7823","Mills","6843","May","2023","IA"
"7824","Mitchell","5024","May","2023","IA"
"7825","Monona","4009","May","2023","IA"
"7826","Monroe","3482","May","2023","IA"
"7827","Montgomery","4212","May","2023","IA"
"7828","Muscatine","16014","May","2023","IA"
"7829","O'Brien","6606","May","2023","IA"
"7830","Osceola","2754","May","2023","IA"
"7831","Page","6461","May","2023","IA"
"7832","Palo Alto","4172","May","2023","IA"
"7833","Plymouth","11660","May","2023","IA"
"7834","Pocahontas","3340","May","2023","IA"
"7835","Polk","218554","May","2023","IA"
"7836","Pottawattamie","36044","May","2023","IA"
"7837","Poweshiek","8885","May","2023","IA"
"7838","Ringgold","2425","May","2023","IA"
"7839","Sac","4416","May","2023","IA"
"7840","Scott","75930","May","2023","IA"
"7841","Shelby","5510","May","2023","IA"
"7842","Sioux","16466","May","2023","IA"
"7843","Story","41997","May","2023","IA"
"7844","Tama","7602","May","2023","IA"
"7845","Taylor","2677","May","2023","IA"
"7846","Union","5333","May","2023","IA"
"7847","Van Buren","3242","May","2023","IA"
"7848","Wapello","12426","May","2023","IA"
"7849","Warren","27050","May","2023","IA"
"7850","Washington","10322","May","2023","IA"
"7851","Wayne","2708","May","2023","IA"
"7852","Webster","14771","May","2023","IA"
"7853","Winnebago","5180","May","2023","IA"
"7854","Winneshiek","10717","May","2023","IA"
"7855","Woodbury","34234","May","2023","IA"
"7856","Worth","3665","May","2023","IA"
"7857","Wright","5141","May","2023","IA"
"7858","Allamakee","6819","November","2023","IA"
"7859","Appanoose","5723","November","2023","IA"
"7860","Audubon","3080","November","2023","IA"
"7861","Benton","13706","November","2023","IA"
"7862","Black Hawk","56011","November","2023","IA"
"7863","Boone","14044","November","2023","IA"
"7864","Bremer","13119","November","2023","IA"
"7865","Buchanan","9952","November","2023","IA"
"7866","Buena Vista","6787","November","2023","IA"
"7867","Butler","7380","November","2023","IA"
"7868","Calhoun","4841","November","2023","IA"
"7869","Carroll","10682","November","2023","IA"
"7870","Cass","6388","November","2023","IA"
"7871","Cedar","9477","November","2023","IA"
"7872","Cerro Gordo","20879","November","2023","IA"
"7873","Cherokee","5629","November","2023","IA"
"7874","Chickasaw","5953","November","2023","IA"
"7875","Clarke","4062","November","2023","IA"
"7876","Clay","8021","November","2023","IA"
"7877","Clayton","8877","November","2023","IA"
"7878","Clinton","21895","November","2023","IA"
"7879","Crawford","5905","November","2023","IA"
"7880","Dallas","54182","November","2023","IA"
"7881","Davis","3692","November","2023","IA"
"7882","Decatur","3175","November","2023","IA"
"7883","Delaware","9286","November","2023","IA"
"7884","Des Moines","17344","November","2023","IA"
"7885","Dickinson","10465","November","2023","IA"
"7886","Dubuque","47944","November","2023","IA"
"7887","Emmet","4272","November","2023","IA"
"7888","Fayette","9015","November","2023","IA"
"7889","Floyd","7146","November","2023","IA"
"7890","Franklin","4422","November","2023","IA"
"7891","Fremont","3317","November","2023","IA"
"7892","Greene","4473","November","2023","IA"
"7893","Grundy","6638","November","2023","IA"
"7894","Guthrie","6043","November","2023","IA"
"7895","Hamilton","7127","November","2023","IA"
"7896","Hancock","5416","November","2023","IA"
"7897","Hardin","7843","November","2023","IA"
"7898","Harrison","6768","November","2023","IA"
"7899","Henry","8726","November","2023","IA"
"7900","Howard","4399","November","2023","IA"
"7901","Humboldt","4805","November","2023","IA"
"7902","Ida","3359","November","2023","IA"
"7903","Iowa","9018","November","2023","IA"
"7904","Jackson","9966","November","2023","IA"
"7905","Jasper","18161","November","2023","IA"
"7906","Jefferson","7740","November","2023","IA"
"7907","Johnson","74075","November","2023","IA"
"7908","Jones","10006","November","2023","IA"
"7909","Keokuk","4582","November","2023","IA"
"7910","Kossuth","7994","November","2023","IA"
"7911","Lee","14417","November","2023","IA"
"7912","Linn","111175","November","2023","IA"
"7913","Louisa","4564","November","2023","IA"
"7914","Lucas","4226","November","2023","IA"
"7915","Lyon","6436","November","2023","IA"
"7916","Madison","8836","November","2023","IA"
"7917","Mahaska","9550","November","2023","IA"
"7918","Marion","17392","November","2023","IA"
"7919","Marshall","15422","November","2023","IA"
"7920","Mills","7279","November","2023","IA"
"7921","Mitchell","5202","November","2023","IA"
"7922","Monona","4212","November","2023","IA"
"7923","Monroe","3685","November","2023","IA"
"7924","Montgomery","4328","November","2023","IA"
"7925","Muscatine","17134","November","2023","IA"
"7926","O'Brien","6927","November","2023","IA"
"7927","Osceola","2899","November","2023","IA"
"7928","Page","6824","November","2023","IA"
"7929","Palo Alto","4366","November","2023","IA"
"7930","Plymouth","12434","November","2023","IA"
"7931","Pocahontas","3473","November","2023","IA"
"7932","Polk","227902","November","2023","IA"
"7933","Pottawattamie","38526","November","2023","IA"
"7934","Poweshiek","9317","November","2023","IA"
"7935","Ringgold","2496","November","2023","IA"
"7936","Sac","4899","November","2023","IA"
"7937","Scott","80453","November","2023","IA"
"7938","Shelby","6068","November","2023","IA"
"7939","Sioux","17248","November","2023","IA"
"7940","Story","43810","November","2023","IA"
"7941","Tama","7827","November","2023","IA"
"7942","Taylor","2746","November","2023","IA"
"7943","Union","5566","November","2023","IA"
"7944","Van Buren","3370","November","2023","IA"
"7945","Wapello","13038","November","2023","IA"
"7946","Warren","28589","November","2023","IA"
"7947","Washington","10652","November","2023","IA"
"7948","Wayne","2782","November","2023","IA"
"7949","Webster","15675","November","2023","IA"
"7950","Winnebago","5343","November","2023","IA"
"7951","Winneshiek","11350","November","2023","IA"
"7952","Woodbury","36239","November","2023","IA"
"7953","Worth","3882","November","2023","IA"
"7954","Wright","5429","November","2023","IA"
"7955","Allamakee","6722","October","2023","IA"
"7956","Appanoose","5688","October","2023","IA"
"7957","Audubon","3074","October","2023","IA"
"7958","Benton","13630","October","2023","IA"
"7959","Black Hawk","55765","October","2023","IA"
"7960","Boone","13912","October","2023","IA"
"7961","Bremer","13038","October","2023","IA"
"7962","Buchanan","9896","October","2023","IA"
"7963","Buena Vista","6749","October","2023","IA"
"7964","Butler","7346","October","2023","IA"
"7965","Calhoun","4816","October","2023","IA"
"7966","Carroll","10563","October","2023","IA"
"7967","Cass","6366","October","2023","IA"
"7968","Cedar","9421","October","2023","IA"
"7969","Cerro Gordo","20789","October","2023","IA"
"7970","Cherokee","5573","October","2023","IA"
"7971","Chickasaw","5921","October","2023","IA"
"7972","Clarke","4036","October","2023","IA"
"7973","Clay","7989","October","2023","IA"
"7974","Clayton","8836","October","2023","IA"
"7975","Clinton","21644","October","2023","IA"
"7976","Crawford","5865","October","2023","IA"
"7977","Dallas","53612","October","2023","IA"
"7978","Davis","3670","October","2023","IA"
"7979","Decatur","3152","October","2023","IA"
"7980","Delaware","9245","October","2023","IA"
"7981","Des Moines","17161","October","2023","IA"
"7982","Dickinson","10354","October","2023","IA"
"7983","Dubuque","47572","October","2023","IA"
"7984","Emmet","4222","October","2023","IA"
"7985","Fayette","8957","October","2023","IA"
"7986","Floyd","7084","October","2023","IA"
"7987","Franklin","4383","October","2023","IA"
"7988","Fremont","3297","October","2023","IA"
"7989","Greene","4453","October","2023","IA"
"7990","Grundy","6604","October","2023","IA"
"7991","Guthrie","5992","October","2023","IA"
"7992","Hamilton","7105","October","2023","IA"
"7993","Hancock","5375","October","2023","IA"
"7994","Hardin","7776","October","2023","IA"
"7995","Harrison","6751","October","2023","IA"
"7996","Henry","8674","October","2023","IA"
"7997","Howard","4356","October","2023","IA"
"7998","Humboldt","4795","October","2023","IA"
"7999","Ida","3350","October","2023","IA"
"8000","Iowa","8976","October","2023","IA"
"8001","Jackson","9913","October","2023","IA"
"8002","Jasper","18045","October","2023","IA"
"8003","Jefferson","7655","October","2023","IA"
"8004","Johnson","73571","October","2023","IA"
"8005","Jones","9951","October","2023","IA"
"8006","Keokuk","4562","October","2023","IA"
"8007","Kossuth","7960","October","2023","IA"
"8008","Lee","14320","October","2023","IA"
"8009","Linn","110433","October","2023","IA"
"8010","Louisa","4494","October","2023","IA"
"8011","Lucas","4202","October","2023","IA"
"8012","Lyon","6379","October","2023","IA"
"8013","Madison","8784","October","2023","IA"
"8014","Mahaska","9531","October","2023","IA"
"8015","Marion","17263","October","2023","IA"
"8016","Marshall","15147","October","2023","IA"
"8017","Mills","7220","October","2023","IA"
"8018","Mitchell","5177","October","2023","IA"
"8019","Monona","4185","October","2023","IA"
"8020","Monroe","3658","October","2023","IA"
"8021","Montgomery","4312","October","2023","IA"
"8022","Muscatine","16968","October","2023","IA"
"8023","O'Brien","6860","October","2023","IA"
"8024","Osceola","2876","October","2023","IA"
"8025","Page","6762","October","2023","IA"
"8026","Palo Alto","4313","October","2023","IA"
"8027","Plymouth","12372","October","2023","IA"
"8028","Pocahontas","3450","October","2023","IA"
"8029","Polk","226036","October","2023","IA"
"8030","Pottawattamie","38135","October","2023","IA"
"8031","Poweshiek","9232","October","2023","IA"
"8032","Ringgold","2482","October","2023","IA"
"8033","Sac","4452","October","2023","IA"
"8034","Scott","79609","October","2023","IA"
"8035","Shelby","6037","October","2023","IA"
"8036","Sioux","17124","October","2023","IA"
"8037","Story","43555","October","2023","IA"
"8038","Tama","7736","October","2023","IA"
"8039","Taylor","2742","October","2023","IA"
"8040","Union","5540","October","2023","IA"
"8041","Van Buren","3350","October","2023","IA"
"8042","Wapello","12917","October","2023","IA"
"8043","Warren","28411","October","2023","IA"
"8044","Washington","10596","October","2023","IA"
"8045","Wayne","2755","October","2023","IA"
"8046","Webster","15432","October","2023","IA"
"8047","Winnebago","5325","October","2023","IA"
"8048","Winneshiek","11314","October","2023","IA"
"8049","Woodbury","35894","October","2023","IA"
"8050","Worth","3865","October","2023","IA"
"8051","Wright","5399","October","2023","IA"
"8052","Allamakee","6712","September","2023","IA"
"8053","Appanoose","5669","September","2023","IA"
"8054","Audubon","3064","September","2023","IA"
"8055","Benton","13572","September","2023","IA"
"8056","Black Hawk","55528","September","2023","IA"
"8057","Boone","13793","September","2023","IA"
"8058","Bremer","13002","September","2023","IA"
"8059","Buchanan","9869","September","2023","IA"
"8060","Buena Vista","6697","September","2023","IA"
"8061","Butler","7314","September","2023","IA"
"8062","Calhoun","4786","September","2023","IA"
"8063","Carroll","10530","September","2023","IA"
"8064","Cass","6347","September","2023","IA"
"8065","Cedar","9414","September","2023","IA"
"8066","Cerro Gordo","20691","September","2023","IA"
"8067","Cherokee","5548","September","2023","IA"
"8068","Chickasaw","5893","September","2023","IA"
"8069","Clarke","4020","September","2023","IA"
"8070","Clay","7971","September","2023","IA"
"8071","Clayton","8804","September","2023","IA"
"8072","Clinton","21502","September","2023","IA"
"8073","Crawford","5851","September","2023","IA"
"8074","Dallas","53189","September","2023","IA"
"8075","Davis","3670","September","2023","IA"
"8076","Decatur","3144","September","2023","IA"
"8077","Delaware","9222","September","2023","IA"
"8078","Des Moines","17020","September","2023","IA"
"8079","Dickinson","10291","September","2023","IA"
"8080","Dubuque","47368","September","2023","IA"
"8081","Emmet","4199","September","2023","IA"
"8082","Fayette","8934","September","2023","IA"
"8083","Floyd","7050","September","2023","IA"
"8084","Franklin","4374","September","2023","IA"
"8085","Fremont","3263","September","2023","IA"
"8086","Greene","4446","September","2023","IA"
"8087","Grundy","6596","September","2023","IA"
"8088","Guthrie","5954","September","2023","IA"
"8089","Hamilton","7054","September","2023","IA"
"8090","Hancock","5343","September","2023","IA"
"8091","Hardin","7736","September","2023","IA"
"8092","Harrison","6689","September","2023","IA"
"8093","Henry","8618","September","2023","IA"
"8094","Howard","4321","September","2023","IA"
"8095","Humboldt","4771","September","2023","IA"
"8096","Ida","3338","September","2023","IA"
"8097","Iowa","8943","September","2023","IA"
"8098","Jackson","9873","September","2023","IA"
"8099","Jasper","17992","September","2023","IA"
"8100","Jefferson","7631","September","2023","IA"
"8101","Johnson","73188","September","2023","IA"
"8102","Jones","9922","September","2023","IA"
"8103","Keokuk","4545","September","2023","IA"
"8104","Kossuth","7927","September","2023","IA"
"8105","Lee","14247","September","2023","IA"
"8106","Linn","109823","September","2023","IA"
"8107","Louisa","4477","September","2023","IA"
"8108","Lucas","4177","September","2023","IA"
"8109","Lyon","6352","September","2023","IA"
"8110","Madison","8726","September","2023","IA"
"8111","Mahaska","9473","September","2023","IA"
"8112","Marion","17156","September","2023","IA"
"8113","Marshall","15045","September","2023","IA"
"8114","Mills","7147","September","2023","IA"
"8115","Mitchell","5147","September","2023","IA"
"8116","Monona","4174","September","2023","IA"
"8117","Monroe","3604","September","2023","IA"
"8118","Montgomery","4291","September","2023","IA"
"8119","Muscatine","16878","September","2023","IA"
"8120","O'Brien","6822","September","2023","IA"
"8121","Osceola","2871","September","2023","IA"
"8122","Page","6727","September","2023","IA"
"8123","Palo Alto","4286","September","2023","IA"
"8124","Plymouth","12324","September","2023","IA"
"8125","Pocahontas","3446","September","2023","IA"
"8126","Polk","224669","September","2023","IA"
"8127","Pottawattamie","37926","September","2023","IA"
"8128","Poweshiek","9151","September","2023","IA"
"8129","Ringgold","2477","September","2023","IA"
"8130","Sac","4420","September","2023","IA"
"8131","Scott","78959","September","2023","IA"
"8132","Shelby","6023","September","2023","IA"
"8133","Sioux","17035","September","2023","IA"
"8134","Story","43302","September","2023","IA"
"8135","Tama","7718","September","2023","IA"
"8136","Taylor","2731","September","2023","IA"
"8137","Union","5504","September","2023","IA"
"8138","Van Buren","3331","September","2023","IA"
"8139","Wapello","12837","September","2023","IA"
"8140","Warren","28047","September","2023","IA"
"8141","Washington","10573","September","2023","IA"
"8142","Wayne","2749","September","2023","IA"
"8143","Webster","15358","September","2023","IA"
"8144","Winnebago","5305","September","2023","IA"
"8145","Winneshiek","11277","September","2023","IA"
"8146","Woodbury","35643","September","2023","IA"
"8147","Worth","3833","September","2023","IA"
"8148","Wright","5329","September","2023","IA"
"8149","Allamakee","7078","April","2024","IA"
"8150","Appanoose","5920","April","2024","IA"
"8151","Audubon","3146","April","2024","IA"
"8152","Benton","14105","April","2024","IA"
"8153","Black Hawk","56487","April","2024","IA"
"8154","Boone","14412","April","2024","IA"
"8155","Bremer","13416","April","2024","IA"
"8156","Buchanan","10116","April","2024","IA"
"8157","Buena Vista","7026","April","2024","IA"
"8158","Butler","7528","April","2024","IA"
"8159","Calhoun","4963","April","2024","IA"
"8160","Carroll","11067","April","2024","IA"
"8161","Cass","6504","April","2024","IA"
"8162","Cedar","9734","April","2024","IA"
"8163","Cerro Gordo","21374","April","2024","IA"
"8164","Cherokee","5774","April","2024","IA"
"8165","Chickasaw","6058","April","2024","IA"
"8166","Clarke","4139","April","2024","IA"
"8167","Clay","8134","April","2024","IA"
"8168","Clayton","9111","April","2024","IA"
"8169","Clinton","22388","April","2024","IA"
"8170","Crawford","6045","April","2024","IA"
"8171","Dallas","55223","April","2024","IA"
"8172","Davis","3721","April","2024","IA"
"8173","Decatur","3256","April","2024","IA"
"8174","Delaware","9456","April","2024","IA"
"8175","Des Moines","17827","April","2024","IA"
"8176","Dickinson","10896","April","2024","IA"
"8177","Dubuque","48950","April","2024","IA"
"8178","Emmet","4356","April","2024","IA"
"8179","Fayette","9299","April","2024","IA"
"8180","Floyd","7283","April","2024","IA"
"8181","Franklin","4577","April","2024","IA"
"8182","Fremont","3495","April","2024","IA"
"8183","Greene","4690","April","2024","IA"
"8184","Grundy","6772","April","2024","IA"
"8185","Guthrie","6143","April","2024","IA"
"8186","Hamilton","7263","April","2024","IA"
"8187","Hancock","5496","April","2024","IA"
"8188","Hardin","8069","April","2024","IA"
"8189","Harrison","6896","April","2024","IA"
"8190","Henry","8929","April","2024","IA"
"8191","Howard","4532","April","2024","IA"
"8192","Humboldt","4869","April","2024","IA"
"8193","Ida","3442","April","2024","IA"
"8194","Iowa","9163","April","2024","IA"
"8195","Jackson","10222","April","2024","IA"
"8196","Jasper","18697","April","2024","IA"
"8197","Jefferson","7886","April","2024","IA"
"8198","Johnson","74530","April","2024","IA"
"8199","Jones","10146","April","2024","IA"
"8200","Keokuk","4687","April","2024","IA"
"8201","Kossuth","8093","April","2024","IA"
"8202","Lee","14639","April","2024","IA"
"8203","Linn","113164","April","2024","IA"
"8204","Louisa","4702","April","2024","IA"
"8205","Lucas","4253","April","2024","IA"
"8206","Lyon","6722","April","2024","IA"
"8207","Madison","9190","April","2024","IA"
"8208","Mahaska","9709","April","2024","IA"
"8209","Marion","18088","April","2024","IA"
"8210","Marshall","15904","April","2024","IA"
"8211","Mills","7597","April","2024","IA"
"8212","Mitchell","5234","April","2024","IA"
"8213","Monona","4349","April","2024","IA"
"8214","Monroe","3819","April","2024","IA"
"8215","Montgomery","4394","April","2024","IA"
"8216","Muscatine","17647","April","2024","IA"
"8217","O'Brien","7073","April","2024","IA"
"8218","Osceola","2953","April","2024","IA"
"8219","Page","7123","April","2024","IA"
"8220","Palo Alto","4522","April","2024","IA"
"8221","Plymouth","12777","April","2024","IA"
"8222","Pocahontas","3586","April","2024","IA"
"8223","Polk","231410","April","2024","IA"
"8224","Pottawattamie","39737","April","2024","IA"
"8225","Poweshiek","9547","April","2024","IA"
"8226","Ringgold","2509","April","2024","IA"
"8227","Sac","5249","April","2024","IA"
"8228","Scott","82546","April","2024","IA"
"8229","Shelby","6202","April","2024","IA"
"8230","Sioux","17857","April","2024","IA"
"8231","Story","43776","April","2024","IA"
"8232","Tama","7900","April","2024","IA"
"8233","Taylor","2822","April","2024","IA"
"8234","Union","5738","April","2024","IA"
"8235","Van Buren","3453","April","2024","IA"
"8236","Wapello","13262","April","2024","IA"
"8237","Warren","29154","April","2024","IA"
"8238","Washington","10786","April","2024","IA"
"8239","Wayne","2825","April","2024","IA"
"8240","Webster","16060","April","2024","IA"
"8241","Winnebago","5402","April","2024","IA"
"8242","Winneshiek","11428","April","2024","IA"
"8243","Woodbury","37135","April","2024","IA"
"8244","Worth","3924","April","2024","IA"
"8245","Wright","5577","April","2024","IA"
"8246","Allamakee","7281","August","2024","IA"
"8247","Appanoose","6098","August","2024","IA"
"8248","Audubon","3191","August","2024","IA"
"8249","Benton","14373","August","2024","IA"
"8250","Black Hawk","57503","August","2024","IA"
"8251","Boone","14768","August","2024","IA"
"8252","Bremer","13638","August","2024","IA"
"8253","Buchanan","10306","August","2024","IA"
"8254","Buena Vista","7243","August","2024","IA"
"8255","Butler","7664","August","2024","IA"
"8256","Calhoun","5089","August","2024","IA"
"8257","Carroll","11312","August","2024","IA"
"8258","Cass","6621","August","2024","IA"
"8259","Cedar","9916","August","2024","IA"
"8260","Cerro Gordo","21934","August","2024","IA"
"8261","Cherokee","5985","August","2024","IA"
"8262","Chickasaw","6169","August","2024","IA"
"8263","Clarke","4193","August","2024","IA"
"8264","Clay","8295","August","2024","IA"
"8265","Clayton","9339","August","2024","IA"
"8266","Clinton","23009","August","2024","IA"
"8267","Crawford","6274","August","2024","IA"
"8268","Dallas","57123","August","2024","IA"
"8269","Davis","3877","August","2024","IA"
"8270","Decatur","3282","August","2024","IA"
"8271","Delaware","9647","August","2024","IA"
"8272","Des Moines","18284","August","2024","IA"
"8273","Dickinson","11177","August","2024","IA"
"8274","Dubuque","49837","August","2024","IA"
"8275","Emmet","4519","August","2024","IA"
"8276","Fayette","9512","August","2024","IA"
"8277","Floyd","7393","August","2024","IA"
"8278","Franklin","4640","August","2024","IA"
"8279","Fremont","3590","August","2024","IA"
"8280","Greene","4800","August","2024","IA"
"8281","Grundy","6902","August","2024","IA"
"8282","Guthrie","6276","August","2024","IA"
"8283","Hamilton","7454","August","2024","IA"
"8284","Hancock","5622","August","2024","IA"
"8285","Hardin","8194","August","2024","IA"
"8286","Harrison","7057","August","2024","IA"
"8287","Henry","9111","August","2024","IA"
"8288","Howard","4637","August","2024","IA"
"8289","Humboldt","4947","August","2024","IA"
"8290","Ida","3516","August","2024","IA"
"8291","Iowa","9340","August","2024","IA"
"8292","Jackson","10456","August","2024","IA"
"8293","Jasper","19162","August","2024","IA"
"8294","Jefferson","7992","August","2024","IA"
"8295","Johnson","76427","August","2024","IA"
"8296","Jones","10347","August","2024","IA"
"8297","Keokuk","4826","August","2024","IA"
"8298","Kossuth","8287","August","2024","IA"
"8299","Lee","15094","August","2024","IA"
"8300","Linn","116064","August","2024","IA"
"8301","Louisa","4797","August","2024","IA"
"8302","Lucas","4342","August","2024","IA"
"8303","Lyon","6937","August","2024","IA"
"8304","Madison","9360","August","2024","IA"
"8305","Mahaska","9841","August","2024","IA"
"8306","Marion","18627","August","2024","IA"
"8307","Marshall","16291","August","2024","IA"
"8308","Mills","7854","August","2024","IA"
"8309","Mitchell","5347","August","2024","IA"
"8310","Monona","4475","August","2024","IA"
"8311","Monroe","3943","August","2024","IA"
"8312","Montgomery","4462","August","2024","IA"
"8313","Muscatine","17875","August","2024","IA"
"8314","O'Brien","7177","August","2024","IA"
"8315","Osceola","3022","August","2024","IA"
"8316","Page","7415","August","2024","IA"
"8317","Palo Alto","4613","August","2024","IA"
"8318","Plymouth","13060","August","2024","IA"
"8319","Pocahontas","3646","August","2024","IA"
"8320","Polk","236673","August","2024","IA"
"8321","Pottawattamie","41211","August","2024","IA"
"8322","Poweshiek","9770","August","2024","IA"
"8323","Ringgold","2520","August","2024","IA"
"8324","Sac","5344","August","2024","IA"
"8325","Scott","85102","August","2024","IA"
"8326","Shelby","6288","August","2024","IA"
"8327","Sioux","18262","August","2024","IA"
"8328","Story","44832","August","2024","IA"
"8329","Tama","8045","August","2024","IA"
"8330","Taylor","2839","August","2024","IA"
"8331","Union","5893","August","2024","IA"
"8332","Van Buren","3546","August","2024","IA"
"8333","Wapello","13644","August","2024","IA"
"8334","Warren","29816","August","2024","IA"
"8335","Washington","10997","August","2024","IA"
"8336","Wayne","2962","August","2024","IA"
"8337","Webster","16438","August","2024","IA"
"8338","Winnebago","5532","August","2024","IA"
"8339","Winneshiek","11585","August","2024","IA"
"8340","Woodbury","38278","August","2024","IA"
"8341","Worth","3998","August","2024","IA"
"8342","Wright","5708","August","2024","IA"
"8343","Allamakee","8363","December","2024","IA"
"8344","Appanoose","7339","December","2024","IA"
"8345","Audubon","3620","December","2024","IA"
"8346","Benton","15461","December","2024","IA"
"8347","Black Hawk","66412","December","2024","IA"
"8348","Boone","17390","December","2024","IA"
"8349","Bremer","16084","December","2024","IA"
"8350","Buchanan","11361","December","2024","IA"
"8351","Buena Vista","8957","December","2024","IA"
"8352","Butler","8961","December","2024","IA"
"8353","Calhoun","5559","December","2024","IA"
"8354","Carroll","12778","December","2024","IA"
"8355","Cass","8026","December","2024","IA"
"8356","Cedar","11780","December","2024","IA"
"8357","Cerro Gordo","24606","December","2024","IA"
"8358","Cherokee","6845","December","2024","IA"
"8359","Chickasaw","7037","December","2024","IA"
"8360","Clarke","5085","December","2024","IA"
"8361","Clay","9263","December","2024","IA"
"8362","Clayton","10653","December","2024","IA"
"8363","Clinton","25926","December","2024","IA"
"8364","Crawford","7054","December","2024","IA"
"8365","Dallas","67190","December","2024","IA"
"8366","Davis","4192","December","2024","IA"
"8367","Decatur","4144","December","2024","IA"
"8368","Delaware","11199","December","2024","IA"
"8369","Des Moines","20250","December","2024","IA"
"8370","Dickinson","12785","December","2024","IA"
"8371","Dubuque","59396","December","2024","IA"
"8372","Emmet","5442","December","2024","IA"
"8373","Fayette","11129","December","2024","IA"
"8374","Floyd","8244","December","2024","IA"
"8375","Franklin","5478","December","2024","IA"
"8376","Fremont","4298","December","2024","IA"
"8377","Greene","5313","December","2024","IA"
"8378","Grundy","8019","December","2024","IA"
"8379","Guthrie","6924","December","2024","IA"
"8380","Hamilton","8628","December","2024","IA"
"8381","Hancock","6612","December","2024","IA"
"8382","Hardin","9024","December","2024","IA"
"8383","Harrison","8810","December","2024","IA"
"8384","Henry","10900","December","2024","IA"
"8385","Howard","5462","December","2024","IA"
"8386","Humboldt","5383","December","2024","IA"
"8387","Ida","4149","December","2024","IA"
"8388","Iowa","10149","December","2024","IA"
"8389","Jackson","12201","December","2024","IA"
"8390","Jasper","22586","December","2024","IA"
"8391","Jefferson","8935","December","2024","IA"
"8392","Johnson","94045","December","2024","IA"
"8393","Jones","11576","December","2024","IA"
"8394","Keokuk","5745","December","2024","IA"
"8395","Kossuth","9370","December","2024","IA"
"8396","Lee","17327","December","2024","IA"
"8397","Linn","129925","December","2024","IA"
"8398","Louisa","5897","December","2024","IA"
"8399","Lucas","4931","December","2024","IA"
"8400","Lyon","7720","December","2024","IA"
"8401","Madison","10523","December","2024","IA"
"8402","Mahaska","10760","December","2024","IA"
"8403","Marion","20711","December","2024","IA"
"8404","Marshall","18731","December","2024","IA"
"8405","Mills","8782","December","2024","IA"
"8406","Mitchell","6389","December","2024","IA"
"8407","Monona","5273","December","2024","IA"
"8408","Monroe","4641","December","2024","IA"
"8409","Montgomery","5688","December","2024","IA"
"8410","Muscatine","20889","December","2024","IA"
"8411","O'Brien","8370","December","2024","IA"
"8412","Osceola","3551","December","2024","IA"
"8413","Page","8063","December","2024","IA"
"8414","Palo Alto","5510","December","2024","IA"
"8415","Plymouth","15729","December","2024","IA"
"8416","Pocahontas","4090","December","2024","IA"
"8417","Polk","265873","December","2024","IA"
"8418","Pottawattamie","48064","December","2024","IA"
"8419","Poweshiek","11501","December","2024","IA"
"8420","Ringgold","2963","December","2024","IA"
"8421","Sac","5784","December","2024","IA"
"8422","Scott","96267","December","2024","IA"
"8423","Shelby","7337","December","2024","IA"
"8424","Sioux","20925","December","2024","IA"
"8425","Story","56323","December","2024","IA"
"8426","Tama","8907","December","2024","IA"
"8427","Taylor","3229","December","2024","IA"
"8428","Union","6843","December","2024","IA"
"8429","Van Buren","4107","December","2024","IA"
"8430","Wapello","15553","December","2024","IA"
"8431","Warren","33904","December","2024","IA"
"8432","Washington","12460","December","2024","IA"
"8433","Wayne","3491","December","2024","IA"
"8434","Webster","19520","December","2024","IA"
"8435","Winnebago","6063","December","2024","IA"
"8436","Winneshiek","13261","December","2024","IA"
"8437","Woodbury","42801","December","2024","IA"
"8438","Worth","4738","December","2024","IA"
"8439","Wright","6630","December","2024","IA"
"8440","Allamakee","7085","February","2024","IA"
"8441","Appanoose","5948","February","2024","IA"
"8442","Audubon","3171","February","2024","IA"
"8443","Benton","14109","February","2024","IA"
"8444","Black Hawk","56956","February","2024","IA"
"8445","Boone","14482","February","2024","IA"
"8446","Bremer","13441","February","2024","IA"
"8447","Buchanan","10161","February","2024","IA"
"8448","Buena Vista","7015","February","2024","IA"
"8449","Butler","7558","February","2024","IA"
"8450","Calhoun","4981","February","2024","IA"
"8451","Carroll","11054","February","2024","IA"
"8452","Cass","6548","February","2024","IA"
"8453","Cedar","9716","February","2024","IA"
"8454","Cerro Gordo","21430","February","2024","IA"
"8455","Cherokee","5817","February","2024","IA"
"8456","Chickasaw","6070","February","2024","IA"
"8457","Clarke","4167","February","2024","IA"
"8458","Clay","8177","February","2024","IA"
"8459","Clayton","9120","February","2024","IA"
"8460","Clinton","22431","February","2024","IA"
"8461","Crawford","6072","February","2024","IA"
"8462","Dallas","55957","February","2024","IA"
"8463","Davis","3761","February","2024","IA"
"8464","Decatur","3259","February","2024","IA"
"8465","Delaware","9485","February","2024","IA"
"8466","Des Moines","17816","February","2024","IA"
"8467","Dickinson","10903","February","2024","IA"
"8468","Dubuque","48994","February","2024","IA"
"8469","Emmet","4368","February","2024","IA"
"8470","Fayette","9270","February","2024","IA"
"8471","Floyd","7362","February","2024","IA"
"8472","Franklin","4596","February","2024","IA"
"8473","Fremont","3457","February","2024","IA"
"8474","Greene","4697","February","2024","IA"
"8475","Grundy","6804","February","2024","IA"
"8476","Guthrie","6143","February","2024","IA"
"8477","Hamilton","7269","February","2024","IA"
"8478","Hancock","5544","February","2024","IA"
"8479","Hardin","8085","February","2024","IA"
"8480","Harrison","6964","February","2024","IA"
"8481","Henry","8986","February","2024","IA"
"8482","Howard","4542","February","2024","IA"
"8483","Humboldt","4888","February","2024","IA"
"8484","Ida","3450","February","2024","IA"
"8485","Iowa","9175","February","2024","IA"
"8486","Jackson","10257","February","2024","IA"
"8487","Jasper","18776","February","2024","IA"
"8488","Jefferson","7945","February","2024","IA"
"8489","Johnson","75686","February","2024","IA"
"8490","Jones","10214","February","2024","IA"
"8491","Keokuk","4726","February","2024","IA"
"8492","Kossuth","8142","February","2024","IA"
"8493","Lee","14717","February","2024","IA"
"8494","Linn","113666","February","2024","IA"
"8495","Louisa","4663","February","2024","IA"
"8496","Lucas","4298","February","2024","IA"
"8497","Lyon","6682","February","2024","IA"
"8498","Madison","9203","February","2024","IA"
"8499","Mahaska","9748","February","2024","IA"
"8500","Marion","18075","February","2024","IA"
"8501","Marshall","15805","February","2024","IA"
"8502","Mills","7558","February","2024","IA"
"8503","Mitchell","5273","February","2024","IA"
"8504","Monona","4371","February","2024","IA"
"8505","Monroe","3813","February","2024","IA"
"8506","Montgomery","4425","February","2024","IA"
"8507","Muscatine","17571","February","2024","IA"
"8508","O'Brien","7112","February","2024","IA"
"8509","Osceola","2955","February","2024","IA"
"8510","Page","7102","February","2024","IA"
"8511","Palo Alto","4492","February","2024","IA"
"8512","Plymouth","12761","February","2024","IA"
"8513","Pocahontas","3588","February","2024","IA"
"8514","Polk","233097","February","2024","IA"
"8515","Pottawattamie","39730","February","2024","IA"
"8516","Poweshiek","9597","February","2024","IA"
"8517","Ringgold","2539","February","2024","IA"
"8518","Sac","5241","February","2024","IA"
"8519","Scott","82718","February","2024","IA"
"8520","Shelby","6245","February","2024","IA"
"8521","Sioux","17793","February","2024","IA"
"8522","Story","44385","February","2024","IA"
"8523","Tama","7941","February","2024","IA"
"8524","Taylor","2810","February","2024","IA"
"8525","Union","5743","February","2024","IA"
"8526","Van Buren","3430","February","2024","IA"
"8527","Wapello","13325","February","2024","IA"
"8528","Warren","29311","February","2024","IA"
"8529","Washington","10827","February","2024","IA"
"8530","Wayne","2851","February","2024","IA"
"8531","Webster","16079","February","2024","IA"
"8532","Winnebago","5452","February","2024","IA"
"8533","Winneshiek","11487","February","2024","IA"
"8534","Woodbury","37266","February","2024","IA"
"8535","Worth","3950","February","2024","IA"
"8536","Wright","5605","February","2024","IA"
"8537","Allamakee","7058","January","2024","IA"
"8538","Appanoose","5895","January","2024","IA"
"8539","Audubon","3164","January","2024","IA"
"8540","Benton","14022","January","2024","IA"
"8541","Black Hawk","56704","January","2024","IA"
"8542","Boone","14395","January","2024","IA"
"8543","Bremer","13362","January","2024","IA"
"8544","Buchanan","10103","January","2024","IA"
"8545","Buena Vista","6972","January","2024","IA"
"8546","Butler","7511","January","2024","IA"
"8547","Calhoun","4952","January","2024","IA"
"8548","Carroll","10981","January","2024","IA"
"8549","Cass","6512","January","2024","IA"
"8550","Cedar","9688","January","2024","IA"
"8551","Cerro Gordo","21269","January","2024","IA"
"8552","Cherokee","5778","January","2024","IA"
"8553","Chickasaw","6018","January","2024","IA"
"8554","Clarke","4147","January","2024","IA"
"8555","Clay","8114","January","2024","IA"
"8556","Clayton","9084","January","2024","IA"
"8557","Clinton","22268","January","2024","IA"
"8558","Crawford","6044","January","2024","IA"
"8559","Dallas","55409","January","2024","IA"
"8560","Davis","3737","January","2024","IA"
"8561","Decatur","3245","January","2024","IA"
"8562","Delaware","9434","January","2024","IA"
"8563","Des Moines","17657","January","2024","IA"
"8564","Dickinson","10859","January","2024","IA"
"8565","Dubuque","48759","January","2024","IA"
"8566","Emmet","4347","January","2024","IA"
"8567","Fayette","9182","January","2024","IA"
"8568","Floyd","7346","January","2024","IA"
"8569","Franklin","4574","January","2024","IA"
"8570","Fremont","3439","January","2024","IA"
"8571","Greene","4675","January","2024","IA"
"8572","Grundy","6773","January","2024","IA"
"8573","Guthrie","6083","January","2024","IA"
"8574","Hamilton","7247","January","2024","IA"
"8575","Hancock","5509","January","2024","IA"
"8576","Hardin","8069","January","2024","IA"
"8577","Harrison","6923","January","2024","IA"
"8578","Henry","8931","January","2024","IA"
"8579","Howard","4510","January","2024","IA"
"8580","Humboldt","4858","January","2024","IA"
"8581","Ida","3429","January","2024","IA"
"8582","Iowa","9129","January","2024","IA"
"8583","Jackson","10200","January","2024","IA"
"8584","Jasper","18653","January","2024","IA"
"8585","Jefferson","7899","January","2024","IA"
"8586","Johnson","75205","January","2024","IA"
"8587","Jones","10156","January","2024","IA"
"8588","Keokuk","4716","January","2024","IA"
"8589","Kossuth","8110","January","2024","IA"
"8590","Lee","14639","January","2024","IA"
"8591","Linn","113070","January","2024","IA"
"8592","Louisa","4632","January","2024","IA"
"8593","Lucas","4285","January","2024","IA"
"8594","Lyon","6655","January","2024","IA"
"8595","Madison","9128","January","2024","IA"
"8596","Mahaska","9705","January","2024","IA"
"8597","Marion","17948","January","2024","IA"
"8598","Marshall","15688","January","2024","IA"
"8599","Mills","7474","January","2024","IA"
"8600","Mitchell","5249","January","2024","IA"
"8601","Monona","4343","January","2024","IA"
"8602","Monroe","3792","January","2024","IA"
"8603","Montgomery","4409","January","2024","IA"
"8604","Muscatine","17424","January","2024","IA"
"8605","O'Brien","7082","January","2024","IA"
"8606","Osceola","2954","January","2024","IA"
"8607","Page","7059","January","2024","IA"
"8608","Palo Alto","4463","January","2024","IA"
"8609","Plymouth","12690","January","2024","IA"
"8610","Pocahontas","3582","January","2024","IA"
"8611","Polk","231531","January","2024","IA"
"8612","Pottawattamie","39362","January","2024","IA"
"8613","Poweshiek","9563","January","2024","IA"
"8614","Ringgold","2537","January","2024","IA"
"8615","Sac","5221","January","2024","IA"
"8616","Scott","81564","January","2024","IA"
"8617","Shelby","6214","January","2024","IA"
"8618","Sioux","17712","January","2024","IA"
"8619","Story","44016","January","2024","IA"
"8620","Tama","7932","January","2024","IA"
"8621","Taylor","2805","January","2024","IA"
"8622","Union","5706","January","2024","IA"
"8623","Van Buren","3416","January","2024","IA"
"8624","Wapello","13252","January","2024","IA"
"8625","Warren","29117","January","2024","IA"
"8626","Washington","10769","January","2024","IA"
"8627","Wayne","2806","January","2024","IA"
"8628","Webster","15984","January","2024","IA"
"8629","Winnebago","5416","January","2024","IA"
"8630","Winneshiek","11451","January","2024","IA"
"8631","Woodbury","37014","January","2024","IA"
"8632","Worth","3932","January","2024","IA"
"8633","Wright","5583","January","2024","IA"
"8634","Allamakee","7218","July","2024","IA"
"8635","Appanoose","6053","July","2024","IA"
"8636","Audubon","3176","July","2024","IA"
"8637","Benton","14299","July","2024","IA"
"8638","Black Hawk","57083","July","2024","IA"
"8639","Boone","14661","July","2024","IA"
"8640","Bremer","13585","July","2024","IA"
"8641","Buchanan","10220","July","2024","IA"
"8642","Buena Vista","7160","July","2024","IA"
"8643","Butler","7628","July","2024","IA"
"8644","Calhoun","5077","July","2024","IA"
"8645","Carroll","11184","July","2024","IA"
"8646","Cass","6585","July","2024","IA"
"8647","Cedar","9863","July","2024","IA"
"8648","Cerro Gordo","21813","July","2024","IA"
"8649","Cherokee","5961","July","2024","IA"
"8650","Chickasaw","6153","July","2024","IA"
"8651","Clarke","4189","July","2024","IA"
"8652","Clay","8237","July","2024","IA"
"8653","Clayton","9310","July","2024","IA"
"8654","Clinton","22797","July","2024","IA"
"8655","Crawford","6183","July","2024","IA"
"8656","Dallas","56483","July","2024","IA"
"8657","Davis","3856","July","2024","IA"
"8658","Decatur","3272","July","2024","IA"
"8659","Delaware","9586","July","2024","IA"
"8660","Des Moines","18134","July","2024","IA"
"8661","Dickinson","11094","July","2024","IA"
"8662","Dubuque","49519","July","2024","IA"
"8663","Emmet","4477","July","2024","IA"
"8664","Fayette","9460","July","2024","IA"
"8665","Floyd","7356","July","2024","IA"
"8666","Franklin","4619","July","2024","IA"
"8667","Fremont","3558","July","2024","IA"
"8668","Greene","4765","July","2024","IA"
"8669","Grundy","6873","July","2024","IA"
"8670","Guthrie","6219","July","2024","IA"
"8671","Hamilton","7420","July","2024","IA"
"8672","Hancock","5577","July","2024","IA"
"8673","Hardin","8136","July","2024","IA"
"8674","Harrison","7013","July","2024","IA"
"8675","Henry","9036","July","2024","IA"
"8676","Howard","4603","July","2024","IA"
"8677","Humboldt","4934","July","2024","IA"
"8678","Ida","3491","July","2024","IA"
"8679","Iowa","9284","July","2024","IA"
"8680","Jackson","10399","July","2024","IA"
"8681","Jasper","19030","July","2024","IA"
"8682","Jefferson","7957","July","2024","IA"
"8683","Johnson","75779","July","2024","IA"
"8684","Jones","10300","July","2024","IA"
"8685","Keokuk","4794","July","2024","IA"
"8686","Kossuth","8253","July","2024","IA"
"8687","Lee","14987","July","2024","IA"
"8688","Linn","115027","July","2024","IA"
"8689","Louisa","4776","July","2024","IA"
"8690","Lucas","4344","July","2024","IA"
"8691","Lyon","6904","July","2024","IA"
"8692","Madison","9305","July","2024","IA"
"8693","Mahaska","9801","July","2024","IA"
"8694","Marion","18434","July","2024","IA"
"8695","Marshall","16142","July","2024","IA"
"8696","Mills","7813","July","2024","IA"
"8697","Mitchell","5329","July","2024","IA"
"8698","Monona","4446","July","2024","IA"
"8699","Monroe","3909","July","2024","IA"
"8700","Montgomery","4439","July","2024","IA"
"8701","Muscatine","17603","July","2024","IA"
"8702","O'Brien","7149","July","2024","IA"
"8703","Osceola","3006","July","2024","IA"
"8704","Page","7383","July","2024","IA"
"8705","Palo Alto","4596","July","2024","IA"
"8706","Plymouth","12967","July","2024","IA"
"8707","Pocahontas","3625","July","2024","IA"
"8708","Polk","234816","July","2024","IA"
"8709","Pottawattamie","40699","July","2024","IA"
"8710","Poweshiek","9707","July","2024","IA"
"8711","Ringgold","2515","July","2024","IA"
"8712","Sac","5316","July","2024","IA"
"8713","Scott","84265","July","2024","IA"
"8714","Shelby","6261","July","2024","IA"
"8715","Sioux","18152","July","2024","IA"
"8716","Story","44452","July","2024","IA"
"8717","Tama","8021","July","2024","IA"
"8718","Taylor","2807","July","2024","IA"
"8719","Union","5855","July","2024","IA"
"8720","Van Buren","3530","July","2024","IA"
"8721","Wapello","13516","July","2024","IA"
"8722","Warren","29609","July","2024","IA"
"8723","Washington","10911","July","2024","IA"
"8724","Wayne","2957","July","2024","IA"
"8725","Webster","16339","July","2024","IA"
"8726","Winnebago","5502","July","2024","IA"
"8727","Winneshiek","11523","July","2024","IA"
"8728","Woodbury","37862","July","2024","IA"
"8729","Worth","3980","July","2024","IA"
"8730","Wright","5681","July","2024","IA"
"8731","Allamakee","7140","June","2024","IA"
"8732","Appanoose","5980","June","2024","IA"
"8733","Audubon","3169","June","2024","IA"
"8734","Benton","14209","June","2024","IA"
"8735","Black Hawk","56883","June","2024","IA"
"8736","Boone","14579","June","2024","IA"
"8737","Bremer","13559","June","2024","IA"
"8738","Buchanan","10199","June","2024","IA"
"8739","Buena Vista","7119","June","2024","IA"
"8740","Butler","7590","June","2024","IA"
"8741","Calhoun","5029","June","2024","IA"
"8742","Carroll","11176","June","2024","IA"
"8743","Cass","6553","June","2024","IA"
"8744","Cedar","9814","June","2024","IA"
"8745","Cerro Gordo","21569","June","2024","IA"
"8746","Cherokee","5871","June","2024","IA"
"8747","Chickasaw","6122","June","2024","IA"
"8748","Clarke","4165","June","2024","IA"
"8749","Clay","8228","June","2024","IA"
"8750","Clayton","9193","June","2024","IA"
"8751","Clinton","22663","June","2024","IA"
"8752","Crawford","6121","June","2024","IA"
"8753","Dallas","55990","June","2024","IA"
"8754","Davis","3779","June","2024","IA"
"8755","Decatur","3226","June","2024","IA"
"8756","Delaware","9526","June","2024","IA"
"8757","Des Moines","18049","June","2024","IA"
"8758","Dickinson","11021","June","2024","IA"
"8759","Dubuque","49340","June","2024","IA"
"8760","Emmet","4430","June","2024","IA"
"8761","Fayette","9353","June","2024","IA"
"8762","Floyd","7340","June","2024","IA"
"8763","Franklin","4607","June","2024","IA"
"8764","Fremont","3530","June","2024","IA"
"8765","Greene","4741","June","2024","IA"
"8766","Grundy","6819","June","2024","IA"
"8767","Guthrie","6170","June","2024","IA"
"8768","Hamilton","7358","June","2024","IA"
"8769","Hancock","5546","June","2024","IA"
"8770","Hardin","8110","June","2024","IA"
"8771","Harrison","6943","June","2024","IA"
"8772","Henry","8993","June","2024","IA"
"8773","Howard","4589","June","2024","IA"
"8774","Humboldt","4899","June","2024","IA"
"8775","Ida","3479","June","2024","IA"
"8776","Iowa","9232","June","2024","IA"
"8777","Jackson","10303","June","2024","IA"
"8778","Jasper","18900","June","2024","IA"
"8779","Jefferson","7942","June","2024","IA"
"8780","Johnson","75292","June","2024","IA"
"8781","Jones","10257","June","2024","IA"
"8782","Keokuk","4723","June","2024","IA"
"8783","Kossuth","8161","June","2024","IA"
"8784","Lee","14819","June","2024","IA"
"8785","Linn","114357","June","2024","IA"
"8786","Louisa","4735","June","2024","IA"
"8787","Lucas","4318","June","2024","IA"
"8788","Lyon","6790","June","2024","IA"
"8789","Madison","9259","June","2024","IA"
"8790","Mahaska","9769","June","2024","IA"
"8791","Marion","18294","June","2024","IA"
"8792","Marshall","16077","June","2024","IA"
"8793","Mills","7713","June","2024","IA"
"8794","Mitchell","5304","June","2024","IA"
"8795","Monona","4389","June","2024","IA"
"8796","Monroe","3856","June","2024","IA"
"8797","Montgomery","4425","June","2024","IA"
"8798","Muscatine","17601","June","2024","IA"
"8799","O'Brien","7104","June","2024","IA"
"8800","Osceola","2987","June","2024","IA"
"8801","Page","7250","June","2024","IA"
"8802","Palo Alto","4572","June","2024","IA"
"8803","Plymouth","12902","June","2024","IA"
"8804","Pocahontas","3609","June","2024","IA"
"8805","Polk","233492","June","2024","IA"
"8806","Pottawattamie","40362","June","2024","IA"
"8807","Poweshiek","9658","June","2024","IA"
"8808","Ringgold","2513","June","2024","IA"
"8809","Sac","5294","June","2024","IA"
"8810","Scott","83672","June","2024","IA"
"8811","Shelby","6235","June","2024","IA"
"8812","Sioux","18012","June","2024","IA"
"8813","Story","44215","June","2024","IA"
"8814","Tama","7940","June","2024","IA"
"8815","Taylor","2798","June","2024","IA"
"8816","Union","5815","June","2024","IA"
"8817","Van Buren","3481","June","2024","IA"
"8818","Wapello","13438","June","2024","IA"
"8819","Warren","29341","June","2024","IA"
"8820","Washington","10876","June","2024","IA"
"8821","Wayne","2863","June","2024","IA"
"8822","Webster","16185","June","2024","IA"
"8823","Winnebago","5467","June","2024","IA"
"8824","Winneshiek","11483","June","2024","IA"
"8825","Woodbury","37592","June","2024","IA"
"8826","Worth","3946","June","2024","IA"
"8827","Wright","5636","June","2024","IA"
"8828","Allamakee","7097","March","2024","IA"
"8829","Appanoose","5960","March","2024","IA"
"8830","Audubon","3173","March","2024","IA"
"8831","Benton","14148","March","2024","IA"
"8832","Black Hawk","57110","March","2024","IA"
"8833","Boone","14521","March","2024","IA"
"8834","Bremer","13510","March","2024","IA"
"8835","Buchanan","10171","March","2024","IA"
"8836","Buena Vista","7056","March","2024","IA"
"8837","Butler","7568","March","2024","IA"
"8838","Calhoun","4993","March","2024","IA"
"8839","Carroll","11094","March","2024","IA"
"8840","Cass","6558","March","2024","IA"
"8841","Cedar","9760","March","2024","IA"
"8842","Cerro Gordo","21496","March","2024","IA"
"8843","Cherokee","5816","March","2024","IA"
"8844","Chickasaw","6088","March","2024","IA"
"8845","Clarke","4172","March","2024","IA"
"8846","Clay","8201","March","2024","IA"
"8847","Clayton","9148","March","2024","IA"
"8848","Clinton","22532","March","2024","IA"
"8849","Crawford","6077","March","2024","IA"
"8850","Dallas","56256","March","2024","IA"
"8851","Davis","3762","March","2024","IA"
"8852","Decatur","3259","March","2024","IA"
"8853","Delaware","9517","March","2024","IA"
"8854","Des Moines","17925","March","2024","IA"
"8855","Dickinson","10953","March","2024","IA"
"8856","Dubuque","49176","March","2024","IA"
"8857","Emmet","4378","March","2024","IA"
"8858","Fayette","9278","March","2024","IA"
"8859","Floyd","7369","March","2024","IA"
"8860","Franklin","4606","March","2024","IA"
"8861","Fremont","3489","March","2024","IA"
"8862","Greene","4722","March","2024","IA"
"8863","Grundy","6846","March","2024","IA"
"8864","Guthrie","6175","March","2024","IA"
"8865","Hamilton","7310","March","2024","IA"
"8866","Hancock","5552","March","2024","IA"
"8867","Hardin","8112","March","2024","IA"
"8868","Harrison","6969","March","2024","IA"
"8869","Henry","9018","March","2024","IA"
"8870","Howard","4556","March","2024","IA"
"8871","Humboldt","4915","March","2024","IA"
"8872","Ida","3462","March","2024","IA"
"8873","Iowa","9201","March","2024","IA"
"8874","Jackson","10281","March","2024","IA"
"8875","Jasper","18825","March","2024","IA"
"8876","Jefferson","7962","March","2024","IA"
"8877","Johnson","76041","March","2024","IA"
"8878","Jones","10236","March","2024","IA"
"8879","Keokuk","4720","March","2024","IA"
"8880","Kossuth","8158","March","2024","IA"
"8881","Lee","14774","March","2024","IA"
"8882","Linn","114109","March","2024","IA"
"8883","Louisa","4685","March","2024","IA"
"8884","Lucas","4311","March","2024","IA"
"8885","Lyon","6734","March","2024","IA"
"8886","Madison","9248","March","2024","IA"
"8887","Mahaska","9802","March","2024","IA"
"8888","Marion","18184","March","2024","IA"
"8889","Marshall","15928","March","2024","IA"
"8890","Mills","7595","March","2024","IA"
"8891","Mitchell","5282","March","2024","IA"
"8892","Monona","4387","March","2024","IA"
"8893","Monroe","3823","March","2024","IA"
"8894","Montgomery","4433","March","2024","IA"
"8895","Muscatine","17607","March","2024","IA"
"8896","O'Brien","7117","March","2024","IA"
"8897","Osceola","2960","March","2024","IA"
"8898","Page","7125","March","2024","IA"
"8899","Palo Alto","4503","March","2024","IA"
"8900","Plymouth","12819","March","2024","IA"
"8901","Pocahontas","3596","March","2024","IA"
"8902","Polk","233712","March","2024","IA"
"8903","Pottawattamie","39963","March","2024","IA"
"8904","Poweshiek","9643","March","2024","IA"
"8905","Ringgold","2538","March","2024","IA"
"8906","Sac","5266","March","2024","IA"
"8907","Scott","83280","March","2024","IA"
"8908","Shelby","6246","March","2024","IA"
"8909","Sioux","17927","March","2024","IA"
"8910","Story","44542","March","2024","IA"
"8911","Tama","7960","March","2024","IA"
"8912","Taylor","2831","March","2024","IA"
"8913","Union","5774","March","2024","IA"
"8914","Van Buren","3447","March","2024","IA"
"8915","Wapello","13376","March","2024","IA"
"8916","Warren","29430","March","2024","IA"
"8917","Washington","10844","March","2024","IA"
"8918","Wayne","2858","March","2024","IA"
"8919","Webster","16155","March","2024","IA"
"8920","Winnebago","5472","March","2024","IA"
"8921","Winneshiek","11504","March","2024","IA"
"8922","Woodbury","37443","March","2024","IA"
"8923","Worth","3965","March","2024","IA"
"8924","Wright","5626","March","2024","IA"
"8925","Allamakee","7098","May","2024","IA"
"8926","Appanoose","5956","May","2024","IA"
"8927","Audubon","3153","May","2024","IA"
"8928","Benton","14148","May","2024","IA"
"8929","Black Hawk","56673","May","2024","IA"
"8930","Boone","14490","May","2024","IA"
"8931","Bremer","13474","May","2024","IA"
"8932","Buchanan","10141","May","2024","IA"
"8933","Buena Vista","7073","May","2024","IA"
"8934","Butler","7550","May","2024","IA"
"8935","Calhoun","4995","May","2024","IA"
"8936","Carroll","11133","May","2024","IA"
"8937","Cass","6538","May","2024","IA"
"8938","Cedar","9763","May","2024","IA"
"8939","Cerro Gordo","21455","May","2024","IA"
"8940","Cherokee","5825","May","2024","IA"
"8941","Chickasaw","6098","May","2024","IA"
"8942","Clarke","4154","May","2024","IA"
"8943","Clay","8189","May","2024","IA"
"8944","Clayton","9157","May","2024","IA"
"8945","Clinton","22528","May","2024","IA"
"8946","Crawford","6063","May","2024","IA"
"8947","Dallas","55639","May","2024","IA"
"8948","Davis","3739","May","2024","IA"
"8949","Decatur","3219","May","2024","IA"
"8950","Delaware","9500","May","2024","IA"
"8951","Des Moines","17933","May","2024","IA"
"8952","Dickinson","10953","May","2024","IA"
"8953","Dubuque","49126","May","2024","IA"
"8954","Emmet","4376","May","2024","IA"
"8955","Fayette","9324","May","2024","IA"
"8956","Floyd","7326","May","2024","IA"
"8957","Franklin","4587","May","2024","IA"
"8958","Fremont","3512","May","2024","IA"
"8959","Greene","4719","May","2024","IA"
"8960","Grundy","6797","May","2024","IA"
"8961","Guthrie","6153","May","2024","IA"
"8962","Hamilton","7305","May","2024","IA"
"8963","Hancock","5522","May","2024","IA"
"8964","Hardin","8078","May","2024","IA"
"8965","Harrison","6899","May","2024","IA"
"8966","Henry","8957","May","2024","IA"
"8967","Howard","4560","May","2024","IA"
"8968","Humboldt","4875","May","2024","IA"
"8969","Ida","3453","May","2024","IA"
"8970","Iowa","9181","May","2024","IA"
"8971","Jackson","10269","May","2024","IA"
"8972","Jasper","18804","May","2024","IA"
"8973","Jefferson","7908","May","2024","IA"
"8974","Johnson","74891","May","2024","IA"
"8975","Jones","10201","May","2024","IA"
"8976","Keokuk","4704","May","2024","IA"
"8977","Kossuth","8116","May","2024","IA"
"8978","Lee","14726","May","2024","IA"
"8979","Linn","113761","May","2024","IA"
"8980","Louisa","4714","May","2024","IA"
"8981","Lucas","4281","May","2024","IA"
"8982","Lyon","6745","May","2024","IA"
"8983","Madison","9224","May","2024","IA"
"8984","Mahaska","9762","May","2024","IA"
"8985","Marion","18176","May","2024","IA"
"8986","Marshall","15971","May","2024","IA"
"8987","Mills","7658","May","2024","IA"
"8988","Mitchell","5258","May","2024","IA"
"8989","Monona","4369","May","2024","IA"
"8990","Monroe","3846","May","2024","IA"
"8991","Montgomery","4399","May","2024","IA"
"8992","Muscatine","17518","May","2024","IA"
"8993","O'Brien","7081","May","2024","IA"
"8994","Osceola","2968","May","2024","IA"
"8995","Page","7161","May","2024","IA"
"8996","Palo Alto","4547","May","2024","IA"
"8997","Plymouth","12826","May","2024","IA"
"8998","Pocahontas","3594","May","2024","IA"
"8999","Polk","232407","May","2024","IA"
"9000","Pottawattamie","40048","May","2024","IA"
"9001","Poweshiek","9605","May","2024","IA"
"9002","Ringgold","2513","May","2024","IA"
"9003","Sac","5264","May","2024","IA"
"9004","Scott","83160","May","2024","IA"
"9005","Shelby","6212","May","2024","IA"
"9006","Sioux","17925","May","2024","IA"
"9007","Story","43996","May","2024","IA"
"9008","Tama","7916","May","2024","IA"
"9009","Taylor","2794","May","2024","IA"
"9010","Union","5776","May","2024","IA"
"9011","Van Buren","3455","May","2024","IA"
"9012","Wapello","13334","May","2024","IA"
"9013","Warren","29242","May","2024","IA"
"9014","Washington","10822","May","2024","IA"
"9015","Wayne","2840","May","2024","IA"
"9016","Webster","16096","May","2024","IA"
"9017","Winnebago","5447","May","2024","IA"
"9018","Winneshiek","11435","May","2024","IA"
"9019","Woodbury","37344","May","2024","IA"
"9020","Worth","3929","May","2024","IA"
"9021","Wright","5604","May","2024","IA"
"9022","Allamakee","7751","November","2024","IA"
"9023","Appanoose","6590","November","2024","IA"
"9024","Audubon","3367","November","2024","IA"
"9025","Benton","14961","November","2024","IA"
"9026","Black Hawk","62106","November","2024","IA"
"9027","Boone","15799","November","2024","IA"
"9028","Bremer","14505","November","2024","IA"
"9029","Buchanan","10884","November","2024","IA"
"9030","Buena Vista","7789","November","2024","IA"
"9031","Butler","8091","November","2024","IA"
"9032","Calhoun","5324","November","2024","IA"
"9033","Carroll","11868","November","2024","IA"
"9034","Cass","7267","November","2024","IA"
"9035","Cedar","10673","November","2024","IA"
"9036","Cerro Gordo","23466","November","2024","IA"
"9037","Cherokee","6298","November","2024","IA"
"9038","Chickasaw","6496","November","2024","IA"
"9039","Clarke","4553","November","2024","IA"
"9040","Clay","8820","November","2024","IA"
"9041","Clayton","9786","November","2024","IA"
"9042","Clinton","24995","November","2024","IA"
"9043","Crawford","6592","November","2024","IA"
"9044","Dallas","62914","November","2024","IA"
"9045","Davis","4029","November","2024","IA"
"9046","Decatur","3549","November","2024","IA"
"9047","Delaware","10155","November","2024","IA"
"9048","Des Moines","19814","November","2024","IA"
"9049","Dickinson","11919","November","2024","IA"
"9050","Dubuque","53996","November","2024","IA"
"9051","Emmet","4852","November","2024","IA"
"9052","Fayette","9988","November","2024","IA"
"9053","Floyd","7866","November","2024","IA"
"9054","Franklin","4843","November","2024","IA"
"9055","Fremont","3846","November","2024","IA"
"9056","Greene","5044","November","2024","IA"
"9057","Grundy","7316","November","2024","IA"
"9058","Guthrie","6718","November","2024","IA"
"9059","Hamilton","7893","November","2024","IA"
"9060","Hancock","5955","November","2024","IA"
"9061","Hardin","8561","November","2024","IA"
"9062","Harrison","7737","November","2024","IA"
"9063","Henry","9840","November","2024","IA"
"9064","Howard","4937","November","2024","IA"
"9065","Humboldt","5204","November","2024","IA"
"9066","Ida","3719","November","2024","IA"
"9067","Iowa","9851","November","2024","IA"
"9068","Jackson","11138","November","2024","IA"
"9069","Jasper","20428","November","2024","IA"
"9070","Jefferson","8536","November","2024","IA"
"9071","Johnson","86595","November","2024","IA"
"9072","Jones","11079","November","2024","IA"
"9073","Keokuk","5139","November","2024","IA"
"9074","Kossuth","8598","November","2024","IA"
"9075","Lee","16476","November","2024","IA"
"9076","Linn","124668","November","2024","IA"
"9077","Louisa","5225","November","2024","IA"
"9078","Lucas","4683","November","2024","IA"
"9079","Lyon","7206","November","2024","IA"
"9080","Madison","10025","November","2024","IA"
"9081","Mahaska","10554","November","2024","IA"
"9082","Marion","19882","November","2024","IA"
"9083","Marshall","17597","November","2024","IA"
"9084","Mills","8502","November","2024","IA"
"9085","Mitchell","5741","November","2024","IA"
"9086","Monona","4736","November","2024","IA"
"9087","Monroe","4220","November","2024","IA"
"9088","Montgomery","4971","November","2024","IA"
"9089","Muscatine","19666","November","2024","IA"
"9090","O'Brien","7487","November","2024","IA"
"9091","Osceola","3163","November","2024","IA"
"9092","Page","7834","November","2024","IA"
"9093","Palo Alto","4884","November","2024","IA"
"9094","Plymouth","14070","November","2024","IA"
"9095","Pocahontas","3794","November","2024","IA"
"9096","Polk","257737","November","2024","IA"
"9097","Pottawattamie","45301","November","2024","IA"
"9098","Poweshiek","10554","November","2024","IA"
"9099","Ringgold","2721","November","2024","IA"
"9100","Sac","5576","November","2024","IA"
"9101","Scott","92660","November","2024","IA"
"9102","Shelby","6637","November","2024","IA"
"9103","Sioux","19068","November","2024","IA"
"9104","Story","47868","November","2024","IA"
"9105","Tama","8434","November","2024","IA"
"9106","Taylor","3010","November","2024","IA"
"9107","Union","6262","November","2024","IA"
"9108","Van Buren","3825","November","2024","IA"
"9109","Wapello","14788","November","2024","IA"
"9110","Warren","32063","November","2024","IA"
"9111","Washington","11892","November","2024","IA"
"9112","Wayne","3173","November","2024","IA"
"9113","Webster","17521","November","2024","IA"
"9114","Winnebago","5787","November","2024","IA"
"9115","Winneshiek","12458","November","2024","IA"
"9116","Woodbury","41372","November","2024","IA"
"9117","Worth","4257","November","2024","IA"
"9118","Wright","5995","November","2024","IA"
"9119","Allamakee","7445","October","2024","IA"
"9120","Appanoose","6270","October","2024","IA"
"9121","Audubon","3249","October","2024","IA"
"9122","Benton","14576","October","2024","IA"
"9123","Black Hawk","59136","October","2024","IA"
"9124","Boone","15155","October","2024","IA"
"9125","Bremer","13898","October","2024","IA"
"9126","Buchanan","10525","October","2024","IA"
"9127","Buena Vista","7427","October","2024","IA"
"9128","Butler","7833","October","2024","IA"
"9129","Calhoun","5187","October","2024","IA"
"9130","Carroll","11544","October","2024","IA"
"9131","Cass","6851","October","2024","IA"
"9132","Cedar","10182","October","2024","IA"
"9133","Cerro Gordo","22442","October","2024","IA"
"9134","Cherokee","6092","October","2024","IA"
"9135","Chickasaw","6276","October","2024","IA"
"9136","Clarke","4296","October","2024","IA"
"9137","Clay","8425","October","2024","IA"
"9138","Clayton","9520","October","2024","IA"
"9139","Clinton","23751","October","2024","IA"
"9140","Crawford","6383","October","2024","IA"
"9141","Dallas","59515","October","2024","IA"
"9142","Davis","3940","October","2024","IA"
"9143","Decatur","3369","October","2024","IA"
"9144","Delaware","9850","October","2024","IA"
"9145","Des Moines","18783","October","2024","IA"
"9146","Dickinson","11503","October","2024","IA"
"9147","Dubuque","51266","October","2024","IA"
"9148","Emmet","4636","October","2024","IA"
"9149","Fayette","9745","October","2024","IA"
"9150","Floyd","7569","October","2024","IA"
"9151","Franklin","4709","October","2024","IA"
"9152","Fremont","3691","October","2024","IA"
"9153","Greene","4864","October","2024","IA"
"9154","Grundy","7100","October","2024","IA"
"9155","Guthrie","6443","October","2024","IA"
"9156","Hamilton","7614","October","2024","IA"
"9157","Hancock","5741","October","2024","IA"
"9158","Hardin","8353","October","2024","IA"
"9159","Harrison","7279","October","2024","IA"
"9160","Henry","9410","October","2024","IA"
"9161","Howard","4753","October","2024","IA"
"9162","Humboldt","5043","October","2024","IA"
"9163","Ida","3583","October","2024","IA"
"9164","Iowa","9529","October","2024","IA"
"9165","Jackson","10698","October","2024","IA"
"9166","Jasper","19574","October","2024","IA"
"9167","Jefferson","8186","October","2024","IA"
"9168","Johnson","80938","October","2024","IA"
"9169","Jones","10609","October","2024","IA"
"9170","Keokuk","4932","October","2024","IA"
"9171","Kossuth","8390","October","2024","IA"
"9172","Lee","15565","October","2024","IA"
"9173","Linn","119978","October","2024","IA"
"9174","Louisa","4911","October","2024","IA"
"9175","Lucas","4476","October","2024","IA"
"9176","Lyon","7036","October","2024","IA"
"9177","Madison","9575","October","2024","IA"
"9178","Mahaska","10120","October","2024","IA"
"9179","Marion","19107","October","2024","IA"
"9180","Marshall","16766","October","2024","IA"
"9181","Mills","8086","October","2024","IA"
"9182","Mitchell","5487","October","2024","IA"
"9183","Monona","4569","October","2024","IA"
"9184","Monroe","4029","October","2024","IA"
"9185","Montgomery","4612","October","2024","IA"
"9186","Muscatine","18513","October","2024","IA"
"9187","O'Brien","7321","October","2024","IA"
"9188","Osceola","3054","October","2024","IA"
"9189","Page","7627","October","2024","IA"
"9190","Palo Alto","4701","October","2024","IA"
"9191","Plymouth","13416","October","2024","IA"
"9192","Pocahontas","3688","October","2024","IA"
"9193","Polk","245114","October","2024","IA"
"9194","Pottawattamie","42883","October","2024","IA"
"9195","Poweshiek","10188","October","2024","IA"
"9196","Ringgold","2566","October","2024","IA"
"9197","Sac","5429","October","2024","IA"
"9198","Scott","88163","October","2024","IA"
"9199","Shelby","6394","October","2024","IA"
"9200","Sioux","18514","October","2024","IA"
"9201","Story","46207","October","2024","IA"
"9202","Tama","8143","October","2024","IA"
"9203","Taylor","2899","October","2024","IA"
"9204","Union","6014","October","2024","IA"
"9205","Van Buren","3742","October","2024","IA"
"9206","Wapello","13986","October","2024","IA"
"9207","Warren","30903","October","2024","IA"
"9208","Washington","11293","October","2024","IA"
"9209","Wayne","3036","October","2024","IA"
"9210","Webster","16941","October","2024","IA"
"9211","Winnebago","5626","October","2024","IA"
"9212","Winneshiek","11909","October","2024","IA"
"9213","Woodbury","39648","October","2024","IA"
"9214","Worth","4098","October","2024","IA"
"9215","Wright","5821","October","2024","IA"
"9216","Allamakee","7350","September","2024","IA"
"9217","Appanoose","6160","September","2024","IA"
"9218","Audubon","3193","September","2024","IA"
"9219","Benton","14444","September","2024","IA"
"9220","Black Hawk","57944","September","2024","IA"
"9221","Boone","14902","September","2024","IA"
"9222","Bremer","13741","September","2024","IA"
"9223","Buchanan","10374","September","2024","IA"
"9224","Buena Vista","7318","September","2024","IA"
"9225","Butler","7711","September","2024","IA"
"9226","Calhoun","5120","September","2024","IA"
"9227","Carroll","11376","September","2024","IA"
"9228","Cass","6704","September","2024","IA"
"9229","Cedar","9988","September","2024","IA"
"9230","Cerro Gordo","22066","September","2024","IA"
"9231","Cherokee","6041","September","2024","IA"
"9232","Chickasaw","6202","September","2024","IA"
"9233","Clarke","4222","September","2024","IA"
"9234","Clay","8343","September","2024","IA"
"9235","Clayton","9413","September","2024","IA"
"9236","Clinton","23267","September","2024","IA"
"9237","Crawford","6309","September","2024","IA"
"9238","Dallas","57869","September","2024","IA"
"9239","Davis","3886","September","2024","IA"
"9240","Decatur","3298","September","2024","IA"
"9241","Delaware","9706","September","2024","IA"
"9242","Des Moines","18444","September","2024","IA"
"9243","Dickinson","11283","September","2024","IA"
"9244","Dubuque","50314","September","2024","IA"
"9245","Emmet","4547","September","2024","IA"
"9246","Fayette","9574","September","2024","IA"
"9247","Floyd","7451","September","2024","IA"
"9248","Franklin","4663","September","2024","IA"
"9249","Fremont","3622","September","2024","IA"
"9250","Greene","4828","September","2024","IA"
"9251","Grundy","6974","September","2024","IA"
"9252","Guthrie","6331","September","2024","IA"
"9253","Hamilton","7517","September","2024","IA"
"9254","Hancock","5664","September","2024","IA"
"9255","Hardin","8244","September","2024","IA"
"9256","Harrison","7110","September","2024","IA"
"9257","Henry","9174","September","2024","IA"
"9258","Howard","4677","September","2024","IA"
"9259","Humboldt","4997","September","2024","IA"
"9260","Ida","3543","September","2024","IA"
"9261","Iowa","9413","September","2024","IA"
"9262","Jackson","10532","September","2024","IA"
"9263","Jasper","19279","September","2024","IA"
"9264","Jefferson","8051","September","2024","IA"
"9265","Johnson","78188","September","2024","IA"
"9266","Jones","10437","September","2024","IA"
"9267","Keokuk","4855","September","2024","IA"
"9268","Kossuth","8323","September","2024","IA"
"9269","Lee","15257","September","2024","IA"
"9270","Linn","117307","September","2024","IA"
"9271","Louisa","4835","September","2024","IA"
"9272","Lucas","4417","September","2024","IA"
"9273","Lyon","6989","September","2024","IA"
"9274","Madison","9409","September","2024","IA"
"9275","Mahaska","9897","September","2024","IA"
"9276","Marion","18790","September","2024","IA"
"9277","Marshall","16445","September","2024","IA"
"9278","Mills","7946","September","2024","IA"
"9279","Mitchell","5373","September","2024","IA"
"9280","Monona","4504","September","2024","IA"
"9281","Monroe","3978","September","2024","IA"
"9282","Montgomery","4516","September","2024","IA"
"9283","Muscatine","18107","September","2024","IA"
"9284","O'Brien","7228","September","2024","IA"
"9285","Osceola","3031","September","2024","IA"
"9286","Page","7491","September","2024","IA"
"9287","Palo Alto","4627","September","2024","IA"
"9288","Plymouth","13161","September","2024","IA"
"9289","Pocahontas","3657","September","2024","IA"
"9290","Polk","239261","September","2024","IA"
"9291","Pottawattamie","41818","September","2024","IA"
"9292","Poweshiek","9836","September","2024","IA"
"9293","Ringgold","2521","September","2024","IA"
"9294","Sac","5376","September","2024","IA"
"9295","Scott","86117","September","2024","IA"
"9296","Shelby","6317","September","2024","IA"
"9297","Sioux","18364","September","2024","IA"
"9298","Story","45355","September","2024","IA"
"9299","Tama","8065","September","2024","IA"
"9300","Taylor","2858","September","2024","IA"
"9301","Union","5927","September","2024","IA"
"9302","Van Buren","3571","September","2024","IA"
"9303","Wapello","13763","September","2024","IA"
"9304","Warren","30137","September","2024","IA"
"9305","Washington","11101","September","2024","IA"
"9306","Wayne","2993","September","2024","IA"
"9307","Webster","16566","September","2024","IA"
"9308","Winnebago","5566","September","2024","IA"
"9309","Winneshiek","11678","September","2024","IA"
"9310","Woodbury","38674","September","2024","IA"
"9311","Worth","4032","September","2024","IA"
"9312","Wright","5739","September","2024","IA"
"9313","Allamakee","7714","April","2025","IA"
"9314","Appanoose","6816","April","2025","IA"
"9315","Audubon","3378","April","2025","IA"
"9316","Benton","15127","April","2025","IA"
"9317","Black Hawk","65553","April","2025","IA"
"9318","Boone","16217","April","2025","IA"
"9319","Bremer","15165","April","2025","IA"
"9320","Buchanan","11263","April","2025","IA"
"9321","Buena Vista","8036","April","2025","IA"
"9322","Butler","8430","April","2025","IA"
"9323","Calhoun","5398","April","2025","IA"
"9324","Carroll","11872","April","2025","IA"
"9325","Cass","7489","April","2025","IA"
"9326","Cedar","11077","April","2025","IA"
"9327","Cerro Gordo","24152","April","2025","IA"
"9328","Cherokee","6389","April","2025","IA"
"9329","Chickasaw","6553","April","2025","IA"
"9330","Clarke","4683","April","2025","IA"
"9331","Clay","9009","April","2025","IA"
"9332","Clayton","9865","April","2025","IA"
"9333","Clinton","25337","April","2025","IA"
"9334","Crawford","6960","April","2025","IA"
"9335","Dallas","65349","April","2025","IA"
"9336","Davis","4110","April","2025","IA"
"9337","Decatur","3819","April","2025","IA"
"9338","Delaware","10577","April","2025","IA"
"9339","Des Moines","20190","April","2025","IA"
"9340","Dickinson","11875","April","2025","IA"
"9341","Dubuque","55501","April","2025","IA"
"9342","Emmet","5038","April","2025","IA"
"9343","Fayette","10351","April","2025","IA"
"9344","Floyd","8106","April","2025","IA"
"9345","Franklin","5132","April","2025","IA"
"9346","Fremont","3973","April","2025","IA"
"9347","Greene","5154","April","2025","IA"
"9348","Grundy","7565","April","2025","IA"
"9349","Guthrie","6842","April","2025","IA"
"9350","Hamilton","7986","April","2025","IA"
"9351","Hancock","6234","April","2025","IA"
"9352","Hardin","8844","April","2025","IA"
"9353","Harrison","8230","April","2025","IA"
"9354","Henry","10088","April","2025","IA"
"9355","Howard","5126","April","2025","IA"
"9356","Humboldt","5302","April","2025","IA"
"9357","Ida","3855","April","2025","IA"
"9358","Iowa","10052","April","2025","IA"
"9359","Jackson","11397","April","2025","IA"
"9360","Jasper","21013","April","2025","IA"
"9361","Jefferson","8698","April","2025","IA"
"9362","Johnson","89254","April","2025","IA"
"9363","Jones","11471","April","2025","IA"
"9364","Keokuk","5337","April","2025","IA"
"9365","Kossuth","8763","April","2025","IA"
"9366","Lee","17013","April","2025","IA"
"9367","Linn","128341","April","2025","IA"
"9368","Louisa","5430","April","2025","IA"
"9369","Lucas","4818","April","2025","IA"
"9370","Lyon","7376","April","2025","IA"
"9371","Madison","10384","April","2025","IA"
"9372","Mahaska","11179","April","2025","IA"
"9373","Marion","20509","April","2025","IA"
"9374","Marshall","18290","April","2025","IA"
"9375","Mills","8655","April","2025","IA"
"9376","Mitchell","5964","April","2025","IA"
"9377","Monona","4897","April","2025","IA"
"9378","Monroe","4357","April","2025","IA"
"9379","Montgomery","5281","April","2025","IA"
"9380","Muscatine","21093","April","2025","IA"
"9381","O'Brien","7827","April","2025","IA"
"9382","Osceola","3341","April","2025","IA"
"9383","Page","7832","April","2025","IA"
"9384","Palo Alto","5182","April","2025","IA"
"9385","Plymouth","14743","April","2025","IA"
"9386","Pocahontas","3763","April","2025","IA"
"9387","Polk","267516","April","2025","IA"
"9388","Pottawattamie","47152","April","2025","IA"
"9389","Poweshiek","10526","April","2025","IA"
"9390","Ringgold","2783","April","2025","IA"
"9391","Sac","5750","April","2025","IA"
"9392","Scott","94902","April","2025","IA"
"9393","Shelby","6851","April","2025","IA"
"9394","Sioux","19794","April","2025","IA"
"9395","Story","51556","April","2025","IA"
"9396","Tama","8882","April","2025","IA"
"9397","Taylor","3074","April","2025","IA"
"9398","Union","6315","April","2025","IA"
"9399","Van Buren","3791","April","2025","IA"
"9400","Wapello","15313","April","2025","IA"
"9401","Warren","33798","April","2025","IA"
"9402","Washington","12168","April","2025","IA"
"9403","Wayne","3229","April","2025","IA"
"9404","Webster","17852","April","2025","IA"
"9405","Winnebago","5914","April","2025","IA"
"9406","Winneshiek","12583","April","2025","IA"
"9407","Woodbury","45166","April","2025","IA"
"9408","Worth","4447","April","2025","IA"
"9409","Wright","6063","April","2025","IA"
"9410","Allamakee","7741","August","2025","IA"
"9411","Appanoose","6934","August","2025","IA"
"9412","Audubon","3451","August","2025","IA"
"9413","Benton","15469","August","2025","IA"
"9414","Black Hawk","66524","August","2025","IA"
"9415","Boone","16580","August","2025","IA"
"9416","Bremer","15466","August","2025","IA"
"9417","Buchanan","11577","August","2025","IA"
"9418","Buena Vista","8199","August","2025","IA"
"9419","Butler","8612","August","2025","IA"
"9420","Calhoun","5521","August","2025","IA"
"9421","Carroll","12238","August","2025","IA"
"9422","Cass","7579","August","2025","IA"
"9423","Cedar","11259","August","2025","IA"
"9424","Cerro Gordo","24588","August","2025","IA"
"9425","Cherokee","6533","August","2025","IA"
"9426","Chickasaw","6710","August","2025","IA"
"9427","Clarke","4741","August","2025","IA"
"9428","Clay","9255","August","2025","IA"
"9429","Clayton","10094","August","2025","IA"
"9430","Clinton","25911","August","2025","IA"
"9431","Crawford","7114","August","2025","IA"
"9432","Dallas","66794","August","2025","IA"
"9433","Davis","4205","August","2025","IA"
"9434","Decatur","3871","August","2025","IA"
"9435","Delaware","10812","August","2025","IA"
"9436","Des Moines","20691","August","2025","IA"
"9437","Dickinson","12248","August","2025","IA"
"9438","Dubuque","56552","August","2025","IA"
"9439","Emmet","5188","August","2025","IA"
"9440","Fayette","10556","August","2025","IA"
"9441","Floyd","8286","August","2025","IA"
"9442","Franklin","5232","August","2025","IA"
"9443","Fremont","4074","August","2025","IA"
"9444","Greene","5238","August","2025","IA"
"9445","Grundy","7727","August","2025","IA"
"9446","Guthrie","7001","August","2025","IA"
"9447","Hamilton","8171","August","2025","IA"
"9448","Hancock","6335","August","2025","IA"
"9449","Hardin","9123","August","2025","IA"
"9450","Harrison","8303","August","2025","IA"
"9451","Henry","10267","August","2025","IA"
"9452","Howard","5257","August","2025","IA"
"9453","Humboldt","5277","August","2025","IA"
"9454","Ida","3941","August","2025","IA"
"9455","Iowa","10272","August","2025","IA"
"9456","Jackson","11639","August","2025","IA"
"9457","Jasper","21365","August","2025","IA"
"9458","Jefferson","8780","August","2025","IA"
"9459","Johnson","90505","August","2025","IA"
"9460","Jones","11687","August","2025","IA"
"9461","Keokuk","5409","August","2025","IA"
"9462","Kossuth","8918","August","2025","IA"
"9463","Lee","17333","August","2025","IA"
"9464","Linn","131084","August","2025","IA"
"9465","Louisa","5526","August","2025","IA"
"9466","Lucas","4927","August","2025","IA"
"9467","Lyon","7528","August","2025","IA"
"9468","Madison","10570","August","2025","IA"
"9469","Mahaska","11544","August","2025","IA"
"9470","Marion","20961","August","2025","IA"
"9471","Marshall","18654","August","2025","IA"
"9472","Mills","8944","August","2025","IA"
"9473","Mitchell","6058","August","2025","IA"
"9474","Monona","4981","August","2025","IA"
"9475","Monroe","4455","August","2025","IA"
"9476","Montgomery","5343","August","2025","IA"
"9477","Muscatine","21555","August","2025","IA"
"9478","O'Brien","7969","August","2025","IA"
"9479","Osceola","3402","August","2025","IA"
"9480","Page","8011","August","2025","IA"
"9481","Palo Alto","5266","August","2025","IA"
"9482","Plymouth","15071","August","2025","IA"
"9483","Pocahontas","3858","August","2025","IA"
"9484","Polk","271377","August","2025","IA"
"9485","Pottawattamie","48183","August","2025","IA"
"9486","Poweshiek","10745","August","2025","IA"
"9487","Ringgold","2806","August","2025","IA"
"9488","Sac","5874","August","2025","IA"
"9489","Scott","97100","August","2025","IA"
"9490","Shelby","7004","August","2025","IA"
"9491","Sioux","20208","August","2025","IA"
"9492","Story","52235","August","2025","IA"
"9493","Tama","8969","August","2025","IA"
"9494","Taylor","3167","August","2025","IA"
"9495","Union","6473","August","2025","IA"
"9496","Van Buren","3857","August","2025","IA"
"9497","Wapello","15582","August","2025","IA"
"9498","Warren","34470","August","2025","IA"
"9499","Washington","12422","August","2025","IA"
"9500","Wayne","3267","August","2025","IA"
"9501","Webster","18194","August","2025","IA"
"9502","Winnebago","6084","August","2025","IA"
"9503","Winneshiek","12723","August","2025","IA"
"9504","Woodbury","46093","August","2025","IA"
"9505","Worth","4515","August","2025","IA"
"9506","Wright","6169","August","2025","IA"
"9507","Allamakee","8359","February","2025","IA"
"9508","Appanoose","7364","February","2025","IA"
"9509","Audubon","3616","February","2025","IA"
"9510","Benton","16240","February","2025","IA"
"9511","Black Hawk","70874","February","2025","IA"
"9512","Boone","17425","February","2025","IA"
"9513","Bremer","16157","February","2025","IA"
"9514","Buchanan","12074","February","2025","IA"
"9515","Buena Vista","8972","February","2025","IA"
"9516","Butler","8961","February","2025","IA"
"9517","Calhoun","5851","February","2025","IA"
"9518","Carroll","12896","February","2025","IA"
"9519","Cass","8039","February","2025","IA"
"9520","Cedar","11781","February","2025","IA"
"9521","Cerro Gordo","26068","February","2025","IA"
"9522","Cherokee","6842","February","2025","IA"
"9523","Chickasaw","7033","February","2025","IA"
"9524","Clarke","5082","February","2025","IA"
"9525","Clay","9766","February","2025","IA"
"9526","Clayton","10642","February","2025","IA"
"9527","Clinton","27684","February","2025","IA"
"9528","Crawford","7607","February","2025","IA"
"9529","Dallas","70212","February","2025","IA"
"9530","Davis","4422","February","2025","IA"
"9531","Decatur","4125","February","2025","IA"
"9532","Delaware","11222","February","2025","IA"
"9533","Des Moines","22193","February","2025","IA"
"9534","Dickinson","12847","February","2025","IA"
"9535","Dubuque","59523","February","2025","IA"
"9536","Emmet","5456","February","2025","IA"
"9537","Fayette","11125","February","2025","IA"
"9538","Floyd","8741","February","2025","IA"
"9539","Franklin","5482","February","2025","IA"
"9540","Fremont","4302","February","2025","IA"
"9541","Greene","5582","February","2025","IA"
"9542","Grundy","8015","February","2025","IA"
"9543","Guthrie","7268","February","2025","IA"
"9544","Hamilton","8640","February","2025","IA"
"9545","Hancock","6624","February","2025","IA"
"9546","Hardin","9580","February","2025","IA"
"9547","Harrison","8785","February","2025","IA"
"9548","Henry","10931","February","2025","IA"
"9549","Howard","5487","February","2025","IA"
"9550","Humboldt","5729","February","2025","IA"
"9551","Ida","4142","February","2025","IA"
"9552","Iowa","10726","February","2025","IA"
"9553","Jackson","12209","February","2025","IA"
"9554","Jasper","22580","February","2025","IA"
"9555","Jefferson","9375","February","2025","IA"
"9556","Johnson","96639","February","2025","IA"
"9557","Jones","12280","February","2025","IA"
"9558","Keokuk","5748","February","2025","IA"
"9559","Kossuth","9343","February","2025","IA"
"9560","Lee","18461","February","2025","IA"
"9561","Linn","138717","February","2025","IA"
"9562","Louisa","5867","February","2025","IA"
"9563","Lucas","5184","February","2025","IA"
"9564","Lyon","7769","February","2025","IA"
"9565","Madison","11052","February","2025","IA"
"9566","Mahaska","11991","February","2025","IA"
"9567","Marion","21896","February","2025","IA"
"9568","Marshall","19907","February","2025","IA"
"9569","Mills","9491","February","2025","IA"
"9570","Mitchell","6380","February","2025","IA"
"9571","Monona","5267","February","2025","IA"
"9572","Monroe","4652","February","2025","IA"
"9573","Montgomery","5670","February","2025","IA"
"9574","Muscatine","22702","February","2025","IA"
"9575","O'Brien","8361","February","2025","IA"
"9576","Osceola","3553","February","2025","IA"
"9577","Page","8606","February","2025","IA"
"9578","Palo Alto","5520","February","2025","IA"
"9579","Plymouth","15742","February","2025","IA"
"9580","Pocahontas","4089","February","2025","IA"
"9581","Polk","289100","February","2025","IA"
"9582","Pottawattamie","51759","February","2025","IA"
"9583","Poweshiek","11510","February","2025","IA"
"9584","Ringgold","2960","February","2025","IA"
"9585","Sac","6213","February","2025","IA"
"9586","Scott","104046","February","2025","IA"
"9587","Shelby","7322","February","2025","IA"
"9588","Sioux","20933","February","2025","IA"
"9589","Story","56098","February","2025","IA"
"9590","Tama","9493","February","2025","IA"
"9591","Taylor","3411","February","2025","IA"
"9592","Union","6862","February","2025","IA"
"9593","Van Buren","4104","February","2025","IA"
"9594","Wapello","16909","February","2025","IA"
"9595","Warren","36216","February","2025","IA"
"9596","Washington","13074","February","2025","IA"
"9597","Wayne","3488","February","2025","IA"
"9598","Webster","19548","February","2025","IA"
"9599","Winnebago","6459","February","2025","IA"
"9600","Winneshiek","13289","February","2025","IA"
"9601","Woodbury","49411","February","2025","IA"
"9602","Worth","4754","February","2025","IA"
"9603","Wright","6640","February","2025","IA"
"9604","Allamakee","8355","January","2025","IA"
"9605","Appanoose","7350","January","2025","IA"
"9606","Audubon","3620","January","2025","IA"
"9607","Benton","16211","January","2025","IA"
"9608","Black Hawk","70850","January","2025","IA"
"9609","Boone","17408","January","2025","IA"
"9610","Bremer","16156","January","2025","IA"
"9611","Buchanan","12059","January","2025","IA"
"9612","Buena Vista","8957","January","2025","IA"
"9613","Butler","8950","January","2025","IA"
"9614","Calhoun","5845","January","2025","IA"
"9615","Carroll","12881","January","2025","IA"
"9616","Cass","8016","January","2025","IA"
"9617","Cedar","11776","January","2025","IA"
"9618","Cerro Gordo","25994","January","2025","IA"
"9619","Cherokee","6847","January","2025","IA"
"9620","Chickasaw","7038","January","2025","IA"
"9621","Clarke","5079","January","2025","IA"
"9622","Clay","9754","January","2025","IA"
"9623","Clayton","10658","January","2025","IA"
"9624","Clinton","27638","January","2025","IA"
"9625","Crawford","7615","January","2025","IA"
"9626","Dallas","70099","January","2025","IA"
"9627","Davis","4414","January","2025","IA"
"9628","Decatur","4130","January","2025","IA"
"9629","Delaware","11195","January","2025","IA"
"9630","Des Moines","22180","January","2025","IA"
"9631","Dickinson","12798","January","2025","IA"
"9632","Dubuque","59424","January","2025","IA"
"9633","Emmet","5437","January","2025","IA"
"9634","Fayette","11099","January","2025","IA"
"9635","Floyd","8727","January","2025","IA"
"9636","Franklin","5481","January","2025","IA"
"9637","Fremont","4292","January","2025","IA"
"9638","Greene","5572","January","2025","IA"
"9639","Grundy","8014","January","2025","IA"
"9640","Guthrie","7266","January","2025","IA"
"9641","Hamilton","8633","January","2025","IA"
"9642","Hancock","6617","January","2025","IA"
"9643","Hardin","9582","January","2025","IA"
"9644","Harrison","8807","January","2025","IA"
"9645","Henry","10909","January","2025","IA"
"9646","Howard","5473","January","2025","IA"
"9647","Humboldt","5726","January","2025","IA"
"9648","Ida","4142","January","2025","IA"
"9649","Iowa","10717","January","2025","IA"
"9650","Jackson","12197","January","2025","IA"
"9651","Jasper","22561","January","2025","IA"
"9652","Jefferson","9382","January","2025","IA"
"9653","Johnson","96783","January","2025","IA"
"9654","Jones","12282","January","2025","IA"
"9655","Keokuk","5736","January","2025","IA"
"9656","Kossuth","9347","January","2025","IA"
"9657","Lee","18438","January","2025","IA"
"9658","Linn","129943","January","2025","IA"
"9659","Louisa","5878","January","2025","IA"
"9660","Lucas","5182","January","2025","IA"
"9661","Lyon","7729","January","2025","IA"
"9662","Madison","11052","January","2025","IA"
"9663","Mahaska","11964","January","2025","IA"
"9664","Marion","21904","January","2025","IA"
"9665","Marshall","19884","January","2025","IA"
"9666","Mills","8778","January","2025","IA"
"9667","Mitchell","6379","January","2025","IA"
"9668","Monona","5262","January","2025","IA"
"9669","Monroe","4645","January","2025","IA"
"9670","Montgomery","5676","January","2025","IA"
"9671","Muscatine","22623","January","2025","IA"
"9672","O'Brien","8366","January","2025","IA"
"9673","Osceola","3553","January","2025","IA"
"9674","Page","8596","January","2025","IA"
"9675","Palo Alto","5510","January","2025","IA"
"9676","Plymouth","15717","January","2025","IA"
"9677","Pocahontas","4093","January","2025","IA"
"9678","Polk","288737","January","2025","IA"
"9679","Pottawattamie","51681","January","2025","IA"
"9680","Poweshiek","11513","January","2025","IA"
"9681","Ringgold","2962","January","2025","IA"
"9682","Sac","5779","January","2025","IA"
"9683","Scott","96790","January","2025","IA"
"9684","Shelby","7322","January","2025","IA"
"9685","Sioux","20908","January","2025","IA"
"9686","Story","56066","January","2025","IA"
"9687","Tama","9513","January","2025","IA"
"9688","Taylor","3412","January","2025","IA"
"9689","Union","6849","January","2025","IA"
"9690","Van Buren","4104","January","2025","IA"
"9691","Wapello","16920","January","2025","IA"
"9692","Warren","36229","January","2025","IA"
"9693","Washington","13061","January","2025","IA"
"9694","Wayne","3491","January","2025","IA"
"9695","Webster","19529","January","2025","IA"
"9696","Winnebago","6446","January","2025","IA"
"9697","Winneshiek","13267","January","2025","IA"
"9698","Woodbury","44279","January","2025","IA"
"9699","Worth","4740","January","2025","IA"
"9700","Wright","6615","January","2025","IA"
"9701","Allamakee","7727","July","2025","IA"
"9702","Appanoose","6915","July","2025","IA"
"9703","Audubon","3446","July","2025","IA"
"9704","Benton","15420","July","2025","IA"
"9705","Black Hawk","66425","July","2025","IA"
"9706","Boone","16516","July","2025","IA"
"9707","Bremer","15444","July","2025","IA"
"9708","Buchanan","11538","July","2025","IA"
"9709","Buena Vista","8183","July","2025","IA"
"9710","Butler","8580","July","2025","IA"
"9711","Calhoun","5505","July","2025","IA"
"9712","Carroll","12177","July","2025","IA"
"9713","Cass","7571","July","2025","IA"
"9714","Cedar","11254","July","2025","IA"
"9715","Cerro Gordo","24526","July","2025","IA"
"9716","Cherokee","6511","July","2025","IA"
"9717","Chickasaw","6710","July","2025","IA"
"9718","Clarke","4736","July","2025","IA"
"9719","Clay","9206","July","2025","IA"
"9720","Clayton","10059","July","2025","IA"
"9721","Clinton","25833","July","2025","IA"
"9722","Crawford","7107","July","2025","IA"
"9723","Dallas","66472","July","2025","IA"
"9724","Davis","4192","July","2025","IA"
"9725","Decatur","3874","July","2025","IA"
"9726","Delaware","10790","July","2025","IA"
"9727","Des Moines","20602","July","2025","IA"
"9728","Dickinson","12214","July","2025","IA"
"9729","Dubuque","56444","July","2025","IA"
"9730","Emmet","5166","July","2025","IA"
"9731","Fayette","10534","July","2025","IA"
"9732","Floyd","8275","July","2025","IA"
"9733","Franklin","5233","July","2025","IA"
"9734","Fremont","4062","July","2025","IA"
"9735","Greene","5219","July","2025","IA"
"9736","Grundy","7696","July","2025","IA"
"9737","Guthrie","6974","July","2025","IA"
"9738","Hamilton","8152","July","2025","IA"
"9739","Hancock","6323","July","2025","IA"
"9740","Hardin","9094","July","2025","IA"
"9741","Harrison","8317","July","2025","IA"
"9742","Henry","10248","July","2025","IA"
"9743","Howard","5243","July","2025","IA"
"9744","Humboldt","5281","July","2025","IA"
"9745","Ida","3934","July","2025","IA"
"9746","Iowa","10241","July","2025","IA"
"9747","Jackson","11613","July","2025","IA"
"9748","Jasper","21334","July","2025","IA"
"9749","Jefferson","8767","July","2025","IA"
"9750","Johnson","90299","July","2025","IA"
"9751","Jones","11656","July","2025","IA"
"9752","Keokuk","5406","July","2025","IA"
"9753","Kossuth","8911","July","2025","IA"
"9754","Lee","17285","July","2025","IA"
"9755","Linn","130653","July","2025","IA"
"9756","Louisa","5533","July","2025","IA"
"9757","Lucas","4910","July","2025","IA"
"9758","Lyon","7481","July","2025","IA"
"9759","Madison","10529","July","2025","IA"
"9760","Mahaska","11478","July","2025","IA"
"9761","Marion","20898","July","2025","IA"
"9762","Marshall","18622","July","2025","IA"
"9763","Mills","8911","July","2025","IA"
"9764","Mitchell","6049","July","2025","IA"
"9765","Monona","4970","July","2025","IA"
"9766","Monroe","4445","July","2025","IA"
"9767","Montgomery","5351","July","2025","IA"
"9768","Muscatine","21443","July","2025","IA"
"9769","O'Brien","7961","July","2025","IA"
"9770","Osceola","3396","July","2025","IA"
"9771","Page","7980","July","2025","IA"
"9772","Palo Alto","5252","July","2025","IA"
"9773","Plymouth","15045","July","2025","IA"
"9774","Pocahontas","3851","July","2025","IA"
"9775","Polk","270732","July","2025","IA"
"9776","Pottawattamie","48026","July","2025","IA"
"9777","Poweshiek","10699","July","2025","IA"
"9778","Ringgold","2801","July","2025","IA"
"9779","Sac","5872","July","2025","IA"
"9780","Scott","96712","July","2025","IA"
"9781","Shelby","6982","July","2025","IA"
"9782","Sioux","20128","July","2025","IA"
"9783","Story","52155","July","2025","IA"
"9784","Tama","8970","July","2025","IA"
"9785","Taylor","3169","July","2025","IA"
"9786","Union","6439","July","2025","IA"
"9787","Van Buren","3851","July","2025","IA"
"9788","Wapello","15553","July","2025","IA"
"9789","Warren","34378","July","2025","IA"
"9790","Washington","12393","July","2025","IA"
"9791","Wayne","3271","July","2025","IA"
"9792","Webster","18164","July","2025","IA"
"9793","Winnebago","6065","July","2025","IA"
"9794","Winneshiek","12701","July","2025","IA"
"9795","Woodbury","45925","July","2025","IA"
"9796","Worth","4513","July","2025","IA"
"9797","Wright","6163","July","2025","IA"
"9798","Allamakee","7727","June","2025","IA"
"9799","Appanoose","6910","June","2025","IA"
"9800","Audubon","3434","June","2025","IA"
"9801","Benton","15378","June","2025","IA"
"9802","Black Hawk","66325","June","2025","IA"
"9803","Boone","16452","June","2025","IA"
"9804","Bremer","15406","June","2025","IA"
"9805","Buchanan","11509","June","2025","IA"
"9806","Buena Vista","8165","June","2025","IA"
"9807","Butler","8566","June","2025","IA"
"9808","Calhoun","5496","June","2025","IA"
"9809","Carroll","12135","June","2025","IA"
"9810","Cass","7559","June","2025","IA"
"9811","Cedar","11219","June","2025","IA"
"9812","Cerro Gordo","24480","June","2025","IA"
"9813","Cherokee","6494","June","2025","IA"
"9814","Chickasaw","6691","June","2025","IA"
"9815","Clarke","4728","June","2025","IA"
"9816","Clay","9164","June","2025","IA"
"9817","Clayton","10042","June","2025","IA"
"9818","Clinton","25719","June","2025","IA"
"9819","Crawford","7081","June","2025","IA"
"9820","Dallas","66232","June","2025","IA"
"9821","Davis","4172","June","2025","IA"
"9822","Decatur","3873","June","2025","IA"
"9823","Delaware","10753","June","2025","IA"
"9824","Des Moines","20529","June","2025","IA"
"9825","Dickinson","12157","June","2025","IA"
"9826","Dubuque","56297","June","2025","IA"
"9827","Emmet","5142","June","2025","IA"
"9828","Fayette","10509","June","2025","IA"
"9829","Floyd","8258","June","2025","IA"
"9830","Franklin","5220","June","2025","IA"
"9831","Fremont","4059","June","2025","IA"
"9832","Greene","5220","June","2025","IA"
"9833","Grundy","7685","June","2025","IA"
"9834","Guthrie","6947","June","2025","IA"
"9835","Hamilton","8127","June","2025","IA"
"9836","Hancock","6307","June","2025","IA"
"9837","Hardin","9081","June","2025","IA"
"9838","Harrison","8221","June","2025","IA"
"9839","Henry","10230","June","2025","IA"
"9840","Howard","5230","June","2025","IA"
"9841","Humboldt","5286","June","2025","IA"
"9842","Ida","3917","June","2025","IA"
"9843","Iowa","10221","June","2025","IA"
"9844","Jackson","11584","June","2025","IA"
"9845","Jasper","21282","June","2025","IA"
"9846","Jefferson","8755","June","2025","IA"
"9847","Johnson","90051","June","2025","IA"
"9848","Jones","11645","June","2025","IA"
"9849","Keokuk","5403","June","2025","IA"
"9850","Kossuth","8890","June","2025","IA"
"9851","Lee","17249","June","2025","IA"
"9852","Linn","130216","June","2025","IA"
"9853","Louisa","5520","June","2025","IA"
"9854","Lucas","4900","June","2025","IA"
"9855","Lyon","7474","June","2025","IA"
"9856","Madison","10492","June","2025","IA"
"9857","Mahaska","11443","June","2025","IA"
"9858","Marion","20817","June","2025","IA"
"9859","Marshall","18547","June","2025","IA"
"9860","Mills","8862","June","2025","IA"
"9861","Mitchell","6043","June","2025","IA"
"9862","Monona","4970","June","2025","IA"
"9863","Monroe","4440","June","2025","IA"
"9864","Montgomery","5352","June","2025","IA"
"9865","Muscatine","21374","June","2025","IA"
"9866","O'Brien","7941","June","2025","IA"
"9867","Osceola","3391","June","2025","IA"
"9868","Page","7959","June","2025","IA"
"9869","Palo Alto","5246","June","2025","IA"
"9870","Plymouth","14990","June","2025","IA"
"9871","Pocahontas","3842","June","2025","IA"
"9872","Polk","270107","June","2025","IA"
"9873","Pottawattamie","47906","June","2025","IA"
"9874","Poweshiek","10668","June","2025","IA"
"9875","Ringgold","2800","June","2025","IA"
"9876","Sac","5876","June","2025","IA"
"9877","Scott","96358","June","2025","IA"
"9878","Shelby","6966","June","2025","IA"
"9879","Sioux","20070","June","2025","IA"
"9880","Story","52135","June","2025","IA"
"9881","Tama","8974","June","2025","IA"
"9882","Taylor","3162","June","2025","IA"
"9883","Union","6409","June","2025","IA"
"9884","Van Buren","3845","June","2025","IA"
"9885","Wapello","15510","June","2025","IA"
"9886","Warren","34288","June","2025","IA"
"9887","Washington","12372","June","2025","IA"
"9888","Wayne","3268","June","2025","IA"
"9889","Webster","18116","June","2025","IA"
"9890","Winnebago","6041","June","2025","IA"
"9891","Winneshiek","12697","June","2025","IA"
"9892","Woodbury","45774","June","2025","IA"
"9893","Worth","4507","June","2025","IA"
"9894","Wright","6155","June","2025","IA"
"9895","Allamakee","8320","March","2025","IA"
"9896","Appanoose","7301","March","2025","IA"
"9897","Audubon","3582","March","2025","IA"
"9898","Benton","16262","March","2025","IA"
"9899","Black Hawk","70242","March","2025","IA"
"9900","Boone","17260","March","2025","IA"
"9901","Bremer","16022","March","2025","IA"
"9902","Buchanan","12006","March","2025","IA"
"9903","Buena Vista","8926","March","2025","IA"
"9904","Butler","8918","March","2025","IA"
"9905","Calhoun","5814","March","2025","IA"
"9906","Carroll","12807","March","2025","IA"
"9907","Cass","7956","March","2025","IA"
"9908","Cedar","11707","March","2025","IA"
"9909","Cerro Gordo","25794","March","2025","IA"
"9910","Cherokee","6797","March","2025","IA"
"9911","Chickasaw","7005","March","2025","IA"
"9912","Clarke","5009","March","2025","IA"
"9913","Clay","9673","March","2025","IA"
"9914","Clayton","10573","March","2025","IA"
"9915","Clinton","27446","March","2025","IA"
"9916","Crawford","7565","March","2025","IA"
"9917","Dallas","69106","March","2025","IA"
"9918","Davis","4383","March","2025","IA"
"9919","Decatur","4075","March","2025","IA"
"9920","Delaware","11167","March","2025","IA"
"9921","Des Moines","21982","March","2025","IA"
"9922","Dickinson","12725","March","2025","IA"
"9923","Dubuque","59057","March","2025","IA"
"9924","Emmet","5415","March","2025","IA"
"9925","Fayette","11120","March","2025","IA"
"9926","Floyd","8704","March","2025","IA"
"9927","Franklin","5440","March","2025","IA"
"9928","Fremont","4266","March","2025","IA"
"9929","Greene","5534","March","2025","IA"
"9930","Grundy","7955","March","2025","IA"
"9931","Guthrie","7217","March","2025","IA"
"9932","Hamilton","8580","March","2025","IA"
"9933","Hancock","6598","March","2025","IA"
"9934","Hardin","9516","March","2025","IA"
"9935","Harrison","8681","March","2025","IA"
"9936","Henry","10835","March","2025","IA"
"9937","Howard","5442","March","2025","IA"
"9938","Humboldt","5720","March","2025","IA"
"9939","Ida","4113","March","2025","IA"
"9940","Iowa","10655","March","2025","IA"
"9941","Jackson","12138","March","2025","IA"
"9942","Jasper","22415","March","2025","IA"
"9943","Jefferson","9261","March","2025","IA"
"9944","Johnson","95243","March","2025","IA"
"9945","Jones","12197","March","2025","IA"
"9946","Keokuk","5693","March","2025","IA"
"9947","Kossuth","9296","March","2025","IA"
"9948","Lee","18293","March","2025","IA"
"9949","Linn","137576","March","2025","IA"
"9950","Louisa","5834","March","2025","IA"
"9951","Lucas","5131","March","2025","IA"
"9952","Lyon","7736","March","2025","IA"
"9953","Madison","10940","March","2025","IA"
"9954","Mahaska","11922","March","2025","IA"
"9955","Marion","21752","March","2025","IA"
"9956","Marshall","19779","March","2025","IA"
"9957","Mills","9479","March","2025","IA"
"9958","Mitchell","6343","March","2025","IA"
"9959","Monona","5233","March","2025","IA"
"9960","Monroe","4611","March","2025","IA"
"9961","Montgomery","5624","March","2025","IA"
"9962","Muscatine","22579","March","2025","IA"
"9963","O'Brien","8299","March","2025","IA"
"9964","Osceola","3537","March","2025","IA"
"9965","Page","8618","March","2025","IA"
"9966","Palo Alto","5510","March","2025","IA"
"9967","Plymouth","15635","March","2025","IA"
"9968","Pocahontas","4037","March","2025","IA"
"9969","Polk","289649","March","2025","IA"
"9970","Pottawattamie","51155","March","2025","IA"
"9971","Poweshiek","11387","March","2025","IA"
"9972","Ringgold","2932","March","2025","IA"
"9973","Sac","6171","March","2025","IA"
"9974","Scott","102694","March","2025","IA"
"9975","Shelby","7315","March","2025","IA"
"9976","Sioux","20807","March","2025","IA"
"9977","Story","56136","March","2025","IA"
"9978","Tama","9425","March","2025","IA"
"9979","Taylor","3376","March","2025","IA"
"9980","Union","6809","March","2025","IA"
"9981","Van Buren","4082","March","2025","IA"
"9982","Wapello","16758","March","2025","IA"
"9983","Warren","35896","March","2025","IA"
"9984","Washington","13013","March","2025","IA"
"9985","Wayne","3460","March","2025","IA"
"9986","Webster","19423","March","2025","IA"
"9987","Winnebago","6390","March","2025","IA"
"9988","Winneshiek","13168","March","2025","IA"
"9989","Woodbury","49017","March","2025","IA"
"9990","Worth","4724","March","2025","IA"
"9991","Wright","6586","March","2025","IA"
"9992","Allamakee","7721","May","2025","IA"
"9993","Appanoose","6888","May","2025","IA"
"9994","Audubon","3425","May","2025","IA"
"9995","Benton","15323","May","2025","IA"
"9996","Black Hawk","66174","May","2025","IA"
"9997","Boone","16394","May","2025","IA"
"9998","Bremer","15363","May","2025","IA"
"9999","Buchanan","11434","May","2025","IA"
"10000","Buena Vista","8143","May","2025","IA"
"10001","Butler","8536","May","2025","IA"
"10002","Calhoun","5476","May","2025","IA"
"10003","Carroll","12078","May","2025","IA"
"10004","Cass","7560","May","2025","IA"
"10005","Cedar","11200","May","2025","IA"
"10006","Cerro Gordo","24399","May","2025","IA"
"10007","Cherokee","6477","May","2025","IA"
"10008","Chickasaw","6664","May","2025","IA"
"10009","Clarke","4723","May","2025","IA"
"10010","Clay","9131","May","2025","IA"
"10011","Clayton","10014","May","2025","IA"
"10012","Clinton","25604","May","2025","IA"
"10013","Crawford","7048","May","2025","IA"
"10014","Dallas","65953","May","2025","IA"
"10015","Davis","4158","May","2025","IA"
"10016","Decatur","3871","May","2025","IA"
"10017","Delaware","10729","May","2025","IA"
"10018","Des Moines","20459","May","2025","IA"
"10019","Dickinson","12083","May","2025","IA"
"10020","Dubuque","56136","May","2025","IA"
"10021","Emmet","5113","May","2025","IA"
"10022","Fayette","10465","May","2025","IA"
"10023","Floyd","8226","May","2025","IA"
"10024","Franklin","5201","May","2025","IA"
"10025","Fremont","4041","May","2025","IA"
"10026","Greene","5209","May","2025","IA"
"10027","Grundy","7662","May","2025","IA"
"10028","Guthrie","6924","May","2025","IA"
"10029","Hamilton","8107","May","2025","IA"
"10030","Hancock","6288","May","2025","IA"
"10031","Hardin","9028","May","2025","IA"
"10032","Harrison","8222","May","2025","IA"
"10033","Henry","10179","May","2025","IA"
"10034","Howard","5217","May","2025","IA"
"10035","Humboldt","5301","May","2025","IA"
"10036","Ida","3899","May","2025","IA"
"10037","Iowa","10190","May","2025","IA"
"10038","Jackson","11538","May","2025","IA"
"10039","Jasper","21219","May","2025","IA"
"10040","Jefferson","8748","May","2025","IA"
"10041","Johnson","89830","May","2025","IA"
"10042","Jones","11604","May","2025","IA"
"10043","Keokuk","5383","May","2025","IA"
"10044","Kossuth","8869","May","2025","IA"
"10045","Lee","17207","May","2025","IA"
"10046","Linn","129675","May","2025","IA"
"10047","Louisa","5498","May","2025","IA"
"10048","Lucas","4888","May","2025","IA"
"10049","Lyon","7449","May","2025","IA"
"10050","Madison","10443","May","2025","IA"
"10051","Mahaska","11380","May","2025","IA"
"10052","Marion","20577","May","2025","IA"
"10053","Marshall","18470","May","2025","IA"
"10054","Mills","8805","May","2025","IA"
"10055","Mitchell","5965","May","2025","IA"
"10056","Monona","4957","May","2025","IA"
"10057","Monroe","4417","May","2025","IA"
"10058","Montgomery","5350","May","2025","IA"
"10059","Muscatine","21308","May","2025","IA"
"10060","O'Brien","7925","May","2025","IA"
"10061","Osceola","3388","May","2025","IA"
"10062","Page","7932","May","2025","IA"
"10063","Palo Alto","5233","May","2025","IA"
"10064","Plymouth","14906","May","2025","IA"
"10065","Pocahontas","3822","May","2025","IA"
"10066","Polk","269699","May","2025","IA"
"10067","Pottawattamie","47692","May","2025","IA"
"10068","Poweshiek","10643","May","2025","IA"
"10069","Ringgold","2798","May","2025","IA"
"10070","Sac","5779","May","2025","IA"
"10071","Scott","95929","May","2025","IA"
"10072","Shelby","6954","May","2025","IA"
"10073","Sioux","19978","May","2025","IA"
"10074","Story","51968","May","2025","IA"
"10075","Tama","8968","May","2025","IA"
"10076","Taylor","3156","May","2025","IA"
"10077","Union","6382","May","2025","IA"
"10078","Van Buren","3828","May","2025","IA"
"10079","Wapello","15476","May","2025","IA"
"10080","Warren","34210","May","2025","IA"
"10081","Washington","12344","May","2025","IA"
"10082","Wayne","3270","May","2025","IA"
"10083","Webster","18068","May","2025","IA"
"10084","Winnebago","6014","May","2025","IA"
"10085","Winneshiek","12683","May","2025","IA"
"10086","Woodbury","45622","May","2025","IA"
"10087","Worth","4499","May","2025","IA"
"10088","Wright","6144","May","2025","IA"
"10089","Allamakee","7971","November","2025","IA"
"10090","Appanoose","6991","November","2025","IA"
"10091","Audubon","3472","November","2025","IA"
"10092","Benton","15591","November","2025","IA"
"10093","Black Hawk","66899","November","2025","IA"
"10094","Boone","16753","November","2025","IA"
"10095","Bremer","15597","November","2025","IA"
"10096","Buchanan","11705","November","2025","IA"
"10097","Buena Vista","8248","November","2025","IA"
"10098","Butler","8680","November","2025","IA"
"10099","Calhoun","5552","November","2025","IA"
"10100","Carroll","12372","November","2025","IA"
"10101","Cass","7632","November","2025","IA"
"10102","Cedar","11340","November","2025","IA"
"10103","Cerro Gordo","24745","November","2025","IA"
"10104","Cherokee","6597","November","2025","IA"
"10105","Chickasaw","6761","November","2025","IA"
"10106","Clarke","4733","November","2025","IA"
"10107","Clay","9378","November","2025","IA"
"10108","Clayton","10202","November","2025","IA"
"10109","Clinton","26248","November","2025","IA"
"10110","Crawford","7138","November","2025","IA"
"10111","Dallas","67769","November","2025","IA"
"10112","Davis","4237","November","2025","IA"
"10113","Decatur","3863","November","2025","IA"
"10114","Delaware","10860","November","2025","IA"
"10115","Des Moines","20919","November","2025","IA"
"10116","Dickinson","12407","November","2025","IA"
"10117","Dubuque","57238","November","2025","IA"
"10118","Emmet","5247","November","2025","IA"
"10119","Fayette","10598","November","2025","IA"
"10120","Floyd","8382","November","2025","IA"
"10121","Franklin","5261","November","2025","IA"
"10122","Fremont","4096","November","2025","IA"
"10123","Greene","5273","November","2025","IA"
"10124","Grundy","7781","November","2025","IA"
"10125","Guthrie","7059","November","2025","IA"
"10126","Hamilton","8226","November","2025","IA"
"10127","Hancock","6357","November","2025","IA"
"10128","Hardin","9170","November","2025","IA"
"10129","Harrison","8318","November","2025","IA"
"10130","Henry","10335","November","2025","IA"
"10131","Howard","5293","November","2025","IA"
"10132","Humboldt","5473","November","2025","IA"
"10133","Ida","3970","November","2025","IA"
"10134","Iowa","10339","November","2025","IA"
"10135","Jackson","11739","November","2025","IA"
"10136","Jasper","21433","November","2025","IA"
"10137","Jefferson","8854","November","2025","IA"
"10138","Johnson","91618","November","2025","IA"
"10139","Jones","11759","November","2025","IA"
"10140","Keokuk","5451","November","2025","IA"
"10141","Kossuth","8956","November","2025","IA"
"10142","Lee","17445","November","2025","IA"
"10143","Linn","132471","November","2025","IA"
"10144","Louisa","5608","November","2025","IA"
"10145","Lucas","4960","November","2025","IA"
"10146","Lyon","7576","November","2025","IA"
"10147","Madison","10679","November","2025","IA"
"10148","Mahaska","11739","November","2025","IA"
"10149","Marion","21189","November","2025","IA"
"10150","Marshall","18911","November","2025","IA"
"10151","Mills","9069","November","2025","IA"
"10152","Mitchell","6075","November","2025","IA"
"10153","Monona","5014","November","2025","IA"
"10154","Monroe","4514","November","2025","IA"
"10155","Montgomery","5362","November","2025","IA"
"10156","Muscatine","21775","November","2025","IA"
"10157","O'Brien","8013","November","2025","IA"
"10158","Osceola","3463","November","2025","IA"
"10159","Page","8108","November","2025","IA"
"10160","Palo Alto","5293","November","2025","IA"
"10161","Plymouth","15169","November","2025","IA"
"10162","Pocahontas","3894","November","2025","IA"
"10163","Polk","273755","November","2025","IA"
"10164","Pottawattamie","48875","November","2025","IA"
"10165","Poweshiek","10862","November","2025","IA"
"10166","Ringgold","2813","November","2025","IA"
"10167","Sac","5976","November","2025","IA"
"10168","Scott","98622","November","2025","IA"
"10169","Shelby","7051","November","2025","IA"
"10170","Sioux","20407","November","2025","IA"
"10171","Story","52608","November","2025","IA"
"10172","Tama","8985","November","2025","IA"
"10173","Taylor","3195","November","2025","IA"
"10174","Union","6542","November","2025","IA"
"10175","Van Buren","3869","November","2025","IA"
"10176","Wapello","15695","November","2025","IA"
"10177","Warren","34877","November","2025","IA"
"10178","Washington","12530","November","2025","IA"
"10179","Wayne","3262","November","2025","IA"
"10180","Webster","19008","November","2025","IA"
"10181","Winnebago","6134","November","2025","IA"
"10182","Winneshiek","12879","November","2025","IA"
"10183","Woodbury","46749","November","2025","IA"
"10184","Worth","4524","November","2025","IA"
"10185","Wright","6170","November","2025","IA"
"10186","Allamakee","7969","October","2025","IA"
"10187","Appanoose","6973","October","2025","IA"
"10188","Audubon","3460","October","2025","IA"
"10189","Benton","15554","October","2025","IA"
"10190","Black Hawk","66732","October","2025","IA"
"10191","Boone","16685","October","2025","IA"
"10192","Bremer","15541","October","2025","IA"
"10193","Buchanan","11652","October","2025","IA"
"10194","Buena Vista","8227","October","2025","IA"
"10195","Butler","8666","October","2025","IA"
"10196","Calhoun","5534","October","2025","IA"
"10197","Carroll","12325","October","2025","IA"
"10198","Cass","7596","October","2025","IA"
"10199","Cedar","11310","October","2025","IA"
"10200","Cerro Gordo","24689","October","2025","IA"
"10201","Cherokee","6577","October","2025","IA"
"10202","Chickasaw","6714","October","2025","IA"
"10203","Clarke","4729","October","2025","IA"
"10204","Clay","9320","October","2025","IA"
"10205","Clayton","10166","October","2025","IA"
"10206","Clinton","26087","October","2025","IA"
"10207","Crawford","7124","October","2025","IA"
"10208","Dallas","67392","October","2025","IA"
"10209","Davis","4226","October","2025","IA"
"10210","Decatur","3858","October","2025","IA"
"10211","Delaware","10866","October","2025","IA"
"10212","Des Moines","20828","October","2025","IA"
"10213","Dickinson","12365","October","2025","IA"
"10214","Dubuque","56871","October","2025","IA"
"10215","Emmet","5229","October","2025","IA"
"10216","Fayette","10602","October","2025","IA"
"10217","Floyd","8338","October","2025","IA"
"10218","Franklin","5234","October","2025","IA"
"10219","Fremont","4099","October","2025","IA"
"10220","Greene","5254","October","2025","IA"
"10221","Grundy","7743","October","2025","IA"
"10222","Guthrie","7024","October","2025","IA"
"10223","Hamilton","8196","October","2025","IA"
"10224","Hancock","6359","October","2025","IA"
"10225","Hardin","9139","October","2025","IA"
"10226","Harrison","8303","October","2025","IA"
"10227","Henry","10327","October","2025","IA"
"10228","Howard","5284","October","2025","IA"
"10229","Humboldt","5459","October","2025","IA"
"10230","Ida","3950","October","2025","IA"
"10231","Iowa","10301","October","2025","IA"
"10232","Jackson","11701","October","2025","IA"
"10233","Jasper","21402","October","2025","IA"
"10234","Jefferson","8798","October","2025","IA"
"10235","Johnson","91220","October","2025","IA"
"10236","Jones","11735","October","2025","IA"
"10237","Keokuk","5436","October","2025","IA"
"10238","Kossuth","8948","October","2025","IA"
"10239","Lee","17399","October","2025","IA"
"10240","Linn","131850","October","2025","IA"
"10241","Louisa","5576","October","2025","IA"
"10242","Lucas","4947","October","2025","IA"
"10243","Lyon","7553","October","2025","IA"
"10244","Madison","10670","October","2025","IA"
"10245","Mahaska","11654","October","2025","IA"
"10246","Marion","21098","October","2025","IA"
"10247","Marshall","18802","October","2025","IA"
"10248","Mills","9030","October","2025","IA"
"10249","Mitchell","6067","October","2025","IA"
"10250","Monona","5011","October","2025","IA"
"10251","Monroe","4487","October","2025","IA"
"10252","Montgomery","5342","October","2025","IA"
"10253","Muscatine","21705","October","2025","IA"
"10254","O'Brien","7989","October","2025","IA"
"10255","Osceola","3432","October","2025","IA"
"10256","Page","8071","October","2025","IA"
"10257","Palo Alto","5281","October","2025","IA"
"10258","Plymouth","15123","October","2025","IA"
"10259","Pocahontas","3876","October","2025","IA"
"10260","Polk","272654","October","2025","IA"
"10261","Pottawattamie","48490","October","2025","IA"
"10262","Poweshiek","10826","October","2025","IA"
"10263","Ringgold","2807","October","2025","IA"
"10264","Sac","5942","October","2025","IA"
"10265","Scott","97944","October","2025","IA"
"10266","Shelby","7030","October","2025","IA"
"10267","Sioux","20342","October","2025","IA"
"10268","Story","52445","October","2025","IA"
"10269","Tama","8977","October","2025","IA"
"10270","Taylor","3183","October","2025","IA"
"10271","Union","6521","October","2025","IA"
"10272","Van Buren","3863","October","2025","IA"
"10273","Wapello","15640","October","2025","IA"
"10274","Warren","34745","October","2025","IA"
"10275","Washington","12497","October","2025","IA"
"10276","Wayne","3268","October","2025","IA"
"10277","Webster","18934","October","2025","IA"
"10278","Winnebago","6110","October","2025","IA"
"10279","Winneshiek","12794","October","2025","IA"
"10280","Woodbury","46482","October","2025","IA"
"10281","Worth","4523","October","2025","IA"
"10282","Wright","6177","October","2025","IA"
"10283","Allamakee","7859","September","2025","IA"
"10284","Appanoose","6954","September","2025","IA"
"10285","Audubon","3461","September","2025","IA"
"10286","Benton","15517","September","2025","IA"
"10287","Black Hawk","66631","September","2025","IA"
"10288","Boone","16624","September","2025","IA"
"10289","Bremer","15511","September","2025","IA"
"10290","Buchanan","11607","September","2025","IA"
"10291","Buena Vista","8211","September","2025","IA"
"10292","Butler","8639","September","2025","IA"
"10293","Calhoun","5537","September","2025","IA"
"10294","Carroll","12275","September","2025","IA"
"10295","Cass","7583","September","2025","IA"
"10296","Cedar","11290","September","2025","IA"
"10297","Cerro Gordo","24630","September","2025","IA"
"10298","Cherokee","6563","September","2025","IA"
"10299","Chickasaw","6715","September","2025","IA"
"10300","Clarke","4735","September","2025","IA"
"10301","Clay","9302","September","2025","IA"
"10302","Clayton","10129","September","2025","IA"
"10303","Clinton","25998","September","2025","IA"
"10304","Crawford","7116","September","2025","IA"
"10305","Dallas","67059","September","2025","IA"
"10306","Davis","4214","September","2025","IA"
"10307","Decatur","3865","September","2025","IA"
"10308","Delaware","10828","September","2025","IA"
"10309","Des Moines","20763","September","2025","IA"
"10310","Dickinson","12309","September","2025","IA"
"10311","Dubuque","56709","September","2025","IA"
"10312","Emmet","5207","September","2025","IA"
"10313","Fayette","10567","September","2025","IA"
"10314","Floyd","8305","September","2025","IA"
"10315","Franklin","5236","September","2025","IA"
"10316","Fremont","4078","September","2025","IA"
"10317","Greene","5248","September","2025","IA"
"10318","Grundy","7733","September","2025","IA"
"10319","Guthrie","7026","September","2025","IA"
"10320","Hamilton","8172","September","2025","IA"
"10321","Hancock","6345","September","2025","IA"
"10322","Hardin","9131","September","2025","IA"
"10323","Harrison","8315","September","2025","IA"
"10324","Henry","10288","September","2025","IA"
"10325","Howard","5274","September","2025","IA"
"10326","Humboldt","5274","September","2025","IA"
"10327","Ida","3939","September","2025","IA"
"10328","Iowa","10286","September","2025","IA"
"10329","Jackson","11651","September","2025","IA"
"10330","Jasper","21367","September","2025","IA"
"10331","Jefferson","8774","September","2025","IA"
"10332","Johnson","90905","September","2025","IA"
"10333","Jones","11721","September","2025","IA"
"10334","Keokuk","5417","September","2025","IA"
"10335","Kossuth","8935","September","2025","IA"
"10336","Lee","17374","September","2025","IA"
"10337","Linn","131476","September","2025","IA"
"10338","Louisa","5541","September","2025","IA"
"10339","Lucas","4937","September","2025","IA"
"10340","Lyon","7537","September","2025","IA"
"10341","Madison","10604","September","2025","IA"
"10342","Mahaska","11595","September","2025","IA"
"10343","Marion","21045","September","2025","IA"
"10344","Marshall","18729","September","2025","IA"
"10345","Mills","8990","September","2025","IA"
"10346","Mitchell","6068","September","2025","IA"
"10347","Monona","4999","September","2025","IA"
"10348","Monroe","4473","September","2025","IA"
"10349","Montgomery","5342","September","2025","IA"
"10350","Muscatine","21616","September","2025","IA"
"10351","O'Brien","7974","September","2025","IA"
"10352","Osceola","3405","September","2025","IA"
"10353","Page","8028","September","2025","IA"
"10354","Palo Alto","5274","September","2025","IA"
"10355","Plymouth","15101","September","2025","IA"
"10356","Pocahontas","3875","September","2025","IA"
"10357","Polk","271877","September","2025","IA"
"10358","Pottawattamie","48324","September","2025","IA"
"10359","Poweshiek","10771","September","2025","IA"
"10360","Ringgold","2809","September","2025","IA"
"10361","Sac","5935","September","2025","IA"
"10362","Scott","97482","September","2025","IA"
"10363","Shelby","7016","September","2025","IA"
"10364","Sioux","20294","September","2025","IA"
"10365","Story","52329","September","2025","IA"
"10366","Tama","8965","September","2025","IA"
"10367","Taylor","3171","September","2025","IA"
"10368","Union","6491","September","2025","IA"
"10369","Van Buren","3863","September","2025","IA"
"10370","Wapello","15605","September","2025","IA"
"10371","Warren","34598","September","2025","IA"
"10372","Washington","12459","September","2025","IA"
"10373","Wayne","3260","September","2025","IA"
"10374","Webster","18226","September","2025","IA"
"10375","Winnebago","6100","September","2025","IA"
"10376","Winneshiek","12746","September","2025","IA"
"10377","Woodbury","46306","September","2025","IA"
"10378","Worth","4521","September","2025","IA"
"10379","Wright","6175","September","2025","IA"
