"","county","count","month","year","state"
"1","Ada",246050,"1","2017","ID"
"2","Adams",2716,"1","2017","ID"
"3","Bannock",45167,"1","2017","ID"
"4","Bear Lake",3386,"1","2017","ID"
"5","Benewah",5362,"1","2017","ID"
"6","Bingham",21124,"1","2017","ID"
"7","Blaine",12198,"1","2017","ID"
"8","Boise",4733,"1","2017","ID"
"9","Bonner",26119,"1","2017","ID"
"10","Bonneville",54585,"1","2017","ID"
"11","Boundary",5975,"1","2017","ID"
"12","Butte",1536,"1","2017","ID"
"13","Camas",722,"1","2017","ID"
"14","Canyon",94500,"1","2017","ID"
"15","Caribou",3613,"1","2017","ID"
"16","Cassia",10179,"1","2017","ID"
"17","Clark",378,"1","2017","ID"
"18","Clearwater",4347,"1","2017","ID"
"19","Custer",3000,"1","2017","ID"
"20","Elmore",11190,"1","2017","ID"
"21","Franklin",6690,"1","2017","ID"
"22","Fremont",6568,"1","2017","ID"
"23","Gem",9215,"1","2017","ID"
"24","Gooding",6066,"1","2017","ID"
"25","Idaho",9361,"1","2017","ID"
"26","Jefferson",14308,"1","2017","ID"
"27","Jerome",8666,"1","2017","ID"
"28","Kootenai",84241,"1","2017","ID"
"29","Latah",21723,"1","2017","ID"
"30","Lemhi",4735,"1","2017","ID"
"31","Lewis",1911,"1","2017","ID"
"32","Lincoln",2195,"1","2017","ID"
"33","Madison",21399,"1","2017","ID"
"34","Minidoka",8596,"1","2017","ID"
"35","Nez Perce",22192,"1","2017","ID"
"36","Oneida",2656,"1","2017","ID"
"37","Owyhee",5165,"1","2017","ID"
"38","Payette",11528,"1","2017","ID"
"39","Power",3510,"1","2017","ID"
"40","Shoshone",6298,"1","2017","ID"
"41","Teton",5850,"1","2017","ID"
"42","Twin Falls",38263,"1","2017","ID"
"43","Valley",6674,"1","2017","ID"
"44","Washington",5214,"1","2017","ID"
"45","Ada",250506,"2","2017","ID"
"46","Adams",2469,"2","2017","ID"
"47","Bannock",39727,"2","2017","ID"
"48","Bear Lake",3310,"2","2017","ID"
"49","Benewah",4961,"2","2017","ID"
"50","Bingham",18976,"2","2017","ID"
"51","Blaine",12200,"2","2017","ID"
"52","Boise",4421,"2","2017","ID"
"53","Bonner",24125,"2","2017","ID"
"54","Bonneville",50514,"2","2017","ID"
"55","Boundary",5960,"2","2017","ID"
"56","Butte",1453,"2","2017","ID"
"57","Camas",722,"2","2017","ID"
"58","Canyon",83909,"2","2017","ID"
"59","Caribou",3609,"2","2017","ID"
"60","Cassia",9275,"2","2017","ID"
"61","Clark",376,"2","2017","ID"
"62","Clearwater",4325,"2","2017","ID"
"63","Custer",2774,"2","2017","ID"
"64","Elmore",9942,"2","2017","ID"
"65","Franklin",6144,"2","2017","ID"
"66","Fremont",6543,"2","2017","ID"
"67","Gem",9204,"2","2017","ID"
"68","Gooding",6049,"2","2017","ID"
"69","Idaho",9342,"2","2017","ID"
"70","Jefferson",14391,"2","2017","ID"
"71","Jerome",7831,"2","2017","ID"
"72","Kootenai",75751,"2","2017","ID"
"73","Latah",21686,"2","2017","ID"
"74","Lemhi",4735,"2","2017","ID"
"75","Lewis",1920,"2","2017","ID"
"76","Lincoln",2028,"2","2017","ID"
"77","Madison",18090,"2","2017","ID"
"78","Minidoka",7726,"2","2017","ID"
"79","Nez Perce",19839,"2","2017","ID"
"80","Oneida",2426,"2","2017","ID"
"81","Owyhee",4710,"2","2017","ID"
"82","Payette",10409,"2","2017","ID"
"83","Power",3209,"2","2017","ID"
"84","Shoshone",6282,"2","2017","ID"
"85","Teton",5847,"2","2017","ID"
"86","Twin Falls",34454,"2","2017","ID"
"87","Valley",6017,"2","2017","ID"
"88","Washington",5038,"2","2017","ID"
"89","Ada",226515,"3","2017","ID"
"90","Adams",2470,"3","2017","ID"
"91","Bannock",39710,"3","2017","ID"
"92","Bear Lake",3305,"3","2017","ID"
"93","Benewah",4957,"3","2017","ID"
"94","Bingham",18975,"3","2017","ID"
"95","Blaine",12193,"3","2017","ID"
"96","Boise",4414,"3","2017","ID"
"97","Bonner",24139,"3","2017","ID"
"98","Bonneville",50448,"3","2017","ID"
"99","Boundary",5953,"3","2017","ID"
"100","Butte",1451,"3","2017","ID"
"101","Camas",662,"3","2017","ID"
"102","Canyon",83808,"3","2017","ID"
"103","Caribou",3607,"3","2017","ID"
"104","Cassia",9263,"3","2017","ID"
"105","Clark",354,"3","2017","ID"
"106","Clearwater",4318,"3","2017","ID"
"107","Custer",2757,"3","2017","ID"
"108","Elmore",9925,"3","2017","ID"
"109","Franklin",6148,"3","2017","ID"
"110","Fremont",6537,"3","2017","ID"
"111","Gem",9186,"3","2017","ID"
"112","Gooding",6040,"3","2017","ID"
"113","Idaho",9353,"3","2017","ID"
"114","Jefferson",13044,"3","2017","ID"
"115","Jerome",7822,"3","2017","ID"
"116","Kootenai",75794,"3","2017","ID"
"117","Latah",21693,"3","2017","ID"
"118","Lemhi",4731,"3","2017","ID"
"119","Lewis",1919,"3","2017","ID"
"120","Lincoln",2028,"3","2017","ID"
"121","Madison",18062,"3","2017","ID"
"122","Minidoka",7718,"3","2017","ID"
"123","Nez Perce",19915,"3","2017","ID"
"124","Oneida",2426,"3","2017","ID"
"125","Owyhee",4733,"3","2017","ID"
"126","Payette",10405,"3","2017","ID"
"127","Power",3208,"3","2017","ID"
"128","Shoshone",6279,"3","2017","ID"
"129","Teton",5843,"3","2017","ID"
"130","Twin Falls",34417,"3","2017","ID"
"131","Valley",6006,"3","2017","ID"
"132","Washington",5024,"3","2017","ID"
"133","Ada",227046,"4","2017","ID"
"134","Adams",2467,"4","2017","ID"
"135","Bannock",39707,"4","2017","ID"
"136","Bear Lake",3300,"4","2017","ID"
"137","Benewah",4980,"4","2017","ID"
"138","Bingham",18959,"4","2017","ID"
"139","Blaine",12188,"4","2017","ID"
"140","Boise",4408,"4","2017","ID"
"141","Bonner",24394,"4","2017","ID"
"142","Bonneville",50461,"4","2017","ID"
"143","Boundary",5982,"4","2017","ID"
"144","Butte",1441,"4","2017","ID"
"145","Camas",662,"4","2017","ID"
"146","Canyon",83773,"4","2017","ID"
"147","Caribou",3599,"4","2017","ID"
"148","Cassia",9260,"4","2017","ID"
"149","Clark",353,"4","2017","ID"
"150","Clearwater",4315,"4","2017","ID"
"151","Custer",2754,"4","2017","ID"
"152","Elmore",9916,"4","2017","ID"
"153","Franklin",6138,"4","2017","ID"
"154","Fremont",6564,"4","2017","ID"
"155","Gem",9180,"4","2017","ID"
"156","Gooding",6037,"4","2017","ID"
"157","Idaho",9358,"4","2017","ID"
"158","Jefferson",12995,"4","2017","ID"
"159","Jerome",7816,"4","2017","ID"
"160","Kootenai",76126,"4","2017","ID"
"161","Latah",21639,"4","2017","ID"
"162","Lemhi",4727,"4","2017","ID"
"163","Lewis",1913,"4","2017","ID"
"164","Lincoln",2029,"4","2017","ID"
"165","Madison",18046,"4","2017","ID"
"166","Minidoka",7708,"4","2017","ID"
"167","Nez Perce",20889,"4","2017","ID"
"168","Oneida",2421,"4","2017","ID"
"169","Owyhee",4764,"4","2017","ID"
"170","Payette",10416,"4","2017","ID"
"171","Power",3234,"4","2017","ID"
"172","Shoshone",6268,"4","2017","ID"
"173","Teton",5840,"4","2017","ID"
"174","Twin Falls",34413,"4","2017","ID"
"175","Valley",6016,"4","2017","ID"
"176","Washington",5019,"4","2017","ID"
"177","Ada",227068,"5","2017","ID"
"178","Adams",2466,"5","2017","ID"
"179","Bannock",39667,"5","2017","ID"
"180","Bear Lake",3304,"5","2017","ID"
"181","Benewah",4976,"5","2017","ID"
"182","Bingham",18937,"5","2017","ID"
"183","Blaine",12194,"5","2017","ID"
"184","Boise",4405,"5","2017","ID"
"185","Bonner",24397,"5","2017","ID"
"186","Bonneville",50394,"5","2017","ID"
"187","Boundary",5984,"5","2017","ID"
"188","Butte",1441,"5","2017","ID"
"189","Camas",663,"5","2017","ID"
"190","Canyon",83733,"5","2017","ID"
"191","Caribou",3594,"5","2017","ID"
"192","Cassia",9259,"5","2017","ID"
"193","Clark",353,"5","2017","ID"
"194","Clearwater",4311,"5","2017","ID"
"195","Custer",2750,"5","2017","ID"
"196","Elmore",9881,"5","2017","ID"
"197","Franklin",6128,"5","2017","ID"
"198","Fremont",6549,"5","2017","ID"
"199","Gem",9179,"5","2017","ID"
"200","Gooding",6027,"5","2017","ID"
"201","Idaho",9356,"5","2017","ID"
"202","Jefferson",12987,"5","2017","ID"
"203","Jerome",7815,"5","2017","ID"
"204","Kootenai",76125,"5","2017","ID"
"205","Latah",21627,"5","2017","ID"
"206","Lemhi",4716,"5","2017","ID"
"207","Lewis",1910,"5","2017","ID"
"208","Lincoln",2030,"5","2017","ID"
"209","Madison",18042,"5","2017","ID"
"210","Minidoka",7695,"5","2017","ID"
"211","Nez Perce",20843,"5","2017","ID"
"212","Oneida",2417,"5","2017","ID"
"213","Owyhee",4770,"5","2017","ID"
"214","Payette",10412,"5","2017","ID"
"215","Power",3228,"5","2017","ID"
"216","Shoshone",6261,"5","2017","ID"
"217","Teton",5840,"5","2017","ID"
"218","Twin Falls",34380,"5","2017","ID"
"219","Valley",6009,"5","2017","ID"
"220","Washington",5017,"5","2017","ID"
"221","Ada",NA,"6","2017","ID"
"222","Adams",NA,"6","2017","ID"
"223","Bannock",NA,"6","2017","ID"
"224","Bear Lake",NA,"6","2017","ID"
"225","Benewah",NA,"6","2017","ID"
"226","Bingham",NA,"6","2017","ID"
"227","Blaine",NA,"6","2017","ID"
"228","Boise",NA,"6","2017","ID"
"229","Bonner",NA,"6","2017","ID"
"230","Bonneville",NA,"6","2017","ID"
"231","Boundary",NA,"6","2017","ID"
"232","Butte",NA,"6","2017","ID"
"233","Camas",NA,"6","2017","ID"
"234","Canyon",NA,"6","2017","ID"
"235","Caribou",NA,"6","2017","ID"
"236","Cassia",NA,"6","2017","ID"
"237","Clark",NA,"6","2017","ID"
"238","Clearwater",NA,"6","2017","ID"
"239","Custer",NA,"6","2017","ID"
"240","Elmore",NA,"6","2017","ID"
"241","Franklin",NA,"6","2017","ID"
"242","Fremont",NA,"6","2017","ID"
"243","Gem",NA,"6","2017","ID"
"244","Gooding",NA,"6","2017","ID"
"245","Idaho",NA,"6","2017","ID"
"246","Jefferson",NA,"6","2017","ID"
"247","Jerome",NA,"6","2017","ID"
"248","Kootenai",NA,"6","2017","ID"
"249","Latah",NA,"6","2017","ID"
"250","Lemhi",NA,"6","2017","ID"
"251","Lewis",NA,"6","2017","ID"
"252","Lincoln",NA,"6","2017","ID"
"253","Madison",NA,"6","2017","ID"
"254","Minidoka",NA,"6","2017","ID"
"255","Nez Perce",NA,"6","2017","ID"
"256","Oneida",NA,"6","2017","ID"
"257","Owyhee",NA,"6","2017","ID"
"258","Payette",NA,"6","2017","ID"
"259","Power",NA,"6","2017","ID"
"260","Shoshone",NA,"6","2017","ID"
"261","Teton",NA,"6","2017","ID"
"262","Twin Falls",NA,"6","2017","ID"
"263","Valley",NA,"6","2017","ID"
"264","Washington",NA,"6","2017","ID"
"265","Ada",226961,"7","2017","ID"
"266","Adams",2462,"7","2017","ID"
"267","Bannock",39838,"7","2017","ID"
"268","Bear Lake",3290,"7","2017","ID"
"269","Benewah",4968,"7","2017","ID"
"270","Bingham",18938,"7","2017","ID"
"271","Blaine",12227,"7","2017","ID"
"272","Boise",4407,"7","2017","ID"
"273","Bonner",24421,"7","2017","ID"
"274","Bonneville",50627,"7","2017","ID"
"275","Boundary",5978,"7","2017","ID"
"276","Butte",1452,"7","2017","ID"
"277","Camas",663,"7","2017","ID"
"278","Canyon",83796,"7","2017","ID"
"279","Caribou",3613,"7","2017","ID"
"280","Cassia",9251,"7","2017","ID"
"281","Clark",359,"7","2017","ID"
"282","Clearwater",4314,"7","2017","ID"
"283","Custer",2750,"7","2017","ID"
"284","Elmore",9926,"7","2017","ID"
"285","Franklin",6132,"7","2017","ID"
"286","Fremont",6539,"7","2017","ID"
"287","Gem",9187,"7","2017","ID"
"288","Gooding",6021,"7","2017","ID"
"289","Idaho",9353,"7","2017","ID"
"290","Jefferson",12961,"7","2017","ID"
"291","Jerome",7804,"7","2017","ID"
"292","Kootenai",76106,"7","2017","ID"
"293","Latah",21591,"7","2017","ID"
"294","Lemhi",4708,"7","2017","ID"
"295","Lewis",1916,"7","2017","ID"
"296","Lincoln",2024,"7","2017","ID"
"297","Madison",18019,"7","2017","ID"
"298","Minidoka",7693,"7","2017","ID"
"299","Nez Perce",20786,"7","2017","ID"
"300","Oneida",2416,"7","2017","ID"
"301","Owyhee",4779,"7","2017","ID"
"302","Payette",10389,"7","2017","ID"
"303","Power",3247,"7","2017","ID"
"304","Shoshone",6233,"7","2017","ID"
"305","Teton",5846,"7","2017","ID"
"306","Twin Falls",34343,"7","2017","ID"
"307","Valley",6023,"7","2017","ID"
"308","Washington",5018,"7","2017","ID"
"309","Ada",227030,"8","2017","ID"
"310","Adams",2460,"8","2017","ID"
"311","Bannock",39672,"8","2017","ID"
"312","Bear Lake",3285,"8","2017","ID"
"313","Benewah",4969,"8","2017","ID"
"314","Bingham",18916,"8","2017","ID"
"315","Blaine",12233,"8","2017","ID"
"316","Boise",4397,"8","2017","ID"
"317","Bonner",24388,"8","2017","ID"
"318","Bonneville",50326,"8","2017","ID"
"319","Boundary",5953,"8","2017","ID"
"320","Butte",1446,"8","2017","ID"
"321","Camas",663,"8","2017","ID"
"322","Canyon",83772,"8","2017","ID"
"323","Caribou",3613,"8","2017","ID"
"324","Cassia",9219,"8","2017","ID"
"325","Clark",359,"8","2017","ID"
"326","Clearwater",4317,"8","2017","ID"
"327","Custer",2750,"8","2017","ID"
"328","Elmore",9854,"8","2017","ID"
"329","Franklin",6116,"8","2017","ID"
"330","Fremont",6521,"8","2017","ID"
"331","Gem",9170,"8","2017","ID"
"332","Gooding",6006,"8","2017","ID"
"333","Idaho",9347,"8","2017","ID"
"334","Jefferson",12959,"8","2017","ID"
"335","Jerome",7789,"8","2017","ID"
"336","Kootenai",76105,"8","2017","ID"
"337","Latah",21614,"8","2017","ID"
"338","Lemhi",4706,"8","2017","ID"
"339","Lewis",1911,"8","2017","ID"
"340","Lincoln",2023,"8","2017","ID"
"341","Madison",17975,"8","2017","ID"
"342","Minidoka",7683,"8","2017","ID"
"343","Nez Perce",20771,"8","2017","ID"
"344","Oneida",2415,"8","2017","ID"
"345","Owyhee",4781,"8","2017","ID"
"346","Payette",10379,"8","2017","ID"
"347","Power",3246,"8","2017","ID"
"348","Shoshone",6242,"8","2017","ID"
"349","Teton",5848,"8","2017","ID"
"350","Twin Falls",34211,"8","2017","ID"
"351","Valley",6020,"8","2017","ID"
"352","Washington",5005,"8","2017","ID"
"353","Ada",227234,"9","2017","ID"
"354","Adams",2454,"9","2017","ID"
"355","Bannock",39555,"9","2017","ID"
"356","Bear Lake",3283,"9","2017","ID"
"357","Benewah",4959,"9","2017","ID"
"358","Bingham",18860,"9","2017","ID"
"359","Blaine",12236,"9","2017","ID"
"360","Boise",4385,"9","2017","ID"
"361","Bonner",24377,"9","2017","ID"
"362","Bonneville",50228,"9","2017","ID"
"363","Boundary",5944,"9","2017","ID"
"364","Butte",1448,"9","2017","ID"
"365","Camas",663,"9","2017","ID"
"366","Canyon",83683,"9","2017","ID"
"367","Caribou",3644,"9","2017","ID"
"368","Cassia",9192,"9","2017","ID"
"369","Clark",359,"9","2017","ID"
"370","Clearwater",4312,"9","2017","ID"
"371","Custer",2719,"9","2017","ID"
"372","Elmore",9829,"9","2017","ID"
"373","Franklin",6111,"9","2017","ID"
"374","Fremont",6506,"9","2017","ID"
"375","Gem",9141,"9","2017","ID"
"376","Gooding",5992,"9","2017","ID"
"377","Idaho",9338,"9","2017","ID"
"378","Jefferson",12924,"9","2017","ID"
"379","Jerome",7774,"9","2017","ID"
"380","Kootenai",76085,"9","2017","ID"
"381","Latah",21462,"9","2017","ID"
"382","Lemhi",4698,"9","2017","ID"
"383","Lewis",1913,"9","2017","ID"
"384","Lincoln",2026,"9","2017","ID"
"385","Madison",18080,"9","2017","ID"
"386","Minidoka",7665,"9","2017","ID"
"387","Nez Perce",20744,"9","2017","ID"
"388","Oneida",2408,"9","2017","ID"
"389","Owyhee",4784,"9","2017","ID"
"390","Payette",10384,"9","2017","ID"
"391","Power",3243,"9","2017","ID"
"392","Shoshone",6214,"9","2017","ID"
"393","Teton",5821,"9","2017","ID"
"394","Twin Falls",34097,"9","2017","ID"
"395","Valley",6001,"9","2017","ID"
"396","Washington",4995,"9","2017","ID"
"397","Ada",227680,"10","2017","ID"
"398","Adams",2444,"10","2017","ID"
"399","Bannock",39587,"10","2017","ID"
"400","Bear Lake",3283,"10","2017","ID"
"401","Benewah",4963,"10","2017","ID"
"402","Bingham",18860,"10","2017","ID"
"403","Blaine",12238,"10","2017","ID"
"404","Boise",4381,"10","2017","ID"
"405","Bonner",24350,"10","2017","ID"
"406","Bonneville",50163,"10","2017","ID"
"407","Boundary",5940,"10","2017","ID"
"408","Butte",1446,"10","2017","ID"
"409","Camas",663,"10","2017","ID"
"410","Canyon",83661,"10","2017","ID"
"411","Caribou",3635,"10","2017","ID"
"412","Cassia",9191,"10","2017","ID"
"413","Clark",357,"10","2017","ID"
"414","Clearwater",4319,"10","2017","ID"
"415","Custer",2720,"10","2017","ID"
"416","Elmore",9828,"10","2017","ID"
"417","Franklin",6110,"10","2017","ID"
"418","Fremont",6495,"10","2017","ID"
"419","Gem",9131,"10","2017","ID"
"420","Gooding",5990,"10","2017","ID"
"421","Idaho",9342,"10","2017","ID"
"422","Jefferson",12928,"10","2017","ID"
"423","Jerome",7762,"10","2017","ID"
"424","Kootenai",75779,"10","2017","ID"
"425","Latah",21510,"10","2017","ID"
"426","Lemhi",4689,"10","2017","ID"
"427","Lewis",1913,"10","2017","ID"
"428","Lincoln",2032,"10","2017","ID"
"429","Madison",18064,"10","2017","ID"
"430","Minidoka",7662,"10","2017","ID"
"431","Nez Perce",20731,"10","2017","ID"
"432","Oneida",2405,"10","2017","ID"
"433","Owyhee",4785,"10","2017","ID"
"434","Payette",10389,"10","2017","ID"
"435","Power",3242,"10","2017","ID"
"436","Shoshone",6212,"10","2017","ID"
"437","Teton",5780,"10","2017","ID"
"438","Twin Falls",34088,"10","2017","ID"
"439","Valley",6007,"10","2017","ID"
"440","Washington",4992,"10","2017","ID"
"441","Ada",227888,"11","2017","ID"
"442","Adams",2444,"11","2017","ID"
"443","Bannock",39614,"11","2017","ID"
"444","Bear Lake",3277,"11","2017","ID"
"445","Benewah",4962,"11","2017","ID"
"446","Bingham",18867,"11","2017","ID"
"447","Blaine",12267,"11","2017","ID"
"448","Boise",4407,"11","2017","ID"
"449","Bonner",24358,"11","2017","ID"
"450","Bonneville",50173,"11","2017","ID"
"451","Boundary",5937,"11","2017","ID"
"452","Butte",1450,"11","2017","ID"
"453","Camas",663,"11","2017","ID"
"454","Canyon",83612,"11","2017","ID"
"455","Caribou",3637,"11","2017","ID"
"456","Cassia",9191,"11","2017","ID"
"457","Clark",359,"11","2017","ID"
"458","Clearwater",4319,"11","2017","ID"
"459","Custer",2720,"11","2017","ID"
"460","Elmore",9847,"11","2017","ID"
"461","Franklin",6109,"11","2017","ID"
"462","Fremont",6497,"11","2017","ID"
"463","Gem",9127,"11","2017","ID"
"464","Gooding",5994,"11","2017","ID"
"465","Idaho",9345,"11","2017","ID"
"466","Jefferson",12929,"11","2017","ID"
"467","Jerome",7743,"11","2017","ID"
"468","Kootenai",75858,"11","2017","ID"
"469","Latah",21554,"11","2017","ID"
"470","Lemhi",4689,"11","2017","ID"
"471","Lewis",1921,"11","2017","ID"
"472","Lincoln",2041,"11","2017","ID"
"473","Madison",18058,"11","2017","ID"
"474","Minidoka",7656,"11","2017","ID"
"475","Nez Perce",20763,"11","2017","ID"
"476","Oneida",2405,"11","2017","ID"
"477","Owyhee",4786,"11","2017","ID"
"478","Payette",10387,"11","2017","ID"
"479","Power",3243,"11","2017","ID"
"480","Shoshone",6210,"11","2017","ID"
"481","Teton",5836,"11","2017","ID"
"482","Twin Falls",34100,"11","2017","ID"
"483","Valley",6012,"11","2017","ID"
"484","Washington",4993,"11","2017","ID"
"485","Ada",228938,"12","2017","ID"
"486","Adams",2442,"12","2017","ID"
"487","Bannock",39893,"12","2017","ID"
"488","Bear Lake",3281,"12","2017","ID"
"489","Benewah",4969,"12","2017","ID"
"490","Bingham",18992,"12","2017","ID"
"491","Blaine",12356,"12","2017","ID"
"492","Boise",4399,"12","2017","ID"
"493","Bonner",24402,"12","2017","ID"
"494","Bonneville",50649,"12","2017","ID"
"495","Boundary",5932,"12","2017","ID"
"496","Butte",1451,"12","2017","ID"
"497","Camas",663,"12","2017","ID"
"498","Canyon",83877,"12","2017","ID"
"499","Caribou",3631,"12","2017","ID"
"500","Cassia",9188,"12","2017","ID"
"501","Clark",364,"12","2017","ID"
"502","Clearwater",4324,"12","2017","ID"
"503","Custer",2745,"12","2017","ID"
"504","Elmore",9891,"12","2017","ID"
"505","Franklin",6102,"12","2017","ID"
"506","Fremont",6510,"12","2017","ID"
"507","Gem",9135,"12","2017","ID"
"508","Gooding",6033,"12","2017","ID"
"509","Idaho",9355,"12","2017","ID"
"510","Jefferson",12898,"12","2017","ID"
"511","Jerome",7725,"12","2017","ID"
"512","Kootenai",75983,"12","2017","ID"
"513","Latah",21719,"12","2017","ID"
"514","Lemhi",4704,"12","2017","ID"
"515","Lewis",1945,"12","2017","ID"
"516","Lincoln",2077,"12","2017","ID"
"517","Madison",18004,"12","2017","ID"
"518","Minidoka",7672,"12","2017","ID"
"519","Nez Perce",20762,"12","2017","ID"
"520","Oneida",2421,"12","2017","ID"
"521","Owyhee",4791,"12","2017","ID"
"522","Payette",10452,"12","2017","ID"
"523","Power",3239,"12","2017","ID"
"524","Shoshone",6246,"12","2017","ID"
"525","Teton",5990,"12","2017","ID"
"526","Twin Falls",34153,"12","2017","ID"
"527","Valley",6062,"12","2017","ID"
"528","Washington",5010,"12","2017","ID"
"529","Ada",226701,NA,"2017","ID"
"530","Adams",2462,NA,"2017","ID"
"531","Bannock",39840,NA,"2017","ID"
"532","Bear Lake",3290,NA,"2017","ID"
"533","Benewah",4968,NA,"2017","ID"
"534","Bingham",18935,NA,"2017","ID"
"535","Blaine",12226,NA,"2017","ID"
"536","Boise",4410,NA,"2017","ID"
"537","Bonner",24419,NA,"2017","ID"
"538","Bonneville",50758,NA,"2017","ID"
"539","Boundary",5981,NA,"2017","ID"
"540","Butte",1452,NA,"2017","ID"
"541","Camas",663,NA,"2017","ID"
"542","Canyon",83867,NA,"2017","ID"
"543","Caribou",3627,NA,"2017","ID"
"544","Cassia",9261,NA,"2017","ID"
"545","Clark",359,NA,"2017","ID"
"546","Clearwater",4311,NA,"2017","ID"
"547","Custer",2750,NA,"2017","ID"
"548","Elmore",9885,NA,"2017","ID"
"549","Franklin",6133,NA,"2017","ID"
"550","Fremont",6548,NA,"2017","ID"
"551","Gem",9184,NA,"2017","ID"
"552","Gooding",6024,NA,"2017","ID"
"553","Idaho",9360,NA,"2017","ID"
"554","Jefferson",12968,NA,"2017","ID"
"555","Jerome",7804,NA,"2017","ID"
"556","Kootenai",76105,NA,"2017","ID"
"557","Latah",21587,NA,"2017","ID"
"558","Lemhi",4704,NA,"2017","ID"
"559","Lewis",1910,NA,"2017","ID"
"560","Lincoln",2026,NA,"2017","ID"
"561","Madison",18018,NA,"2017","ID"
"562","Minidoka",7692,NA,"2017","ID"
"563","Nez Perce",20835,NA,"2017","ID"
"564","Oneida",2419,NA,"2017","ID"
"565","Owyhee",4774,NA,"2017","ID"
"566","Payette",10406,NA,"2017","ID"
"567","Power",3247,NA,"2017","ID"
"568","Shoshone",6250,NA,"2017","ID"
"569","Teton",5844,NA,"2017","ID"
"570","Twin Falls",34355,NA,"2017","ID"
"571","Valley",6019,NA,"2017","ID"
"572","Washington",5019,NA,"2017","ID"
"573","Total",799396,NA,"2017","ID"
"574","Ada",230589,"04","2018","ID"
"575","Adams",2460,"04","2018","ID"
"576","Bannock",39857,"04","2018","ID"
"577","Bear Lake",3254,"04","2018","ID"
"578","Benewah",4978,"04","2018","ID"
"579","Bingham",18979,"04","2018","ID"
"580","Blaine",12527,"04","2018","ID"
"581","Boise",4471,"04","2018","ID"
"582","Bonner",24397,"04","2018","ID"
"583","Bonneville",50528,"04","2018","ID"
"584","Boundary",5977,"04","2018","ID"
"585","Butte",1433,"04","2018","ID"
"586","Camas",663,"04","2018","ID"
"587","Canyon",84266,"04","2018","ID"
"588","Caribou",3619,"04","2018","ID"
"589","Cassia",9190,"04","2018","ID"
"590","Clark",363,"04","2018","ID"
"591","Clearwater",4300,"04","2018","ID"
"592","Custer",2736,"04","2018","ID"
"593","Elmore",9889,"04","2018","ID"
"594","Franklin",6078,"04","2018","ID"
"595","Fremont",6502,"04","2018","ID"
"596","Gem",9253,"04","2018","ID"
"597","Gooding",6024,"04","2018","ID"
"598","Idaho",9491,"04","2018","ID"
"599","Jefferson",12888,"04","2018","ID"
"600","Jerome",7763,"04","2018","ID"
"601","Kootenai",76232,"04","2018","ID"
"602","Latah",21696,"04","2018","ID"
"603","Lemhi",4734,"04","2018","ID"
"604","Lewis",1991,"04","2018","ID"
"605","Lincoln",2098,"04","2018","ID"
"606","Madison",17977,"04","2018","ID"
"607","Minidoka",7645,"04","2018","ID"
"608","Nez Perce",20766,"04","2018","ID"
"609","Oneida",2429,"04","2018","ID"
"610","Owyhee",4766,"04","2018","ID"
"611","Payette",10502,"04","2018","ID"
"612","Power",3233,"04","2018","ID"
"613","Shoshone",6283,"04","2018","ID"
"614","Teton",5960,"04","2018","ID"
"615","Twin Falls",34143,"04","2018","ID"
"616","Valley",6116,"04","2018","ID"
"617","Washington",5033,"04","2018","ID"
"618","Total",804079,"04","2018","ID"
"619","Ada",232473,"05","2018","ID"
"620","Adams",2498,"05","2018","ID"
"621","Bannock",40312,"05","2018","ID"
"622","Bear Lake",3288,"05","2018","ID"
"623","Benewah",4999,"05","2018","ID"
"624","Bingham",19032,"05","2018","ID"
"625","Blaine",12592,"05","2018","ID"
"626","Boise",4515,"05","2018","ID"
"627","Bonner",24615,"05","2018","ID"
"628","Bonneville",50818,"05","2018","ID"
"629","Boundary",6037,"05","2018","ID"
"630","Butte",1436,"05","2018","ID"
"631","Camas",667,"05","2018","ID"
"632","Canyon",84962,"05","2018","ID"
"633","Caribou",3625,"05","2018","ID"
"634","Cassia",9193,"05","2018","ID"
"635","Clark",362,"05","2018","ID"
"636","Clearwater",4322,"05","2018","ID"
"637","Custer",2746,"05","2018","ID"
"638","Elmore",9948,"05","2018","ID"
"639","Franklin",6094,"05","2018","ID"
"640","Fremont",6544,"05","2018","ID"
"641","Gem",9296,"05","2018","ID"
"642","Gooding",6035,"05","2018","ID"
"643","Idaho",9513,"05","2018","ID"
"644","Jefferson",12962,"05","2018","ID"
"645","Jerome",7811,"05","2018","ID"
"646","Kootenai",76929,"05","2018","ID"
"647","Latah",21802,"05","2018","ID"
"648","Lemhi",4733,"05","2018","ID"
"649","Lewis",1999,"05","2018","ID"
"650","Lincoln",2091,"05","2018","ID"
"651","Madison",18062,"05","2018","ID"
"652","Minidoka",7665,"05","2018","ID"
"653","Nez Perce",20850,"05","2018","ID"
"654","Oneida",2447,"05","2018","ID"
"655","Owyhee",4780,"05","2018","ID"
"656","Payette",10560,"05","2018","ID"
"657","Power",3243,"05","2018","ID"
"658","Shoshone",6303,"05","2018","ID"
"659","Teton",5966,"05","2018","ID"
"660","Twin Falls",34357,"05","2018","ID"
"661","Valley",6176,"05","2018","ID"
"662","Washington",5062,"05","2018","ID"
"663","Total",809720,"05","2018","ID"
"664","Ada",234112,"06","2018","ID"
"665","Adams",2530,"06","2018","ID"
"666","Bannock",40459,"06","2018","ID"
"667","Bear Lake",3306,"06","2018","ID"
"668","Benewah",5039,"06","2018","ID"
"669","Bingham",19055,"06","2018","ID"
"670","Blaine",12652,"06","2018","ID"
"671","Boise",4582,"06","2018","ID"
"672","Bonner",24652,"06","2018","ID"
"673","Bonneville",51126,"06","2018","ID"
"674","Boundary",6093,"06","2018","ID"
"675","Butte",1484,"06","2018","ID"
"676","Camas",681,"06","2018","ID"
"677","Canyon",85903,"06","2018","ID"
"678","Caribou",3651,"06","2018","ID"
"679","Cassia",9287,"06","2018","ID"
"680","Clark",386,"06","2018","ID"
"681","Clearwater",4354,"06","2018","ID"
"682","Custer",2796,"06","2018","ID"
"683","Elmore",10035,"06","2018","ID"
"684","Franklin",6114,"06","2018","ID"
"685","Fremont",6662,"06","2018","ID"
"686","Gem",9400,"06","2018","ID"
"687","Gooding",6116,"06","2018","ID"
"688","Idaho",9597,"06","2018","ID"
"689","Jefferson",13211,"06","2018","ID"
"690","Jerome",7927,"06","2018","ID"
"691","Kootenai",77500,"06","2018","ID"
"692","Latah",21796,"06","2018","ID"
"693","Lemhi",4757,"06","2018","ID"
"694","Lewis",1988,"06","2018","ID"
"695","Lincoln",2112,"06","2018","ID"
"696","Madison",18163,"06","2018","ID"
"697","Minidoka",7689,"06","2018","ID"
"698","Nez Perce",20921,"06","2018","ID"
"699","Oneida",2465,"06","2018","ID"
"700","Owyhee",4848,"06","2018","ID"
"701","Payette",10592,"06","2018","ID"
"702","Power",3282,"06","2018","ID"
"703","Shoshone",6343,"06","2018","ID"
"704","Teton",5986,"06","2018","ID"
"705","Twin Falls",34691,"06","2018","ID"
"706","Valley",6178,"06","2018","ID"
"707","Washington",5118,"06","2018","ID"
"708","Total",815639,"06","2018","ID"
"709","Ada",234944,"07","2018","ID"
"710","Adams",2521,"07","2018","ID"
"711","Bannock",40275,"07","2018","ID"
"712","Bear Lake",3307,"07","2018","ID"
"713","Benewah",5038,"07","2018","ID"
"714","Bingham",19244,"07","2018","ID"
"715","Blaine",12679,"07","2018","ID"
"716","Boise",4560,"07","2018","ID"
"717","Bonner",24682,"07","2018","ID"
"718","Bonneville",50445,"07","2018","ID"
"719","Boundary",6094,"07","2018","ID"
"720","Butte",1478,"07","2018","ID"
"721","Camas",682,"07","2018","ID"
"722","Canyon",85957,"07","2018","ID"
"723","Caribou",3651,"07","2018","ID"
"724","Cassia",9262,"07","2018","ID"
"725","Clark",386,"07","2018","ID"
"726","Clearwater",4353,"07","2018","ID"
"727","Custer",2798,"07","2018","ID"
"728","Elmore",10019,"07","2018","ID"
"729","Franklin",6087,"07","2018","ID"
"730","Fremont",6654,"07","2018","ID"
"731","Gem",9341,"07","2018","ID"
"732","Gooding",6113,"07","2018","ID"
"733","Idaho",9568,"07","2018","ID"
"734","Jefferson",13147,"07","2018","ID"
"735","Jerome",7924,"07","2018","ID"
"736","Kootenai",77506,"07","2018","ID"
"737","Latah",21741,"07","2018","ID"
"738","Lemhi",4749,"07","2018","ID"
"739","Lewis",1995,"07","2018","ID"
"740","Lincoln",2105,"07","2018","ID"
"741","Madison",18110,"07","2018","ID"
"742","Minidoka",7665,"07","2018","ID"
"743","Nez Perce",20896,"07","2018","ID"
"744","Oneida",2457,"07","2018","ID"
"745","Owyhee",4835,"07","2018","ID"
"746","Payette",10662,"07","2018","ID"
"747","Power",3282,"07","2018","ID"
"748","Shoshone",6327,"07","2018","ID"
"749","Teton",5973,"07","2018","ID"
"750","Twin Falls",34621,"07","2018","ID"
"751","Valley",6240,"07","2018","ID"
"752","Washington",5113,"07","2018","ID"
"753","Total",815486,"07","2018","ID"
"754","Ada",235172,"08","2018","ID"
"755","Adams",2521,"08","2018","ID"
"756","Bannock",40237,"08","2018","ID"
"757","Bear Lake",3305,"08","2018","ID"
"758","Benewah",5043,"08","2018","ID"
"759","Bingham",19245,"08","2018","ID"
"760","Blaine",12674,"08","2018","ID"
"761","Boise",4565,"08","2018","ID"
"762","Bonner",24876,"08","2018","ID"
"763","Bonneville",50251,"08","2018","ID"
"764","Boundary",6098,"08","2018","ID"
"765","Butte",1476,"08","2018","ID"
"766","Camas",680,"08","2018","ID"
"767","Canyon",86013,"08","2018","ID"
"768","Caribou",3653,"08","2018","ID"
"769","Cassia",9230,"08","2018","ID"
"770","Clark",386,"08","2018","ID"
"771","Clearwater",4336,"08","2018","ID"
"772","Custer",2797,"08","2018","ID"
"773","Elmore",10020,"08","2018","ID"
"774","Franklin",6084,"08","2018","ID"
"775","Fremont",6647,"08","2018","ID"
"776","Gem",9336,"08","2018","ID"
"777","Gooding",6097,"08","2018","ID"
"778","Idaho",9555,"08","2018","ID"
"779","Jefferson",13151,"08","2018","ID"
"780","Jerome",7877,"08","2018","ID"
"781","Kootenai",77662,"08","2018","ID"
"782","Latah",21756,"08","2018","ID"
"783","Lemhi",4749,"08","2018","ID"
"784","Lewis",2017,"08","2018","ID"
"785","Lincoln",2107,"08","2018","ID"
"786","Madison",18109,"08","2018","ID"
"787","Minidoka",7647,"08","2018","ID"
"788","Nez Perce",20910,"08","2018","ID"
"789","Oneida",2453,"08","2018","ID"
"790","Owyhee",4831,"08","2018","ID"
"791","Payette",10678,"08","2018","ID"
"792","Power",3288,"08","2018","ID"
"793","Shoshone",6339,"08","2018","ID"
"794","Teton",5989,"08","2018","ID"
"795","Twin Falls",34549,"08","2018","ID"
"796","Valley",6273,"08","2018","ID"
"797","Washington",5116,"08","2018","ID"
"798","Total",815798,"08","2018","ID"
"799","Ada",236563,"09","2018","ID"
"800","Adams",2526,"09","2018","ID"
"801","Bannock",40316,"09","2018","ID"
"802","Bear Lake",3296,"09","2018","ID"
"803","Benewah",5048,"09","2018","ID"
"804","Bingham",19243,"09","2018","ID"
"805","Blaine",12703,"09","2018","ID"
"806","Boise",4572,"09","2018","ID"
"807","Bonner",24939,"09","2018","ID"
"808","Bonneville",50499,"09","2018","ID"
"809","Boundary",6118,"09","2018","ID"
"810","Butte",1477,"09","2018","ID"
"811","Camas",681,"09","2018","ID"
"812","Canyon",86396,"09","2018","ID"
"813","Caribou",3630,"09","2018","ID"
"814","Cassia",9228,"09","2018","ID"
"815","Clark",386,"09","2018","ID"
"816","Clearwater",4337,"09","2018","ID"
"817","Custer",2786,"09","2018","ID"
"818","Elmore",10031,"09","2018","ID"
"819","Franklin",6077,"09","2018","ID"
"820","Fremont",6638,"09","2018","ID"
"821","Gem",9346,"09","2018","ID"
"822","Gooding",6100,"09","2018","ID"
"823","Idaho",9567,"09","2018","ID"
"824","Jefferson",13284,"09","2018","ID"
"825","Jerome",7884,"09","2018","ID"
"826","Kootenai",78056,"09","2018","ID"
"827","Latah",21851,"09","2018","ID"
"828","Lemhi",4755,"09","2018","ID"
"829","Lewis",2013,"09","2018","ID"
"830","Lincoln",2127,"09","2018","ID"
"831","Madison",18106,"09","2018","ID"
"832","Minidoka",7645,"09","2018","ID"
"833","Nez Perce",20938,"09","2018","ID"
"834","Oneida",2449,"09","2018","ID"
"835","Owyhee",4837,"09","2018","ID"
"836","Payette",10703,"09","2018","ID"
"837","Power",3252,"09","2018","ID"
"838","Shoshone",6352,"09","2018","ID"
"839","Teton",6012,"09","2018","ID"
"840","Twin Falls",34364,"09","2018","ID"
"841","Valley",6273,"09","2018","ID"
"842","Washington",5115,"09","2018","ID"
"843","Total",818519,"09","2018","ID"
"844","Ada",240024,"10","2018","ID"
"845","Adams",2538,"10","2018","ID"
"846","Bannock",40759,"10","2018","ID"
"847","Bear Lake",3297,"10","2018","ID"
"848","Benewah",5105,"10","2018","ID"
"849","Bingham",19303,"10","2018","ID"
"850","Blaine",12852,"10","2018","ID"
"851","Boise",4600,"10","2018","ID"
"852","Bonner",25207,"10","2018","ID"
"853","Bonneville",50923,"10","2018","ID"
"854","Boundary",6156,"10","2018","ID"
"855","Butte",1479,"10","2018","ID"
"856","Camas",682,"10","2018","ID"
"857","Canyon",87463,"10","2018","ID"
"858","Caribou",3621,"10","2018","ID"
"859","Cassia",9269,"10","2018","ID"
"860","Clark",383,"10","2018","ID"
"861","Clearwater",4372,"10","2018","ID"
"862","Custer",2804,"10","2018","ID"
"863","Elmore",10197,"10","2018","ID"
"864","Franklin",6096,"10","2018","ID"
"865","Fremont",6647,"10","2018","ID"
"866","Gem",9420,"10","2018","ID"
"867","Gooding",6129,"10","2018","ID"
"868","Idaho",9609,"10","2018","ID"
"869","Jefferson",13312,"10","2018","ID"
"870","Jerome",7953,"10","2018","ID"
"871","Kootenai",79289,"10","2018","ID"
"872","Latah",22114,"10","2018","ID"
"873","Lemhi",4770,"10","2018","ID"
"874","Lewis",2021,"10","2018","ID"
"875","Lincoln",2094,"10","2018","ID"
"876","Madison",18152,"10","2018","ID"
"877","Minidoka",7662,"10","2018","ID"
"878","Nez Perce",21120,"10","2018","ID"
"879","Oneida",2457,"10","2018","ID"
"880","Owyhee",4871,"10","2018","ID"
"881","Payette",10793,"10","2018","ID"
"882","Power",3269,"10","2018","ID"
"883","Shoshone",6401,"10","2018","ID"
"884","Teton",6092,"10","2018","ID"
"885","Twin Falls",34650,"10","2018","ID"
"886","Valley",6410,"10","2018","ID"
"887","Washington",5140,"10","2018","ID"
"888","Total",827505,"10","2018","ID"
"889","Ada",247421,"11","2018","ID"
"890","Adams",2590,"11","2018","ID"
"891","Bannock",41456,"11","2018","ID"
"892","Bear Lake",3331,"11","2018","ID"
"893","Benewah",5161,"11","2018","ID"
"894","Bingham",19487,"11","2018","ID"
"895","Blaine",13328,"11","2018","ID"
"896","Boise",4688,"11","2018","ID"
"897","Bonner",25815,"11","2018","ID"
"898","Bonneville",51910,"11","2018","ID"
"899","Boundary",6235,"11","2018","ID"
"900","Butte",1489,"11","2018","ID"
"901","Camas",697,"11","2018","ID"
"902","Canyon",89515,"11","2018","ID"
"903","Caribou",3645,"11","2018","ID"
"904","Cassia",9367,"11","2018","ID"
"905","Clark",383,"11","2018","ID"
"906","Clearwater",4439,"11","2018","ID"
"907","Custer",2836,"11","2018","ID"
"908","Elmore",10395,"11","2018","ID"
"909","Franklin",6150,"11","2018","ID"
"910","Fremont",6686,"11","2018","ID"
"911","Gem",9588,"11","2018","ID"
"912","Gooding",6192,"11","2018","ID"
"913","Idaho",9752,"11","2018","ID"
"914","Jefferson",13479,"11","2018","ID"
"915","Jerome",8042,"11","2018","ID"
"916","Kootenai",81482,"11","2018","ID"
"917","Latah",22651,"11","2018","ID"
"918","Lemhi",4873,"11","2018","ID"
"919","Lewis",2030,"11","2018","ID"
"920","Lincoln",2106,"11","2018","ID"
"921","Madison",18401,"11","2018","ID"
"922","Minidoka",7719,"11","2018","ID"
"923","Nez Perce",21513,"11","2018","ID"
"924","Oneida",2465,"11","2018","ID"
"925","Owyhee",4928,"11","2018","ID"
"926","Payette",10999,"11","2018","ID"
"927","Power",3300,"11","2018","ID"
"928","Shoshone",6513,"11","2018","ID"
"929","Teton",6277,"11","2018","ID"
"930","Twin Falls",35269,"11","2018","ID"
"931","Valley",6642,"11","2018","ID"
"932","Washington",5188,"11","2018","ID"
"933","Total",846433,"11","2018","ID"
"934","Ada",252610,"12","2018","ID"
"935","Adams",2690,"12","2018","ID"
"936","Bannock",43480,"12","2018","ID"
"937","Bear Lake",3373,"12","2018","ID"
"938","Benewah",5219,"12","2018","ID"
"939","Bingham",19827,"12","2018","ID"
"940","Blaine",13823,"12","2018","ID"
"941","Boise",4967,"12","2018","ID"
"942","Bonner",26518,"12","2018","ID"
"943","Bonneville",53446,"12","2018","ID"
"944","Boundary",6411,"12","2018","ID"
"945","Butte",1528,"12","2018","ID"
"946","Camas",721,"12","2018","ID"
"947","Canyon",89680,"12","2018","ID"
"948","Caribou",3675,"12","2018","ID"
"949","Cassia",9682,"12","2018","ID"
"950","Clark",379,"12","2018","ID"
"951","Clearwater",4567,"12","2018","ID"
"952","Custer",2905,"12","2018","ID"
"953","Elmore",10674,"12","2018","ID"
"954","Franklin",6208,"12","2018","ID"
"955","Fremont",6868,"12","2018","ID"
"956","Gem",10060,"12","2018","ID"
"957","Gooding",6441,"12","2018","ID"
"958","Idaho",9975,"12","2018","ID"
"959","Jefferson",14062,"12","2018","ID"
"960","Jerome",7989,"12","2018","ID"
"961","Kootenai",84515,"12","2018","ID"
"962","Latah",22993,"12","2018","ID"
"963","Lemhi",5007,"12","2018","ID"
"964","Lewis",2122,"12","2018","ID"
"965","Lincoln",2189,"12","2018","ID"
"966","Madison",18791,"12","2018","ID"
"967","Minidoka",7929,"12","2018","ID"
"968","Nez Perce",22291,"12","2018","ID"
"969","Oneida",2534,"12","2018","ID"
"970","Owyhee",5211,"12","2018","ID"
"971","Payette",11172,"12","2018","ID"
"972","Power",3463,"12","2018","ID"
"973","Shoshone",6612,"12","2018","ID"
"974","Teton",6574,"12","2018","ID"
"975","Twin Falls",36571,"12","2018","ID"
"976","Valley",6643,"12","2018","ID"
"977","Washington",5445,"12","2018","ID"
"978","Total",867840,"12","2018","ID"
"979","Ada",258068,"01","2019","ID"
"980","Adams",2677,"01","2019","ID"
"981","Bannock",41359,"01","2019","ID"
"982","Bear Lake",3384,"01","2019","ID"
"983","Benewah",5300,"01","2019","ID"
"984","Bingham",20324,"01","2019","ID"
"985","Blaine",13791,"01","2019","ID"
"986","Boise",4944,"01","2019","ID"
"987","Bonner",26822,"01","2019","ID"
"988","Bonneville",53001,"01","2019","ID"
"989","Boundary",6401,"01","2019","ID"
"990","Butte",1497,"01","2019","ID"
"991","Camas",719,"01","2019","ID"
"992","Canyon",91514,"01","2019","ID"
"993","Caribou",3687,"01","2019","ID"
"994","Cassia",9648,"01","2019","ID"
"995","Clark",376,"01","2019","ID"
"996","Clearwater",4467,"01","2019","ID"
"997","Custer",2906,"01","2019","ID"
"998","Elmore",10825,"01","2019","ID"
"999","Franklin",6401,"01","2019","ID"
"1000","Fremont",6755,"01","2019","ID"
"1001","Gem",10002,"01","2019","ID"
"1002","Gooding",6419,"01","2019","ID"
"1003","Idaho",10016,"01","2019","ID"
"1004","Jefferson",13601,"01","2019","ID"
"1005","Jerome",7345,"01","2019","ID"
"1006","Kootenai",81904,"01","2019","ID"
"1007","Latah",22659,"01","2019","ID"
"1008","Lemhi",4977,"01","2019","ID"
"1009","Lewis",2116,"01","2019","ID"
"1010","Lincoln",2112,"01","2019","ID"
"1011","Madison",19110,"01","2019","ID"
"1012","Minidoka",8033,"01","2019","ID"
"1013","Nez Perce",21327,"01","2019","ID"
"1014","Oneida",2523,"01","2019","ID"
"1015","Owyhee",5206,"01","2019","ID"
"1016","Payette",11579,"01","2019","ID"
"1017","Power",3445,"01","2019","ID"
"1018","Shoshone",6455,"01","2019","ID"
"1019","Teton",6236,"01","2019","ID"
"1020","Twin Falls",35710,"01","2019","ID"
"1021","Valley",6965,"01","2019","ID"
"1022","Washington",5242,"01","2019","ID"
"1023","Total",867848,"01","2019","ID"
"1024","Ada",259161,"02","2019","ID"
"1025","Adams",2671,"02","2019","ID"
"1026","Bannock",41135,"02","2019","ID"
"1027","Bear Lake",3372,"02","2019","ID"
"1028","Benewah",5039,"02","2019","ID"
"1029","Bingham",20298,"02","2019","ID"
"1030","Blaine",13776,"02","2019","ID"
"1031","Boise",4767,"02","2019","ID"
"1032","Bonner",26776,"02","2019","ID"
"1033","Bonneville",52977,"02","2019","ID"
"1034","Boundary",6189,"02","2019","ID"
"1035","Butte",1494,"02","2019","ID"
"1036","Camas",718,"02","2019","ID"
"1037","Canyon",94241,"02","2019","ID"
"1038","Caribou",3704,"02","2019","ID"
"1039","Cassia",9367,"02","2019","ID"
"1040","Clark",374,"02","2019","ID"
"1041","Clearwater",4454,"02","2019","ID"
"1042","Custer",2887,"02","2019","ID"
"1043","Elmore",10509,"02","2019","ID"
"1044","Franklin",6374,"02","2019","ID"
"1045","Fremont",6727,"02","2019","ID"
"1046","Gem",9551,"02","2019","ID"
"1047","Gooding",6400,"02","2019","ID"
"1048","Idaho",9687,"02","2019","ID"
"1049","Jefferson",13588,"02","2019","ID"
"1050","Jerome",7927,"02","2019","ID"
"1051","Kootenai",81794,"02","2019","ID"
"1052","Latah",22649,"02","2019","ID"
"1053","Lemhi",4969,"02","2019","ID"
"1054","Lewis",1967,"02","2019","ID"
"1055","Lincoln",2106,"02","2019","ID"
"1056","Madison",19045,"02","2019","ID"
"1057","Minidoka",7687,"02","2019","ID"
"1058","Nez Perce",21303,"02","2019","ID"
"1059","Oneida",2521,"02","2019","ID"
"1060","Owyhee",5142,"02","2019","ID"
"1061","Payette",11512,"02","2019","ID"
"1062","Power",3267,"02","2019","ID"
"1063","Shoshone",6427,"02","2019","ID"
"1064","Teton",6232,"02","2019","ID"
"1065","Twin Falls",35571,"02","2019","ID"
"1066","Valley",6952,"02","2019","ID"
"1067","Washington",5231,"02","2019","ID"
"1068","Total",868538,"02","2019","ID"
"1069","Ada",259926,"03","2019","ID"
"1070","Adams",2593,"03","2019","ID"
"1071","Bannock",41089,"03","2019","ID"
"1072","Bear Lake",3310,"03","2019","ID"
"1073","Benewah",5026,"03","2019","ID"
"1074","Bingham",20275,"03","2019","ID"
"1075","Blaine",13770,"03","2019","ID"
"1076","Boise",4765,"03","2019","ID"
"1077","Bonner",26054,"03","2019","ID"
"1078","Bonneville",52944,"03","2019","ID"
"1079","Boundary",6187,"03","2019","ID"
"1080","Butte",1493,"03","2019","ID"
"1081","Camas",718,"03","2019","ID"
"1082","Canyon",94631,"03","2019","ID"
"1083","Caribou",3703,"03","2019","ID"
"1084","Cassia",9349,"03","2019","ID"
"1085","Clark",374,"03","2019","ID"
"1086","Clearwater",4355,"03","2019","ID"
"1087","Custer",2797,"03","2019","ID"
"1088","Elmore",10493,"03","2019","ID"
"1089","Franklin",6204,"03","2019","ID"
"1090","Fremont",6721,"03","2019","ID"
"1091","Gem",9549,"03","2019","ID"
"1092","Gooding",6118,"03","2019","ID"
"1093","Idaho",9712,"03","2019","ID"
"1094","Jefferson",13579,"03","2019","ID"
"1095","Jerome",7959,"03","2019","ID"
"1096","Kootenai",81823,"03","2019","ID"
"1097","Latah",22602,"03","2019","ID"
"1098","Lemhi",5066,"03","2019","ID"
"1099","Lewis",1971,"03","2019","ID"
"1100","Lincoln",2106,"03","2019","ID"
"1101","Madison",18439,"03","2019","ID"
"1102","Minidoka",7688,"03","2019","ID"
"1103","Nez Perce",21269,"03","2019","ID"
"1104","Oneida",2457,"03","2019","ID"
"1105","Owyhee",5143,"03","2019","ID"
"1106","Payette",11489,"03","2019","ID"
"1107","Power",3272,"03","2019","ID"
"1108","Shoshone",6433,"03","2019","ID"
"1109","Teton",6232,"03","2019","ID"
"1110","Twin Falls",35543,"03","2019","ID"
"1111","Valley",6965,"03","2019","ID"
"1112","Washington",5226,"03","2019","ID"
"1113","Total",867418,"03","2019","ID"
"1114","Ada",251450,"04","2019","ID"
"1115","Adams",2598,"04","2019","ID"
"1116","Bannock",41112,"04","2019","ID"
"1117","Bear Lake",3439,"04","2019","ID"
"1118","Benewah",5052,"04","2019","ID"
"1119","Bingham",20039,"04","2019","ID"
"1120","Blaine",13301,"04","2019","ID"
"1121","Boise",4789,"04","2019","ID"
"1122","Bonner",26265,"04","2019","ID"
"1123","Bonneville",52887,"04","2019","ID"
"1124","Boundary",6230,"04","2019","ID"
"1125","Butte",1491,"04","2019","ID"
"1126","Camas",713,"04","2019","ID"
"1127","Canyon",90485,"04","2019","ID"
"1128","Caribou",3712,"04","2019","ID"
"1129","Cassia",9448,"04","2019","ID"
"1130","Clark",397,"04","2019","ID"
"1131","Clearwater",4360,"04","2019","ID"
"1132","Custer",2808,"04","2019","ID"
"1133","Elmore",10500,"04","2019","ID"
"1134","Franklin",6170,"04","2019","ID"
"1135","Fremont",6731,"04","2019","ID"
"1136","Gem",9551,"04","2019","ID"
"1137","Gooding",6120,"04","2019","ID"
"1138","Idaho",9722,"04","2019","ID"
"1139","Jefferson",13568,"04","2019","ID"
"1140","Jerome",7976,"04","2019","ID"
"1141","Kootenai",82066,"04","2019","ID"
"1142","Latah",22591,"04","2019","ID"
"1143","Lemhi",5206,"04","2019","ID"
"1144","Lewis",1986,"04","2019","ID"
"1145","Lincoln",2103,"04","2019","ID"
"1146","Madison",18478,"04","2019","ID"
"1147","Minidoka",7730,"04","2019","ID"
"1148","Nez Perce",21254,"04","2019","ID"
"1149","Oneida",2508,"04","2019","ID"
"1150","Owyhee",5146,"04","2019","ID"
"1151","Payette",10985,"04","2019","ID"
"1152","Power",3284,"04","2019","ID"
"1153","Shoshone",6431,"04","2019","ID"
"1154","Teton",6230,"04","2019","ID"
"1155","Twin Falls",35582,"04","2019","ID"
"1156","Valley",6803,"04","2019","ID"
"1157","Washington",5223,"04","2019","ID"
"1158","Total",854520,"04","2019","ID"
"1159","Ada",251857,"05","2019","ID"
"1160","Adams",2597,"05","2019","ID"
"1161","Bannock",41284,"05","2019","ID"
"1162","Bear Lake",3436,"05","2019","ID"
"1163","Benewah",5066,"05","2019","ID"
"1164","Bingham",20015,"05","2019","ID"
"1165","Blaine",13300,"05","2019","ID"
"1166","Boise",4793,"05","2019","ID"
"1167","Bonner",26295,"05","2019","ID"
"1168","Bonneville",52831,"05","2019","ID"
"1169","Boundary",6233,"05","2019","ID"
"1170","Butte",1492,"05","2019","ID"
"1171","Camas",713,"05","2019","ID"
"1172","Canyon",90617,"05","2019","ID"
"1173","Caribou",3691,"05","2019","ID"
"1174","Cassia",9449,"05","2019","ID"
"1175","Clark",397,"05","2019","ID"
"1176","Clearwater",4370,"05","2019","ID"
"1177","Custer",2805,"05","2019","ID"
"1178","Elmore",10478,"05","2019","ID"
"1179","Franklin",6139,"05","2019","ID"
"1180","Fremont",6727,"05","2019","ID"
"1181","Gem",9562,"05","2019","ID"
"1182","Gooding",6107,"05","2019","ID"
"1183","Idaho",9719,"05","2019","ID"
"1184","Jefferson",13563,"05","2019","ID"
"1185","Jerome",7968,"05","2019","ID"
"1186","Kootenai",82122,"05","2019","ID"
"1187","Latah",22528,"05","2019","ID"
"1188","Lemhi",5210,"05","2019","ID"
"1189","Lewis",1989,"05","2019","ID"
"1190","Lincoln",2103,"05","2019","ID"
"1191","Madison",18473,"05","2019","ID"
"1192","Minidoka",7732,"05","2019","ID"
"1193","Nez Perce",21267,"05","2019","ID"
"1194","Oneida",2505,"05","2019","ID"
"1195","Owyhee",5147,"05","2019","ID"
"1196","Payette",10985,"05","2019","ID"
"1197","Power",3284,"05","2019","ID"
"1198","Shoshone",6457,"05","2019","ID"
"1199","Teton",6233,"05","2019","ID"
"1200","Twin Falls",35570,"05","2019","ID"
"1201","Valley",6830,"05","2019","ID"
"1202","Washington",5223,"05","2019","ID"
"1203","Total",855162,"05","2019","ID"
"1204","Ada",252076,"06","2019","ID"
"1205","Adams",2601,"06","2019","ID"
"1206","Bannock",41448,"06","2019","ID"
"1207","Bear Lake",3430,"06","2019","ID"
"1208","Benewah",5155,"06","2019","ID"
"1209","Bingham",20003,"06","2019","ID"
"1210","Blaine",13302,"06","2019","ID"
"1211","Boise",4795,"06","2019","ID"
"1212","Bonner",26389,"06","2019","ID"
"1213","Bonneville",52821,"06","2019","ID"
"1214","Boundary",6237,"06","2019","ID"
"1215","Butte",1492,"06","2019","ID"
"1216","Camas",712,"06","2019","ID"
"1217","Canyon",90896,"06","2019","ID"
"1218","Caribou",3691,"06","2019","ID"
"1219","Cassia",9449,"06","2019","ID"
"1220","Clark",397,"06","2019","ID"
"1221","Clearwater",4377,"06","2019","ID"
"1222","Custer",2800,"06","2019","ID"
"1223","Elmore",10473,"06","2019","ID"
"1224","Franklin",6136,"06","2019","ID"
"1225","Fremont",6728,"06","2019","ID"
"1226","Gem",9637,"06","2019","ID"
"1227","Gooding",6118,"06","2019","ID"
"1228","Idaho",9787,"06","2019","ID"
"1229","Jefferson",13602,"06","2019","ID"
"1230","Jerome",7979,"06","2019","ID"
"1231","Kootenai",82227,"06","2019","ID"
"1232","Latah",22544,"06","2019","ID"
"1233","Lemhi",5214,"06","2019","ID"
"1234","Lewis",1993,"06","2019","ID"
"1235","Lincoln",2108,"06","2019","ID"
"1236","Madison",18481,"06","2019","ID"
"1237","Minidoka",7775,"06","2019","ID"
"1238","Nez Perce",21294,"06","2019","ID"
"1239","Oneida",2502,"06","2019","ID"
"1240","Owyhee",5164,"06","2019","ID"
"1241","Payette",10984,"06","2019","ID"
"1242","Power",3285,"06","2019","ID"
"1243","Shoshone",6456,"06","2019","ID"
"1244","Teton",6236,"06","2019","ID"
"1245","Twin Falls",35605,"06","2019","ID"
"1246","Valley",6885,"06","2019","ID"
"1247","Washington",5227,"06","2019","ID"
"1248","Total",856511,"06","2019","ID"
"1249","Ada",252231,"07","2019","ID"
"1250","Adams",2604,"07","2019","ID"
"1251","Bannock",41385,"07","2019","ID"
"1252","Bear Lake",3439,"07","2019","ID"
"1253","Benewah",5140,"07","2019","ID"
"1254","Bingham",20000,"07","2019","ID"
"1255","Blaine",13305,"07","2019","ID"
"1256","Boise",4807,"07","2019","ID"
"1257","Bonner",26368,"07","2019","ID"
"1258","Bonneville",52779,"07","2019","ID"
"1259","Boundary",6238,"07","2019","ID"
"1260","Butte",1481,"07","2019","ID"
"1261","Camas",709,"07","2019","ID"
"1262","Canyon",90774,"07","2019","ID"
"1263","Caribou",3686,"07","2019","ID"
"1264","Cassia",9419,"07","2019","ID"
"1265","Clark",396,"07","2019","ID"
"1266","Clearwater",4379,"07","2019","ID"
"1267","Custer",2801,"07","2019","ID"
"1268","Elmore",10495,"07","2019","ID"
"1269","Franklin",6127,"07","2019","ID"
"1270","Fremont",6703,"07","2019","ID"
"1271","Gem",9616,"07","2019","ID"
"1272","Gooding",6110,"07","2019","ID"
"1273","Idaho",9763,"07","2019","ID"
"1274","Jefferson",13603,"07","2019","ID"
"1275","Jerome",7966,"07","2019","ID"
"1276","Kootenai",82230,"07","2019","ID"
"1277","Latah",22568,"07","2019","ID"
"1278","Lemhi",5202,"07","2019","ID"
"1279","Lewis",1995,"07","2019","ID"
"1280","Lincoln",2108,"07","2019","ID"
"1281","Madison",18455,"07","2019","ID"
"1282","Minidoka",7772,"07","2019","ID"
"1283","Nez Perce",21260,"07","2019","ID"
"1284","Oneida",2498,"07","2019","ID"
"1285","Owyhee",5160,"07","2019","ID"
"1286","Payette",10958,"07","2019","ID"
"1287","Power",3285,"07","2019","ID"
"1288","Shoshone",6493,"07","2019","ID"
"1289","Teton",6230,"07","2019","ID"
"1290","Twin Falls",35538,"07","2019","ID"
"1291","Valley",6901,"07","2019","ID"
"1292","Washington",5214,"07","2019","ID"
"1293","Total",856191,"07","2019","ID"
"1294","Ada",252280,"08","2019","ID"
"1295","Adams",2594,"08","2019","ID"
"1296","Bannock",41374,"08","2019","ID"
"1297","Bear Lake",3425,"08","2019","ID"
"1298","Benewah",5138,"08","2019","ID"
"1299","Bingham",20110,"08","2019","ID"
"1300","Blaine",13323,"08","2019","ID"
"1301","Boise",4808,"08","2019","ID"
"1302","Bonner",26359,"08","2019","ID"
"1303","Bonneville",52591,"08","2019","ID"
"1304","Boundary",6230,"08","2019","ID"
"1305","Butte",1479,"08","2019","ID"
"1306","Camas",710,"08","2019","ID"
"1307","Canyon",90843,"08","2019","ID"
"1308","Caribou",3686,"08","2019","ID"
"1309","Cassia",9403,"08","2019","ID"
"1310","Clark",384,"08","2019","ID"
"1311","Clearwater",4359,"08","2019","ID"
"1312","Custer",2792,"08","2019","ID"
"1313","Elmore",10472,"08","2019","ID"
"1314","Franklin",6122,"08","2019","ID"
"1315","Fremont",6704,"08","2019","ID"
"1316","Gem",9615,"08","2019","ID"
"1317","Gooding",6120,"08","2019","ID"
"1318","Idaho",9754,"08","2019","ID"
"1319","Jefferson",13607,"08","2019","ID"
"1320","Jerome",7936,"08","2019","ID"
"1321","Kootenai",82254,"08","2019","ID"
"1322","Latah",22569,"08","2019","ID"
"1323","Lemhi",5199,"08","2019","ID"
"1324","Lewis",1983,"08","2019","ID"
"1325","Lincoln",2093,"08","2019","ID"
"1326","Madison",18406,"08","2019","ID"
"1327","Minidoka",7746,"08","2019","ID"
"1328","Nez Perce",21243,"08","2019","ID"
"1329","Oneida",2494,"08","2019","ID"
"1330","Owyhee",5062,"08","2019","ID"
"1331","Payette",10947,"08","2019","ID"
"1332","Power",3285,"08","2019","ID"
"1333","Shoshone",6491,"08","2019","ID"
"1334","Teton",6231,"08","2019","ID"
"1335","Twin Falls",35513,"08","2019","ID"
"1336","Valley",6857,"08","2019","ID"
"1337","Washington",5212,"08","2019","ID"
"1338","Total",855803,"08","2019","ID"
"1339","Ada",253018,"09","2019","ID"
"1340","Adams",2598,"09","2019","ID"
"1341","Bannock",41548,"09","2019","ID"
"1342","Bear Lake",3418,"09","2019","ID"
"1343","Benewah",5143,"09","2019","ID"
"1344","Bingham",20087,"09","2019","ID"
"1345","Blaine",13341,"09","2019","ID"
"1346","Boise",4825,"09","2019","ID"
"1347","Bonner",26436,"09","2019","ID"
"1348","Bonneville",52713,"09","2019","ID"
"1349","Boundary",6237,"09","2019","ID"
"1350","Butte",1484,"09","2019","ID"
"1351","Camas",712,"09","2019","ID"
"1352","Canyon",91013,"09","2019","ID"
"1353","Caribou",3682,"09","2019","ID"
"1354","Cassia",9409,"09","2019","ID"
"1355","Clark",385,"09","2019","ID"
"1356","Clearwater",4367,"09","2019","ID"
"1357","Custer",2791,"09","2019","ID"
"1358","Elmore",10493,"09","2019","ID"
"1359","Franklin",6130,"09","2019","ID"
"1360","Fremont",6707,"09","2019","ID"
"1361","Gem",9624,"09","2019","ID"
"1362","Gooding",6125,"09","2019","ID"
"1363","Idaho",9779,"09","2019","ID"
"1364","Jefferson",13597,"09","2019","ID"
"1365","Jerome",7953,"09","2019","ID"
"1366","Kootenai",82498,"09","2019","ID"
"1367","Latah",22637,"09","2019","ID"
"1368","Lemhi",5200,"09","2019","ID"
"1369","Lewis",1986,"09","2019","ID"
"1370","Lincoln",2117,"09","2019","ID"
"1371","Madison",18440,"09","2019","ID"
"1372","Minidoka",7759,"09","2019","ID"
"1373","Nez Perce",21238,"09","2019","ID"
"1374","Oneida",2533,"09","2019","ID"
"1375","Owyhee",5059,"09","2019","ID"
"1376","Payette",10963,"09","2019","ID"
"1377","Power",3294,"09","2019","ID"
"1378","Shoshone",6537,"09","2019","ID"
"1379","Teton",6235,"09","2019","ID"
"1380","Twin Falls",35638,"09","2019","ID"
"1381","Valley",6871,"09","2019","ID"
"1382","Washington",5216,"09","2019","ID"
"1383","Total",857836,"09","2019","ID"
"1384","Ada",255590,"10","2019","ID"
"1385","Adams",2609,"10","2019","ID"
"1386","Bannock",41812,"10","2019","ID"
"1387","Bear Lake",3427,"10","2019","ID"
"1388","Benewah",5164,"10","2019","ID"
"1389","Bingham",20191,"10","2019","ID"
"1390","Blaine",13441,"10","2019","ID"
"1391","Boise",4835,"10","2019","ID"
"1392","Bonner",26598,"10","2019","ID"
"1393","Bonneville",53044,"10","2019","ID"
"1394","Boundary",6279,"10","2019","ID"
"1395","Butte",1480,"10","2019","ID"
"1396","Camas",711,"10","2019","ID"
"1397","Canyon",91772,"10","2019","ID"
"1398","Caribou",3649,"10","2019","ID"
"1399","Cassia",9462,"10","2019","ID"
"1400","Clark",386,"10","2019","ID"
"1401","Clearwater",4385,"10","2019","ID"
"1402","Custer",2796,"10","2019","ID"
"1403","Elmore",10629,"10","2019","ID"
"1404","Franklin",6153,"10","2019","ID"
"1405","Fremont",6710,"10","2019","ID"
"1406","Gem",9667,"10","2019","ID"
"1407","Gooding",6143,"10","2019","ID"
"1408","Idaho",9789,"10","2019","ID"
"1409","Jefferson",13664,"10","2019","ID"
"1410","Jerome",7987,"10","2019","ID"
"1411","Kootenai",83586,"10","2019","ID"
"1412","Latah",22430,"10","2019","ID"
"1413","Lemhi",5207,"10","2019","ID"
"1414","Lewis",1995,"10","2019","ID"
"1415","Lincoln",2121,"10","2019","ID"
"1416","Madison",18531,"10","2019","ID"
"1417","Minidoka",7797,"10","2019","ID"
"1418","Nez Perce",21358,"10","2019","ID"
"1419","Oneida",2606,"10","2019","ID"
"1420","Owyhee",5077,"10","2019","ID"
"1421","Payette",11005,"10","2019","ID"
"1422","Power",3301,"10","2019","ID"
"1423","Shoshone",6584,"10","2019","ID"
"1424","Teton",6255,"10","2019","ID"
"1425","Twin Falls",35964,"10","2019","ID"
"1426","Valley",6902,"10","2019","ID"
"1427","Washington",5248,"10","2019","ID"
"1428","Total",864340,"10","2019","ID"
"1429","Ada",259646,"01","2020","ID"
"1430","Adams",2635,"01","2020","ID"
"1431","Bannock",42079,"01","2020","ID"
"1432","Bear Lake",3424,"01","2020","ID"
"1433","Benewah",5179,"01","2020","ID"
"1434","Bingham",20314,"01","2020","ID"
"1435","Blaine",13599,"01","2020","ID"
"1436","Boise",4865,"01","2020","ID"
"1437","Bonner",26967,"01","2020","ID"
"1438","Bonneville",53160,"01","2020","ID"
"1439","Boundary",6326,"01","2020","ID"
"1440","Butte",1495,"01","2020","ID"
"1441","Camas",729,"01","2020","ID"
"1442","Canyon",92816,"01","2020","ID"
"1443","Caribou",3648,"01","2020","ID"
"1444","Cassia",9545,"01","2020","ID"
"1445","Clark",386,"01","2020","ID"
"1446","Clearwater",4413,"01","2020","ID"
"1447","Custer",2823,"01","2020","ID"
"1448","Elmore",10822,"01","2020","ID"
"1449","Franklin",6265,"01","2020","ID"
"1450","Fremont",6751,"01","2020","ID"
"1451","Gem",9839,"01","2020","ID"
"1452","Gooding",6207,"01","2020","ID"
"1453","Idaho",9878,"01","2020","ID"
"1454","Jefferson",13691,"01","2020","ID"
"1455","Jerome",8031,"01","2020","ID"
"1456","Kootenai",84642,"01","2020","ID"
"1457","Latah",22937,"01","2020","ID"
"1458","Lemhi",5252,"01","2020","ID"
"1459","Lewis",2039,"01","2020","ID"
"1460","Lincoln",2076,"01","2020","ID"
"1461","Madison",17457,"01","2020","ID"
"1462","Minidoka",7851,"01","2020","ID"
"1463","Nez Perce",21395,"01","2020","ID"
"1464","Oneida",2624,"01","2020","ID"
"1465","Owyhee",5143,"01","2020","ID"
"1466","Payette",11173,"01","2020","ID"
"1467","Power",3293,"01","2020","ID"
"1468","Shoshone",6645,"01","2020","ID"
"1469","Teton",6364,"01","2020","ID"
"1470","Twin Falls",36081,"01","2020","ID"
"1471","Valley",6979,"01","2020","ID"
"1472","Washington",5310,"01","2020","ID"
"1473","Total",872794,"01","2020","ID"
"1474","Ada",262405,"02","2020","ID"
"1475","Adams",2664,"02","2020","ID"
"1476","Bannock",42373,"02","2020","ID"
"1477","Bear Lake",3421,"02","2020","ID"
"1478","Benewah",5228,"02","2020","ID"
"1479","Bingham",20425,"02","2020","ID"
"1480","Blaine",13756,"02","2020","ID"
"1481","Boise",4938,"02","2020","ID"
"1482","Bonner",27249,"02","2020","ID"
"1483","Bonneville",53677,"02","2020","ID"
"1484","Boundary",6403,"02","2020","ID"
"1485","Butte",1492,"02","2020","ID"
"1486","Camas",731,"02","2020","ID"
"1487","Canyon",94118,"02","2020","ID"
"1488","Caribou",3665,"02","2020","ID"
"1489","Cassia",9602,"02","2020","ID"
"1490","Clark",384,"02","2020","ID"
"1491","Clearwater",4449,"02","2020","ID"
"1492","Custer",2826,"02","2020","ID"
"1493","Elmore",10938,"02","2020","ID"
"1494","Franklin",6320,"02","2020","ID"
"1495","Fremont",6781,"02","2020","ID"
"1496","Gem",9934,"02","2020","ID"
"1497","Gooding",6230,"02","2020","ID"
"1498","Idaho",9940,"02","2020","ID"
"1499","Jefferson",13799,"02","2020","ID"
"1500","Jerome",8100,"02","2020","ID"
"1501","Kootenai",86039,"02","2020","ID"
"1502","Latah",23117,"02","2020","ID"
"1503","Lemhi",5266,"02","2020","ID"
"1504","Lewis",2058,"02","2020","ID"
"1505","Lincoln",2090,"02","2020","ID"
"1506","Madison",17585,"02","2020","ID"
"1507","Minidoka",7885,"02","2020","ID"
"1508","Nez Perce",21605,"02","2020","ID"
"1509","Oneida",2646,"02","2020","ID"
"1510","Owyhee",5201,"02","2020","ID"
"1511","Payette",11289,"02","2020","ID"
"1512","Power",3315,"02","2020","ID"
"1513","Shoshone",6696,"02","2020","ID"
"1514","Teton",6425,"02","2020","ID"
"1515","Twin Falls",36415,"02","2020","ID"
"1516","Valley",7045,"02","2020","ID"
"1517","Washington",5344,"02","2020","ID"
"1518","Total",881869,"02","2020","ID"
"1519","Ada",262679,"03","2020","ID"
"1520","Adams",2673,"03","2020","ID"
"1521","Bannock",42460,"03","2020","ID"
"1522","Bear Lake",3419,"03","2020","ID"
"1523","Benewah",5227,"03","2020","ID"
"1524","Bingham",20429,"03","2020","ID"
"1525","Blaine",13789,"03","2020","ID"
"1526","Boise",4945,"03","2020","ID"
"1527","Bonner",27279,"03","2020","ID"
"1528","Bonneville",53636,"03","2020","ID"
"1529","Boundary",6430,"03","2020","ID"
"1530","Butte",1492,"03","2020","ID"
"1531","Camas",732,"03","2020","ID"
"1532","Canyon",94225,"03","2020","ID"
"1533","Caribou",3668,"03","2020","ID"
"1534","Cassia",9618,"03","2020","ID"
"1535","Clark",384,"03","2020","ID"
"1536","Clearwater",4449,"03","2020","ID"
"1537","Custer",2832,"03","2020","ID"
"1538","Elmore",10953,"03","2020","ID"
"1539","Franklin",6319,"03","2020","ID"
"1540","Fremont",6782,"03","2020","ID"
"1541","Gem",9945,"03","2020","ID"
"1542","Gooding",6228,"03","2020","ID"
"1543","Idaho",9961,"03","2020","ID"
"1544","Jefferson",13818,"03","2020","ID"
"1545","Jerome",8095,"03","2020","ID"
"1546","Kootenai",86139,"03","2020","ID"
"1547","Latah",23145,"03","2020","ID"
"1548","Lemhi",5273,"03","2020","ID"
"1549","Lewis",2055,"03","2020","ID"
"1550","Lincoln",2090,"03","2020","ID"
"1551","Madison",17596,"03","2020","ID"
"1552","Minidoka",7888,"03","2020","ID"
"1553","Nez Perce",21630,"03","2020","ID"
"1554","Oneida",2644,"03","2020","ID"
"1555","Owyhee",5200,"03","2020","ID"
"1556","Payette",11299,"03","2020","ID"
"1557","Power",3325,"03","2020","ID"
"1558","Shoshone",6701,"03","2020","ID"
"1559","Teton",6434,"03","2020","ID"
"1560","Twin Falls",36448,"03","2020","ID"
"1561","Valley",7056,"03","2020","ID"
"1562","Washington",5344,"03","2020","ID"
"1563","Total",882732,"03","2020","ID"
"1564","Ada",266769,"04","2020","ID"
"1565","Adams",2726,"04","2020","ID"
"1566","Bannock",42994,"04","2020","ID"
"1567","Bear Lake",3412,"04","2020","ID"
"1568","Benewah",5296,"04","2020","ID"
"1569","Bingham",20644,"04","2020","ID"
"1570","Blaine",13899,"04","2020","ID"
"1571","Boise",5105,"04","2020","ID"
"1572","Bonner",27670,"04","2020","ID"
"1573","Bonneville",54420,"04","2020","ID"
"1574","Boundary",6540,"04","2020","ID"
"1575","Butte",1475,"04","2020","ID"
"1576","Camas",736,"04","2020","ID"
"1577","Canyon",95094,"04","2020","ID"
"1578","Caribou",3736,"04","2020","ID"
"1579","Cassia",9737,"04","2020","ID"
"1580","Clark",389,"04","2020","ID"
"1581","Clearwater",4531,"04","2020","ID"
"1582","Custer",2859,"04","2020","ID"
"1583","Elmore",11119,"04","2020","ID"
"1584","Franklin",6441,"04","2020","ID"
"1585","Fremont",6849,"04","2020","ID"
"1586","Gem",10062,"04","2020","ID"
"1587","Gooding",6280,"04","2020","ID"
"1588","Idaho",10145,"04","2020","ID"
"1589","Jefferson",13955,"04","2020","ID"
"1590","Jerome",8223,"04","2020","ID"
"1591","Kootenai",87994,"04","2020","ID"
"1592","Latah",23471,"04","2020","ID"
"1593","Lemhi",5319,"04","2020","ID"
"1594","Lewis",2110,"04","2020","ID"
"1595","Lincoln",2153,"04","2020","ID"
"1596","Madison",18067,"04","2020","ID"
"1597","Minidoka",7950,"04","2020","ID"
"1598","Nez Perce",21864,"04","2020","ID"
"1599","Oneida",2685,"04","2020","ID"
"1600","Owyhee",5280,"04","2020","ID"
"1601","Payette",11400,"04","2020","ID"
"1602","Power",3379,"04","2020","ID"
"1603","Shoshone",6831,"04","2020","ID"
"1604","Teton",6548,"04","2020","ID"
"1605","Twin Falls",36937,"04","2020","ID"
"1606","Valley",7179,"04","2020","ID"
"1607","Washington",5441,"04","2020","ID"
"1608","Total",895714,"04","2020","ID"
"1609","Ada",268469,"05","2020","ID"
"1610","Adams",2733,"05","2020","ID"
"1611","Bannock",43133,"05","2020","ID"
"1612","Bear Lake",3437,"05","2020","ID"
"1613","Benewah",5411,"05","2020","ID"
"1614","Bingham",20781,"05","2020","ID"
"1615","Blaine",13973,"05","2020","ID"
"1616","Boise",5157,"05","2020","ID"
"1617","Bonner",27891,"05","2020","ID"
"1618","Bonneville",54748,"05","2020","ID"
"1619","Boundary",6582,"05","2020","ID"
"1620","Butte",1456,"05","2020","ID"
"1621","Camas",741,"05","2020","ID"
"1622","Canyon",96242,"05","2020","ID"
"1623","Caribou",3789,"05","2020","ID"
"1624","Cassia",9749,"05","2020","ID"
"1625","Clark",387,"05","2020","ID"
"1626","Clearwater",4590,"05","2020","ID"
"1627","Custer",2881,"05","2020","ID"
"1628","Elmore",11189,"05","2020","ID"
"1629","Franklin",6507,"05","2020","ID"
"1630","Fremont",6924,"05","2020","ID"
"1631","Gem",10180,"05","2020","ID"
"1632","Gooding",6314,"05","2020","ID"
"1633","Idaho",10221,"05","2020","ID"
"1634","Jefferson",14126,"05","2020","ID"
"1635","Jerome",8277,"05","2020","ID"
"1636","Kootenai",88490,"05","2020","ID"
"1637","Latah",23579,"05","2020","ID"
"1638","Lemhi",5358,"05","2020","ID"
"1639","Lewis",2103,"05","2020","ID"
"1640","Lincoln",2172,"05","2020","ID"
"1641","Madison",18187,"05","2020","ID"
"1642","Minidoka",7971,"05","2020","ID"
"1643","Nez Perce",21958,"05","2020","ID"
"1644","Oneida",2696,"05","2020","ID"
"1645","Owyhee",5305,"05","2020","ID"
"1646","Payette",11436,"05","2020","ID"
"1647","Power",3404,"05","2020","ID"
"1648","Shoshone",6843,"05","2020","ID"
"1649","Teton",6605,"05","2020","ID"
"1650","Twin Falls",37107,"05","2020","ID"
"1651","Valley",7258,"05","2020","ID"
"1652","Washington",5474,"05","2020","ID"
"1653","Total",901834,"05","2020","ID"
"1654","Ada",269658,"06","2020","ID"
"1655","Adams",2738,"06","2020","ID"
"1656","Bannock",43224,"06","2020","ID"
"1657","Bear Lake",3452,"06","2020","ID"
"1658","Benewah",5463,"06","2020","ID"
"1659","Bingham",20894,"06","2020","ID"
"1660","Blaine",14062,"06","2020","ID"
"1661","Boise",5192,"06","2020","ID"
"1662","Bonner",28045,"06","2020","ID"
"1663","Bonneville",55195,"06","2020","ID"
"1664","Boundary",6650,"06","2020","ID"
"1665","Butte",1468,"06","2020","ID"
"1666","Camas",752,"06","2020","ID"
"1667","Canyon",97075,"06","2020","ID"
"1668","Caribou",3812,"06","2020","ID"
"1669","Cassia",9796,"06","2020","ID"
"1670","Clark",389,"06","2020","ID"
"1671","Clearwater",4646,"06","2020","ID"
"1672","Custer",2897,"06","2020","ID"
"1673","Elmore",11323,"06","2020","ID"
"1674","Franklin",6547,"06","2020","ID"
"1675","Fremont",6998,"06","2020","ID"
"1676","Gem",10227,"06","2020","ID"
"1677","Gooding",6356,"06","2020","ID"
"1678","Idaho",10303,"06","2020","ID"
"1679","Jefferson",14173,"06","2020","ID"
"1680","Jerome",8336,"06","2020","ID"
"1681","Kootenai",89169,"06","2020","ID"
"1682","Latah",23605,"06","2020","ID"
"1683","Lemhi",5378,"06","2020","ID"
"1684","Lewis",2114,"06","2020","ID"
"1685","Lincoln",2203,"06","2020","ID"
"1686","Madison",18332,"06","2020","ID"
"1687","Minidoka",8009,"06","2020","ID"
"1688","Nez Perce",22030,"06","2020","ID"
"1689","Oneida",2713,"06","2020","ID"
"1690","Owyhee",5359,"06","2020","ID"
"1691","Payette",11533,"06","2020","ID"
"1692","Power",3448,"06","2020","ID"
"1693","Shoshone",6865,"06","2020","ID"
"1694","Teton",6627,"06","2020","ID"
"1695","Twin Falls",37345,"06","2020","ID"
"1696","Valley",7357,"06","2020","ID"
"1697","Washington",5518,"06","2020","ID"
"1698","Total",907276,"06","2020","ID"
"1699","ADA",294610,"10","2020","ID"
"1700","ADAMS",2924,"10","2020","ID"
"1701","BANNOCK",45889,"10","2020","ID"
"1702","BEAR LAKE",3587,"10","2020","ID"
"1703","BENEWAH",5759,"10","2020","ID"
"1704","BINGHAM",22034,"10","2020","ID"
"1705","BLAINE",15078,"10","2020","ID"
"1706","BOISE",5543,"10","2020","ID"
"1707","BONNER",30560,"10","2020","ID"
"1708","BONNEVILLE",59659,"10","2020","ID"
"1709","BOUNDARY",7143,"10","2020","ID"
"1710","BUTTE",1501,"10","2020","ID"
"1711","CAMAS",784,"10","2020","ID"
"1712","CANYON",107528,"10","2020","ID"
"1713","CARIBOU",3956,"10","2020","ID"
"1714","CASSIA",10309,"10","2020","ID"
"1715","CLARK",392,"10","2020","ID"
"1716","CLEARWATER",4903,"10","2020","ID"
"1717","CUSTER",3071,"10","2020","ID"
"1718","ELMORE",12174,"10","2020","ID"
"1719","FRANKLIN",7000,"10","2020","ID"
"1720","FREMONT",7330,"10","2020","ID"
"1721","GEM",10912,"10","2020","ID"
"1722","GOODING",6646,"10","2020","ID"
"1723","IDAHO",10790,"10","2020","ID"
"1724","JEFFERSON",14985,"10","2020","ID"
"1725","JEROME",8957,"10","2020","ID"
"1726","KOOTENAI",99899,"10","2020","ID"
"1727","LATAH",24934,"10","2020","ID"
"1728","LEMHI",5609,"10","2020","ID"
"1729","LEWIS",2220,"10","2020","ID"
"1730","LINCOLN",2273,"10","2020","ID"
"1731","MADISON",19871,"10","2020","ID"
"1732","MINIDOKA",8514,"10","2020","ID"
"1733","NEZ PERCE",23424,"10","2020","ID"
"1734","ONEIDA",2838,"10","2020","ID"
"1735","OWYHEE",5697,"10","2020","ID"
"1736","PAYETTE",12563,"10","2020","ID"
"1737","POWER",3540,"10","2020","ID"
"1738","SHOSHONE",7241,"10","2020","ID"
"1739","TETON",7156,"10","2020","ID"
"1740","TWIN FALLS",40520,"10","2020","ID"
"1741","VALLEY",7934,"10","2020","ID"
"1742","WASHINGTON",5870,"10","2020","ID"
"1743","Total",984127,"10","2020","ID"
"1744","ADA",300208,"11","2020","ID"
"1745","ADAMS",3005,"11","2020","ID"
"1746","BANNOCK",47155,"11","2020","ID"
"1747","BEAR LAKE",3668,"11","2020","ID"
"1748","BENEWAH",5861,"11","2020","ID"
"1749","BINGHAM",22717,"11","2020","ID"
"1750","BLAINE",15400,"11","2020","ID"
"1751","BOISE",5677,"11","2020","ID"
"1752","BONNER",31401,"11","2020","ID"
"1753","BONNEVILLE",61757,"11","2020","ID"
"1754","BOUNDARY",7420,"11","2020","ID"
"1755","BUTTE",1548,"11","2020","ID"
"1756","CAMAS",796,"11","2020","ID"
"1757","CANYON",109910,"11","2020","ID"
"1758","CARIBOU",4034,"11","2020","ID"
"1759","CASSIA",10682,"11","2020","ID"
"1760","CLARK",390,"11","2020","ID"
"1761","CLEARWATER",5015,"11","2020","ID"
"1762","CUSTER",3103,"11","2020","ID"
"1763","ELMORE",12646,"11","2020","ID"
"1764","FRANKLIN",7187,"11","2020","ID"
"1765","FREMONT",7480,"11","2020","ID"
"1766","GEM",11209,"11","2020","ID"
"1767","GOODING",6818,"11","2020","ID"
"1768","IDAHO",10982,"11","2020","ID"
"1769","JEFFERSON",15567,"11","2020","ID"
"1770","JEROME",9331,"11","2020","ID"
"1771","KOOTENAI",103549,"11","2020","ID"
"1772","LATAH",25624,"11","2020","ID"
"1773","LEMHI",5747,"11","2020","ID"
"1774","LEWIS",2228,"11","2020","ID"
"1775","LINCOLN",2321,"11","2020","ID"
"1776","MADISON",21285,"11","2020","ID"
"1777","MINIDOKA",8816,"11","2020","ID"
"1778","NEZ PERCE",23944,"11","2020","ID"
"1779","ONEIDA",2905,"11","2020","ID"
"1780","OWYHEE",5784,"11","2020","ID"
"1781","PAYETTE",13072,"11","2020","ID"
"1782","POWER",3637,"11","2020","ID"
"1783","SHOSHONE",7416,"11","2020","ID"
"1784","TETON",7394,"11","2020","ID"
"1785","TWIN FALLS",42088,"11","2020","ID"
"1786","VALLEY",8183,"11","2020","ID"
"1787","WASHINGTON",6031,"11","2020","ID"
"1788","Total",1010991,"11","2020","ID"
"1789","ADA",307046,"01","2021","ID"
"1790","ADAMS",3099,"01","2021","ID"
"1791","BANNOCK",49391,"01","2021","ID"
"1792","BEAR LAKE",3858,"01","2021","ID"
"1793","BENEWAH",6121,"01","2021","ID"
"1794","BINGHAM",24249,"01","2021","ID"
"1795","BLAINE",15893,"01","2021","ID"
"1796","BOISE",5975,"01","2021","ID"
"1797","BONNER",32739,"01","2021","ID"
"1798","BONNEVILLE",65067,"01","2021","ID"
"1799","BOUNDARY",7709,"01","2021","ID"
"1800","BUTTE",1606,"01","2021","ID"
"1801","CAMAS",815,"01","2021","ID"
"1802","CANYON",116510,"01","2021","ID"
"1803","CARIBOU",4277,"01","2021","ID"
"1804","CASSIA",11384,"01","2021","ID"
"1805","CLARK",409,"01","2021","ID"
"1806","CLEARWATER",5241,"01","2021","ID"
"1807","CUSTER",3215,"01","2021","ID"
"1808","ELMORE",13144,"01","2021","ID"
"1809","FRANKLIN",7786,"01","2021","ID"
"1810","FREMONT",7953,"01","2021","ID"
"1811","GEM",11821,"01","2021","ID"
"1812","GOODING",7234,"01","2021","ID"
"1813","IDAHO",11398,"01","2021","ID"
"1814","JEFFERSON",16691,"01","2021","ID"
"1815","JEROME",9878,"01","2021","ID"
"1816","KOOTENAI",108011,"01","2021","ID"
"1817","LATAH",26381,"01","2021","ID"
"1818","LEMHI",5868,"01","2021","ID"
"1819","LEWIS",2309,"01","2021","ID"
"1820","LINCOLN",2441,"01","2021","ID"
"1821","MADISON",23938,"01","2021","ID"
"1822","MINIDOKA",9463,"01","2021","ID"
"1823","NEZ PERCE",24971,"01","2021","ID"
"1824","ONEIDA",3026,"01","2021","ID"
"1825","OWYHEE",6109,"01","2021","ID"
"1826","PAYETTE",13651,"01","2021","ID"
"1827","POWER",3785,"01","2021","ID"
"1828","SHOSHONE",7759,"01","2021","ID"
"1829","TETON",7616,"01","2021","ID"
"1830","TWIN FALLS",44332,"01","2021","ID"
"1831","VALLEY",8426,"01","2021","ID"
"1832","WASHINGTON",6334,"01","2021","ID"
"1833","Total",1054929,"01","2021","ID"
"1834","ADA",309016,"02","2021","ID"
"1835","ADAMS",3099,"02","2021","ID"
"1836","BANNOCK",49378,"02","2021","ID"
"1837","BEAR LAKE",3858,"02","2021","ID"
"1838","BENEWAH",6125,"02","2021","ID"
"1839","BINGHAM",24240,"02","2021","ID"
"1840","BLAINE",15886,"02","2021","ID"
"1841","BOISE",5968,"02","2021","ID"
"1842","BONNER",32739,"02","2021","ID"
"1843","BONNEVILLE",65066,"02","2021","ID"
"1844","BOUNDARY",7709,"02","2021","ID"
"1845","BUTTE",1607,"02","2021","ID"
"1846","CAMAS",816,"02","2021","ID"
"1847","CANYON",116432,"02","2021","ID"
"1848","CARIBOU",4277,"02","2021","ID"
"1849","CASSIA",11388,"02","2021","ID"
"1850","CLARK",408,"02","2021","ID"
"1851","CLEARWATER",5241,"02","2021","ID"
"1852","CUSTER",3214,"02","2021","ID"
"1853","ELMORE",13138,"02","2021","ID"
"1854","FRANKLIN",7755,"02","2021","ID"
"1855","FREMONT",7950,"02","2021","ID"
"1856","GEM",11801,"02","2021","ID"
"1857","GOODING",7232,"02","2021","ID"
"1858","IDAHO",11397,"02","2021","ID"
"1859","JEFFERSON",16671,"02","2021","ID"
"1860","JEROME",9875,"02","2021","ID"
"1861","KOOTENAI",108031,"02","2021","ID"
"1862","LATAH",26344,"02","2021","ID"
"1863","LEMHI",5868,"02","2021","ID"
"1864","LEWIS",2311,"02","2021","ID"
"1865","LINCOLN",2441,"02","2021","ID"
"1866","MADISON",23965,"02","2021","ID"
"1867","MINIDOKA",9462,"02","2021","ID"
"1868","NEZ PERCE",24965,"02","2021","ID"
"1869","ONEIDA",3026,"02","2021","ID"
"1870","OWYHEE",6108,"02","2021","ID"
"1871","PAYETTE",13813,"02","2021","ID"
"1872","POWER",3784,"02","2021","ID"
"1873","SHOSHONE",7758,"02","2021","ID"
"1874","TETON",7613,"02","2021","ID"
"1875","TWIN FALLS",44297,"02","2021","ID"
"1876","VALLEY",8420,"02","2021","ID"
"1877","WASHINGTON",6326,"02","2021","ID"
"1878","Total",1056818,"02","2021","ID"
"1879","ADA",311013,"03","2021","ID"
"1880","ADAMS",2870,"03","2021","ID"
"1881","BANNOCK",45507,"03","2021","ID"
"1882","BEAR LAKE",3653,"03","2021","ID"
"1883","BENEWAH",5698,"03","2021","ID"
"1884","BINGHAM",22365,"03","2021","ID"
"1885","BLAINE",14858,"03","2021","ID"
"1886","BOISE",5509,"03","2021","ID"
"1887","BONNER",30744,"03","2021","ID"
"1888","BONNEVILLE",60619,"03","2021","ID"
"1889","BOUNDARY",7075,"03","2021","ID"
"1890","BUTTE",1545,"03","2021","ID"
"1891","CAMAS",808,"03","2021","ID"
"1892","CANYON",107217,"03","2021","ID"
"1893","CARIBOU",3863,"03","2021","ID"
"1894","CASSIA",10569,"03","2021","ID"
"1895","CLARK",408,"03","2021","ID"
"1896","CLEARWATER",4861,"03","2021","ID"
"1897","CUSTER",3028,"03","2021","ID"
"1898","ELMORE",11843,"03","2021","ID"
"1899","FRANKLIN",7286,"03","2021","ID"
"1900","FREMONT",7406,"03","2021","ID"
"1901","GEM",11060,"03","2021","ID"
"1902","GOODING",6737,"03","2021","ID"
"1903","IDAHO",10757,"03","2021","ID"
"1904","JEFFERSON",15496,"03","2021","ID"
"1905","JEROME",9187,"03","2021","ID"
"1906","KOOTENAI",100910,"03","2021","ID"
"1907","LATAH",23855,"03","2021","ID"
"1908","LEMHI",5368,"03","2021","ID"
"1909","LEWIS",2121,"03","2021","ID"
"1910","LINCOLN",2276,"03","2021","ID"
"1911","MADISON",19764,"03","2021","ID"
"1912","MINIDOKA",8763,"03","2021","ID"
"1913","NEZ PERCE",23571,"03","2021","ID"
"1914","ONEIDA",2795,"03","2021","ID"
"1915","OWYHEE",5500,"03","2021","ID"
"1916","PAYETTE",12719,"03","2021","ID"
"1917","POWER",3505,"03","2021","ID"
"1918","SHOSHONE",7107,"03","2021","ID"
"1919","TETON",7088,"03","2021","ID"
"1920","TWIN FALLS",41256,"03","2021","ID"
"1921","VALLEY",7934,"03","2021","ID"
"1922","WASHINGTON",5888,"03","2021","ID"
"1923","Total",1002402,"03","2021","ID"
"1924","ADA",292456,"04","2021","ID"
"1925","ADAMS",2864,"04","2021","ID"
"1926","BANNOCK",45523,"04","2021","ID"
"1927","BEAR LAKE",3643,"04","2021","ID"
"1928","BENEWAH",5709,"04","2021","ID"
"1929","BINGHAM",22420,"04","2021","ID"
"1930","BLAINE",14875,"04","2021","ID"
"1931","BOISE",5516,"04","2021","ID"
"1932","BONNER",30814,"04","2021","ID"
"1933","BONNEVILLE",60608,"04","2021","ID"
"1934","BOUNDARY",7107,"04","2021","ID"
"1935","BUTTE",1538,"04","2021","ID"
"1936","CAMAS",752,"04","2021","ID"
"1937","CANYON",107460,"04","2021","ID"
"1938","CARIBOU",3861,"04","2021","ID"
"1939","CASSIA",10553,"04","2021","ID"
"1940","CLARK",377,"04","2021","ID"
"1941","CLEARWATER",4857,"04","2021","ID"
"1942","CUSTER",3027,"04","2021","ID"
"1943","ELMORE",11847,"04","2021","ID"
"1944","FRANKLIN",7290,"04","2021","ID"
"1945","FREMONT",7418,"04","2021","ID"
"1946","GEM",11088,"04","2021","ID"
"1947","GOODING",6742,"04","2021","ID"
"1948","IDAHO",10753,"04","2021","ID"
"1949","JEFFERSON",15498,"04","2021","ID"
"1950","JEROME",9174,"04","2021","ID"
"1951","KOOTENAI",101148,"04","2021","ID"
"1952","LATAH",23401,"04","2021","ID"
"1953","LEMHI",5370,"04","2021","ID"
"1954","LEWIS",2150,"04","2021","ID"
"1955","LINCOLN",2274,"04","2021","ID"
"1956","MADISON",19743,"04","2021","ID"
"1957","MINIDOKA",8748,"04","2021","ID"
"1958","NEZ PERCE",23251,"04","2021","ID"
"1959","ONEIDA",2785,"04","2021","ID"
"1960","OWYHEE",5497,"04","2021","ID"
"1961","PAYETTE",12701,"04","2021","ID"
"1962","POWER",3511,"04","2021","ID"
"1963","SHOSHONE",7090,"04","2021","ID"
"1964","TETON",7081,"04","2021","ID"
"1965","TWIN FALLS",41250,"04","2021","ID"
"1966","VALLEY",7942,"04","2021","ID"
"1967","WASHINGTON",5888,"04","2021","ID"
"1968","Total",983600,"04","2021","ID"
"1969","ADA",292378,"05","2021","ID"
"1970","ADAMS",2864,"05","2021","ID"
"1971","BANNOCK",45504,"05","2021","ID"
"1972","BEAR LAKE",3642,"05","2021","ID"
"1973","BENEWAH",5709,"05","2021","ID"
"1974","BINGHAM",22410,"05","2021","ID"
"1975","BLAINE",14869,"05","2021","ID"
"1976","BOISE",5513,"05","2021","ID"
"1977","BONNER",30819,"05","2021","ID"
"1978","BONNEVILLE",60614,"05","2021","ID"
"1979","BOUNDARY",7108,"05","2021","ID"
"1980","BUTTE",1537,"05","2021","ID"
"1981","CAMAS",752,"05","2021","ID"
"1982","CANYON",107447,"05","2021","ID"
"1983","CARIBOU",3850,"05","2021","ID"
"1984","CASSIA",10542,"05","2021","ID"
"1985","CLARK",377,"05","2021","ID"
"1986","CLEARWATER",4856,"05","2021","ID"
"1987","CUSTER",3022,"05","2021","ID"
"1988","ELMORE",11834,"05","2021","ID"
"1989","FRANKLIN",7291,"05","2021","ID"
"1990","FREMONT",7409,"05","2021","ID"
"1991","GEM",11095,"05","2021","ID"
"1992","GOODING",6742,"05","2021","ID"
"1993","IDAHO",10743,"05","2021","ID"
"1994","JEFFERSON",15489,"05","2021","ID"
"1995","JEROME",9175,"05","2021","ID"
"1996","KOOTENAI",101260,"05","2021","ID"
"1997","LATAH",23378,"05","2021","ID"
"1998","LEMHI",5364,"05","2021","ID"
"1999","LEWIS",2148,"05","2021","ID"
"2000","LINCOLN",2273,"05","2021","ID"
"2001","MADISON",19735,"05","2021","ID"
"2002","MINIDOKA",8748,"05","2021","ID"
"2003","NEZ PERCE",23124,"05","2021","ID"
"2004","ONEIDA",2785,"05","2021","ID"
"2005","OWYHEE",5490,"05","2021","ID"
"2006","PAYETTE",12701,"05","2021","ID"
"2007","POWER",3510,"05","2021","ID"
"2008","SHOSHONE",7085,"05","2021","ID"
"2009","TETON",7086,"05","2021","ID"
"2010","TWIN FALLS",41223,"05","2021","ID"
"2011","VALLEY",7943,"05","2021","ID"
"2012","WASHINGTON",5889,"05","2021","ID"
"2013","Total",983333,"05","2021","ID"
"2014","ADA",292431,"06","2021","ID"
"2015","ADAMS",2865,"06","2021","ID"
"2016","BANNOCK",45506,"06","2021","ID"
"2017","BEAR LAKE",3641,"06","2021","ID"
"2018","BENEWAH",5709,"06","2021","ID"
"2019","BINGHAM",22407,"06","2021","ID"
"2020","BLAINE",14861,"06","2021","ID"
"2021","BOISE",5510,"06","2021","ID"
"2022","BONNER",31026,"06","2021","ID"
"2023","BONNEVILLE",60600,"06","2021","ID"
"2024","BOUNDARY",7113,"06","2021","ID"
"2025","BUTTE",1534,"06","2021","ID"
"2026","CAMAS",751,"06","2021","ID"
"2027","CANYON",107527,"06","2021","ID"
"2028","CARIBOU",3850,"06","2021","ID"
"2029","CASSIA",10540,"06","2021","ID"
"2030","CLARK",377,"06","2021","ID"
"2031","CLEARWATER",4862,"06","2021","ID"
"2032","CUSTER",3044,"06","2021","ID"
"2033","ELMORE",11834,"06","2021","ID"
"2034","FRANKLIN",7299,"06","2021","ID"
"2035","FREMONT",7410,"06","2021","ID"
"2036","GEM",11300,"06","2021","ID"
"2037","GOODING",6736,"06","2021","ID"
"2038","IDAHO",10745,"06","2021","ID"
"2039","JEFFERSON",15485,"06","2021","ID"
"2040","JEROME",9192,"06","2021","ID"
"2041","KOOTENAI",101526,"06","2021","ID"
"2042","LATAH",23371,"06","2021","ID"
"2043","LEMHI",5355,"06","2021","ID"
"2044","LEWIS",2150,"06","2021","ID"
"2045","LINCOLN",2272,"06","2021","ID"
"2046","MADISON",19731,"06","2021","ID"
"2047","MINIDOKA",8755,"06","2021","ID"
"2048","NEZ PERCE",22954,"06","2021","ID"
"2049","ONEIDA",2785,"06","2021","ID"
"2050","OWYHEE",5488,"06","2021","ID"
"2051","PAYETTE",12714,"06","2021","ID"
"2052","POWER",3509,"06","2021","ID"
"2053","SHOSHONE",7086,"06","2021","ID"
"2054","TETON",7095,"06","2021","ID"
"2055","TWIN FALLS",41182,"06","2021","ID"
"2056","VALLEY",7945,"06","2021","ID"
"2057","WASHINGTON",5891,"06","2021","ID"
"2058","Total",983964,"06","2021","ID"
"2059","ADA",292625,"07","2021","ID"
"2060","ADAMS",2864,"07","2021","ID"
"2061","BANNOCK",45454,"07","2021","ID"
"2062","BEAR LAKE",3637,"07","2021","ID"
"2063","BENEWAH",5714,"07","2021","ID"
"2064","BINGHAM",22408,"07","2021","ID"
"2065","BLAINE",14879,"07","2021","ID"
"2066","BOISE",5510,"07","2021","ID"
"2067","BONNER",31053,"07","2021","ID"
"2068","BONNEVILLE",60716,"07","2021","ID"
"2069","BOUNDARY",7125,"07","2021","ID"
"2070","BUTTE",1536,"07","2021","ID"
"2071","CAMAS",751,"07","2021","ID"
"2072","CANYON",107381,"07","2021","ID"
"2073","CARIBOU",3816,"07","2021","ID"
"2074","CASSIA",10530,"07","2021","ID"
"2075","CLARK",377,"07","2021","ID"
"2076","CLEARWATER",4863,"07","2021","ID"
"2077","CUSTER",3043,"07","2021","ID"
"2078","ELMORE",11854,"07","2021","ID"
"2079","FRANKLIN",7253,"07","2021","ID"
"2080","FREMONT",7398,"07","2021","ID"
"2081","GEM",11282,"07","2021","ID"
"2082","GOODING",6729,"07","2021","ID"
"2083","IDAHO",10783,"07","2021","ID"
"2084","JEFFERSON",15471,"07","2021","ID"
"2085","JEROME",9187,"07","2021","ID"
"2086","KOOTENAI",101589,"07","2021","ID"
"2087","LATAH",23386,"07","2021","ID"
"2088","LEMHI",5358,"07","2021","ID"
"2089","LEWIS",2147,"07","2021","ID"
"2090","LINCOLN",2275,"07","2021","ID"
"2091","MADISON",19718,"07","2021","ID"
"2092","MINIDOKA",8736,"07","2021","ID"
"2093","NEZ PERCE",22924,"07","2021","ID"
"2094","ONEIDA",2770,"07","2021","ID"
"2095","OWYHEE",5493,"07","2021","ID"
"2096","PAYETTE",12720,"07","2021","ID"
"2097","POWER",3509,"07","2021","ID"
"2098","SHOSHONE",7083,"07","2021","ID"
"2099","TETON",7099,"07","2021","ID"
"2100","TWIN FALLS",41134,"07","2021","ID"
"2101","VALLEY",7952,"07","2021","ID"
"2102","WASHINGTON",5893,"07","2021","ID"
"2103","Total",984025,"07","2021","ID"
"2104","ADA",292595,"08","2021","ID"
"2105","ADAMS",2863,"08","2021","ID"
"2106","BANNOCK",45426,"08","2021","ID"
"2107","BEAR LAKE",3635,"08","2021","ID"
"2108","BENEWAH",5716,"08","2021","ID"
"2109","BINGHAM",22400,"08","2021","ID"
"2110","BLAINE",14878,"08","2021","ID"
"2111","BOISE",5512,"08","2021","ID"
"2112","BONNER",31078,"08","2021","ID"
"2113","BONNEVILLE",60518,"08","2021","ID"
"2114","BOUNDARY",7127,"08","2021","ID"
"2115","BUTTE",1534,"08","2021","ID"
"2116","CAMAS",752,"08","2021","ID"
"2117","CANYON",107451,"08","2021","ID"
"2118","CARIBOU",3816,"08","2021","ID"
"2119","CASSIA",10525,"08","2021","ID"
"2120","CLARK",377,"08","2021","ID"
"2121","CLEARWATER",4863,"08","2021","ID"
"2122","CUSTER",3020,"08","2021","ID"
"2123","ELMORE",11852,"08","2021","ID"
"2124","FRANKLIN",7251,"08","2021","ID"
"2125","FREMONT",7391,"08","2021","ID"
"2126","GEM",11286,"08","2021","ID"
"2127","GOODING",6732,"08","2021","ID"
"2128","IDAHO",10781,"08","2021","ID"
"2129","JEFFERSON",15466,"08","2021","ID"
"2130","JEROME",9174,"08","2021","ID"
"2131","KOOTENAI",101676,"08","2021","ID"
"2132","LATAH",23395,"08","2021","ID"
"2133","LEMHI",5357,"08","2021","ID"
"2134","LEWIS",2142,"08","2021","ID"
"2135","LINCOLN",2274,"08","2021","ID"
"2136","MADISON",19709,"08","2021","ID"
"2137","MINIDOKA",8715,"08","2021","ID"
"2138","NEZ PERCE",22863,"08","2021","ID"
"2139","ONEIDA",2770,"08","2021","ID"
"2140","OWYHEE",5491,"08","2021","ID"
"2141","PAYETTE",12717,"08","2021","ID"
"2142","POWER",3512,"08","2021","ID"
"2143","SHOSHONE",7080,"08","2021","ID"
"2144","TETON",7095,"08","2021","ID"
"2145","TWIN FALLS",41051,"08","2021","ID"
"2146","VALLEY",7957,"08","2021","ID"
"2147","WASHINGTON",5893,"08","2021","ID"
"2148","Total",983716,"08","2021","ID"
"2149","ADA",292763,"09","2021","ID"
"2150","ADAMS",2868,"09","2021","ID"
"2151","BANNOCK",45391,"09","2021","ID"
"2152","BEAR LAKE",3634,"09","2021","ID"
"2153","BENEWAH",5722,"09","2021","ID"
"2154","BINGHAM",22325,"09","2021","ID"
"2155","BLAINE",14872,"09","2021","ID"
"2156","BOISE",5516,"09","2021","ID"
"2157","BONNER",31051,"09","2021","ID"
"2158","BONNEVILLE",60455,"09","2021","ID"
"2159","BOUNDARY",7148,"09","2021","ID"
"2160","BUTTE",1536,"09","2021","ID"
"2161","CAMAS",753,"09","2021","ID"
"2162","CANYON",107339,"09","2021","ID"
"2163","CARIBOU",3814,"09","2021","ID"
"2164","CASSIA",10410,"09","2021","ID"
"2165","CLARK",376,"09","2021","ID"
"2166","CLEARWATER",4868,"09","2021","ID"
"2167","CUSTER",3017,"09","2021","ID"
"2168","ELMORE",11848,"09","2021","ID"
"2169","FRANKLIN",7255,"09","2021","ID"
"2170","FREMONT",7354,"09","2021","ID"
"2171","GEM",11289,"09","2021","ID"
"2172","GOODING",6722,"09","2021","ID"
"2173","IDAHO",10785,"09","2021","ID"
"2174","JEFFERSON",15471,"09","2021","ID"
"2175","JEROME",9172,"09","2021","ID"
"2176","KOOTENAI",101863,"09","2021","ID"
"2177","LATAH",23391,"09","2021","ID"
"2178","LEMHI",5354,"09","2021","ID"
"2179","LEWIS",2149,"09","2021","ID"
"2180","LINCOLN",2273,"09","2021","ID"
"2181","MADISON",19697,"09","2021","ID"
"2182","MINIDOKA",8715,"09","2021","ID"
"2183","NEZ PERCE",22851,"09","2021","ID"
"2184","ONEIDA",2771,"09","2021","ID"
"2185","OWYHEE",5486,"09","2021","ID"
"2186","PAYETTE",12730,"09","2021","ID"
"2187","POWER",3511,"09","2021","ID"
"2188","SHOSHONE",7071,"09","2021","ID"
"2189","TETON",7094,"09","2021","ID"
"2190","TWIN FALLS",41009,"09","2021","ID"
"2191","VALLEY",7947,"09","2021","ID"
"2192","WASHINGTON",5888,"09","2021","ID"
"2193","Total",983554,"09","2021","ID"
"2194","ADA",293847,"10","2021","ID"
"2195","ADAMS",2869,"10","2021","ID"
"2196","BANNOCK",45466,"10","2021","ID"
"2197","BEAR LAKE",3635,"10","2021","ID"
"2198","BENEWAH",5731,"10","2021","ID"
"2199","BINGHAM",22322,"10","2021","ID"
"2200","BLAINE",14898,"10","2021","ID"
"2201","BOISE",5529,"10","2021","ID"
"2202","BONNER",31137,"10","2021","ID"
"2203","BONNEVILLE",60407,"10","2021","ID"
"2204","BOUNDARY",7159,"10","2021","ID"
"2205","BUTTE",1535,"10","2021","ID"
"2206","CAMAS",749,"10","2021","ID"
"2207","CANYON",107692,"10","2021","ID"
"2208","CARIBOU",3812,"10","2021","ID"
"2209","CASSIA",10407,"10","2021","ID"
"2210","CLARK",376,"10","2021","ID"
"2211","CLEARWATER",4861,"10","2021","ID"
"2212","CUSTER",3029,"10","2021","ID"
"2213","ELMORE",11906,"10","2021","ID"
"2214","FRANKLIN",7263,"10","2021","ID"
"2215","FREMONT",7361,"10","2021","ID"
"2216","GEM",11306,"10","2021","ID"
"2217","GOODING",6722,"10","2021","ID"
"2218","IDAHO",10797,"10","2021","ID"
"2219","JEFFERSON",15470,"10","2021","ID"
"2220","JEROME",9188,"10","2021","ID"
"2221","KOOTENAI",102400,"10","2021","ID"
"2222","LATAH",23431,"10","2021","ID"
"2223","LEMHI",5370,"10","2021","ID"
"2224","LEWIS",2150,"10","2021","ID"
"2225","LINCOLN",2270,"10","2021","ID"
"2226","MADISON",19716,"10","2021","ID"
"2227","MINIDOKA",8701,"10","2021","ID"
"2228","NEZ PERCE",22914,"10","2021","ID"
"2229","ONEIDA",2766,"10","2021","ID"
"2230","OWYHEE",5509,"10","2021","ID"
"2231","PAYETTE",12752,"10","2021","ID"
"2232","POWER",3511,"10","2021","ID"
"2233","SHOSHONE",7070,"10","2021","ID"
"2234","TETON",7102,"10","2021","ID"
"2235","TWIN FALLS",41079,"10","2021","ID"
"2236","VALLEY",7972,"10","2021","ID"
"2237","WASHINGTON",5887,"10","2021","ID"
"2238","Total",986074,"10","2021","ID"
"2239","ADA",294227,"11","2021","ID"
"2240","ADAMS",2871,"11","2021","ID"
"2241","BANNOCK",45513,"11","2021","ID"
"2242","BEAR LAKE",3632,"11","2021","ID"
"2243","BENEWAH",5739,"11","2021","ID"
"2244","BINGHAM",22337,"11","2021","ID"
"2245","BLAINE",14913,"11","2021","ID"
"2246","BOISE",5537,"11","2021","ID"
"2247","BONNER",31146,"11","2021","ID"
"2248","BONNEVILLE",59998,"11","2021","ID"
"2249","BOUNDARY",7173,"11","2021","ID"
"2250","BUTTE",1536,"11","2021","ID"
"2251","CAMAS",751,"11","2021","ID"
"2252","CANYON",107853,"11","2021","ID"
"2253","CARIBOU",3814,"11","2021","ID"
"2254","CASSIA",10411,"11","2021","ID"
"2255","CLARK",376,"11","2021","ID"
"2256","CLEARWATER",4867,"11","2021","ID"
"2257","CUSTER",3027,"11","2021","ID"
"2258","ELMORE",11908,"11","2021","ID"
"2259","FRANKLIN",7243,"11","2021","ID"
"2260","FREMONT",7350,"11","2021","ID"
"2261","GEM",11316,"11","2021","ID"
"2262","GOODING",6721,"11","2021","ID"
"2263","IDAHO",10800,"11","2021","ID"
"2264","JEFFERSON",15478,"11","2021","ID"
"2265","JEROME",9183,"11","2021","ID"
"2266","KOOTENAI",102727,"11","2021","ID"
"2267","LATAH",23440,"11","2021","ID"
"2268","LEMHI",5377,"11","2021","ID"
"2269","LEWIS",2156,"11","2021","ID"
"2270","LINCOLN",2270,"11","2021","ID"
"2271","MADISON",19719,"11","2021","ID"
"2272","MINIDOKA",8694,"11","2021","ID"
"2273","NEZ PERCE",22980,"11","2021","ID"
"2274","ONEIDA",2763,"11","2021","ID"
"2275","OWYHEE",5526,"11","2021","ID"
"2276","PAYETTE",12760,"11","2021","ID"
"2277","POWER",3516,"11","2021","ID"
"2278","SHOSHONE",7058,"11","2021","ID"
"2279","TETON",7132,"11","2021","ID"
"2280","TWIN FALLS",41090,"11","2021","ID"
"2281","VALLEY",7988,"11","2021","ID"
"2282","WASHINGTON",5894,"11","2021","ID"
"2283","Total",986810,"11","2021","ID"
"2284","ADA",295494,"12","2021","ID"
"2285","ADAMS",2866,"12","2021","ID"
"2286","BANNOCK",45808,"12","2021","ID"
"2287","BEAR LAKE",3616,"12","2021","ID"
"2288","BENEWAH",5744,"12","2021","ID"
"2289","BINGHAM",22459,"12","2021","ID"
"2290","BLAINE",14877,"12","2021","ID"
"2291","BOISE",5598,"12","2021","ID"
"2292","BONNER",31307,"12","2021","ID"
"2293","BONNEVILLE",60143,"12","2021","ID"
"2294","BOUNDARY",7214,"12","2021","ID"
"2295","BUTTE",1513,"12","2021","ID"
"2296","CAMAS",753,"12","2021","ID"
"2297","CANYON",108312,"12","2021","ID"
"2298","CARIBOU",3852,"12","2021","ID"
"2299","CASSIA",10446,"12","2021","ID"
"2300","CLARK",380,"12","2021","ID"
"2301","CLEARWATER",4902,"12","2021","ID"
"2302","CUSTER",3041,"12","2021","ID"
"2303","ELMORE",11918,"12","2021","ID"
"2304","FRANKLIN",7275,"12","2021","ID"
"2305","FREMONT",7344,"12","2021","ID"
"2306","GEM",11349,"12","2021","ID"
"2307","GOODING",6738,"12","2021","ID"
"2308","IDAHO",10801,"12","2021","ID"
"2309","JEFFERSON",15408,"12","2021","ID"
"2310","JEROME",9196,"12","2021","ID"
"2311","KOOTENAI",103491,"12","2021","ID"
"2312","LATAH",23613,"12","2021","ID"
"2313","LEMHI",5368,"12","2021","ID"
"2314","LEWIS",2160,"12","2021","ID"
"2315","LINCOLN",2263,"12","2021","ID"
"2316","MADISON",19773,"12","2021","ID"
"2317","MINIDOKA",8715,"12","2021","ID"
"2318","NEZ PERCE",23088,"12","2021","ID"
"2319","ONEIDA",2770,"12","2021","ID"
"2320","OWYHEE",5528,"12","2021","ID"
"2321","PAYETTE",12776,"12","2021","ID"
"2322","POWER",3536,"12","2021","ID"
"2323","SHOSHONE",7097,"12","2021","ID"
"2324","TETON",7183,"12","2021","ID"
"2325","TWIN FALLS",41136,"12","2021","ID"
"2326","VALLEY",8008,"12","2021","ID"
"2327","WASHINGTON",5927,"12","2021","ID"
"2328","Total",990786,"12","2021","ID"
"2329","ADA",296263,"01","2022","ID"
"2330","ADAMS",2867,"01","2022","ID"
"2331","BANNOCK",45889,"01","2022","ID"
"2332","BEAR LAKE",3610,"01","2022","ID"
"2333","BENEWAH",5743,"01","2022","ID"
"2334","BINGHAM",22382,"01","2022","ID"
"2335","BLAINE",15000,"01","2022","ID"
"2336","BOISE",5580,"01","2022","ID"
"2337","BONNER",31302,"01","2022","ID"
"2338","BONNEVILLE",60059,"01","2022","ID"
"2339","BOUNDARY",7217,"01","2022","ID"
"2340","BUTTE",1508,"01","2022","ID"
"2341","CAMAS",754,"01","2022","ID"
"2342","CANYON",108301,"01","2022","ID"
"2343","CARIBOU",3814,"01","2022","ID"
"2344","CASSIA",10411,"01","2022","ID"
"2345","CLARK",380,"01","2022","ID"
"2346","CLEARWATER",4900,"01","2022","ID"
"2347","CUSTER",3040,"01","2022","ID"
"2348","ELMORE",11908,"01","2022","ID"
"2349","FRANKLIN",7242,"01","2022","ID"
"2350","FREMONT",7334,"01","2022","ID"
"2351","GEM",11334,"01","2022","ID"
"2352","GOODING",6729,"01","2022","ID"
"2353","IDAHO",10812,"01","2022","ID"
"2354","JEFFERSON",15378,"01","2022","ID"
"2355","JEROME",9160,"01","2022","ID"
"2356","KOOTENAI",103451,"01","2022","ID"
"2357","LATAH",23667,"01","2022","ID"
"2358","LEMHI",5366,"01","2022","ID"
"2359","LEWIS",2156,"01","2022","ID"
"2360","LINCOLN",2267,"01","2022","ID"
"2361","MADISON",19754,"01","2022","ID"
"2362","MINIDOKA",8698,"01","2022","ID"
"2363","NEZ PERCE",23059,"01","2022","ID"
"2364","ONEIDA",2774,"01","2022","ID"
"2365","OWYHEE",5529,"01","2022","ID"
"2366","PAYETTE",12773,"01","2022","ID"
"2367","POWER",3517,"01","2022","ID"
"2368","SHOSHONE",7085,"01","2022","ID"
"2369","TETON",7178,"01","2022","ID"
"2370","TWIN FALLS",41077,"01","2022","ID"
"2371","VALLEY",8004,"01","2022","ID"
"2372","WASHINGTON",5915,"01","2022","ID"
"2373","Total",991187,"01","2022","ID"
"2374","ADA",297292,"04","2022","ID"
"2375","ADAMS",2903,"04","2022","ID"
"2376","BANNOCK",45866,"04","2022","ID"
"2377","BEAR LAKE",3607,"04","2022","ID"
"2378","BENEWAH",5742,"04","2022","ID"
"2379","BINGHAM",22424,"04","2022","ID"
"2380","BLAINE",15106,"04","2022","ID"
"2381","BOISE",5660,"04","2022","ID"
"2382","BONNER",31463,"04","2022","ID"
"2383","BONNEVILLE",59760,"04","2022","ID"
"2384","BOUNDARY",7353,"04","2022","ID"
"2385","BUTTE",1500,"04","2022","ID"
"2386","CAMAS",754,"04","2022","ID"
"2387","CANYON",108927,"04","2022","ID"
"2388","CARIBOU",3819,"04","2022","ID"
"2389","CASSIA",10387,"04","2022","ID"
"2390","CLARK",337,"04","2022","ID"
"2391","CLEARWATER",4898,"04","2022","ID"
"2392","CUSTER",3043,"04","2022","ID"
"2393","ELMORE",11949,"04","2022","ID"
"2394","FRANKLIN",7312,"04","2022","ID"
"2395","FREMONT",7318,"04","2022","ID"
"2396","GEM",11404,"04","2022","ID"
"2397","GOODING",6729,"04","2022","ID"
"2398","IDAHO",10971,"04","2022","ID"
"2399","JEFFERSON",15632,"04","2022","ID"
"2400","JEROME",9148,"04","2022","ID"
"2401","KOOTENAI",103781,"04","2022","ID"
"2402","LATAH",23509,"04","2022","ID"
"2403","LEMHI",5401,"04","2022","ID"
"2404","LEWIS",2153,"04","2022","ID"
"2405","LINCOLN",2269,"04","2022","ID"
"2406","MADISON",19843,"04","2022","ID"
"2407","MINIDOKA",8681,"04","2022","ID"
"2408","NEZ PERCE",23035,"04","2022","ID"
"2409","ONEIDA",2779,"04","2022","ID"
"2410","OWYHEE",5531,"04","2022","ID"
"2411","PAYETTE",12789,"04","2022","ID"
"2412","POWER",3516,"04","2022","ID"
"2413","SHOSHONE",7116,"04","2022","ID"
"2414","TETON",7194,"04","2022","ID"
"2415","TWIN FALLS",41117,"04","2022","ID"
"2416","VALLEY",8023,"04","2022","ID"
"2417","WASHINGTON",5941,"04","2022","ID"
"2418","Total",993982,"04","2022","ID"
"2419","ADA",297565,"05","2022","ID"
"2420","ADAMS",2897,"05","2022","ID"
"2421","BANNOCK",46057,"05","2022","ID"
"2422","BEAR LAKE",3613,"05","2022","ID"
"2423","BENEWAH",5771,"05","2022","ID"
"2424","BINGHAM",22421,"05","2022","ID"
"2425","BLAINE",15163,"05","2022","ID"
"2426","BOISE",5667,"05","2022","ID"
"2427","BONNER",31586,"05","2022","ID"
"2428","BONNEVILLE",59378,"05","2022","ID"
"2429","BOUNDARY",7409,"05","2022","ID"
"2430","BUTTE",1501,"05","2022","ID"
"2431","CAMAS",753,"05","2022","ID"
"2432","CANYON",109321,"05","2022","ID"
"2433","CARIBOU",3817,"05","2022","ID"
"2434","CASSIA",10391,"05","2022","ID"
"2435","CLARK",338,"05","2022","ID"
"2436","CLEARWATER",4905,"05","2022","ID"
"2437","CUSTER",3043,"05","2022","ID"
"2438","ELMORE",12034,"05","2022","ID"
"2439","FRANKLIN",7298,"05","2022","ID"
"2440","FREMONT",7307,"05","2022","ID"
"2441","GEM",11444,"05","2022","ID"
"2442","GOODING",6738,"05","2022","ID"
"2443","IDAHO",11031,"05","2022","ID"
"2444","JEFFERSON",15687,"05","2022","ID"
"2445","JEROME",9158,"05","2022","ID"
"2446","KOOTENAI",104226,"05","2022","ID"
"2447","LATAH",23420,"05","2022","ID"
"2448","LEMHI",5414,"05","2022","ID"
"2449","LEWIS",2153,"05","2022","ID"
"2450","LINCOLN",2271,"05","2022","ID"
"2451","MADISON",19845,"05","2022","ID"
"2452","MINIDOKA",8691,"05","2022","ID"
"2453","NEZ PERCE",23043,"05","2022","ID"
"2454","ONEIDA",2794,"05","2022","ID"
"2455","OWYHEE",5542,"05","2022","ID"
"2456","PAYETTE",12756,"05","2022","ID"
"2457","POWER",3518,"05","2022","ID"
"2458","SHOSHONE",7139,"05","2022","ID"
"2459","TETON",7195,"05","2022","ID"
"2460","TWIN FALLS",41183,"05","2022","ID"
"2461","VALLEY",8036,"05","2022","ID"
"2462","WASHINGTON",5955,"05","2022","ID"
"2463","Total",995474,"05","2022","ID"
"2464","ADA",298113,"06","2022","ID"
"2465","ADAMS",2904,"06","2022","ID"
"2466","BANNOCK",46182,"06","2022","ID"
"2467","BEAR LAKE",3651,"06","2022","ID"
"2468","BENEWAH",5842,"06","2022","ID"
"2469","BINGHAM",22622,"06","2022","ID"
"2470","BLAINE",15182,"06","2022","ID"
"2471","BOISE",5697,"06","2022","ID"
"2472","BONNER",31966,"06","2022","ID"
"2473","BONNEVILLE",59758,"06","2022","ID"
"2474","BOUNDARY",7305,"06","2022","ID"
"2475","BUTTE",1497,"06","2022","ID"
"2476","CAMAS",731,"06","2022","ID"
"2477","CANYON",109752,"06","2022","ID"
"2478","CARIBOU",3845,"06","2022","ID"
"2479","CASSIA",10315,"06","2022","ID"
"2480","CLARK",351,"06","2022","ID"
"2481","CLEARWATER",4939,"06","2022","ID"
"2482","CUSTER",3053,"06","2022","ID"
"2483","ELMORE",12196,"06","2022","ID"
"2484","FRANKLIN",7362,"06","2022","ID"
"2485","FREMONT",7409,"06","2022","ID"
"2486","GEM",11537,"06","2022","ID"
"2487","GOODING",6786,"06","2022","ID"
"2488","IDAHO",11143,"06","2022","ID"
"2489","JEFFERSON",15825,"06","2022","ID"
"2490","JEROME",9211,"06","2022","ID"
"2491","KOOTENAI",105126,"06","2022","ID"
"2492","LATAH",23521,"06","2022","ID"
"2493","LEMHI",5489,"06","2022","ID"
"2494","LEWIS",2182,"06","2022","ID"
"2495","LINCOLN",2290,"06","2022","ID"
"2496","MADISON",20130,"06","2022","ID"
"2497","MINIDOKA",8773,"06","2022","ID"
"2498","NEZ PERCE",23114,"06","2022","ID"
"2499","ONEIDA",2815,"06","2022","ID"
"2500","OWYHEE",5630,"06","2022","ID"
"2501","PAYETTE",12900,"06","2022","ID"
"2502","POWER",3568,"06","2022","ID"
"2503","SHOSHONE",7151,"06","2022","ID"
"2504","TETON",7239,"06","2022","ID"
"2505","TWIN FALLS",41495,"06","2022","ID"
"2506","VALLEY",8100,"06","2022","ID"
"2507","WASHINGTON",5834,"06","2022","ID"
"2508","Total",1000531,"06","2022","ID"
"2509","ADA",300002,"07","2022","ID"
"2510","ADAMS",2889,"07","2022","ID"
"2511","BANNOCK",46171,"07","2022","ID"
"2512","BEAR LAKE",3648,"07","2022","ID"
"2513","BENEWAH",5830,"07","2022","ID"
"2514","BINGHAM",22600,"07","2022","ID"
"2515","BLAINE",15162,"07","2022","ID"
"2516","BOISE",5720,"07","2022","ID"
"2517","BONNER",31340,"07","2022","ID"
"2518","BONNEVILLE",57997,"07","2022","ID"
"2519","BOUNDARY",7308,"07","2022","ID"
"2520","BUTTE",1491,"07","2022","ID"
"2521","CAMAS",730,"07","2022","ID"
"2522","CANYON",109719,"07","2022","ID"
"2523","CARIBOU",3803,"07","2022","ID"
"2524","CASSIA",10301,"07","2022","ID"
"2525","CLARK",352,"07","2022","ID"
"2526","CLEARWATER",4924,"07","2022","ID"
"2527","CUSTER",3056,"07","2022","ID"
"2528","ELMORE",12209,"07","2022","ID"
"2529","FRANKLIN",7286,"07","2022","ID"
"2530","FREMONT",7415,"07","2022","ID"
"2531","GEM",11288,"07","2022","ID"
"2532","GOODING",6784,"07","2022","ID"
"2533","IDAHO",11144,"07","2022","ID"
"2534","JEFFERSON",15818,"07","2022","ID"
"2535","JEROME",8901,"07","2022","ID"
"2536","KOOTENAI",105162,"07","2022","ID"
"2537","LATAH",22258,"07","2022","ID"
"2538","LEMHI",5481,"07","2022","ID"
"2539","LEWIS",2178,"07","2022","ID"
"2540","LINCOLN",2290,"07","2022","ID"
"2541","MADISON",20129,"07","2022","ID"
"2542","MINIDOKA",8578,"07","2022","ID"
"2543","NEZ PERCE",23105,"07","2022","ID"
"2544","ONEIDA",2807,"07","2022","ID"
"2545","OWYHEE",5502,"07","2022","ID"
"2546","PAYETTE",12894,"07","2022","ID"
"2547","POWER",3567,"07","2022","ID"
"2548","SHOSHONE",7122,"07","2022","ID"
"2549","TETON",7237,"07","2022","ID"
"2550","TWIN FALLS",41280,"07","2022","ID"
"2551","VALLEY",8098,"07","2022","ID"
"2552","WASHINGTON",5935,"07","2022","ID"
"2553","Total",997511,"07","2022","ID"
"2554","ADA",300135,"08","2022","ID"
"2555","ADAMS",2879,"08","2022","ID"
"2556","BANNOCK",46163,"08","2022","ID"
"2557","BEAR LAKE",3647,"08","2022","ID"
"2558","BENEWAH",5846,"08","2022","ID"
"2559","BINGHAM",22371,"08","2022","ID"
"2560","BLAINE",15278,"08","2022","ID"
"2561","BOISE",5726,"08","2022","ID"
"2562","BONNER",31010,"08","2022","ID"
"2563","BONNEVILLE",57833,"08","2022","ID"
"2564","BOUNDARY",7333,"08","2022","ID"
"2565","BUTTE",1488,"08","2022","ID"
"2566","CAMAS",729,"08","2022","ID"
"2567","CANYON",110240,"08","2022","ID"
"2568","CARIBOU",3797,"08","2022","ID"
"2569","CASSIA",10272,"08","2022","ID"
"2570","CLARK",353,"08","2022","ID"
"2571","CLEARWATER",4929,"08","2022","ID"
"2572","CUSTER",3046,"08","2022","ID"
"2573","ELMORE",12193,"08","2022","ID"
"2574","FRANKLIN",7215,"08","2022","ID"
"2575","FREMONT",7296,"08","2022","ID"
"2576","GEM",11274,"08","2022","ID"
"2577","GOODING",6780,"08","2022","ID"
"2578","IDAHO",11131,"08","2022","ID"
"2579","JEFFERSON",15799,"08","2022","ID"
"2580","JEROME",8912,"08","2022","ID"
"2581","KOOTENAI",101129,"08","2022","ID"
"2582","LATAH",22243,"08","2022","ID"
"2583","LEMHI",5470,"08","2022","ID"
"2584","LEWIS",2184,"08","2022","ID"
"2585","LINCOLN",2241,"08","2022","ID"
"2586","MADISON",20118,"08","2022","ID"
"2587","MINIDOKA",8461,"08","2022","ID"
"2588","NEZ PERCE",23078,"08","2022","ID"
"2589","ONEIDA",2802,"08","2022","ID"
"2590","OWYHEE",5437,"08","2022","ID"
"2591","PAYETTE",12917,"08","2022","ID"
"2592","POWER",3552,"08","2022","ID"
"2593","SHOSHONE",7104,"08","2022","ID"
"2594","TETON",7249,"08","2022","ID"
"2595","TWIN FALLS",41274,"08","2022","ID"
"2596","VALLEY",8017,"08","2022","ID"
"2597","WASHINGTON",5844,"08","2022","ID"
"2598","Total",992795,"08","2022","ID"
"2599","ADA",300178,"09","2022","ID"
"2600","ADAMS",2884,"09","2022","ID"
"2601","BANNOCK",46133,"09","2022","ID"
"2602","BEAR LAKE",3651,"09","2022","ID"
"2603","BENEWAH",5839,"09","2022","ID"
"2604","BINGHAM",22073,"09","2022","ID"
"2605","BLAINE",15276,"09","2022","ID"
"2606","BOISE",5727,"09","2022","ID"
"2607","BONNER",31024,"09","2022","ID"
"2608","BONNEVILLE",57774,"09","2022","ID"
"2609","BOUNDARY",7453,"09","2022","ID"
"2610","BUTTE",1483,"09","2022","ID"
"2611","CAMAS",730,"09","2022","ID"
"2612","CANYON",110288,"09","2022","ID"
"2613","CARIBOU",3753,"09","2022","ID"
"2614","CASSIA",10251,"09","2022","ID"
"2615","CLARK",353,"09","2022","ID"
"2616","CLEARWATER",4938,"09","2022","ID"
"2617","CUSTER",3051,"09","2022","ID"
"2618","ELMORE",12206,"09","2022","ID"
"2619","FRANKLIN",7219,"09","2022","ID"
"2620","FREMONT",7321,"09","2022","ID"
"2621","GEM",11302,"09","2022","ID"
"2622","GOODING",6774,"09","2022","ID"
"2623","IDAHO",11137,"09","2022","ID"
"2624","JEFFERSON",15813,"09","2022","ID"
"2625","JEROME",8896,"09","2022","ID"
"2626","KOOTENAI",101297,"09","2022","ID"
"2627","LATAH",22307,"09","2022","ID"
"2628","LEMHI",5471,"09","2022","ID"
"2629","LEWIS",2184,"09","2022","ID"
"2630","LINCOLN",2236,"09","2022","ID"
"2631","MADISON",20113,"09","2022","ID"
"2632","MINIDOKA",8411,"09","2022","ID"
"2633","NEZ PERCE",23111,"09","2022","ID"
"2634","ONEIDA",2725,"09","2022","ID"
"2635","OWYHEE",5429,"09","2022","ID"
"2636","PAYETTE",12505,"09","2022","ID"
"2637","POWER",3553,"09","2022","ID"
"2638","SHOSHONE",7106,"09","2022","ID"
"2639","TETON",7271,"09","2022","ID"
"2640","TWIN FALLS",41216,"09","2022","ID"
"2641","VALLEY",8026,"09","2022","ID"
"2642","WASHINGTON",5844,"09","2022","ID"
"2643","Total",992332,"09","2022","ID"
"2644","ADA",302162,"10","2022","ID"
"2645","ADAMS",2898,"10","2022","ID"
"2646","BANNOCK",46497,"10","2022","ID"
"2647","BEAR LAKE",3666,"10","2022","ID"
"2648","BENEWAH",5926,"10","2022","ID"
"2649","BINGHAM",22154,"10","2022","ID"
"2650","BLAINE",15381,"10","2022","ID"
"2651","BOISE",5773,"10","2022","ID"
"2652","BONNER",31325,"10","2022","ID"
"2653","BONNEVILLE",58347,"10","2022","ID"
"2654","BOUNDARY",7571,"10","2022","ID"
"2655","BUTTE",1497,"10","2022","ID"
"2656","CAMAS",728,"10","2022","ID"
"2657","CANYON",111539,"10","2022","ID"
"2658","CARIBOU",3761,"10","2022","ID"
"2659","CASSIA",10300,"10","2022","ID"
"2660","CLARK",353,"10","2022","ID"
"2661","CLEARWATER",4969,"10","2022","ID"
"2662","CUSTER",3021,"10","2022","ID"
"2663","ELMORE",12272,"10","2022","ID"
"2664","FRANKLIN",7241,"10","2022","ID"
"2665","FREMONT",7349,"10","2022","ID"
"2666","GEM",11376,"10","2022","ID"
"2667","GOODING",6796,"10","2022","ID"
"2668","IDAHO",11184,"10","2022","ID"
"2669","JEFFERSON",15609,"10","2022","ID"
"2670","JEROME",8938,"10","2022","ID"
"2671","KOOTENAI",102342,"10","2022","ID"
"2672","LATAH",22475,"10","2022","ID"
"2673","LEMHI",5498,"10","2022","ID"
"2674","LEWIS",2195,"10","2022","ID"
"2675","LINCOLN",2234,"10","2022","ID"
"2676","MADISON",20267,"10","2022","ID"
"2677","MINIDOKA",8441,"10","2022","ID"
"2678","NEZ PERCE",23115,"10","2022","ID"
"2679","ONEIDA",2737,"10","2022","ID"
"2680","OWYHEE",5471,"10","2022","ID"
"2681","PAYETTE",12532,"10","2022","ID"
"2682","POWER",3568,"10","2022","ID"
"2683","SHOSHONE",7141,"10","2022","ID"
"2684","TETON",7215,"10","2022","ID"
"2685","TWIN FALLS",41569,"10","2022","ID"
"2686","VALLEY",8079,"10","2022","ID"
"2687","WASHINGTON",5872,"10","2022","ID"
"2688","Total",999384,"10","2022","ID"
"2689","ADA",304595,"11","2022","ID"
"2690","ADAMS",2921,"11","2022","ID"
"2691","BANNOCK",46734,"11","2022","ID"
"2692","BEAR LAKE",3609,"11","2022","ID"
"2693","BENEWAH",5983,"11","2022","ID"
"2694","BINGHAM",22271,"11","2022","ID"
"2695","BLAINE",15420,"11","2022","ID"
"2696","BOISE",5790,"11","2022","ID"
"2697","BONNER",31557,"11","2022","ID"
"2698","BONNEVILLE",58825,"11","2022","ID"
"2699","BOUNDARY",7654,"11","2022","ID"
"2700","BUTTE",1499,"11","2022","ID"
"2701","CAMAS",731,"11","2022","ID"
"2702","CANYON",112653,"11","2022","ID"
"2703","CARIBOU",3775,"11","2022","ID"
"2704","CASSIA",10329,"11","2022","ID"
"2705","CLARK",352,"11","2022","ID"
"2706","CLEARWATER",5020,"11","2022","ID"
"2707","CUSTER",3046,"11","2022","ID"
"2708","ELMORE",12334,"11","2022","ID"
"2709","FRANKLIN",7286,"11","2022","ID"
"2710","FREMONT",7369,"11","2022","ID"
"2711","GEM",11477,"11","2022","ID"
"2712","GOODING",6824,"11","2022","ID"
"2713","IDAHO",11066,"11","2022","ID"
"2714","JEFFERSON",15643,"11","2022","ID"
"2715","JEROME",8998,"11","2022","ID"
"2716","KOOTENAI",103341,"11","2022","ID"
"2717","LATAH",22664,"11","2022","ID"
"2718","LEMHI",5523,"11","2022","ID"
"2719","LEWIS",2200,"11","2022","ID"
"2720","LINCOLN",2229,"11","2022","ID"
"2721","MADISON",20308,"11","2022","ID"
"2722","MINIDOKA",8462,"11","2022","ID"
"2723","NEZ PERCE",23105,"11","2022","ID"
"2724","ONEIDA",2755,"11","2022","ID"
"2725","OWYHEE",5480,"11","2022","ID"
"2726","PAYETTE",12651,"11","2022","ID"
"2727","POWER",3588,"11","2022","ID"
"2728","SHOSHONE",7195,"11","2022","ID"
"2729","TETON",7198,"11","2022","ID"
"2730","TWIN FALLS",41663,"11","2022","ID"
"2731","VALLEY",8150,"11","2022","ID"
"2732","WASHINGTON",5907,"11","2022","ID"
"2733","Total",1006180,"11","2022","ID"
"2734","ADA",308755,"12","2022","ID"
"2735","ADAMS",3014,"12","2022","ID"
"2736","BANNOCK",47514,"12","2022","ID"
"2737","BEAR LAKE",3678,"12","2022","ID"
"2738","BENEWAH",6125,"12","2022","ID"
"2739","BINGHAM",22768,"12","2022","ID"
"2740","BLAINE",15684,"12","2022","ID"
"2741","BOISE",5797,"12","2022","ID"
"2742","BONNER",32405,"12","2022","ID"
"2743","BONNEVILLE",60886,"12","2022","ID"
"2744","BOUNDARY",7816,"12","2022","ID"
"2745","BUTTE",1554,"12","2022","ID"
"2746","CAMAS",744,"12","2022","ID"
"2747","CANYON",112314,"12","2022","ID"
"2748","CARIBOU",3836,"12","2022","ID"
"2749","CASSIA",10501,"12","2022","ID"
"2750","CLARK",343,"12","2022","ID"
"2751","CLEARWATER",5035,"12","2022","ID"
"2752","CUSTER",3100,"12","2022","ID"
"2753","ELMORE",12542,"12","2022","ID"
"2754","FRANKLIN",7511,"12","2022","ID"
"2755","FREMONT",7535,"12","2022","ID"
"2756","GEM",11762,"12","2022","ID"
"2757","GOODING",6978,"12","2022","ID"
"2758","IDAHO",11300,"12","2022","ID"
"2759","JEFFERSON",16038,"12","2022","ID"
"2760","JEROME",9161,"12","2022","ID"
"2761","KOOTENAI",105278,"12","2022","ID"
"2762","LATAH",23112,"12","2022","ID"
"2763","LEMHI",5636,"12","2022","ID"
"2764","LEWIS",2271,"12","2022","ID"
"2765","LINCOLN",2314,"12","2022","ID"
"2766","MADISON",20856,"12","2022","ID"
"2767","MINIDOKA",8697,"12","2022","ID"
"2768","NEZ PERCE",23488,"12","2022","ID"
"2769","ONEIDA",2802,"12","2022","ID"
"2770","OWYHEE",5592,"12","2022","ID"
"2771","PAYETTE",13041,"12","2022","ID"
"2772","POWER",3659,"12","2022","ID"
"2773","SHOSHONE",7369,"12","2022","ID"
"2774","TETON",7438,"12","2022","ID"
"2775","TWIN FALLS",42521,"12","2022","ID"
"2776","VALLEY",8301,"12","2022","ID"
"2777","WASHINGTON",6055,"12","2022","ID"
"2778","Total",1023126,"12","2022","ID"
"2779","ADA",309544,"01","2023","ID"
"2780","ADAMS",2938,"01","2023","ID"
"2781","BANNOCK",47479,"01","2023","ID"
"2782","BEAR LAKE",3675,"01","2023","ID"
"2783","BENEWAH",6126,"01","2023","ID"
"2784","BINGHAM",22756,"01","2023","ID"
"2785","BLAINE",15663,"01","2023","ID"
"2786","BOISE",5923,"01","2023","ID"
"2787","BONNER",32342,"01","2023","ID"
"2788","BONNEVILLE",60677,"01","2023","ID"
"2789","BOUNDARY",7811,"01","2023","ID"
"2790","BUTTE",1541,"01","2023","ID"
"2791","CAMAS",744,"01","2023","ID"
"2792","CANYON",112865,"01","2023","ID"
"2793","CARIBOU",3833,"01","2023","ID"
"2794","CASSIA",10494,"01","2023","ID"
"2795","CLARK",343,"01","2023","ID"
"2796","CLEARWATER",5036,"01","2023","ID"
"2797","CUSTER",2924,"01","2023","ID"
"2798","ELMORE",12552,"01","2023","ID"
"2799","FRANKLIN",7474,"01","2023","ID"
"2800","FREMONT",7443,"01","2023","ID"
"2801","GEM",11736,"01","2023","ID"
"2802","GOODING",6962,"01","2023","ID"
"2803","IDAHO",11297,"01","2023","ID"
"2804","JEFFERSON",15992,"01","2023","ID"
"2805","JEROME",9154,"01","2023","ID"
"2806","KOOTENAI",105217,"01","2023","ID"
"2807","LATAH",23479,"01","2023","ID"
"2808","LEMHI",5638,"01","2023","ID"
"2809","LEWIS",2251,"01","2023","ID"
"2810","LINCOLN",2310,"01","2023","ID"
"2811","MADISON",20858,"01","2023","ID"
"2812","MINIDOKA",8691,"01","2023","ID"
"2813","NEZ PERCE",23473,"01","2023","ID"
"2814","ONEIDA",2802,"01","2023","ID"
"2815","OWYHEE",5660,"01","2023","ID"
"2816","PAYETTE",13004,"01","2023","ID"
"2817","POWER",3655,"01","2023","ID"
"2818","SHOSHONE",7364,"01","2023","ID"
"2819","TETON",7434,"01","2023","ID"
"2820","TWIN FALLS",42377,"01","2023","ID"
"2821","VALLEY",8268,"01","2023","ID"
"2822","WASHINGTON",6045,"01","2023","ID"
"2823","Total",1023850,"01","2023","ID"
"2824","ADA",296275,"02","2023","ID"
"2825","ADAMS",2938,"02","2023","ID"
"2826","BANNOCK",44835,"02","2023","ID"
"2827","BEAR LAKE",3617,"02","2023","ID"
"2828","BENEWAH",6116,"02","2023","ID"
"2829","BINGHAM",22728,"02","2023","ID"
"2830","BLAINE",15684,"02","2023","ID"
"2831","BOISE",5709,"02","2023","ID"
"2832","BONNER",31429,"02","2023","ID"
"2833","BONNEVILLE",58736,"02","2023","ID"
"2834","BOUNDARY",7623,"02","2023","ID"
"2835","BUTTE",1506,"02","2023","ID"
"2836","CAMAS",735,"02","2023","ID"
"2837","CANYON",114090,"02","2023","ID"
"2838","CARIBOU",3823,"02","2023","ID"
"2839","CASSIA",10298,"02","2023","ID"
"2840","CLARK",334,"02","2023","ID"
"2841","CLEARWATER",5036,"02","2023","ID"
"2842","CUSTER",2923,"02","2023","ID"
"2843","ELMORE",11868,"02","2023","ID"
"2844","FRANKLIN",7332,"02","2023","ID"
"2845","FREMONT",7244,"02","2023","ID"
"2846","GEM",11434,"02","2023","ID"
"2847","GOODING",6681,"02","2023","ID"
"2848","IDAHO",10958,"02","2023","ID"
"2849","JEFFERSON",15444,"02","2023","ID"
"2850","JEROME",8602,"02","2023","ID"
"2851","KOOTENAI",102464,"02","2023","ID"
"2852","LATAH",23285,"02","2023","ID"
"2853","LEMHI",5511,"02","2023","ID"
"2854","LEWIS",2194,"02","2023","ID"
"2855","LINCOLN",2312,"02","2023","ID"
"2856","MADISON",20845,"02","2023","ID"
"2857","MINIDOKA",8209,"02","2023","ID"
"2858","NEZ PERCE",23321,"02","2023","ID"
"2859","ONEIDA",2799,"02","2023","ID"
"2860","OWYHEE",5564,"02","2023","ID"
"2861","PAYETTE",13023,"02","2023","ID"
"2862","POWER",3659,"02","2023","ID"
"2863","SHOSHONE",7069,"02","2023","ID"
"2864","TETON",7432,"02","2023","ID"
"2865","TWIN FALLS",40632,"02","2023","ID"
"2866","VALLEY",7943,"02","2023","ID"
"2867","WASHINGTON",5909,"02","2023","ID"
"2868","Total",996169,"02","2023","ID"
"2869","ADA",295859,"03","2023","ID"
"2870","ADAMS",2933,"03","2023","ID"
"2871","BANNOCK",44764,"03","2023","ID"
"2872","BEAR LAKE",3616,"03","2023","ID"
"2873","BENEWAH",5865,"03","2023","ID"
"2874","BINGHAM",22003,"03","2023","ID"
"2875","BLAINE",15726,"03","2023","ID"
"2876","BOISE",5713,"03","2023","ID"
"2877","BONNER",31411,"03","2023","ID"
"2878","BONNEVILLE",58712,"03","2023","ID"
"2879","BOUNDARY",7617,"03","2023","ID"
"2880","BUTTE",1504,"03","2023","ID"
"2881","CAMAS",735,"03","2023","ID"
"2882","CANYON",114424,"03","2023","ID"
"2883","CARIBOU",3706,"03","2023","ID"
"2884","CASSIA",10190,"03","2023","ID"
"2885","CLARK",333,"03","2023","ID"
"2886","CLEARWATER",4949,"03","2023","ID"
"2887","CUSTER",2924,"03","2023","ID"
"2888","ELMORE",11860,"03","2023","ID"
"2889","FRANKLIN",7329,"03","2023","ID"
"2890","FREMONT",7239,"03","2023","ID"
"2891","GEM",11423,"03","2023","ID"
"2892","GOODING",6678,"03","2023","ID"
"2893","IDAHO",10954,"03","2023","ID"
"2894","JEFFERSON",15417,"03","2023","ID"
"2895","JEROME",8594,"03","2023","ID"
"2896","KOOTENAI",102617,"03","2023","ID"
"2897","LATAH",23281,"03","2023","ID"
"2898","LEMHI",5507,"03","2023","ID"
"2899","LEWIS",2188,"03","2023","ID"
"2900","LINCOLN",2212,"03","2023","ID"
"2901","MADISON",20840,"03","2023","ID"
"2902","MINIDOKA",7899,"03","2023","ID"
"2903","NEZ PERCE",22328,"03","2023","ID"
"2904","ONEIDA",2732,"03","2023","ID"
"2905","OWYHEE",5546,"03","2023","ID"
"2906","PAYETTE",13010,"03","2023","ID"
"2907","POWER",3649,"03","2023","ID"
"2908","SHOSHONE",6933,"03","2023","ID"
"2909","TETON",7129,"03","2023","ID"
"2910","TWIN FALLS",40595,"03","2023","ID"
"2911","VALLEY",7942,"03","2023","ID"
"2912","WASHINGTON",5882,"03","2023","ID"
"2913","Total",992768,"03","2023","ID"
"2914","ADA",296158,"04","2023","ID"
"2915","ADAMS",2939,"04","2023","ID"
"2916","BANNOCK",44735,"04","2023","ID"
"2917","BEAR LAKE",3615,"04","2023","ID"
"2918","BENEWAH",5888,"04","2023","ID"
"2919","BINGHAM",22000,"04","2023","ID"
"2920","BLAINE",14936,"04","2023","ID"
"2921","BOISE",5718,"04","2023","ID"
"2922","BONNER",31398,"04","2023","ID"
"2923","BONNEVILLE",58652,"04","2023","ID"
"2924","BOUNDARY",7659,"04","2023","ID"
"2925","BUTTE",1498,"04","2023","ID"
"2926","CAMAS",741,"04","2023","ID"
"2927","CANYON",108793,"04","2023","ID"
"2928","CARIBOU",3710,"04","2023","ID"
"2929","CASSIA",9932,"04","2023","ID"
"2930","CLARK",340,"04","2023","ID"
"2931","CLEARWATER",4950,"04","2023","ID"
"2932","CUSTER",2931,"04","2023","ID"
"2933","ELMORE",11863,"04","2023","ID"
"2934","FRANKLIN",7324,"04","2023","ID"
"2935","FREMONT",7332,"04","2023","ID"
"2936","GEM",11330,"04","2023","ID"
"2937","GOODING",6664,"04","2023","ID"
"2938","IDAHO",10947,"04","2023","ID"
"2939","JEFFERSON",15602,"04","2023","ID"
"2940","JEROME",8594,"04","2023","ID"
"2941","KOOTENAI",103437,"04","2023","ID"
"2942","LATAH",23235,"04","2023","ID"
"2943","LEMHI",5507,"04","2023","ID"
"2944","LEWIS",2195,"04","2023","ID"
"2945","LINCOLN",2211,"04","2023","ID"
"2946","MADISON",19718,"04","2023","ID"
"2947","MINIDOKA",7895,"04","2023","ID"
"2948","NEZ PERCE",22360,"04","2023","ID"
"2949","ONEIDA",2829,"04","2023","ID"
"2950","OWYHEE",5538,"04","2023","ID"
"2951","PAYETTE",12554,"04","2023","ID"
"2952","POWER",3497,"04","2023","ID"
"2953","SHOSHONE",6921,"04","2023","ID"
"2954","TETON",7129,"04","2023","ID"
"2955","TWIN FALLS",40525,"04","2023","ID"
"2956","VALLEY",7929,"04","2023","ID"
"2957","WASHINGTON",5892,"04","2023","ID"
"2958","Total",985621,"04","2023","ID"
"2959","ADA",296221,"05","2023","ID"
"2960","ADAMS",2938,"05","2023","ID"
"2961","BANNOCK",44743,"05","2023","ID"
"2962","BEAR LAKE",3595,"05","2023","ID"
"2963","BENEWAH",5887,"05","2023","ID"
"2964","BINGHAM",21993,"05","2023","ID"
"2965","BLAINE",14942,"05","2023","ID"
"2966","BOISE",5712,"05","2023","ID"
"2967","BONNER",31567,"05","2023","ID"
"2968","BONNEVILLE",58739,"05","2023","ID"
"2969","BOUNDARY",7666,"05","2023","ID"
"2970","BUTTE",1497,"05","2023","ID"
"2971","CAMAS",740,"05","2023","ID"
"2972","CANYON",108925,"05","2023","ID"
"2973","CARIBOU",3694,"05","2023","ID"
"2974","CASSIA",9972,"05","2023","ID"
"2975","CLARK",339,"05","2023","ID"
"2976","CLEARWATER",4954,"05","2023","ID"
"2977","CUSTER",2930,"05","2023","ID"
"2978","ELMORE",11851,"05","2023","ID"
"2979","FRANKLIN",7319,"05","2023","ID"
"2980","FREMONT",7368,"05","2023","ID"
"2981","GEM",11447,"05","2023","ID"
"2982","GOODING",6673,"05","2023","ID"
"2983","IDAHO",10959,"05","2023","ID"
"2984","JEFFERSON",15517,"05","2023","ID"
"2985","JEROME",8592,"05","2023","ID"
"2986","KOOTENAI",104574,"05","2023","ID"
"2987","LATAH",23291,"05","2023","ID"
"2988","LEMHI",5507,"05","2023","ID"
"2989","LEWIS",2197,"05","2023","ID"
"2990","LINCOLN",2219,"05","2023","ID"
"2991","MADISON",19745,"05","2023","ID"
"2992","MINIDOKA",7892,"05","2023","ID"
"2993","NEZ PERCE",22359,"05","2023","ID"
"2994","ONEIDA",2821,"05","2023","ID"
"2995","OWYHEE",5539,"05","2023","ID"
"2996","PAYETTE",12575,"05","2023","ID"
"2997","POWER",3517,"05","2023","ID"
"2998","SHOSHONE",6941,"05","2023","ID"
"2999","TETON",7142,"05","2023","ID"
"3000","TWIN FALLS",40447,"05","2023","ID"
"3001","VALLEY",7951,"05","2023","ID"
"3002","WASHINGTON",5921,"05","2023","ID"
"3003","Total",987418,"05","2023","ID"
"3004","ADA",296425,"06","2023","ID"
"3005","ADAMS",2938,"06","2023","ID"
"3006","BANNOCK",44700,"06","2023","ID"
"3007","BEAR LAKE",3590,"06","2023","ID"
"3008","BENEWAH",5891,"06","2023","ID"
"3009","BINGHAM",21972,"06","2023","ID"
"3010","BLAINE",14962,"06","2023","ID"
"3011","BOISE",5716,"06","2023","ID"
"3012","BONNER",31667,"06","2023","ID"
"3013","BONNEVILLE",58736,"06","2023","ID"
"3014","BOUNDARY",7655,"06","2023","ID"
"3015","BUTTE",1498,"06","2023","ID"
"3016","CAMAS",740,"06","2023","ID"
"3017","CANYON",109211,"06","2023","ID"
"3018","CARIBOU",3694,"06","2023","ID"
"3019","CASSIA",9965,"06","2023","ID"
"3020","CLARK",339,"06","2023","ID"
"3021","CLEARWATER",4952,"06","2023","ID"
"3022","CUSTER",2930,"06","2023","ID"
"3023","ELMORE",11840,"06","2023","ID"
"3024","FRANKLIN",7312,"06","2023","ID"
"3025","FREMONT",7363,"06","2023","ID"
"3026","GEM",11447,"06","2023","ID"
"3027","GOODING",6666,"06","2023","ID"
"3028","IDAHO",10932,"06","2023","ID"
"3029","JEFFERSON",15515,"06","2023","ID"
"3030","JEROME",8582,"06","2023","ID"
"3031","KOOTENAI",105469,"06","2023","ID"
"3032","LATAH",23280,"06","2023","ID"
"3033","LEMHI",5502,"06","2023","ID"
"3034","LEWIS",2198,"06","2023","ID"
"3035","LINCOLN",2217,"06","2023","ID"
"3036","MADISON",19750,"06","2023","ID"
"3037","MINIDOKA",7892,"06","2023","ID"
"3038","NEZ PERCE",22314,"06","2023","ID"
"3039","ONEIDA",2821,"06","2023","ID"
"3040","OWYHEE",5530,"06","2023","ID"
"3041","PAYETTE",12552,"06","2023","ID"
"3042","POWER",3516,"06","2023","ID"
"3043","SHOSHONE",6918,"06","2023","ID"
"3044","TETON",7139,"06","2023","ID"
"3045","TWIN FALLS",40415,"06","2023","ID"
"3046","VALLEY",7951,"06","2023","ID"
"3047","WASHINGTON",5926,"06","2023","ID"
"3048","Total",988628,"06","2023","ID"
"3049","ADA",296520,"07","2023","ID"
"3050","ADAMS",2935,"07","2023","ID"
"3051","BANNOCK",44749,"07","2023","ID"
"3052","BEAR LAKE",3591,"07","2023","ID"
"3053","BENEWAH",5888,"07","2023","ID"
"3054","BINGHAM",21958,"07","2023","ID"
"3055","BLAINE",14968,"07","2023","ID"
"3056","BOISE",5712,"07","2023","ID"
"3057","BONNER",31722,"07","2023","ID"
"3058","BONNEVILLE",58765,"07","2023","ID"
"3059","BOUNDARY",7647,"07","2023","ID"
"3060","BUTTE",1498,"07","2023","ID"
"3061","CAMAS",740,"07","2023","ID"
"3062","CANYON",109160,"07","2023","ID"
"3063","CARIBOU",3682,"07","2023","ID"
"3064","CASSIA",9960,"07","2023","ID"
"3065","CLARK",338,"07","2023","ID"
"3066","CLEARWATER",4945,"07","2023","ID"
"3067","CUSTER",2929,"07","2023","ID"
"3068","ELMORE",11834,"07","2023","ID"
"3069","FRANKLIN",7310,"07","2023","ID"
"3070","FREMONT",7365,"07","2023","ID"
"3071","GEM",11423,"07","2023","ID"
"3072","GOODING",6663,"07","2023","ID"
"3073","IDAHO",10931,"07","2023","ID"
"3074","JEFFERSON",15504,"07","2023","ID"
"3075","JEROME",8571,"07","2023","ID"
"3076","KOOTENAI",105367,"07","2023","ID"
"3077","LATAH",23281,"07","2023","ID"
"3078","LEMHI",5498,"07","2023","ID"
"3079","LEWIS",2193,"07","2023","ID"
"3080","LINCOLN",2216,"07","2023","ID"
"3081","MADISON",19748,"07","2023","ID"
"3082","MINIDOKA",7880,"07","2023","ID"
"3083","NEZ PERCE",22243,"07","2023","ID"
"3084","ONEIDA",2816,"07","2023","ID"
"3085","OWYHEE",5534,"07","2023","ID"
"3086","PAYETTE",12557,"07","2023","ID"
"3087","POWER",3507,"07","2023","ID"
"3088","SHOSHONE",6919,"07","2023","ID"
"3089","TETON",7140,"07","2023","ID"
"3090","TWIN FALLS",40324,"07","2023","ID"
"3091","VALLEY",7958,"07","2023","ID"
"3092","WASHINGTON",5925,"07","2023","ID"
"3093","Total",988414,"07","2023","ID"
"3094","ADA",296837,"08","2023","ID"
"3095","ADAMS",2936,"08","2023","ID"
"3096","BANNOCK",44787,"08","2023","ID"
"3097","BEAR LAKE",3584,"08","2023","ID"
"3098","BENEWAH",5894,"08","2023","ID"
"3099","BINGHAM",21970,"08","2023","ID"
"3100","BLAINE",14974,"08","2023","ID"
"3101","BOISE",5715,"08","2023","ID"
"3102","BONNER",31778,"08","2023","ID"
"3103","BONNEVILLE",58689,"08","2023","ID"
"3104","BOUNDARY",7648,"08","2023","ID"
"3105","BUTTE",1498,"08","2023","ID"
"3106","CAMAS",740,"08","2023","ID"
"3107","CANYON",109284,"08","2023","ID"
"3108","CARIBOU",3683,"08","2023","ID"
"3109","CASSIA",9956,"08","2023","ID"
"3110","CLARK",339,"08","2023","ID"
"3111","CLEARWATER",4958,"08","2023","ID"
"3112","CUSTER",2917,"08","2023","ID"
"3113","ELMORE",11848,"08","2023","ID"
"3114","FRANKLIN",7305,"08","2023","ID"
"3115","FREMONT",7354,"08","2023","ID"
"3116","GEM",11438,"08","2023","ID"
"3117","GOODING",6653,"08","2023","ID"
"3118","IDAHO",10926,"08","2023","ID"
"3119","JEFFERSON",15509,"08","2023","ID"
"3120","JEROME",8577,"08","2023","ID"
"3121","KOOTENAI",105240,"08","2023","ID"
"3122","LATAH",23274,"08","2023","ID"
"3123","LEMHI",5499,"08","2023","ID"
"3124","LEWIS",2193,"08","2023","ID"
"3125","LINCOLN",2216,"08","2023","ID"
"3126","MADISON",19748,"08","2023","ID"
"3127","MINIDOKA",7877,"08","2023","ID"
"3128","NEZ PERCE",22242,"08","2023","ID"
"3129","ONEIDA",2815,"08","2023","ID"
"3130","OWYHEE",5531,"08","2023","ID"
"3131","PAYETTE",12573,"08","2023","ID"
"3132","POWER",3507,"08","2023","ID"
"3133","SHOSHONE",6922,"08","2023","ID"
"3134","TETON",7143,"08","2023","ID"
"3135","TWIN FALLS",40285,"08","2023","ID"
"3136","VALLEY",7967,"08","2023","ID"
"3137","WASHINGTON",5918,"08","2023","ID"
"3138","Total",988747,"08","2023","ID"
"3139","ADA",297157,"09","2023","ID"
"3140","ADAMS",2942,"09","2023","ID"
"3141","BANNOCK",44822,"09","2023","ID"
"3142","BEAR LAKE",3587,"09","2023","ID"
"3143","BENEWAH",5887,"09","2023","ID"
"3144","BINGHAM",21994,"09","2023","ID"
"3145","BLAINE",14981,"09","2023","ID"
"3146","BOISE",5718,"09","2023","ID"
"3147","BONNER",31925,"09","2023","ID"
"3148","BONNEVILLE",58817,"09","2023","ID"
"3149","BOUNDARY",7651,"09","2023","ID"
"3150","BUTTE",1481,"09","2023","ID"
"3151","CAMAS",741,"09","2023","ID"
"3152","CANYON",109398,"09","2023","ID"
"3153","CARIBOU",3666,"09","2023","ID"
"3154","CASSIA",9948,"09","2023","ID"
"3155","CLARK",339,"09","2023","ID"
"3156","CLEARWATER",4969,"09","2023","ID"
"3157","CUSTER",2905,"09","2023","ID"
"3158","ELMORE",11861,"09","2023","ID"
"3159","FRANKLIN",7299,"09","2023","ID"
"3160","FREMONT",7352,"09","2023","ID"
"3161","GEM",11432,"09","2023","ID"
"3162","GOODING",6649,"09","2023","ID"
"3163","IDAHO",10930,"09","2023","ID"
"3164","JEFFERSON",15496,"09","2023","ID"
"3165","JEROME",8589,"09","2023","ID"
"3166","KOOTENAI",105307,"09","2023","ID"
"3167","LATAH",23255,"09","2023","ID"
"3168","LEMHI",5494,"09","2023","ID"
"3169","LEWIS",2187,"09","2023","ID"
"3170","LINCOLN",2234,"09","2023","ID"
"3171","MADISON",19739,"09","2023","ID"
"3172","MINIDOKA",7878,"09","2023","ID"
"3173","NEZ PERCE",22199,"09","2023","ID"
"3174","ONEIDA",2812,"09","2023","ID"
"3175","OWYHEE",5539,"09","2023","ID"
"3176","PAYETTE",12561,"09","2023","ID"
"3177","POWER",3508,"09","2023","ID"
"3178","SHOSHONE",6934,"09","2023","ID"
"3179","TETON",7135,"09","2023","ID"
"3180","TWIN FALLS",40315,"09","2023","ID"
"3181","VALLEY",7969,"09","2023","ID"
"3182","WASHINGTON",5922,"09","2023","ID"
"3183","Total",989524,"09","2023","ID"
"3184","ADA",298076,"10","2023","ID"
"3185","ADAMS",2953,"10","2023","ID"
"3186","BANNOCK",44851,"10","2023","ID"
"3187","BEAR LAKE",3579,"10","2023","ID"
"3188","BENEWAH",5884,"10","2023","ID"
"3189","BINGHAM",21987,"10","2023","ID"
"3190","BLAINE",15005,"10","2023","ID"
"3191","BOISE",5719,"10","2023","ID"
"3192","BONNER",31965,"10","2023","ID"
"3193","BONNEVILLE",58882,"10","2023","ID"
"3194","BOUNDARY",7661,"10","2023","ID"
"3195","BUTTE",1482,"10","2023","ID"
"3196","CAMAS",743,"10","2023","ID"
"3197","CANYON",109772,"10","2023","ID"
"3198","CARIBOU",3669,"10","2023","ID"
"3199","CASSIA",9931,"10","2023","ID"
"3200","CLARK",340,"10","2023","ID"
"3201","CLEARWATER",4978,"10","2023","ID"
"3202","CUSTER",2907,"10","2023","ID"
"3203","ELMORE",11892,"10","2023","ID"
"3204","FRANKLIN",7300,"10","2023","ID"
"3205","FREMONT",7349,"10","2023","ID"
"3206","GEM",11494,"10","2023","ID"
"3207","GOODING",6650,"10","2023","ID"
"3208","IDAHO",10937,"10","2023","ID"
"3209","JEFFERSON",15511,"10","2023","ID"
"3210","JEROME",8597,"10","2023","ID"
"3211","KOOTENAI",105507,"10","2023","ID"
"3212","LATAH",23272,"10","2023","ID"
"3213","LEMHI",5511,"10","2023","ID"
"3214","LEWIS",2185,"10","2023","ID"
"3215","LINCOLN",2231,"10","2023","ID"
"3216","MADISON",19755,"10","2023","ID"
"3217","MINIDOKA",7881,"10","2023","ID"
"3218","NEZ PERCE",22188,"10","2023","ID"
"3219","ONEIDA",2809,"10","2023","ID"
"3220","OWYHEE",5519,"10","2023","ID"
"3221","PAYETTE",12570,"10","2023","ID"
"3222","POWER",3508,"10","2023","ID"
"3223","SHOSHONE",6931,"10","2023","ID"
"3224","TETON",7142,"10","2023","ID"
"3225","TWIN FALLS",40290,"10","2023","ID"
"3226","VALLEY",7954,"10","2023","ID"
"3227","WASHINGTON",5925,"10","2023","ID"
"3228","Total",991292,"10","2023","ID"
"3229","ADA",298082,"11","2023","ID"
"3230","ADAMS",2950,"11","2023","ID"
"3231","BANNOCK",44846,"11","2023","ID"
"3232","BEAR LAKE",3576,"11","2023","ID"
"3233","BENEWAH",5878,"11","2023","ID"
"3234","BINGHAM",21999,"11","2023","ID"
"3235","BLAINE",14989,"11","2023","ID"
"3236","BOISE",5721,"11","2023","ID"
"3237","BONNER",31940,"11","2023","ID"
"3238","BONNEVILLE",58865,"11","2023","ID"
"3239","BOUNDARY",7654,"11","2023","ID"
"3240","BUTTE",1479,"11","2023","ID"
"3241","CAMAS",737,"11","2023","ID"
"3242","CANYON",109678,"11","2023","ID"
"3243","CARIBOU",3661,"11","2023","ID"
"3244","CASSIA",9935,"11","2023","ID"
"3245","CLARK",343,"11","2023","ID"
"3246","CLEARWATER",4982,"11","2023","ID"
"3247","CUSTER",2908,"11","2023","ID"
"3248","ELMORE",11892,"11","2023","ID"
"3249","FRANKLIN",7293,"11","2023","ID"
"3250","FREMONT",7339,"11","2023","ID"
"3251","GEM",11497,"11","2023","ID"
"3252","GOODING",6641,"11","2023","ID"
"3253","IDAHO",10937,"11","2023","ID"
"3254","JEFFERSON",15491,"11","2023","ID"
"3255","JEROME",8599,"11","2023","ID"
"3256","KOOTENAI",105564,"11","2023","ID"
"3257","LATAH",23327,"11","2023","ID"
"3258","LEMHI",5494,"11","2023","ID"
"3259","LEWIS",2182,"11","2023","ID"
"3260","LINCOLN",2232,"11","2023","ID"
"3261","MADISON",19753,"11","2023","ID"
"3262","MINIDOKA",7868,"11","2023","ID"
"3263","NEZ PERCE",22194,"11","2023","ID"
"3264","ONEIDA",2809,"11","2023","ID"
"3265","OWYHEE",5518,"11","2023","ID"
"3266","PAYETTE",12584,"11","2023","ID"
"3267","POWER",3509,"11","2023","ID"
"3268","SHOSHONE",6936,"11","2023","ID"
"3269","TETON",7144,"11","2023","ID"
"3270","TWIN FALLS",40317,"11","2023","ID"
"3271","VALLEY",7959,"11","2023","ID"
"3272","WASHINGTON",5918,"11","2023","ID"
"3273","Total",991220,"11","2023","ID"
"3274","ADA",300315,"12","2023","ID"
"3275","ADAMS",2956,"12","2023","ID"
"3276","BANNOCK",45115,"12","2023","ID"
"3277","BEAR LAKE",3574,"12","2023","ID"
"3278","BENEWAH",5916,"12","2023","ID"
"3279","BINGHAM",22187,"12","2023","ID"
"3280","BLAINE",15066,"12","2023","ID"
"3281","BOISE",5763,"12","2023","ID"
"3282","BONNER",32157,"12","2023","ID"
"3283","BONNEVILLE",58937,"12","2023","ID"
"3284","BOUNDARY",7674,"12","2023","ID"
"3285","BUTTE",1482,"12","2023","ID"
"3286","CAMAS",739,"12","2023","ID"
"3287","CANYON",110452,"12","2023","ID"
"3288","CARIBOU",3687,"12","2023","ID"
"3289","CASSIA",9993,"12","2023","ID"
"3290","CLARK",352,"12","2023","ID"
"3291","CLEARWATER",4990,"12","2023","ID"
"3292","CUSTER",2911,"12","2023","ID"
"3293","ELMORE",12114,"12","2023","ID"
"3294","FRANKLIN",7366,"12","2023","ID"
"3295","FREMONT",7372,"12","2023","ID"
"3296","GEM",11576,"12","2023","ID"
"3297","GOODING",6635,"12","2023","ID"
"3298","IDAHO",11029,"12","2023","ID"
"3299","JEFFERSON",15497,"12","2023","ID"
"3300","JEROME",8686,"12","2023","ID"
"3301","KOOTENAI",105832,"12","2023","ID"
"3302","LATAH",23429,"12","2023","ID"
"3303","LEMHI",5493,"12","2023","ID"
"3304","LEWIS",2191,"12","2023","ID"
"3305","LINCOLN",2245,"12","2023","ID"
"3306","MADISON",19859,"12","2023","ID"
"3307","MINIDOKA",7929,"12","2023","ID"
"3308","NEZ PERCE",22221,"12","2023","ID"
"3309","ONEIDA",2808,"12","2023","ID"
"3310","OWYHEE",5534,"12","2023","ID"
"3311","PAYETTE",12655,"12","2023","ID"
"3312","POWER",3513,"12","2023","ID"
"3313","SHOSHONE",7011,"12","2023","ID"
"3314","TETON",7187,"12","2023","ID"
"3315","TWIN FALLS",40376,"12","2023","ID"
"3316","VALLEY",7994,"12","2023","ID"
"3317","WASHINGTON",5913,"12","2023","ID"
"3318","Total",996731,"12","2023","ID"
"3319","ADA",300635,"01","2024","ID"
"3320","ADAMS",2956,"01","2024","ID"
"3321","BANNOCK",45070,"01","2024","ID"
"3322","BEAR LAKE",3573,"01","2024","ID"
"3323","BENEWAH",5927,"01","2024","ID"
"3324","BINGHAM",22214,"01","2024","ID"
"3325","BLAINE",15067,"01","2024","ID"
"3326","BOISE",5768,"01","2024","ID"
"3327","BONNER",32159,"01","2024","ID"
"3328","BONNEVILLE",58932,"01","2024","ID"
"3329","BOUNDARY",7677,"01","2024","ID"
"3330","BUTTE",1483,"01","2024","ID"
"3331","CAMAS",739,"01","2024","ID"
"3332","CANYON",110562,"01","2024","ID"
"3333","CARIBOU",3676,"01","2024","ID"
"3334","CASSIA",9995,"01","2024","ID"
"3335","CLARK",353,"01","2024","ID"
"3336","CLEARWATER",4991,"01","2024","ID"
"3337","CUSTER",2914,"01","2024","ID"
"3338","ELMORE",12113,"01","2024","ID"
"3339","FRANKLIN",7353,"01","2024","ID"
"3340","FREMONT",7381,"01","2024","ID"
"3341","GEM",11578,"01","2024","ID"
"3342","GOODING",6644,"01","2024","ID"
"3343","IDAHO",11032,"01","2024","ID"
"3344","JEFFERSON",15506,"01","2024","ID"
"3345","JEROME",8694,"01","2024","ID"
"3346","KOOTENAI",105823,"01","2024","ID"
"3347","LATAH",23433,"01","2024","ID"
"3348","LEMHI",5507,"01","2024","ID"
"3349","LEWIS",2198,"01","2024","ID"
"3350","LINCOLN",2246,"01","2024","ID"
"3351","MADISON",19871,"01","2024","ID"
"3352","MINIDOKA",7936,"01","2024","ID"
"3353","NEZ PERCE",22221,"01","2024","ID"
"3354","ONEIDA",2811,"01","2024","ID"
"3355","OWYHEE",5531,"01","2024","ID"
"3356","PAYETTE",12663,"01","2024","ID"
"3357","POWER",3510,"01","2024","ID"
"3358","SHOSHONE",7013,"01","2024","ID"
"3359","TETON",7193,"01","2024","ID"
"3360","TWIN FALLS",40336,"01","2024","ID"
"3361","VALLEY",7996,"01","2024","ID"
"3362","WASHINGTON",5917,"01","2024","ID"
"3363","Total",997197,"01","2024","ID"
"3364","ADA",301120,"02","2024","ID"
"3365","ADAMS",2965,"02","2024","ID"
"3366","BANNOCK",45085,"02","2024","ID"
"3367","BEAR LAKE",3572,"02","2024","ID"
"3368","BENEWAH",5922,"02","2024","ID"
"3369","BINGHAM",22230,"02","2024","ID"
"3370","BLAINE",15101,"02","2024","ID"
"3371","BOISE",5774,"02","2024","ID"
"3372","BONNER",32220,"02","2024","ID"
"3373","BONNEVILLE",58978,"02","2024","ID"
"3374","BOUNDARY",7703,"02","2024","ID"
"3375","BUTTE",1495,"02","2024","ID"
"3376","CAMAS",742,"02","2024","ID"
"3377","CANYON",110816,"02","2024","ID"
"3378","CARIBOU",3678,"02","2024","ID"
"3379","CASSIA",9994,"02","2024","ID"
"3380","CLARK",354,"02","2024","ID"
"3381","CLEARWATER",5009,"02","2024","ID"
"3382","CUSTER",2916,"02","2024","ID"
"3383","ELMORE",12128,"02","2024","ID"
"3384","FRANKLIN",7372,"02","2024","ID"
"3385","FREMONT",7382,"02","2024","ID"
"3386","GEM",11606,"02","2024","ID"
"3387","GOODING",6648,"02","2024","ID"
"3388","IDAHO",11034,"02","2024","ID"
"3389","JEFFERSON",15516,"02","2024","ID"
"3390","JEROME",8682,"02","2024","ID"
"3391","KOOTENAI",105992,"02","2024","ID"
"3392","LATAH",23441,"02","2024","ID"
"3393","LEMHI",5498,"02","2024","ID"
"3394","LEWIS",2207,"02","2024","ID"
"3395","LINCOLN",2250,"02","2024","ID"
"3396","MADISON",19891,"02","2024","ID"
"3397","MINIDOKA",7942,"02","2024","ID"
"3398","NEZ PERCE",22216,"02","2024","ID"
"3399","ONEIDA",2809,"02","2024","ID"
"3400","OWYHEE",5480,"02","2024","ID"
"3401","PAYETTE",12671,"02","2024","ID"
"3402","POWER",3513,"02","2024","ID"
"3403","SHOSHONE",7019,"02","2024","ID"
"3404","TETON",7210,"02","2024","ID"
"3405","TWIN FALLS",40359,"02","2024","ID"
"3406","VALLEY",8025,"02","2024","ID"
"3407","WASHINGTON",5916,"02","2024","ID"
"3408","Total",998481,"02","2024","ID"
"3409","ADA",301553,"03","2024","ID"
"3410","ADAMS",2977,"03","2024","ID"
"3411","BANNOCK",45107,"03","2024","ID"
"3412","BEAR LAKE",3575,"03","2024","ID"
"3413","BENEWAH",5913,"03","2024","ID"
"3414","BINGHAM",22249,"03","2024","ID"
"3415","BLAINE",15093,"03","2024","ID"
"3416","BOISE",5799,"03","2024","ID"
"3417","BONNER",32305,"03","2024","ID"
"3418","BONNEVILLE",58981,"03","2024","ID"
"3419","BOUNDARY",7714,"03","2024","ID"
"3420","BUTTE",1498,"03","2024","ID"
"3421","CAMAS",744,"03","2024","ID"
"3422","CANYON",111005,"03","2024","ID"
"3423","CARIBOU",3683,"03","2024","ID"
"3424","CASSIA",9999,"03","2024","ID"
"3425","CLARK",354,"03","2024","ID"
"3426","CLEARWATER",5020,"03","2024","ID"
"3427","CUSTER",2925,"03","2024","ID"
"3428","ELMORE",12123,"03","2024","ID"
"3429","FRANKLIN",7379,"03","2024","ID"
"3430","FREMONT",7375,"03","2024","ID"
"3431","GEM",11632,"03","2024","ID"
"3432","GOODING",6645,"03","2024","ID"
"3433","IDAHO",11070,"03","2024","ID"
"3434","JEFFERSON",15560,"03","2024","ID"
"3435","JEROME",8687,"03","2024","ID"
"3436","KOOTENAI",105821,"03","2024","ID"
"3437","LATAH",23470,"03","2024","ID"
"3438","LEMHI",5517,"03","2024","ID"
"3439","LEWIS",2211,"03","2024","ID"
"3440","LINCOLN",2252,"03","2024","ID"
"3441","MADISON",18719,"03","2024","ID"
"3442","MINIDOKA",7951,"03","2024","ID"
"3443","NEZ PERCE",22217,"03","2024","ID"
"3444","ONEIDA",2811,"03","2024","ID"
"3445","OWYHEE",5557,"03","2024","ID"
"3446","PAYETTE",12713,"03","2024","ID"
"3447","POWER",3510,"03","2024","ID"
"3448","SHOSHONE",7005,"03","2024","ID"
"3449","TETON",7229,"03","2024","ID"
"3450","TWIN FALLS",40346,"03","2024","ID"
"3451","VALLEY",8044,"03","2024","ID"
"3452","WASHINGTON",5926,"03","2024","ID"
"3453","Total",998264,"03","2024","ID"
"3454","ADA",302347,"04","2024","ID"
"3455","ADAMS",2975,"04","2024","ID"
"3456","BANNOCK",45174,"04","2024","ID"
"3457","BEAR LAKE",3580,"04","2024","ID"
"3458","BENEWAH",5947,"04","2024","ID"
"3459","BINGHAM",22290,"04","2024","ID"
"3460","BLAINE",15124,"04","2024","ID"
"3461","BOISE",5799,"04","2024","ID"
"3462","BONNER",32451,"04","2024","ID"
"3463","BONNEVILLE",59039,"04","2024","ID"
"3464","BOUNDARY",7761,"04","2024","ID"
"3465","BUTTE",1492,"04","2024","ID"
"3466","CAMAS",743,"04","2024","ID"
"3467","CANYON",111170,"04","2024","ID"
"3468","CARIBOU",3668,"04","2024","ID"
"3469","CASSIA",9983,"04","2024","ID"
"3470","CLARK",355,"04","2024","ID"
"3471","CLEARWATER",5022,"04","2024","ID"
"3472","CUSTER",2811,"04","2024","ID"
"3473","ELMORE",12122,"04","2024","ID"
"3474","FRANKLIN",7409,"04","2024","ID"
"3475","FREMONT",7383,"04","2024","ID"
"3476","GEM",11674,"04","2024","ID"
"3477","GOODING",6645,"04","2024","ID"
"3478","IDAHO",11087,"04","2024","ID"
"3479","JEFFERSON",15646,"04","2024","ID"
"3480","JEROME",8689,"04","2024","ID"
"3481","KOOTENAI",106129,"04","2024","ID"
"3482","LATAH",23540,"04","2024","ID"
"3483","LEMHI",5557,"04","2024","ID"
"3484","LEWIS",2222,"04","2024","ID"
"3485","LINCOLN",2260,"04","2024","ID"
"3486","MADISON",18739,"04","2024","ID"
"3487","MINIDOKA",7958,"04","2024","ID"
"3488","NEZ PERCE",22262,"04","2024","ID"
"3489","ONEIDA",2816,"04","2024","ID"
"3490","OWYHEE",5562,"04","2024","ID"
"3491","PAYETTE",12743,"04","2024","ID"
"3492","POWER",3515,"04","2024","ID"
"3493","SHOSHONE",7016,"04","2024","ID"
"3494","TETON",7229,"04","2024","ID"
"3495","TWIN FALLS",40403,"04","2024","ID"
"3496","VALLEY",8074,"04","2024","ID"
"3497","WASHINGTON",5943,"04","2024","ID"
"3498","Total",1000354,"04","2024","ID"
"3499","ADA",302536,"05","2024","ID"
"3500","ADAMS",2981,"05","2024","ID"
"3501","BANNOCK",45272,"05","2024","ID"
"3502","BEAR LAKE",3567,"05","2024","ID"
"3503","BENEWAH",5977,"05","2024","ID"
"3504","BINGHAM",22261,"05","2024","ID"
"3505","BLAINE",15137,"05","2024","ID"
"3506","BOISE",5806,"05","2024","ID"
"3507","BONNER",32530,"05","2024","ID"
"3508","BONNEVILLE",59091,"05","2024","ID"
"3509","BOUNDARY",7798,"05","2024","ID"
"3510","BUTTE",1497,"05","2024","ID"
"3511","CAMAS",751,"05","2024","ID"
"3512","CANYON",111414,"05","2024","ID"
"3513","CARIBOU",3666,"05","2024","ID"
"3514","CASSIA",9975,"05","2024","ID"
"3515","CLARK",354,"05","2024","ID"
"3516","CLEARWATER",4985,"05","2024","ID"
"3517","CUSTER",2821,"05","2024","ID"
"3518","ELMORE",12139,"05","2024","ID"
"3519","FRANKLIN",7415,"05","2024","ID"
"3520","FREMONT",7408,"05","2024","ID"
"3521","GEM",11659,"05","2024","ID"
"3522","GOODING",6635,"05","2024","ID"
"3523","IDAHO",11091,"05","2024","ID"
"3524","JEFFERSON",15670,"05","2024","ID"
"3525","JEROME",8700,"05","2024","ID"
"3526","KOOTENAI",106319,"05","2024","ID"
"3527","LATAH",23566,"05","2024","ID"
"3528","LEMHI",5572,"05","2024","ID"
"3529","LEWIS",2226,"05","2024","ID"
"3530","LINCOLN",2234,"05","2024","ID"
"3531","MADISON",18718,"05","2024","ID"
"3532","MINIDOKA",7965,"05","2024","ID"
"3533","NEZ PERCE",22254,"05","2024","ID"
"3534","ONEIDA",2823,"05","2024","ID"
"3535","OWYHEE",5568,"05","2024","ID"
"3536","PAYETTE",12752,"05","2024","ID"
"3537","POWER",3520,"05","2024","ID"
"3538","SHOSHONE",7020,"05","2024","ID"
"3539","TETON",7246,"05","2024","ID"
"3540","TWIN FALLS",40438,"05","2024","ID"
"3541","VALLEY",8113,"05","2024","ID"
"3542","WASHINGTON",5956,"05","2024","ID"
"3543","Total",1001426,"05","2024","ID"
"3544","ADA",303439,"06","2024","ID"
"3545","ADAMS",3017,"06","2024","ID"
"3546","BANNOCK",45378,"06","2024","ID"
"3547","BEAR LAKE",3601,"06","2024","ID"
"3548","BENEWAH",6007,"06","2024","ID"
"3549","BINGHAM",22456,"06","2024","ID"
"3550","BLAINE",15233,"06","2024","ID"
"3551","BOISE",5793,"06","2024","ID"
"3552","BONNER",32893,"06","2024","ID"
"3553","BONNEVILLE",59379,"06","2024","ID"
"3554","BOUNDARY",7922,"06","2024","ID"
"3555","BUTTE",1516,"06","2024","ID"
"3556","CAMAS",789,"06","2024","ID"
"3557","CANYON",111685,"06","2024","ID"
"3558","CARIBOU",3738,"06","2024","ID"
"3559","CASSIA",10099,"06","2024","ID"
"3560","CLARK",354,"06","2024","ID"
"3561","CLEARWATER",4988,"06","2024","ID"
"3562","CUSTER",2848,"06","2024","ID"
"3563","ELMORE",12176,"06","2024","ID"
"3564","FRANKLIN",7566,"06","2024","ID"
"3565","FREMONT",7457,"06","2024","ID"
"3566","GEM",11691,"06","2024","ID"
"3567","GOODING",6686,"06","2024","ID"
"3568","IDAHO",11342,"06","2024","ID"
"3569","JEFFERSON",15897,"06","2024","ID"
"3570","JEROME",8721,"06","2024","ID"
"3571","KOOTENAI",106811,"06","2024","ID"
"3572","LATAH",23429,"06","2024","ID"
"3573","LEMHI",5649,"06","2024","ID"
"3574","LEWIS",2249,"06","2024","ID"
"3575","LINCOLN",2282,"06","2024","ID"
"3576","MADISON",18847,"06","2024","ID"
"3577","MINIDOKA",7997,"06","2024","ID"
"3578","NEZ PERCE",22273,"06","2024","ID"
"3579","ONEIDA",2857,"06","2024","ID"
"3580","OWYHEE",5560,"06","2024","ID"
"3581","PAYETTE",12826,"06","2024","ID"
"3582","POWER",3558,"06","2024","ID"
"3583","SHOSHONE",7067,"06","2024","ID"
"3584","TETON",7241,"06","2024","ID"
"3585","TWIN FALLS",40748,"06","2024","ID"
"3586","VALLEY",8256,"06","2024","ID"
"3587","WASHINGTON",6046,"06","2024","ID"
"3588","Total",1006367,"06","2024","ID"
"3589","ADA",304218,"07","2024","ID"
"3590","ADAMS",3019,"07","2024","ID"
"3591","BANNOCK",45404,"07","2024","ID"
"3592","BEAR LAKE",3596,"07","2024","ID"
"3593","BENEWAH",6045,"07","2024","ID"
"3594","BINGHAM",22485,"07","2024","ID"
"3595","BLAINE",15235,"07","2024","ID"
"3596","BOISE",5865,"07","2024","ID"
"3597","BONNER",32923,"07","2024","ID"
"3598","BONNEVILLE",59245,"07","2024","ID"
"3599","BOUNDARY",7919,"07","2024","ID"
"3600","BUTTE",1516,"07","2024","ID"
"3601","CAMAS",793,"07","2024","ID"
"3602","CANYON",112157,"07","2024","ID"
"3603","CARIBOU",3725,"07","2024","ID"
"3604","CASSIA",10093,"07","2024","ID"
"3605","CLARK",360,"07","2024","ID"
"3606","CLEARWATER",5024,"07","2024","ID"
"3607","CUSTER",2925,"07","2024","ID"
"3608","ELMORE",12187,"07","2024","ID"
"3609","FRANKLIN",7580,"07","2024","ID"
"3610","FREMONT",7460,"07","2024","ID"
"3611","GEM",11700,"07","2024","ID"
"3612","GOODING",6674,"07","2024","ID"
"3613","IDAHO",11336,"07","2024","ID"
"3614","JEFFERSON",15911,"07","2024","ID"
"3615","JEROME",8737,"07","2024","ID"
"3616","KOOTENAI",106916,"07","2024","ID"
"3617","LATAH",23330,"07","2024","ID"
"3618","LEMHI",5654,"07","2024","ID"
"3619","LEWIS",2254,"07","2024","ID"
"3620","LINCOLN",2280,"07","2024","ID"
"3621","MADISON",18898,"07","2024","ID"
"3622","MINIDOKA",8008,"07","2024","ID"
"3623","NEZ PERCE",22259,"07","2024","ID"
"3624","ONEIDA",2869,"07","2024","ID"
"3625","OWYHEE",5668,"07","2024","ID"
"3626","PAYETTE",12826,"07","2024","ID"
"3627","POWER",3555,"07","2024","ID"
"3628","SHOSHONE",7066,"07","2024","ID"
"3629","TETON",7243,"07","2024","ID"
"3630","TWIN FALLS",40745,"07","2024","ID"
"3631","VALLEY",8254,"07","2024","ID"
"3632","WASHINGTON",6045,"07","2024","ID"
"3633","Total",1008002,"07","2024","ID"
"3634","ADA",306810,"08","2024","ID"
"3635","ADAMS",3039,"08","2024","ID"
"3636","BANNOCK",45694,"08","2024","ID"
"3637","BEAR LAKE",3612,"08","2024","ID"
"3638","BENEWAH",6095,"08","2024","ID"
"3639","BINGHAM",22564,"08","2024","ID"
"3640","BLAINE",15323,"08","2024","ID"
"3641","BOISE",5889,"08","2024","ID"
"3642","BONNER",33155,"08","2024","ID"
"3643","BONNEVILLE",59608,"08","2024","ID"
"3644","BOUNDARY",7958,"08","2024","ID"
"3645","BUTTE",1519,"08","2024","ID"
"3646","CAMAS",796,"08","2024","ID"
"3647","CANYON",113369,"08","2024","ID"
"3648","CARIBOU",3707,"08","2024","ID"
"3649","CASSIA",10138,"08","2024","ID"
"3650","CLARK",360,"08","2024","ID"
"3651","CLEARWATER",5000,"08","2024","ID"
"3652","CUSTER",2926,"08","2024","ID"
"3653","ELMORE",12272,"08","2024","ID"
"3654","FRANKLIN",7589,"08","2024","ID"
"3655","FREMONT",7462,"08","2024","ID"
"3656","GEM",11754,"08","2024","ID"
"3657","GOODING",6684,"08","2024","ID"
"3658","IDAHO",11355,"08","2024","ID"
"3659","JEFFERSON",15985,"08","2024","ID"
"3660","JEROME",8769,"08","2024","ID"
"3661","KOOTENAI",107107,"08","2024","ID"
"3662","LATAH",23417,"08","2024","ID"
"3663","LEMHI",5742,"08","2024","ID"
"3664","LEWIS",2248,"08","2024","ID"
"3665","LINCOLN",2283,"08","2024","ID"
"3666","MADISON",19052,"08","2024","ID"
"3667","MINIDOKA",8038,"08","2024","ID"
"3668","NEZ PERCE",22379,"08","2024","ID"
"3669","ONEIDA",2873,"08","2024","ID"
"3670","OWYHEE",5677,"08","2024","ID"
"3671","PAYETTE",12867,"08","2024","ID"
"3672","POWER",3552,"08","2024","ID"
"3673","SHOSHONE",7063,"08","2024","ID"
"3674","TETON",7299,"08","2024","ID"
"3675","TWIN FALLS",40997,"08","2024","ID"
"3676","VALLEY",8291,"08","2024","ID"
"3677","WASHINGTON",6066,"08","2024","ID"
"3678","Total",1014383,"08","2024","ID"
"3679","ADA",308348,"09","2024","ID"
"3680","ADAMS",3053,"09","2024","ID"
"3681","BANNOCK",45868,"09","2024","ID"
"3682","BEAR LAKE",3624,"09","2024","ID"
"3683","BENEWAH",6107,"09","2024","ID"
"3684","BINGHAM",22569,"09","2024","ID"
"3685","BLAINE",15444,"09","2024","ID"
"3686","BOISE",5936,"09","2024","ID"
"3687","BONNER",33401,"09","2024","ID"
"3688","BONNEVILLE",59973,"09","2024","ID"
"3689","BOUNDARY",7992,"09","2024","ID"
"3690","BUTTE",1538,"09","2024","ID"
"3691","CAMAS",795,"09","2024","ID"
"3692","CANYON",114488,"09","2024","ID"
"3693","CARIBOU",3726,"09","2024","ID"
"3694","CASSIA",10177,"09","2024","ID"
"3695","CLARK",361,"09","2024","ID"
"3696","CLEARWATER",5041,"09","2024","ID"
"3697","CUSTER",2934,"09","2024","ID"
"3698","ELMORE",12338,"09","2024","ID"
"3699","FRANKLIN",7618,"09","2024","ID"
"3700","FREMONT",7480,"09","2024","ID"
"3701","GEM",11821,"09","2024","ID"
"3702","GOODING",6717,"09","2024","ID"
"3703","IDAHO",11386,"09","2024","ID"
"3704","JEFFERSON",16076,"09","2024","ID"
"3705","JEROME",8822,"09","2024","ID"
"3706","KOOTENAI",107951,"09","2024","ID"
"3707","LATAH",23599,"09","2024","ID"
"3708","LEMHI",5750,"09","2024","ID"
"3709","LEWIS",2250,"09","2024","ID"
"3710","LINCOLN",2278,"09","2024","ID"
"3711","MADISON",19186,"09","2024","ID"
"3712","MINIDOKA",8103,"09","2024","ID"
"3713","NEZ PERCE",22495,"09","2024","ID"
"3714","ONEIDA",2872,"09","2024","ID"
"3715","OWYHEE",5674,"09","2024","ID"
"3716","PAYETTE",12965,"09","2024","ID"
"3717","POWER",3561,"09","2024","ID"
"3718","SHOSHONE",7132,"09","2024","ID"
"3719","TETON",7382,"09","2024","ID"
"3720","TWIN FALLS",41289,"09","2024","ID"
"3721","VALLEY",8328,"09","2024","ID"
"3722","WASHINGTON",6104,"09","2024","ID"
"3723","Total",1020552,"09","2024","ID"
"3724","ADA",315627,"10","2024","ID"
"3725","ADAMS",3101,"10","2024","ID"
"3726","BANNOCK",46697,"10","2024","ID"
"3727","BEAR LAKE",3686,"10","2024","ID"
"3728","BENEWAH",6195,"10","2024","ID"
"3729","BINGHAM",22922,"10","2024","ID"
"3730","BLAINE",15705,"10","2024","ID"
"3731","BOISE",6055,"10","2024","ID"
"3732","BONNER",34023,"10","2024","ID"
"3733","BONNEVILLE",61426,"10","2024","ID"
"3734","BOUNDARY",8127,"10","2024","ID"
"3735","BUTTE",1543,"10","2024","ID"
"3736","CAMAS",815,"10","2024","ID"
"3737","CANYON",117749,"10","2024","ID"
"3738","CARIBOU",3780,"10","2024","ID"
"3739","CASSIA",10347,"10","2024","ID"
"3740","CLARK",362,"10","2024","ID"
"3741","CLEARWATER",5120,"10","2024","ID"
"3742","CUSTER",2965,"10","2024","ID"
"3743","ELMORE",12619,"10","2024","ID"
"3744","FRANKLIN",7761,"10","2024","ID"
"3745","FREMONT",7594,"10","2024","ID"
"3746","GEM",12002,"10","2024","ID"
"3747","GOODING",6797,"10","2024","ID"
"3748","IDAHO",11546,"10","2024","ID"
"3749","JEFFERSON",16394,"10","2024","ID"
"3750","JEROME",9001,"10","2024","ID"
"3751","KOOTENAI",110485,"10","2024","ID"
"3752","LATAH",23928,"10","2024","ID"
"3753","LEMHI",5796,"10","2024","ID"
"3754","LEWIS",2279,"10","2024","ID"
"3755","LINCOLN",2318,"10","2024","ID"
"3756","MADISON",19695,"10","2024","ID"
"3757","MINIDOKA",8225,"10","2024","ID"
"3758","NEZ PERCE",22960,"10","2024","ID"
"3759","ONEIDA",2895,"10","2024","ID"
"3760","OWYHEE",5792,"10","2024","ID"
"3761","PAYETTE",13233,"10","2024","ID"
"3762","POWER",3587,"10","2024","ID"
"3763","SHOSHONE",7252,"10","2024","ID"
"3764","TETON",7581,"10","2024","ID"
"3765","TWIN FALLS",42226,"10","2024","ID"
"3766","VALLEY",8505,"10","2024","ID"
"3767","WASHINGTON",6215,"10","2024","ID"
"3768","Total",1042931,"10","2024","ID"
"3769","ADA",324653,"11","2024","ID"
"3770","ADAMS",3188,"11","2024","ID"
"3771","BANNOCK",47945,"11","2024","ID"
"3772","BEAR LAKE",3750,"11","2024","ID"
"3773","BENEWAH",6329,"11","2024","ID"
"3774","BINGHAM",23140,"11","2024","ID"
"3775","BLAINE",15865,"11","2024","ID"
"3776","BOISE",6156,"11","2024","ID"
"3777","BONNER",34868,"11","2024","ID"
"3778","BONNEVILLE",62705,"11","2024","ID"
"3779","BOUNDARY",8371,"11","2024","ID"
"3780","BUTTE",1593,"11","2024","ID"
"3781","CAMAS",826,"11","2024","ID"
"3782","CANYON",119889,"11","2024","ID"
"3783","CARIBOU",3873,"11","2024","ID"
"3784","CASSIA",10629,"11","2024","ID"
"3785","CLARK",374,"11","2024","ID"
"3786","CLEARWATER",5250,"11","2024","ID"
"3787","CUSTER",2988,"11","2024","ID"
"3788","ELMORE",13083,"11","2024","ID"
"3789","FRANKLIN",7991,"11","2024","ID"
"3790","FREMONT",7680,"11","2024","ID"
"3791","GEM",12211,"11","2024","ID"
"3792","GOODING",6952,"11","2024","ID"
"3793","IDAHO",11743,"11","2024","ID"
"3794","JEFFERSON",17082,"11","2024","ID"
"3795","JEROME",9371,"11","2024","ID"
"3796","KOOTENAI",113916,"11","2024","ID"
"3797","LATAH",24188,"11","2024","ID"
"3798","LEMHI",5943,"11","2024","ID"
"3799","LEWIS",2318,"11","2024","ID"
"3800","LINCOLN",2359,"11","2024","ID"
"3801","MADISON",20038,"11","2024","ID"
"3802","MINIDOKA",8299,"11","2024","ID"
"3803","NEZ PERCE",23534,"11","2024","ID"
"3804","ONEIDA",2980,"11","2024","ID"
"3805","OWYHEE",5892,"11","2024","ID"
"3806","PAYETTE",13744,"11","2024","ID"
"3807","POWER",3637,"11","2024","ID"
"3808","SHOSHONE",7409,"11","2024","ID"
"3809","TETON",7894,"11","2024","ID"
"3810","TWIN FALLS",44125,"11","2024","ID"
"3811","VALLEY",8593,"11","2024","ID"
"3812","WASHINGTON",6337,"11","2024","ID"
"3813","Total",1069711,"11","2024","ID"
"3814","ADA",328207,"12","2024","ID"
"3815","ADAMS",3344,"12","2024","ID"
"3816","BANNOCK",50384,"12","2024","ID"
"3817","BEAR LAKE",4018,"12","2024","ID"
"3818","BENEWAH",6487,"12","2024","ID"
"3819","BINGHAM",23720,"12","2024","ID"
"3820","BLAINE",15935,"12","2024","ID"
"3821","BOISE",6243,"12","2024","ID"
"3822","BONNER",36041,"12","2024","ID"
"3823","BONNEVILLE",63990,"12","2024","ID"
"3824","BOUNDARY",8834,"12","2024","ID"
"3825","BUTTE",1747,"12","2024","ID"
"3826","CAMAS",873,"12","2024","ID"
"3827","CANYON",122061,"12","2024","ID"
"3828","CARIBOU",4226,"12","2024","ID"
"3829","CASSIA",11220,"12","2024","ID"
"3830","CLARK",401,"12","2024","ID"
"3831","CLEARWATER",5482,"12","2024","ID"
"3832","CUSTER",3135,"12","2024","ID"
"3833","ELMORE",14201,"12","2024","ID"
"3834","FRANKLIN",8080,"12","2024","ID"
"3835","FREMONT",7934,"12","2024","ID"
"3836","GEM",13092,"12","2024","ID"
"3837","GOODING",7526,"12","2024","ID"
"3838","IDAHO",12158,"12","2024","ID"
"3839","JEFFERSON",18662,"12","2024","ID"
"3840","JEROME",10101,"12","2024","ID"
"3841","KOOTENAI",120547,"12","2024","ID"
"3842","LATAH",26407,"12","2024","ID"
"3843","LEMHI",5381,"12","2024","ID"
"3844","LEWIS",2462,"12","2024","ID"
"3845","LINCOLN",2558,"12","2024","ID"
"3846","MADISON",20126,"12","2024","ID"
"3847","MINIDOKA",9285,"12","2024","ID"
"3848","NEZ PERCE",23859,"12","2024","ID"
"3849","ONEIDA",3117,"12","2024","ID"
"3850","OWYHEE",6353,"12","2024","ID"
"3851","PAYETTE",13868,"12","2024","ID"
"3852","POWER",3917,"12","2024","ID"
"3853","SHOSHONE",7669,"12","2024","ID"
"3854","TETON",8044,"12","2024","ID"
"3855","TWIN FALLS",44936,"12","2024","ID"
"3856","VALLEY",9108,"12","2024","ID"
"3857","WASHINGTON",6785,"12","2024","ID"
"3858","Total",1102524,"12","2024","ID"
"3859","ADA",340519,"01","2025","ID"
"3860","ADAMS",3258,"01","2025","ID"
"3861","BANNOCK",51643,"01","2025","ID"
"3862","BEAR LAKE",4002,"01","2025","ID"
"3863","BENEWAH",6671,"01","2025","ID"
"3864","BINGHAM",24650,"01","2025","ID"
"3865","BLAINE",16649,"01","2025","ID"
"3866","BOISE",6423,"01","2025","ID"
"3867","BONNER",36609,"01","2025","ID"
"3868","BONNEVILLE",68192,"01","2025","ID"
"3869","BOUNDARY",8658,"01","2025","ID"
"3870","BUTTE",1734,"01","2025","ID"
"3871","CAMAS",855,"01","2025","ID"
"3872","CANYON",126917,"01","2025","ID"
"3873","CARIBOU",4221,"01","2025","ID"
"3874","CASSIA",11600,"01","2025","ID"
"3875","CLARK",393,"01","2025","ID"
"3876","CLEARWATER",5304,"01","2025","ID"
"3877","CUSTER",2987,"01","2025","ID"
"3878","ELMORE",13621,"01","2025","ID"
"3879","FRANKLIN",8602,"01","2025","ID"
"3880","FREMONT",8265,"01","2025","ID"
"3881","GEM",13010,"01","2025","ID"
"3882","GOODING",7300,"01","2025","ID"
"3883","IDAHO",12098,"01","2025","ID"
"3884","JEFFERSON",18614,"01","2025","ID"
"3885","JEROME",9775,"01","2025","ID"
"3886","KOOTENAI",120173,"01","2025","ID"
"3887","LATAH",25291,"01","2025","ID"
"3888","LEMHI",5498,"01","2025","ID"
"3889","LEWIS",2326,"01","2025","ID"
"3890","LINCOLN",2540,"01","2025","ID"
"3891","MADISON",20361,"01","2025","ID"
"3892","MINIDOKA",9524,"01","2025","ID"
"3893","NEZ PERCE",25225,"01","2025","ID"
"3894","ONEIDA",3013,"01","2025","ID"
"3895","OWYHEE",6426,"01","2025","ID"
"3896","PAYETTE",14236,"01","2025","ID"
"3897","POWER",3893,"01","2025","ID"
"3898","SHOSHONE",8035,"01","2025","ID"
"3899","TETON",8329,"01","2025","ID"
"3900","TWIN FALLS",47353,"01","2025","ID"
"3901","VALLEY",9045,"01","2025","ID"
"3902","WASHINGTON",6626,"01","2025","ID"
"3903","Total",1130464,"01","2025","ID"
"3904","ADA",339597,"02","2025","ID"
"3905","ADAMS",3037,"02","2025","ID"
"3906","BANNOCK",44982,"02","2025","ID"
"3907","BEAR LAKE",3743,"02","2025","ID"
"3908","BENEWAH",6659,"02","2025","ID"
"3909","BINGHAM",25566,"02","2025","ID"
"3910","BLAINE",16636,"02","2025","ID"
"3911","BOISE",6415,"02","2025","ID"
"3912","BONNER",36513,"02","2025","ID"
"3913","BONNEVILLE",64008,"02","2025","ID"
"3914","BOUNDARY",8640,"02","2025","ID"
"3915","BUTTE",1730,"02","2025","ID"
"3916","CAMAS",855,"02","2025","ID"
"3917","CANYON",131483,"02","2025","ID"
"3918","CARIBOU",4205,"02","2025","ID"
"3919","CASSIA",11574,"02","2025","ID"
"3920","CLARK",392,"02","2025","ID"
"3921","CLEARWATER",5278,"02","2025","ID"
"3922","CUSTER",2985,"02","2025","ID"
"3923","ELMORE",13597,"02","2025","ID"
"3924","FRANKLIN",8728,"02","2025","ID"
"3925","FREMONT",8181,"02","2025","ID"
"3926","GEM",12108,"02","2025","ID"
"3927","GOODING",7286,"02","2025","ID"
"3928","IDAHO",11172,"02","2025","ID"
"3929","JEFFERSON",18436,"02","2025","ID"
"3930","JEROME",9751,"02","2025","ID"
"3931","KOOTENAI",117441,"02","2025","ID"
"3932","LATAH",25219,"02","2025","ID"
"3933","LEMHI",5507,"02","2025","ID"
"3934","LEWIS",2321,"02","2025","ID"
"3935","LINCOLN",2534,"02","2025","ID"
"3936","MADISON",23791,"02","2025","ID"
"3937","MINIDOKA",9505,"02","2025","ID"
"3938","NEZ PERCE",25294,"02","2025","ID"
"3939","ONEIDA",2828,"02","2025","ID"
"3940","OWYHEE",5652,"02","2025","ID"
"3941","PAYETTE",14811,"02","2025","ID"
"3942","POWER",3881,"02","2025","ID"
"3943","SHOSHONE",7160,"02","2025","ID"
"3944","TETON",8335,"02","2025","ID"
"3945","TWIN FALLS",42257,"02","2025","ID"
"3946","VALLEY",8221,"02","2025","ID"
"3947","WASHINGTON",6179,"02","2025","ID"
"3948","Total",1114493,"02","2025","ID"
"3949","ADA",297692,"03","2025","ID"
"3950","ADAMS",3037,"03","2025","ID"
"3951","BANNOCK",44890,"03","2025","ID"
"3952","BEAR LAKE",3744,"03","2025","ID"
"3953","BENEWAH",6015,"03","2025","ID"
"3954","BINGHAM",23374,"03","2025","ID"
"3955","BLAINE",14924,"03","2025","ID"
"3956","BOISE",5648,"03","2025","ID"
"3957","BONNER",33538,"03","2025","ID"
"3958","BONNEVILLE",63943,"03","2025","ID"
"3959","BOUNDARY",8178,"03","2025","ID"
"3960","BUTTE",1637,"03","2025","ID"
"3961","CAMAS",815,"03","2025","ID"
"3962","CANYON",113064,"03","2025","ID"
"3963","CARIBOU",3885,"03","2025","ID"
"3964","CASSIA",10683,"03","2025","ID"
"3965","CLARK",367,"03","2025","ID"
"3966","CLEARWATER",4864,"03","2025","ID"
"3967","CUSTER",2972,"03","2025","ID"
"3968","ELMORE",12288,"03","2025","ID"
"3969","FRANKLIN",7919,"03","2025","ID"
"3970","FREMONT",7608,"03","2025","ID"
"3971","GEM",12092,"03","2025","ID"
"3972","GOODING",6753,"03","2025","ID"
"3973","IDAHO",11161,"03","2025","ID"
"3974","JEFFERSON",17530,"03","2025","ID"
"3975","JEROME",9015,"03","2025","ID"
"3976","KOOTENAI",109927,"03","2025","ID"
"3977","LATAH",23176,"03","2025","ID"
"3978","LEMHI",5427,"03","2025","ID"
"3979","LEWIS",2211,"03","2025","ID"
"3980","LINCOLN",2239,"03","2025","ID"
"3981","MADISON",21083,"03","2025","ID"
"3982","MINIDOKA",8543,"03","2025","ID"
"3983","NEZ PERCE",22230,"03","2025","ID"
"3984","ONEIDA",2827,"03","2025","ID"
"3985","OWYHEE",5658,"03","2025","ID"
"3986","PAYETTE",13263,"03","2025","ID"
"3987","POWER",3461,"03","2025","ID"
"3988","SHOSHONE",7160,"03","2025","ID"
"3989","TETON",7520,"03","2025","ID"
"3990","TWIN FALLS",40947,"03","2025","ID"
"3991","VALLEY",8211,"03","2025","ID"
"3992","WASHINGTON",6172,"03","2025","ID"
"3993","Total",1017691,"03","2025","ID"
"3994","ADA",296898,"04","2025","ID"
"3995","ADAMS",3039,"04","2025","ID"
"3996","BANNOCK",44793,"04","2025","ID"
"3997","BEAR LAKE",3737,"04","2025","ID"
"3998","BENEWAH",6011,"04","2025","ID"
"3999","BINGHAM",23353,"04","2025","ID"
"4000","BLAINE",14910,"04","2025","ID"
"4001","BOISE",5647,"04","2025","ID"
"4002","BONNER",33441,"04","2025","ID"
"4003","BONNEVILLE",63892,"04","2025","ID"
"4004","BOUNDARY",8164,"04","2025","ID"
"4005","BUTTE",1633,"04","2025","ID"
"4006","CAMAS",815,"04","2025","ID"
"4007","CANYON",112958,"04","2025","ID"
"4008","CARIBOU",3927,"04","2025","ID"
"4009","CASSIA",10664,"04","2025","ID"
"4010","CLARK",367,"04","2025","ID"
"4011","CLEARWATER",4872,"04","2025","ID"
"4012","CUSTER",2969,"04","2025","ID"
"4013","ELMORE",12276,"04","2025","ID"
"4014","FRANKLIN",7914,"04","2025","ID"
"4015","FREMONT",7607,"04","2025","ID"
"4016","GEM",12080,"04","2025","ID"
"4017","GOODING",6747,"04","2025","ID"
"4018","IDAHO",11151,"04","2025","ID"
"4019","JEFFERSON",17496,"04","2025","ID"
"4020","JEROME",8998,"04","2025","ID"
"4021","KOOTENAI",109907,"04","2025","ID"
"4022","LATAH",23133,"04","2025","ID"
"4023","LEMHI",5410,"04","2025","ID"
"4024","LEWIS",2203,"04","2025","ID"
"4025","LINCOLN",2241,"04","2025","ID"
"4026","MADISON",21090,"04","2025","ID"
"4027","MINIDOKA",8520,"04","2025","ID"
"4028","NEZ PERCE",22199,"04","2025","ID"
"4029","ONEIDA",2822,"04","2025","ID"
"4030","OWYHEE",5648,"04","2025","ID"
"4031","PAYETTE",13266,"04","2025","ID"
"4032","POWER",3461,"04","2025","ID"
"4033","SHOSHONE",7158,"04","2025","ID"
"4034","TETON",7525,"04","2025","ID"
"4035","TWIN FALLS",40909,"04","2025","ID"
"4036","VALLEY",8208,"04","2025","ID"
"4037","WASHINGTON",6158,"04","2025","ID"
"4038","Total",1016217,"04","2025","ID"
"4039","ADA",296377,"05","2025","ID"
"4040","ADAMS",3039,"05","2025","ID"
"4041","BANNOCK",44775,"05","2025","ID"
"4042","BEAR LAKE",3733,"05","2025","ID"
"4043","BENEWAH",6013,"05","2025","ID"
"4044","BINGHAM",23341,"05","2025","ID"
"4045","BLAINE",14898,"05","2025","ID"
"4046","BOISE",5654,"05","2025","ID"
"4047","BONNER",33436,"05","2025","ID"
"4048","BONNEVILLE",63782,"05","2025","ID"
"4049","BOUNDARY",8171,"05","2025","ID"
"4050","BUTTE",1632,"05","2025","ID"
"4051","CAMAS",815,"05","2025","ID"
"4052","CANYON",113079,"05","2025","ID"
"4053","CARIBOU",3926,"05","2025","ID"
"4054","CASSIA",10664,"05","2025","ID"
"4055","CLARK",367,"05","2025","ID"
"4056","CLEARWATER",4876,"05","2025","ID"
"4057","CUSTER",2972,"05","2025","ID"
"4058","ELMORE",12274,"05","2025","ID"
"4059","FRANKLIN",7919,"05","2025","ID"
"4060","FREMONT",7605,"05","2025","ID"
"4061","GEM",12076,"05","2025","ID"
"4062","GOODING",6747,"05","2025","ID"
"4063","IDAHO",11147,"05","2025","ID"
"4064","JEFFERSON",17482,"05","2025","ID"
"4065","JEROME",8995,"05","2025","ID"
"4066","KOOTENAI",109975,"05","2025","ID"
"4067","LATAH",23063,"05","2025","ID"
"4068","LEMHI",5411,"05","2025","ID"
"4069","LEWIS",2206,"05","2025","ID"
"4070","LINCOLN",2214,"05","2025","ID"
"4071","MADISON",21090,"05","2025","ID"
"4072","MINIDOKA",8512,"05","2025","ID"
"4073","NEZ PERCE",22160,"05","2025","ID"
"4074","ONEIDA",2818,"05","2025","ID"
"4075","OWYHEE",5640,"05","2025","ID"
"4076","PAYETTE",13269,"05","2025","ID"
"4077","POWER",3462,"05","2025","ID"
"4078","SHOSHONE",7167,"05","2025","ID"
"4079","TETON",7529,"05","2025","ID"
"4080","TWIN FALLS",40909,"05","2025","ID"
"4081","VALLEY",8223,"05","2025","ID"
"4082","WASHINGTON",6160,"05","2025","ID"
"4083","Total",1015603,"05","2025","ID"
"4084","ADA",295851,"06","2025","ID"
"4085","ADAMS",3042,"06","2025","ID"
"4086","BANNOCK",44751,"06","2025","ID"
"4087","BEAR LAKE",3726,"06","2025","ID"
"4088","BENEWAH",6027,"06","2025","ID"
"4089","BINGHAM",23437,"06","2025","ID"
"4090","BLAINE",14899,"06","2025","ID"
"4091","BOISE",5677,"06","2025","ID"
"4092","BONNER",33600,"06","2025","ID"
"4093","BONNEVILLE",63677,"06","2025","ID"
"4094","BOUNDARY",8257,"06","2025","ID"
"4095","BUTTE",1631,"06","2025","ID"
"4096","CAMAS",814,"06","2025","ID"
"4097","CANYON",113273,"06","2025","ID"
"4098","CARIBOU",3916,"06","2025","ID"
"4099","CASSIA",10681,"06","2025","ID"
"4100","CLARK",367,"06","2025","ID"
"4101","CLEARWATER",4889,"06","2025","ID"
"4102","CUSTER",2970,"06","2025","ID"
"4103","ELMORE",12260,"06","2025","ID"
"4104","FRANKLIN",7920,"06","2025","ID"
"4105","FREMONT",7606,"06","2025","ID"
"4106","GEM",12075,"06","2025","ID"
"4107","GOODING",6741,"06","2025","ID"
"4108","IDAHO",11151,"06","2025","ID"
"4109","JEFFERSON",17519,"06","2025","ID"
"4110","JEROME",8991,"06","2025","ID"
"4111","KOOTENAI",110209,"06","2025","ID"
"4112","LATAH",23011,"06","2025","ID"
"4113","LEMHI",5414,"06","2025","ID"
"4114","LEWIS",2209,"06","2025","ID"
"4115","LINCOLN",2217,"06","2025","ID"
"4116","MADISON",21065,"06","2025","ID"
"4117","MINIDOKA",8496,"06","2025","ID"
"4118","NEZ PERCE",22159,"06","2025","ID"
"4119","ONEIDA",2829,"06","2025","ID"
"4120","OWYHEE",5630,"06","2025","ID"
"4121","PAYETTE",13305,"06","2025","ID"
"4122","POWER",3469,"06","2025","ID"
"4123","SHOSHONE",7168,"06","2025","ID"
"4124","TETON",7541,"06","2025","ID"
"4125","TWIN FALLS",40863,"06","2025","ID"
"4126","VALLEY",8228,"06","2025","ID"
"4127","WASHINGTON",6155,"06","2025","ID"
"4128","Total",1015716,"06","2025","ID"
"4129","ADA",295963,"07","2025","ID"
"4130","ADAMS",3046,"07","2025","ID"
"4131","BANNOCK",44752,"07","2025","ID"
"4132","BEAR LAKE",3740,"07","2025","ID"
"4133","BENEWAH",6028,"07","2025","ID"
"4134","BINGHAM",23368,"07","2025","ID"
"4135","BLAINE",14907,"07","2025","ID"
"4136","BOISE",5681,"07","2025","ID"
"4137","BONNER",33629,"07","2025","ID"
"4138","BONNEVILLE",63520,"07","2025","ID"
"4139","BOUNDARY",8251,"07","2025","ID"
"4140","BUTTE",1631,"07","2025","ID"
"4141","CAMAS",816,"07","2025","ID"
"4142","CANYON",113242,"07","2025","ID"
"4143","CARIBOU",3914,"07","2025","ID"
"4144","CASSIA",10626,"07","2025","ID"
"4145","CLARK",367,"07","2025","ID"
"4146","CLEARWATER",4890,"07","2025","ID"
"4147","CUSTER",2970,"07","2025","ID"
"4148","ELMORE",12263,"07","2025","ID"
"4149","FRANKLIN",7920,"07","2025","ID"
"4150","FREMONT",7603,"07","2025","ID"
"4151","GEM",12084,"07","2025","ID"
"4152","GOODING",6738,"07","2025","ID"
"4153","IDAHO",11141,"07","2025","ID"
"4154","JEFFERSON",17508,"07","2025","ID"
"4155","JEROME",8991,"07","2025","ID"
"4156","KOOTENAI",110150,"07","2025","ID"
"4157","LATAH",22892,"07","2025","ID"
"4158","LEMHI",5414,"07","2025","ID"
"4159","LEWIS",2207,"07","2025","ID"
"4160","LINCOLN",2217,"07","2025","ID"
"4161","MADISON",21055,"07","2025","ID"
"4162","MINIDOKA",8500,"07","2025","ID"
"4163","NEZ PERCE",22139,"07","2025","ID"
"4164","ONEIDA",2822,"07","2025","ID"
"4165","OWYHEE",5633,"07","2025","ID"
"4166","PAYETTE",13307,"07","2025","ID"
"4167","POWER",3460,"07","2025","ID"
"4168","SHOSHONE",7170,"07","2025","ID"
"4169","TETON",7542,"07","2025","ID"
"4170","TWIN FALLS",40827,"07","2025","ID"
"4171","VALLEY",8236,"07","2025","ID"
"4172","WASHINGTON",6152,"07","2025","ID"
"4173","Total",1015312,"07","2025","ID"
"4174","ADA",295843,"08","2025","ID"
"4175","ADAMS",3042,"08","2025","ID"
"4176","BANNOCK",44737,"08","2025","ID"
"4177","BEAR LAKE",3751,"08","2025","ID"
"4178","BENEWAH",6018,"08","2025","ID"
"4179","BINGHAM",23362,"08","2025","ID"
"4180","BLAINE",14919,"08","2025","ID"
"4181","BOISE",5678,"08","2025","ID"
"4182","BONNER",33611,"08","2025","ID"
"4183","BONNEVILLE",63441,"08","2025","ID"
"4184","BOUNDARY",8244,"08","2025","ID"
"4185","BUTTE",1630,"08","2025","ID"
"4186","CAMAS",815,"08","2025","ID"
"4187","CANYON",113189,"08","2025","ID"
"4188","CARIBOU",3904,"08","2025","ID"
"4189","CASSIA",10616,"08","2025","ID"
"4190","CLARK",367,"08","2025","ID"
"4191","CLEARWATER",4891,"08","2025","ID"
"4192","CUSTER",2965,"08","2025","ID"
"4193","ELMORE",12260,"08","2025","ID"
"4194","FRANKLIN",7920,"08","2025","ID"
"4195","FREMONT",7596,"08","2025","ID"
"4196","GEM",12064,"08","2025","ID"
"4197","GOODING",6730,"08","2025","ID"
"4198","IDAHO",11138,"08","2025","ID"
"4199","JEFFERSON",17512,"08","2025","ID"
"4200","JEROME",8995,"08","2025","ID"
"4201","KOOTENAI",109977,"08","2025","ID"
"4202","LATAH",22900,"08","2025","ID"
"4203","LEMHI",5417,"08","2025","ID"
"4204","LEWIS",2206,"08","2025","ID"
"4205","LINCOLN",2216,"08","2025","ID"
"4206","MADISON",21056,"08","2025","ID"
"4207","MINIDOKA",8500,"08","2025","ID"
"4208","NEZ PERCE",22102,"08","2025","ID"
"4209","ONEIDA",2823,"08","2025","ID"
"4210","OWYHEE",5627,"08","2025","ID"
"4211","PAYETTE",13323,"08","2025","ID"
"4212","POWER",3458,"08","2025","ID"
"4213","SHOSHONE",7138,"08","2025","ID"
"4214","TETON",7546,"08","2025","ID"
"4215","TWIN FALLS",40799,"08","2025","ID"
"4216","VALLEY",8231,"08","2025","ID"
"4217","WASHINGTON",6145,"08","2025","ID"
"4218","Total",1014702,"08","2025","ID"
"4219","ADA",295944,"09","2025","ID"
"4220","ADAMS",3036,"09","2025","ID"
"4221","BANNOCK",44730,"09","2025","ID"
"4222","BEAR LAKE",3750,"09","2025","ID"
"4223","BENEWAH",6015,"09","2025","ID"
"4224","BINGHAM",23370,"09","2025","ID"
"4225","BLAINE",14911,"09","2025","ID"
"4226","BOISE",5684,"09","2025","ID"
"4227","BONNER",33599,"09","2025","ID"
"4228","BONNEVILLE",63386,"09","2025","ID"
"4229","BOUNDARY",8239,"09","2025","ID"
"4230","BUTTE",1625,"09","2025","ID"
"4231","CAMAS",813,"09","2025","ID"
"4232","CANYON",113155,"09","2025","ID"
"4233","CARIBOU",3904,"09","2025","ID"
"4234","CASSIA",10614,"09","2025","ID"
"4235","CLARK",369,"09","2025","ID"
"4236","CLEARWATER",4898,"09","2025","ID"
"4237","CUSTER",2968,"09","2025","ID"
"4238","ELMORE",12260,"09","2025","ID"
"4239","FRANKLIN",7926,"09","2025","ID"
"4240","FREMONT",7591,"09","2025","ID"
"4241","GEM",12066,"09","2025","ID"
"4242","GOODING",6723,"09","2025","ID"
"4243","IDAHO",11133,"09","2025","ID"
"4244","JEFFERSON",17515,"09","2025","ID"
"4245","JEROME",8990,"09","2025","ID"
"4246","KOOTENAI",109939,"09","2025","ID"
"4247","LATAH",22866,"09","2025","ID"
"4248","LEMHI",5422,"09","2025","ID"
"4249","LEWIS",2205,"09","2025","ID"
"4250","LINCOLN",2217,"09","2025","ID"
"4251","MADISON",21064,"09","2025","ID"
"4252","MINIDOKA",8494,"09","2025","ID"
"4253","NEZ PERCE",22091,"09","2025","ID"
"4254","ONEIDA",2819,"09","2025","ID"
"4255","OWYHEE",5628,"09","2025","ID"
"4256","PAYETTE",13336,"09","2025","ID"
"4257","POWER",3454,"09","2025","ID"
"4258","SHOSHONE",7114,"09","2025","ID"
"4259","TETON",7548,"09","2025","ID"
"4260","TWIN FALLS",40818,"09","2025","ID"
"4261","VALLEY",8257,"09","2025","ID"
"4262","WASHINGTON",6146,"09","2025","ID"
"4263","Total",1014632,"09","2025","ID"
"4264","ADA",296204,"10","2025","ID"
"4265","ADAMS",3037,"10","2025","ID"
"4266","BANNOCK",44764,"10","2025","ID"
"4267","BEAR LAKE",3750,"10","2025","ID"
"4268","BENEWAH",6017,"10","2025","ID"
"4269","BINGHAM",23382,"10","2025","ID"
"4270","BLAINE",14918,"10","2025","ID"
"4271","BOISE",5663,"10","2025","ID"
"4272","BONNER",33612,"10","2025","ID"
"4273","BONNEVILLE",63281,"10","2025","ID"
"4274","BOUNDARY",8243,"10","2025","ID"
"4275","BUTTE",1626,"10","2025","ID"
"4276","CAMAS",812,"10","2025","ID"
"4277","CANYON",113359,"10","2025","ID"
"4278","CARIBOU",3904,"10","2025","ID"
"4279","CASSIA",10610,"10","2025","ID"
"4280","CLARK",369,"10","2025","ID"
"4281","CLEARWATER",4904,"10","2025","ID"
"4282","CUSTER",2969,"10","2025","ID"
"4283","ELMORE",12276,"10","2025","ID"
"4284","FRANKLIN",7882,"10","2025","ID"
"4285","FREMONT",7591,"10","2025","ID"
"4286","GEM",12063,"10","2025","ID"
"4287","GOODING",6712,"10","2025","ID"
"4288","IDAHO",11125,"10","2025","ID"
"4289","JEFFERSON",17523,"10","2025","ID"
"4290","JEROME",8971,"10","2025","ID"
"4291","KOOTENAI",110051,"10","2025","ID"
"4292","LATAH",22898,"10","2025","ID"
"4293","LEMHI",5428,"10","2025","ID"
"4294","LEWIS",2201,"10","2025","ID"
"4295","LINCOLN",2218,"10","2025","ID"
"4296","MADISON",21066,"10","2025","ID"
"4297","MINIDOKA",8489,"10","2025","ID"
"4298","NEZ PERCE",22077,"10","2025","ID"
"4299","ONEIDA",2818,"10","2025","ID"
"4300","OWYHEE",5601,"10","2025","ID"
"4301","PAYETTE",13355,"10","2025","ID"
"4302","POWER",3456,"10","2025","ID"
"4303","SHOSHONE",7108,"10","2025","ID"
"4304","TETON",7555,"10","2025","ID"
"4305","TWIN FALLS",40772,"10","2025","ID"
"4306","VALLEY",8279,"10","2025","ID"
"4307","WASHINGTON",6155,"10","2025","ID"
"4308","Total",1015094,"10","2025","ID"
"4309","ADA",297265,"11","2025","ID"
"4310","ADAMS",3037,"11","2025","ID"
"4311","BANNOCK",44880,"11","2025","ID"
"4312","BEAR LAKE",3754,"11","2025","ID"
"4313","BENEWAH",6025,"11","2025","ID"
"4314","BINGHAM",23371,"11","2025","ID"
"4315","BLAINE",14959,"11","2025","ID"
"4316","BOISE",5680,"11","2025","ID"
"4317","BONNER",33697,"11","2025","ID"
"4318","BONNEVILLE",63405,"11","2025","ID"
"4319","BOUNDARY",8250,"11","2025","ID"
"4320","BUTTE",1625,"11","2025","ID"
"4321","CAMAS",817,"11","2025","ID"
"4322","CANYON",113774,"11","2025","ID"
"4323","CARIBOU",3889,"11","2025","ID"
"4324","CASSIA",10603,"11","2025","ID"
"4325","CLARK",371,"11","2025","ID"
"4326","CLEARWATER",4925,"11","2025","ID"
"4327","CUSTER",2970,"11","2025","ID"
"4328","ELMORE",12292,"11","2025","ID"
"4329","FRANKLIN",7903,"11","2025","ID"
"4330","FREMONT",7596,"11","2025","ID"
"4331","GEM",12085,"11","2025","ID"
"4332","GOODING",6731,"11","2025","ID"
"4333","IDAHO",11132,"11","2025","ID"
"4334","JEFFERSON",17485,"11","2025","ID"
"4335","JEROME",8975,"11","2025","ID"
"4336","KOOTENAI",110404,"11","2025","ID"
"4337","LATAH",23005,"11","2025","ID"
"4338","LEMHI",5443,"11","2025","ID"
"4339","LEWIS",2203,"11","2025","ID"
"4340","LINCOLN",2212,"11","2025","ID"
"4341","MADISON",21084,"11","2025","ID"
"4342","MINIDOKA",8502,"11","2025","ID"
"4343","NEZ PERCE",22113,"11","2025","ID"
"4344","ONEIDA",2816,"11","2025","ID"
"4345","OWYHEE",5606,"11","2025","ID"
"4346","PAYETTE",13390,"11","2025","ID"
"4347","POWER",3459,"11","2025","ID"
"4348","SHOSHONE",7124,"11","2025","ID"
"4349","TETON",7571,"11","2025","ID"
"4350","TWIN FALLS",40809,"11","2025","ID"
"4351","VALLEY",8313,"11","2025","ID"
"4352","WASHINGTON",6148,"11","2025","ID"
"4353","Total",1017698,"11","2025","ID"
"4354","ADA",298285,"12","2025","ID"
"4355","ADAMS",3058,"12","2025","ID"
"4356","BANNOCK",45371,"12","2025","ID"
"4357","BEAR LAKE",3766,"12","2025","ID"
"4358","BENEWAH",6057,"12","2025","ID"
"4359","BINGHAM",23425,"12","2025","ID"
"4360","BLAINE",14960,"12","2025","ID"
"4361","BOISE",5733,"12","2025","ID"
"4362","BONNER",33762,"12","2025","ID"
"4363","BONNEVILLE",63782,"12","2025","ID"
"4364","BOUNDARY",8253,"12","2025","ID"
"4365","BUTTE",1607,"12","2025","ID"
"4366","CAMAS",820,"12","2025","ID"
"4367","CANYON",114319,"12","2025","ID"
"4368","CARIBOU",3922,"12","2025","ID"
"4369","CASSIA",10576,"12","2025","ID"
"4370","CLARK",370,"12","2025","ID"
"4371","CLEARWATER",4951,"12","2025","ID"
"4372","CUSTER",2974,"12","2025","ID"
"4373","ELMORE",12338,"12","2025","ID"
"4374","FRANKLIN",7937,"12","2025","ID"
"4375","FREMONT",7666,"12","2025","ID"
"4376","GEM",12113,"12","2025","ID"
"4377","GOODING",6774,"12","2025","ID"
"4378","IDAHO",11159,"12","2025","ID"
"4379","JEFFERSON",17447,"12","2025","ID"
"4380","JEROME",9009,"12","2025","ID"
"4381","KOOTENAI",110618,"12","2025","ID"
"4382","LATAH",23295,"12","2025","ID"
"4383","LEMHI",5450,"12","2025","ID"
"4384","LEWIS",2207,"12","2025","ID"
"4385","LINCOLN",2227,"12","2025","ID"
"4386","MADISON",21123,"12","2025","ID"
"4387","MINIDOKA",8534,"12","2025","ID"
"4388","NEZ PERCE",22153,"12","2025","ID"
"4389","ONEIDA",2808,"12","2025","ID"
"4390","OWYHEE",5642,"12","2025","ID"
"4391","PAYETTE",13473,"12","2025","ID"
"4392","POWER",3475,"12","2025","ID"
"4393","SHOSHONE",7225,"12","2025","ID"
"4394","TETON",7652,"12","2025","ID"
"4395","TWIN FALLS",40871,"12","2025","ID"
"4396","VALLEY",8383,"12","2025","ID"
"4397","WASHINGTON",6171,"12","2025","ID"
"4398","Total",1021741,"12","2025","ID"
