"","county","count","month","year","state"
"1","ACADIA PAR 01","39838","January","2017","LA"
"2","ALLEN PAR 02","13751","January","2017","LA"
"3","ASCENSION PAR 03","75450","January","2017","LA"
"4","ASSUMPTION PAR 04","15147","January","2017","LA"
"5","AVOYELLES PAR 05","24672","January","2017","LA"
"6","BEAUREGARD PAR 06","22220","January","2017","LA"
"7","BIENVILLE PAR 07","9450","January","2017","LA"
"8","BOSSIER PAR 08","71441","January","2017","LA"
"9","CADDO PAR 09","164480","January","2017","LA"
"10","CALCASIEU PAR 10","127865","January","2017","LA"
"11","CALDWELL PAR 11","6671","January","2017","LA"
"12","CAMERON PAR 12","5127","January","2017","LA"
"13","CATAHOULA PAR 13","6926","January","2017","LA"
"14","CLAIBORNE PAR 14","9105","January","2017","LA"
"15","CONCORDIA PAR 15","13107","January","2017","LA"
"16","DE SOTO PAR 16","19029","January","2017","LA"
"17","EAST BATON ROUGE PAR 17","286008","January","2017","LA"
"18","EAST CARROLL PAR 18","5285","January","2017","LA"
"19","EAST FELICIANA PAR 19","14179","January","2017","LA"
"20","EVANGELINE PAR 20","21927","January","2017","LA"
"21","FRANKLIN PAR 21","13782","January","2017","LA"
"22","GRANT PAR 22","12813","January","2017","LA"
"23","IBERIA PAR 23","47907","January","2017","LA"
"24","IBERVILLE PAR 24","21387","January","2017","LA"
"25","JACKSON PAR 25","10120","January","2017","LA"
"26","JEFFERSON PAR 26","271608","January","2017","LA"
"27","JEFFERSON DAVIS PAR 27","21083","January","2017","LA"
"28","LAFAYETTE PAR 28","152650","January","2017","LA"
"29","LAFOURCHE PAR 29","58473","January","2017","LA"
"30","LASALLE PAR 30","8962","January","2017","LA"
"31","LINCOLN PAR 31","26763","January","2017","LA"
"32","LIVINGSTON PAR 32","82571","January","2017","LA"
"33","MADISON PAR 33","7701","January","2017","LA"
"34","MOREHOUSE PAR 34","18597","January","2017","LA"
"35","NATCHITOCHES PAR 35","25045","January","2017","LA"
"36","ORLEANS PAR 36","257084","January","2017","LA"
"37","OUACHITA PAR 37","104134","January","2017","LA"
"38","PLAQUEMINES PAR 38","14771","January","2017","LA"
"39","POINTE COUPEE PAR 39","15532","January","2017","LA"
"40","RAPIDES PAR 40","85257","January","2017","LA"
"41","RED RIVER PAR 41","6167","January","2017","LA"
"42","RICHLAND PAR 42","14180","January","2017","LA"
"43","SABINE PAR 43","14799","January","2017","LA"
"44","ST. BERNARD PAR 44","25998","January","2017","LA"
"45","ST. CHARLES PAR 45","35087","January","2017","LA"
"46","ST. HELENA PAR 46","8490","January","2017","LA"
"47","ST. JAMES PAR 47","15715","January","2017","LA"
"48","ST. JOHN THE BAPTIST PAR 48","29731","January","2017","LA"
"49","ST. LANDRY PAR 49","60072","January","2017","LA"
"50","ST. MARTIN PAR 50","36786","January","2017","LA"
"51","ST. MARY PAR 51","32995","January","2017","LA"
"52","ST. TAMMANY PAR 52","170407","January","2017","LA"
"53","TANGIPAHOA PAR 53","78028","January","2017","LA"
"54","TENSAS PAR 54","3970","January","2017","LA"
"55","TERREBONNE PAR 55","63870","January","2017","LA"
"56","UNION PAR 56","15827","January","2017","LA"
"57","VERMILION PAR 57","37582","January","2017","LA"
"58","VERNON PAR 58","25208","January","2017","LA"
"59","WASHINGTON PAR 59","27659","January","2017","LA"
"60","WEBSTER PAR 60","25347","January","2017","LA"
"61","WEST BATON ROUGE PAR 61","16640","January","2017","LA"
"62","WEST CARROLL PAR 62","7274","January","2017","LA"
"63","WEST FELICIANA PAR 63","7743","January","2017","LA"
"64","WINN PAR 64","9202","January","2017","LA"
"65","ACADIA PAR 01","39817","February","2017","LA"
"66","ALLEN PAR 02","13744","February","2017","LA"
"67","ASCENSION PAR 03","75505","February","2017","LA"
"68","ASSUMPTION PAR 04","15154","February","2017","LA"
"69","AVOYELLES PAR 05","24669","February","2017","LA"
"70","BEAUREGARD PAR 06","22190","February","2017","LA"
"71","BIENVILLE PAR 07","9411","February","2017","LA"
"72","BOSSIER PAR 08","71463","February","2017","LA"
"73","CADDO PAR 09","164458","February","2017","LA"
"74","CALCASIEU PAR 10","127897","February","2017","LA"
"75","CALDWELL PAR 11","6658","February","2017","LA"
"76","CAMERON PAR 12","5124","February","2017","LA"
"77","CATAHOULA PAR 13","6926","February","2017","LA"
"78","CLAIBORNE PAR 14","9087","February","2017","LA"
"79","CONCORDIA PAR 15","13105","February","2017","LA"
"80","DE SOTO PAR 16","19040","February","2017","LA"
"81","EAST BATON ROUGE PAR 17","285864","February","2017","LA"
"82","EAST CARROLL PAR 18","5280","February","2017","LA"
"83","EAST FELICIANA PAR 19","14177","February","2017","LA"
"84","EVANGELINE PAR 20","21882","February","2017","LA"
"85","FRANKLIN PAR 21","13773","February","2017","LA"
"86","GRANT PAR 22","12798","February","2017","LA"
"87","IBERIA PAR 23","47843","February","2017","LA"
"88","IBERVILLE PAR 24","21354","February","2017","LA"
"89","JACKSON PAR 25","10105","February","2017","LA"
"90","JEFFERSON PAR 26","271649","February","2017","LA"
"91","JEFFERSON DAVIS PAR 27","21080","February","2017","LA"
"92","LAFAYETTE PAR 28","152696","February","2017","LA"
"93","LAFOURCHE PAR 29","58449","February","2017","LA"
"94","LASALLE PAR 30","8953","February","2017","LA"
"95","LINCOLN PAR 31","26791","February","2017","LA"
"96","LIVINGSTON PAR 32","82378","February","2017","LA"
"97","MADISON PAR 33","7694","February","2017","LA"
"98","MOREHOUSE PAR 34","18586","February","2017","LA"
"99","NATCHITOCHES PAR 35","25041","February","2017","LA"
"100","ORLEANS PAR 36","257268","February","2017","LA"
"101","OUACHITA PAR 37","104026","February","2017","LA"
"102","PLAQUEMINES PAR 38","14759","February","2017","LA"
"103","POINTE COUPEE PAR 39","15540","February","2017","LA"
"104","RAPIDES PAR 40","85296","February","2017","LA"
"105","RED RIVER PAR 41","6162","February","2017","LA"
"106","RICHLAND PAR 42","14170","February","2017","LA"
"107","SABINE PAR 43","14790","February","2017","LA"
"108","ST. BERNARD PAR 44","25986","February","2017","LA"
"109","ST. CHARLES PAR 45","35105","February","2017","LA"
"110","ST. HELENA PAR 46","8485","February","2017","LA"
"111","ST. JAMES PAR 47","15706","February","2017","LA"
"112","ST. JOHN THE BAPTIST PAR 48","29727","February","2017","LA"
"113","ST. LANDRY PAR 49","60057","February","2017","LA"
"114","ST. MARTIN PAR 50","36778","February","2017","LA"
"115","ST. MARY PAR 51","32984","February","2017","LA"
"116","ST. TAMMANY PAR 52","170583","February","2017","LA"
"117","TANGIPAHOA PAR 53","78183","February","2017","LA"
"118","TENSAS PAR 54","3954","February","2017","LA"
"119","TERREBONNE PAR 55","63869","February","2017","LA"
"120","UNION PAR 56","15827","February","2017","LA"
"121","VERMILION PAR 57","37587","February","2017","LA"
"122","VERNON PAR 58","25222","February","2017","LA"
"123","WASHINGTON PAR 59","27689","February","2017","LA"
"124","WEBSTER PAR 60","25306","February","2017","LA"
"125","WEST BATON ROUGE PAR 61","16653","February","2017","LA"
"126","WEST CARROLL PAR 62","7275","February","2017","LA"
"127","WEST FELICIANA PAR 63","7764","February","2017","LA"
"128","WINN PAR 64","9196","February","2017","LA"
"129","ACADIA PAR 01","39819","March","2017","LA"
"130","ALLEN PAR 02","13740","March","2017","LA"
"131","ASCENSION PAR 03","75527","March","2017","LA"
"132","ASSUMPTION PAR 04","15159","March","2017","LA"
"133","AVOYELLES PAR 05","24638","March","2017","LA"
"134","BEAUREGARD PAR 06","22190","March","2017","LA"
"135","BIENVILLE PAR 07","9388","March","2017","LA"
"136","BOSSIER PAR 08","71519","March","2017","LA"
"137","CADDO PAR 09","164452","March","2017","LA"
"138","CALCASIEU PAR 10","127896","March","2017","LA"
"139","CALDWELL PAR 11","6648","March","2017","LA"
"140","CAMERON PAR 12","5127","March","2017","LA"
"141","CATAHOULA PAR 13","6912","March","2017","LA"
"142","CLAIBORNE PAR 14","9092","March","2017","LA"
"143","CONCORDIA PAR 15","13100","March","2017","LA"
"144","DE SOTO PAR 16","19059","March","2017","LA"
"145","EAST BATON ROUGE PAR 17","285816","March","2017","LA"
"146","EAST CARROLL PAR 18","5276","March","2017","LA"
"147","EAST FELICIANA PAR 19","14174","March","2017","LA"
"148","EVANGELINE PAR 20","21864","March","2017","LA"
"149","FRANKLIN PAR 21","13766","March","2017","LA"
"150","GRANT PAR 22","12804","March","2017","LA"
"151","IBERIA PAR 23","47839","March","2017","LA"
"152","IBERVILLE PAR 24","21334","March","2017","LA"
"153","JACKSON PAR 25","10093","March","2017","LA"
"154","JEFFERSON PAR 26","271700","March","2017","LA"
"155","JEFFERSON DAVIS PAR 27","21090","March","2017","LA"
"156","LAFAYETTE PAR 28","152704","March","2017","LA"
"157","LAFOURCHE PAR 29","58430","March","2017","LA"
"158","LASALLE PAR 30","8944","March","2017","LA"
"159","LINCOLN PAR 31","26803","March","2017","LA"
"160","LIVINGSTON PAR 32","82288","March","2017","LA"
"161","MADISON PAR 33","7695","March","2017","LA"
"162","MOREHOUSE PAR 34","18578","March","2017","LA"
"163","NATCHITOCHES PAR 35","25028","March","2017","LA"
"164","ORLEANS PAR 36","257240","March","2017","LA"
"165","OUACHITA PAR 37","104074","March","2017","LA"
"166","PLAQUEMINES PAR 38","14768","March","2017","LA"
"167","POINTE COUPEE PAR 39","15536","March","2017","LA"
"168","RAPIDES PAR 40","85258","March","2017","LA"
"169","RED RIVER PAR 41","6157","March","2017","LA"
"170","RICHLAND PAR 42","14166","March","2017","LA"
"171","SABINE PAR 43","14782","March","2017","LA"
"172","ST. BERNARD PAR 44","25999","March","2017","LA"
"173","ST. CHARLES PAR 45","35128","March","2017","LA"
"174","ST. HELENA PAR 46","8485","March","2017","LA"
"175","ST. JAMES PAR 47","15701","March","2017","LA"
"176","ST. JOHN THE BAPTIST PAR 48","29767","March","2017","LA"
"177","ST. LANDRY PAR 49","60025","March","2017","LA"
"178","ST. MARTIN PAR 50","36791","March","2017","LA"
"179","ST. MARY PAR 51","32987","March","2017","LA"
"180","ST. TAMMANY PAR 52","170653","March","2017","LA"
"181","TANGIPAHOA PAR 53","78233","March","2017","LA"
"182","TENSAS PAR 54","3951","March","2017","LA"
"183","TERREBONNE PAR 55","63859","March","2017","LA"
"184","UNION PAR 56","15811","March","2017","LA"
"185","VERMILION PAR 57","37595","March","2017","LA"
"186","VERNON PAR 58","25233","March","2017","LA"
"187","WASHINGTON PAR 59","27672","March","2017","LA"
"188","WEBSTER PAR 60","25270","March","2017","LA"
"189","WEST BATON ROUGE PAR 61","16652","March","2017","LA"
"190","WEST CARROLL PAR 62","7281","March","2017","LA"
"191","WEST FELICIANA PAR 63","7762","March","2017","LA"
"192","WINN PAR 64","9185","March","2017","LA"
"193","ACADIA PAR 01","39791","April","2017","LA"
"194","ALLEN PAR 02","13719","April","2017","LA"
"195","ASCENSION PAR 03","75546","April","2017","LA"
"196","ASSUMPTION PAR 04","15163","April","2017","LA"
"197","AVOYELLES PAR 05","24648","April","2017","LA"
"198","BEAUREGARD PAR 06","22180","April","2017","LA"
"199","BIENVILLE PAR 07","9384","April","2017","LA"
"200","BOSSIER PAR 08","71501","April","2017","LA"
"201","CADDO PAR 09","164126","April","2017","LA"
"202","CALCASIEU PAR 10","127919","April","2017","LA"
"203","CALDWELL PAR 11","6634","April","2017","LA"
"204","CAMERON PAR 12","5128","April","2017","LA"
"205","CATAHOULA PAR 13","6899","April","2017","LA"
"206","CLAIBORNE PAR 14","9081","April","2017","LA"
"207","CONCORDIA PAR 15","13093","April","2017","LA"
"208","DE SOTO PAR 16","19075","April","2017","LA"
"209","EAST BATON ROUGE PAR 17","285738","April","2017","LA"
"210","EAST CARROLL PAR 18","5273","April","2017","LA"
"211","EAST FELICIANA PAR 19","14186","April","2017","LA"
"212","EVANGELINE PAR 20","21846","April","2017","LA"
"213","FRANKLIN PAR 21","13761","April","2017","LA"
"214","GRANT PAR 22","12788","April","2017","LA"
"215","IBERIA PAR 23","47807","April","2017","LA"
"216","IBERVILLE PAR 24","21311","April","2017","LA"
"217","JACKSON PAR 25","10079","April","2017","LA"
"218","JEFFERSON PAR 26","271701","April","2017","LA"
"219","JEFFERSON DAVIS PAR 27","21098","April","2017","LA"
"220","LAFAYETTE PAR 28","152714","April","2017","LA"
"221","LAFOURCHE PAR 29","58398","April","2017","LA"
"222","LASALLE PAR 30","8939","April","2017","LA"
"223","LINCOLN PAR 31","26785","April","2017","LA"
"224","LIVINGSTON PAR 32","82227","April","2017","LA"
"225","MADISON PAR 33","7692","April","2017","LA"
"226","MOREHOUSE PAR 34","18593","April","2017","LA"
"227","NATCHITOCHES PAR 35","25002","April","2017","LA"
"228","ORLEANS PAR 36","257307","April","2017","LA"
"229","OUACHITA PAR 37","104087","April","2017","LA"
"230","PLAQUEMINES PAR 38","14760","April","2017","LA"
"231","POINTE COUPEE PAR 39","15517","April","2017","LA"
"232","RAPIDES PAR 40","85248","April","2017","LA"
"233","RED RIVER PAR 41","6137","April","2017","LA"
"234","RICHLAND PAR 42","14155","April","2017","LA"
"235","SABINE PAR 43","14770","April","2017","LA"
"236","ST. BERNARD PAR 44","26007","April","2017","LA"
"237","ST. CHARLES PAR 45","35133","April","2017","LA"
"238","ST. HELENA PAR 46","8477","April","2017","LA"
"239","ST. JAMES PAR 47","15687","April","2017","LA"
"240","ST. JOHN THE BAPTIST PAR 48","29746","April","2017","LA"
"241","ST. LANDRY PAR 49","59990","April","2017","LA"
"242","ST. MARTIN PAR 50","36798","April","2017","LA"
"243","ST. MARY PAR 51","32983","April","2017","LA"
"244","ST. TAMMANY PAR 52","170881","April","2017","LA"
"245","TANGIPAHOA PAR 53","78293","April","2017","LA"
"246","TENSAS PAR 54","3950","April","2017","LA"
"247","TERREBONNE PAR 55","63853","April","2017","LA"
"248","UNION PAR 56","15793","April","2017","LA"
"249","VERMILION PAR 57","37613","April","2017","LA"
"250","VERNON PAR 58","25232","April","2017","LA"
"251","WASHINGTON PAR 59","27674","April","2017","LA"
"252","WEBSTER PAR 60","25244","April","2017","LA"
"253","WEST BATON ROUGE PAR 61","16659","April","2017","LA"
"254","WEST CARROLL PAR 62","7269","April","2017","LA"
"255","WEST FELICIANA PAR 63","7766","April","2017","LA"
"256","WINN PAR 64","9174","April","2017","LA"
"257","ACADIA PAR 01","39786","May","2017","LA"
"258","ALLEN PAR 02","13727","May","2017","LA"
"259","ASCENSION PAR 03","75570","May","2017","LA"
"260","ASSUMPTION PAR 04","15143","May","2017","LA"
"261","AVOYELLES PAR 05","24644","May","2017","LA"
"262","BEAUREGARD PAR 06","22173","May","2017","LA"
"263","BIENVILLE PAR 07","9375","May","2017","LA"
"264","BOSSIER PAR 08","71445","May","2017","LA"
"265","CADDO PAR 09","164066","May","2017","LA"
"266","CALCASIEU PAR 10","127869","May","2017","LA"
"267","CALDWELL PAR 11","6624","May","2017","LA"
"268","CAMERON PAR 12","5122","May","2017","LA"
"269","CATAHOULA PAR 13","6895","May","2017","LA"
"270","CLAIBORNE PAR 14","9067","May","2017","LA"
"271","CONCORDIA PAR 15","13076","May","2017","LA"
"272","DE SOTO PAR 16","19075","May","2017","LA"
"273","EAST BATON ROUGE PAR 17","285519","May","2017","LA"
"274","EAST CARROLL PAR 18","5268","May","2017","LA"
"275","EAST FELICIANA PAR 19","14207","May","2017","LA"
"276","EVANGELINE PAR 20","21826","May","2017","LA"
"277","FRANKLIN PAR 21","13763","May","2017","LA"
"278","GRANT PAR 22","12784","May","2017","LA"
"279","IBERIA PAR 23","47806","May","2017","LA"
"280","IBERVILLE PAR 24","21289","May","2017","LA"
"281","JACKSON PAR 25","10073","May","2017","LA"
"282","JEFFERSON PAR 26","271563","May","2017","LA"
"283","JEFFERSON DAVIS PAR 27","21111","May","2017","LA"
"284","LAFAYETTE PAR 28","152680","May","2017","LA"
"285","LAFOURCHE PAR 29","58412","May","2017","LA"
"286","LASALLE PAR 30","8936","May","2017","LA"
"287","LINCOLN PAR 31","26771","May","2017","LA"
"288","LIVINGSTON PAR 32","82275","May","2017","LA"
"289","MADISON PAR 33","7678","May","2017","LA"
"290","MOREHOUSE PAR 34","18585","May","2017","LA"
"291","NATCHITOCHES PAR 35","24994","May","2017","LA"
"292","ORLEANS PAR 36","257298","May","2017","LA"
"293","OUACHITA PAR 37","104064","May","2017","LA"
"294","PLAQUEMINES PAR 38","14754","May","2017","LA"
"295","POINTE COUPEE PAR 39","15540","May","2017","LA"
"296","RAPIDES PAR 40","85161","May","2017","LA"
"297","RED RIVER PAR 41","6129","May","2017","LA"
"298","RICHLAND PAR 42","14137","May","2017","LA"
"299","SABINE PAR 43","14747","May","2017","LA"
"300","ST. BERNARD PAR 44","26016","May","2017","LA"
"301","ST. CHARLES PAR 45","35137","May","2017","LA"
"302","ST. HELENA PAR 46","8486","May","2017","LA"
"303","ST. JAMES PAR 47","15682","May","2017","LA"
"304","ST. JOHN THE BAPTIST PAR 48","29717","May","2017","LA"
"305","ST. LANDRY PAR 49","59961","May","2017","LA"
"306","ST. MARTIN PAR 50","36837","May","2017","LA"
"307","ST. MARY PAR 51","32992","May","2017","LA"
"308","ST. TAMMANY PAR 52","170764","May","2017","LA"
"309","TANGIPAHOA PAR 53","78422","May","2017","LA"
"310","TENSAS PAR 54","3949","May","2017","LA"
"311","TERREBONNE PAR 55","63944","May","2017","LA"
"312","UNION PAR 56","15791","May","2017","LA"
"313","VERMILION PAR 57","37651","May","2017","LA"
"314","VERNON PAR 58","25199","May","2017","LA"
"315","WASHINGTON PAR 59","27647","May","2017","LA"
"316","WEBSTER PAR 60","25215","May","2017","LA"
"317","WEST BATON ROUGE PAR 61","16655","May","2017","LA"
"318","WEST CARROLL PAR 62","7271","May","2017","LA"
"319","WEST FELICIANA PAR 63","7758","May","2017","LA"
"320","WINN PAR 64","9165","May","2017","LA"
"321","ACADIA PAR 01","39806","June","2017","LA"
"322","ALLEN PAR 02","13709","June","2017","LA"
"323","ASCENSION PAR 03","75633","June","2017","LA"
"324","ASSUMPTION PAR 04","15128","June","2017","LA"
"325","AVOYELLES PAR 05","24600","June","2017","LA"
"326","BEAUREGARD PAR 06","22162","June","2017","LA"
"327","BIENVILLE PAR 07","9318","June","2017","LA"
"328","BOSSIER PAR 08","71551","June","2017","LA"
"329","CADDO PAR 09","164163","June","2017","LA"
"330","CALCASIEU PAR 10","128078","June","2017","LA"
"331","CALDWELL PAR 11","6623","June","2017","LA"
"332","CAMERON PAR 12","5146","June","2017","LA"
"333","CATAHOULA PAR 13","6886","June","2017","LA"
"334","CLAIBORNE PAR 14","9059","June","2017","LA"
"335","CONCORDIA PAR 15","13052","June","2017","LA"
"336","DE SOTO PAR 16","19085","June","2017","LA"
"337","EAST BATON ROUGE PAR 17","285479","June","2017","LA"
"338","EAST CARROLL PAR 18","5275","June","2017","LA"
"339","EAST FELICIANA PAR 19","14202","June","2017","LA"
"340","EVANGELINE PAR 20","21840","June","2017","LA"
"341","FRANKLIN PAR 21","13750","June","2017","LA"
"342","GRANT PAR 22","12777","June","2017","LA"
"343","IBERIA PAR 23","47821","June","2017","LA"
"344","IBERVILLE PAR 24","21276","June","2017","LA"
"345","JACKSON PAR 25","10070","June","2017","LA"
"346","JEFFERSON PAR 26","271746","June","2017","LA"
"347","JEFFERSON DAVIS PAR 27","21091","June","2017","LA"
"348","LAFAYETTE PAR 28","152773","June","2017","LA"
"349","LAFOURCHE PAR 29","58490","June","2017","LA"
"350","LASALLE PAR 30","8909","June","2017","LA"
"351","LINCOLN PAR 31","26797","June","2017","LA"
"352","LIVINGSTON PAR 32","82208","June","2017","LA"
"353","MADISON PAR 33","7697","June","2017","LA"
"354","MOREHOUSE PAR 34","18592","June","2017","LA"
"355","NATCHITOCHES PAR 35","24961","June","2017","LA"
"356","ORLEANS PAR 36","257369","June","2017","LA"
"357","OUACHITA PAR 37","104022","June","2017","LA"
"358","PLAQUEMINES PAR 38","14747","June","2017","LA"
"359","POINTE COUPEE PAR 39","15541","June","2017","LA"
"360","RAPIDES PAR 40","85193","June","2017","LA"
"361","RED RIVER PAR 41","6116","June","2017","LA"
"362","RICHLAND PAR 42","14119","June","2017","LA"
"363","SABINE PAR 43","14759","June","2017","LA"
"364","ST. BERNARD PAR 44","25995","June","2017","LA"
"365","ST. CHARLES PAR 45","35177","June","2017","LA"
"366","ST. HELENA PAR 46","8481","June","2017","LA"
"367","ST. JAMES PAR 47","15693","June","2017","LA"
"368","ST. JOHN THE BAPTIST PAR 48","29754","June","2017","LA"
"369","ST. LANDRY PAR 49","60016","June","2017","LA"
"370","ST. MARTIN PAR 50","36844","June","2017","LA"
"371","ST. MARY PAR 51","33023","June","2017","LA"
"372","ST. TAMMANY PAR 52","171123","June","2017","LA"
"373","TANGIPAHOA PAR 53","78492","June","2017","LA"
"374","TENSAS PAR 54","3946","June","2017","LA"
"375","TERREBONNE PAR 55","63922","June","2017","LA"
"376","UNION PAR 56","15821","June","2017","LA"
"377","VERMILION PAR 57","37669","June","2017","LA"
"378","VERNON PAR 58","25185","June","2017","LA"
"379","WASHINGTON PAR 59","27680","June","2017","LA"
"380","WEBSTER PAR 60","25209","June","2017","LA"
"381","WEST BATON ROUGE PAR 61","16650","June","2017","LA"
"382","WEST CARROLL PAR 62","7270","June","2017","LA"
"383","WEST FELICIANA PAR 63","7752","June","2017","LA"
"384","WINN PAR 64","9182","June","2017","LA"
"385","ACADIA PAR 01","39744","July","2017","LA"
"386","ALLEN PAR 02","13700","July","2017","LA"
"387","ASCENSION PAR 03","75635","July","2017","LA"
"388","ASSUMPTION PAR 04","15103","July","2017","LA"
"389","AVOYELLES PAR 05","24592","July","2017","LA"
"390","BEAUREGARD PAR 06","22134","July","2017","LA"
"391","BIENVILLE PAR 07","9315","July","2017","LA"
"392","BOSSIER PAR 08","71599","July","2017","LA"
"393","CADDO PAR 09","164152","July","2017","LA"
"394","CALCASIEU PAR 10","128042","July","2017","LA"
"395","CALDWELL PAR 11","6622","July","2017","LA"
"396","CAMERON PAR 12","5146","July","2017","LA"
"397","CATAHOULA PAR 13","6882","July","2017","LA"
"398","CLAIBORNE PAR 14","9049","July","2017","LA"
"399","CONCORDIA PAR 15","13051","July","2017","LA"
"400","DE SOTO PAR 16","19075","July","2017","LA"
"401","EAST BATON ROUGE PAR 17","285484","July","2017","LA"
"402","EAST CARROLL PAR 18","5269","July","2017","LA"
"403","EAST FELICIANA PAR 19","14186","July","2017","LA"
"404","EVANGELINE PAR 20","21812","July","2017","LA"
"405","FRANKLIN PAR 21","13728","July","2017","LA"
"406","GRANT PAR 22","12778","July","2017","LA"
"407","IBERIA PAR 23","47824","July","2017","LA"
"408","IBERVILLE PAR 24","21257","July","2017","LA"
"409","JACKSON PAR 25","10071","July","2017","LA"
"410","JEFFERSON PAR 26","271765","July","2017","LA"
"411","JEFFERSON DAVIS PAR 27","21082","July","2017","LA"
"412","LAFAYETTE PAR 28","152847","July","2017","LA"
"413","LAFOURCHE PAR 29","58490","July","2017","LA"
"414","LASALLE PAR 30","8893","July","2017","LA"
"415","LINCOLN PAR 31","26803","July","2017","LA"
"416","LIVINGSTON PAR 32","82138","July","2017","LA"
"417","MADISON PAR 33","7673","July","2017","LA"
"418","MOREHOUSE PAR 34","18588","July","2017","LA"
"419","NATCHITOCHES PAR 35","24914","July","2017","LA"
"420","ORLEANS PAR 36","257586","July","2017","LA"
"421","OUACHITA PAR 37","104036","July","2017","LA"
"422","PLAQUEMINES PAR 38","14751","July","2017","LA"
"423","POINTE COUPEE PAR 39","15550","July","2017","LA"
"424","RAPIDES PAR 40","85196","July","2017","LA"
"425","RED RIVER PAR 41","6120","July","2017","LA"
"426","RICHLAND PAR 42","14113","July","2017","LA"
"427","SABINE PAR 43","14749","July","2017","LA"
"428","ST. BERNARD PAR 44","25989","July","2017","LA"
"429","ST. CHARLES PAR 45","35192","July","2017","LA"
"430","ST. HELENA PAR 46","8477","July","2017","LA"
"431","ST. JAMES PAR 47","15687","July","2017","LA"
"432","ST. JOHN THE BAPTIST PAR 48","29767","July","2017","LA"
"433","ST. LANDRY PAR 49","60000","July","2017","LA"
"434","ST. MARTIN PAR 50","36903","July","2017","LA"
"435","ST. MARY PAR 51","33041","July","2017","LA"
"436","ST. TAMMANY PAR 52","171303","July","2017","LA"
"437","TANGIPAHOA PAR 53","78600","July","2017","LA"
"438","TENSAS PAR 54","3945","July","2017","LA"
"439","TERREBONNE PAR 55","63946","July","2017","LA"
"440","UNION PAR 56","15807","July","2017","LA"
"441","VERMILION PAR 57","37665","July","2017","LA"
"442","VERNON PAR 58","25161","July","2017","LA"
"443","WASHINGTON PAR 59","27709","July","2017","LA"
"444","WEBSTER PAR 60","25210","July","2017","LA"
"445","WEST BATON ROUGE PAR 61","16617","July","2017","LA"
"446","WEST CARROLL PAR 62","7271","July","2017","LA"
"447","WEST FELICIANA PAR 63","7757","July","2017","LA"
"448","WINN PAR 64","9165","July","2017","LA"
"449","ACADIA PAR 01","39724","August","2017","LA"
"450","ALLEN PAR 02","13689","August","2017","LA"
"451","ASCENSION PAR 03","75657","August","2017","LA"
"452","ASSUMPTION PAR 04","15091","August","2017","LA"
"453","AVOYELLES PAR 05","24562","August","2017","LA"
"454","BEAUREGARD PAR 06","22092","August","2017","LA"
"455","BIENVILLE PAR 07","9261","August","2017","LA"
"456","BOSSIER PAR 08","71570","August","2017","LA"
"457","CADDO PAR 09","163929","August","2017","LA"
"458","CALCASIEU PAR 10","127858","August","2017","LA"
"459","CALDWELL PAR 11","6614","August","2017","LA"
"460","CAMERON PAR 12","5151","August","2017","LA"
"461","CATAHOULA PAR 13","6876","August","2017","LA"
"462","CLAIBORNE PAR 14","9019","August","2017","LA"
"463","CONCORDIA PAR 15","13017","August","2017","LA"
"464","DE SOTO PAR 16","19080","August","2017","LA"
"465","EAST BATON ROUGE PAR 17","284941","August","2017","LA"
"466","EAST CARROLL PAR 18","5271","August","2017","LA"
"467","EAST FELICIANA PAR 19","14178","August","2017","LA"
"468","EVANGELINE PAR 20","21800","August","2017","LA"
"469","FRANKLIN PAR 21","13721","August","2017","LA"
"470","GRANT PAR 22","12745","August","2017","LA"
"471","IBERIA PAR 23","47782","August","2017","LA"
"472","IBERVILLE PAR 24","21245","August","2017","LA"
"473","JACKSON PAR 25","10045","August","2017","LA"
"474","JEFFERSON PAR 26","271411","August","2017","LA"
"475","JEFFERSON DAVIS PAR 27","21064","August","2017","LA"
"476","LAFAYETTE PAR 28","152737","August","2017","LA"
"477","LAFOURCHE PAR 29","58414","August","2017","LA"
"478","LASALLE PAR 30","8881","August","2017","LA"
"479","LINCOLN PAR 31","26762","August","2017","LA"
"480","LIVINGSTON PAR 32","81968","August","2017","LA"
"481","MADISON PAR 33","7672","August","2017","LA"
"482","MOREHOUSE PAR 34","18578","August","2017","LA"
"483","NATCHITOCHES PAR 35","24835","August","2017","LA"
"484","ORLEANS PAR 36","257853","August","2017","LA"
"485","OUACHITA PAR 37","103881","August","2017","LA"
"486","PLAQUEMINES PAR 38","14752","August","2017","LA"
"487","POINTE COUPEE PAR 39","15536","August","2017","LA"
"488","RAPIDES PAR 40","85001","August","2017","LA"
"489","RED RIVER PAR 41","6099","August","2017","LA"
"490","RICHLAND PAR 42","14096","August","2017","LA"
"491","SABINE PAR 43","14701","August","2017","LA"
"492","ST. BERNARD PAR 44","25979","August","2017","LA"
"493","ST. CHARLES PAR 45","35146","August","2017","LA"
"494","ST. HELENA PAR 46","8474","August","2017","LA"
"495","ST. JAMES PAR 47","15666","August","2017","LA"
"496","ST. JOHN THE BAPTIST PAR 48","29768","August","2017","LA"
"497","ST. LANDRY PAR 49","59906","August","2017","LA"
"498","ST. MARTIN PAR 50","36893","August","2017","LA"
"499","ST. MARY PAR 51","33007","August","2017","LA"
"500","ST. TAMMANY PAR 52","171248","August","2017","LA"
"501","TANGIPAHOA PAR 53","78632","August","2017","LA"
"502","TENSAS PAR 54","3943","August","2017","LA"
"503","TERREBONNE PAR 55","63920","August","2017","LA"
"504","UNION PAR 56","15786","August","2017","LA"
"505","VERMILION PAR 57","37673","August","2017","LA"
"506","VERNON PAR 58","25094","August","2017","LA"
"507","WASHINGTON PAR 59","27697","August","2017","LA"
"508","WEBSTER PAR 60","25135","August","2017","LA"
"509","WEST BATON ROUGE PAR 61","16617","August","2017","LA"
"510","WEST CARROLL PAR 62","7266","August","2017","LA"
"511","WEST FELICIANA PAR 63","7751","August","2017","LA"
"512","WINN PAR 64","9151","August","2017","LA"
"513","ACADIA PAR 01","39700","September","2017","LA"
"514","ALLEN PAR 02","13715","September","2017","LA"
"515","ASCENSION PAR 03","75842","September","2017","LA"
"516","ASSUMPTION PAR 04","15090","September","2017","LA"
"517","AVOYELLES PAR 05","24557","September","2017","LA"
"518","BEAUREGARD PAR 06","22083","September","2017","LA"
"519","BIENVILLE PAR 07","9231","September","2017","LA"
"520","BOSSIER PAR 08","71618","September","2017","LA"
"521","CADDO PAR 09","163835","September","2017","LA"
"522","CALCASIEU PAR 10","127861","September","2017","LA"
"523","CALDWELL PAR 11","6608","September","2017","LA"
"524","CAMERON PAR 12","5165","September","2017","LA"
"525","CATAHOULA PAR 13","6866","September","2017","LA"
"526","CLAIBORNE PAR 14","9005","September","2017","LA"
"527","CONCORDIA PAR 15","13026","September","2017","LA"
"528","DE SOTO PAR 16","19082","September","2017","LA"
"529","EAST BATON ROUGE PAR 17","284951","September","2017","LA"
"530","EAST CARROLL PAR 18","5267","September","2017","LA"
"531","EAST FELICIANA PAR 19","14172","September","2017","LA"
"532","EVANGELINE PAR 20","21786","September","2017","LA"
"533","FRANKLIN PAR 21","13716","September","2017","LA"
"534","GRANT PAR 22","12752","September","2017","LA"
"535","IBERIA PAR 23","47762","September","2017","LA"
"536","IBERVILLE PAR 24","21234","September","2017","LA"
"537","JACKSON PAR 25","10038","September","2017","LA"
"538","JEFFERSON PAR 26","271478","September","2017","LA"
"539","JEFFERSON DAVIS PAR 27","21067","September","2017","LA"
"540","LAFAYETTE PAR 28","152769","September","2017","LA"
"541","LAFOURCHE PAR 29","58436","September","2017","LA"
"542","LASALLE PAR 30","8866","September","2017","LA"
"543","LINCOLN PAR 31","26786","September","2017","LA"
"544","LIVINGSTON PAR 32","81895","September","2017","LA"
"545","MADISON PAR 33","7656","September","2017","LA"
"546","MOREHOUSE PAR 34","18567","September","2017","LA"
"547","NATCHITOCHES PAR 35","24840","September","2017","LA"
"548","ORLEANS PAR 36","257302","September","2017","LA"
"549","OUACHITA PAR 37","103927","September","2017","LA"
"550","PLAQUEMINES PAR 38","14741","September","2017","LA"
"551","POINTE COUPEE PAR 39","15540","September","2017","LA"
"552","RAPIDES PAR 40","84958","September","2017","LA"
"553","RED RIVER PAR 41","6093","September","2017","LA"
"554","RICHLAND PAR 42","14104","September","2017","LA"
"555","SABINE PAR 43","14709","September","2017","LA"
"556","ST. BERNARD PAR 44","26009","September","2017","LA"
"557","ST. CHARLES PAR 45","35148","September","2017","LA"
"558","ST. HELENA PAR 46","8466","September","2017","LA"
"559","ST. JAMES PAR 47","15669","September","2017","LA"
"560","ST. JOHN THE BAPTIST PAR 48","29812","September","2017","LA"
"561","ST. LANDRY PAR 49","59871","September","2017","LA"
"562","ST. MARTIN PAR 50","36916","September","2017","LA"
"563","ST. MARY PAR 51","33015","September","2017","LA"
"564","ST. TAMMANY PAR 52","171674","September","2017","LA"
"565","TANGIPAHOA PAR 53","78710","September","2017","LA"
"566","TENSAS PAR 54","3939","September","2017","LA"
"567","TERREBONNE PAR 55","63919","September","2017","LA"
"568","UNION PAR 56","15794","September","2017","LA"
"569","VERMILION PAR 57","37672","September","2017","LA"
"570","VERNON PAR 58","25086","September","2017","LA"
"571","WASHINGTON PAR 59","27718","September","2017","LA"
"572","WEBSTER PAR 60","25104","September","2017","LA"
"573","WEST BATON ROUGE PAR 61","16638","September","2017","LA"
"574","WEST CARROLL PAR 62","7268","September","2017","LA"
"575","WEST FELICIANA PAR 63","7755","September","2017","LA"
"576","WINN PAR 64","9135","September","2017","LA"
"577","ACADIA PAR 01","39684","October","2017","LA"
"578","ALLEN PAR 02","13723","October","2017","LA"
"579","ASCENSION PAR 03","75889","October","2017","LA"
"580","ASSUMPTION PAR 04","15083","October","2017","LA"
"581","AVOYELLES PAR 05","24551","October","2017","LA"
"582","BEAUREGARD PAR 06","22102","October","2017","LA"
"583","BIENVILLE PAR 07","9228","October","2017","LA"
"584","BOSSIER PAR 08","71632","October","2017","LA"
"585","CADDO PAR 09","163775","October","2017","LA"
"586","CALCASIEU PAR 10","127813","October","2017","LA"
"587","CALDWELL PAR 11","6599","October","2017","LA"
"588","CAMERON PAR 12","5170","October","2017","LA"
"589","CATAHOULA PAR 13","6864","October","2017","LA"
"590","CLAIBORNE PAR 14","8992","October","2017","LA"
"591","CONCORDIA PAR 15","13004","October","2017","LA"
"592","DE SOTO PAR 16","19080","October","2017","LA"
"593","EAST BATON ROUGE PAR 17","284792","October","2017","LA"
"594","EAST CARROLL PAR 18","5267","October","2017","LA"
"595","EAST FELICIANA PAR 19","14198","October","2017","LA"
"596","EVANGELINE PAR 20","21776","October","2017","LA"
"597","FRANKLIN PAR 21","13715","October","2017","LA"
"598","GRANT PAR 22","12740","October","2017","LA"
"599","IBERIA PAR 23","47729","October","2017","LA"
"600","IBERVILLE PAR 24","21191","October","2017","LA"
"601","JACKSON PAR 25","10032","October","2017","LA"
"602","JEFFERSON PAR 26","271388","October","2017","LA"
"603","JEFFERSON DAVIS PAR 27","21057","October","2017","LA"
"604","LAFAYETTE PAR 28","152751","October","2017","LA"
"605","LAFOURCHE PAR 29","58490","October","2017","LA"
"606","LASALLE PAR 30","8863","October","2017","LA"
"607","LINCOLN PAR 31","26776","October","2017","LA"
"608","LIVINGSTON PAR 32","81821","October","2017","LA"
"609","MADISON PAR 33","7659","October","2017","LA"
"610","MOREHOUSE PAR 34","18540","October","2017","LA"
"611","NATCHITOCHES PAR 35","24837","October","2017","LA"
"612","ORLEANS PAR 36","257768","October","2017","LA"
"613","OUACHITA PAR 37","103911","October","2017","LA"
"614","PLAQUEMINES PAR 38","14747","October","2017","LA"
"615","POINTE COUPEE PAR 39","15562","October","2017","LA"
"616","RAPIDES PAR 40","84929","October","2017","LA"
"617","RED RIVER PAR 41","6084","October","2017","LA"
"618","RICHLAND PAR 42","14117","October","2017","LA"
"619","SABINE PAR 43","14701","October","2017","LA"
"620","ST. BERNARD PAR 44","25977","October","2017","LA"
"621","ST. CHARLES PAR 45","35159","October","2017","LA"
"622","ST. HELENA PAR 46","8445","October","2017","LA"
"623","ST. JAMES PAR 47","15687","October","2017","LA"
"624","ST. JOHN THE BAPTIST PAR 48","29873","October","2017","LA"
"625","ST. LANDRY PAR 49","59848","October","2017","LA"
"626","ST. MARTIN PAR 50","36931","October","2017","LA"
"627","ST. MARY PAR 51","33022","October","2017","LA"
"628","ST. TAMMANY PAR 52","171763","October","2017","LA"
"629","TANGIPAHOA PAR 53","78752","October","2017","LA"
"630","TENSAS PAR 54","3929","October","2017","LA"
"631","TERREBONNE PAR 55","63897","October","2017","LA"
"632","UNION PAR 56","15808","October","2017","LA"
"633","VERMILION PAR 57","37680","October","2017","LA"
"634","VERNON PAR 58","25073","October","2017","LA"
"635","WASHINGTON PAR 59","27719","October","2017","LA"
"636","WEBSTER PAR 60","25063","October","2017","LA"
"637","WEST BATON ROUGE PAR 61","16635","October","2017","LA"
"638","WEST CARROLL PAR 62","7273","October","2017","LA"
"639","WEST FELICIANA PAR 63","7763","October","2017","LA"
"640","WINN PAR 64","9131","October","2017","LA"
"641","ACADIA PAR 01","39660","November","2017","LA"
"642","ALLEN PAR 02","13727","November","2017","LA"
"643","ASCENSION PAR 03","75958","November","2017","LA"
"644","ASSUMPTION PAR 04","15074","November","2017","LA"
"645","AVOYELLES PAR 05","24548","November","2017","LA"
"646","BEAUREGARD PAR 06","22102","November","2017","LA"
"647","BIENVILLE PAR 07","9210","November","2017","LA"
"648","BOSSIER PAR 08","71744","November","2017","LA"
"649","CADDO PAR 09","163768","November","2017","LA"
"650","CALCASIEU PAR 10","127872","November","2017","LA"
"651","CALDWELL PAR 11","6594","November","2017","LA"
"652","CAMERON PAR 12","5165","November","2017","LA"
"653","CATAHOULA PAR 13","6849","November","2017","LA"
"654","CLAIBORNE PAR 14","8995","November","2017","LA"
"655","CONCORDIA PAR 15","13007","November","2017","LA"
"656","DE SOTO PAR 16","19090","November","2017","LA"
"657","EAST BATON ROUGE PAR 17","284880","November","2017","LA"
"658","EAST CARROLL PAR 18","5265","November","2017","LA"
"659","EAST FELICIANA PAR 19","14196","November","2017","LA"
"660","EVANGELINE PAR 20","21774","November","2017","LA"
"661","FRANKLIN PAR 21","13715","November","2017","LA"
"662","GRANT PAR 22","12743","November","2017","LA"
"663","IBERIA PAR 23","47714","November","2017","LA"
"664","IBERVILLE PAR 24","21168","November","2017","LA"
"665","JACKSON PAR 25","10007","November","2017","LA"
"666","JEFFERSON PAR 26","271574","November","2017","LA"
"667","JEFFERSON DAVIS PAR 27","21032","November","2017","LA"
"668","LAFAYETTE PAR 28","152852","November","2017","LA"
"669","LAFOURCHE PAR 29","58535","November","2017","LA"
"670","LASALLE PAR 30","8858","November","2017","LA"
"671","LINCOLN PAR 31","26803","November","2017","LA"
"672","LIVINGSTON PAR 32","81838","November","2017","LA"
"673","MADISON PAR 33","7623","November","2017","LA"
"674","MOREHOUSE PAR 34","18529","November","2017","LA"
"675","NATCHITOCHES PAR 35","24807","November","2017","LA"
"676","ORLEANS PAR 36","258443","November","2017","LA"
"677","OUACHITA PAR 37","103869","November","2017","LA"
"678","PLAQUEMINES PAR 38","14731","November","2017","LA"
"679","POINTE COUPEE PAR 39","15601","November","2017","LA"
"680","RAPIDES PAR 40","84970","November","2017","LA"
"681","RED RIVER PAR 41","6083","November","2017","LA"
"682","RICHLAND PAR 42","14107","November","2017","LA"
"683","SABINE PAR 43","14705","November","2017","LA"
"684","ST. BERNARD PAR 44","25977","November","2017","LA"
"685","ST. CHARLES PAR 45","35165","November","2017","LA"
"686","ST. HELENA PAR 46","8451","November","2017","LA"
"687","ST. JAMES PAR 47","15683","November","2017","LA"
"688","ST. JOHN THE BAPTIST PAR 48","29899","November","2017","LA"
"689","ST. LANDRY PAR 49","59901","November","2017","LA"
"690","ST. MARTIN PAR 50","36950","November","2017","LA"
"691","ST. MARY PAR 51","33034","November","2017","LA"
"692","ST. TAMMANY PAR 52","172119","November","2017","LA"
"693","TANGIPAHOA PAR 53","78822","November","2017","LA"
"694","TENSAS PAR 54","3939","November","2017","LA"
"695","TERREBONNE PAR 55","63915","November","2017","LA"
"696","UNION PAR 56","15812","November","2017","LA"
"697","VERMILION PAR 57","37706","November","2017","LA"
"698","VERNON PAR 58","25088","November","2017","LA"
"699","WASHINGTON PAR 59","27752","November","2017","LA"
"700","WEBSTER PAR 60","25064","November","2017","LA"
"701","WEST BATON ROUGE PAR 61","16635","November","2017","LA"
"702","WEST CARROLL PAR 62","7261","November","2017","LA"
"703","WEST FELICIANA PAR 63","7766","November","2017","LA"
"704","WINN PAR 64","9112","November","2017","LA"
"705","ACADIA PAR 01","39621","December","2017","LA"
"706","ALLEN PAR 02","13733","December","2017","LA"
"707","ASCENSION PAR 03","75963","December","2017","LA"
"708","ASSUMPTION PAR 04","15048","December","2017","LA"
"709","AVOYELLES PAR 05","24524","December","2017","LA"
"710","BEAUREGARD PAR 06","22108","December","2017","LA"
"711","BIENVILLE PAR 07","9203","December","2017","LA"
"712","BOSSIER PAR 08","71856","December","2017","LA"
"713","CADDO PAR 09","163687","December","2017","LA"
"714","CALCASIEU PAR 10","127917","December","2017","LA"
"715","CALDWELL PAR 11","6593","December","2017","LA"
"716","CAMERON PAR 12","5170","December","2017","LA"
"717","CATAHOULA PAR 13","6847","December","2017","LA"
"718","CLAIBORNE PAR 14","8998","December","2017","LA"
"719","CONCORDIA PAR 15","12998","December","2017","LA"
"720","DE SOTO PAR 16","19075","December","2017","LA"
"721","EAST BATON ROUGE PAR 17","284777","December","2017","LA"
"722","EAST CARROLL PAR 18","5256","December","2017","LA"
"723","EAST FELICIANA PAR 19","14203","December","2017","LA"
"724","EVANGELINE PAR 20","21755","December","2017","LA"
"725","FRANKLIN PAR 21","13722","December","2017","LA"
"726","GRANT PAR 22","12729","December","2017","LA"
"727","IBERIA PAR 23","47703","December","2017","LA"
"728","IBERVILLE PAR 24","21123","December","2017","LA"
"729","JACKSON PAR 25","9988","December","2017","LA"
"730","JEFFERSON PAR 26","271736","December","2017","LA"
"731","JEFFERSON DAVIS PAR 27","21008","December","2017","LA"
"732","LAFAYETTE PAR 28","152892","December","2017","LA"
"733","LAFOURCHE PAR 29","58527","December","2017","LA"
"734","LASALLE PAR 30","8846","December","2017","LA"
"735","LINCOLN PAR 31","26802","December","2017","LA"
"736","LIVINGSTON PAR 32","81863","December","2017","LA"
"737","MADISON PAR 33","7623","December","2017","LA"
"738","MOREHOUSE PAR 34","18512","December","2017","LA"
"739","NATCHITOCHES PAR 35","24779","December","2017","LA"
"740","ORLEANS PAR 36","258872","December","2017","LA"
"741","OUACHITA PAR 37","103853","December","2017","LA"
"742","PLAQUEMINES PAR 38","14739","December","2017","LA"
"743","POINTE COUPEE PAR 39","15590","December","2017","LA"
"744","RAPIDES PAR 40","84960","December","2017","LA"
"745","RED RIVER PAR 41","6074","December","2017","LA"
"746","RICHLAND PAR 42","14104","December","2017","LA"
"747","SABINE PAR 43","14711","December","2017","LA"
"748","ST. BERNARD PAR 44","26003","December","2017","LA"
"749","ST. CHARLES PAR 45","35181","December","2017","LA"
"750","ST. HELENA PAR 46","8457","December","2017","LA"
"751","ST. JAMES PAR 47","15685","December","2017","LA"
"752","ST. JOHN THE BAPTIST PAR 48","29879","December","2017","LA"
"753","ST. LANDRY PAR 49","59866","December","2017","LA"
"754","ST. MARTIN PAR 50","36950","December","2017","LA"
"755","ST. MARY PAR 51","33017","December","2017","LA"
"756","ST. TAMMANY PAR 52","172435","December","2017","LA"
"757","TANGIPAHOA PAR 53","78838","December","2017","LA"
"758","TENSAS PAR 54","3591","December","2017","LA"
"759","TERREBONNE PAR 55","63944","December","2017","LA"
"760","UNION PAR 56","15818","December","2017","LA"
"761","VERMILION PAR 57","37712","December","2017","LA"
"762","VERNON PAR 58","25071","December","2017","LA"
"763","WASHINGTON PAR 59","27741","December","2017","LA"
"764","WEBSTER PAR 60","25046","December","2017","LA"
"765","WEST BATON ROUGE PAR 61","16647","December","2017","LA"
"766","WEST CARROLL PAR 62","7253","December","2017","LA"
"767","WEST FELICIANA PAR 63","7776","December","2017","LA"
"768","WINN PAR 64","9094","December","2017","LA"
"769","ACADIA PAR 01","39611","January","2018","LA"
"770","ALLEN PAR 02","13733","January","2018","LA"
"771","ASCENSION PAR 03","75970","January","2018","LA"
"772","ASSUMPTION PAR 04","15041","January","2018","LA"
"773","AVOYELLES PAR 05","24492","January","2018","LA"
"774","BEAUREGARD PAR 06","22116","January","2018","LA"
"775","BIENVILLE PAR 07","9199","January","2018","LA"
"776","BOSSIER PAR 08","71978","January","2018","LA"
"777","CADDO PAR 09","163551","January","2018","LA"
"778","CALCASIEU PAR 10","127969","January","2018","LA"
"779","CALDWELL PAR 11","6579","January","2018","LA"
"780","CAMERON PAR 12","5173","January","2018","LA"
"781","CATAHOULA PAR 13","6846","January","2018","LA"
"782","CLAIBORNE PAR 14","8990","January","2018","LA"
"783","CONCORDIA PAR 15","12999","January","2018","LA"
"784","DE SOTO PAR 16","19079","January","2018","LA"
"785","EAST BATON ROUGE PAR 17","284836","January","2018","LA"
"786","EAST CARROLL PAR 18","5256","January","2018","LA"
"787","EAST FELICIANA PAR 19","14210","January","2018","LA"
"788","EVANGELINE PAR 20","21760","January","2018","LA"
"789","FRANKLIN PAR 21","13715","January","2018","LA"
"790","GRANT PAR 22","12737","January","2018","LA"
"791","IBERIA PAR 23","47718","January","2018","LA"
"792","IBERVILLE PAR 24","21126","January","2018","LA"
"793","JACKSON PAR 25","9974","January","2018","LA"
"794","JEFFERSON PAR 26","271730","January","2018","LA"
"795","JEFFERSON DAVIS PAR 27","20995","January","2018","LA"
"796","LAFAYETTE PAR 28","152953","January","2018","LA"
"797","LAFOURCHE PAR 29","58557","January","2018","LA"
"798","LASALLE PAR 30","8831","January","2018","LA"
"799","LINCOLN PAR 31","26798","January","2018","LA"
"800","LIVINGSTON PAR 32","81873","January","2018","LA"
"801","MADISON PAR 33","7611","January","2018","LA"
"802","MOREHOUSE PAR 34","18501","January","2018","LA"
"803","NATCHITOCHES PAR 35","24783","January","2018","LA"
"804","ORLEANS PAR 36","259065","January","2018","LA"
"805","OUACHITA PAR 37","103945","January","2018","LA"
"806","PLAQUEMINES PAR 38","14741","January","2018","LA"
"807","POINTE COUPEE PAR 39","15589","January","2018","LA"
"808","RAPIDES PAR 40","84951","January","2018","LA"
"809","RED RIVER PAR 41","6070","January","2018","LA"
"810","RICHLAND PAR 42","14095","January","2018","LA"
"811","SABINE PAR 43","14710","January","2018","LA"
"812","ST. BERNARD PAR 44","26026","January","2018","LA"
"813","ST. CHARLES PAR 45","35213","January","2018","LA"
"814","ST. HELENA PAR 46","8466","January","2018","LA"
"815","ST. JAMES PAR 47","15675","January","2018","LA"
"816","ST. JOHN THE BAPTIST PAR 48","29922","January","2018","LA"
"817","ST. LANDRY PAR 49","59882","January","2018","LA"
"818","ST. MARTIN PAR 50","36982","January","2018","LA"
"819","ST. MARY PAR 51","33048","January","2018","LA"
"820","ST. TAMMANY PAR 52","172691","January","2018","LA"
"821","TANGIPAHOA PAR 53","78927","January","2018","LA"
"822","TENSAS PAR 54","3594","January","2018","LA"
"823","TERREBONNE PAR 55","63943","January","2018","LA"
"824","UNION PAR 56","15793","January","2018","LA"
"825","VERMILION PAR 57","37732","January","2018","LA"
"826","VERNON PAR 58","25035","January","2018","LA"
"827","WASHINGTON PAR 59","27761","January","2018","LA"
"828","WEBSTER PAR 60","25021","January","2018","LA"
"829","WEST BATON ROUGE PAR 61","16680","January","2018","LA"
"830","WEST CARROLL PAR 62","7254","January","2018","LA"
"831","WEST FELICIANA PAR 63","7770","January","2018","LA"
"832","WINN PAR 64","9074","January","2018","LA"
"833","ACADIA PAR 01","39572","February","2018","LA"
"834","ALLEN PAR 02","13717","February","2018","LA"
"835","ASCENSION PAR 03","76010","February","2018","LA"
"836","ASSUMPTION PAR 04","15019","February","2018","LA"
"837","AVOYELLES PAR 05","24499","February","2018","LA"
"838","BEAUREGARD PAR 06","22126","February","2018","LA"
"839","BIENVILLE PAR 07","9174","February","2018","LA"
"840","BOSSIER PAR 08","71931","February","2018","LA"
"841","CADDO PAR 09","163356","February","2018","LA"
"842","CALCASIEU PAR 10","127851","February","2018","LA"
"843","CALDWELL PAR 11","6570","February","2018","LA"
"844","CAMERON PAR 12","5170","February","2018","LA"
"845","CATAHOULA PAR 13","6826","February","2018","LA"
"846","CLAIBORNE PAR 14","8980","February","2018","LA"
"847","CONCORDIA PAR 15","13002","February","2018","LA"
"848","DE SOTO PAR 16","19087","February","2018","LA"
"849","EAST BATON ROUGE PAR 17","284430","February","2018","LA"
"850","EAST CARROLL PAR 18","5254","February","2018","LA"
"851","EAST FELICIANA PAR 19","14205","February","2018","LA"
"852","EVANGELINE PAR 20","21725","February","2018","LA"
"853","FRANKLIN PAR 21","13709","February","2018","LA"
"854","GRANT PAR 22","12717","February","2018","LA"
"855","IBERIA PAR 23","47642","February","2018","LA"
"856","IBERVILLE PAR 24","21089","February","2018","LA"
"857","JACKSON PAR 25","9961","February","2018","LA"
"858","JEFFERSON PAR 26","271644","February","2018","LA"
"859","JEFFERSON DAVIS PAR 27","20975","February","2018","LA"
"860","LAFAYETTE PAR 28","152952","February","2018","LA"
"861","LAFOURCHE PAR 29","58534","February","2018","LA"
"862","LASALLE PAR 30","8814","February","2018","LA"
"863","LINCOLN PAR 31","26788","February","2018","LA"
"864","LIVINGSTON PAR 32","81848","February","2018","LA"
"865","MADISON PAR 33","7634","February","2018","LA"
"866","MOREHOUSE PAR 34","18479","February","2018","LA"
"867","NATCHITOCHES PAR 35","24747","February","2018","LA"
"868","ORLEANS PAR 36","259095","February","2018","LA"
"869","OUACHITA PAR 37","103896","February","2018","LA"
"870","PLAQUEMINES PAR 38","14724","February","2018","LA"
"871","POINTE COUPEE PAR 39","15580","February","2018","LA"
"872","RAPIDES PAR 40","84882","February","2018","LA"
"873","RED RIVER PAR 41","6061","February","2018","LA"
"874","RICHLAND PAR 42","14065","February","2018","LA"
"875","SABINE PAR 43","14699","February","2018","LA"
"876","ST. BERNARD PAR 44","26024","February","2018","LA"
"877","ST. CHARLES PAR 45","35214","February","2018","LA"
"878","ST. HELENA PAR 46","8452","February","2018","LA"
"879","ST. JAMES PAR 47","15597","February","2018","LA"
"880","ST. JOHN THE BAPTIST PAR 48","29928","February","2018","LA"
"881","ST. LANDRY PAR 49","59790","February","2018","LA"
"882","ST. MARTIN PAR 50","36959","February","2018","LA"
"883","ST. MARY PAR 51","33029","February","2018","LA"
"884","ST. TAMMANY PAR 52","172844","February","2018","LA"
"885","TANGIPAHOA PAR 53","78919","February","2018","LA"
"886","TENSAS PAR 54","3583","February","2018","LA"
"887","TERREBONNE PAR 55","63880","February","2018","LA"
"888","UNION PAR 56","15790","February","2018","LA"
"889","VERMILION PAR 57","37691","February","2018","LA"
"890","VERNON PAR 58","25021","February","2018","LA"
"891","WASHINGTON PAR 59","27754","February","2018","LA"
"892","WEBSTER PAR 60","24996","February","2018","LA"
"893","WEST BATON ROUGE PAR 61","16671","February","2018","LA"
"894","WEST CARROLL PAR 62","7253","February","2018","LA"
"895","WEST FELICIANA PAR 63","7759","February","2018","LA"
"896","WINN PAR 64","9051","February","2018","LA"
"897","ACADIA PAR 01","39544","March","2018","LA"
"898","ALLEN PAR 02","13703","March","2018","LA"
"899","ASCENSION PAR 03","75963","March","2018","LA"
"900","ASSUMPTION PAR 04","15009","March","2018","LA"
"901","AVOYELLES PAR 05","24465","March","2018","LA"
"902","BEAUREGARD PAR 06","22107","March","2018","LA"
"903","BIENVILLE PAR 07","9155","March","2018","LA"
"904","BOSSIER PAR 08","71876","March","2018","LA"
"905","CADDO PAR 09","163043","March","2018","LA"
"906","CALCASIEU PAR 10","127758","March","2018","LA"
"907","CALDWELL PAR 11","6548","March","2018","LA"
"908","CAMERON PAR 12","5173","March","2018","LA"
"909","CATAHOULA PAR 13","6817","March","2018","LA"
"910","CLAIBORNE PAR 14","8977","March","2018","LA"
"911","CONCORDIA PAR 15","13000","March","2018","LA"
"912","DE SOTO PAR 16","19082","March","2018","LA"
"913","EAST BATON ROUGE PAR 17","283945","March","2018","LA"
"914","EAST CARROLL PAR 18","5247","March","2018","LA"
"915","EAST FELICIANA PAR 19","14207","March","2018","LA"
"916","EVANGELINE PAR 20","21701","March","2018","LA"
"917","FRANKLIN PAR 21","13735","March","2018","LA"
"918","GRANT PAR 22","12713","March","2018","LA"
"919","IBERIA PAR 23","47579","March","2018","LA"
"920","IBERVILLE PAR 24","21038","March","2018","LA"
"921","JACKSON PAR 25","9938","March","2018","LA"
"922","JEFFERSON PAR 26","271400","March","2018","LA"
"923","JEFFERSON DAVIS PAR 27","20972","March","2018","LA"
"924","LAFAYETTE PAR 28","152884","March","2018","LA"
"925","LAFOURCHE PAR 29","58623","March","2018","LA"
"926","LASALLE PAR 30","8793","March","2018","LA"
"927","LINCOLN PAR 31","26748","March","2018","LA"
"928","LIVINGSTON PAR 32","81808","March","2018","LA"
"929","MADISON PAR 33","7637","March","2018","LA"
"930","MOREHOUSE PAR 34","18454","March","2018","LA"
"931","NATCHITOCHES PAR 35","24704","March","2018","LA"
"932","ORLEANS PAR 36","258402","March","2018","LA"
"933","OUACHITA PAR 37","103779","March","2018","LA"
"934","PLAQUEMINES PAR 38","14702","March","2018","LA"
"935","POINTE COUPEE PAR 39","15549","March","2018","LA"
"936","RAPIDES PAR 40","84794","March","2018","LA"
"937","RED RIVER PAR 41","6054","March","2018","LA"
"938","RICHLAND PAR 42","14066","March","2018","LA"
"939","SABINE PAR 43","14658","March","2018","LA"
"940","ST. BERNARD PAR 44","26005","March","2018","LA"
"941","ST. CHARLES PAR 45","35199","March","2018","LA"
"942","ST. HELENA PAR 46","8442","March","2018","LA"
"943","ST. JAMES PAR 47","15592","March","2018","LA"
"944","ST. JOHN THE BAPTIST PAR 48","29905","March","2018","LA"
"945","ST. LANDRY PAR 49","59764","March","2018","LA"
"946","ST. MARTIN PAR 50","36966","March","2018","LA"
"947","ST. MARY PAR 51","33037","March","2018","LA"
"948","ST. TAMMANY PAR 52","172641","March","2018","LA"
"949","TANGIPAHOA PAR 53","78900","March","2018","LA"
"950","TENSAS PAR 54","3581","March","2018","LA"
"951","TERREBONNE PAR 55","63832","March","2018","LA"
"952","UNION PAR 56","15793","March","2018","LA"
"953","VERMILION PAR 57","37697","March","2018","LA"
"954","VERNON PAR 58","24995","March","2018","LA"
"955","WASHINGTON PAR 59","27760","March","2018","LA"
"956","WEBSTER PAR 60","24951","March","2018","LA"
"957","WEST BATON ROUGE PAR 61","16690","March","2018","LA"
"958","WEST CARROLL PAR 62","7252","March","2018","LA"
"959","WEST FELICIANA PAR 63","7767","March","2018","LA"
"960","WINN PAR 64","9079","March","2018","LA"
"961","ACADIA PAR 01","39416","April","2018","LA"
"962","ALLEN PAR 02","13660","April","2018","LA"
"963","ASCENSION PAR 03","75731","April","2018","LA"
"964","ASSUMPTION PAR 04","14978","April","2018","LA"
"965","AVOYELLES PAR 05","24391","April","2018","LA"
"966","BEAUREGARD PAR 06","22043","April","2018","LA"
"967","BIENVILLE PAR 07","9113","April","2018","LA"
"968","BOSSIER PAR 08","71468","April","2018","LA"
"969","CADDO PAR 09","162018","April","2018","LA"
"970","CALCASIEU PAR 10","127217","April","2018","LA"
"971","CALDWELL PAR 11","6523","April","2018","LA"
"972","CAMERON PAR 12","5164","April","2018","LA"
"973","CATAHOULA PAR 13","6794","April","2018","LA"
"974","CLAIBORNE PAR 14","8958","April","2018","LA"
"975","CONCORDIA PAR 15","12952","April","2018","LA"
"976","DE SOTO PAR 16","19079","April","2018","LA"
"977","EAST BATON ROUGE PAR 17","282359","April","2018","LA"
"978","EAST CARROLL PAR 18","5200","April","2018","LA"
"979","EAST FELICIANA PAR 19","14169","April","2018","LA"
"980","EVANGELINE PAR 20","21660","April","2018","LA"
"981","FRANKLIN PAR 21","13697","April","2018","LA"
"982","GRANT PAR 22","12680","April","2018","LA"
"983","IBERIA PAR 23","47386","April","2018","LA"
"984","IBERVILLE PAR 24","20956","April","2018","LA"
"985","JACKSON PAR 25","9878","April","2018","LA"
"986","JEFFERSON PAR 26","270096","April","2018","LA"
"987","JEFFERSON DAVIS PAR 27","20914","April","2018","LA"
"988","LAFAYETTE PAR 28","152112","April","2018","LA"
"989","LAFOURCHE PAR 29","58538","April","2018","LA"
"990","LASALLE PAR 30","8785","April","2018","LA"
"991","LINCOLN PAR 31","26606","April","2018","LA"
"992","LIVINGSTON PAR 32","81539","April","2018","LA"
"993","MADISON PAR 33","7587","April","2018","LA"
"994","MOREHOUSE PAR 34","18370","April","2018","LA"
"995","NATCHITOCHES PAR 35","24569","April","2018","LA"
"996","ORLEANS PAR 36","255490","April","2018","LA"
"997","OUACHITA PAR 37","103215","April","2018","LA"
"998","PLAQUEMINES PAR 38","14602","April","2018","LA"
"999","POINTE COUPEE PAR 39","15523","April","2018","LA"
"1000","RAPIDES PAR 40","84389","April","2018","LA"
"1001","RED RIVER PAR 41","6027","April","2018","LA"
"1002","RICHLAND PAR 42","14012","April","2018","LA"
"1003","SABINE PAR 43","14620","April","2018","LA"
"1004","ST. BERNARD PAR 44","25873","April","2018","LA"
"1005","ST. CHARLES PAR 45","35110","April","2018","LA"
"1006","ST. HELENA PAR 46","8411","April","2018","LA"
"1007","ST. JAMES PAR 47","15557","April","2018","LA"
"1008","ST. JOHN THE BAPTIST PAR 48","29791","April","2018","LA"
"1009","ST. LANDRY PAR 49","59636","April","2018","LA"
"1010","ST. MARTIN PAR 50","36930","April","2018","LA"
"1011","ST. MARY PAR 51","32933","April","2018","LA"
"1012","ST. TAMMANY PAR 52","172074","April","2018","LA"
"1013","TANGIPAHOA PAR 53","78614","April","2018","LA"
"1014","TENSAS PAR 54","3565","April","2018","LA"
"1015","TERREBONNE PAR 55","63551","April","2018","LA"
"1016","UNION PAR 56","15763","April","2018","LA"
"1017","VERMILION PAR 57","37599","April","2018","LA"
"1018","VERNON PAR 58","24763","April","2018","LA"
"1019","WASHINGTON PAR 59","27714","April","2018","LA"
"1020","WEBSTER PAR 60","24902","April","2018","LA"
"1021","WEST BATON ROUGE PAR 61","16694","April","2018","LA"
"1022","WEST CARROLL PAR 62","7220","April","2018","LA"
"1023","WEST FELICIANA PAR 63","7743","April","2018","LA"
"1024","WINN PAR 64","9060","April","2018","LA"
"1025","ACADIA PAR 01","39410","May","2018","LA"
"1026","ALLEN PAR 02","13650","May","2018","LA"
"1027","ASCENSION PAR 03","75822","May","2018","LA"
"1028","ASSUMPTION PAR 04","14979","May","2018","LA"
"1029","AVOYELLES PAR 05","24399","May","2018","LA"
"1030","BEAUREGARD PAR 06","22057","May","2018","LA"
"1031","BIENVILLE PAR 07","9065","May","2018","LA"
"1032","BOSSIER PAR 08","71523","May","2018","LA"
"1033","CADDO PAR 09","161891","May","2018","LA"
"1034","CALCASIEU PAR 10","127290","May","2018","LA"
"1035","CALDWELL PAR 11","6521","May","2018","LA"
"1036","CAMERON PAR 12","5167","May","2018","LA"
"1037","CATAHOULA PAR 13","6803","May","2018","LA"
"1038","CLAIBORNE PAR 14","8958","May","2018","LA"
"1039","CONCORDIA PAR 15","12998","May","2018","LA"
"1040","DE SOTO PAR 16","19129","May","2018","LA"
"1041","EAST BATON ROUGE PAR 17","282175","May","2018","LA"
"1042","EAST CARROLL PAR 18","5198","May","2018","LA"
"1043","EAST FELICIANA PAR 19","14186","May","2018","LA"
"1044","EVANGELINE PAR 20","21645","May","2018","LA"
"1045","FRANKLIN PAR 21","13728","May","2018","LA"
"1046","GRANT PAR 22","12704","May","2018","LA"
"1047","IBERIA PAR 23","47358","May","2018","LA"
"1048","IBERVILLE PAR 24","20906","May","2018","LA"
"1049","JACKSON PAR 25","9854","May","2018","LA"
"1050","JEFFERSON PAR 26","270278","May","2018","LA"
"1051","JEFFERSON DAVIS PAR 27","20907","May","2018","LA"
"1052","LAFAYETTE PAR 28","152258","May","2018","LA"
"1053","LAFOURCHE PAR 29","58612","May","2018","LA"
"1054","LASALLE PAR 30","8763","May","2018","LA"
"1055","LINCOLN PAR 31","26614","May","2018","LA"
"1056","LIVINGSTON PAR 32","81579","May","2018","LA"
"1057","MADISON PAR 33","7603","May","2018","LA"
"1058","MOREHOUSE PAR 34","18361","May","2018","LA"
"1059","NATCHITOCHES PAR 35","24553","May","2018","LA"
"1060","ORLEANS PAR 36","255647","May","2018","LA"
"1061","OUACHITA PAR 37","103136","May","2018","LA"
"1062","PLAQUEMINES PAR 38","14602","May","2018","LA"
"1063","POINTE COUPEE PAR 39","15535","May","2018","LA"
"1064","RAPIDES PAR 40","84310","May","2018","LA"
"1065","RED RIVER PAR 41","6016","May","2018","LA"
"1066","RICHLAND PAR 42","14024","May","2018","LA"
"1067","SABINE PAR 43","14626","May","2018","LA"
"1068","ST. BERNARD PAR 44","25841","May","2018","LA"
"1069","ST. CHARLES PAR 45","35116","May","2018","LA"
"1070","ST. HELENA PAR 46","8404","May","2018","LA"
"1071","ST. JAMES PAR 47","15581","May","2018","LA"
"1072","ST. JOHN THE BAPTIST PAR 48","29811","May","2018","LA"
"1073","ST. LANDRY PAR 49","59637","May","2018","LA"
"1074","ST. MARTIN PAR 50","36952","May","2018","LA"
"1075","ST. MARY PAR 51","32972","May","2018","LA"
"1076","ST. TAMMANY PAR 52","172232","May","2018","LA"
"1077","TANGIPAHOA PAR 53","78682","May","2018","LA"
"1078","TENSAS PAR 54","3567","May","2018","LA"
"1079","TERREBONNE PAR 55","63558","May","2018","LA"
"1080","UNION PAR 56","15762","May","2018","LA"
"1081","VERMILION PAR 57","37615","May","2018","LA"
"1082","VERNON PAR 58","24780","May","2018","LA"
"1083","WASHINGTON PAR 59","27746","May","2018","LA"
"1084","WEBSTER PAR 60","24892","May","2018","LA"
"1085","WEST BATON ROUGE PAR 61","16726","May","2018","LA"
"1086","WEST CARROLL PAR 62","7224","May","2018","LA"
"1087","WEST FELICIANA PAR 63","7781","May","2018","LA"
"1088","WINN PAR 64","9063","May","2018","LA"
"1089","ACADIA PAR 01","39344","June","2018","LA"
"1090","ALLEN PAR 02","13664","June","2018","LA"
"1091","ASCENSION PAR 03","75856","June","2018","LA"
"1092","ASSUMPTION PAR 04","14963","June","2018","LA"
"1093","AVOYELLES PAR 05","24405","June","2018","LA"
"1094","BEAUREGARD PAR 06","22065","June","2018","LA"
"1095","BIENVILLE PAR 07","9040","June","2018","LA"
"1096","BOSSIER PAR 08","71603","June","2018","LA"
"1097","CADDO PAR 09","161769","June","2018","LA"
"1098","CALCASIEU PAR 10","127245","June","2018","LA"
"1099","CALDWELL PAR 11","6512","June","2018","LA"
"1100","CAMERON PAR 12","5171","June","2018","LA"
"1101","CATAHOULA PAR 13","6803","June","2018","LA"
"1102","CLAIBORNE PAR 14","8936","June","2018","LA"
"1103","CONCORDIA PAR 15","12992","June","2018","LA"
"1104","DE SOTO PAR 16","19136","June","2018","LA"
"1105","EAST BATON ROUGE PAR 17","282538","June","2018","LA"
"1106","EAST CARROLL PAR 18","5197","June","2018","LA"
"1107","EAST FELICIANA PAR 19","14179","June","2018","LA"
"1108","EVANGELINE PAR 20","21647","June","2018","LA"
"1109","FRANKLIN PAR 21","13718","June","2018","LA"
"1110","GRANT PAR 22","12705","June","2018","LA"
"1111","IBERIA PAR 23","47316","June","2018","LA"
"1112","IBERVILLE PAR 24","20882","June","2018","LA"
"1113","JACKSON PAR 25","9843","June","2018","LA"
"1114","JEFFERSON PAR 26","270403","June","2018","LA"
"1115","JEFFERSON DAVIS PAR 27","20908","June","2018","LA"
"1116","LAFAYETTE PAR 28","152452","June","2018","LA"
"1117","LAFOURCHE PAR 29","58639","June","2018","LA"
"1118","LASALLE PAR 30","8767","June","2018","LA"
"1119","LINCOLN PAR 31","26618","June","2018","LA"
"1120","LIVINGSTON PAR 32","81615","June","2018","LA"
"1121","MADISON PAR 33","7600","June","2018","LA"
"1122","MOREHOUSE PAR 34","18345","June","2018","LA"
"1123","NATCHITOCHES PAR 35","24537","June","2018","LA"
"1124","ORLEANS PAR 36","255850","June","2018","LA"
"1125","OUACHITA PAR 37","103183","June","2018","LA"
"1126","PLAQUEMINES PAR 38","14606","June","2018","LA"
"1127","POINTE COUPEE PAR 39","15540","June","2018","LA"
"1128","RAPIDES PAR 40","84194","June","2018","LA"
"1129","RED RIVER PAR 41","6018","June","2018","LA"
"1130","RICHLAND PAR 42","14021","June","2018","LA"
"1131","SABINE PAR 43","14606","June","2018","LA"
"1132","ST. BERNARD PAR 44","25822","June","2018","LA"
"1133","ST. CHARLES PAR 45","35156","June","2018","LA"
"1134","ST. HELENA PAR 46","8395","June","2018","LA"
"1135","ST. JAMES PAR 47","15589","June","2018","LA"
"1136","ST. JOHN THE BAPTIST PAR 48","29821","June","2018","LA"
"1137","ST. LANDRY PAR 49","59583","June","2018","LA"
"1138","ST. MARTIN PAR 50","36972","June","2018","LA"
"1139","ST. MARY PAR 51","32981","June","2018","LA"
"1140","ST. TAMMANY PAR 52","172440","June","2018","LA"
"1141","TANGIPAHOA PAR 53","78783","June","2018","LA"
"1142","TENSAS PAR 54","3561","June","2018","LA"
"1143","TERREBONNE PAR 55","63591","June","2018","LA"
"1144","UNION PAR 56","15739","June","2018","LA"
"1145","VERMILION PAR 57","37618","June","2018","LA"
"1146","VERNON PAR 58","24748","June","2018","LA"
"1147","WASHINGTON PAR 59","27744","June","2018","LA"
"1148","WEBSTER PAR 60","24864","June","2018","LA"
"1149","WEST BATON ROUGE PAR 61","16757","June","2018","LA"
"1150","WEST CARROLL PAR 62","7220","June","2018","LA"
"1151","WEST FELICIANA PAR 63","7786","June","2018","LA"
"1152","WINN PAR 64","9076","June","2018","LA"
"1153","ACADIA PAR 01","39340","July","2018","LA"
"1154","ALLEN PAR 02","13660","July","2018","LA"
"1155","ASCENSION PAR 03","75873","July","2018","LA"
"1156","ASSUMPTION PAR 04","14950","July","2018","LA"
"1157","AVOYELLES PAR 05","24351","July","2018","LA"
"1158","BEAUREGARD PAR 06","22040","July","2018","LA"
"1159","BIENVILLE PAR 07","9014","July","2018","LA"
"1160","BOSSIER PAR 08","71681","July","2018","LA"
"1161","CADDO PAR 09","161243","July","2018","LA"
"1162","CALCASIEU PAR 10","127163","July","2018","LA"
"1163","CALDWELL PAR 11","6508","July","2018","LA"
"1164","CAMERON PAR 12","5178","July","2018","LA"
"1165","CATAHOULA PAR 13","6806","July","2018","LA"
"1166","CLAIBORNE PAR 14","8929","July","2018","LA"
"1167","CONCORDIA PAR 15","12976","July","2018","LA"
"1168","DE SOTO PAR 16","19154","July","2018","LA"
"1169","EAST BATON ROUGE PAR 17","282111","July","2018","LA"
"1170","EAST CARROLL PAR 18","5200","July","2018","LA"
"1171","EAST FELICIANA PAR 19","14193","July","2018","LA"
"1172","EVANGELINE PAR 20","21622","July","2018","LA"
"1173","FRANKLIN PAR 21","13696","July","2018","LA"
"1174","GRANT PAR 22","12706","July","2018","LA"
"1175","IBERIA PAR 23","47261","July","2018","LA"
"1176","IBERVILLE PAR 24","20918","July","2018","LA"
"1177","JACKSON PAR 25","9804","July","2018","LA"
"1178","JEFFERSON PAR 26","270279","July","2018","LA"
"1179","JEFFERSON DAVIS PAR 27","20906","July","2018","LA"
"1180","LAFAYETTE PAR 28","152225","July","2018","LA"
"1181","LAFOURCHE PAR 29","58649","July","2018","LA"
"1182","LASALLE PAR 30","8741","July","2018","LA"
"1183","LINCOLN PAR 31","26581","July","2018","LA"
"1184","LIVINGSTON PAR 32","81610","July","2018","LA"
"1185","MADISON PAR 33","7581","July","2018","LA"
"1186","MOREHOUSE PAR 34","18362","July","2018","LA"
"1187","NATCHITOCHES PAR 35","24507","July","2018","LA"
"1188","ORLEANS PAR 36","255473","July","2018","LA"
"1189","OUACHITA PAR 37","103052","July","2018","LA"
"1190","PLAQUEMINES PAR 38","14592","July","2018","LA"
"1191","POINTE COUPEE PAR 39","15534","July","2018","LA"
"1192","RAPIDES PAR 40","84071","July","2018","LA"
"1193","RED RIVER PAR 41","6013","July","2018","LA"
"1194","RICHLAND PAR 42","14031","July","2018","LA"
"1195","SABINE PAR 43","14575","July","2018","LA"
"1196","ST. BERNARD PAR 44","25820","July","2018","LA"
"1197","ST. CHARLES PAR 45","35152","July","2018","LA"
"1198","ST. HELENA PAR 46","8394","July","2018","LA"
"1199","ST. JAMES PAR 47","15573","July","2018","LA"
"1200","ST. JOHN THE BAPTIST PAR 48","29796","July","2018","LA"
"1201","ST. LANDRY PAR 49","59555","July","2018","LA"
"1202","ST. MARTIN PAR 50","37006","July","2018","LA"
"1203","ST. MARY PAR 51","32933","July","2018","LA"
"1204","ST. TAMMANY PAR 52","172477","July","2018","LA"
"1205","TANGIPAHOA PAR 53","78852","July","2018","LA"
"1206","TENSAS PAR 54","3551","July","2018","LA"
"1207","TERREBONNE PAR 55","63520","July","2018","LA"
"1208","UNION PAR 56","15712","July","2018","LA"
"1209","VERMILION PAR 57","37596","July","2018","LA"
"1210","VERNON PAR 58","24680","July","2018","LA"
"1211","WASHINGTON PAR 59","27717","July","2018","LA"
"1212","WEBSTER PAR 60","24815","July","2018","LA"
"1213","WEST BATON ROUGE PAR 61","16737","July","2018","LA"
"1214","WEST CARROLL PAR 62","7205","July","2018","LA"
"1215","WEST FELICIANA PAR 63","7787","July","2018","LA"
"1216","WINN PAR 64","9038","July","2018","LA"
"1217","ACADIA PAR 01","39321","August","2018","LA"
"1218","ALLEN PAR 02","13673","August","2018","LA"
"1219","ASCENSION PAR 03","75985","August","2018","LA"
"1220","ASSUMPTION PAR 04","14949","August","2018","LA"
"1221","AVOYELLES PAR 05","24328","August","2018","LA"
"1222","BEAUREGARD PAR 06","22054","August","2018","LA"
"1223","BIENVILLE PAR 07","8977","August","2018","LA"
"1224","BOSSIER PAR 08","71810","August","2018","LA"
"1225","CADDO PAR 09","161175","August","2018","LA"
"1226","CALCASIEU PAR 10","127173","August","2018","LA"
"1227","CALDWELL PAR 11","6496","August","2018","LA"
"1228","CAMERON PAR 12","5191","August","2018","LA"
"1229","CATAHOULA PAR 13","6806","August","2018","LA"
"1230","CLAIBORNE PAR 14","8943","August","2018","LA"
"1231","CONCORDIA PAR 15","12989","August","2018","LA"
"1232","DE SOTO PAR 16","19179","August","2018","LA"
"1233","EAST BATON ROUGE PAR 17","282354","August","2018","LA"
"1234","EAST CARROLL PAR 18","5209","August","2018","LA"
"1235","EAST FELICIANA PAR 19","14194","August","2018","LA"
"1236","EVANGELINE PAR 20","21628","August","2018","LA"
"1237","FRANKLIN PAR 21","13700","August","2018","LA"
"1238","GRANT PAR 22","12724","August","2018","LA"
"1239","IBERIA PAR 23","47280","August","2018","LA"
"1240","IBERVILLE PAR 24","20957","August","2018","LA"
"1241","JACKSON PAR 25","9786","August","2018","LA"
"1242","JEFFERSON PAR 26","270524","August","2018","LA"
"1243","JEFFERSON DAVIS PAR 27","20925","August","2018","LA"
"1244","LAFAYETTE PAR 28","152372","August","2018","LA"
"1245","LAFOURCHE PAR 29","58665","August","2018","LA"
"1246","LASALLE PAR 30","8738","August","2018","LA"
"1247","LINCOLN PAR 31","26591","August","2018","LA"
"1248","LIVINGSTON PAR 32","81581","August","2018","LA"
"1249","MADISON PAR 33","7584","August","2018","LA"
"1250","MOREHOUSE PAR 34","18335","August","2018","LA"
"1251","NATCHITOCHES PAR 35","24483","August","2018","LA"
"1252","ORLEANS PAR 36","255655","August","2018","LA"
"1253","OUACHITA PAR 37","103017","August","2018","LA"
"1254","PLAQUEMINES PAR 38","14600","August","2018","LA"
"1255","POINTE COUPEE PAR 39","15547","August","2018","LA"
"1256","RAPIDES PAR 40","84121","August","2018","LA"
"1257","RED RIVER PAR 41","6009","August","2018","LA"
"1258","RICHLAND PAR 42","14046","August","2018","LA"
"1259","SABINE PAR 43","14581","August","2018","LA"
"1260","ST. BERNARD PAR 44","25851","August","2018","LA"
"1261","ST. CHARLES PAR 45","35196","August","2018","LA"
"1262","ST. HELENA PAR 46","8388","August","2018","LA"
"1263","ST. JAMES PAR 47","15585","August","2018","LA"
"1264","ST. JOHN THE BAPTIST PAR 48","29831","August","2018","LA"
"1265","ST. LANDRY PAR 49","59607","August","2018","LA"
"1266","ST. MARTIN PAR 50","37051","August","2018","LA"
"1267","ST. MARY PAR 51","32965","August","2018","LA"
"1268","ST. TAMMANY PAR 52","172810","August","2018","LA"
"1269","TANGIPAHOA PAR 53","78960","August","2018","LA"
"1270","TENSAS PAR 54","3547","August","2018","LA"
"1271","TERREBONNE PAR 55","63564","August","2018","LA"
"1272","UNION PAR 56","15717","August","2018","LA"
"1273","VERMILION PAR 57","37630","August","2018","LA"
"1274","VERNON PAR 58","24699","August","2018","LA"
"1275","WASHINGTON PAR 59","27742","August","2018","LA"
"1276","WEBSTER PAR 60","24823","August","2018","LA"
"1277","WEST BATON ROUGE PAR 61","16751","August","2018","LA"
"1278","WEST CARROLL PAR 62","7199","August","2018","LA"
"1279","WEST FELICIANA PAR 63","7793","August","2018","LA"
"1280","WINN PAR 64","9020","August","2018","LA"
"1281","ACADIA PAR 01","39373","September","2018","LA"
"1282","ALLEN PAR 02","13693","September","2018","LA"
"1283","ASCENSION PAR 03","76201","September","2018","LA"
"1284","ASSUMPTION PAR 04","14941","September","2018","LA"
"1285","AVOYELLES PAR 05","24349","September","2018","LA"
"1286","BEAUREGARD PAR 06","22076","September","2018","LA"
"1287","BIENVILLE PAR 07","8996","September","2018","LA"
"1288","BOSSIER PAR 08","71964","September","2018","LA"
"1289","CADDO PAR 09","161218","September","2018","LA"
"1290","CALCASIEU PAR 10","127241","September","2018","LA"
"1291","CALDWELL PAR 11","6489","September","2018","LA"
"1292","CAMERON PAR 12","5197","September","2018","LA"
"1293","CATAHOULA PAR 13","6806","September","2018","LA"
"1294","CLAIBORNE PAR 14","8949","September","2018","LA"
"1295","CONCORDIA PAR 15","12986","September","2018","LA"
"1296","DE SOTO PAR 16","19209","September","2018","LA"
"1297","EAST BATON ROUGE PAR 17","282635","September","2018","LA"
"1298","EAST CARROLL PAR 18","5204","September","2018","LA"
"1299","EAST FELICIANA PAR 19","14204","September","2018","LA"
"1300","EVANGELINE PAR 20","21645","September","2018","LA"
"1301","FRANKLIN PAR 21","13695","September","2018","LA"
"1302","GRANT PAR 22","12723","September","2018","LA"
"1303","IBERIA PAR 23","47317","September","2018","LA"
"1304","IBERVILLE PAR 24","20960","September","2018","LA"
"1305","JACKSON PAR 25","9781","September","2018","LA"
"1306","JEFFERSON PAR 26","270755","September","2018","LA"
"1307","JEFFERSON DAVIS PAR 27","20941","September","2018","LA"
"1308","LAFAYETTE PAR 28","152573","September","2018","LA"
"1309","LAFOURCHE PAR 29","58715","September","2018","LA"
"1310","LASALLE PAR 30","8741","September","2018","LA"
"1311","LINCOLN PAR 31","26631","September","2018","LA"
"1312","LIVINGSTON PAR 32","81632","September","2018","LA"
"1313","MADISON PAR 33","7585","September","2018","LA"
"1314","MOREHOUSE PAR 34","18349","September","2018","LA"
"1315","NATCHITOCHES PAR 35","24470","September","2018","LA"
"1316","ORLEANS PAR 36","256016","September","2018","LA"
"1317","OUACHITA PAR 37","103000","September","2018","LA"
"1318","PLAQUEMINES PAR 38","14626","September","2018","LA"
"1319","POINTE COUPEE PAR 39","15590","September","2018","LA"
"1320","RAPIDES PAR 40","84221","September","2018","LA"
"1321","RED RIVER PAR 41","6002","September","2018","LA"
"1322","RICHLAND PAR 42","14060","September","2018","LA"
"1323","SABINE PAR 43","14599","September","2018","LA"
"1324","ST. BERNARD PAR 44","25854","September","2018","LA"
"1325","ST. CHARLES PAR 45","35256","September","2018","LA"
"1326","ST. HELENA PAR 46","8387","September","2018","LA"
"1327","ST. JAMES PAR 47","15601","September","2018","LA"
"1328","ST. JOHN THE BAPTIST PAR 48","29863","September","2018","LA"
"1329","ST. LANDRY PAR 49","59647","September","2018","LA"
"1330","ST. MARTIN PAR 50","37092","September","2018","LA"
"1331","ST. MARY PAR 51","33014","September","2018","LA"
"1332","ST. TAMMANY PAR 52","173238","September","2018","LA"
"1333","TANGIPAHOA PAR 53","79118","September","2018","LA"
"1334","TENSAS PAR 54","3551","September","2018","LA"
"1335","TERREBONNE PAR 55","63605","September","2018","LA"
"1336","UNION PAR 56","15731","September","2018","LA"
"1337","VERMILION PAR 57","37635","September","2018","LA"
"1338","VERNON PAR 58","24726","September","2018","LA"
"1339","WASHINGTON PAR 59","27773","September","2018","LA"
"1340","WEBSTER PAR 60","24867","September","2018","LA"
"1341","WEST BATON ROUGE PAR 61","16770","September","2018","LA"
"1342","WEST CARROLL PAR 62","7211","September","2018","LA"
"1343","WEST FELICIANA PAR 63","7804","September","2018","LA"
"1344","WINN PAR 64","9007","September","2018","LA"
"1345","ACADIA PAR 01","39510","October","2018","LA"
"1346","ALLEN PAR 02","13712","October","2018","LA"
"1347","ASCENSION PAR 03","76593","October","2018","LA"
"1348","ASSUMPTION PAR 04","14946","October","2018","LA"
"1349","AVOYELLES PAR 05","24371","October","2018","LA"
"1350","BEAUREGARD PAR 06","22129","October","2018","LA"
"1351","BIENVILLE PAR 07","9039","October","2018","LA"
"1352","BOSSIER PAR 08","72207","October","2018","LA"
"1353","CADDO PAR 09","161492","October","2018","LA"
"1354","CALCASIEU PAR 10","127486","October","2018","LA"
"1355","CALDWELL PAR 11","6493","October","2018","LA"
"1356","CAMERON PAR 12","5206","October","2018","LA"
"1357","CATAHOULA PAR 13","6813","October","2018","LA"
"1358","CLAIBORNE PAR 14","8983","October","2018","LA"
"1359","CONCORDIA PAR 15","13012","October","2018","LA"
"1360","DE SOTO PAR 16","19289","October","2018","LA"
"1361","EAST BATON ROUGE PAR 17","283647","October","2018","LA"
"1362","EAST CARROLL PAR 18","5218","October","2018","LA"
"1363","EAST FELICIANA PAR 19","14231","October","2018","LA"
"1364","EVANGELINE PAR 20","21752","October","2018","LA"
"1365","FRANKLIN PAR 21","13713","October","2018","LA"
"1366","GRANT PAR 22","12762","October","2018","LA"
"1367","IBERIA PAR 23","47333","October","2018","LA"
"1368","IBERVILLE PAR 24","21044","October","2018","LA"
"1369","JACKSON PAR 25","9808","October","2018","LA"
"1370","JEFFERSON PAR 26","271421","October","2018","LA"
"1371","JEFFERSON DAVIS PAR 27","20966","October","2018","LA"
"1372","LAFAYETTE PAR 28","153135","October","2018","LA"
"1373","LAFOURCHE PAR 29","58827","October","2018","LA"
"1374","LASALLE PAR 30","8785","October","2018","LA"
"1375","LINCOLN PAR 31","26763","October","2018","LA"
"1376","LIVINGSTON PAR 32","81738","October","2018","LA"
"1377","MADISON PAR 33","7586","October","2018","LA"
"1378","MOREHOUSE PAR 34","18358","October","2018","LA"
"1379","NATCHITOCHES PAR 35","24555","October","2018","LA"
"1380","ORLEANS PAR 36","257330","October","2018","LA"
"1381","OUACHITA PAR 37","103150","October","2018","LA"
"1382","PLAQUEMINES PAR 38","14693","October","2018","LA"
"1383","POINTE COUPEE PAR 39","15684","October","2018","LA"
"1384","RAPIDES PAR 40","84472","October","2018","LA"
"1385","RED RIVER PAR 41","6013","October","2018","LA"
"1386","RICHLAND PAR 42","14106","October","2018","LA"
"1387","SABINE PAR 43","14667","October","2018","LA"
"1388","ST. BERNARD PAR 44","25897","October","2018","LA"
"1389","ST. CHARLES PAR 45","35363","October","2018","LA"
"1390","ST. HELENA PAR 46","8428","October","2018","LA"
"1391","ST. JAMES PAR 47","15640","October","2018","LA"
"1392","ST. JOHN THE BAPTIST PAR 48","29874","October","2018","LA"
"1393","ST. LANDRY PAR 49","59711","October","2018","LA"
"1394","ST. MARTIN PAR 50","37166","October","2018","LA"
"1395","ST. MARY PAR 51","33075","October","2018","LA"
"1396","ST. TAMMANY PAR 52","173948","October","2018","LA"
"1397","TANGIPAHOA PAR 53","79373","October","2018","LA"
"1398","TENSAS PAR 54","3568","October","2018","LA"
"1399","TERREBONNE PAR 55","63725","October","2018","LA"
"1400","UNION PAR 56","15775","October","2018","LA"
"1401","VERMILION PAR 57","37716","October","2018","LA"
"1402","VERNON PAR 58","24840","October","2018","LA"
"1403","WASHINGTON PAR 59","27826","October","2018","LA"
"1404","WEBSTER PAR 60","24931","October","2018","LA"
"1405","WEST BATON ROUGE PAR 61","16820","October","2018","LA"
"1406","WEST CARROLL PAR 62","7235","October","2018","LA"
"1407","WEST FELICIANA PAR 63","7816","October","2018","LA"
"1408","WINN PAR 64","8996","October","2018","LA"
"1409","ACADIA PAR 01","39763","November","2018","LA"
"1410","ALLEN PAR 02","13760","November","2018","LA"
"1411","ASCENSION PAR 03","77267","November","2018","LA"
"1412","ASSUMPTION PAR 04","14964","November","2018","LA"
"1413","AVOYELLES PAR 05","24417","November","2018","LA"
"1414","BEAUREGARD PAR 06","22211","November","2018","LA"
"1415","BIENVILLE PAR 07","9098","November","2018","LA"
"1416","BOSSIER PAR 08","72783","November","2018","LA"
"1417","CADDO PAR 09","162428","November","2018","LA"
"1418","CALCASIEU PAR 10","128242","November","2018","LA"
"1419","CALDWELL PAR 11","6506","November","2018","LA"
"1420","CAMERON PAR 12","5229","November","2018","LA"
"1421","CATAHOULA PAR 13","6844","November","2018","LA"
"1422","CLAIBORNE PAR 14","9021","November","2018","LA"
"1423","CONCORDIA PAR 15","13059","November","2018","LA"
"1424","DE SOTO PAR 16","19380","November","2018","LA"
"1425","EAST BATON ROUGE PAR 17","286255","November","2018","LA"
"1426","EAST CARROLL PAR 18","5240","November","2018","LA"
"1427","EAST FELICIANA PAR 19","14274","November","2018","LA"
"1428","EVANGELINE PAR 20","21837","November","2018","LA"
"1429","FRANKLIN PAR 21","13755","November","2018","LA"
"1430","GRANT PAR 22","12799","November","2018","LA"
"1431","IBERIA PAR 23","47412","November","2018","LA"
"1432","IBERVILLE PAR 24","21220","November","2018","LA"
"1433","JACKSON PAR 25","9887","November","2018","LA"
"1434","JEFFERSON PAR 26","273065","November","2018","LA"
"1435","JEFFERSON DAVIS PAR 27","21048","November","2018","LA"
"1436","LAFAYETTE PAR 28","154142","November","2018","LA"
"1437","LAFOURCHE PAR 29","59060","November","2018","LA"
"1438","LASALLE PAR 30","8817","November","2018","LA"
"1439","LINCOLN PAR 31","27103","November","2018","LA"
"1440","LIVINGSTON PAR 32","82350","November","2018","LA"
"1441","MADISON PAR 33","7614","November","2018","LA"
"1442","MOREHOUSE PAR 34","18418","November","2018","LA"
"1443","NATCHITOCHES PAR 35","24712","November","2018","LA"
"1444","ORLEANS PAR 36","260715","November","2018","LA"
"1445","OUACHITA PAR 37","103698","November","2018","LA"
"1446","PLAQUEMINES PAR 38","14813","November","2018","LA"
"1447","POINTE COUPEE PAR 39","15769","November","2018","LA"
"1448","RAPIDES PAR 40","84983","November","2018","LA"
"1449","RED RIVER PAR 41","6032","November","2018","LA"
"1450","RICHLAND PAR 42","14167","November","2018","LA"
"1451","SABINE PAR 43","14781","November","2018","LA"
"1452","ST. BERNARD PAR 44","26024","November","2018","LA"
"1453","ST. CHARLES PAR 45","35536","November","2018","LA"
"1454","ST. HELENA PAR 46","8464","November","2018","LA"
"1455","ST. JAMES PAR 47","15700","November","2018","LA"
"1456","ST. JOHN THE BAPTIST PAR 48","29987","November","2018","LA"
"1457","ST. LANDRY PAR 49","59994","November","2018","LA"
"1458","ST. MARTIN PAR 50","37279","November","2018","LA"
"1459","ST. MARY PAR 51","33199","November","2018","LA"
"1460","ST. TAMMANY PAR 52","175245","November","2018","LA"
"1461","TANGIPAHOA PAR 53","79786","November","2018","LA"
"1462","TENSAS PAR 54","3568","November","2018","LA"
"1463","TERREBONNE PAR 55","63935","November","2018","LA"
"1464","UNION PAR 56","15831","November","2018","LA"
"1465","VERMILION PAR 57","37828","November","2018","LA"
"1466","VERNON PAR 58","25034","November","2018","LA"
"1467","WASHINGTON PAR 59","27887","November","2018","LA"
"1468","WEBSTER PAR 60","25024","November","2018","LA"
"1469","WEST BATON ROUGE PAR 61","16910","November","2018","LA"
"1470","WEST CARROLL PAR 62","7260","November","2018","LA"
"1471","WEST FELICIANA PAR 63","7846","November","2018","LA"
"1472","WINN PAR 64","8992","November","2018","LA"
"1473","ACADIA PAR 01","39839","December","2018","LA"
"1474","ALLEN PAR 02","13790","December","2018","LA"
"1475","ASCENSION PAR 03","77638","December","2018","LA"
"1476","ASSUMPTION PAR 04","14966","December","2018","LA"
"1477","AVOYELLES PAR 05","24451","December","2018","LA"
"1478","BEAUREGARD PAR 06","22293","December","2018","LA"
"1479","BIENVILLE PAR 07","9128","December","2018","LA"
"1480","BOSSIER PAR 08","73071","December","2018","LA"
"1481","CADDO PAR 09","162890","December","2018","LA"
"1482","CALCASIEU PAR 10","128745","December","2018","LA"
"1483","CALDWELL PAR 11","6518","December","2018","LA"
"1484","CAMERON PAR 12","5236","December","2018","LA"
"1485","CATAHOULA PAR 13","6850","December","2018","LA"
"1486","CLAIBORNE PAR 14","9043","December","2018","LA"
"1487","CONCORDIA PAR 15","13066","December","2018","LA"
"1488","DE SOTO PAR 16","19412","December","2018","LA"
"1489","EAST BATON ROUGE PAR 17","287253","December","2018","LA"
"1490","EAST CARROLL PAR 18","5259","December","2018","LA"
"1491","EAST FELICIANA PAR 19","14300","December","2018","LA"
"1492","EVANGELINE PAR 20","21858","December","2018","LA"
"1493","FRANKLIN PAR 21","13751","December","2018","LA"
"1494","GRANT PAR 22","12817","December","2018","LA"
"1495","IBERIA PAR 23","47472","December","2018","LA"
"1496","IBERVILLE PAR 24","21251","December","2018","LA"
"1497","JACKSON PAR 25","9923","December","2018","LA"
"1498","JEFFERSON PAR 26","273766","December","2018","LA"
"1499","JEFFERSON DAVIS PAR 27","21109","December","2018","LA"
"1500","LAFAYETTE PAR 28","154778","December","2018","LA"
"1501","LAFOURCHE PAR 29","59102","December","2018","LA"
"1502","LASALLE PAR 30","8849","December","2018","LA"
"1503","LINCOLN PAR 31","27176","December","2018","LA"
"1504","LIVINGSTON PAR 32","82769","December","2018","LA"
"1505","MADISON PAR 33","7629","December","2018","LA"
"1506","MOREHOUSE PAR 34","18428","December","2018","LA"
"1507","NATCHITOCHES PAR 35","24775","December","2018","LA"
"1508","ORLEANS PAR 36","261704","December","2018","LA"
"1509","OUACHITA PAR 37","103993","December","2018","LA"
"1510","PLAQUEMINES PAR 38","14911","December","2018","LA"
"1511","POINTE COUPEE PAR 39","15830","December","2018","LA"
"1512","RAPIDES PAR 40","85153","December","2018","LA"
"1513","RED RIVER PAR 41","6042","December","2018","LA"
"1514","RICHLAND PAR 42","14193","December","2018","LA"
"1515","SABINE PAR 43","14785","December","2018","LA"
"1516","ST. BERNARD PAR 44","26130","December","2018","LA"
"1517","ST. CHARLES PAR 45","35663","December","2018","LA"
"1518","ST. HELENA PAR 46","8486","December","2018","LA"
"1519","ST. JAMES PAR 47","15716","December","2018","LA"
"1520","ST. JOHN THE BAPTIST PAR 48","30039","December","2018","LA"
"1521","ST. LANDRY PAR 49","60138","December","2018","LA"
"1522","ST. MARTIN PAR 50","37347","December","2018","LA"
"1523","ST. MARY PAR 51","33265","December","2018","LA"
"1524","ST. TAMMANY PAR 52","175952","December","2018","LA"
"1525","TANGIPAHOA PAR 53","80062","December","2018","LA"
"1526","TENSAS PAR 54","3575","December","2018","LA"
"1527","TERREBONNE PAR 55","64041","December","2018","LA"
"1528","UNION PAR 56","15850","December","2018","LA"
"1529","VERMILION PAR 57","37864","December","2018","LA"
"1530","VERNON PAR 58","25145","December","2018","LA"
"1531","WASHINGTON PAR 59","27974","December","2018","LA"
"1532","WEBSTER PAR 60","25048","December","2018","LA"
"1533","WEST BATON ROUGE PAR 61","16976","December","2018","LA"
"1534","WEST CARROLL PAR 62","7258","December","2018","LA"
"1535","WEST FELICIANA PAR 63","7892","December","2018","LA"
"1536","WINN PAR 64","8999","December","2018","LA"
"1537","ACADIA PAR 01","39842","January","2019","LA"
"1538","ALLEN PAR 02","13795","January","2019","LA"
"1539","ASCENSION PAR 03","77768","January","2019","LA"
"1540","ASSUMPTION PAR 04","14964","January","2019","LA"
"1541","AVOYELLES PAR 05","24444","January","2019","LA"
"1542","BEAUREGARD PAR 06","22291","January","2019","LA"
"1543","BIENVILLE PAR 07","9124","January","2019","LA"
"1544","BOSSIER PAR 08","73189","January","2019","LA"
"1545","CADDO PAR 09","162801","January","2019","LA"
"1546","CALCASIEU PAR 10","128787","January","2019","LA"
"1547","CALDWELL PAR 11","6525","January","2019","LA"
"1548","CAMERON PAR 12","5255","January","2019","LA"
"1549","CATAHOULA PAR 13","6845","January","2019","LA"
"1550","CLAIBORNE PAR 14","9041","January","2019","LA"
"1551","CONCORDIA PAR 15","13067","January","2019","LA"
"1552","DE SOTO PAR 16","19408","January","2019","LA"
"1553","EAST BATON ROUGE PAR 17","287459","January","2019","LA"
"1554","EAST CARROLL PAR 18","5266","January","2019","LA"
"1555","EAST FELICIANA PAR 19","14311","January","2019","LA"
"1556","EVANGELINE PAR 20","21860","January","2019","LA"
"1557","FRANKLIN PAR 21","13755","January","2019","LA"
"1558","GRANT PAR 22","12861","January","2019","LA"
"1559","IBERIA PAR 23","47480","January","2019","LA"
"1560","IBERVILLE PAR 24","21256","January","2019","LA"
"1561","JACKSON PAR 25","9924","January","2019","LA"
"1562","JEFFERSON PAR 26","273909","January","2019","LA"
"1563","JEFFERSON DAVIS PAR 27","21136","January","2019","LA"
"1564","LAFAYETTE PAR 28","154957","January","2019","LA"
"1565","LAFOURCHE PAR 29","59163","January","2019","LA"
"1566","LASALLE PAR 30","8834","January","2019","LA"
"1567","LINCOLN PAR 31","27192","January","2019","LA"
"1568","LIVINGSTON PAR 32","82831","January","2019","LA"
"1569","MADISON PAR 33","7623","January","2019","LA"
"1570","MOREHOUSE PAR 34","18423","January","2019","LA"
"1571","NATCHITOCHES PAR 35","24763","January","2019","LA"
"1572","ORLEANS PAR 36","261894","January","2019","LA"
"1573","OUACHITA PAR 37","104024","January","2019","LA"
"1574","PLAQUEMINES PAR 38","14904","January","2019","LA"
"1575","POINTE COUPEE PAR 39","15843","January","2019","LA"
"1576","RAPIDES PAR 40","85152","January","2019","LA"
"1577","RED RIVER PAR 41","6033","January","2019","LA"
"1578","RICHLAND PAR 42","14194","January","2019","LA"
"1579","SABINE PAR 43","14803","January","2019","LA"
"1580","ST. BERNARD PAR 44","26160","January","2019","LA"
"1581","ST. CHARLES PAR 45","35709","January","2019","LA"
"1582","ST. HELENA PAR 46","8490","January","2019","LA"
"1583","ST. JAMES PAR 47","15717","January","2019","LA"
"1584","ST. JOHN THE BAPTIST PAR 48","30056","January","2019","LA"
"1585","ST. LANDRY PAR 49","60141","January","2019","LA"
"1586","ST. MARTIN PAR 50","37374","January","2019","LA"
"1587","ST. MARY PAR 51","33285","January","2019","LA"
"1588","ST. TAMMANY PAR 52","176366","January","2019","LA"
"1589","TANGIPAHOA PAR 53","80206","January","2019","LA"
"1590","TENSAS PAR 54","3574","January","2019","LA"
"1591","TERREBONNE PAR 55","64089","January","2019","LA"
"1592","UNION PAR 56","15855","January","2019","LA"
"1593","VERMILION PAR 57","37891","January","2019","LA"
"1594","VERNON PAR 58","25155","January","2019","LA"
"1595","WASHINGTON PAR 59","27983","January","2019","LA"
"1596","WEBSTER PAR 60","25029","January","2019","LA"
"1597","WEST BATON ROUGE PAR 61","16988","January","2019","LA"
"1598","WEST CARROLL PAR 62","7265","January","2019","LA"
"1599","WEST FELICIANA PAR 63","7915","January","2019","LA"
"1600","WINN PAR 64","8996","January","2019","LA"
"1601","ACADIA PAR 01","39433","February","2019","LA"
"1602","ALLEN PAR 02","13516","February","2019","LA"
"1603","ASCENSION PAR 03","76920","February","2019","LA"
"1604","ASSUMPTION PAR 04","14870","February","2019","LA"
"1605","AVOYELLES PAR 05","24223","February","2019","LA"
"1606","BEAUREGARD PAR 06","22000","February","2019","LA"
"1607","BIENVILLE PAR 07","9074","February","2019","LA"
"1608","BOSSIER PAR 08","71108","February","2019","LA"
"1609","CADDO PAR 09","158738","February","2019","LA"
"1610","CALCASIEU PAR 10","127022","February","2019","LA"
"1611","CALDWELL PAR 11","6426","February","2019","LA"
"1612","CAMERON PAR 12","5186","February","2019","LA"
"1613","CATAHOULA PAR 13","6784","February","2019","LA"
"1614","CLAIBORNE PAR 14","8967","February","2019","LA"
"1615","CONCORDIA PAR 15","12822","February","2019","LA"
"1616","DE SOTO PAR 16","19173","February","2019","LA"
"1617","EAST BATON ROUGE PAR 17","283195","February","2019","LA"
"1618","EAST CARROLL PAR 18","5146","February","2019","LA"
"1619","EAST FELICIANA PAR 19","14245","February","2019","LA"
"1620","EVANGELINE PAR 20","21627","February","2019","LA"
"1621","FRANKLIN PAR 21","13597","February","2019","LA"
"1622","GRANT PAR 22","12746","February","2019","LA"
"1623","IBERIA PAR 23","46892","February","2019","LA"
"1624","IBERVILLE PAR 24","21038","February","2019","LA"
"1625","JACKSON PAR 25","9778","February","2019","LA"
"1626","JEFFERSON PAR 26","269316","February","2019","LA"
"1627","JEFFERSON DAVIS PAR 27","20731","February","2019","LA"
"1628","LAFAYETTE PAR 28","152566","February","2019","LA"
"1629","LAFOURCHE PAR 29","58569","February","2019","LA"
"1630","LASALLE PAR 30","8759","February","2019","LA"
"1631","LINCOLN PAR 31","26463","February","2019","LA"
"1632","LIVINGSTON PAR 32","81707","February","2019","LA"
"1633","MADISON PAR 33","7555","February","2019","LA"
"1634","MOREHOUSE PAR 34","18103","February","2019","LA"
"1635","NATCHITOCHES PAR 35","24409","February","2019","LA"
"1636","ORLEANS PAR 36","257257","February","2019","LA"
"1637","OUACHITA PAR 37","102143","February","2019","LA"
"1638","PLAQUEMINES PAR 38","14635","February","2019","LA"
"1639","POINTE COUPEE PAR 39","15781","February","2019","LA"
"1640","RAPIDES PAR 40","83924","February","2019","LA"
"1641","RED RIVER PAR 41","5950","February","2019","LA"
"1642","RICHLAND PAR 42","14041","February","2019","LA"
"1643","SABINE PAR 43","14616","February","2019","LA"
"1644","ST. BERNARD PAR 44","25732","February","2019","LA"
"1645","ST. CHARLES PAR 45","35111","February","2019","LA"
"1646","ST. HELENA PAR 46","8428","February","2019","LA"
"1647","ST. JAMES PAR 47","15585","February","2019","LA"
"1648","ST. JOHN THE BAPTIST PAR 48","29757","February","2019","LA"
"1649","ST. LANDRY PAR 49","59376","February","2019","LA"
"1650","ST. MARTIN PAR 50","36894","February","2019","LA"
"1651","ST. MARY PAR 51","32943","February","2019","LA"
"1652","ST. TAMMANY PAR 52","173819","February","2019","LA"
"1653","TANGIPAHOA PAR 53","79384","February","2019","LA"
"1654","TENSAS PAR 54","3568","February","2019","LA"
"1655","TERREBONNE PAR 55","63115","February","2019","LA"
"1656","UNION PAR 56","15677","February","2019","LA"
"1657","VERMILION PAR 57","37489","February","2019","LA"
"1658","VERNON PAR 58","24660","February","2019","LA"
"1659","WASHINGTON PAR 59","27711","February","2019","LA"
"1660","WEBSTER PAR 60","24392","February","2019","LA"
"1661","WEST BATON ROUGE PAR 61","16830","February","2019","LA"
"1662","WEST CARROLL PAR 62","7156","February","2019","LA"
"1663","WEST FELICIANA PAR 63","7671","February","2019","LA"
"1664","WINN PAR 64","8884","February","2019","LA"
"1665","ACADIA PAR 01","39416","March","2019","LA"
"1666","ALLEN PAR 02","13503","March","2019","LA"
"1667","ASCENSION PAR 03","76962","March","2019","LA"
"1668","ASSUMPTION PAR 04","14847","March","2019","LA"
"1669","AVOYELLES PAR 05","24208","March","2019","LA"
"1670","BEAUREGARD PAR 06","22009","March","2019","LA"
"1671","BIENVILLE PAR 07","9052","March","2019","LA"
"1672","BOSSIER PAR 08","71254","March","2019","LA"
"1673","CADDO PAR 09","158769","March","2019","LA"
"1674","CALCASIEU PAR 10","126997","March","2019","LA"
"1675","CALDWELL PAR 11","6416","March","2019","LA"
"1676","CAMERON PAR 12","5197","March","2019","LA"
"1677","CATAHOULA PAR 13","6794","March","2019","LA"
"1678","CLAIBORNE PAR 14","8965","March","2019","LA"
"1679","CONCORDIA PAR 15","12827","March","2019","LA"
"1680","DE SOTO PAR 16","19204","March","2019","LA"
"1681","EAST BATON ROUGE PAR 17","283379","March","2019","LA"
"1682","EAST CARROLL PAR 18","5140","March","2019","LA"
"1683","EAST FELICIANA PAR 19","14257","March","2019","LA"
"1684","EVANGELINE PAR 20","21625","March","2019","LA"
"1685","FRANKLIN PAR 21","13599","March","2019","LA"
"1686","GRANT PAR 22","12750","March","2019","LA"
"1687","IBERIA PAR 23","46909","March","2019","LA"
"1688","IBERVILLE PAR 24","21113","March","2019","LA"
"1689","JACKSON PAR 25","9755","March","2019","LA"
"1690","JEFFERSON PAR 26","269402","March","2019","LA"
"1691","JEFFERSON DAVIS PAR 27","20727","March","2019","LA"
"1692","LAFAYETTE PAR 28","152629","March","2019","LA"
"1693","LAFOURCHE PAR 29","58601","March","2019","LA"
"1694","LASALLE PAR 30","8738","March","2019","LA"
"1695","LINCOLN PAR 31","26499","March","2019","LA"
"1696","LIVINGSTON PAR 32","81764","March","2019","LA"
"1697","MADISON PAR 33","7552","March","2019","LA"
"1698","MOREHOUSE PAR 34","18115","March","2019","LA"
"1699","NATCHITOCHES PAR 35","24425","March","2019","LA"
"1700","ORLEANS PAR 36","257364","March","2019","LA"
"1701","OUACHITA PAR 37","102203","March","2019","LA"
"1702","PLAQUEMINES PAR 38","14642","March","2019","LA"
"1703","POINTE COUPEE PAR 39","15788","March","2019","LA"
"1704","RAPIDES PAR 40","83951","March","2019","LA"
"1705","RED RIVER PAR 41","5951","March","2019","LA"
"1706","RICHLAND PAR 42","14043","March","2019","LA"
"1707","SABINE PAR 43","14625","March","2019","LA"
"1708","ST. BERNARD PAR 44","25761","March","2019","LA"
"1709","ST. CHARLES PAR 45","35128","March","2019","LA"
"1710","ST. HELENA PAR 46","8422","March","2019","LA"
"1711","ST. JAMES PAR 47","15537","March","2019","LA"
"1712","ST. JOHN THE BAPTIST PAR 48","29780","March","2019","LA"
"1713","ST. LANDRY PAR 49","59373","March","2019","LA"
"1714","ST. MARTIN PAR 50","36940","March","2019","LA"
"1715","ST. MARY PAR 51","32946","March","2019","LA"
"1716","ST. TAMMANY PAR 52","173954","March","2019","LA"
"1717","TANGIPAHOA PAR 53","79440","March","2019","LA"
"1718","TENSAS PAR 54","3564","March","2019","LA"
"1719","TERREBONNE PAR 55","63112","March","2019","LA"
"1720","UNION PAR 56","15649","March","2019","LA"
"1721","VERMILION PAR 57","37503","March","2019","LA"
"1722","VERNON PAR 58","24654","March","2019","LA"
"1723","WASHINGTON PAR 59","27690","March","2019","LA"
"1724","WEBSTER PAR 60","24378","March","2019","LA"
"1725","WEST BATON ROUGE PAR 61","16834","March","2019","LA"
"1726","WEST CARROLL PAR 62","7166","March","2019","LA"
"1727","WEST FELICIANA PAR 63","7690","March","2019","LA"
"1728","WINN PAR 64","8868","March","2019","LA"
"1729","ACADIA PAR 01","39404","April","2019","LA"
"1730","ALLEN PAR 02","13501","April","2019","LA"
"1731","ASCENSION PAR 03","77001","April","2019","LA"
"1732","ASSUMPTION PAR 04","14850","April","2019","LA"
"1733","AVOYELLES PAR 05","24209","April","2019","LA"
"1734","BEAUREGARD PAR 06","22010","April","2019","LA"
"1735","BIENVILLE PAR 07","9054","April","2019","LA"
"1736","BOSSIER PAR 08","71199","April","2019","LA"
"1737","CADDO PAR 09","158837","April","2019","LA"
"1738","CALCASIEU PAR 10","126993","April","2019","LA"
"1739","CALDWELL PAR 11","6418","April","2019","LA"
"1740","CAMERON PAR 12","5198","April","2019","LA"
"1741","CATAHOULA PAR 13","6794","April","2019","LA"
"1742","CLAIBORNE PAR 14","8968","April","2019","LA"
"1743","CONCORDIA PAR 15","12814","April","2019","LA"
"1744","DE SOTO PAR 16","19214","April","2019","LA"
"1745","EAST BATON ROUGE PAR 17","283596","April","2019","LA"
"1746","EAST CARROLL PAR 18","5137","April","2019","LA"
"1747","EAST FELICIANA PAR 19","14248","April","2019","LA"
"1748","EVANGELINE PAR 20","21603","April","2019","LA"
"1749","FRANKLIN PAR 21","13591","April","2019","LA"
"1750","GRANT PAR 22","12757","April","2019","LA"
"1751","IBERIA PAR 23","46939","April","2019","LA"
"1752","IBERVILLE PAR 24","21175","April","2019","LA"
"1753","JACKSON PAR 25","9741","April","2019","LA"
"1754","JEFFERSON PAR 26","269512","April","2019","LA"
"1755","JEFFERSON DAVIS PAR 27","20714","April","2019","LA"
"1756","LAFAYETTE PAR 28","152713","April","2019","LA"
"1757","LAFOURCHE PAR 29","58596","April","2019","LA"
"1758","LASALLE PAR 30","8739","April","2019","LA"
"1759","LINCOLN PAR 31","26501","April","2019","LA"
"1760","LIVINGSTON PAR 32","81854","April","2019","LA"
"1761","MADISON PAR 33","7551","April","2019","LA"
"1762","MOREHOUSE PAR 34","18101","April","2019","LA"
"1763","NATCHITOCHES PAR 35","24406","April","2019","LA"
"1764","ORLEANS PAR 36","257451","April","2019","LA"
"1765","OUACHITA PAR 37","102172","April","2019","LA"
"1766","PLAQUEMINES PAR 38","14651","April","2019","LA"
"1767","POINTE COUPEE PAR 39","15780","April","2019","LA"
"1768","RAPIDES PAR 40","83910","April","2019","LA"
"1769","RED RIVER PAR 41","5942","April","2019","LA"
"1770","RICHLAND PAR 42","14053","April","2019","LA"
"1771","SABINE PAR 43","14637","April","2019","LA"
"1772","ST. BERNARD PAR 44","25743","April","2019","LA"
"1773","ST. CHARLES PAR 45","35167","April","2019","LA"
"1774","ST. HELENA PAR 46","8425","April","2019","LA"
"1775","ST. JAMES PAR 47","15516","April","2019","LA"
"1776","ST. JOHN THE BAPTIST PAR 48","29796","April","2019","LA"
"1777","ST. LANDRY PAR 49","59306","April","2019","LA"
"1778","ST. MARTIN PAR 50","36983","April","2019","LA"
"1779","ST. MARY PAR 51","32954","April","2019","LA"
"1780","ST. TAMMANY PAR 52","174109","April","2019","LA"
"1781","TANGIPAHOA PAR 53","79424","April","2019","LA"
"1782","TENSAS PAR 54","3562","April","2019","LA"
"1783","TERREBONNE PAR 55","63112","April","2019","LA"
"1784","UNION PAR 56","15665","April","2019","LA"
"1785","VERMILION PAR 57","37540","April","2019","LA"
"1786","VERNON PAR 58","24670","April","2019","LA"
"1787","WASHINGTON PAR 59","27651","April","2019","LA"
"1788","WEBSTER PAR 60","24339","April","2019","LA"
"1789","WEST BATON ROUGE PAR 61","16835","April","2019","LA"
"1790","WEST CARROLL PAR 62","7179","April","2019","LA"
"1791","WEST FELICIANA PAR 63","7697","April","2019","LA"
"1792","WINN PAR 64","8857","April","2019","LA"
"1793","ACADIA PAR 01","39368","May","2019","LA"
"1794","ALLEN PAR 02","13486","May","2019","LA"
"1795","ASCENSION PAR 03","77084","May","2019","LA"
"1796","ASSUMPTION PAR 04","14818","May","2019","LA"
"1797","AVOYELLES PAR 05","24196","May","2019","LA"
"1798","BEAUREGARD PAR 06","22009","May","2019","LA"
"1799","BIENVILLE PAR 07","9041","May","2019","LA"
"1800","BOSSIER PAR 08","71378","May","2019","LA"
"1801","CADDO PAR 09","158609","May","2019","LA"
"1802","CALCASIEU PAR 10","126759","May","2019","LA"
"1803","CALDWELL PAR 11","6399","May","2019","LA"
"1804","CAMERON PAR 12","5201","May","2019","LA"
"1805","CATAHOULA PAR 13","6787","May","2019","LA"
"1806","CLAIBORNE PAR 14","8967","May","2019","LA"
"1807","CONCORDIA PAR 15","12802","May","2019","LA"
"1808","DE SOTO PAR 16","19212","May","2019","LA"
"1809","EAST BATON ROUGE PAR 17","283442","May","2019","LA"
"1810","EAST CARROLL PAR 18","5135","May","2019","LA"
"1811","EAST FELICIANA PAR 19","14187","May","2019","LA"
"1812","EVANGELINE PAR 20","21575","May","2019","LA"
"1813","FRANKLIN PAR 21","13608","May","2019","LA"
"1814","GRANT PAR 22","12743","May","2019","LA"
"1815","IBERIA PAR 23","46858","May","2019","LA"
"1816","IBERVILLE PAR 24","21192","May","2019","LA"
"1817","JACKSON PAR 25","9728","May","2019","LA"
"1818","JEFFERSON PAR 26","269187","May","2019","LA"
"1819","JEFFERSON DAVIS PAR 27","20719","May","2019","LA"
"1820","LAFAYETTE PAR 28","152748","May","2019","LA"
"1821","LAFOURCHE PAR 29","58504","May","2019","LA"
"1822","LASALLE PAR 30","8743","May","2019","LA"
"1823","LINCOLN PAR 31","26491","May","2019","LA"
"1824","LIVINGSTON PAR 32","81853","May","2019","LA"
"1825","MADISON PAR 33","7541","May","2019","LA"
"1826","MOREHOUSE PAR 34","18096","May","2019","LA"
"1827","NATCHITOCHES PAR 35","24396","May","2019","LA"
"1828","ORLEANS PAR 36","257532","May","2019","LA"
"1829","OUACHITA PAR 37","102241","May","2019","LA"
"1830","PLAQUEMINES PAR 38","14630","May","2019","LA"
"1831","POINTE COUPEE PAR 39","15778","May","2019","LA"
"1832","RAPIDES PAR 40","83815","May","2019","LA"
"1833","RED RIVER PAR 41","5935","May","2019","LA"
"1834","RICHLAND PAR 42","14041","May","2019","LA"
"1835","SABINE PAR 43","14618","May","2019","LA"
"1836","ST. BERNARD PAR 44","25760","May","2019","LA"
"1837","ST. CHARLES PAR 45","35148","May","2019","LA"
"1838","ST. HELENA PAR 46","8415","May","2019","LA"
"1839","ST. JAMES PAR 47","15501","May","2019","LA"
"1840","ST. JOHN THE BAPTIST PAR 48","29790","May","2019","LA"
"1841","ST. LANDRY PAR 49","59256","May","2019","LA"
"1842","ST. MARTIN PAR 50","36966","May","2019","LA"
"1843","ST. MARY PAR 51","32939","May","2019","LA"
"1844","ST. TAMMANY PAR 52","173949","May","2019","LA"
"1845","TANGIPAHOA PAR 53","79414","May","2019","LA"
"1846","TENSAS PAR 54","3559","May","2019","LA"
"1847","TERREBONNE PAR 55","63127","May","2019","LA"
"1848","UNION PAR 56","15648","May","2019","LA"
"1849","VERMILION PAR 57","37489","May","2019","LA"
"1850","VERNON PAR 58","24650","May","2019","LA"
"1851","WASHINGTON PAR 59","27632","May","2019","LA"
"1852","WEBSTER PAR 60","24346","May","2019","LA"
"1853","WEST BATON ROUGE PAR 61","16855","May","2019","LA"
"1854","WEST CARROLL PAR 62","7191","May","2019","LA"
"1855","WEST FELICIANA PAR 63","7709","May","2019","LA"
"1856","WINN PAR 64","8837","May","2019","LA"
"1857","ACADIA PAR 01","39321","June","2019","LA"
"1858","ALLEN PAR 02","13488","June","2019","LA"
"1859","ASCENSION PAR 03","77172","June","2019","LA"
"1860","ASSUMPTION PAR 04","14811","June","2019","LA"
"1861","AVOYELLES PAR 05","24203","June","2019","LA"
"1862","BEAUREGARD PAR 06","22021","June","2019","LA"
"1863","BIENVILLE PAR 07","8987","June","2019","LA"
"1864","BOSSIER PAR 08","71681","June","2019","LA"
"1865","CADDO PAR 09","158544","June","2019","LA"
"1866","CALCASIEU PAR 10","126738","June","2019","LA"
"1867","CALDWELL PAR 11","6391","June","2019","LA"
"1868","CAMERON PAR 12","5206","June","2019","LA"
"1869","CATAHOULA PAR 13","6791","June","2019","LA"
"1870","CLAIBORNE PAR 14","8963","June","2019","LA"
"1871","CONCORDIA PAR 15","12802","June","2019","LA"
"1872","DE SOTO PAR 16","19199","June","2019","LA"
"1873","EAST BATON ROUGE PAR 17","283153","June","2019","LA"
"1874","EAST CARROLL PAR 18","5132","June","2019","LA"
"1875","EAST FELICIANA PAR 19","14176","June","2019","LA"
"1876","EVANGELINE PAR 20","21554","June","2019","LA"
"1877","FRANKLIN PAR 21","13627","June","2019","LA"
"1878","GRANT PAR 22","12745","June","2019","LA"
"1879","IBERIA PAR 23","46842","June","2019","LA"
"1880","IBERVILLE PAR 24","21209","June","2019","LA"
"1881","JACKSON PAR 25","9709","June","2019","LA"
"1882","JEFFERSON PAR 26","269419","June","2019","LA"
"1883","JEFFERSON DAVIS PAR 27","20728","June","2019","LA"
"1884","LAFAYETTE PAR 28","152741","June","2019","LA"
"1885","LAFOURCHE PAR 29","58559","June","2019","LA"
"1886","LASALLE PAR 30","8748","June","2019","LA"
"1887","LINCOLN PAR 31","26489","June","2019","LA"
"1888","LIVINGSTON PAR 32","81945","June","2019","LA"
"1889","MADISON PAR 33","7536","June","2019","LA"
"1890","MOREHOUSE PAR 34","18099","June","2019","LA"
"1891","NATCHITOCHES PAR 35","24382","June","2019","LA"
"1892","ORLEANS PAR 36","257483","June","2019","LA"
"1893","OUACHITA PAR 37","102244","June","2019","LA"
"1894","PLAQUEMINES PAR 38","14634","June","2019","LA"
"1895","POINTE COUPEE PAR 39","15789","June","2019","LA"
"1896","RAPIDES PAR 40","83704","June","2019","LA"
"1897","RED RIVER PAR 41","5919","June","2019","LA"
"1898","RICHLAND PAR 42","14047","June","2019","LA"
"1899","SABINE PAR 43","14606","June","2019","LA"
"1900","ST. BERNARD PAR 44","25757","June","2019","LA"
"1901","ST. CHARLES PAR 45","35167","June","2019","LA"
"1902","ST. HELENA PAR 46","8433","June","2019","LA"
"1903","ST. JAMES PAR 47","15505","June","2019","LA"
"1904","ST. JOHN THE BAPTIST PAR 48","29781","June","2019","LA"
"1905","ST. LANDRY PAR 49","59226","June","2019","LA"
"1906","ST. MARTIN PAR 50","37008","June","2019","LA"
"1907","ST. MARY PAR 51","32929","June","2019","LA"
"1908","ST. TAMMANY PAR 52","174343","June","2019","LA"
"1909","TANGIPAHOA PAR 53","79435","June","2019","LA"
"1910","TENSAS PAR 54","3554","June","2019","LA"
"1911","TERREBONNE PAR 55","63094","June","2019","LA"
"1912","UNION PAR 56","15625","June","2019","LA"
"1913","VERMILION PAR 57","37530","June","2019","LA"
"1914","VERNON PAR 58","24657","June","2019","LA"
"1915","WASHINGTON PAR 59","27649","June","2019","LA"
"1916","WEBSTER PAR 60","24385","June","2019","LA"
"1917","WEST BATON ROUGE PAR 61","16842","June","2019","LA"
"1918","WEST CARROLL PAR 62","7189","June","2019","LA"
"1919","WEST FELICIANA PAR 63","7738","June","2019","LA"
"1920","WINN PAR 64","8822","June","2019","LA"
"1921","ACADIA PAR 01","39283","July","2019","LA"
"1922","ALLEN PAR 02","13476","July","2019","LA"
"1923","ASCENSION PAR 03","77182","July","2019","LA"
"1924","ASSUMPTION PAR 04","14805","July","2019","LA"
"1925","AVOYELLES PAR 05","24182","July","2019","LA"
"1926","BEAUREGARD PAR 06","21963","July","2019","LA"
"1927","BIENVILLE PAR 07","8985","July","2019","LA"
"1928","BOSSIER PAR 08","71578","July","2019","LA"
"1929","CADDO PAR 09","158440","July","2019","LA"
"1930","CALCASIEU PAR 10","126620","July","2019","LA"
"1931","CALDWELL PAR 11","6387","July","2019","LA"
"1932","CAMERON PAR 12","5217","July","2019","LA"
"1933","CATAHOULA PAR 13","6784","July","2019","LA"
"1934","CLAIBORNE PAR 14","8933","July","2019","LA"
"1935","CONCORDIA PAR 15","12796","July","2019","LA"
"1936","DE SOTO PAR 16","19149","July","2019","LA"
"1937","EAST BATON ROUGE PAR 17","282956","July","2019","LA"
"1938","EAST CARROLL PAR 18","5118","July","2019","LA"
"1939","EAST FELICIANA PAR 19","14158","July","2019","LA"
"1940","EVANGELINE PAR 20","21553","July","2019","LA"
"1941","FRANKLIN PAR 21","13626","July","2019","LA"
"1942","GRANT PAR 22","12714","July","2019","LA"
"1943","IBERIA PAR 23","46745","July","2019","LA"
"1944","IBERVILLE PAR 24","21236","July","2019","LA"
"1945","JACKSON PAR 25","9681","July","2019","LA"
"1946","JEFFERSON PAR 26","269113","July","2019","LA"
"1947","JEFFERSON DAVIS PAR 27","20701","July","2019","LA"
"1948","LAFAYETTE PAR 28","152700","July","2019","LA"
"1949","LAFOURCHE PAR 29","58525","July","2019","LA"
"1950","LASALLE PAR 30","8741","July","2019","LA"
"1951","LINCOLN PAR 31","26447","July","2019","LA"
"1952","LIVINGSTON PAR 32","81586","July","2019","LA"
"1953","MADISON PAR 33","7544","July","2019","LA"
"1954","MOREHOUSE PAR 34","18054","July","2019","LA"
"1955","NATCHITOCHES PAR 35","24359","July","2019","LA"
"1956","ORLEANS PAR 36","257430","July","2019","LA"
"1957","OUACHITA PAR 37","102144","July","2019","LA"
"1958","PLAQUEMINES PAR 38","14593","July","2019","LA"
"1959","POINTE COUPEE PAR 39","15772","July","2019","LA"
"1960","RAPIDES PAR 40","83438","July","2019","LA"
"1961","RED RIVER PAR 41","5912","July","2019","LA"
"1962","RICHLAND PAR 42","14038","July","2019","LA"
"1963","SABINE PAR 43","14568","July","2019","LA"
"1964","ST. BERNARD PAR 44","25718","July","2019","LA"
"1965","ST. CHARLES PAR 45","35116","July","2019","LA"
"1966","ST. HELENA PAR 46","8428","July","2019","LA"
"1967","ST. JAMES PAR 47","15475","July","2019","LA"
"1968","ST. JOHN THE BAPTIST PAR 48","29747","July","2019","LA"
"1969","ST. LANDRY PAR 49","59129","July","2019","LA"
"1970","ST. MARTIN PAR 50","36937","July","2019","LA"
"1971","ST. MARY PAR 51","32885","July","2019","LA"
"1972","ST. TAMMANY PAR 52","174284","July","2019","LA"
"1973","TANGIPAHOA PAR 53","79427","July","2019","LA"
"1974","TENSAS PAR 54","3526","July","2019","LA"
"1975","TERREBONNE PAR 55","63027","July","2019","LA"
"1976","UNION PAR 56","15563","July","2019","LA"
"1977","VERMILION PAR 57","37479","July","2019","LA"
"1978","VERNON PAR 58","24642","July","2019","LA"
"1979","WASHINGTON PAR 59","27628","July","2019","LA"
"1980","WEBSTER PAR 60","24345","July","2019","LA"
"1981","WEST BATON ROUGE PAR 61","16865","July","2019","LA"
"1982","WEST CARROLL PAR 62","7172","July","2019","LA"
"1983","WEST FELICIANA PAR 63","7729","July","2019","LA"
"1984","WINN PAR 64","8813","July","2019","LA"
"1985","ACADIA PAR 01","39259","August","2019","LA"
"1986","ALLEN PAR 02","13469","August","2019","LA"
"1987","ASCENSION PAR 03","77308","August","2019","LA"
"1988","ASSUMPTION PAR 04","14805","August","2019","LA"
"1989","AVOYELLES PAR 05","24186","August","2019","LA"
"1990","BEAUREGARD PAR 06","21961","August","2019","LA"
"1991","BIENVILLE PAR 07","8988","August","2019","LA"
"1992","BOSSIER PAR 08","71575","August","2019","LA"
"1993","CADDO PAR 09","158349","August","2019","LA"
"1994","CALCASIEU PAR 10","126518","August","2019","LA"
"1995","CALDWELL PAR 11","6381","August","2019","LA"
"1996","CAMERON PAR 12","5221","August","2019","LA"
"1997","CATAHOULA PAR 13","6785","August","2019","LA"
"1998","CLAIBORNE PAR 14","8938","August","2019","LA"
"1999","CONCORDIA PAR 15","12790","August","2019","LA"
"2000","DE SOTO PAR 16","19205","August","2019","LA"
"2001","EAST BATON ROUGE PAR 17","283426","August","2019","LA"
"2002","EAST CARROLL PAR 18","5108","August","2019","LA"
"2003","EAST FELICIANA PAR 19","14148","August","2019","LA"
"2004","EVANGELINE PAR 20","21553","August","2019","LA"
"2005","FRANKLIN PAR 21","13641","August","2019","LA"
"2006","GRANT PAR 22","12726","August","2019","LA"
"2007","IBERIA PAR 23","46710","August","2019","LA"
"2008","IBERVILLE PAR 24","21267","August","2019","LA"
"2009","JACKSON PAR 25","9675","August","2019","LA"
"2010","JEFFERSON PAR 26","268983","August","2019","LA"
"2011","JEFFERSON DAVIS PAR 27","20714","August","2019","LA"
"2012","LAFAYETTE PAR 28","152618","August","2019","LA"
"2013","LAFOURCHE PAR 29","58494","August","2019","LA"
"2014","LASALLE PAR 30","8747","August","2019","LA"
"2015","LINCOLN PAR 31","26449","August","2019","LA"
"2016","LIVINGSTON PAR 32","81339","August","2019","LA"
"2017","MADISON PAR 33","7538","August","2019","LA"
"2018","MOREHOUSE PAR 34","18050","August","2019","LA"
"2019","NATCHITOCHES PAR 35","24344","August","2019","LA"
"2020","ORLEANS PAR 36","257327","August","2019","LA"
"2021","OUACHITA PAR 37","102072","August","2019","LA"
"2022","PLAQUEMINES PAR 38","14594","August","2019","LA"
"2023","POINTE COUPEE PAR 39","15772","August","2019","LA"
"2024","RAPIDES PAR 40","83371","August","2019","LA"
"2025","RED RIVER PAR 41","5909","August","2019","LA"
"2026","RICHLAND PAR 42","14046","August","2019","LA"
"2027","SABINE PAR 43","14563","August","2019","LA"
"2028","ST. BERNARD PAR 44","25707","August","2019","LA"
"2029","ST. CHARLES PAR 45","35107","August","2019","LA"
"2030","ST. HELENA PAR 46","8418","August","2019","LA"
"2031","ST. JAMES PAR 47","15464","August","2019","LA"
"2032","ST. JOHN THE BAPTIST PAR 48","29720","August","2019","LA"
"2033","ST. LANDRY PAR 49","59109","August","2019","LA"
"2034","ST. MARTIN PAR 50","36931","August","2019","LA"
"2035","ST. MARY PAR 51","32870","August","2019","LA"
"2036","ST. TAMMANY PAR 52","174505","August","2019","LA"
"2037","TANGIPAHOA PAR 53","79476","August","2019","LA"
"2038","TENSAS PAR 54","3518","August","2019","LA"
"2039","TERREBONNE PAR 55","63059","August","2019","LA"
"2040","UNION PAR 56","15557","August","2019","LA"
"2041","VERMILION PAR 57","37496","August","2019","LA"
"2042","VERNON PAR 58","24626","August","2019","LA"
"2043","WASHINGTON PAR 59","27634","August","2019","LA"
"2044","WEBSTER PAR 60","24351","August","2019","LA"
"2045","WEST BATON ROUGE PAR 61","16859","August","2019","LA"
"2046","WEST CARROLL PAR 62","7175","August","2019","LA"
"2047","WEST FELICIANA PAR 63","7740","August","2019","LA"
"2048","WINN PAR 64","8803","August","2019","LA"
"2049","ACADIA PAR 01","39186","September","2019","LA"
"2050","ALLEN PAR 02","13481","September","2019","LA"
"2051","ASCENSION PAR 03","77385","September","2019","LA"
"2052","ASSUMPTION PAR 04","14832","September","2019","LA"
"2053","AVOYELLES PAR 05","24174","September","2019","LA"
"2054","BEAUREGARD PAR 06","21972","September","2019","LA"
"2055","BIENVILLE PAR 07","8994","September","2019","LA"
"2056","BOSSIER PAR 08","71358","September","2019","LA"
"2057","CADDO PAR 09","157665","September","2019","LA"
"2058","CALCASIEU PAR 10","126208","September","2019","LA"
"2059","CALDWELL PAR 11","6374","September","2019","LA"
"2060","CAMERON PAR 12","5242","September","2019","LA"
"2061","CATAHOULA PAR 13","6764","September","2019","LA"
"2062","CLAIBORNE PAR 14","8939","September","2019","LA"
"2063","CONCORDIA PAR 15","12828","September","2019","LA"
"2064","DE SOTO PAR 16","19188","September","2019","LA"
"2065","EAST BATON ROUGE PAR 17","283298","September","2019","LA"
"2066","EAST CARROLL PAR 18","5086","September","2019","LA"
"2067","EAST FELICIANA PAR 19","14098","September","2019","LA"
"2068","EVANGELINE PAR 20","21558","September","2019","LA"
"2069","FRANKLIN PAR 21","13633","September","2019","LA"
"2070","GRANT PAR 22","12732","September","2019","LA"
"2071","IBERIA PAR 23","46610","September","2019","LA"
"2072","IBERVILLE PAR 24","21337","September","2019","LA"
"2073","JACKSON PAR 25","9647","September","2019","LA"
"2074","JEFFERSON PAR 26","268234","September","2019","LA"
"2075","JEFFERSON DAVIS PAR 27","20669","September","2019","LA"
"2076","LAFAYETTE PAR 28","152330","September","2019","LA"
"2077","LAFOURCHE PAR 29","58408","September","2019","LA"
"2078","LASALLE PAR 30","8766","September","2019","LA"
"2079","LINCOLN PAR 31","26345","September","2019","LA"
"2080","LIVINGSTON PAR 32","81322","September","2019","LA"
"2081","MADISON PAR 33","7523","September","2019","LA"
"2082","MOREHOUSE PAR 34","18028","September","2019","LA"
"2083","NATCHITOCHES PAR 35","24291","September","2019","LA"
"2084","ORLEANS PAR 36","255904","September","2019","LA"
"2085","OUACHITA PAR 37","101743","September","2019","LA"
"2086","PLAQUEMINES PAR 38","14552","September","2019","LA"
"2087","POINTE COUPEE PAR 39","15772","September","2019","LA"
"2088","RAPIDES PAR 40","83248","September","2019","LA"
"2089","RED RIVER PAR 41","5911","September","2019","LA"
"2090","RICHLAND PAR 42","14042","September","2019","LA"
"2091","SABINE PAR 43","14607","September","2019","LA"
"2092","ST. BERNARD PAR 44","25670","September","2019","LA"
"2093","ST. CHARLES PAR 45","35087","September","2019","LA"
"2094","ST. HELENA PAR 46","8421","September","2019","LA"
"2095","ST. JAMES PAR 47","15458","September","2019","LA"
"2096","ST. JOHN THE BAPTIST PAR 48","29691","September","2019","LA"
"2097","ST. LANDRY PAR 49","59005","September","2019","LA"
"2098","ST. MARTIN PAR 50","36942","September","2019","LA"
"2099","ST. MARY PAR 51","32833","September","2019","LA"
"2100","ST. TAMMANY PAR 52","174345","September","2019","LA"
"2101","TANGIPAHOA PAR 53","79363","September","2019","LA"
"2102","TENSAS PAR 54","3530","September","2019","LA"
"2103","TERREBONNE PAR 55","62978","September","2019","LA"
"2104","UNION PAR 56","15509","September","2019","LA"
"2105","VERMILION PAR 57","37448","September","2019","LA"
"2106","VERNON PAR 58","24493","September","2019","LA"
"2107","WASHINGTON PAR 59","27603","September","2019","LA"
"2108","WEBSTER PAR 60","24335","September","2019","LA"
"2109","WEST BATON ROUGE PAR 61","16907","September","2019","LA"
"2110","WEST CARROLL PAR 62","7167","September","2019","LA"
"2111","WEST FELICIANA PAR 63","7765","September","2019","LA"
"2112","WINN PAR 64","8759","September","2019","LA"
"2113","ACADIA PAR 01","39283","October","2019","LA"
"2114","ALLEN PAR 02","13527","October","2019","LA"
"2115","ASCENSION PAR 03","77708","October","2019","LA"
"2116","ASSUMPTION PAR 04","14922","October","2019","LA"
"2117","AVOYELLES PAR 05","24294","October","2019","LA"
"2118","BEAUREGARD PAR 06","22179","October","2019","LA"
"2119","BIENVILLE PAR 07","9060","October","2019","LA"
"2120","BOSSIER PAR 08","71650","October","2019","LA"
"2121","CADDO PAR 09","157929","October","2019","LA"
"2122","CALCASIEU PAR 10","126571","October","2019","LA"
"2123","CALDWELL PAR 11","6433","October","2019","LA"
"2124","CAMERON PAR 12","5272","October","2019","LA"
"2125","CATAHOULA PAR 13","6783","October","2019","LA"
"2126","CLAIBORNE PAR 14","9011","October","2019","LA"
"2127","CONCORDIA PAR 15","12880","October","2019","LA"
"2128","DE SOTO PAR 16","19292","October","2019","LA"
"2129","EAST BATON ROUGE PAR 17","286532","October","2019","LA"
"2130","EAST CARROLL PAR 18","5089","October","2019","LA"
"2131","EAST FELICIANA PAR 19","14131","October","2019","LA"
"2132","EVANGELINE PAR 20","21673","October","2019","LA"
"2133","FRANKLIN PAR 21","13725","October","2019","LA"
"2134","GRANT PAR 22","12808","October","2019","LA"
"2135","IBERIA PAR 23","46770","October","2019","LA"
"2136","IBERVILLE PAR 24","21556","October","2019","LA"
"2137","JACKSON PAR 25","9710","October","2019","LA"
"2138","JEFFERSON PAR 26","269301","October","2019","LA"
"2139","JEFFERSON DAVIS PAR 27","20716","October","2019","LA"
"2140","LAFAYETTE PAR 28","152913","October","2019","LA"
"2141","LAFOURCHE PAR 29","58512","October","2019","LA"
"2142","LASALLE PAR 30","8845","October","2019","LA"
"2143","LINCOLN PAR 31","26476","October","2019","LA"
"2144","LIVINGSTON PAR 32","81818","October","2019","LA"
"2145","MADISON PAR 33","7563","October","2019","LA"
"2146","MOREHOUSE PAR 34","18106","October","2019","LA"
"2147","NATCHITOCHES PAR 35","24385","October","2019","LA"
"2148","ORLEANS PAR 36","257750","October","2019","LA"
"2149","OUACHITA PAR 37","101980","October","2019","LA"
"2150","PLAQUEMINES PAR 38","14606","October","2019","LA"
"2151","POINTE COUPEE PAR 39","15839","October","2019","LA"
"2152","RAPIDES PAR 40","83444","October","2019","LA"
"2153","RED RIVER PAR 41","5939","October","2019","LA"
"2154","RICHLAND PAR 42","14112","October","2019","LA"
"2155","SABINE PAR 43","14682","October","2019","LA"
"2156","ST. BERNARD PAR 44","25783","October","2019","LA"
"2157","ST. CHARLES PAR 45","35238","October","2019","LA"
"2158","ST. HELENA PAR 46","8490","October","2019","LA"
"2159","ST. JAMES PAR 47","15504","October","2019","LA"
"2160","ST. JOHN THE BAPTIST PAR 48","29838","October","2019","LA"
"2161","ST. LANDRY PAR 49","59171","October","2019","LA"
"2162","ST. MARTIN PAR 50","37079","October","2019","LA"
"2163","ST. MARY PAR 51","32870","October","2019","LA"
"2164","ST. TAMMANY PAR 52","175118","October","2019","LA"
"2165","TANGIPAHOA PAR 53","79634","October","2019","LA"
"2166","TENSAS PAR 54","3543","October","2019","LA"
"2167","TERREBONNE PAR 55","63182","October","2019","LA"
"2168","UNION PAR 56","15540","October","2019","LA"
"2169","VERMILION PAR 57","37548","October","2019","LA"
"2170","VERNON PAR 58","24580","October","2019","LA"
"2171","WASHINGTON PAR 59","27750","October","2019","LA"
"2172","WEBSTER PAR 60","24425","October","2019","LA"
"2173","WEST BATON ROUGE PAR 61","17002","October","2019","LA"
"2174","WEST CARROLL PAR 62","7200","October","2019","LA"
"2175","WEST FELICIANA PAR 63","7781","October","2019","LA"
"2176","WINN PAR 64","8826","October","2019","LA"
"2177","PAR 01 FIR F09","7523","November","2019","LA"
"2178","ALLEN PAR 02","13569","November","2019","LA"
"2179","ASCENSION PAR 03","78237","November","2019","LA"
"2180","ASSUMPTION PAR 04","14982","November","2019","LA"
"2181","AVOYELLES PAR 05","24392","November","2019","LA"
"2182","BEAUREGARD PAR 06","22405","November","2019","LA"
"2183","BIENVILLE PAR 07","9098","November","2019","LA"
"2184","BOSSIER PAR 08","71985","November","2019","LA"
"2185","CADDO PAR 09","158416","November","2019","LA"
"2186","CALCASIEU PAR 10","126845","November","2019","LA"
"2187","CALDWELL PAR 11","6449","November","2019","LA"
"2188","CAMERON PAR 12","5297","November","2019","LA"
"2189","CATAHOULA PAR 13","6788","November","2019","LA"
"2190","CLAIBORNE PAR 14","9053","November","2019","LA"
"2191","CONCORDIA PAR 15","12943","November","2019","LA"
"2192","DE SOTO PAR 16","19366","November","2019","LA"
"2193","EAST BATON ROUGE PAR 17","287874","November","2019","LA"
"2194","EAST CARROLL PAR 18","5118","November","2019","LA"
"2195","EAST FELICIANA PAR 19","14142","November","2019","LA"
"2196","EVANGELINE PAR 20","21735","November","2019","LA"
"2197","FRANKLIN PAR 21","13758","November","2019","LA"
"2198","GRANT PAR 22","12879","November","2019","LA"
"2199","IBERIA PAR 23","46878","November","2019","LA"
"2200","IBERVILLE PAR 24","21590","November","2019","LA"
"2201","JACKSON PAR 25","9755","November","2019","LA"
"2202","JEFFERSON PAR 26","270119","November","2019","LA"
"2203","JEFFERSON DAVIS PAR 27","20775","November","2019","LA"
"2204","LAFAYETTE PAR 28","153718","November","2019","LA"
"2205","LAFOURCHE PAR 29","58642","November","2019","LA"
"2206","LASALLE PAR 30","8962","November","2019","LA"
"2207","LINCOLN PAR 31","26577","November","2019","LA"
"2208","LIVINGSTON PAR 32","82329","November","2019","LA"
"2209","MADISON PAR 33","7584","November","2019","LA"
"2210","MOREHOUSE PAR 34","18142","November","2019","LA"
"2211","NATCHITOCHES PAR 35","24449","November","2019","LA"
"2212","ORLEANS PAR 36","259326","November","2019","LA"
"2213","OUACHITA PAR 37","102307","November","2019","LA"
"2214","PLAQUEMINES PAR 38","14669","November","2019","LA"
"2215","POINTE COUPEE PAR 39","15859","November","2019","LA"
"2216","RAPIDES PAR 40","83747","November","2019","LA"
"2217","RED RIVER PAR 41","5971","November","2019","LA"
"2218","RICHLAND PAR 42","14146","November","2019","LA"
"2219","SABINE PAR 43","14740","November","2019","LA"
"2220","ST. BERNARD PAR 44","25881","November","2019","LA"
"2221","ST. CHARLES PAR 45","35317","November","2019","LA"
"2222","ST. HELENA PAR 46","8537","November","2019","LA"
"2223","ST. JAMES PAR 47","15525","November","2019","LA"
"2224","ST. JOHN THE BAPTIST PAR 48","29915","November","2019","LA"
"2225","ST. LANDRY PAR 49","59312","November","2019","LA"
"2226","ST. MARTIN PAR 50","37173","November","2019","LA"
"2227","ST. MARY PAR 51","32884","November","2019","LA"
"2228","ST. TAMMANY PAR 52","176087","November","2019","LA"
"2229","TANGIPAHOA PAR 53","79942","November","2019","LA"
"2230","TENSAS PAR 54","3553","November","2019","LA"
"2231","TERREBONNE PAR 55","63413","November","2019","LA"
"2232","UNION PAR 56","15547","November","2019","LA"
"2233","VERMILION PAR 57","37591","November","2019","LA"
"2234","VERNON PAR 58","24688","November","2019","LA"
"2235","WASHINGTON PAR 59","27842","November","2019","LA"
"2236","WEBSTER PAR 60","24526","November","2019","LA"
"2237","WEST BATON ROUGE PAR 61","17112","November","2019","LA"
"2238","WEST CARROLL PAR 62","7234","November","2019","LA"
"2239","WEST FELICIANA PAR 63","7780","November","2019","LA"
"2240","WINN PAR 64","8840","November","2019","LA"
"2241","ACADIA PAR 01","39386","December","2019","LA"
"2242","ALLEN PAR 02","13580","December","2019","LA"
"2243","ASCENSION PAR 03","78487","December","2019","LA"
"2244","ASSUMPTION PAR 04","14975","December","2019","LA"
"2245","AVOYELLES PAR 05","24400","December","2019","LA"
"2246","BEAUREGARD PAR 06","22484","December","2019","LA"
"2247","BIENVILLE PAR 07","9117","December","2019","LA"
"2248","BOSSIER PAR 08","72334","December","2019","LA"
"2249","CADDO PAR 09","158745","December","2019","LA"
"2250","CALCASIEU PAR 10","127161","December","2019","LA"
"2251","CALDWELL PAR 11","6453","December","2019","LA"
"2252","CAMERON PAR 12","5305","December","2019","LA"
"2253","CATAHOULA PAR 13","6798","December","2019","LA"
"2254","CLAIBORNE PAR 14","9055","December","2019","LA"
"2255","CONCORDIA PAR 15","12937","December","2019","LA"
"2256","DE SOTO PAR 16","19402","December","2019","LA"
"2257","EAST BATON ROUGE PAR 17","288529","December","2019","LA"
"2258","EAST CARROLL PAR 18","5114","December","2019","LA"
"2259","EAST FELICIANA PAR 19","14149","December","2019","LA"
"2260","EVANGELINE PAR 20","21747","December","2019","LA"
"2261","FRANKLIN PAR 21","13775","December","2019","LA"
"2262","GRANT PAR 22","12892","December","2019","LA"
"2263","IBERIA PAR 23","46892","December","2019","LA"
"2264","IBERVILLE PAR 24","21552","December","2019","LA"
"2265","JACKSON PAR 25","9779","December","2019","LA"
"2266","JEFFERSON PAR 26","270485","December","2019","LA"
"2267","JEFFERSON DAVIS PAR 27","20834","December","2019","LA"
"2268","LAFAYETTE PAR 28","154051","December","2019","LA"
"2269","LAFOURCHE PAR 29","58710","December","2019","LA"
"2270","LASALLE PAR 30","8994","December","2019","LA"
"2271","LINCOLN PAR 31","26531","December","2019","LA"
"2272","LIVINGSTON PAR 32","82521","December","2019","LA"
"2273","MADISON PAR 33","7593","December","2019","LA"
"2274","MOREHOUSE PAR 34","18169","December","2019","LA"
"2275","NATCHITOCHES PAR 35","24493","December","2019","LA"
"2276","ORLEANS PAR 36","260333","December","2019","LA"
"2277","OUACHITA PAR 37","102708","December","2019","LA"
"2278","PLAQUEMINES PAR 38","14666","December","2019","LA"
"2279","POINTE COUPEE PAR 39","15891","December","2019","LA"
"2280","RAPIDES PAR 40","83967","December","2019","LA"
"2281","RED RIVER PAR 41","5973","December","2019","LA"
"2282","RICHLAND PAR 42","14179","December","2019","LA"
"2283","SABINE PAR 43","14732","December","2019","LA"
"2284","ST. BERNARD PAR 44","25895","December","2019","LA"
"2285","ST. CHARLES PAR 45","35404","December","2019","LA"
"2286","ST. HELENA PAR 46","8552","December","2019","LA"
"2287","ST. JAMES PAR 47","15542","December","2019","LA"
"2288","ST. JOHN THE BAPTIST PAR 48","29877","December","2019","LA"
"2289","ST. LANDRY PAR 49","59353","December","2019","LA"
"2290","ST. MARTIN PAR 50","37210","December","2019","LA"
"2291","ST. MARY PAR 51","32935","December","2019","LA"
"2292","ST. TAMMANY PAR 52","176578","December","2019","LA"
"2293","TANGIPAHOA PAR 53","80077","December","2019","LA"
"2294","TENSAS PAR 54","3551","December","2019","LA"
"2295","TERREBONNE PAR 55","63534","December","2019","LA"
"2296","UNION PAR 56","15520","December","2019","LA"
"2297","VERMILION PAR 57","37654","December","2019","LA"
"2298","VERNON PAR 58","24726","December","2019","LA"
"2299","WASHINGTON PAR 59","27882","December","2019","LA"
"2300","WEBSTER PAR 60","24560","December","2019","LA"
"2301","WEST BATON ROUGE PAR 61","17166","December","2019","LA"
"2302","WEST CARROLL PAR 62","7252","December","2019","LA"
"2303","WEST FELICIANA PAR 63","7804","December","2019","LA"
"2304","WINN PAR 64","8836","December","2019","LA"
"2305","ACADIA PAR 01","39367","January","2020","LA"
"2306","ALLEN PAR 02","13582","January","2020","LA"
"2307","ASCENSION PAR 03","78566","January","2020","LA"
"2308","ASSUMPTION PAR 04","14966","January","2020","LA"
"2309","AVOYELLES PAR 05","24382","January","2020","LA"
"2310","BEAUREGARD PAR 06","22473","January","2020","LA"
"2311","BIENVILLE PAR 07","9095","January","2020","LA"
"2312","BOSSIER PAR 08","72363","January","2020","LA"
"2313","CADDO PAR 09","158865","January","2020","LA"
"2314","CALCASIEU PAR 10","127146","January","2020","LA"
"2315","CALDWELL PAR 11","6443","January","2020","LA"
"2316","CAMERON PAR 12","5303","January","2020","LA"
"2317","CATAHOULA PAR 13","6793","January","2020","LA"
"2318","CLAIBORNE PAR 14","9044","January","2020","LA"
"2319","CONCORDIA PAR 15","12967","January","2020","LA"
"2320","DE SOTO PAR 16","19400","January","2020","LA"
"2321","EAST BATON ROUGE PAR 17","288724","January","2020","LA"
"2322","EAST CARROLL PAR 18","5116","January","2020","LA"
"2323","EAST FELICIANA PAR 19","14131","January","2020","LA"
"2324","EVANGELINE PAR 20","21772","January","2020","LA"
"2325","FRANKLIN PAR 21","13749","January","2020","LA"
"2326","GRANT PAR 22","12886","January","2020","LA"
"2327","IBERIA PAR 23","46879","January","2020","LA"
"2328","IBERVILLE PAR 24","21530","January","2020","LA"
"2329","JACKSON PAR 25","9753","January","2020","LA"
"2330","JEFFERSON PAR 26","270743","January","2020","LA"
"2331","JEFFERSON DAVIS PAR 27","20853","January","2020","LA"
"2332","LAFAYETTE PAR 28","154220","January","2020","LA"
"2333","LAFOURCHE PAR 29","58707","January","2020","LA"
"2334","LASALLE PAR 30","8969","January","2020","LA"
"2335","LINCOLN PAR 31","26659","January","2020","LA"
"2336","LIVINGSTON PAR 32","82570","January","2020","LA"
"2337","MADISON PAR 33","7594","January","2020","LA"
"2338","MOREHOUSE PAR 34","18171","January","2020","LA"
"2339","NATCHITOCHES PAR 35","24487","January","2020","LA"
"2340","ORLEANS PAR 36","260001","January","2020","LA"
"2341","OUACHITA PAR 37","102911","January","2020","LA"
"2342","PLAQUEMINES PAR 38","14654","January","2020","LA"
"2343","POINTE COUPEE PAR 39","15900","January","2020","LA"
"2344","RAPIDES PAR 40","83983","January","2020","LA"
"2345","RED RIVER PAR 41","5972","January","2020","LA"
"2346","RICHLAND PAR 42","14180","January","2020","LA"
"2347","SABINE PAR 43","14747","January","2020","LA"
"2348","ST. BERNARD PAR 44","25916","January","2020","LA"
"2349","ST. CHARLES PAR 45","35412","January","2020","LA"
"2350","ST. HELENA PAR 46","8556","January","2020","LA"
"2351","ST. JAMES PAR 47","15542","January","2020","LA"
"2352","ST. JOHN THE BAPTIST PAR 48","29953","January","2020","LA"
"2353","ST. LANDRY PAR 49","59385","January","2020","LA"
"2354","ST. MARTIN PAR 50","37216","January","2020","LA"
"2355","ST. MARY PAR 51","32927","January","2020","LA"
"2356","ST. TAMMANY PAR 52","176838","January","2020","LA"
"2357","TANGIPAHOA PAR 53","80089","January","2020","LA"
"2358","TENSAS PAR 54","3538","January","2020","LA"
"2359","TERREBONNE PAR 55","63502","January","2020","LA"
"2360","UNION PAR 56","15558","January","2020","LA"
"2361","VERMILION PAR 57","37611","January","2020","LA"
"2362","VERNON PAR 58","24752","January","2020","LA"
"2363","WASHINGTON PAR 59","27869","January","2020","LA"
"2364","WEBSTER PAR 60","24538","January","2020","LA"
"2365","WEST BATON ROUGE PAR 61","17169","January","2020","LA"
"2366","WEST CARROLL PAR 62","7246","January","2020","LA"
"2367","WEST FELICIANA PAR 63","7814","January","2020","LA"
"2368","WINN PAR 64","8822","January","2020","LA"
"2369","ACADIA PAR 01","39364","February","2020","LA"
"2370","ALLEN PAR 02","13589","February","2020","LA"
"2371","ASCENSION PAR 03","78625","February","2020","LA"
"2372","ASSUMPTION PAR 04","14959","February","2020","LA"
"2373","AVOYELLES PAR 05","24377","February","2020","LA"
"2374","BEAUREGARD PAR 06","22471","February","2020","LA"
"2375","BIENVILLE PAR 07","9090","February","2020","LA"
"2376","BOSSIER PAR 08","72408","February","2020","LA"
"2377","CADDO PAR 09","158897","February","2020","LA"
"2378","CALCASIEU PAR 10","127129","February","2020","LA"
"2379","CALDWELL PAR 11","6435","February","2020","LA"
"2380","CAMERON PAR 12","5301","February","2020","LA"
"2381","CATAHOULA PAR 13","6791","February","2020","LA"
"2382","CLAIBORNE PAR 14","9033","February","2020","LA"
"2383","CONCORDIA PAR 15","12900","February","2020","LA"
"2384","DE SOTO PAR 16","19404","February","2020","LA"
"2385","EAST BATON ROUGE PAR 17","288874","February","2020","LA"
"2386","EAST CARROLL PAR 18","5115","February","2020","LA"
"2387","EAST FELICIANA PAR 19","14123","February","2020","LA"
"2388","EVANGELINE PAR 20","21747","February","2020","LA"
"2389","FRANKLIN PAR 21","13746","February","2020","LA"
"2390","GRANT PAR 22","12880","February","2020","LA"
"2391","IBERIA PAR 23","46863","February","2020","LA"
"2392","IBERVILLE PAR 24","21515","February","2020","LA"
"2393","JACKSON PAR 25","9721","February","2020","LA"
"2394","JEFFERSON PAR 26","270827","February","2020","LA"
"2395","JEFFERSON DAVIS PAR 27","20835","February","2020","LA"
"2396","LAFAYETTE PAR 28","154339","February","2020","LA"
"2397","LAFOURCHE PAR 29","58739","February","2020","LA"
"2398","LASALLE PAR 30","8957","February","2020","LA"
"2399","LINCOLN PAR 31","26657","February","2020","LA"
"2400","LIVINGSTON PAR 32","82601","February","2020","LA"
"2401","MADISON PAR 33","7581","February","2020","LA"
"2402","MOREHOUSE PAR 34","18147","February","2020","LA"
"2403","NATCHITOCHES PAR 35","24467","February","2020","LA"
"2404","ORLEANS PAR 36","260243","February","2020","LA"
"2405","OUACHITA PAR 37","102923","February","2020","LA"
"2406","PLAQUEMINES PAR 38","14647","February","2020","LA"
"2407","POINTE COUPEE PAR 39","15893","February","2020","LA"
"2408","RAPIDES PAR 40","83995","February","2020","LA"
"2409","RED RIVER PAR 41","5960","February","2020","LA"
"2410","RICHLAND PAR 42","14180","February","2020","LA"
"2411","SABINE PAR 43","14733","February","2020","LA"
"2412","ST. BERNARD PAR 44","25927","February","2020","LA"
"2413","ST. CHARLES PAR 45","35438","February","2020","LA"
"2414","ST. HELENA PAR 46","8555","February","2020","LA"
"2415","ST. JAMES PAR 47","15541","February","2020","LA"
"2416","ST. JOHN THE BAPTIST PAR 48","29951","February","2020","LA"
"2417","ST. LANDRY PAR 49","59369","February","2020","LA"
"2418","ST. MARTIN PAR 50","37202","February","2020","LA"
"2419","ST. MARY PAR 51","32911","February","2020","LA"
"2420","ST. TAMMANY PAR 52","177021","February","2020","LA"
"2421","TANGIPAHOA PAR 53","80077","February","2020","LA"
"2422","TENSAS PAR 54","3531","February","2020","LA"
"2423","TERREBONNE PAR 55","63503","February","2020","LA"
"2424","UNION PAR 56","15542","February","2020","LA"
"2425","VERMILION PAR 57","37615","February","2020","LA"
"2426","VERNON PAR 58","24750","February","2020","LA"
"2427","WASHINGTON PAR 59","27888","February","2020","LA"
"2428","WEBSTER PAR 60","24510","February","2020","LA"
"2429","WEST BATON ROUGE PAR 61","17171","February","2020","LA"
"2430","WEST CARROLL PAR 62","7242","February","2020","LA"
"2431","WEST FELICIANA PAR 63","7809","February","2020","LA"
"2432","WINN PAR 64","8820","February","2020","LA"
"2433","ACADIA PAR 01","39378","March","2020","LA"
"2434","ALLEN PAR 02","13589","March","2020","LA"
"2435","ASCENSION PAR 03","78724","March","2020","LA"
"2436","ASSUMPTION PAR 04","14971","March","2020","LA"
"2437","AVOYELLES PAR 05","24320","March","2020","LA"
"2438","BEAUREGARD PAR 06","22496","March","2020","LA"
"2439","BIENVILLE PAR 07","9078","March","2020","LA"
"2440","BOSSIER PAR 08","72523","March","2020","LA"
"2441","CADDO PAR 09","158897","March","2020","LA"
"2442","CALCASIEU PAR 10","127261","March","2020","LA"
"2443","CALDWELL PAR 11","6425","March","2020","LA"
"2444","CAMERON PAR 12","5311","March","2020","LA"
"2445","CATAHOULA PAR 13","6768","March","2020","LA"
"2446","CLAIBORNE PAR 14","9037","March","2020","LA"
"2447","CONCORDIA PAR 15","12917","March","2020","LA"
"2448","DE SOTO PAR 16","19419","March","2020","LA"
"2449","EAST BATON ROUGE PAR 17","288999","March","2020","LA"
"2450","EAST CARROLL PAR 18","5101","March","2020","LA"
"2451","EAST FELICIANA PAR 19","14129","March","2020","LA"
"2452","EVANGELINE PAR 20","21748","March","2020","LA"
"2453","FRANKLIN PAR 21","13741","March","2020","LA"
"2454","GRANT PAR 22","12900","March","2020","LA"
"2455","IBERIA PAR 23","46909","March","2020","LA"
"2456","IBERVILLE PAR 24","21501","March","2020","LA"
"2457","JACKSON PAR 25","9715","March","2020","LA"
"2458","JEFFERSON PAR 26","271040","March","2020","LA"
"2459","JEFFERSON DAVIS PAR 27","20859","March","2020","LA"
"2460","LAFAYETTE PAR 28","154561","March","2020","LA"
"2461","LAFOURCHE PAR 29","58784","March","2020","LA"
"2462","LASALLE PAR 30","8957","March","2020","LA"
"2463","LINCOLN PAR 31","26679","March","2020","LA"
"2464","LIVINGSTON PAR 32","82722","March","2020","LA"
"2465","MADISON PAR 33","7572","March","2020","LA"
"2466","MOREHOUSE PAR 34","18145","March","2020","LA"
"2467","NATCHITOCHES PAR 35","24451","March","2020","LA"
"2468","ORLEANS PAR 36","260723","March","2020","LA"
"2469","OUACHITA PAR 37","103007","March","2020","LA"
"2470","PLAQUEMINES PAR 38","14653","March","2020","LA"
"2471","POINTE COUPEE PAR 39","15888","March","2020","LA"
"2472","RAPIDES PAR 40","84051","March","2020","LA"
"2473","RED RIVER PAR 41","5963","March","2020","LA"
"2474","RICHLAND PAR 42","14169","March","2020","LA"
"2475","SABINE PAR 43","14736","March","2020","LA"
"2476","ST. BERNARD PAR 44","25963","March","2020","LA"
"2477","ST. CHARLES PAR 45","35508","March","2020","LA"
"2478","ST. HELENA PAR 46","8553","March","2020","LA"
"2479","ST. JAMES PAR 47","15528","March","2020","LA"
"2480","ST. JOHN THE BAPTIST PAR 48","29947","March","2020","LA"
"2481","ST. LANDRY PAR 49","59374","March","2020","LA"
"2482","ST. MARTIN PAR 50","37221","March","2020","LA"
"2483","ST. MARY PAR 51","32911","March","2020","LA"
"2484","ST. TAMMANY PAR 52","177359","March","2020","LA"
"2485","TANGIPAHOA PAR 53","80111","March","2020","LA"
"2486","TENSAS PAR 54","3524","March","2020","LA"
"2487","TERREBONNE PAR 55","63494","March","2020","LA"
"2488","UNION PAR 56","15547","March","2020","LA"
"2489","VERMILION PAR 57","37640","March","2020","LA"
"2490","VERNON PAR 58","24781","March","2020","LA"
"2491","WASHINGTON PAR 59","27888","March","2020","LA"
"2492","WEBSTER PAR 60","24501","March","2020","LA"
"2493","WEST BATON ROUGE PAR 61","17166","March","2020","LA"
"2494","WEST CARROLL PAR 62","7237","March","2020","LA"
"2495","WEST FELICIANA PAR 63","7815","March","2020","LA"
"2496","WINN PAR 64","8813","March","2020","LA"
"2497","ACADIA PAR 01","39431","April","2020","LA"
"2498","ALLEN PAR 02","13609","April","2020","LA"
"2499","ASCENSION PAR 03","79052","April","2020","LA"
"2500","ASSUMPTION PAR 04","14981","April","2020","LA"
"2501","AVOYELLES PAR 05","24338","April","2020","LA"
"2502","BEAUREGARD PAR 06","22575","April","2020","LA"
"2503","BIENVILLE PAR 07","9082","April","2020","LA"
"2504","BOSSIER PAR 08","72892","April","2020","LA"
"2505","CADDO PAR 09","159283","April","2020","LA"
"2506","CALCASIEU PAR 10","127656","April","2020","LA"
"2507","CALDWELL PAR 11","6421","April","2020","LA"
"2508","CAMERON PAR 12","5323","April","2020","LA"
"2509","CATAHOULA PAR 13","6761","April","2020","LA"
"2510","CLAIBORNE PAR 14","9045","April","2020","LA"
"2511","CONCORDIA PAR 15","12962","April","2020","LA"
"2512","DE SOTO PAR 16","19474","April","2020","LA"
"2513","EAST BATON ROUGE PAR 17","289841","April","2020","LA"
"2514","EAST CARROLL PAR 18","5102","April","2020","LA"
"2515","EAST FELICIANA PAR 19","14135","April","2020","LA"
"2516","EVANGELINE PAR 20","21740","April","2020","LA"
"2517","FRANKLIN PAR 21","13738","April","2020","LA"
"2518","GRANT PAR 22","12936","April","2020","LA"
"2519","IBERIA PAR 23","46976","April","2020","LA"
"2520","IBERVILLE PAR 24","21520","April","2020","LA"
"2521","JACKSON PAR 25","9732","April","2020","LA"
"2522","JEFFERSON PAR 26","271877","April","2020","LA"
"2523","JEFFERSON DAVIS PAR 27","20898","April","2020","LA"
"2524","LAFAYETTE PAR 28","155131","April","2020","LA"
"2525","LAFOURCHE PAR 29","58953","April","2020","LA"
"2526","LASALLE PAR 30","8963","April","2020","LA"
"2527","LINCOLN PAR 31","26781","April","2020","LA"
"2528","LIVINGSTON PAR 32","83099","April","2020","LA"
"2529","MADISON PAR 33","7578","April","2020","LA"
"2530","MOREHOUSE PAR 34","18150","April","2020","LA"
"2531","NATCHITOCHES PAR 35","24529","April","2020","LA"
"2532","ORLEANS PAR 36","262170","April","2020","LA"
"2533","OUACHITA PAR 37","103415","April","2020","LA"
"2534","PLAQUEMINES PAR 38","14664","April","2020","LA"
"2535","POINTE COUPEE PAR 39","15880","April","2020","LA"
"2536","RAPIDES PAR 40","84217","April","2020","LA"
"2537","RED RIVER PAR 41","5956","April","2020","LA"
"2538","RICHLAND PAR 42","14151","April","2020","LA"
"2539","SABINE PAR 43","14735","April","2020","LA"
"2540","ST. BERNARD PAR 44","26013","April","2020","LA"
"2541","ST. CHARLES PAR 45","35550","April","2020","LA"
"2542","ST. HELENA PAR 46","8541","April","2020","LA"
"2543","ST. JAMES PAR 47","15543","April","2020","LA"
"2544","ST. JOHN THE BAPTIST PAR 48","29968","April","2020","LA"
"2545","ST. LANDRY PAR 49","59346","April","2020","LA"
"2546","ST. MARTIN PAR 50","37254","April","2020","LA"
"2547","ST. MARY PAR 51","32933","April","2020","LA"
"2548","ST. TAMMANY PAR 52","178050","April","2020","LA"
"2549","TANGIPAHOA PAR 53","80349","April","2020","LA"
"2550","TENSAS PAR 54","3521","April","2020","LA"
"2551","TERREBONNE PAR 55","63619","April","2020","LA"
"2552","UNION PAR 56","15583","April","2020","LA"
"2553","VERMILION PAR 57","37701","April","2020","LA"
"2554","VERNON PAR 58","24914","April","2020","LA"
"2555","WASHINGTON PAR 59","27917","April","2020","LA"
"2556","WEBSTER PAR 60","24525","April","2020","LA"
"2557","WEST BATON ROUGE PAR 61","17201","April","2020","LA"
"2558","WEST CARROLL PAR 62","7237","April","2020","LA"
"2559","WEST FELICIANA PAR 63","7813","April","2020","LA"
"2560","WINN PAR 64","8810","April","2020","LA"
"2561","ACADIA PAR 01","39412","May","2020","LA"
"2562","ALLEN PAR 02","13586","May","2020","LA"
"2563","ASCENSION PAR 03","79039","May","2020","LA"
"2564","ASSUMPTION PAR 04","14963","May","2020","LA"
"2565","AVOYELLES PAR 05","24314","May","2020","LA"
"2566","BEAUREGARD PAR 06","22567","May","2020","LA"
"2567","BIENVILLE PAR 07","9061","May","2020","LA"
"2568","BOSSIER PAR 08","72865","May","2020","LA"
"2569","CADDO PAR 09","159159","May","2020","LA"
"2570","CALCASIEU PAR 10","127638","May","2020","LA"
"2571","CALDWELL PAR 11","6412","May","2020","LA"
"2572","CAMERON PAR 12","5321","May","2020","LA"
"2573","CATAHOULA PAR 13","6754","May","2020","LA"
"2574","CLAIBORNE PAR 14","9027","May","2020","LA"
"2575","CONCORDIA PAR 15","12942","May","2020","LA"
"2576","DE SOTO PAR 16","19458","May","2020","LA"
"2577","EAST BATON ROUGE PAR 17","289770","May","2020","LA"
"2578","EAST CARROLL PAR 18","5093","May","2020","LA"
"2579","EAST FELICIANA PAR 19","14144","May","2020","LA"
"2580","EVANGELINE PAR 20","21716","May","2020","LA"
"2581","FRANKLIN PAR 21","13728","May","2020","LA"
"2582","GRANT PAR 22","12930","May","2020","LA"
"2583","IBERIA PAR 23","46951","May","2020","LA"
"2584","IBERVILLE PAR 24","21482","May","2020","LA"
"2585","JACKSON PAR 25","9720","May","2020","LA"
"2586","JEFFERSON PAR 26","271911","May","2020","LA"
"2587","JEFFERSON DAVIS PAR 27","20864","May","2020","LA"
"2588","LAFAYETTE PAR 28","155170","May","2020","LA"
"2589","LAFOURCHE PAR 29","58973","May","2020","LA"
"2590","LASALLE PAR 30","8946","May","2020","LA"
"2591","LINCOLN PAR 31","26753","May","2020","LA"
"2592","LIVINGSTON PAR 32","83098","May","2020","LA"
"2593","MADISON PAR 33","7574","May","2020","LA"
"2594","MOREHOUSE PAR 34","18120","May","2020","LA"
"2595","NATCHITOCHES PAR 35","24504","May","2020","LA"
"2596","ORLEANS PAR 36","262406","May","2020","LA"
"2597","OUACHITA PAR 37","103356","May","2020","LA"
"2598","PLAQUEMINES PAR 38","14639","May","2020","LA"
"2599","POINTE COUPEE PAR 39","15866","May","2020","LA"
"2600","RAPIDES PAR 40","84168","May","2020","LA"
"2601","RED RIVER PAR 41","5946","May","2020","LA"
"2602","RICHLAND PAR 42","14147","May","2020","LA"
"2603","SABINE PAR 43","14724","May","2020","LA"
"2604","ST. BERNARD PAR 44","25994","May","2020","LA"
"2605","ST. CHARLES PAR 45","35536","May","2020","LA"
"2606","ST. HELENA PAR 46","8536","May","2020","LA"
"2607","ST. JAMES PAR 47","15548","May","2020","LA"
"2608","ST. JOHN THE BAPTIST PAR 48","29943","May","2020","LA"
"2609","ST. LANDRY PAR 49","59291","May","2020","LA"
"2610","ST. MARTIN PAR 50","37228","May","2020","LA"
"2611","ST. MARY PAR 51","32905","May","2020","LA"
"2612","ST. TAMMANY PAR 52","178052","May","2020","LA"
"2613","TANGIPAHOA PAR 53","80317","May","2020","LA"
"2614","TENSAS PAR 54","3515","May","2020","LA"
"2615","TERREBONNE PAR 55","63587","May","2020","LA"
"2616","UNION PAR 56","15544","May","2020","LA"
"2617","VERMILION PAR 57","37679","May","2020","LA"
"2618","VERNON PAR 58","24923","May","2020","LA"
"2619","WASHINGTON PAR 59","27871","May","2020","LA"
"2620","WEBSTER PAR 60","24501","May","2020","LA"
"2621","WEST BATON ROUGE PAR 61","17175","May","2020","LA"
"2622","WEST CARROLL PAR 62","7233","May","2020","LA"
"2623","WEST FELICIANA PAR 63","7812","May","2020","LA"
"2624","WINN PAR 64","8799","May","2020","LA"
"2625","ACADIA PAR 01","39385","June","2020","LA"
"2626","ALLEN PAR 02","13579","June","2020","LA"
"2627","ASCENSION PAR 03","79032","June","2020","LA"
"2628","ASSUMPTION PAR 04","14942","June","2020","LA"
"2629","AVOYELLES PAR 05","24298","June","2020","LA"
"2630","BEAUREGARD PAR 06","22549","June","2020","LA"
"2631","BIENVILLE PAR 07","9050","June","2020","LA"
"2632","BOSSIER PAR 08","72861","June","2020","LA"
"2633","CADDO PAR 09","159053","June","2020","LA"
"2634","CALCASIEU PAR 10","127579","June","2020","LA"
"2635","CALDWELL PAR 11","6406","June","2020","LA"
"2636","CAMERON PAR 12","5332","June","2020","LA"
"2637","CATAHOULA PAR 13","6748","June","2020","LA"
"2638","CLAIBORNE PAR 14","9011","June","2020","LA"
"2639","CONCORDIA PAR 15","12935","June","2020","LA"
"2640","DE SOTO PAR 16","19436","June","2020","LA"
"2641","EAST BATON ROUGE PAR 17","289639","June","2020","LA"
"2642","EAST CARROLL PAR 18","5092","June","2020","LA"
"2643","EAST FELICIANA PAR 19","14126","June","2020","LA"
"2644","EVANGELINE PAR 20","21688","June","2020","LA"
"2645","FRANKLIN PAR 21","13723","June","2020","LA"
"2646","GRANT PAR 22","12911","June","2020","LA"
"2647","IBERIA PAR 23","46863","June","2020","LA"
"2648","IBERVILLE PAR 24","21433","June","2020","LA"
"2649","JACKSON PAR 25","9698","June","2020","LA"
"2650","JEFFERSON PAR 26","271791","June","2020","LA"
"2651","JEFFERSON DAVIS PAR 27","20846","June","2020","LA"
"2652","LAFAYETTE PAR 28","155104","June","2020","LA"
"2653","LAFOURCHE PAR 29","58855","June","2020","LA"
"2654","LASALLE PAR 30","8942","June","2020","LA"
"2655","LINCOLN PAR 31","26733","June","2020","LA"
"2656","LIVINGSTON PAR 32","83041","June","2020","LA"
"2657","MADISON PAR 33","7562","June","2020","LA"
"2658","MOREHOUSE PAR 34","18098","June","2020","LA"
"2659","NATCHITOCHES PAR 35","24491","June","2020","LA"
"2660","ORLEANS PAR 36","262133","June","2020","LA"
"2661","OUACHITA PAR 37","103314","June","2020","LA"
"2662","PLAQUEMINES PAR 38","14630","June","2020","LA"
"2663","POINTE COUPEE PAR 39","15818","June","2020","LA"
"2664","RAPIDES PAR 40","83574","June","2020","LA"
"2665","RED RIVER PAR 41","5936","June","2020","LA"
"2666","RICHLAND PAR 42","14144","June","2020","LA"
"2667","SABINE PAR 43","14709","June","2020","LA"
"2668","ST. BERNARD PAR 44","25977","June","2020","LA"
"2669","ST. CHARLES PAR 45","35502","June","2020","LA"
"2670","ST. HELENA PAR 46","8526","June","2020","LA"
"2671","ST. JAMES PAR 47","15527","June","2020","LA"
"2672","ST. JOHN THE BAPTIST PAR 48","29886","June","2020","LA"
"2673","ST. LANDRY PAR 49","59215","June","2020","LA"
"2674","ST. MARTIN PAR 50","37157","June","2020","LA"
"2675","ST. MARY PAR 51","32878","June","2020","LA"
"2676","ST. TAMMANY PAR 52","177963","June","2020","LA"
"2677","TANGIPAHOA PAR 53","80288","June","2020","LA"
"2678","TENSAS PAR 54","3510","June","2020","LA"
"2679","TERREBONNE PAR 55","63535","June","2020","LA"
"2680","UNION PAR 56","15505","June","2020","LA"
"2681","VERMILION PAR 57","37641","June","2020","LA"
"2682","VERNON PAR 58","24920","June","2020","LA"
"2683","WASHINGTON PAR 59","27848","June","2020","LA"
"2684","WEBSTER PAR 60","24456","June","2020","LA"
"2685","WEST BATON ROUGE PAR 61","17154","June","2020","LA"
"2686","WEST CARROLL PAR 62","7226","June","2020","LA"
"2687","WEST FELICIANA PAR 63","7803","June","2020","LA"
"2688","WINN PAR 64","8791","June","2020","LA"
"2689","ACADIA PAR 01","39410","July","2020","LA"
"2690","ALLEN PAR 02","13621","July","2020","LA"
"2691","ASCENSION PAR 03","79426","July","2020","LA"
"2692","ASSUMPTION PAR 04","14949","July","2020","LA"
"2693","AVOYELLES PAR 05","24296","July","2020","LA"
"2694","BEAUREGARD PAR 06","22568","July","2020","LA"
"2695","BIENVILLE PAR 07","9053","July","2020","LA"
"2696","BOSSIER PAR 08","73097","July","2020","LA"
"2697","CADDO PAR 09","159353","July","2020","LA"
"2698","CALCASIEU PAR 10","127930","July","2020","LA"
"2699","CALDWELL PAR 11","6406","July","2020","LA"
"2700","CAMERON PAR 12","5336","July","2020","LA"
"2701","CATAHOULA PAR 13","6743","July","2020","LA"
"2702","CLAIBORNE PAR 14","9011","July","2020","LA"
"2703","CONCORDIA PAR 15","12924","July","2020","LA"
"2704","DE SOTO PAR 16","19477","July","2020","LA"
"2705","EAST BATON ROUGE PAR 17","290320","July","2020","LA"
"2706","EAST CARROLL PAR 18","5092","July","2020","LA"
"2707","EAST FELICIANA PAR 19","14083","July","2020","LA"
"2708","EVANGELINE PAR 20","21714","July","2020","LA"
"2709","FRANKLIN PAR 21","13727","July","2020","LA"
"2710","GRANT PAR 22","12907","July","2020","LA"
"2711","IBERIA PAR 23","46881","July","2020","LA"
"2712","IBERVILLE PAR 24","21450","July","2020","LA"
"2713","JACKSON PAR 25","9718","July","2020","LA"
"2714","JEFFERSON PAR 26","272520","July","2020","LA"
"2715","JEFFERSON DAVIS PAR 27","20863","July","2020","LA"
"2716","LAFAYETTE PAR 28","155624","July","2020","LA"
"2717","LAFOURCHE PAR 29","58950","July","2020","LA"
"2718","LASALLE PAR 30","8925","July","2020","LA"
"2719","LINCOLN PAR 31","26797","July","2020","LA"
"2720","LIVINGSTON PAR 32","82784","July","2020","LA"
"2721","MADISON PAR 33","7564","July","2020","LA"
"2722","MOREHOUSE PAR 34","18093","July","2020","LA"
"2723","NATCHITOCHES PAR 35","24493","July","2020","LA"
"2724","ORLEANS PAR 36","262831","July","2020","LA"
"2725","OUACHITA PAR 37","103528","July","2020","LA"
"2726","PLAQUEMINES PAR 38","14719","July","2020","LA"
"2727","POINTE COUPEE PAR 39","15803","July","2020","LA"
"2728","RAPIDES PAR 40","83261","July","2020","LA"
"2729","RED RIVER PAR 41","5916","July","2020","LA"
"2730","RICHLAND PAR 42","14155","July","2020","LA"
"2731","SABINE PAR 43","14721","July","2020","LA"
"2732","ST. BERNARD PAR 44","26074","July","2020","LA"
"2733","ST. CHARLES PAR 45","35611","July","2020","LA"
"2734","ST. HELENA PAR 46","8532","July","2020","LA"
"2735","ST. JAMES PAR 47","15491","July","2020","LA"
"2736","ST. JOHN THE BAPTIST PAR 48","29914","July","2020","LA"
"2737","ST. LANDRY PAR 49","59127","July","2020","LA"
"2738","ST. MARTIN PAR 50","37165","July","2020","LA"
"2739","ST. MARY PAR 51","32878","July","2020","LA"
"2740","ST. TAMMANY PAR 52","178570","July","2020","LA"
"2741","TANGIPAHOA PAR 53","80437","July","2020","LA"
"2742","TENSAS PAR 54","3495","July","2020","LA"
"2743","TERREBONNE PAR 55","63616","July","2020","LA"
"2744","UNION PAR 56","15548","July","2020","LA"
"2745","VERMILION PAR 57","37589","July","2020","LA"
"2746","VERNON PAR 58","25003","July","2020","LA"
"2747","WASHINGTON PAR 59","27859","July","2020","LA"
"2748","WEBSTER PAR 60","24459","July","2020","LA"
"2749","WEST BATON ROUGE PAR 61","17208","July","2020","LA"
"2750","WEST CARROLL PAR 62","7206","July","2020","LA"
"2751","WEST FELICIANA PAR 63","7803","July","2020","LA"
"2752","WINN PAR 64","8798","July","2020","LA"
"2753","ACADIA PAR 01","39520","August","2020","LA"
"2754","ALLEN PAR 02","13676","August","2020","LA"
"2755","ASCENSION PAR 03","79901","August","2020","LA"
"2756","ASSUMPTION PAR 04","14989","August","2020","LA"
"2757","AVOYELLES PAR 05","24303","August","2020","LA"
"2758","BEAUREGARD PAR 06","22704","August","2020","LA"
"2759","BIENVILLE PAR 07","9056","August","2020","LA"
"2760","BOSSIER PAR 08","73423","August","2020","LA"
"2761","CADDO PAR 09","159706","August","2020","LA"
"2762","CALCASIEU PAR 10","128326","August","2020","LA"
"2763","CALDWELL PAR 11","6419","August","2020","LA"
"2764","CAMERON PAR 12","5354","August","2020","LA"
"2765","CATAHOULA PAR 13","6721","August","2020","LA"
"2766","CLAIBORNE PAR 14","9015","August","2020","LA"
"2767","CONCORDIA PAR 15","12986","August","2020","LA"
"2768","DE SOTO PAR 16","19552","August","2020","LA"
"2769","EAST BATON ROUGE PAR 17","291464","August","2020","LA"
"2770","EAST CARROLL PAR 18","5087","August","2020","LA"
"2771","EAST FELICIANA PAR 19","14098","August","2020","LA"
"2772","EVANGELINE PAR 20","21758","August","2020","LA"
"2773","FRANKLIN PAR 21","13760","August","2020","LA"
"2774","GRANT PAR 22","12967","August","2020","LA"
"2775","IBERIA PAR 23","46960","August","2020","LA"
"2776","IBERVILLE PAR 24","21476","August","2020","LA"
"2777","JACKSON PAR 25","9759","August","2020","LA"
"2778","JEFFERSON PAR 26","273381","August","2020","LA"
"2779","JEFFERSON DAVIS PAR 27","20912","August","2020","LA"
"2780","LAFAYETTE PAR 28","156300","August","2020","LA"
"2781","LAFOURCHE PAR 29","59182","August","2020","LA"
"2782","LASALLE PAR 30","8959","August","2020","LA"
"2783","LINCOLN PAR 31","26904","August","2020","LA"
"2784","LIVINGSTON PAR 32","83389","August","2020","LA"
"2785","MADISON PAR 33","7571","August","2020","LA"
"2786","MOREHOUSE PAR 34","18111","August","2020","LA"
"2787","NATCHITOCHES PAR 35","24725","August","2020","LA"
"2788","ORLEANS PAR 36","263793","August","2020","LA"
"2789","OUACHITA PAR 37","103911","August","2020","LA"
"2790","PLAQUEMINES PAR 38","14778","August","2020","LA"
"2791","POINTE COUPEE PAR 39","15808","August","2020","LA"
"2792","RAPIDES PAR 40","83435","August","2020","LA"
"2793","RED RIVER PAR 41","5911","August","2020","LA"
"2794","RICHLAND PAR 42","14174","August","2020","LA"
"2795","SABINE PAR 43","14735","August","2020","LA"
"2796","ST. BERNARD PAR 44","26147","August","2020","LA"
"2797","ST. CHARLES PAR 45","35699","August","2020","LA"
"2798","ST. HELENA PAR 46","8550","August","2020","LA"
"2799","ST. JAMES PAR 47","15495","August","2020","LA"
"2800","ST. JOHN THE BAPTIST PAR 48","29970","August","2020","LA"
"2801","ST. LANDRY PAR 49","59303","August","2020","LA"
"2802","ST. MARTIN PAR 50","37206","August","2020","LA"
"2803","ST. MARY PAR 51","32882","August","2020","LA"
"2804","ST. TAMMANY PAR 52","179654","August","2020","LA"
"2805","TANGIPAHOA PAR 53","80961","August","2020","LA"
"2806","TENSAS PAR 54","3492","August","2020","LA"
"2807","TERREBONNE PAR 55","63830","August","2020","LA"
"2808","UNION PAR 56","15599","August","2020","LA"
"2809","VERMILION PAR 57","37705","August","2020","LA"
"2810","VERNON PAR 58","25155","August","2020","LA"
"2811","WASHINGTON PAR 59","27930","August","2020","LA"
"2812","WEBSTER PAR 60","24511","August","2020","LA"
"2813","WEST BATON ROUGE PAR 61","17274","August","2020","LA"
"2814","WEST CARROLL PAR 62","7202","August","2020","LA"
"2815","WEST FELICIANA PAR 63","7849","August","2020","LA"
"2816","WINN PAR 64","8805","August","2020","LA"
"2817","ACADIA PAR 01","39670","September","2020","LA"
"2818","ALLEN PAR 02","13730","September","2020","LA"
"2819","ASCENSION PAR 03","80702","September","2020","LA"
"2820","ASSUMPTION PAR 04","15019","September","2020","LA"
"2821","AVOYELLES PAR 05","24407","September","2020","LA"
"2822","BEAUREGARD PAR 06","22721","September","2020","LA"
"2823","BIENVILLE PAR 07","9084","September","2020","LA"
"2824","BOSSIER PAR 08","74133","September","2020","LA"
"2825","CADDO PAR 09","160889","September","2020","LA"
"2826","CALCASIEU PAR 10","128693","September","2020","LA"
"2827","CALDWELL PAR 11","6417","September","2020","LA"
"2828","CAMERON PAR 12","5387","September","2020","LA"
"2829","CATAHOULA PAR 13","6731","September","2020","LA"
"2830","CLAIBORNE PAR 14","9066","September","2020","LA"
"2831","CONCORDIA PAR 15","13021","September","2020","LA"
"2832","DE SOTO PAR 16","19676","September","2020","LA"
"2833","EAST BATON ROUGE PAR 17","292349","September","2020","LA"
"2834","EAST CARROLL PAR 18","5077","September","2020","LA"
"2835","EAST FELICIANA PAR 19","14131","September","2020","LA"
"2836","EVANGELINE PAR 20","21804","September","2020","LA"
"2837","FRANKLIN PAR 21","13812","September","2020","LA"
"2838","GRANT PAR 22","13062","September","2020","LA"
"2839","IBERIA PAR 23","47131","September","2020","LA"
"2840","IBERVILLE PAR 24","21539","September","2020","LA"
"2841","JACKSON PAR 25","9764","September","2020","LA"
"2842","JEFFERSON PAR 26","274866","September","2020","LA"
"2843","JEFFERSON DAVIS PAR 27","21025","September","2020","LA"
"2844","LAFAYETTE PAR 28","157370","September","2020","LA"
"2845","LAFOURCHE PAR 29","59678","September","2020","LA"
"2846","LASALLE PAR 30","9001","September","2020","LA"
"2847","LINCOLN PAR 31","27092","September","2020","LA"
"2848","LIVINGSTON PAR 32","84328","September","2020","LA"
"2849","MADISON PAR 33","7575","September","2020","LA"
"2850","MOREHOUSE PAR 34","18182","September","2020","LA"
"2851","NATCHITOCHES PAR 35","24842","September","2020","LA"
"2852","ORLEANS PAR 36","263750","September","2020","LA"
"2853","OUACHITA PAR 37","104009","September","2020","LA"
"2854","PLAQUEMINES PAR 38","14899","September","2020","LA"
"2855","POINTE COUPEE PAR 39","15884","September","2020","LA"
"2856","RAPIDES PAR 40","83809","September","2020","LA"
"2857","RED RIVER PAR 41","5894","September","2020","LA"
"2858","RICHLAND PAR 42","14230","September","2020","LA"
"2859","SABINE PAR 43","14809","September","2020","LA"
"2860","ST. BERNARD PAR 44","26393","September","2020","LA"
"2861","ST. CHARLES PAR 45","35990","September","2020","LA"
"2862","ST. HELENA PAR 46","8571","September","2020","LA"
"2863","ST. JAMES PAR 47","15551","September","2020","LA"
"2864","ST. JOHN THE BAPTIST PAR 48","30111","September","2020","LA"
"2865","ST. LANDRY PAR 49","59569","September","2020","LA"
"2866","ST. MARTIN PAR 50","37348","September","2020","LA"
"2867","ST. MARY PAR 51","32977","September","2020","LA"
"2868","ST. TAMMANY PAR 52","181675","September","2020","LA"
"2869","TANGIPAHOA PAR 53","81599","September","2020","LA"
"2870","TENSAS PAR 54","3494","September","2020","LA"
"2871","TERREBONNE PAR 55","64192","September","2020","LA"
"2872","UNION PAR 56","15661","September","2020","LA"
"2873","VERMILION PAR 57","37896","September","2020","LA"
"2874","VERNON PAR 58","25424","September","2020","LA"
"2875","WASHINGTON PAR 59","28108","September","2020","LA"
"2876","WEBSTER PAR 60","24627","September","2020","LA"
"2877","WEST BATON ROUGE PAR 61","17398","September","2020","LA"
"2878","WEST CARROLL PAR 62","7227","September","2020","LA"
"2879","WEST FELICIANA PAR 63","7889","September","2020","LA"
"2880","WINN PAR 64","8836","September","2020","LA"
"2881","PAR 01 FIR F09","7596","October","2020","LA"
"2882","ALLEN PAR 02","13822","October","2020","LA"
"2883","ASCENSION PAR 03","81942","October","2020","LA"
"2884","ASSUMPTION PAR 04","15116","October","2020","LA"
"2885","AVOYELLES PAR 05","24572","October","2020","LA"
"2886","BEAUREGARD PAR 06","23087","October","2020","LA"
"2887","BIENVILLE PAR 07","9198","October","2020","LA"
"2888","BOSSIER PAR 08","75520","October","2020","LA"
"2889","CADDO PAR 09","162171","October","2020","LA"
"2890","CALCASIEU PAR 10","129679","October","2020","LA"
"2891","CALDWELL PAR 11","6476","October","2020","LA"
"2892","CAMERON PAR 12","5386","October","2020","LA"
"2893","CATAHOULA PAR 13","6720","October","2020","LA"
"2894","CLAIBORNE PAR 14","9118","October","2020","LA"
"2895","CONCORDIA PAR 15","13078","October","2020","LA"
"2896","DE SOTO PAR 16","19933","October","2020","LA"
"2897","EAST BATON ROUGE PAR 17","295633","October","2020","LA"
"2898","EAST CARROLL PAR 18","5087","October","2020","LA"
"2899","EAST FELICIANA PAR 19","14200","October","2020","LA"
"2900","EVANGELINE PAR 20","21926","October","2020","LA"
"2901","FRANKLIN PAR 21","13896","October","2020","LA"
"2902","GRANT PAR 22","13181","October","2020","LA"
"2903","IBERIA PAR 23","47459","October","2020","LA"
"2904","IBERVILLE PAR 24","21626","October","2020","LA"
"2905","JACKSON PAR 25","9863","October","2020","LA"
"2906","JEFFERSON PAR 26","277260","October","2020","LA"
"2907","JEFFERSON DAVIS PAR 27","21192","October","2020","LA"
"2908","LAFAYETTE PAR 28","159269","October","2020","LA"
"2909","LAFOURCHE PAR 29","60372","October","2020","LA"
"2910","LASALLE PAR 30","9059","October","2020","LA"
"2911","LINCOLN PAR 31","27483","October","2020","LA"
"2912","LIVINGSTON PAR 32","86002","October","2020","LA"
"2913","MADISON PAR 33","7589","October","2020","LA"
"2914","MOREHOUSE PAR 34","18281","October","2020","LA"
"2915","NATCHITOCHES PAR 35","25027","October","2020","LA"
"2916","ORLEANS PAR 36","269326","October","2020","LA"
"2917","OUACHITA PAR 37","105539","October","2020","LA"
"2918","PLAQUEMINES PAR 38","15049","October","2020","LA"
"2919","POINTE COUPEE PAR 39","15957","October","2020","LA"
"2920","RAPIDES PAR 40","84675","October","2020","LA"
"2921","RED RIVER PAR 41","5908","October","2020","LA"
"2922","RICHLAND PAR 42","14267","October","2020","LA"
"2923","SABINE PAR 43","14954","October","2020","LA"
"2924","ST. BERNARD PAR 44","26742","October","2020","LA"
"2925","ST. CHARLES PAR 45","36335","October","2020","LA"
"2926","ST. HELENA PAR 46","8603","October","2020","LA"
"2927","ST. JAMES PAR 47","15597","October","2020","LA"
"2928","ST. JOHN THE BAPTIST PAR 48","30395","October","2020","LA"
"2929","ST. LANDRY PAR 49","59995","October","2020","LA"
"2930","ST. MARTIN PAR 50","37569","October","2020","LA"
"2931","ST. MARY PAR 51","33233","October","2020","LA"
"2932","ST. TAMMANY PAR 52","184199","October","2020","LA"
"2933","TANGIPAHOA PAR 53","82354","October","2020","LA"
"2934","TENSAS PAR 54","3502","October","2020","LA"
"2935","TERREBONNE PAR 55","64972","October","2020","LA"
"2936","UNION PAR 56","15796","October","2020","LA"
"2937","VERMILION PAR 57","38261","October","2020","LA"
"2938","VERNON PAR 58","25845","October","2020","LA"
"2939","WASHINGTON PAR 59","28404","October","2020","LA"
"2940","WEBSTER PAR 60","24858","October","2020","LA"
"2941","WEST BATON ROUGE PAR 61","17663","October","2020","LA"
"2942","WEST CARROLL PAR 62","7294","October","2020","LA"
"2943","WEST FELICIANA PAR 63","7946","October","2020","LA"
"2944","WINN PAR 64","8869","October","2020","LA"
"2945","ACADIA PAR 01","40238","November","2020","LA"
"2946","ALLEN PAR 02","13939","November","2020","LA"
"2947","ASCENSION PAR 03","83011","November","2020","LA"
"2948","ASSUMPTION PAR 04","15200","November","2020","LA"
"2949","AVOYELLES PAR 05","24710","November","2020","LA"
"2950","BEAUREGARD PAR 06","23409","November","2020","LA"
"2951","BIENVILLE PAR 07","9274","November","2020","LA"
"2952","BOSSIER PAR 08","76798","November","2020","LA"
"2953","CADDO PAR 09","164296","November","2020","LA"
"2954","CALCASIEU PAR 10","130596","November","2020","LA"
"2955","CALDWELL PAR 11","6527","November","2020","LA"
"2956","CAMERON PAR 12","5392","November","2020","LA"
"2957","CATAHOULA PAR 13","6764","November","2020","LA"
"2958","CLAIBORNE PAR 14","9200","November","2020","LA"
"2959","CONCORDIA PAR 15","13152","November","2020","LA"
"2960","DE SOTO PAR 16","20162","November","2020","LA"
"2961","EAST BATON ROUGE PAR 17","299502","November","2020","LA"
"2962","EAST CARROLL PAR 18","5084","November","2020","LA"
"2963","EAST FELICIANA PAR 19","14305","November","2020","LA"
"2964","EVANGELINE PAR 20","22048","November","2020","LA"
"2965","FRANKLIN PAR 21","13958","November","2020","LA"
"2966","GRANT PAR 22","13268","November","2020","LA"
"2967","IBERIA PAR 23","47793","November","2020","LA"
"2968","IBERVILLE PAR 24","21772","November","2020","LA"
"2969","JACKSON PAR 25","9972","November","2020","LA"
"2970","JEFFERSON PAR 26","282403","November","2020","LA"
"2971","JEFFERSON DAVIS PAR 27","21313","November","2020","LA"
"2972","LAFAYETTE PAR 28","161493","November","2020","LA"
"2973","LAFOURCHE PAR 29","61054","November","2020","LA"
"2974","LASALLE PAR 30","9115","November","2020","LA"
"2975","LINCOLN PAR 31","27930","November","2020","LA"
"2976","LIVINGSTON PAR 32","87336","November","2020","LA"
"2977","MADISON PAR 33","7626","November","2020","LA"
"2978","MOREHOUSE PAR 34","18359","November","2020","LA"
"2979","NATCHITOCHES PAR 35","25199","November","2020","LA"
"2980","ORLEANS PAR 36","273747","November","2020","LA"
"2981","OUACHITA PAR 37","106628","November","2020","LA"
"2982","PLAQUEMINES PAR 38","15199","November","2020","LA"
"2983","POINTE COUPEE PAR 39","16040","November","2020","LA"
"2984","RAPIDES PAR 40","85529","November","2020","LA"
"2985","RED RIVER PAR 41","5936","November","2020","LA"
"2986","RICHLAND PAR 42","14370","November","2020","LA"
"2987","SABINE PAR 43","15100","November","2020","LA"
"2988","ST. BERNARD PAR 44","27071","November","2020","LA"
"2989","ST. CHARLES PAR 45","36764","November","2020","LA"
"2990","ST. HELENA PAR 46","8657","November","2020","LA"
"2991","ST. JAMES PAR 47","15731","November","2020","LA"
"2992","ST. JOHN THE BAPTIST PAR 48","30689","November","2020","LA"
"2993","ST. LANDRY PAR 49","60302","November","2020","LA"
"2994","ST. MARTIN PAR 50","37770","November","2020","LA"
"2995","ST. MARY PAR 51","33400","November","2020","LA"
"2996","ST. TAMMANY PAR 52","186790","November","2020","LA"
"2997","TANGIPAHOA PAR 53","83658","November","2020","LA"
"2998","TENSAS PAR 54","3535","November","2020","LA"
"2999","TERREBONNE PAR 55","65551","November","2020","LA"
"3000","UNION PAR 56","15947","November","2020","LA"
"3001","VERMILION PAR 57","38507","November","2020","LA"
"3002","VERNON PAR 58","26270","November","2020","LA"
"3003","WASHINGTON PAR 59","28704","November","2020","LA"
"3004","WEBSTER PAR 60","25139","November","2020","LA"
"3005","WEST BATON ROUGE PAR 61","17848","November","2020","LA"
"3006","WEST CARROLL PAR 62","7330","November","2020","LA"
"3007","WEST FELICIANA PAR 63","8008","November","2020","LA"
"3008","WINN PAR 64","8922","November","2020","LA"
"3009","PAR 01 FIR F09","7649","December","2020","LA"
"3010","ALLEN PAR 02","14044","December","2020","LA"
"3011","ASCENSION PAR 03","83530","December","2020","LA"
"3012","ASSUMPTION PAR 04","15227","December","2020","LA"
"3013","AVOYELLES PAR 05","24822","December","2020","LA"
"3014","BEAUREGARD PAR 06","23607","December","2020","LA"
"3015","BIENVILLE PAR 07","9309","December","2020","LA"
"3016","BOSSIER PAR 08","77534","December","2020","LA"
"3017","CADDO PAR 09","165015","December","2020","LA"
"3018","CALCASIEU PAR 10","131068","December","2020","LA"
"3019","CALDWELL PAR 11","6567","December","2020","LA"
"3020","CAMERON PAR 12","5409","December","2020","LA"
"3021","CATAHOULA PAR 13","6771","December","2020","LA"
"3022","CLAIBORNE PAR 14","9201","December","2020","LA"
"3023","CONCORDIA PAR 15","13148","December","2020","LA"
"3024","DE SOTO PAR 16","20281","December","2020","LA"
"3025","EAST BATON ROUGE PAR 17","300722","December","2020","LA"
"3026","EAST CARROLL PAR 18","5091","December","2020","LA"
"3027","EAST FELICIANA PAR 19","14346","December","2020","LA"
"3028","EVANGELINE PAR 20","22093","December","2020","LA"
"3029","FRANKLIN PAR 21","13955","December","2020","LA"
"3030","GRANT PAR 22","13331","December","2020","LA"
"3031","IBERIA PAR 23","47946","December","2020","LA"
"3032","IBERVILLE PAR 24","21795","December","2020","LA"
"3033","JACKSON PAR 25","10047","December","2020","LA"
"3034","JEFFERSON PAR 26","283799","December","2020","LA"
"3035","JEFFERSON DAVIS PAR 27","21441","December","2020","LA"
"3036","LAFAYETTE PAR 28","162415","December","2020","LA"
"3037","LAFOURCHE PAR 29","61469","December","2020","LA"
"3038","LASALLE PAR 30","9140","December","2020","LA"
"3039","LINCOLN PAR 31","28152","December","2020","LA"
"3040","LIVINGSTON PAR 32","88295","December","2020","LA"
"3041","MADISON PAR 33","7637","December","2020","LA"
"3042","MOREHOUSE PAR 34","18396","December","2020","LA"
"3043","NATCHITOCHES PAR 35","25224","December","2020","LA"
"3044","ORLEANS PAR 36","274918","December","2020","LA"
"3045","OUACHITA PAR 37","107152","December","2020","LA"
"3046","PLAQUEMINES PAR 38","15265","December","2020","LA"
"3047","POINTE COUPEE PAR 39","16069","December","2020","LA"
"3048","RAPIDES PAR 40","86077","December","2020","LA"
"3049","RED RIVER PAR 41","5941","December","2020","LA"
"3050","RICHLAND PAR 42","14383","December","2020","LA"
"3051","SABINE PAR 43","15120","December","2020","LA"
"3052","ST. BERNARD PAR 44","27185","December","2020","LA"
"3053","ST. CHARLES PAR 45","36950","December","2020","LA"
"3054","ST. HELENA PAR 46","8688","December","2020","LA"
"3055","ST. JAMES PAR 47","15751","December","2020","LA"
"3056","ST. JOHN THE BAPTIST PAR 48","30739","December","2020","LA"
"3057","ST. LANDRY PAR 49","60485","December","2020","LA"
"3058","ST. MARTIN PAR 50","37853","December","2020","LA"
"3059","ST. MARY PAR 51","33433","December","2020","LA"
"3060","ST. TAMMANY PAR 52","188029","December","2020","LA"
"3061","TANGIPAHOA PAR 53","84270","December","2020","LA"
"3062","TENSAS PAR 54","3537","December","2020","LA"
"3063","TERREBONNE PAR 55","65930","December","2020","LA"
"3064","UNION PAR 56","16001","December","2020","LA"
"3065","VERMILION PAR 57","38646","December","2020","LA"
"3066","VERNON PAR 58","26554","December","2020","LA"
"3067","WASHINGTON PAR 59","28812","December","2020","LA"
"3068","WEBSTER PAR 60","25226","December","2020","LA"
"3069","WEST BATON ROUGE PAR 61","17947","December","2020","LA"
"3070","WEST CARROLL PAR 62","7335","December","2020","LA"
"3071","WEST FELICIANA PAR 63","8000","December","2020","LA"
"3072","WINN PAR 64","8942","December","2020","LA"
"3073","ACADIA PAR 01","40294","January","2021","LA"
"3074","ALLEN PAR 02","14017","January","2021","LA"
"3075","ASCENSION PAR 03","83520","January","2021","LA"
"3076","ASSUMPTION PAR 04","15226","January","2021","LA"
"3077","AVOYELLES PAR 05","24824","January","2021","LA"
"3078","BEAUREGARD PAR 06","23580","January","2021","LA"
"3079","BIENVILLE PAR 07","9282","January","2021","LA"
"3080","BOSSIER PAR 08","77569","January","2021","LA"
"3081","CADDO PAR 09","164830","January","2021","LA"
"3082","CALCASIEU PAR 10","130909","January","2021","LA"
"3083","CALDWELL PAR 11","6550","January","2021","LA"
"3084","CAMERON PAR 12","5405","January","2021","LA"
"3085","CATAHOULA PAR 13","6757","January","2021","LA"
"3086","CLAIBORNE PAR 14","9185","January","2021","LA"
"3087","CONCORDIA PAR 15","13120","January","2021","LA"
"3088","DE SOTO PAR 16","20267","January","2021","LA"
"3089","EAST BATON ROUGE PAR 17","300677","January","2021","LA"
"3090","EAST CARROLL PAR 18","5088","January","2021","LA"
"3091","EAST FELICIANA PAR 19","14352","January","2021","LA"
"3092","EVANGELINE PAR 20","22052","January","2021","LA"
"3093","FRANKLIN PAR 21","13928","January","2021","LA"
"3094","GRANT PAR 22","13311","January","2021","LA"
"3095","IBERIA PAR 23","47918","January","2021","LA"
"3096","IBERVILLE PAR 24","21754","January","2021","LA"
"3097","JACKSON PAR 25","10026","January","2021","LA"
"3098","JEFFERSON PAR 26","283539","January","2021","LA"
"3099","JEFFERSON DAVIS PAR 27","21420","January","2021","LA"
"3100","LAFAYETTE PAR 28","162396","January","2021","LA"
"3101","LAFOURCHE PAR 29","61409","January","2021","LA"
"3102","LASALLE PAR 30","9117","January","2021","LA"
"3103","LINCOLN PAR 31","28095","January","2021","LA"
"3104","LIVINGSTON PAR 32","88307","January","2021","LA"
"3105","MADISON PAR 33","7626","January","2021","LA"
"3106","MOREHOUSE PAR 34","18380","January","2021","LA"
"3107","NATCHITOCHES PAR 35","25192","January","2021","LA"
"3108","ORLEANS PAR 36","274952","January","2021","LA"
"3109","OUACHITA PAR 37","107133","January","2021","LA"
"3110","PLAQUEMINES PAR 38","15159","January","2021","LA"
"3111","POINTE COUPEE PAR 39","16057","January","2021","LA"
"3112","RAPIDES PAR 40","85960","January","2021","LA"
"3113","RED RIVER PAR 41","5932","January","2021","LA"
"3114","RICHLAND PAR 42","14376","January","2021","LA"
"3115","SABINE PAR 43","15135","January","2021","LA"
"3116","ST. BERNARD PAR 44","27198","January","2021","LA"
"3117","ST. CHARLES PAR 45","36942","January","2021","LA"
"3118","ST. HELENA PAR 46","8689","January","2021","LA"
"3119","ST. JAMES PAR 47","15741","January","2021","LA"
"3120","ST. JOHN THE BAPTIST PAR 48","30705","January","2021","LA"
"3121","ST. LANDRY PAR 49","60421","January","2021","LA"
"3122","ST. MARTIN PAR 50","37842","January","2021","LA"
"3123","ST. MARY PAR 51","33386","January","2021","LA"
"3124","ST. TAMMANY PAR 52","188082","January","2021","LA"
"3125","TANGIPAHOA PAR 53","84222","January","2021","LA"
"3126","TENSAS PAR 54","3535","January","2021","LA"
"3127","TERREBONNE PAR 55","65883","January","2021","LA"
"3128","UNION PAR 56","15961","January","2021","LA"
"3129","VERMILION PAR 57","38611","January","2021","LA"
"3130","VERNON PAR 58","26518","January","2021","LA"
"3131","WASHINGTON PAR 59","28810","January","2021","LA"
"3132","WEBSTER PAR 60","25183","January","2021","LA"
"3133","WEST BATON ROUGE PAR 61","17936","January","2021","LA"
"3134","WEST CARROLL PAR 62","7323","January","2021","LA"
"3135","WEST FELICIANA PAR 63","8003","January","2021","LA"
"3136","WINN PAR 64","8925","January","2021","LA"
"3137","ACADIA PAR 01","40229","February","2021","LA"
"3138","ALLEN PAR 02","13991","February","2021","LA"
"3139","ASCENSION PAR 03","83544","February","2021","LA"
"3140","ASSUMPTION PAR 04","15207","February","2021","LA"
"3141","AVOYELLES PAR 05","24770","February","2021","LA"
"3142","BEAUREGARD PAR 06","23558","February","2021","LA"
"3143","BIENVILLE PAR 07","9263","February","2021","LA"
"3144","BOSSIER PAR 08","77505","February","2021","LA"
"3145","CADDO PAR 09","164621","February","2021","LA"
"3146","CALCASIEU PAR 10","130711","February","2021","LA"
"3147","CALDWELL PAR 11","6539","February","2021","LA"
"3148","CAMERON PAR 12","5398","February","2021","LA"
"3149","CATAHOULA PAR 13","6744","February","2021","LA"
"3150","CLAIBORNE PAR 14","9173","February","2021","LA"
"3151","CONCORDIA PAR 15","13087","February","2021","LA"
"3152","DE SOTO PAR 16","20245","February","2021","LA"
"3153","EAST BATON ROUGE PAR 17","300341","February","2021","LA"
"3154","EAST CARROLL PAR 18","5077","February","2021","LA"
"3155","EAST FELICIANA PAR 19","14353","February","2021","LA"
"3156","EVANGELINE PAR 20","22013","February","2021","LA"
"3157","FRANKLIN PAR 21","13907","February","2021","LA"
"3158","GRANT PAR 22","13289","February","2021","LA"
"3159","IBERIA PAR 23","47906","February","2021","LA"
"3160","IBERVILLE PAR 24","21715","February","2021","LA"
"3161","JACKSON PAR 25","10016","February","2021","LA"
"3162","JEFFERSON PAR 26","283038","February","2021","LA"
"3163","JEFFERSON DAVIS PAR 27","21389","February","2021","LA"
"3164","LAFAYETTE PAR 28","162318","February","2021","LA"
"3165","LAFOURCHE PAR 29","61352","February","2021","LA"
"3166","LASALLE PAR 30","9106","February","2021","LA"
"3167","LINCOLN PAR 31","28101","February","2021","LA"
"3168","LIVINGSTON PAR 32","88218","February","2021","LA"
"3169","MADISON PAR 33","7610","February","2021","LA"
"3170","MOREHOUSE PAR 34","18329","February","2021","LA"
"3171","NATCHITOCHES PAR 35","25155","February","2021","LA"
"3172","ORLEANS PAR 36","273765","February","2021","LA"
"3173","OUACHITA PAR 37","107002","February","2021","LA"
"3174","PLAQUEMINES PAR 38","14581","February","2021","LA"
"3175","POINTE COUPEE PAR 39","16042","February","2021","LA"
"3176","RAPIDES PAR 40","85861","February","2021","LA"
"3177","RED RIVER PAR 41","5921","February","2021","LA"
"3178","RICHLAND PAR 42","14356","February","2021","LA"
"3179","SABINE PAR 43","15104","February","2021","LA"
"3180","ST. BERNARD PAR 44","27185","February","2021","LA"
"3181","ST. CHARLES PAR 45","36926","February","2021","LA"
"3182","ST. HELENA PAR 46","8673","February","2021","LA"
"3183","ST. JAMES PAR 47","15734","February","2021","LA"
"3184","ST. JOHN THE BAPTIST PAR 48","30681","February","2021","LA"
"3185","ST. LANDRY PAR 49","60241","February","2021","LA"
"3186","ST. MARTIN PAR 50","37795","February","2021","LA"
"3187","ST. MARY PAR 51","33330","February","2021","LA"
"3188","ST. TAMMANY PAR 52","188095","February","2021","LA"
"3189","TANGIPAHOA PAR 53","84137","February","2021","LA"
"3190","TENSAS PAR 54","3527","February","2021","LA"
"3191","TERREBONNE PAR 55","65751","February","2021","LA"
"3192","UNION PAR 56","15939","February","2021","LA"
"3193","VERMILION PAR 57","38560","February","2021","LA"
"3194","VERNON PAR 58","26470","February","2021","LA"
"3195","WASHINGTON PAR 59","28777","February","2021","LA"
"3196","WEBSTER PAR 60","25121","February","2021","LA"
"3197","WEST BATON ROUGE PAR 61","17929","February","2021","LA"
"3198","WEST CARROLL PAR 62","7308","February","2021","LA"
"3199","WEST FELICIANA PAR 63","7992","February","2021","LA"
"3200","WINN PAR 64","8914","February","2021","LA"
"3201","ACADIA PAR 01","40180","March","2021","LA"
"3202","ALLEN PAR 02","13972","March","2021","LA"
"3203","ASCENSION PAR 03","83553","March","2021","LA"
"3204","ASSUMPTION PAR 04","15175","March","2021","LA"
"3205","AVOYELLES PAR 05","24724","March","2021","LA"
"3206","BEAUREGARD PAR 06","23544","March","2021","LA"
"3207","BIENVILLE PAR 07","9241","March","2021","LA"
"3208","BOSSIER PAR 08","77474","March","2021","LA"
"3209","CADDO PAR 09","164386","March","2021","LA"
"3210","CALCASIEU PAR 10","130637","March","2021","LA"
"3211","CALDWELL PAR 11","6517","March","2021","LA"
"3212","CAMERON PAR 12","5392","March","2021","LA"
"3213","CATAHOULA PAR 13","6729","March","2021","LA"
"3214","CLAIBORNE PAR 14","9168","March","2021","LA"
"3215","CONCORDIA PAR 15","13058","March","2021","LA"
"3216","DE SOTO PAR 16","20233","March","2021","LA"
"3217","EAST BATON ROUGE PAR 17","300037","March","2021","LA"
"3218","EAST CARROLL PAR 18","5061","March","2021","LA"
"3219","EAST FELICIANA PAR 19","14330","March","2021","LA"
"3220","EVANGELINE PAR 20","21967","March","2021","LA"
"3221","FRANKLIN PAR 21","13895","March","2021","LA"
"3222","GRANT PAR 22","13286","March","2021","LA"
"3223","IBERIA PAR 23","47856","March","2021","LA"
"3224","IBERVILLE PAR 24","21680","March","2021","LA"
"3225","JACKSON PAR 25","9997","March","2021","LA"
"3226","JEFFERSON PAR 26","282670","March","2021","LA"
"3227","JEFFERSON DAVIS PAR 27","21368","March","2021","LA"
"3228","LAFAYETTE PAR 28","162284","March","2021","LA"
"3229","LAFOURCHE PAR 29","61310","March","2021","LA"
"3230","LASALLE PAR 30","9093","March","2021","LA"
"3231","LINCOLN PAR 31","28084","March","2021","LA"
"3232","LIVINGSTON PAR 32","88175","March","2021","LA"
"3233","MADISON PAR 33","7610","March","2021","LA"
"3234","MOREHOUSE PAR 34","18300","March","2021","LA"
"3235","NATCHITOCHES PAR 35","25118","March","2021","LA"
"3236","ORLEANS PAR 36","273517","March","2021","LA"
"3237","OUACHITA PAR 37","106767","March","2021","LA"
"3238","PLAQUEMINES PAR 38","14474","March","2021","LA"
"3239","POINTE COUPEE PAR 39","16027","March","2021","LA"
"3240","RAPIDES PAR 40","85734","March","2021","LA"
"3241","RED RIVER PAR 41","5909","March","2021","LA"
"3242","RICHLAND PAR 42","14343","March","2021","LA"
"3243","SABINE PAR 43","15092","March","2021","LA"
"3244","ST. BERNARD PAR 44","27164","March","2021","LA"
"3245","ST. CHARLES PAR 45","36942","March","2021","LA"
"3246","ST. HELENA PAR 46","8665","March","2021","LA"
"3247","ST. JAMES PAR 47","15719","March","2021","LA"
"3248","ST. JOHN THE BAPTIST PAR 48","30647","March","2021","LA"
"3249","ST. LANDRY PAR 49","60152","March","2021","LA"
"3250","ST. MARTIN PAR 50","37751","March","2021","LA"
"3251","ST. MARY PAR 51","33288","March","2021","LA"
"3252","ST. TAMMANY PAR 52","188034","March","2021","LA"
"3253","TANGIPAHOA PAR 53","83659","March","2021","LA"
"3254","TENSAS PAR 54","3524","March","2021","LA"
"3255","TERREBONNE PAR 55","65712","March","2021","LA"
"3256","UNION PAR 56","15934","March","2021","LA"
"3257","VERMILION PAR 57","38524","March","2021","LA"
"3258","VERNON PAR 58","26443","March","2021","LA"
"3259","WASHINGTON PAR 59","28727","March","2021","LA"
"3260","WEBSTER PAR 60","25078","March","2021","LA"
"3261","WEST BATON ROUGE PAR 61","17917","March","2021","LA"
"3262","WEST CARROLL PAR 62","7305","March","2021","LA"
"3263","WEST FELICIANA PAR 63","7988","March","2021","LA"
"3264","WINN PAR 64","8899","March","2021","LA"
"3265","ACADIA PAR 01","40141","April","2021","LA"
"3266","ALLEN PAR 02","13952","April","2021","LA"
"3267","ASCENSION PAR 03","83590","April","2021","LA"
"3268","ASSUMPTION PAR 04","15157","April","2021","LA"
"3269","AVOYELLES PAR 05","24696","April","2021","LA"
"3270","BEAUREGARD PAR 06","23514","April","2021","LA"
"3271","BIENVILLE PAR 07","9234","April","2021","LA"
"3272","BOSSIER PAR 08","77443","April","2021","LA"
"3273","CADDO PAR 09","164191","April","2021","LA"
"3274","CALCASIEU PAR 10","130434","April","2021","LA"
"3275","CALDWELL PAR 11","6507","April","2021","LA"
"3276","CAMERON PAR 12","5395","April","2021","LA"
"3277","CATAHOULA PAR 13","6713","April","2021","LA"
"3278","CLAIBORNE PAR 14","9179","April","2021","LA"
"3279","CONCORDIA PAR 15","13036","April","2021","LA"
"3280","DE SOTO PAR 16","20208","April","2021","LA"
"3281","EAST BATON ROUGE PAR 17","299783","April","2021","LA"
"3282","EAST CARROLL PAR 18","5045","April","2021","LA"
"3283","EAST FELICIANA PAR 19","14330","April","2021","LA"
"3284","EVANGELINE PAR 20","21939","April","2021","LA"
"3285","FRANKLIN PAR 21","13895","April","2021","LA"
"3286","GRANT PAR 22","13273","April","2021","LA"
"3287","IBERIA PAR 23","47829","April","2021","LA"
"3288","IBERVILLE PAR 24","21634","April","2021","LA"
"3289","JACKSON PAR 25","9984","April","2021","LA"
"3290","JEFFERSON PAR 26","282386","April","2021","LA"
"3291","JEFFERSON DAVIS PAR 27","21349","April","2021","LA"
"3292","LAFAYETTE PAR 28","162164","April","2021","LA"
"3293","LAFOURCHE PAR 29","61265","April","2021","LA"
"3294","LASALLE PAR 30","9089","April","2021","LA"
"3295","LINCOLN PAR 31","28087","April","2021","LA"
"3296","LIVINGSTON PAR 32","88158","April","2021","LA"
"3297","MADISON PAR 33","7602","April","2021","LA"
"3298","MOREHOUSE PAR 34","18275","April","2021","LA"
"3299","NATCHITOCHES PAR 35","25099","April","2021","LA"
"3300","ORLEANS PAR 36","273640","April","2021","LA"
"3301","OUACHITA PAR 37","106684","April","2021","LA"
"3302","PLAQUEMINES PAR 38","14481","April","2021","LA"
"3303","POINTE COUPEE PAR 39","16005","April","2021","LA"
"3304","RAPIDES PAR 40","85621","April","2021","LA"
"3305","RED RIVER PAR 41","5902","April","2021","LA"
"3306","RICHLAND PAR 42","14322","April","2021","LA"
"3307","SABINE PAR 43","15077","April","2021","LA"
"3308","ST. BERNARD PAR 44","27141","April","2021","LA"
"3309","ST. CHARLES PAR 45","36950","April","2021","LA"
"3310","ST. HELENA PAR 46","8653","April","2021","LA"
"3311","ST. JAMES PAR 47","15708","April","2021","LA"
"3312","ST. JOHN THE BAPTIST PAR 48","30612","April","2021","LA"
"3313","ST. LANDRY PAR 49","60083","April","2021","LA"
"3314","ST. MARTIN PAR 50","37728","April","2021","LA"
"3315","ST. MARY PAR 51","33236","April","2021","LA"
"3316","ST. TAMMANY PAR 52","188115","April","2021","LA"
"3317","TANGIPAHOA PAR 53","83057","April","2021","LA"
"3318","TENSAS PAR 54","3514","April","2021","LA"
"3319","TERREBONNE PAR 55","65639","April","2021","LA"
"3320","UNION PAR 56","15941","April","2021","LA"
"3321","VERMILION PAR 57","38496","April","2021","LA"
"3322","VERNON PAR 58","26399","April","2021","LA"
"3323","WASHINGTON PAR 59","28710","April","2021","LA"
"3324","WEBSTER PAR 60","25041","April","2021","LA"
"3325","WEST BATON ROUGE PAR 61","17902","April","2021","LA"
"3326","WEST CARROLL PAR 62","7299","April","2021","LA"
"3327","WEST FELICIANA PAR 63","7988","April","2021","LA"
"3328","WINN PAR 64","8885","April","2021","LA"
"3329","ACADIA PAR 01","40102","May","2021","LA"
"3330","ALLEN PAR 02","13942","May","2021","LA"
"3331","ASCENSION PAR 03","83630","May","2021","LA"
"3332","ASSUMPTION PAR 04","15139","May","2021","LA"
"3333","AVOYELLES PAR 05","24689","May","2021","LA"
"3334","BEAUREGARD PAR 06","23481","May","2021","LA"
"3335","BIENVILLE PAR 07","9219","May","2021","LA"
"3336","BOSSIER PAR 08","77413","May","2021","LA"
"3337","CADDO PAR 09","164009","May","2021","LA"
"3338","CALCASIEU PAR 10","130323","May","2021","LA"
"3339","CALDWELL PAR 11","6498","May","2021","LA"
"3340","CAMERON PAR 12","5386","May","2021","LA"
"3341","CATAHOULA PAR 13","6711","May","2021","LA"
"3342","CLAIBORNE PAR 14","9170","May","2021","LA"
"3343","CONCORDIA PAR 15","13009","May","2021","LA"
"3344","DE SOTO PAR 16","20200","May","2021","LA"
"3345","EAST BATON ROUGE PAR 17","299549","May","2021","LA"
"3346","EAST CARROLL PAR 18","5045","May","2021","LA"
"3347","EAST FELICIANA PAR 19","14320","May","2021","LA"
"3348","EVANGELINE PAR 20","21896","May","2021","LA"
"3349","FRANKLIN PAR 21","13870","May","2021","LA"
"3350","GRANT PAR 22","13255","May","2021","LA"
"3351","IBERIA PAR 23","47759","May","2021","LA"
"3352","IBERVILLE PAR 24","21590","May","2021","LA"
"3353","JACKSON PAR 25","9970","May","2021","LA"
"3354","JEFFERSON PAR 26","282228","May","2021","LA"
"3355","JEFFERSON DAVIS PAR 27","21316","May","2021","LA"
"3356","LAFAYETTE PAR 28","162111","May","2021","LA"
"3357","LAFOURCHE PAR 29","61231","May","2021","LA"
"3358","LASALLE PAR 30","9087","May","2021","LA"
"3359","LINCOLN PAR 31","28082","May","2021","LA"
"3360","LIVINGSTON PAR 32","88205","May","2021","LA"
"3361","MADISON PAR 33","7595","May","2021","LA"
"3362","MOREHOUSE PAR 34","18265","May","2021","LA"
"3363","NATCHITOCHES PAR 35","25059","May","2021","LA"
"3364","ORLEANS PAR 36","273779","May","2021","LA"
"3365","OUACHITA PAR 37","106615","May","2021","LA"
"3366","PLAQUEMINES PAR 38","14495","May","2021","LA"
"3367","POINTE COUPEE PAR 39","15985","May","2021","LA"
"3368","RAPIDES PAR 40","85502","May","2021","LA"
"3369","RED RIVER PAR 41","5894","May","2021","LA"
"3370","RICHLAND PAR 42","14324","May","2021","LA"
"3371","SABINE PAR 43","15082","May","2021","LA"
"3372","ST. BERNARD PAR 44","27122","May","2021","LA"
"3373","ST. CHARLES PAR 45","36958","May","2021","LA"
"3374","ST. HELENA PAR 46","8628","May","2021","LA"
"3375","ST. JAMES PAR 47","15702","May","2021","LA"
"3376","ST. JOHN THE BAPTIST PAR 48","30569","May","2021","LA"
"3377","ST. LANDRY PAR 49","60024","May","2021","LA"
"3378","ST. MARTIN PAR 50","37696","May","2021","LA"
"3379","ST. MARY PAR 51","33210","May","2021","LA"
"3380","ST. TAMMANY PAR 52","188238","May","2021","LA"
"3381","TANGIPAHOA PAR 53","82721","May","2021","LA"
"3382","TENSAS PAR 54","3503","May","2021","LA"
"3383","TERREBONNE PAR 55","65595","May","2021","LA"
"3384","UNION PAR 56","15946","May","2021","LA"
"3385","VERMILION PAR 57","38425","May","2021","LA"
"3386","VERNON PAR 58","26369","May","2021","LA"
"3387","WASHINGTON PAR 59","28701","May","2021","LA"
"3388","WEBSTER PAR 60","24998","May","2021","LA"
"3389","WEST BATON ROUGE PAR 61","17915","May","2021","LA"
"3390","WEST CARROLL PAR 62","7299","May","2021","LA"
"3391","WEST FELICIANA PAR 63","7988","May","2021","LA"
"3392","WINN PAR 64","8870","May","2021","LA"
"3393","ACADIA PAR 01","39706","June","2021","LA"
"3394","ALLEN PAR 02","13673","June","2021","LA"
"3395","ASCENSION PAR 03","82496","June","2021","LA"
"3396","ASSUMPTION PAR 04","15032","June","2021","LA"
"3397","AVOYELLES PAR 05","24431","June","2021","LA"
"3398","BEAUREGARD PAR 06","23185","June","2021","LA"
"3399","BIENVILLE PAR 07","9134","June","2021","LA"
"3400","BOSSIER PAR 08","75137","June","2021","LA"
"3401","CADDO PAR 09","159889","June","2021","LA"
"3402","CALCASIEU PAR 10","128195","June","2021","LA"
"3403","CALDWELL PAR 11","6389","June","2021","LA"
"3404","CAMERON PAR 12","5303","June","2021","LA"
"3405","CATAHOULA PAR 13","6644","June","2021","LA"
"3406","CLAIBORNE PAR 14","9096","June","2021","LA"
"3407","CONCORDIA PAR 15","12759","June","2021","LA"
"3408","DE SOTO PAR 16","19991","June","2021","LA"
"3409","EAST BATON ROUGE PAR 17","293652","June","2021","LA"
"3410","EAST CARROLL PAR 18","4995","June","2021","LA"
"3411","EAST FELICIANA PAR 19","14226","June","2021","LA"
"3412","EVANGELINE PAR 20","21642","June","2021","LA"
"3413","FRANKLIN PAR 21","13744","June","2021","LA"
"3414","GRANT PAR 22","13121","June","2021","LA"
"3415","IBERIA PAR 23","47304","June","2021","LA"
"3416","IBERVILLE PAR 24","21441","June","2021","LA"
"3417","JACKSON PAR 25","9864","June","2021","LA"
"3418","JEFFERSON PAR 26","277657","June","2021","LA"
"3419","JEFFERSON DAVIS PAR 27","20950","June","2021","LA"
"3420","LAFAYETTE PAR 28","159704","June","2021","LA"
"3421","LAFOURCHE PAR 29","60600","June","2021","LA"
"3422","LASALLE PAR 30","9036","June","2021","LA"
"3423","LINCOLN PAR 31","27372","June","2021","LA"
"3424","LIVINGSTON PAR 32","87206","June","2021","LA"
"3425","MADISON PAR 33","7484","June","2021","LA"
"3426","MOREHOUSE PAR 34","18045","June","2021","LA"
"3427","NATCHITOCHES PAR 35","24341","June","2021","LA"
"3428","ORLEANS PAR 36","267985","June","2021","LA"
"3429","OUACHITA PAR 37","104545","June","2021","LA"
"3430","PLAQUEMINES PAR 38","14482","June","2021","LA"
"3431","POINTE COUPEE PAR 39","15763","June","2021","LA"
"3432","RAPIDES PAR 40","84439","June","2021","LA"
"3433","RED RIVER PAR 41","5831","June","2021","LA"
"3434","RICHLAND PAR 42","14173","June","2021","LA"
"3435","SABINE PAR 43","14963","June","2021","LA"
"3436","ST. BERNARD PAR 44","26668","June","2021","LA"
"3437","ST. CHARLES PAR 45","36435","June","2021","LA"
"3438","ST. HELENA PAR 46","8529","June","2021","LA"
"3439","ST. JAMES PAR 47","15569","June","2021","LA"
"3440","ST. JOHN THE BAPTIST PAR 48","30184","June","2021","LA"
"3441","ST. LANDRY PAR 49","59427","June","2021","LA"
"3442","ST. MARTIN PAR 50","37361","June","2021","LA"
"3443","ST. MARY PAR 51","32652","June","2021","LA"
"3444","ST. TAMMANY PAR 52","185207","June","2021","LA"
"3445","TANGIPAHOA PAR 53","81963","June","2021","LA"
"3446","TENSAS PAR 54","3492","June","2021","LA"
"3447","TERREBONNE PAR 55","64662","June","2021","LA"
"3448","UNION PAR 56","15767","June","2021","LA"
"3449","VERMILION PAR 57","38005","June","2021","LA"
"3450","VERNON PAR 58","25695","June","2021","LA"
"3451","WASHINGTON PAR 59","28387","June","2021","LA"
"3452","WEBSTER PAR 60","24293","June","2021","LA"
"3453","WEST BATON ROUGE PAR 61","17754","June","2021","LA"
"3454","WEST CARROLL PAR 62","7216","June","2021","LA"
"3455","WEST FELICIANA PAR 63","7899","June","2021","LA"
"3456","WINN PAR 64","8760","June","2021","LA"
"3457","ACADIA PAR 01","39652","July","2021","LA"
"3458","ALLEN PAR 02","13653","July","2021","LA"
"3459","ASCENSION PAR 03","82548","July","2021","LA"
"3460","ASSUMPTION PAR 04","15013","July","2021","LA"
"3461","AVOYELLES PAR 05","24409","July","2021","LA"
"3462","BEAUREGARD PAR 06","23175","July","2021","LA"
"3463","BIENVILLE PAR 07","9081","July","2021","LA"
"3464","BOSSIER PAR 08","75071","July","2021","LA"
"3465","CADDO PAR 09","159647","July","2021","LA"
"3466","CALCASIEU PAR 10","127994","July","2021","LA"
"3467","CALDWELL PAR 11","6371","July","2021","LA"
"3468","CAMERON PAR 12","5277","July","2021","LA"
"3469","CATAHOULA PAR 13","6628","July","2021","LA"
"3470","CLAIBORNE PAR 14","9085","July","2021","LA"
"3471","CONCORDIA PAR 15","12742","July","2021","LA"
"3472","DE SOTO PAR 16","19976","July","2021","LA"
"3473","EAST BATON ROUGE PAR 17","293515","July","2021","LA"
"3474","EAST CARROLL PAR 18","4985","July","2021","LA"
"3475","EAST FELICIANA PAR 19","14079","July","2021","LA"
"3476","EVANGELINE PAR 20","21625","July","2021","LA"
"3477","FRANKLIN PAR 21","13722","July","2021","LA"
"3478","GRANT PAR 22","13112","July","2021","LA"
"3479","IBERIA PAR 23","47240","July","2021","LA"
"3480","IBERVILLE PAR 24","21419","July","2021","LA"
"3481","JACKSON PAR 25","9814","July","2021","LA"
"3482","JEFFERSON PAR 26","277490","July","2021","LA"
"3483","JEFFERSON DAVIS PAR 27","20919","July","2021","LA"
"3484","LAFAYETTE PAR 28","159573","July","2021","LA"
"3485","LAFOURCHE PAR 29","60484","July","2021","LA"
"3486","LASALLE PAR 30","9002","July","2021","LA"
"3487","LINCOLN PAR 31","27268","July","2021","LA"
"3488","LIVINGSTON PAR 32","86521","July","2021","LA"
"3489","MADISON PAR 33","7479","July","2021","LA"
"3490","MOREHOUSE PAR 34","18016","July","2021","LA"
"3491","NATCHITOCHES PAR 35","24314","July","2021","LA"
"3492","ORLEANS PAR 36","267834","July","2021","LA"
"3493","OUACHITA PAR 37","104486","July","2021","LA"
"3494","PLAQUEMINES PAR 38","14457","July","2021","LA"
"3495","POINTE COUPEE PAR 39","15733","July","2021","LA"
"3496","RAPIDES PAR 40","84027","July","2021","LA"
"3497","RED RIVER PAR 41","5817","July","2021","LA"
"3498","RICHLAND PAR 42","14138","July","2021","LA"
"3499","SABINE PAR 43","14953","July","2021","LA"
"3500","ST. BERNARD PAR 44","26662","July","2021","LA"
"3501","ST. CHARLES PAR 45","36414","July","2021","LA"
"3502","ST. HELENA PAR 46","8526","July","2021","LA"
"3503","ST. JAMES PAR 47","15549","July","2021","LA"
"3504","ST. JOHN THE BAPTIST PAR 48","30168","July","2021","LA"
"3505","ST. LANDRY PAR 49","59328","July","2021","LA"
"3506","ST. MARTIN PAR 50","37322","July","2021","LA"
"3507","ST. MARY PAR 51","32580","July","2021","LA"
"3508","ST. TAMMANY PAR 52","185304","July","2021","LA"
"3509","TANGIPAHOA PAR 53","81958","July","2021","LA"
"3510","TENSAS PAR 54","3485","July","2021","LA"
"3511","TERREBONNE PAR 55","64553","July","2021","LA"
"3512","UNION PAR 56","15760","July","2021","LA"
"3513","VERMILION PAR 57","37972","July","2021","LA"
"3514","VERNON PAR 58","25691","July","2021","LA"
"3515","WASHINGTON PAR 59","28359","July","2021","LA"
"3516","WEBSTER PAR 60","24270","July","2021","LA"
"3517","WEST BATON ROUGE PAR 61","17740","July","2021","LA"
"3518","WEST CARROLL PAR 62","7209","July","2021","LA"
"3519","WEST FELICIANA PAR 63","7896","July","2021","LA"
"3520","WINN PAR 64","8740","July","2021","LA"
"3521","ACADIA PAR 01","39578","August","2021","LA"
"3522","ALLEN PAR 02","13631","August","2021","LA"
"3523","ASCENSION PAR 03","82527","August","2021","LA"
"3524","ASSUMPTION PAR 04","14991","August","2021","LA"
"3525","AVOYELLES PAR 05","24404","August","2021","LA"
"3526","BEAUREGARD PAR 06","23116","August","2021","LA"
"3527","BIENVILLE PAR 07","9062","August","2021","LA"
"3528","BOSSIER PAR 08","75006","August","2021","LA"
"3529","CADDO PAR 09","159322","August","2021","LA"
"3530","CALCASIEU PAR 10","127637","August","2021","LA"
"3531","CALDWELL PAR 11","6351","August","2021","LA"
"3532","CAMERON PAR 12","5241","August","2021","LA"
"3533","CATAHOULA PAR 13","6617","August","2021","LA"
"3534","CLAIBORNE PAR 14","9053","August","2021","LA"
"3535","CONCORDIA PAR 15","12701","August","2021","LA"
"3536","DE SOTO PAR 16","19919","August","2021","LA"
"3537","EAST BATON ROUGE PAR 17","292902","August","2021","LA"
"3538","EAST CARROLL PAR 18","4977","August","2021","LA"
"3539","EAST FELICIANA PAR 19","14043","August","2021","LA"
"3540","EVANGELINE PAR 20","21586","August","2021","LA"
"3541","FRANKLIN PAR 21","13694","August","2021","LA"
"3542","GRANT PAR 22","13106","August","2021","LA"
"3543","IBERIA PAR 23","47065","August","2021","LA"
"3544","IBERVILLE PAR 24","21387","August","2021","LA"
"3545","JACKSON PAR 25","9741","August","2021","LA"
"3546","JEFFERSON PAR 26","277143","August","2021","LA"
"3547","JEFFERSON DAVIS PAR 27","20873","August","2021","LA"
"3548","LAFAYETTE PAR 28","159475","August","2021","LA"
"3549","LAFOURCHE PAR 29","60464","August","2021","LA"
"3550","LASALLE PAR 30","8982","August","2021","LA"
"3551","LINCOLN PAR 31","27178","August","2021","LA"
"3552","LIVINGSTON PAR 32","86517","August","2021","LA"
"3553","MADISON PAR 33","7472","August","2021","LA"
"3554","MOREHOUSE PAR 34","17986","August","2021","LA"
"3555","NATCHITOCHES PAR 35","24269","August","2021","LA"
"3556","ORLEANS PAR 36","267614","August","2021","LA"
"3557","OUACHITA PAR 37","104263","August","2021","LA"
"3558","PLAQUEMINES PAR 38","14416","August","2021","LA"
"3559","POINTE COUPEE PAR 39","15697","August","2021","LA"
"3560","RAPIDES PAR 40","83739","August","2021","LA"
"3561","RED RIVER PAR 41","5806","August","2021","LA"
"3562","RICHLAND PAR 42","14098","August","2021","LA"
"3563","SABINE PAR 43","14930","August","2021","LA"
"3564","ST. BERNARD PAR 44","26588","August","2021","LA"
"3565","ST. CHARLES PAR 45","36366","August","2021","LA"
"3566","ST. HELENA PAR 46","8513","August","2021","LA"
"3567","ST. JAMES PAR 47","15519","August","2021","LA"
"3568","ST. JOHN THE BAPTIST PAR 48","30049","August","2021","LA"
"3569","ST. LANDRY PAR 49","59159","August","2021","LA"
"3570","ST. MARTIN PAR 50","37254","August","2021","LA"
"3571","ST. MARY PAR 51","32509","August","2021","LA"
"3572","ST. TAMMANY PAR 52","185311","August","2021","LA"
"3573","TANGIPAHOA PAR 53","81907","August","2021","LA"
"3574","TENSAS PAR 54","3471","August","2021","LA"
"3575","TERREBONNE PAR 55","64362","August","2021","LA"
"3576","UNION PAR 56","15718","August","2021","LA"
"3577","VERMILION PAR 57","37882","August","2021","LA"
"3578","VERNON PAR 58","25634","August","2021","LA"
"3579","WASHINGTON PAR 59","28312","August","2021","LA"
"3580","WEBSTER PAR 60","24219","August","2021","LA"
"3581","WEST BATON ROUGE PAR 61","17733","August","2021","LA"
"3582","WEST CARROLL PAR 62","7203","August","2021","LA"
"3583","WEST FELICIANA PAR 63","7881","August","2021","LA"
"3584","WINN PAR 64","8712","August","2021","LA"
"3585","ACADIA PAR 01","39563","September","2021","LA"
"3586","ALLEN PAR 02","13614","September","2021","LA"
"3587","ASCENSION PAR 03","82639","September","2021","LA"
"3588","ASSUMPTION PAR 04","14964","September","2021","LA"
"3589","AVOYELLES PAR 05","24340","September","2021","LA"
"3590","BEAUREGARD PAR 06","23111","September","2021","LA"
"3591","BIENVILLE PAR 07","9059","September","2021","LA"
"3592","BOSSIER PAR 08","74930","September","2021","LA"
"3593","CADDO PAR 09","159197","September","2021","LA"
"3594","CALCASIEU PAR 10","127328","September","2021","LA"
"3595","CALDWELL PAR 11","6333","September","2021","LA"
"3596","CAMERON PAR 12","5206","September","2021","LA"
"3597","CATAHOULA PAR 13","6604","September","2021","LA"
"3598","CLAIBORNE PAR 14","9042","September","2021","LA"
"3599","CONCORDIA PAR 15","12681","September","2021","LA"
"3600","DE SOTO PAR 16","19907","September","2021","LA"
"3601","EAST BATON ROUGE PAR 17","292750","September","2021","LA"
"3602","EAST CARROLL PAR 18","4949","September","2021","LA"
"3603","EAST FELICIANA PAR 19","14036","September","2021","LA"
"3604","EVANGELINE PAR 20","21581","September","2021","LA"
"3605","FRANKLIN PAR 21","13672","September","2021","LA"
"3606","GRANT PAR 22","13092","September","2021","LA"
"3607","IBERIA PAR 23","46999","September","2021","LA"
"3608","IBERVILLE PAR 24","21355","September","2021","LA"
"3609","JACKSON PAR 25","9743","September","2021","LA"
"3610","JEFFERSON PAR 26","276922","September","2021","LA"
"3611","JEFFERSON DAVIS PAR 27","20866","September","2021","LA"
"3612","LAFAYETTE PAR 28","159432","September","2021","LA"
"3613","LAFOURCHE PAR 29","60379","September","2021","LA"
"3614","LASALLE PAR 30","8971","September","2021","LA"
"3615","LINCOLN PAR 31","27147","September","2021","LA"
"3616","LIVINGSTON PAR 32","86550","September","2021","LA"
"3617","MADISON PAR 33","7462","September","2021","LA"
"3618","MOREHOUSE PAR 34","17960","September","2021","LA"
"3619","NATCHITOCHES PAR 35","24242","September","2021","LA"
"3620","ORLEANS PAR 36","267821","September","2021","LA"
"3621","OUACHITA PAR 37","104141","September","2021","LA"
"3622","PLAQUEMINES PAR 38","14382","September","2021","LA"
"3623","POINTE COUPEE PAR 39","15660","September","2021","LA"
"3624","RAPIDES PAR 40","83575","September","2021","LA"
"3625","RED RIVER PAR 41","5800","September","2021","LA"
"3626","RICHLAND PAR 42","14084","September","2021","LA"
"3627","SABINE PAR 43","14901","September","2021","LA"
"3628","ST. BERNARD PAR 44","26577","September","2021","LA"
"3629","ST. CHARLES PAR 45","36348","September","2021","LA"
"3630","ST. HELENA PAR 46","8506","September","2021","LA"
"3631","ST. JAMES PAR 47","15496","September","2021","LA"
"3632","ST. JOHN THE BAPTIST PAR 48","30002","September","2021","LA"
"3633","ST. LANDRY PAR 49","59121","September","2021","LA"
"3634","ST. MARTIN PAR 50","37205","September","2021","LA"
"3635","ST. MARY PAR 51","32476","September","2021","LA"
"3636","ST. TAMMANY PAR 52","185510","September","2021","LA"
"3637","TANGIPAHOA PAR 53","81857","September","2021","LA"
"3638","TENSAS PAR 54","3480","September","2021","LA"
"3639","TERREBONNE PAR 55","64301","September","2021","LA"
"3640","UNION PAR 56","15710","September","2021","LA"
"3641","VERMILION PAR 57","37849","September","2021","LA"
"3642","VERNON PAR 58","25616","September","2021","LA"
"3643","WASHINGTON PAR 59","28300","September","2021","LA"
"3644","WEBSTER PAR 60","24169","September","2021","LA"
"3645","WEST BATON ROUGE PAR 61","17733","September","2021","LA"
"3646","WEST CARROLL PAR 62","7204","September","2021","LA"
"3647","WEST FELICIANA PAR 63","7887","September","2021","LA"
"3648","WINN PAR 64","8703","September","2021","LA"
"3649","ACADIA PAR 01","39497","October","2021","LA"
"3650","ALLEN PAR 02","13583","October","2021","LA"
"3651","ASCENSION PAR 03","82670","October","2021","LA"
"3652","ASSUMPTION PAR 04","14945","October","2021","LA"
"3653","AVOYELLES PAR 05","24283","October","2021","LA"
"3654","BEAUREGARD PAR 06","23076","October","2021","LA"
"3655","BIENVILLE PAR 07","9044","October","2021","LA"
"3656","BOSSIER PAR 08","74929","October","2021","LA"
"3657","CADDO PAR 09","159048","October","2021","LA"
"3658","CALCASIEU PAR 10","127139","October","2021","LA"
"3659","CALDWELL PAR 11","6322","October","2021","LA"
"3660","CAMERON PAR 12","5195","October","2021","LA"
"3661","CATAHOULA PAR 13","6596","October","2021","LA"
"3662","CLAIBORNE PAR 14","9018","October","2021","LA"
"3663","CONCORDIA PAR 15","12668","October","2021","LA"
"3664","DE SOTO PAR 16","19900","October","2021","LA"
"3665","EAST BATON ROUGE PAR 17","292474","October","2021","LA"
"3666","EAST CARROLL PAR 18","4932","October","2021","LA"
"3667","EAST FELICIANA PAR 19","14028","October","2021","LA"
"3668","EVANGELINE PAR 20","21531","October","2021","LA"
"3669","FRANKLIN PAR 21","13637","October","2021","LA"
"3670","GRANT PAR 22","13069","October","2021","LA"
"3671","IBERIA PAR 23","46908","October","2021","LA"
"3672","IBERVILLE PAR 24","21320","October","2021","LA"
"3673","JACKSON PAR 25","9747","October","2021","LA"
"3674","JEFFERSON PAR 26","276623","October","2021","LA"
"3675","JEFFERSON DAVIS PAR 27","20866","October","2021","LA"
"3676","LAFAYETTE PAR 28","159509","October","2021","LA"
"3677","LAFOURCHE PAR 29","60310","October","2021","LA"
"3678","LASALLE PAR 30","8967","October","2021","LA"
"3679","LINCOLN PAR 31","27131","October","2021","LA"
"3680","LIVINGSTON PAR 32","86542","October","2021","LA"
"3681","MADISON PAR 33","7465","October","2021","LA"
"3682","MOREHOUSE PAR 34","17941","October","2021","LA"
"3683","NATCHITOCHES PAR 35","24223","October","2021","LA"
"3684","ORLEANS PAR 36","266856","October","2021","LA"
"3685","OUACHITA PAR 37","104086","October","2021","LA"
"3686","PLAQUEMINES PAR 38","14377","October","2021","LA"
"3687","POINTE COUPEE PAR 39","15611","October","2021","LA"
"3688","RAPIDES PAR 40","82805","October","2021","LA"
"3689","RED RIVER PAR 41","5790","October","2021","LA"
"3690","RICHLAND PAR 42","14079","October","2021","LA"
"3691","SABINE PAR 43","14882","October","2021","LA"
"3692","ST. BERNARD PAR 44","26577","October","2021","LA"
"3693","ST. CHARLES PAR 45","36317","October","2021","LA"
"3694","ST. HELENA PAR 46","8501","October","2021","LA"
"3695","ST. JAMES PAR 47","15481","October","2021","LA"
"3696","ST. JOHN THE BAPTIST PAR 48","29974","October","2021","LA"
"3697","ST. LANDRY PAR 49","58987","October","2021","LA"
"3698","ST. MARTIN PAR 50","37148","October","2021","LA"
"3699","ST. MARY PAR 51","32422","October","2021","LA"
"3700","ST. TAMMANY PAR 52","185521","October","2021","LA"
"3701","TANGIPAHOA PAR 53","81780","October","2021","LA"
"3702","TENSAS PAR 54","3471","October","2021","LA"
"3703","TERREBONNE PAR 55","64189","October","2021","LA"
"3704","UNION PAR 56","15685","October","2021","LA"
"3705","VERMILION PAR 57","37823","October","2021","LA"
"3706","VERNON PAR 58","25578","October","2021","LA"
"3707","WASHINGTON PAR 59","28286","October","2021","LA"
"3708","WEBSTER PAR 60","24147","October","2021","LA"
"3709","WEST BATON ROUGE PAR 61","17722","October","2021","LA"
"3710","WEST CARROLL PAR 62","7191","October","2021","LA"
"3711","WEST FELICIANA PAR 63","7886","October","2021","LA"
"3712","WINN PAR 64","8682","October","2021","LA"
"3713","ACADIA PAR 01","39443","November","2021","LA"
"3714","ALLEN PAR 02","13573","November","2021","LA"
"3715","ASCENSION PAR 03","82726","November","2021","LA"
"3716","ASSUMPTION PAR 04","14924","November","2021","LA"
"3717","AVOYELLES PAR 05","24225","November","2021","LA"
"3718","BEAUREGARD PAR 06","23058","November","2021","LA"
"3719","BIENVILLE PAR 07","9033","November","2021","LA"
"3720","BOSSIER PAR 08","74909","November","2021","LA"
"3721","CADDO PAR 09","158799","November","2021","LA"
"3722","CALCASIEU PAR 10","127019","November","2021","LA"
"3723","CALDWELL PAR 11","6305","November","2021","LA"
"3724","CAMERON PAR 12","5193","November","2021","LA"
"3725","CATAHOULA PAR 13","6576","November","2021","LA"
"3726","CLAIBORNE PAR 14","8999","November","2021","LA"
"3727","CONCORDIA PAR 15","12652","November","2021","LA"
"3728","DE SOTO PAR 16","19871","November","2021","LA"
"3729","EAST BATON ROUGE PAR 17","292203","November","2021","LA"
"3730","EAST CARROLL PAR 18","4927","November","2021","LA"
"3731","EAST FELICIANA PAR 19","14034","November","2021","LA"
"3732","EVANGELINE PAR 20","21516","November","2021","LA"
"3733","FRANKLIN PAR 21","13612","November","2021","LA"
"3734","GRANT PAR 22","13061","November","2021","LA"
"3735","IBERIA PAR 23","46854","November","2021","LA"
"3736","IBERVILLE PAR 24","21293","November","2021","LA"
"3737","JACKSON PAR 25","9727","November","2021","LA"
"3738","JEFFERSON PAR 26","276566","November","2021","LA"
"3739","JEFFERSON DAVIS PAR 27","20855","November","2021","LA"
"3740","LAFAYETTE PAR 28","159519","November","2021","LA"
"3741","LAFOURCHE PAR 29","60242","November","2021","LA"
"3742","LASALLE PAR 30","8950","November","2021","LA"
"3743","LINCOLN PAR 31","27111","November","2021","LA"
"3744","LIVINGSTON PAR 32","86465","November","2021","LA"
"3745","MADISON PAR 33","7453","November","2021","LA"
"3746","MOREHOUSE PAR 34","17901","November","2021","LA"
"3747","NATCHITOCHES PAR 35","24204","November","2021","LA"
"3748","ORLEANS PAR 36","267217","November","2021","LA"
"3749","OUACHITA PAR 37","104038","November","2021","LA"
"3750","PLAQUEMINES PAR 38","14373","November","2021","LA"
"3751","POINTE COUPEE PAR 39","15590","November","2021","LA"
"3752","RAPIDES PAR 40","82649","November","2021","LA"
"3753","RED RIVER PAR 41","5780","November","2021","LA"
"3754","RICHLAND PAR 42","14063","November","2021","LA"
"3755","SABINE PAR 43","14864","November","2021","LA"
"3756","ST. BERNARD PAR 44","26573","November","2021","LA"
"3757","ST. CHARLES PAR 45","36276","November","2021","LA"
"3758","ST. HELENA PAR 46","8480","November","2021","LA"
"3759","ST. JAMES PAR 47","15458","November","2021","LA"
"3760","ST. JOHN THE BAPTIST PAR 48","29932","November","2021","LA"
"3761","ST. LANDRY PAR 49","58875","November","2021","LA"
"3762","ST. MARTIN PAR 50","37125","November","2021","LA"
"3763","ST. MARY PAR 51","32380","November","2021","LA"
"3764","ST. TAMMANY PAR 52","185676","November","2021","LA"
"3765","TANGIPAHOA PAR 53","81717","November","2021","LA"
"3766","TENSAS PAR 54","3464","November","2021","LA"
"3767","TERREBONNE PAR 55","64096","November","2021","LA"
"3768","UNION PAR 56","15689","November","2021","LA"
"3769","VERMILION PAR 57","37797","November","2021","LA"
"3770","VERNON PAR 58","25552","November","2021","LA"
"3771","WASHINGTON PAR 59","28267","November","2021","LA"
"3772","WEBSTER PAR 60","24111","November","2021","LA"
"3773","WEST BATON ROUGE PAR 61","17714","November","2021","LA"
"3774","WEST CARROLL PAR 62","7183","November","2021","LA"
"3775","WEST FELICIANA PAR 63","7885","November","2021","LA"
"3776","WINN PAR 64","8676","November","2021","LA"
"3777","ACADIA PAR 01","39406","December","2021","LA"
"3778","ALLEN PAR 02","13557","December","2021","LA"
"3779","ASCENSION PAR 03","82761","December","2021","LA"
"3780","ASSUMPTION PAR 04","14911","December","2021","LA"
"3781","AVOYELLES PAR 05","24184","December","2021","LA"
"3782","BEAUREGARD PAR 06","23071","December","2021","LA"
"3783","BIENVILLE PAR 07","9044","December","2021","LA"
"3784","BOSSIER PAR 08","74922","December","2021","LA"
"3785","CADDO PAR 09","158644","December","2021","LA"
"3786","CALCASIEU PAR 10","127064","December","2021","LA"
"3787","CALDWELL PAR 11","6294","December","2021","LA"
"3788","CAMERON PAR 12","5164","December","2021","LA"
"3789","CATAHOULA PAR 13","6571","December","2021","LA"
"3790","CLAIBORNE PAR 14","8987","December","2021","LA"
"3791","CONCORDIA PAR 15","12642","December","2021","LA"
"3792","DE SOTO PAR 16","19731","December","2021","LA"
"3793","EAST BATON ROUGE PAR 17","292093","December","2021","LA"
"3794","EAST CARROLL PAR 18","4919","December","2021","LA"
"3795","EAST FELICIANA PAR 19","14020","December","2021","LA"
"3796","EVANGELINE PAR 20","21503","December","2021","LA"
"3797","FRANKLIN PAR 21","13596","December","2021","LA"
"3798","GRANT PAR 22","13053","December","2021","LA"
"3799","IBERIA PAR 23","46829","December","2021","LA"
"3800","IBERVILLE PAR 24","21278","December","2021","LA"
"3801","JACKSON PAR 25","9720","December","2021","LA"
"3802","JEFFERSON PAR 26","276322","December","2021","LA"
"3803","JEFFERSON DAVIS PAR 27","20844","December","2021","LA"
"3804","LAFAYETTE PAR 28","159478","December","2021","LA"
"3805","LAFOURCHE PAR 29","60181","December","2021","LA"
"3806","LASALLE PAR 30","8944","December","2021","LA"
"3807","LINCOLN PAR 31","27104","December","2021","LA"
"3808","LIVINGSTON PAR 32","86522","December","2021","LA"
"3809","MADISON PAR 33","7464","December","2021","LA"
"3810","MOREHOUSE PAR 34","17865","December","2021","LA"
"3811","NATCHITOCHES PAR 35","24179","December","2021","LA"
"3812","ORLEANS PAR 36","267598","December","2021","LA"
"3813","OUACHITA PAR 37","103949","December","2021","LA"
"3814","PLAQUEMINES PAR 38","14367","December","2021","LA"
"3815","POINTE COUPEE PAR 39","15580","December","2021","LA"
"3816","RAPIDES PAR 40","82580","December","2021","LA"
"3817","RED RIVER PAR 41","5775","December","2021","LA"
"3818","RICHLAND PAR 42","14068","December","2021","LA"
"3819","SABINE PAR 43","14848","December","2021","LA"
"3820","ST. BERNARD PAR 44","26605","December","2021","LA"
"3821","ST. CHARLES PAR 45","36295","December","2021","LA"
"3822","ST. HELENA PAR 46","8474","December","2021","LA"
"3823","ST. JAMES PAR 47","15440","December","2021","LA"
"3824","ST. JOHN THE BAPTIST PAR 48","29896","December","2021","LA"
"3825","ST. LANDRY PAR 49","58823","December","2021","LA"
"3826","ST. MARTIN PAR 50","37120","December","2021","LA"
"3827","ST. MARY PAR 51","32372","December","2021","LA"
"3828","ST. TAMMANY PAR 52","185975","December","2021","LA"
"3829","TANGIPAHOA PAR 53","81660","December","2021","LA"
"3830","TENSAS PAR 54","3463","December","2021","LA"
"3831","TERREBONNE PAR 55","63991","December","2021","LA"
"3832","UNION PAR 56","15680","December","2021","LA"
"3833","VERMILION PAR 57","37778","December","2021","LA"
"3834","VERNON PAR 58","25539","December","2021","LA"
"3835","WASHINGTON PAR 59","28230","December","2021","LA"
"3836","WEBSTER PAR 60","24098","December","2021","LA"
"3837","WEST BATON ROUGE PAR 61","17708","December","2021","LA"
"3838","WEST CARROLL PAR 62","7177","December","2021","LA"
"3839","WEST FELICIANA PAR 63","7887","December","2021","LA"
"3840","WINN PAR 64","8661","December","2021","LA"
"3841","ACADIA PAR 01","39374","January","2022","LA"
"3842","ALLEN PAR 02","13538","January","2022","LA"
"3843","ASCENSION PAR 03","82809","January","2022","LA"
"3844","ASSUMPTION PAR 04","14894","January","2022","LA"
"3845","AVOYELLES PAR 05","24173","January","2022","LA"
"3846","BEAUREGARD PAR 06","23050","January","2022","LA"
"3847","BIENVILLE PAR 07","9024","January","2022","LA"
"3848","BOSSIER PAR 08","74953","January","2022","LA"
"3849","CADDO PAR 09","158517","January","2022","LA"
"3850","CALCASIEU PAR 10","127009","January","2022","LA"
"3851","CALDWELL PAR 11","6274","January","2022","LA"
"3852","CAMERON PAR 12","5161","January","2022","LA"
"3853","CATAHOULA PAR 13","6563","January","2022","LA"
"3854","CLAIBORNE PAR 14","8972","January","2022","LA"
"3855","CONCORDIA PAR 15","12632","January","2022","LA"
"3856","DE SOTO PAR 16","19695","January","2022","LA"
"3857","EAST BATON ROUGE PAR 17","292006","January","2022","LA"
"3858","EAST CARROLL PAR 18","4912","January","2022","LA"
"3859","EAST FELICIANA PAR 19","14004","January","2022","LA"
"3860","EVANGELINE PAR 20","21486","January","2022","LA"
"3861","FRANKLIN PAR 21","13582","January","2022","LA"
"3862","GRANT PAR 22","13048","January","2022","LA"
"3863","IBERIA PAR 23","46792","January","2022","LA"
"3864","IBERVILLE PAR 24","21241","January","2022","LA"
"3865","JACKSON PAR 25","9715","January","2022","LA"
"3866","JEFFERSON PAR 26","276109","January","2022","LA"
"3867","JEFFERSON DAVIS PAR 27","20828","January","2022","LA"
"3868","LAFAYETTE PAR 28","159369","January","2022","LA"
"3869","LAFOURCHE PAR 29","60121","January","2022","LA"
"3870","LASALLE PAR 30","8924","January","2022","LA"
"3871","LINCOLN PAR 31","27081","January","2022","LA"
"3872","LIVINGSTON PAR 32","86482","January","2022","LA"
"3873","MADISON PAR 33","7458","January","2022","LA"
"3874","MOREHOUSE PAR 34","17840","January","2022","LA"
"3875","NATCHITOCHES PAR 35","24139","January","2022","LA"
"3876","ORLEANS PAR 36","267415","January","2022","LA"
"3877","OUACHITA PAR 37","103864","January","2022","LA"
"3878","PLAQUEMINES PAR 38","14353","January","2022","LA"
"3879","POINTE COUPEE PAR 39","15562","January","2022","LA"
"3880","RAPIDES PAR 40","82514","January","2022","LA"
"3881","RED RIVER PAR 41","5764","January","2022","LA"
"3882","RICHLAND PAR 42","14062","January","2022","LA"
"3883","SABINE PAR 43","14845","January","2022","LA"
"3884","ST. BERNARD PAR 44","26549","January","2022","LA"
"3885","ST. CHARLES PAR 45","36244","January","2022","LA"
"3886","ST. HELENA PAR 46","8481","January","2022","LA"
"3887","ST. JAMES PAR 47","15423","January","2022","LA"
"3888","ST. JOHN THE BAPTIST PAR 48","29875","January","2022","LA"
"3889","ST. LANDRY PAR 49","58778","January","2022","LA"
"3890","ST. MARTIN PAR 50","37099","January","2022","LA"
"3891","ST. MARY PAR 51","32338","January","2022","LA"
"3892","ST. TAMMANY PAR 52","186456","January","2022","LA"
"3893","TANGIPAHOA PAR 53","78163","January","2022","LA"
"3894","TENSAS PAR 54","3465","January","2022","LA"
"3895","TERREBONNE PAR 55","63875","January","2022","LA"
"3896","UNION PAR 56","15696","January","2022","LA"
"3897","VERMILION PAR 57","37739","January","2022","LA"
"3898","VERNON PAR 58","25517","January","2022","LA"
"3899","WASHINGTON PAR 59","28216","January","2022","LA"
"3900","WEBSTER PAR 60","24055","January","2022","LA"
"3901","WEST BATON ROUGE PAR 61","17694","January","2022","LA"
"3902","WEST CARROLL PAR 62","7176","January","2022","LA"
"3903","WEST FELICIANA PAR 63","7878","January","2022","LA"
"3904","WINN PAR 64","8647","January","2022","LA"
"3905","ACADIA PAR 01","39325","February","2022","LA"
"3906","ALLEN PAR 02","13501","February","2022","LA"
"3907","ASCENSION PAR 03","82841","February","2022","LA"
"3908","ASSUMPTION PAR 04","14879","February","2022","LA"
"3909","AVOYELLES PAR 05","24145","February","2022","LA"
"3910","BEAUREGARD PAR 06","23058","February","2022","LA"
"3911","BIENVILLE PAR 07","8998","February","2022","LA"
"3912","BOSSIER PAR 08","74971","February","2022","LA"
"3913","CADDO PAR 09","158309","February","2022","LA"
"3914","CALCASIEU PAR 10","126937","February","2022","LA"
"3915","CALDWELL PAR 11","6259","February","2022","LA"
"3916","CAMERON PAR 12","5149","February","2022","LA"
"3917","CATAHOULA PAR 13","6552","February","2022","LA"
"3918","CLAIBORNE PAR 14","8950","February","2022","LA"
"3919","CONCORDIA PAR 15","12611","February","2022","LA"
"3920","DE SOTO PAR 16","19576","February","2022","LA"
"3921","EAST BATON ROUGE PAR 17","291835","February","2022","LA"
"3922","EAST CARROLL PAR 18","4904","February","2022","LA"
"3923","EAST FELICIANA PAR 19","13991","February","2022","LA"
"3924","EVANGELINE PAR 20","21447","February","2022","LA"
"3925","FRANKLIN PAR 21","13551","February","2022","LA"
"3926","GRANT PAR 22","13031","February","2022","LA"
"3927","IBERIA PAR 23","46704","February","2022","LA"
"3928","IBERVILLE PAR 24","21233","February","2022","LA"
"3929","JACKSON PAR 25","9704","February","2022","LA"
"3930","JEFFERSON PAR 26","275859","February","2022","LA"
"3931","JEFFERSON DAVIS PAR 27","20822","February","2022","LA"
"3932","LAFAYETTE PAR 28","159279","February","2022","LA"
"3933","LAFOURCHE PAR 29","60048","February","2022","LA"
"3934","LASALLE PAR 30","8907","February","2022","LA"
"3935","LINCOLN PAR 31","27065","February","2022","LA"
"3936","LIVINGSTON PAR 32","86460","February","2022","LA"
"3937","MADISON PAR 33","7461","February","2022","LA"
"3938","MOREHOUSE PAR 34","17818","February","2022","LA"
"3939","NATCHITOCHES PAR 35","24108","February","2022","LA"
"3940","ORLEANS PAR 36","267308","February","2022","LA"
"3941","OUACHITA PAR 37","103779","February","2022","LA"
"3942","PLAQUEMINES PAR 38","14327","February","2022","LA"
"3943","POINTE COUPEE PAR 39","15543","February","2022","LA"
"3944","RAPIDES PAR 40","82251","February","2022","LA"
"3945","RED RIVER PAR 41","5761","February","2022","LA"
"3946","RICHLAND PAR 42","14052","February","2022","LA"
"3947","SABINE PAR 43","14827","February","2022","LA"
"3948","ST. BERNARD PAR 44","26545","February","2022","LA"
"3949","ST. CHARLES PAR 45","36185","February","2022","LA"
"3950","ST. HELENA PAR 46","8470","February","2022","LA"
"3951","ST. JAMES PAR 47","15395","February","2022","LA"
"3952","ST. JOHN THE BAPTIST PAR 48","29780","February","2022","LA"
"3953","ST. LANDRY PAR 49","58702","February","2022","LA"
"3954","ST. MARTIN PAR 50","37072","February","2022","LA"
"3955","ST. MARY PAR 51","32296","February","2022","LA"
"3956","ST. TAMMANY PAR 52","186493","February","2022","LA"
"3957","TANGIPAHOA PAR 53","78176","February","2022","LA"
"3958","TENSAS PAR 54","3460","February","2022","LA"
"3959","TERREBONNE PAR 55","63778","February","2022","LA"
"3960","UNION PAR 56","15684","February","2022","LA"
"3961","VERMILION PAR 57","37738","February","2022","LA"
"3962","VERNON PAR 58","25481","February","2022","LA"
"3963","WASHINGTON PAR 59","28204","February","2022","LA"
"3964","WEBSTER PAR 60","24001","February","2022","LA"
"3965","WEST BATON ROUGE PAR 61","17672","February","2022","LA"
"3966","WEST CARROLL PAR 62","7165","February","2022","LA"
"3967","WEST FELICIANA PAR 63","7852","February","2022","LA"
"3968","WINN PAR 64","8631","February","2022","LA"
"3969","ACADIA PAR 01","39307","March","2022","LA"
"3970","ALLEN PAR 02","13490","March","2022","LA"
"3971","ASCENSION PAR 03","82868","March","2022","LA"
"3972","ASSUMPTION PAR 04","14871","March","2022","LA"
"3973","AVOYELLES PAR 05","24141","March","2022","LA"
"3974","BEAUREGARD PAR 06","23047","March","2022","LA"
"3975","BIENVILLE PAR 07","8983","March","2022","LA"
"3976","BOSSIER PAR 08","74973","March","2022","LA"
"3977","CADDO PAR 09","158133","March","2022","LA"
"3978","CALCASIEU PAR 10","126832","March","2022","LA"
"3979","CALDWELL PAR 11","6246","March","2022","LA"
"3980","CAMERON PAR 12","5144","March","2022","LA"
"3981","CATAHOULA PAR 13","6488","March","2022","LA"
"3982","CLAIBORNE PAR 14","8944","March","2022","LA"
"3983","CONCORDIA PAR 15","12547","March","2022","LA"
"3984","DE SOTO PAR 16","18809","March","2022","LA"
"3985","EAST BATON ROUGE PAR 17","291656","March","2022","LA"
"3986","EAST CARROLL PAR 18","4903","March","2022","LA"
"3987","EAST FELICIANA PAR 19","13990","March","2022","LA"
"3988","EVANGELINE PAR 20","21418","March","2022","LA"
"3989","FRANKLIN PAR 21","13543","March","2022","LA"
"3990","GRANT PAR 22","13011","March","2022","LA"
"3991","IBERIA PAR 23","46642","March","2022","LA"
"3992","IBERVILLE PAR 24","21209","March","2022","LA"
"3993","JACKSON PAR 25","9694","March","2022","LA"
"3994","JEFFERSON PAR 26","275649","March","2022","LA"
"3995","JEFFERSON DAVIS PAR 27","20819","March","2022","LA"
"3996","LAFAYETTE PAR 28","159169","March","2022","LA"
"3997","LAFOURCHE PAR 29","59991","March","2022","LA"
"3998","LASALLE PAR 30","8894","March","2022","LA"
"3999","LINCOLN PAR 31","27018","March","2022","LA"
"4000","LIVINGSTON PAR 32","86411","March","2022","LA"
"4001","MADISON PAR 33","7473","March","2022","LA"
"4002","MOREHOUSE PAR 34","17786","March","2022","LA"
"4003","NATCHITOCHES PAR 35","24093","March","2022","LA"
"4004","ORLEANS PAR 36","267258","March","2022","LA"
"4005","OUACHITA PAR 37","103734","March","2022","LA"
"4006","PLAQUEMINES PAR 38","14302","March","2022","LA"
"4007","POINTE COUPEE PAR 39","15520","March","2022","LA"
"4008","RAPIDES PAR 40","82144","March","2022","LA"
"4009","RED RIVER PAR 41","5762","March","2022","LA"
"4010","RICHLAND PAR 42","14025","March","2022","LA"
"4011","SABINE PAR 43","14776","March","2022","LA"
"4012","ST. BERNARD PAR 44","26555","March","2022","LA"
"4013","ST. CHARLES PAR 45","36171","March","2022","LA"
"4014","ST. HELENA PAR 46","8454","March","2022","LA"
"4015","ST. JAMES PAR 47","15373","March","2022","LA"
"4016","ST. JOHN THE BAPTIST PAR 48","29732","March","2022","LA"
"4017","ST. LANDRY PAR 49","58633","March","2022","LA"
"4018","ST. MARTIN PAR 50","37051","March","2022","LA"
"4019","ST. MARY PAR 51","32278","March","2022","LA"
"4020","ST. TAMMANY PAR 52","186564","March","2022","LA"
"4021","TANGIPAHOA PAR 53","78182","March","2022","LA"
"4022","TENSAS PAR 54","3455","March","2022","LA"
"4023","TERREBONNE PAR 55","63717","March","2022","LA"
"4024","UNION PAR 56","15673","March","2022","LA"
"4025","VERMILION PAR 57","37717","March","2022","LA"
"4026","VERNON PAR 58","25456","March","2022","LA"
"4027","WASHINGTON PAR 59","28174","March","2022","LA"
"4028","WEBSTER PAR 60","23968","March","2022","LA"
"4029","WEST BATON ROUGE PAR 61","17646","March","2022","LA"
"4030","WEST CARROLL PAR 62","7155","March","2022","LA"
"4031","WEST FELICIANA PAR 63","7836","March","2022","LA"
"4032","WINN PAR 64","8624","March","2022","LA"
"4033","ACADIA PAR 01","39255","April","2022","LA"
"4034","ALLEN PAR 02","13474","April","2022","LA"
"4035","ASCENSION PAR 03","82922","April","2022","LA"
"4036","ASSUMPTION PAR 04","14836","April","2022","LA"
"4037","AVOYELLES PAR 05","24127","April","2022","LA"
"4038","BEAUREGARD PAR 06","23080","April","2022","LA"
"4039","BIENVILLE PAR 07","8970","April","2022","LA"
"4040","BOSSIER PAR 08","75060","April","2022","LA"
"4041","CADDO PAR 09","157868","April","2022","LA"
"4042","CALCASIEU PAR 10","126789","April","2022","LA"
"4043","CALDWELL PAR 11","6229","April","2022","LA"
"4044","CAMERON PAR 12","5137","April","2022","LA"
"4045","CATAHOULA PAR 13","6474","April","2022","LA"
"4046","CLAIBORNE PAR 14","8927","April","2022","LA"
"4047","CONCORDIA PAR 15","12540","April","2022","LA"
"4048","DE SOTO PAR 16","18824","April","2022","LA"
"4049","EAST BATON ROUGE PAR 17","291518","April","2022","LA"
"4050","EAST CARROLL PAR 18","4889","April","2022","LA"
"4051","EAST FELICIANA PAR 19","13985","April","2022","LA"
"4052","EVANGELINE PAR 20","21406","April","2022","LA"
"4053","FRANKLIN PAR 21","13557","April","2022","LA"
"4054","GRANT PAR 22","12996","April","2022","LA"
"4055","IBERIA PAR 23","46584","April","2022","LA"
"4056","IBERVILLE PAR 24","21177","April","2022","LA"
"4057","JACKSON PAR 25","9680","April","2022","LA"
"4058","JEFFERSON PAR 26","275553","April","2022","LA"
"4059","JEFFERSON DAVIS PAR 27","20852","April","2022","LA"
"4060","LAFAYETTE PAR 28","159078","April","2022","LA"
"4061","LAFOURCHE PAR 29","59954","April","2022","LA"
"4062","LASALLE PAR 30","8868","April","2022","LA"
"4063","LINCOLN PAR 31","26994","April","2022","LA"
"4064","LIVINGSTON PAR 32","86430","April","2022","LA"
"4065","MADISON PAR 33","7496","April","2022","LA"
"4066","MOREHOUSE PAR 34","17761","April","2022","LA"
"4067","NATCHITOCHES PAR 35","24060","April","2022","LA"
"4068","ORLEANS PAR 36","267043","April","2022","LA"
"4069","OUACHITA PAR 37","103692","April","2022","LA"
"4070","PLAQUEMINES PAR 38","14293","April","2022","LA"
"4071","POINTE COUPEE PAR 39","15490","April","2022","LA"
"4072","RAPIDES PAR 40","81946","April","2022","LA"
"4073","RED RIVER PAR 41","5751","April","2022","LA"
"4074","RICHLAND PAR 42","14028","April","2022","LA"
"4075","SABINE PAR 43","14759","April","2022","LA"
"4076","ST. BERNARD PAR 44","26557","April","2022","LA"
"4077","ST. CHARLES PAR 45","36163","April","2022","LA"
"4078","ST. HELENA PAR 46","8437","April","2022","LA"
"4079","ST. JAMES PAR 47","15354","April","2022","LA"
"4080","ST. JOHN THE BAPTIST PAR 48","29675","April","2022","LA"
"4081","ST. LANDRY PAR 49","58580","April","2022","LA"
"4082","ST. MARTIN PAR 50","37066","April","2022","LA"
"4083","ST. MARY PAR 51","32250","April","2022","LA"
"4084","ST. TAMMANY PAR 52","186639","April","2022","LA"
"4085","TANGIPAHOA PAR 53","78240","April","2022","LA"
"4086","TENSAS PAR 54","3445","April","2022","LA"
"4087","TERREBONNE PAR 55","63670","April","2022","LA"
"4088","UNION PAR 56","15667","April","2022","LA"
"4089","VERMILION PAR 57","37750","April","2022","LA"
"4090","VERNON PAR 58","25438","April","2022","LA"
"4091","WASHINGTON PAR 59","28160","April","2022","LA"
"4092","WEBSTER PAR 60","23929","April","2022","LA"
"4093","WEST BATON ROUGE PAR 61","17625","April","2022","LA"
"4094","WEST CARROLL PAR 62","7142","April","2022","LA"
"4095","WEST FELICIANA PAR 63","7821","April","2022","LA"
"4096","WINN PAR 64","8641","April","2022","LA"
"4097","ACADIA PAR 01","39235","May","2022","LA"
"4098","ALLEN PAR 02","13451","May","2022","LA"
"4099","ASCENSION PAR 03","82995","May","2022","LA"
"4100","ASSUMPTION PAR 04","14808","May","2022","LA"
"4101","AVOYELLES PAR 05","24111","May","2022","LA"
"4102","BEAUREGARD PAR 06","23085","May","2022","LA"
"4103","BIENVILLE PAR 07","8958","May","2022","LA"
"4104","BOSSIER PAR 08","75068","May","2022","LA"
"4105","CADDO PAR 09","157605","May","2022","LA"
"4106","CALCASIEU PAR 10","126669","May","2022","LA"
"4107","CALDWELL PAR 11","6225","May","2022","LA"
"4108","CAMERON PAR 12","5137","May","2022","LA"
"4109","CATAHOULA PAR 13","6462","May","2022","LA"
"4110","CLAIBORNE PAR 14","8916","May","2022","LA"
"4111","CONCORDIA PAR 15","12529","May","2022","LA"
"4112","DE SOTO PAR 16","18869","May","2022","LA"
"4113","EAST BATON ROUGE PAR 17","291368","May","2022","LA"
"4114","EAST CARROLL PAR 18","4897","May","2022","LA"
"4115","EAST FELICIANA PAR 19","13979","May","2022","LA"
"4116","EVANGELINE PAR 20","21397","May","2022","LA"
"4117","FRANKLIN PAR 21","13589","May","2022","LA"
"4118","GRANT PAR 22","13000","May","2022","LA"
"4119","IBERIA PAR 23","46588","May","2022","LA"
"4120","IBERVILLE PAR 24","21169","May","2022","LA"
"4121","JACKSON PAR 25","9684","May","2022","LA"
"4122","JEFFERSON PAR 26","275560","May","2022","LA"
"4123","JEFFERSON DAVIS PAR 27","20856","May","2022","LA"
"4124","LAFAYETTE PAR 28","159021","May","2022","LA"
"4125","LAFOURCHE PAR 29","59915","May","2022","LA"
"4126","LASALLE PAR 30","8837","May","2022","LA"
"4127","LINCOLN PAR 31","27006","May","2022","LA"
"4128","LIVINGSTON PAR 32","86369","May","2022","LA"
"4129","MADISON PAR 33","7495","May","2022","LA"
"4130","MOREHOUSE PAR 34","17752","May","2022","LA"
"4131","NATCHITOCHES PAR 35","24011","May","2022","LA"
"4132","ORLEANS PAR 36","267224","May","2022","LA"
"4133","OUACHITA PAR 37","103570","May","2022","LA"
"4134","PLAQUEMINES PAR 38","14296","May","2022","LA"
"4135","POINTE COUPEE PAR 39","15468","May","2022","LA"
"4136","RAPIDES PAR 40","81880","May","2022","LA"
"4137","RED RIVER PAR 41","5744","May","2022","LA"
"4138","RICHLAND PAR 42","14030","May","2022","LA"
"4139","SABINE PAR 43","14731","May","2022","LA"
"4140","ST. BERNARD PAR 44","26579","May","2022","LA"
"4141","ST. CHARLES PAR 45","36151","May","2022","LA"
"4142","ST. HELENA PAR 46","8428","May","2022","LA"
"4143","ST. JAMES PAR 47","15342","May","2022","LA"
"4144","ST. JOHN THE BAPTIST PAR 48","29603","May","2022","LA"
"4145","ST. LANDRY PAR 49","58542","May","2022","LA"
"4146","ST. MARTIN PAR 50","37058","May","2022","LA"
"4147","ST. MARY PAR 51","32235","May","2022","LA"
"4148","ST. TAMMANY PAR 52","186527","May","2022","LA"
"4149","TANGIPAHOA PAR 53","78205","May","2022","LA"
"4150","TENSAS PAR 54","3435","May","2022","LA"
"4151","TERREBONNE PAR 55","63583","May","2022","LA"
"4152","UNION PAR 56","15673","May","2022","LA"
"4153","VERMILION PAR 57","37708","May","2022","LA"
"4154","VERNON PAR 58","25428","May","2022","LA"
"4155","WASHINGTON PAR 59","28098","May","2022","LA"
"4156","WEBSTER PAR 60","23914","May","2022","LA"
"4157","WEST BATON ROUGE PAR 61","17608","May","2022","LA"
"4158","WEST CARROLL PAR 62","7132","May","2022","LA"
"4159","WEST FELICIANA PAR 63","7830","May","2022","LA"
"4160","WINN PAR 64","8631","May","2022","LA"
"4161","ACADIA PAR 01","39192","June","2022","LA"
"4162","ALLEN PAR 02","13443","June","2022","LA"
"4163","ASCENSION PAR 03","82944","June","2022","LA"
"4164","ASSUMPTION PAR 04","14788","June","2022","LA"
"4165","AVOYELLES PAR 05","24110","June","2022","LA"
"4166","BEAUREGARD PAR 06","23100","June","2022","LA"
"4167","BIENVILLE PAR 07","8952","June","2022","LA"
"4168","BOSSIER PAR 08","75264","June","2022","LA"
"4169","CADDO PAR 09","157844","June","2022","LA"
"4170","CALCASIEU PAR 10","126639","June","2022","LA"
"4171","CALDWELL PAR 11","6206","June","2022","LA"
"4172","CAMERON PAR 12","5135","June","2022","LA"
"4173","CATAHOULA PAR 13","6436","June","2022","LA"
"4174","CLAIBORNE PAR 14","8897","June","2022","LA"
"4175","CONCORDIA PAR 15","12515","June","2022","LA"
"4176","DE SOTO PAR 16","18880","June","2022","LA"
"4177","EAST BATON ROUGE PAR 17","291338","June","2022","LA"
"4178","EAST CARROLL PAR 18","4896","June","2022","LA"
"4179","EAST FELICIANA PAR 19","13943","June","2022","LA"
"4180","EVANGELINE PAR 20","21395","June","2022","LA"
"4181","FRANKLIN PAR 21","13572","June","2022","LA"
"4182","GRANT PAR 22","12978","June","2022","LA"
"4183","IBERIA PAR 23","46569","June","2022","LA"
"4184","IBERVILLE PAR 24","21140","June","2022","LA"
"4185","JACKSON PAR 25","9672","June","2022","LA"
"4186","JEFFERSON PAR 26","275665","June","2022","LA"
"4187","JEFFERSON DAVIS PAR 27","20868","June","2022","LA"
"4188","LAFAYETTE PAR 28","158991","June","2022","LA"
"4189","LAFOURCHE PAR 29","59876","June","2022","LA"
"4190","LASALLE PAR 30","8823","June","2022","LA"
"4191","LINCOLN PAR 31","26974","June","2022","LA"
"4192","LIVINGSTON PAR 32","86472","June","2022","LA"
"4193","MADISON PAR 33","7498","June","2022","LA"
"4194","MOREHOUSE PAR 34","17737","June","2022","LA"
"4195","NATCHITOCHES PAR 35","24005","June","2022","LA"
"4196","ORLEANS PAR 36","267321","June","2022","LA"
"4197","OUACHITA PAR 37","103652","June","2022","LA"
"4198","PLAQUEMINES PAR 38","14286","June","2022","LA"
"4199","POINTE COUPEE PAR 39","15454","June","2022","LA"
"4200","RAPIDES PAR 40","81316","June","2022","LA"
"4201","RED RIVER PAR 41","5736","June","2022","LA"
"4202","RICHLAND PAR 42","14048","June","2022","LA"
"4203","SABINE PAR 43","14723","June","2022","LA"
"4204","ST. BERNARD PAR 44","26587","June","2022","LA"
"4205","ST. CHARLES PAR 45","36191","June","2022","LA"
"4206","ST. HELENA PAR 46","8437","June","2022","LA"
"4207","ST. JAMES PAR 47","15331","June","2022","LA"
"4208","ST. JOHN THE BAPTIST PAR 48","29572","June","2022","LA"
"4209","ST. LANDRY PAR 49","58445","June","2022","LA"
"4210","ST. MARTIN PAR 50","37058","June","2022","LA"
"4211","ST. MARY PAR 51","32197","June","2022","LA"
"4212","ST. TAMMANY PAR 52","186915","June","2022","LA"
"4213","TANGIPAHOA PAR 53","78299","June","2022","LA"
"4214","TENSAS PAR 54","3437","June","2022","LA"
"4215","TERREBONNE PAR 55","63507","June","2022","LA"
"4216","UNION PAR 56","15675","June","2022","LA"
"4217","VERMILION PAR 57","37792","June","2022","LA"
"4218","VERNON PAR 58","25427","June","2022","LA"
"4219","WASHINGTON PAR 59","28113","June","2022","LA"
"4220","WEBSTER PAR 60","23875","June","2022","LA"
"4221","WEST BATON ROUGE PAR 61","17621","June","2022","LA"
"4222","WEST CARROLL PAR 62","7121","June","2022","LA"
"4223","WEST FELICIANA PAR 63","7807","June","2022","LA"
"4224","WINN PAR 64","8622","June","2022","LA"
"4225","ACADIA PAR 01","39126","July","2022","LA"
"4226","ALLEN PAR 02","13399","July","2022","LA"
"4227","ASCENSION PAR 03","82756","July","2022","LA"
"4228","ASSUMPTION PAR 04","14744","July","2022","LA"
"4229","AVOYELLES PAR 05","24036","July","2022","LA"
"4230","BEAUREGARD PAR 06","23072","July","2022","LA"
"4231","BIENVILLE PAR 07","8916","July","2022","LA"
"4232","BOSSIER PAR 08","75162","July","2022","LA"
"4233","CADDO PAR 09","157675","July","2022","LA"
"4234","CALCASIEU PAR 10","126835","July","2022","LA"
"4235","CALDWELL PAR 11","6210","July","2022","LA"
"4236","CAMERON PAR 12","5075","July","2022","LA"
"4237","CATAHOULA PAR 13","6432","July","2022","LA"
"4238","CLAIBORNE PAR 14","8875","July","2022","LA"
"4239","CONCORDIA PAR 15","12476","July","2022","LA"
"4240","DE SOTO PAR 16","18875","July","2022","LA"
"4241","EAST BATON ROUGE PAR 17","291027","July","2022","LA"
"4242","EAST CARROLL PAR 18","4886","July","2022","LA"
"4243","EAST FELICIANA PAR 19","13924","July","2022","LA"
"4244","EVANGELINE PAR 20","21366","July","2022","LA"
"4245","FRANKLIN PAR 21","13543","July","2022","LA"
"4246","GRANT PAR 22","12898","July","2022","LA"
"4247","IBERIA PAR 23","46289","July","2022","LA"
"4248","IBERVILLE PAR 24","21124","July","2022","LA"
"4249","JACKSON PAR 25","9660","July","2022","LA"
"4250","JEFFERSON PAR 26","275435","July","2022","LA"
"4251","JEFFERSON DAVIS PAR 27","20832","July","2022","LA"
"4252","LAFAYETTE PAR 28","158865","July","2022","LA"
"4253","LAFOURCHE PAR 29","59767","July","2022","LA"
"4254","LASALLE PAR 30","8798","July","2022","LA"
"4255","LINCOLN PAR 31","26872","July","2022","LA"
"4256","LIVINGSTON PAR 32","86367","July","2022","LA"
"4257","MADISON PAR 33","7483","July","2022","LA"
"4258","MOREHOUSE PAR 34","17694","July","2022","LA"
"4259","NATCHITOCHES PAR 35","23927","July","2022","LA"
"4260","ORLEANS PAR 36","266824","July","2022","LA"
"4261","OUACHITA PAR 37","103570","July","2022","LA"
"4262","PLAQUEMINES PAR 38","14230","July","2022","LA"
"4263","POINTE COUPEE PAR 39","15411","July","2022","LA"
"4264","RAPIDES PAR 40","81139","July","2022","LA"
"4265","RED RIVER PAR 41","5725","July","2022","LA"
"4266","RICHLAND PAR 42","14032","July","2022","LA"
"4267","SABINE PAR 43","14701","July","2022","LA"
"4268","ST. BERNARD PAR 44","26617","July","2022","LA"
"4269","ST. CHARLES PAR 45","36153","July","2022","LA"
"4270","ST. HELENA PAR 46","8438","July","2022","LA"
"4271","ST. JAMES PAR 47","15316","July","2022","LA"
"4272","ST. JOHN THE BAPTIST PAR 48","29527","July","2022","LA"
"4273","ST. LANDRY PAR 49","58368","July","2022","LA"
"4274","ST. MARTIN PAR 50","36983","July","2022","LA"
"4275","ST. MARY PAR 51","32130","July","2022","LA"
"4276","ST. TAMMANY PAR 52","186810","July","2022","LA"
"4277","TANGIPAHOA PAR 53","78288","July","2022","LA"
"4278","TENSAS PAR 54","3431","July","2022","LA"
"4279","TERREBONNE PAR 55","63331","July","2022","LA"
"4280","UNION PAR 56","15640","July","2022","LA"
"4281","VERMILION PAR 57","37770","July","2022","LA"
"4282","VERNON PAR 58","25354","July","2022","LA"
"4283","WASHINGTON PAR 59","28113","July","2022","LA"
"4284","WEBSTER PAR 60","23837","July","2022","LA"
"4285","WEST BATON ROUGE PAR 61","17602","July","2022","LA"
"4286","WEST CARROLL PAR 62","7111","July","2022","LA"
"4287","WEST FELICIANA PAR 63","7798","July","2022","LA"
"4288","WINN PAR 64","8585","July","2022","LA"
"4289","ACADIA PAR 01","39115","August","2022","LA"
"4290","ALLEN PAR 02","13400","August","2022","LA"
"4291","ASCENSION PAR 03","82882","August","2022","LA"
"4292","ASSUMPTION PAR 04","14729","August","2022","LA"
"4293","AVOYELLES PAR 05","24018","August","2022","LA"
"4294","BEAUREGARD PAR 06","23050","August","2022","LA"
"4295","BIENVILLE PAR 07","8906","August","2022","LA"
"4296","BOSSIER PAR 08","75189","August","2022","LA"
"4297","CADDO PAR 09","157643","August","2022","LA"
"4298","CALCASIEU PAR 10","126591","August","2022","LA"
"4299","CALDWELL PAR 11","6209","August","2022","LA"
"4300","CAMERON PAR 12","5075","August","2022","LA"
"4301","CATAHOULA PAR 13","6418","August","2022","LA"
"4302","CLAIBORNE PAR 14","8867","August","2022","LA"
"4303","CONCORDIA PAR 15","12477","August","2022","LA"
"4304","DE SOTO PAR 16","18875","August","2022","LA"
"4305","EAST BATON ROUGE PAR 17","290858","August","2022","LA"
"4306","EAST CARROLL PAR 18","4878","August","2022","LA"
"4307","EAST FELICIANA PAR 19","13934","August","2022","LA"
"4308","EVANGELINE PAR 20","21374","August","2022","LA"
"4309","FRANKLIN PAR 21","13527","August","2022","LA"
"4310","GRANT PAR 22","12917","August","2022","LA"
"4311","IBERIA PAR 23","46255","August","2022","LA"
"4312","IBERVILLE PAR 24","21125","August","2022","LA"
"4313","JACKSON PAR 25","9653","August","2022","LA"
"4314","JEFFERSON PAR 26","275414","August","2022","LA"
"4315","JEFFERSON DAVIS PAR 27","20837","August","2022","LA"
"4316","LAFAYETTE PAR 28","159003","August","2022","LA"
"4317","LAFOURCHE PAR 29","59703","August","2022","LA"
"4318","LASALLE PAR 30","8801","August","2022","LA"
"4319","LINCOLN PAR 31","26886","August","2022","LA"
"4320","LIVINGSTON PAR 32","86128","August","2022","LA"
"4321","MADISON PAR 33","7472","August","2022","LA"
"4322","MOREHOUSE PAR 34","17666","August","2022","LA"
"4323","NATCHITOCHES PAR 35","23906","August","2022","LA"
"4324","ORLEANS PAR 36","266714","August","2022","LA"
"4325","OUACHITA PAR 37","103611","August","2022","LA"
"4326","PLAQUEMINES PAR 38","14258","August","2022","LA"
"4327","POINTE COUPEE PAR 39","15413","August","2022","LA"
"4328","RAPIDES PAR 40","81084","August","2022","LA"
"4329","RED RIVER PAR 41","5726","August","2022","LA"
"4330","RICHLAND PAR 42","14034","August","2022","LA"
"4331","SABINE PAR 43","14685","August","2022","LA"
"4332","ST. BERNARD PAR 44","26618","August","2022","LA"
"4333","ST. CHARLES PAR 45","36136","August","2022","LA"
"4334","ST. HELENA PAR 46","8436","August","2022","LA"
"4335","ST. JAMES PAR 47","15282","August","2022","LA"
"4336","ST. JOHN THE BAPTIST PAR 48","29515","August","2022","LA"
"4337","ST. LANDRY PAR 49","58374","August","2022","LA"
"4338","ST. MARTIN PAR 50","36943","August","2022","LA"
"4339","ST. MARY PAR 51","32106","August","2022","LA"
"4340","ST. TAMMANY PAR 52","187107","August","2022","LA"
"4341","TANGIPAHOA PAR 53","78336","August","2022","LA"
"4342","TENSAS PAR 54","3424","August","2022","LA"
"4343","TERREBONNE PAR 55","63217","August","2022","LA"
"4344","UNION PAR 56","15647","August","2022","LA"
"4345","VERMILION PAR 57","37975","August","2022","LA"
"4346","VERNON PAR 58","25366","August","2022","LA"
"4347","WASHINGTON PAR 59","28108","August","2022","LA"
"4348","WEBSTER PAR 60","23836","August","2022","LA"
"4349","WEST BATON ROUGE PAR 61","17611","August","2022","LA"
"4350","WEST CARROLL PAR 62","7105","August","2022","LA"
"4351","WEST FELICIANA PAR 63","7801","August","2022","LA"
"4352","WINN PAR 64","8557","August","2022","LA"
"4353","ACADIA PAR 01","39125","September","2022","LA"
"4354","ALLEN PAR 02","13373","September","2022","LA"
"4355","ASCENSION PAR 03","82952","September","2022","LA"
"4356","ASSUMPTION PAR 04","14717","September","2022","LA"
"4357","AVOYELLES PAR 05","24004","September","2022","LA"
"4358","BEAUREGARD PAR 06","23048","September","2022","LA"
"4359","BIENVILLE PAR 07","8841","September","2022","LA"
"4360","BOSSIER PAR 08","75258","September","2022","LA"
"4361","CADDO PAR 09","157556","September","2022","LA"
"4362","CALCASIEU PAR 10","126509","September","2022","LA"
"4363","CALDWELL PAR 11","6203","September","2022","LA"
"4364","CAMERON PAR 12","5057","September","2022","LA"
"4365","CATAHOULA PAR 13","6405","September","2022","LA"
"4366","CLAIBORNE PAR 14","8869","September","2022","LA"
"4367","CONCORDIA PAR 15","12478","September","2022","LA"
"4368","DE SOTO PAR 16","18866","September","2022","LA"
"4369","EAST BATON ROUGE PAR 17","290848","September","2022","LA"
"4370","EAST CARROLL PAR 18","4878","September","2022","LA"
"4371","EAST FELICIANA PAR 19","13927","September","2022","LA"
"4372","EVANGELINE PAR 20","21436","September","2022","LA"
"4373","FRANKLIN PAR 21","13507","September","2022","LA"
"4374","GRANT PAR 22","12919","September","2022","LA"
"4375","IBERIA PAR 23","46216","September","2022","LA"
"4376","IBERVILLE PAR 24","21140","September","2022","LA"
"4377","JACKSON PAR 25","9662","September","2022","LA"
"4378","JEFFERSON PAR 26","275332","September","2022","LA"
"4379","JEFFERSON DAVIS PAR 27","20850","September","2022","LA"
"4380","LAFAYETTE PAR 28","159083","September","2022","LA"
"4381","LAFOURCHE PAR 29","59690","September","2022","LA"
"4382","LASALLE PAR 30","8795","September","2022","LA"
"4383","LINCOLN PAR 31","26888","September","2022","LA"
"4384","LIVINGSTON PAR 32","85802","September","2022","LA"
"4385","MADISON PAR 33","7470","September","2022","LA"
"4386","MOREHOUSE PAR 34","17634","September","2022","LA"
"4387","NATCHITOCHES PAR 35","23879","September","2022","LA"
"4388","ORLEANS PAR 36","267004","September","2022","LA"
"4389","OUACHITA PAR 37","103627","September","2022","LA"
"4390","PLAQUEMINES PAR 38","14285","September","2022","LA"
"4391","POINTE COUPEE PAR 39","15432","September","2022","LA"
"4392","RAPIDES PAR 40","81032","September","2022","LA"
"4393","RED RIVER PAR 41","5720","September","2022","LA"
"4394","RICHLAND PAR 42","14039","September","2022","LA"
"4395","SABINE PAR 43","14686","September","2022","LA"
"4396","ST. BERNARD PAR 44","26621","September","2022","LA"
"4397","ST. CHARLES PAR 45","36119","September","2022","LA"
"4398","ST. HELENA PAR 46","8445","September","2022","LA"
"4399","ST. JAMES PAR 47","15274","September","2022","LA"
"4400","ST. JOHN THE BAPTIST PAR 48","29456","September","2022","LA"
"4401","ST. LANDRY PAR 49","58283","September","2022","LA"
"4402","ST. MARTIN PAR 50","36941","September","2022","LA"
"4403","ST. MARY PAR 51","32079","September","2022","LA"
"4404","ST. TAMMANY PAR 52","187360","September","2022","LA"
"4405","TANGIPAHOA PAR 53","78401","September","2022","LA"
"4406","TENSAS PAR 54","3426","September","2022","LA"
"4407","TERREBONNE PAR 55","63122","September","2022","LA"
"4408","UNION PAR 56","15661","September","2022","LA"
"4409","VERMILION PAR 57","37948","September","2022","LA"
"4410","VERNON PAR 58","25365","September","2022","LA"
"4411","WASHINGTON PAR 59","28125","September","2022","LA"
"4412","WEBSTER PAR 60","23817","September","2022","LA"
"4413","WEST BATON ROUGE PAR 61","17607","September","2022","LA"
"4414","WEST CARROLL PAR 62","7100","September","2022","LA"
"4415","WEST FELICIANA PAR 63","7791","September","2022","LA"
"4416","WINN PAR 64","8544","September","2022","LA"
"4417","ACADIA PAR 01","39170","October","2022","LA"
"4418","ALLEN PAR 02","13403","October","2022","LA"
"4419","ASCENSION PAR 03","83178","October","2022","LA"
"4420","ASSUMPTION PAR 04","14708","October","2022","LA"
"4421","AVOYELLES PAR 05","24012","October","2022","LA"
"4422","BEAUREGARD PAR 06","23127","October","2022","LA"
"4423","BIENVILLE PAR 07","8835","October","2022","LA"
"4424","BOSSIER PAR 08","75443","October","2022","LA"
"4425","CADDO PAR 09","157727","October","2022","LA"
"4426","CALCASIEU PAR 10","126655","October","2022","LA"
"4427","CALDWELL PAR 11","6206","October","2022","LA"
"4428","CAMERON PAR 12","5034","October","2022","LA"
"4429","CATAHOULA PAR 13","6425","October","2022","LA"
"4430","CLAIBORNE PAR 14","8873","October","2022","LA"
"4431","CONCORDIA PAR 15","12497","October","2022","LA"
"4432","DE SOTO PAR 16","18892","October","2022","LA"
"4433","EAST BATON ROUGE PAR 17","291310","October","2022","LA"
"4434","EAST CARROLL PAR 18","4881","October","2022","LA"
"4435","EAST FELICIANA PAR 19","13935","October","2022","LA"
"4436","EVANGELINE PAR 20","21564","October","2022","LA"
"4437","FRANKLIN PAR 21","13501","October","2022","LA"
"4438","GRANT PAR 22","12926","October","2022","LA"
"4439","IBERIA PAR 23","46186","October","2022","LA"
"4440","IBERVILLE PAR 24","21176","October","2022","LA"
"4441","JACKSON PAR 25","9697","October","2022","LA"
"4442","JEFFERSON PAR 26","275429","October","2022","LA"
"4443","JEFFERSON DAVIS PAR 27","20904","October","2022","LA"
"4444","LAFAYETTE PAR 28","159319","October","2022","LA"
"4445","LAFOURCHE PAR 29","59645","October","2022","LA"
"4446","LASALLE PAR 30","8818","October","2022","LA"
"4447","LINCOLN PAR 31","26960","October","2022","LA"
"4448","LIVINGSTON PAR 32","85845","October","2022","LA"
"4449","MADISON PAR 33","7471","October","2022","LA"
"4450","MOREHOUSE PAR 34","17612","October","2022","LA"
"4451","NATCHITOCHES PAR 35","23941","October","2022","LA"
"4452","ORLEANS PAR 36","267410","October","2022","LA"
"4453","OUACHITA PAR 37","103740","October","2022","LA"
"4454","PLAQUEMINES PAR 38","14285","October","2022","LA"
"4455","POINTE COUPEE PAR 39","15456","October","2022","LA"
"4456","RAPIDES PAR 40","81207","October","2022","LA"
"4457","RED RIVER PAR 41","5736","October","2022","LA"
"4458","RICHLAND PAR 42","14043","October","2022","LA"
"4459","SABINE PAR 43","14690","October","2022","LA"
"4460","ST. BERNARD PAR 44","26677","October","2022","LA"
"4461","ST. CHARLES PAR 45","36124","October","2022","LA"
"4462","ST. HELENA PAR 46","8433","October","2022","LA"
"4463","ST. JAMES PAR 47","15282","October","2022","LA"
"4464","ST. JOHN THE BAPTIST PAR 48","29441","October","2022","LA"
"4465","ST. LANDRY PAR 49","58303","October","2022","LA"
"4466","ST. MARTIN PAR 50","36976","October","2022","LA"
"4467","ST. MARY PAR 51","32105","October","2022","LA"
"4468","ST. TAMMANY PAR 52","187865","October","2022","LA"
"4469","TANGIPAHOA PAR 53","78656","October","2022","LA"
"4470","TENSAS PAR 54","3441","October","2022","LA"
"4471","TERREBONNE PAR 55","63164","October","2022","LA"
"4472","UNION PAR 56","15659","October","2022","LA"
"4473","VERMILION PAR 57","37999","October","2022","LA"
"4474","VERNON PAR 58","25416","October","2022","LA"
"4475","WASHINGTON PAR 59","28227","October","2022","LA"
"4476","WEBSTER PAR 60","23860","October","2022","LA"
"4477","WEST BATON ROUGE PAR 61","17649","October","2022","LA"
"4478","WEST CARROLL PAR 62","7098","October","2022","LA"
"4479","WEST FELICIANA PAR 63","7799","October","2022","LA"
"4480","WINN PAR 64","8550","October","2022","LA"
"4481","ACADIA PAR 01","39273","November","2022","LA"
"4482","ALLEN PAR 02","13419","November","2022","LA"
"4483","ASCENSION PAR 03","83343","November","2022","LA"
"4484","ASSUMPTION PAR 04","14711","November","2022","LA"
"4485","AVOYELLES PAR 05","24028","November","2022","LA"
"4486","BEAUREGARD PAR 06","23186","November","2022","LA"
"4487","BIENVILLE PAR 07","8877","November","2022","LA"
"4488","BOSSIER PAR 08","75617","November","2022","LA"
"4489","CADDO PAR 09","157847","November","2022","LA"
"4490","CALCASIEU PAR 10","126874","November","2022","LA"
"4491","CALDWELL PAR 11","6197","November","2022","LA"
"4492","CAMERON PAR 12","5035","November","2022","LA"
"4493","CATAHOULA PAR 13","6451","November","2022","LA"
"4494","CLAIBORNE PAR 14","8882","November","2022","LA"
"4495","CONCORDIA PAR 15","12501","November","2022","LA"
"4496","DE SOTO PAR 16","18967","November","2022","LA"
"4497","EAST BATON ROUGE PAR 17","291924","November","2022","LA"
"4498","EAST CARROLL PAR 18","4889","November","2022","LA"
"4499","EAST FELICIANA PAR 19","13954","November","2022","LA"
"4500","EVANGELINE PAR 20","21724","November","2022","LA"
"4501","FRANKLIN PAR 21","13483","November","2022","LA"
"4502","GRANT PAR 22","12937","November","2022","LA"
"4503","IBERIA PAR 23","46195","November","2022","LA"
"4504","IBERVILLE PAR 24","21295","November","2022","LA"
"4505","JACKSON PAR 25","9763","November","2022","LA"
"4506","JEFFERSON PAR 26","275654","November","2022","LA"
"4507","JEFFERSON DAVIS PAR 27","20961","November","2022","LA"
"4508","LAFAYETTE PAR 28","159738","November","2022","LA"
"4509","LAFOURCHE PAR 29","59747","November","2022","LA"
"4510","LASALLE PAR 30","8830","November","2022","LA"
"4511","LINCOLN PAR 31","27076","November","2022","LA"
"4512","LIVINGSTON PAR 32","86090","November","2022","LA"
"4513","MADISON PAR 33","7473","November","2022","LA"
"4514","MOREHOUSE PAR 34","17639","November","2022","LA"
"4515","NATCHITOCHES PAR 35","23962","November","2022","LA"
"4516","ORLEANS PAR 36","268272","November","2022","LA"
"4517","OUACHITA PAR 37","103864","November","2022","LA"
"4518","PLAQUEMINES PAR 38","14353","November","2022","LA"
"4519","POINTE COUPEE PAR 39","15501","November","2022","LA"
"4520","RAPIDES PAR 40","81360","November","2022","LA"
"4521","RED RIVER PAR 41","5741","November","2022","LA"
"4522","RICHLAND PAR 42","14077","November","2022","LA"
"4523","SABINE PAR 43","14729","November","2022","LA"
"4524","ST. BERNARD PAR 44","26713","November","2022","LA"
"4525","ST. CHARLES PAR 45","36150","November","2022","LA"
"4526","ST. HELENA PAR 46","8450","November","2022","LA"
"4527","ST. JAMES PAR 47","15324","November","2022","LA"
"4528","ST. JOHN THE BAPTIST PAR 48","29507","November","2022","LA"
"4529","ST. LANDRY PAR 49","58438","November","2022","LA"
"4530","ST. MARTIN PAR 50","37024","November","2022","LA"
"4531","ST. MARY PAR 51","32122","November","2022","LA"
"4532","ST. TAMMANY PAR 52","188457","November","2022","LA"
"4533","TANGIPAHOA PAR 53","78863","November","2022","LA"
"4534","TENSAS PAR 54","3450","November","2022","LA"
"4535","TERREBONNE PAR 55","63159","November","2022","LA"
"4536","UNION PAR 56","15675","November","2022","LA"
"4537","VERMILION PAR 57","38057","November","2022","LA"
"4538","VERNON PAR 58","25484","November","2022","LA"
"4539","WASHINGTON PAR 59","28281","November","2022","LA"
"4540","WEBSTER PAR 60","23900","November","2022","LA"
"4541","WEST BATON ROUGE PAR 61","17687","November","2022","LA"
"4542","WEST CARROLL PAR 62","7095","November","2022","LA"
"4543","WEST FELICIANA PAR 63","7801","November","2022","LA"
"4544","WINN PAR 64","8550","November","2022","LA"
"4545","ACADIA PAR 01","39379","December","2022","LA"
"4546","ALLEN PAR 02","13447","December","2022","LA"
"4547","ASCENSION PAR 03","83818","December","2022","LA"
"4548","ASSUMPTION PAR 04","14712","December","2022","LA"
"4549","AVOYELLES PAR 05","24032","December","2022","LA"
"4550","BEAUREGARD PAR 06","23276","December","2022","LA"
"4551","BIENVILLE PAR 07","8895","December","2022","LA"
"4552","BOSSIER PAR 08","75991","December","2022","LA"
"4553","CADDO PAR 09","158138","December","2022","LA"
"4554","CALCASIEU PAR 10","127166","December","2022","LA"
"4555","CALDWELL PAR 11","6225","December","2022","LA"
"4556","CAMERON PAR 12","5030","December","2022","LA"
"4557","CATAHOULA PAR 13","6450","December","2022","LA"
"4558","CLAIBORNE PAR 14","8900","December","2022","LA"
"4559","CONCORDIA PAR 15","12521","December","2022","LA"
"4560","DE SOTO PAR 16","19056","December","2022","LA"
"4561","EAST BATON ROUGE PAR 17","292611","December","2022","LA"
"4562","EAST CARROLL PAR 18","4888","December","2022","LA"
"4563","EAST FELICIANA PAR 19","13991","December","2022","LA"
"4564","EVANGELINE PAR 20","21793","December","2022","LA"
"4565","FRANKLIN PAR 21","13500","December","2022","LA"
"4566","GRANT PAR 22","12989","December","2022","LA"
"4567","IBERIA PAR 23","46247","December","2022","LA"
"4568","IBERVILLE PAR 24","21342","December","2022","LA"
"4569","JACKSON PAR 25","9796","December","2022","LA"
"4570","JEFFERSON PAR 26","275892","December","2022","LA"
"4571","JEFFERSON DAVIS PAR 27","21041","December","2022","LA"
"4572","LAFAYETTE PAR 28","160500","December","2022","LA"
"4573","LAFOURCHE PAR 29","59814","December","2022","LA"
"4574","LASALLE PAR 30","8846","December","2022","LA"
"4575","LINCOLN PAR 31","27144","December","2022","LA"
"4576","LIVINGSTON PAR 32","86758","December","2022","LA"
"4577","MADISON PAR 33","7478","December","2022","LA"
"4578","MOREHOUSE PAR 34","17638","December","2022","LA"
"4579","NATCHITOCHES PAR 35","23986","December","2022","LA"
"4580","ORLEANS PAR 36","268991","December","2022","LA"
"4581","OUACHITA PAR 37","104146","December","2022","LA"
"4582","PLAQUEMINES PAR 38","14443","December","2022","LA"
"4583","POINTE COUPEE PAR 39","15527","December","2022","LA"
"4584","RAPIDES PAR 40","81584","December","2022","LA"
"4585","RED RIVER PAR 41","5738","December","2022","LA"
"4586","RICHLAND PAR 42","14082","December","2022","LA"
"4587","SABINE PAR 43","14769","December","2022","LA"
"4588","ST. BERNARD PAR 44","26855","December","2022","LA"
"4589","ST. CHARLES PAR 45","36232","December","2022","LA"
"4590","ST. HELENA PAR 46","8482","December","2022","LA"
"4591","ST. JAMES PAR 47","15332","December","2022","LA"
"4592","ST. JOHN THE BAPTIST PAR 48","29481","December","2022","LA"
"4593","ST. LANDRY PAR 49","58572","December","2022","LA"
"4594","ST. MARTIN PAR 50","37040","December","2022","LA"
"4595","ST. MARY PAR 51","32122","December","2022","LA"
"4596","ST. TAMMANY PAR 52","189416","December","2022","LA"
"4597","TANGIPAHOA PAR 53","79595","December","2022","LA"
"4598","TENSAS PAR 54","3466","December","2022","LA"
"4599","TERREBONNE PAR 55","63224","December","2022","LA"
"4600","UNION PAR 56","15697","December","2022","LA"
"4601","VERMILION PAR 57","38131","December","2022","LA"
"4602","VERNON PAR 58","25627","December","2022","LA"
"4603","WASHINGTON PAR 59","28357","December","2022","LA"
"4604","WEBSTER PAR 60","23978","December","2022","LA"
"4605","WEST BATON ROUGE PAR 61","17769","December","2022","LA"
"4606","WEST CARROLL PAR 62","7131","December","2022","LA"
"4607","WEST FELICIANA PAR 63","7845","December","2022","LA"
"4608","WINN PAR 64","8544","December","2022","LA"
"4609","ACADIA PAR 01","39396","January","2023","LA"
"4610","ALLEN PAR 02","13444","January","2023","LA"
"4611","ASCENSION PAR 03","83888","January","2023","LA"
"4612","ASSUMPTION PAR 04","14705","January","2023","LA"
"4613","AVOYELLES PAR 05","24052","January","2023","LA"
"4614","BEAUREGARD PAR 06","23273","January","2023","LA"
"4615","BIENVILLE PAR 07","8890","January","2023","LA"
"4616","BOSSIER PAR 08","76119","January","2023","LA"
"4617","CADDO PAR 09","158101","January","2023","LA"
"4618","CALCASIEU PAR 10","127192","January","2023","LA"
"4619","CALDWELL PAR 11","6222","January","2023","LA"
"4620","CAMERON PAR 12","5036","January","2023","LA"
"4621","CATAHOULA PAR 13","6439","January","2023","LA"
"4622","CLAIBORNE PAR 14","8906","January","2023","LA"
"4623","CONCORDIA PAR 15","12527","January","2023","LA"
"4624","DE SOTO PAR 16","19054","January","2023","LA"
"4625","EAST BATON ROUGE PAR 17","292709","January","2023","LA"
"4626","EAST CARROLL PAR 18","4886","January","2023","LA"
"4627","EAST FELICIANA PAR 19","13985","January","2023","LA"
"4628","EVANGELINE PAR 20","21778","January","2023","LA"
"4629","FRANKLIN PAR 21","13484","January","2023","LA"
"4630","GRANT PAR 22","12974","January","2023","LA"
"4631","IBERIA PAR 23","46226","January","2023","LA"
"4632","IBERVILLE PAR 24","21352","January","2023","LA"
"4633","JACKSON PAR 25","9808","January","2023","LA"
"4634","JEFFERSON PAR 26","275984","January","2023","LA"
"4635","JEFFERSON DAVIS PAR 27","21043","January","2023","LA"
"4636","LAFAYETTE PAR 28","160518","January","2023","LA"
"4637","LAFOURCHE PAR 29","59800","January","2023","LA"
"4638","LASALLE PAR 30","8845","January","2023","LA"
"4639","LINCOLN PAR 31","27172","January","2023","LA"
"4640","LIVINGSTON PAR 32","86821","January","2023","LA"
"4641","MADISON PAR 33","7476","January","2023","LA"
"4642","MOREHOUSE PAR 34","17645","January","2023","LA"
"4643","NATCHITOCHES PAR 35","23952","January","2023","LA"
"4644","ORLEANS PAR 36","269158","January","2023","LA"
"4645","OUACHITA PAR 37","104227","January","2023","LA"
"4646","PLAQUEMINES PAR 38","14434","January","2023","LA"
"4647","POINTE COUPEE PAR 39","15510","January","2023","LA"
"4648","RAPIDES PAR 40","81614","January","2023","LA"
"4649","RED RIVER PAR 41","5724","January","2023","LA"
"4650","RICHLAND PAR 42","14070","January","2023","LA"
"4651","SABINE PAR 43","14759","January","2023","LA"
"4652","ST. BERNARD PAR 44","26908","January","2023","LA"
"4653","ST. CHARLES PAR 45","36228","January","2023","LA"
"4654","ST. HELENA PAR 46","8480","January","2023","LA"
"4655","ST. JAMES PAR 47","15327","January","2023","LA"
"4656","ST. JOHN THE BAPTIST PAR 48","29471","January","2023","LA"
"4657","ST. LANDRY PAR 49","58567","January","2023","LA"
"4658","ST. MARTIN PAR 50","37046","January","2023","LA"
"4659","ST. MARY PAR 51","32110","January","2023","LA"
"4660","ST. TAMMANY PAR 52","189717","January","2023","LA"
"4661","TANGIPAHOA PAR 53","79679","January","2023","LA"
"4662","TENSAS PAR 54","3460","January","2023","LA"
"4663","TERREBONNE PAR 55","63207","January","2023","LA"
"4664","UNION PAR 56","15689","January","2023","LA"
"4665","VERMILION PAR 57","38154","January","2023","LA"
"4666","VERNON PAR 58","25630","January","2023","LA"
"4667","WASHINGTON PAR 59","28367","January","2023","LA"
"4668","WEBSTER PAR 60","23957","January","2023","LA"
"4669","WEST BATON ROUGE PAR 61","17761","January","2023","LA"
"4670","WEST CARROLL PAR 62","7127","January","2023","LA"
"4671","WEST FELICIANA PAR 63","7851","January","2023","LA"
"4672","WINN PAR 64","8529","January","2023","LA"
"4673","ACADIA PAR 01","38846","February","2023","LA"
"4674","ALLEN PAR 02","12616","February","2023","LA"
"4675","ASCENSION PAR 03","82638","February","2023","LA"
"4676","ASSUMPTION PAR 04","14563","February","2023","LA"
"4677","AVOYELLES PAR 05","23685","February","2023","LA"
"4678","BEAUREGARD PAR 06","22994","February","2023","LA"
"4679","BIENVILLE PAR 07","8825","February","2023","LA"
"4680","BOSSIER PAR 08","73736","February","2023","LA"
"4681","CADDO PAR 09","154517","February","2023","LA"
"4682","CALCASIEU PAR 10","124977","February","2023","LA"
"4683","CALDWELL PAR 11","6087","February","2023","LA"
"4684","CAMERON PAR 12","4961","February","2023","LA"
"4685","CATAHOULA PAR 13","6420","February","2023","LA"
"4686","CLAIBORNE PAR 14","8677","February","2023","LA"
"4687","CONCORDIA PAR 15","12250","February","2023","LA"
"4688","DE SOTO PAR 16","18984","February","2023","LA"
"4689","EAST BATON ROUGE PAR 17","286247","February","2023","LA"
"4690","EAST CARROLL PAR 18","4784","February","2023","LA"
"4691","EAST FELICIANA PAR 19","13871","February","2023","LA"
"4692","EVANGELINE PAR 20","21310","February","2023","LA"
"4693","FRANKLIN PAR 21","13245","February","2023","LA"
"4694","GRANT PAR 22","12865","February","2023","LA"
"4695","IBERIA PAR 23","45519","February","2023","LA"
"4696","IBERVILLE PAR 24","21080","February","2023","LA"
"4697","JACKSON PAR 25","9705","February","2023","LA"
"4698","JEFFERSON PAR 26","269623","February","2023","LA"
"4699","JEFFERSON DAVIS PAR 27","20602","February","2023","LA"
"4700","LAFAYETTE PAR 28","157530","February","2023","LA"
"4701","LAFOURCHE PAR 29","59124","February","2023","LA"
"4702","LASALLE PAR 30","8733","February","2023","LA"
"4703","LINCOLN PAR 31","26657","February","2023","LA"
"4704","LIVINGSTON PAR 32","86424","February","2023","LA"
"4705","MADISON PAR 33","7378","February","2023","LA"
"4706","MOREHOUSE PAR 34","17236","February","2023","LA"
"4707","NATCHITOCHES PAR 35","23409","February","2023","LA"
"4708","ORLEANS PAR 36","264481","February","2023","LA"
"4709","OUACHITA PAR 37","102533","February","2023","LA"
"4710","PLAQUEMINES PAR 38","14396","February","2023","LA"
"4711","POINTE COUPEE PAR 39","15356","February","2023","LA"
"4712","RAPIDES PAR 40","80958","February","2023","LA"
"4713","RED RIVER PAR 41","5648","February","2023","LA"
"4714","RICHLAND PAR 42","13851","February","2023","LA"
"4715","SABINE PAR 43","14614","February","2023","LA"
"4716","ST. BERNARD PAR 44","26370","February","2023","LA"
"4717","ST. CHARLES PAR 45","35736","February","2023","LA"
"4718","ST. HELENA PAR 46","8425","February","2023","LA"
"4719","ST. JAMES PAR 47","15091","February","2023","LA"
"4720","ST. JOHN THE BAPTIST PAR 48","29057","February","2023","LA"
"4721","ST. LANDRY PAR 49","58014","February","2023","LA"
"4722","ST. MARTIN PAR 50","36614","February","2023","LA"
"4723","ST. MARY PAR 51","31637","February","2023","LA"
"4724","ST. TAMMANY PAR 52","185777","February","2023","LA"
"4725","TANGIPAHOA PAR 53","78092","February","2023","LA"
"4726","TENSAS PAR 54","3453","February","2023","LA"
"4727","TERREBONNE PAR 55","62150","February","2023","LA"
"4728","UNION PAR 56","15429","February","2023","LA"
"4729","VERMILION PAR 57","37787","February","2023","LA"
"4730","VERNON PAR 58","24866","February","2023","LA"
"4731","WASHINGTON PAR 59","28047","February","2023","LA"
"4732","WEBSTER PAR 60","23294","February","2023","LA"
"4733","WEST BATON ROUGE PAR 61","17549","February","2023","LA"
"4734","WEST CARROLL PAR 62","7062","February","2023","LA"
"4735","WEST FELICIANA PAR 63","7750","February","2023","LA"
"4736","WINN PAR 64","8379","February","2023","LA"
"4737","ACADIA PAR 01","38817","March","2023","LA"
"4738","ALLEN PAR 02","12609","March","2023","LA"
"4739","ASCENSION PAR 03","82642","March","2023","LA"
"4740","ASSUMPTION PAR 04","14530","March","2023","LA"
"4741","AVOYELLES PAR 05","23672","March","2023","LA"
"4742","BEAUREGARD PAR 06","22977","March","2023","LA"
"4743","BIENVILLE PAR 07","8814","March","2023","LA"
"4744","BOSSIER PAR 08","73781","March","2023","LA"
"4745","CADDO PAR 09","154385","March","2023","LA"
"4746","CALCASIEU PAR 10","124960","March","2023","LA"
"4747","CALDWELL PAR 11","6060","March","2023","LA"
"4748","CAMERON PAR 12","4945","March","2023","LA"
"4749","CATAHOULA PAR 13","6394","March","2023","LA"
"4750","CLAIBORNE PAR 14","8670","March","2023","LA"
"4751","CONCORDIA PAR 15","12241","March","2023","LA"
"4752","DE SOTO PAR 16","18969","March","2023","LA"
"4753","EAST BATON ROUGE PAR 17","285890","March","2023","LA"
"4754","EAST CARROLL PAR 18","4781","March","2023","LA"
"4755","EAST FELICIANA PAR 19","13862","March","2023","LA"
"4756","EVANGELINE PAR 20","21288","March","2023","LA"
"4757","FRANKLIN PAR 21","13229","March","2023","LA"
"4758","GRANT PAR 22","12852","March","2023","LA"
"4759","IBERIA PAR 23","45474","March","2023","LA"
"4760","IBERVILLE PAR 24","21101","March","2023","LA"
"4761","JACKSON PAR 25","9696","March","2023","LA"
"4762","JEFFERSON PAR 26","269532","March","2023","LA"
"4763","JEFFERSON DAVIS PAR 27","20595","March","2023","LA"
"4764","LAFAYETTE PAR 28","157490","March","2023","LA"
"4765","LAFOURCHE PAR 29","59092","March","2023","LA"
"4766","LASALLE PAR 30","8721","March","2023","LA"
"4767","LINCOLN PAR 31","26610","March","2023","LA"
"4768","LIVINGSTON PAR 32","86448","March","2023","LA"
"4769","MADISON PAR 33","7381","March","2023","LA"
"4770","MOREHOUSE PAR 34","17223","March","2023","LA"
"4771","NATCHITOCHES PAR 35","23395","March","2023","LA"
"4772","ORLEANS PAR 36","264535","March","2023","LA"
"4773","OUACHITA PAR 37","102496","March","2023","LA"
"4774","PLAQUEMINES PAR 38","14385","March","2023","LA"
"4775","POINTE COUPEE PAR 39","15343","March","2023","LA"
"4776","RAPIDES PAR 40","80902","March","2023","LA"
"4777","RED RIVER PAR 41","5640","March","2023","LA"
"4778","RICHLAND PAR 42","13841","March","2023","LA"
"4779","SABINE PAR 43","14608","March","2023","LA"
"4780","ST. BERNARD PAR 44","26375","March","2023","LA"
"4781","ST. CHARLES PAR 45","35735","March","2023","LA"
"4782","ST. HELENA PAR 46","8431","March","2023","LA"
"4783","ST. JAMES PAR 47","15073","March","2023","LA"
"4784","ST. JOHN THE BAPTIST PAR 48","29059","March","2023","LA"
"4785","ST. LANDRY PAR 49","57941","March","2023","LA"
"4786","ST. MARTIN PAR 50","36602","March","2023","LA"
"4787","ST. MARY PAR 51","31623","March","2023","LA"
"4788","ST. TAMMANY PAR 52","185805","March","2023","LA"
"4789","TANGIPAHOA PAR 53","78079","March","2023","LA"
"4790","TENSAS PAR 54","3459","March","2023","LA"
"4791","TERREBONNE PAR 55","62092","March","2023","LA"
"4792","UNION PAR 56","15416","March","2023","LA"
"4793","VERMILION PAR 57","37775","March","2023","LA"
"4794","VERNON PAR 58","24820","March","2023","LA"
"4795","WASHINGTON PAR 59","28035","March","2023","LA"
"4796","WEBSTER PAR 60","23264","March","2023","LA"
"4797","WEST BATON ROUGE PAR 61","17536","March","2023","LA"
"4798","WEST CARROLL PAR 62","7045","March","2023","LA"
"4799","WEST FELICIANA PAR 63","7745","March","2023","LA"
"4800","WINN PAR 64","8365","March","2023","LA"
"4801","ACADIA PAR 01","38811","April","2023","LA"
"4802","ALLEN PAR 02","12595","April","2023","LA"
"4803","ASCENSION PAR 03","82702","April","2023","LA"
"4804","ASSUMPTION PAR 04","14512","April","2023","LA"
"4805","AVOYELLES PAR 05","23654","April","2023","LA"
"4806","BEAUREGARD PAR 06","22984","April","2023","LA"
"4807","BIENVILLE PAR 07","8814","April","2023","LA"
"4808","BOSSIER PAR 08","73807","April","2023","LA"
"4809","CADDO PAR 09","154282","April","2023","LA"
"4810","CALCASIEU PAR 10","124939","April","2023","LA"
"4811","CALDWELL PAR 11","6047","April","2023","LA"
"4812","CAMERON PAR 12","4948","April","2023","LA"
"4813","CATAHOULA PAR 13","6335","April","2023","LA"
"4814","CLAIBORNE PAR 14","8655","April","2023","LA"
"4815","CONCORDIA PAR 15","12233","April","2023","LA"
"4816","DE SOTO PAR 16","18952","April","2023","LA"
"4817","EAST BATON ROUGE PAR 17","285791","April","2023","LA"
"4818","EAST CARROLL PAR 18","4775","April","2023","LA"
"4819","EAST FELICIANA PAR 19","13818","April","2023","LA"
"4820","EVANGELINE PAR 20","21254","April","2023","LA"
"4821","FRANKLIN PAR 21","13225","April","2023","LA"
"4822","GRANT PAR 22","12844","April","2023","LA"
"4823","IBERIA PAR 23","45432","April","2023","LA"
"4824","IBERVILLE PAR 24","21104","April","2023","LA"
"4825","JACKSON PAR 25","9688","April","2023","LA"
"4826","JEFFERSON PAR 26","269449","April","2023","LA"
"4827","JEFFERSON DAVIS PAR 27","20578","April","2023","LA"
"4828","LAFAYETTE PAR 28","157367","April","2023","LA"
"4829","LAFOURCHE PAR 29","59108","April","2023","LA"
"4830","LASALLE PAR 30","8701","April","2023","LA"
"4831","LINCOLN PAR 31","26622","April","2023","LA"
"4832","LIVINGSTON PAR 32","86541","April","2023","LA"
"4833","MADISON PAR 33","7371","April","2023","LA"
"4834","MOREHOUSE PAR 34","17204","April","2023","LA"
"4835","NATCHITOCHES PAR 35","23372","April","2023","LA"
"4836","ORLEANS PAR 36","264617","April","2023","LA"
"4837","OUACHITA PAR 37","102457","April","2023","LA"
"4838","PLAQUEMINES PAR 38","14380","April","2023","LA"
"4839","POINTE COUPEE PAR 39","15312","April","2023","LA"
"4840","RAPIDES PAR 40","80871","April","2023","LA"
"4841","RED RIVER PAR 41","5625","April","2023","LA"
"4842","RICHLAND PAR 42","13821","April","2023","LA"
"4843","SABINE PAR 43","14572","April","2023","LA"
"4844","ST. BERNARD PAR 44","26380","April","2023","LA"
"4845","ST. CHARLES PAR 45","35694","April","2023","LA"
"4846","ST. HELENA PAR 46","8434","April","2023","LA"
"4847","ST. JAMES PAR 47","15069","April","2023","LA"
"4848","ST. JOHN THE BAPTIST PAR 48","29010","April","2023","LA"
"4849","ST. LANDRY PAR 49","57874","April","2023","LA"
"4850","ST. MARTIN PAR 50","36588","April","2023","LA"
"4851","ST. MARY PAR 51","31602","April","2023","LA"
"4852","ST. TAMMANY PAR 52","185821","April","2023","LA"
"4853","TANGIPAHOA PAR 53","78064","April","2023","LA"
"4854","TENSAS PAR 54","3459","April","2023","LA"
"4855","TERREBONNE PAR 55","62021","April","2023","LA"
"4856","UNION PAR 56","15430","April","2023","LA"
"4857","VERMILION PAR 57","37778","April","2023","LA"
"4858","VERNON PAR 58","24799","April","2023","LA"
"4859","WASHINGTON PAR 59","28030","April","2023","LA"
"4860","WEBSTER PAR 60","23209","April","2023","LA"
"4861","WEST BATON ROUGE PAR 61","17521","April","2023","LA"
"4862","WEST CARROLL PAR 62","7040","April","2023","LA"
"4863","WEST FELICIANA PAR 63","7741","April","2023","LA"
"4864","WINN PAR 64","8333","April","2023","LA"
"4865","ACADIA PAR 01","38777","May","2023","LA"
"4866","ALLEN PAR 02","12576","May","2023","LA"
"4867","ASCENSION PAR 03","82774","May","2023","LA"
"4868","ASSUMPTION PAR 04","14493","May","2023","LA"
"4869","AVOYELLES PAR 05","23651","May","2023","LA"
"4870","BEAUREGARD PAR 06","22972","May","2023","LA"
"4871","BIENVILLE PAR 07","8817","May","2023","LA"
"4872","BOSSIER PAR 08","73781","May","2023","LA"
"4873","CADDO PAR 09","154141","May","2023","LA"
"4874","CALCASIEU PAR 10","124854","May","2023","LA"
"4875","CALDWELL PAR 11","6038","May","2023","LA"
"4876","CAMERON PAR 12","4921","May","2023","LA"
"4877","CATAHOULA PAR 13","6318","May","2023","LA"
"4878","CLAIBORNE PAR 14","8640","May","2023","LA"
"4879","CONCORDIA PAR 15","12210","May","2023","LA"
"4880","DE SOTO PAR 16","18925","May","2023","LA"
"4881","EAST BATON ROUGE PAR 17","285620","May","2023","LA"
"4882","EAST CARROLL PAR 18","4765","May","2023","LA"
"4883","EAST FELICIANA PAR 19","13806","May","2023","LA"
"4884","EVANGELINE PAR 20","21238","May","2023","LA"
"4885","FRANKLIN PAR 21","13218","May","2023","LA"
"4886","GRANT PAR 22","12851","May","2023","LA"
"4887","IBERIA PAR 23","45388","May","2023","LA"
"4888","IBERVILLE PAR 24","21109","May","2023","LA"
"4889","JACKSON PAR 25","9689","May","2023","LA"
"4890","JEFFERSON PAR 26","269522","May","2023","LA"
"4891","JEFFERSON DAVIS PAR 27","20496","May","2023","LA"
"4892","LAFAYETTE PAR 28","157357","May","2023","LA"
"4893","LAFOURCHE PAR 29","59093","May","2023","LA"
"4894","LASALLE PAR 30","8693","May","2023","LA"
"4895","LINCOLN PAR 31","26623","May","2023","LA"
"4896","LIVINGSTON PAR 32","86590","May","2023","LA"
"4897","MADISON PAR 33","7365","May","2023","LA"
"4898","MOREHOUSE PAR 34","17197","May","2023","LA"
"4899","NATCHITOCHES PAR 35","23365","May","2023","LA"
"4900","ORLEANS PAR 36","264467","May","2023","LA"
"4901","OUACHITA PAR 37","102463","May","2023","LA"
"4902","PLAQUEMINES PAR 38","14384","May","2023","LA"
"4903","POINTE COUPEE PAR 39","15313","May","2023","LA"
"4904","RAPIDES PAR 40","80778","May","2023","LA"
"4905","RED RIVER PAR 41","5622","May","2023","LA"
"4906","RICHLAND PAR 42","13826","May","2023","LA"
"4907","SABINE PAR 43","14565","May","2023","LA"
"4908","ST. BERNARD PAR 44","26396","May","2023","LA"
"4909","ST. CHARLES PAR 45","35698","May","2023","LA"
"4910","ST. HELENA PAR 46","8423","May","2023","LA"
"4911","ST. JAMES PAR 47","15057","May","2023","LA"
"4912","ST. JOHN THE BAPTIST PAR 48","29011","May","2023","LA"
"4913","ST. LANDRY PAR 49","57783","May","2023","LA"
"4914","ST. MARTIN PAR 50","36579","May","2023","LA"
"4915","ST. MARY PAR 51","31622","May","2023","LA"
"4916","ST. TAMMANY PAR 52","185749","May","2023","LA"
"4917","TANGIPAHOA PAR 53","78118","May","2023","LA"
"4918","TENSAS PAR 54","3470","May","2023","LA"
"4919","TERREBONNE PAR 55","62010","May","2023","LA"
"4920","UNION PAR 56","15438","May","2023","LA"
"4921","VERMILION PAR 57","37798","May","2023","LA"
"4922","VERNON PAR 58","24782","May","2023","LA"
"4923","WASHINGTON PAR 59","28039","May","2023","LA"
"4924","WEBSTER PAR 60","23187","May","2023","LA"
"4925","WEST BATON ROUGE PAR 61","17510","May","2023","LA"
"4926","WEST CARROLL PAR 62","7035","May","2023","LA"
"4927","WEST FELICIANA PAR 63","7744","May","2023","LA"
"4928","WINN PAR 64","8339","May","2023","LA"
"4929","ACADIA PAR 01","38782","June","2023","LA"
"4930","ALLEN PAR 02","12560","June","2023","LA"
"4931","ASCENSION PAR 03","82767","June","2023","LA"
"4932","ASSUMPTION PAR 04","14477","June","2023","LA"
"4933","AVOYELLES PAR 05","23641","June","2023","LA"
"4934","BEAUREGARD PAR 06","22942","June","2023","LA"
"4935","BIENVILLE PAR 07","8790","June","2023","LA"
"4936","BOSSIER PAR 08","74000","June","2023","LA"
"4937","CADDO PAR 09","154137","June","2023","LA"
"4938","CALCASIEU PAR 10","125074","June","2023","LA"
"4939","CALDWELL PAR 11","6043","June","2023","LA"
"4940","CAMERON PAR 12","4911","June","2023","LA"
"4941","CATAHOULA PAR 13","6311","June","2023","LA"
"4942","CLAIBORNE PAR 14","8635","June","2023","LA"
"4943","CONCORDIA PAR 15","12199","June","2023","LA"
"4944","DE SOTO PAR 16","18946","June","2023","LA"
"4945","EAST BATON ROUGE PAR 17","285723","June","2023","LA"
"4946","EAST CARROLL PAR 18","4768","June","2023","LA"
"4947","EAST FELICIANA PAR 19","13785","June","2023","LA"
"4948","EVANGELINE PAR 20","21196","June","2023","LA"
"4949","FRANKLIN PAR 21","13219","June","2023","LA"
"4950","GRANT PAR 22","12834","June","2023","LA"
"4951","IBERIA PAR 23","45385","June","2023","LA"
"4952","IBERVILLE PAR 24","21113","June","2023","LA"
"4953","JACKSON PAR 25","9709","June","2023","LA"
"4954","JEFFERSON PAR 26","269417","June","2023","LA"
"4955","JEFFERSON DAVIS PAR 27","20457","June","2023","LA"
"4956","LAFAYETTE PAR 28","157326","June","2023","LA"
"4957","LAFOURCHE PAR 29","59144","June","2023","LA"
"4958","LASALLE PAR 30","8687","June","2023","LA"
"4959","LINCOLN PAR 31","26651","June","2023","LA"
"4960","LIVINGSTON PAR 32","86594","June","2023","LA"
"4961","MADISON PAR 33","7372","June","2023","LA"
"4962","MOREHOUSE PAR 34","17208","June","2023","LA"
"4963","NATCHITOCHES PAR 35","23372","June","2023","LA"
"4964","ORLEANS PAR 36","264735","June","2023","LA"
"4965","OUACHITA PAR 37","102384","June","2023","LA"
"4966","PLAQUEMINES PAR 38","14375","June","2023","LA"
"4967","POINTE COUPEE PAR 39","15274","June","2023","LA"
"4968","RAPIDES PAR 40","80763","June","2023","LA"
"4969","RED RIVER PAR 41","5623","June","2023","LA"
"4970","RICHLAND PAR 42","13834","June","2023","LA"
"4971","SABINE PAR 43","14559","June","2023","LA"
"4972","ST. BERNARD PAR 44","26412","June","2023","LA"
"4973","ST. CHARLES PAR 45","35696","June","2023","LA"
"4974","ST. HELENA PAR 46","8456","June","2023","LA"
"4975","ST. JAMES PAR 47","15068","June","2023","LA"
"4976","ST. JOHN THE BAPTIST PAR 48","28956","June","2023","LA"
"4977","ST. LANDRY PAR 49","57649","June","2023","LA"
"4978","ST. MARTIN PAR 50","36549","June","2023","LA"
"4979","ST. MARY PAR 51","31596","June","2023","LA"
"4980","ST. TAMMANY PAR 52","185992","June","2023","LA"
"4981","TANGIPAHOA PAR 53","78111","June","2023","LA"
"4982","TENSAS PAR 54","3470","June","2023","LA"
"4983","TERREBONNE PAR 55","61929","June","2023","LA"
"4984","UNION PAR 56","15462","June","2023","LA"
"4985","VERMILION PAR 57","37787","June","2023","LA"
"4986","VERNON PAR 58","24768","June","2023","LA"
"4987","WASHINGTON PAR 59","28038","June","2023","LA"
"4988","WEBSTER PAR 60","23158","June","2023","LA"
"4989","WEST BATON ROUGE PAR 61","17514","June","2023","LA"
"4990","WEST CARROLL PAR 62","7045","June","2023","LA"
"4991","WEST FELICIANA PAR 63","7741","June","2023","LA"
"4992","WINN PAR 64","8350","June","2023","LA"
"4993","ACADIA PAR 01","38734","July","2023","LA"
"4994","ALLEN PAR 02","12526","July","2023","LA"
"4995","ASCENSION PAR 03","82604","July","2023","LA"
"4996","ASSUMPTION PAR 04","14441","July","2023","LA"
"4997","AVOYELLES PAR 05","23594","July","2023","LA"
"4998","BEAUREGARD PAR 06","22919","July","2023","LA"
"4999","BIENVILLE PAR 07","8757","July","2023","LA"
"5000","BOSSIER PAR 08","73953","July","2023","LA"
"5001","CADDO PAR 09","153949","July","2023","LA"
"5002","CALCASIEU PAR 10","124924","July","2023","LA"
"5003","CALDWELL PAR 11","6026","July","2023","LA"
"5004","CAMERON PAR 12","4875","July","2023","LA"
"5005","CATAHOULA PAR 13","6273","July","2023","LA"
"5006","CLAIBORNE PAR 14","8620","July","2023","LA"
"5007","CONCORDIA PAR 15","12188","July","2023","LA"
"5008","DE SOTO PAR 16","18921","July","2023","LA"
"5009","EAST BATON ROUGE PAR 17","285220","July","2023","LA"
"5010","EAST CARROLL PAR 18","4753","July","2023","LA"
"5011","EAST FELICIANA PAR 19","13757","July","2023","LA"
"5012","EVANGELINE PAR 20","21169","July","2023","LA"
"5013","FRANKLIN PAR 21","13175","July","2023","LA"
"5014","GRANT PAR 22","12819","July","2023","LA"
"5015","IBERIA PAR 23","45337","July","2023","LA"
"5016","IBERVILLE PAR 24","21074","July","2023","LA"
"5017","JACKSON PAR 25","9709","July","2023","LA"
"5018","JEFFERSON PAR 26","269301","July","2023","LA"
"5019","JEFFERSON DAVIS PAR 27","20445","July","2023","LA"
"5020","LAFAYETTE PAR 28","157107","July","2023","LA"
"5021","LAFOURCHE PAR 29","59087","July","2023","LA"
"5022","LASALLE PAR 30","8678","July","2023","LA"
"5023","LINCOLN PAR 31","26631","July","2023","LA"
"5024","LIVINGSTON PAR 32","86209","July","2023","LA"
"5025","MADISON PAR 33","7360","July","2023","LA"
"5026","MOREHOUSE PAR 34","17188","July","2023","LA"
"5027","NATCHITOCHES PAR 35","23317","July","2023","LA"
"5028","ORLEANS PAR 36","264501","July","2023","LA"
"5029","OUACHITA PAR 37","102304","July","2023","LA"
"5030","PLAQUEMINES PAR 38","14327","July","2023","LA"
"5031","POINTE COUPEE PAR 39","15255","July","2023","LA"
"5032","RAPIDES PAR 40","80628","July","2023","LA"
"5033","RED RIVER PAR 41","5602","July","2023","LA"
"5034","RICHLAND PAR 42","13822","July","2023","LA"
"5035","SABINE PAR 43","14542","July","2023","LA"
"5036","ST. BERNARD PAR 44","26403","July","2023","LA"
"5037","ST. CHARLES PAR 45","35619","July","2023","LA"
"5038","ST. HELENA PAR 46","8430","July","2023","LA"
"5039","ST. JAMES PAR 47","15065","July","2023","LA"
"5040","ST. JOHN THE BAPTIST PAR 48","28931","July","2023","LA"
"5041","ST. LANDRY PAR 49","57561","July","2023","LA"
"5042","ST. MARTIN PAR 50","36491","July","2023","LA"
"5043","ST. MARY PAR 51","31570","July","2023","LA"
"5044","ST. TAMMANY PAR 52","185919","July","2023","LA"
"5045","TANGIPAHOA PAR 53","77962","July","2023","LA"
"5046","TENSAS PAR 54","3470","July","2023","LA"
"5047","TERREBONNE PAR 55","61826","July","2023","LA"
"5048","UNION PAR 56","15448","July","2023","LA"
"5049","VERMILION PAR 57","37777","July","2023","LA"
"5050","VERNON PAR 58","24737","July","2023","LA"
"5051","WASHINGTON PAR 59","27994","July","2023","LA"
"5052","WEBSTER PAR 60","23095","July","2023","LA"
"5053","WEST BATON ROUGE PAR 61","17477","July","2023","LA"
"5054","WEST CARROLL PAR 62","7035","July","2023","LA"
"5055","WEST FELICIANA PAR 63","7730","July","2023","LA"
"5056","WINN PAR 64","8345","July","2023","LA"
"5057","ACADIA PAR 01","38737","August","2023","LA"
"5058","ALLEN PAR 02","12469","August","2023","LA"
"5059","ASCENSION PAR 03","82706","August","2023","LA"
"5060","ASSUMPTION PAR 04","14415","August","2023","LA"
"5061","AVOYELLES PAR 05","23569","August","2023","LA"
"5062","BEAUREGARD PAR 06","22917","August","2023","LA"
"5063","BIENVILLE PAR 07","8804","August","2023","LA"
"5064","BOSSIER PAR 08","74020","August","2023","LA"
"5065","CADDO PAR 09","153918","August","2023","LA"
"5066","CALCASIEU PAR 10","124936","August","2023","LA"
"5067","CALDWELL PAR 11","6024","August","2023","LA"
"5068","CAMERON PAR 12","4879","August","2023","LA"
"5069","CATAHOULA PAR 13","6284","August","2023","LA"
"5070","CLAIBORNE PAR 14","8626","August","2023","LA"
"5071","CONCORDIA PAR 15","12176","August","2023","LA"
"5072","DE SOTO PAR 16","18877","August","2023","LA"
"5073","EAST BATON ROUGE PAR 17","285020","August","2023","LA"
"5074","EAST CARROLL PAR 18","4754","August","2023","LA"
"5075","EAST FELICIANA PAR 19","13782","August","2023","LA"
"5076","EVANGELINE PAR 20","21161","August","2023","LA"
"5077","FRANKLIN PAR 21","13158","August","2023","LA"
"5078","GRANT PAR 22","12842","August","2023","LA"
"5079","IBERIA PAR 23","45297","August","2023","LA"
"5080","IBERVILLE PAR 24","21071","August","2023","LA"
"5081","JACKSON PAR 25","9698","August","2023","LA"
"5082","JEFFERSON PAR 26","269368","August","2023","LA"
"5083","JEFFERSON DAVIS PAR 27","20412","August","2023","LA"
"5084","LAFAYETTE PAR 28","157127","August","2023","LA"
"5085","LAFOURCHE PAR 29","59071","August","2023","LA"
"5086","LASALLE PAR 30","8679","August","2023","LA"
"5087","LINCOLN PAR 31","26664","August","2023","LA"
"5088","LIVINGSTON PAR 32","85721","August","2023","LA"
"5089","MADISON PAR 33","7366","August","2023","LA"
"5090","MOREHOUSE PAR 34","17154","August","2023","LA"
"5091","NATCHITOCHES PAR 35","23286","August","2023","LA"
"5092","ORLEANS PAR 36","263837","August","2023","LA"
"5093","OUACHITA PAR 37","102335","August","2023","LA"
"5094","PLAQUEMINES PAR 38","14319","August","2023","LA"
"5095","POINTE COUPEE PAR 39","15241","August","2023","LA"
"5096","RAPIDES PAR 40","80611","August","2023","LA"
"5097","RED RIVER PAR 41","5594","August","2023","LA"
"5098","RICHLAND PAR 42","13831","August","2023","LA"
"5099","SABINE PAR 43","14532","August","2023","LA"
"5100","ST. BERNARD PAR 44","26432","August","2023","LA"
"5101","ST. CHARLES PAR 45","35645","August","2023","LA"
"5102","ST. HELENA PAR 46","8432","August","2023","LA"
"5103","ST. JAMES PAR 47","15066","August","2023","LA"
"5104","ST. JOHN THE BAPTIST PAR 48","28945","August","2023","LA"
"5105","ST. LANDRY PAR 49","57535","August","2023","LA"
"5106","ST. MARTIN PAR 50","36496","August","2023","LA"
"5107","ST. MARY PAR 51","31564","August","2023","LA"
"5108","ST. TAMMANY PAR 52","186220","August","2023","LA"
"5109","TANGIPAHOA PAR 53","77986","August","2023","LA"
"5110","TENSAS PAR 54","3476","August","2023","LA"
"5111","TERREBONNE PAR 55","61836","August","2023","LA"
"5112","UNION PAR 56","15450","August","2023","LA"
"5113","VERMILION PAR 57","37803","August","2023","LA"
"5114","VERNON PAR 58","24741","August","2023","LA"
"5115","WASHINGTON PAR 59","28028","August","2023","LA"
"5116","WEBSTER PAR 60","23055","August","2023","LA"
"5117","WEST BATON ROUGE PAR 61","17513","August","2023","LA"
"5118","WEST CARROLL PAR 62","7031","August","2023","LA"
"5119","WEST FELICIANA PAR 63","7749","August","2023","LA"
"5120","WINN PAR 64","8348","August","2023","LA"
"5121","ACADIA PAR 01","38718","September","2023","LA"
"5122","ALLEN PAR 02","12448","September","2023","LA"
"5123","ASCENSION PAR 03","82905","September","2023","LA"
"5124","ASSUMPTION PAR 04","14418","September","2023","LA"
"5125","AVOYELLES PAR 05","23551","September","2023","LA"
"5126","BEAUREGARD PAR 06","22907","September","2023","LA"
"5127","BIENVILLE PAR 07","8821","September","2023","LA"
"5128","BOSSIER PAR 08","74119","September","2023","LA"
"5129","CADDO PAR 09","153872","September","2023","LA"
"5130","CALCASIEU PAR 10","125051","September","2023","LA"
"5131","CALDWELL PAR 11","6030","September","2023","LA"
"5132","CAMERON PAR 12","4877","September","2023","LA"
"5133","CATAHOULA PAR 13","6285","September","2023","LA"
"5134","CLAIBORNE PAR 14","8641","September","2023","LA"
"5135","CONCORDIA PAR 15","12195","September","2023","LA"
"5136","DE SOTO PAR 16","18896","September","2023","LA"
"5137","EAST BATON ROUGE PAR 17","285027","September","2023","LA"
"5138","EAST CARROLL PAR 18","4742","September","2023","LA"
"5139","EAST FELICIANA PAR 19","13756","September","2023","LA"
"5140","EVANGELINE PAR 20","21180","September","2023","LA"
"5141","FRANKLIN PAR 21","13175","September","2023","LA"
"5142","GRANT PAR 22","12861","September","2023","LA"
"5143","IBERIA PAR 23","45268","September","2023","LA"
"5144","IBERVILLE PAR 24","21089","September","2023","LA"
"5145","JACKSON PAR 25","9690","September","2023","LA"
"5146","JEFFERSON PAR 26","269405","September","2023","LA"
"5147","JEFFERSON DAVIS PAR 27","20407","September","2023","LA"
"5148","LAFAYETTE PAR 28","157230","September","2023","LA"
"5149","LAFOURCHE PAR 29","59024","September","2023","LA"
"5150","LASALLE PAR 30","8695","September","2023","LA"
"5151","LINCOLN PAR 31","26680","September","2023","LA"
"5152","LIVINGSTON PAR 32","85718","September","2023","LA"
"5153","MADISON PAR 33","7365","September","2023","LA"
"5154","MOREHOUSE PAR 34","17157","September","2023","LA"
"5155","NATCHITOCHES PAR 35","23291","September","2023","LA"
"5156","ORLEANS PAR 36","263802","September","2023","LA"
"5157","OUACHITA PAR 37","102453","September","2023","LA"
"5158","PLAQUEMINES PAR 38","14308","September","2023","LA"
"5159","POINTE COUPEE PAR 39","15244","September","2023","LA"
"5160","RAPIDES PAR 40","80695","September","2023","LA"
"5161","RED RIVER PAR 41","5594","September","2023","LA"
"5162","RICHLAND PAR 42","13842","September","2023","LA"
"5163","SABINE PAR 43","14502","September","2023","LA"
"5164","ST. BERNARD PAR 44","26491","September","2023","LA"
"5165","ST. CHARLES PAR 45","35648","September","2023","LA"
"5166","ST. HELENA PAR 46","8449","September","2023","LA"
"5167","ST. JAMES PAR 47","15085","September","2023","LA"
"5168","ST. JOHN THE BAPTIST PAR 48","28932","September","2023","LA"
"5169","ST. LANDRY PAR 49","57529","September","2023","LA"
"5170","ST. MARTIN PAR 50","36517","September","2023","LA"
"5171","ST. MARY PAR 51","31598","September","2023","LA"
"5172","ST. TAMMANY PAR 52","186618","September","2023","LA"
"5173","TANGIPAHOA PAR 53","78141","September","2023","LA"
"5174","TENSAS PAR 54","3481","September","2023","LA"
"5175","TERREBONNE PAR 55","61845","September","2023","LA"
"5176","UNION PAR 56","15464","September","2023","LA"
"5177","VERMILION PAR 57","37820","September","2023","LA"
"5178","VERNON PAR 58","24805","September","2023","LA"
"5179","WASHINGTON PAR 59","28068","September","2023","LA"
"5180","WEBSTER PAR 60","23042","September","2023","LA"
"5181","WEST BATON ROUGE PAR 61","17525","September","2023","LA"
"5182","WEST CARROLL PAR 62","7032","September","2023","LA"
"5183","WEST FELICIANA PAR 63","7766","September","2023","LA"
"5184","WINN PAR 64","8372","September","2023","LA"
"5185","ACADIA PAR 01","38756","October","2023","LA"
"5186","ALLEN PAR 02","12469","October","2023","LA"
"5187","ASCENSION PAR 03","83009","October","2023","LA"
"5188","ASSUMPTION PAR 04","14454","October","2023","LA"
"5189","AVOYELLES PAR 05","23620","October","2023","LA"
"5190","BEAUREGARD PAR 06","22921","October","2023","LA"
"5191","BIENVILLE PAR 07","8838","October","2023","LA"
"5192","BOSSIER PAR 08","74202","October","2023","LA"
"5193","CADDO PAR 09","153860","October","2023","LA"
"5194","CALCASIEU PAR 10","125162","October","2023","LA"
"5195","CALDWELL PAR 11","6065","October","2023","LA"
"5196","CAMERON PAR 12","4876","October","2023","LA"
"5197","CATAHOULA PAR 13","6295","October","2023","LA"
"5198","CLAIBORNE PAR 14","8653","October","2023","LA"
"5199","CONCORDIA PAR 15","12191","October","2023","LA"
"5200","DE SOTO PAR 16","18959","October","2023","LA"
"5201","EAST BATON ROUGE PAR 17","285467","October","2023","LA"
"5202","EAST CARROLL PAR 18","4745","October","2023","LA"
"5203","EAST FELICIANA PAR 19","13798","October","2023","LA"
"5204","EVANGELINE PAR 20","21225","October","2023","LA"
"5205","FRANKLIN PAR 21","13199","October","2023","LA"
"5206","GRANT PAR 22","12901","October","2023","LA"
"5207","IBERIA PAR 23","45359","October","2023","LA"
"5208","IBERVILLE PAR 24","21164","October","2023","LA"
"5209","JACKSON PAR 25","9716","October","2023","LA"
"5210","JEFFERSON PAR 26","269604","October","2023","LA"
"5211","JEFFERSON DAVIS PAR 27","20431","October","2023","LA"
"5212","LAFAYETTE PAR 28","157429","October","2023","LA"
"5213","LAFOURCHE PAR 29","59080","October","2023","LA"
"5214","LASALLE PAR 30","8735","October","2023","LA"
"5215","LINCOLN PAR 31","26722","October","2023","LA"
"5216","LIVINGSTON PAR 32","85942","October","2023","LA"
"5217","MADISON PAR 33","7382","October","2023","LA"
"5218","MOREHOUSE PAR 34","17178","October","2023","LA"
"5219","NATCHITOCHES PAR 35","23342","October","2023","LA"
"5220","ORLEANS PAR 36","263952","October","2023","LA"
"5221","OUACHITA PAR 37","102569","October","2023","LA"
"5222","PLAQUEMINES PAR 38","14342","October","2023","LA"
"5223","POINTE COUPEE PAR 39","15260","October","2023","LA"
"5224","RAPIDES PAR 40","80765","October","2023","LA"
"5225","RED RIVER PAR 41","5591","October","2023","LA"
"5226","RICHLAND PAR 42","13863","October","2023","LA"
"5227","SABINE PAR 43","14508","October","2023","LA"
"5228","ST. BERNARD PAR 44","26611","October","2023","LA"
"5229","ST. CHARLES PAR 45","35679","October","2023","LA"
"5230","ST. HELENA PAR 46","8505","October","2023","LA"
"5231","ST. JAMES PAR 47","15123","October","2023","LA"
"5232","ST. JOHN THE BAPTIST PAR 48","28995","October","2023","LA"
"5233","ST. LANDRY PAR 49","57472","October","2023","LA"
"5234","ST. MARTIN PAR 50","36539","October","2023","LA"
"5235","ST. MARY PAR 51","31614","October","2023","LA"
"5236","ST. TAMMANY PAR 52","187130","October","2023","LA"
"5237","TANGIPAHOA PAR 53","78363","October","2023","LA"
"5238","TENSAS PAR 54","3512","October","2023","LA"
"5239","TERREBONNE PAR 55","61852","October","2023","LA"
"5240","UNION PAR 56","15477","October","2023","LA"
"5241","VERMILION PAR 57","37805","October","2023","LA"
"5242","VERNON PAR 58","24895","October","2023","LA"
"5243","WASHINGTON PAR 59","28120","October","2023","LA"
"5244","WEBSTER PAR 60","23047","October","2023","LA"
"5245","WEST BATON ROUGE PAR 61","17614","October","2023","LA"
"5246","WEST CARROLL PAR 62","7019","October","2023","LA"
"5247","WEST FELICIANA PAR 63","7785","October","2023","LA"
"5248","WINN PAR 64","8411","October","2023","LA"
"5249","ACADIA PAR 01","38796","December","2023","LA"
"5250","ALLEN PAR 02","12474","December","2023","LA"
"5251","ASCENSION PAR 03","83374","December","2023","LA"
"5252","ASSUMPTION PAR 04","14437","December","2023","LA"
"5253","AVOYELLES PAR 05","23636","December","2023","LA"
"5254","BEAUREGARD PAR 06","22955","December","2023","LA"
"5255","BIENVILLE PAR 07","8830","December","2023","LA"
"5256","BOSSIER PAR 08","74550","December","2023","LA"
"5257","CADDO PAR 09","153957","December","2023","LA"
"5258","CALCASIEU PAR 10","125481","December","2023","LA"
"5259","CALDWELL PAR 11","6075","December","2023","LA"
"5260","CAMERON PAR 12","4874","December","2023","LA"
"5261","CATAHOULA PAR 13","6297","December","2023","LA"
"5262","CLAIBORNE PAR 14","8702","December","2023","LA"
"5263","CONCORDIA PAR 15","12237","December","2023","LA"
"5264","DE SOTO PAR 16","19100","December","2023","LA"
"5265","EAST BATON ROUGE PAR 17","285954","December","2023","LA"
"5266","EAST CARROLL PAR 18","4764","December","2023","LA"
"5267","EAST FELICIANA PAR 19","13822","December","2023","LA"
"5268","EVANGELINE PAR 20","21223","December","2023","LA"
"5269","FRANKLIN PAR 21","13230","December","2023","LA"
"5270","GRANT PAR 22","12945","December","2023","LA"
"5271","IBERIA PAR 23","45406","December","2023","LA"
"5272","IBERVILLE PAR 24","21202","December","2023","LA"
"5273","JACKSON PAR 25","9720","December","2023","LA"
"5274","JEFFERSON PAR 26","269718","December","2023","LA"
"5275","JEFFERSON DAVIS PAR 27","20540","December","2023","LA"
"5276","LAFAYETTE PAR 28","157993","December","2023","LA"
"5277","LAFOURCHE PAR 29","59174","December","2023","LA"
"5278","LASALLE PAR 30","8796","December","2023","LA"
"5279","LINCOLN PAR 31","26866","December","2023","LA"
"5280","LIVINGSTON PAR 32","86372","December","2023","LA"
"5281","MADISON PAR 33","7430","December","2023","LA"
"5282","MOREHOUSE PAR 34","17166","December","2023","LA"
"5283","NATCHITOCHES PAR 35","23378","December","2023","LA"
"5284","ORLEANS PAR 36","264356","December","2023","LA"
"5285","OUACHITA PAR 37","102700","December","2023","LA"
"5286","PLAQUEMINES PAR 38","14353","December","2023","LA"
"5287","POINTE COUPEE PAR 39","15285","December","2023","LA"
"5288","RAPIDES PAR 40","80949","December","2023","LA"
"5289","RED RIVER PAR 41","5589","December","2023","LA"
"5290","RICHLAND PAR 42","13868","December","2023","LA"
"5291","SABINE PAR 43","14504","December","2023","LA"
"5292","ST. BERNARD PAR 44","26770","December","2023","LA"
"5293","ST. CHARLES PAR 45","35743","December","2023","LA"
"5294","ST. HELENA PAR 46","8545","December","2023","LA"
"5295","ST. JAMES PAR 47","15190","December","2023","LA"
"5296","ST. JOHN THE BAPTIST PAR 48","28970","December","2023","LA"
"5297","ST. LANDRY PAR 49","57424","December","2023","LA"
"5298","ST. MARTIN PAR 50","36599","December","2023","LA"
"5299","ST. MARY PAR 51","31648","December","2023","LA"
"5300","ST. TAMMANY PAR 52","187967","December","2023","LA"
"5301","TANGIPAHOA PAR 53","78816","December","2023","LA"
"5302","TENSAS PAR 54","3518","December","2023","LA"
"5303","TERREBONNE PAR 55","61932","December","2023","LA"
"5304","UNION PAR 56","15491","December","2023","LA"
"5305","VERMILION PAR 57","37936","December","2023","LA"
"5306","VERNON PAR 58","24925","December","2023","LA"
"5307","WASHINGTON PAR 59","28258","December","2023","LA"
"5308","WEBSTER PAR 60","23009","December","2023","LA"
"5309","WEST BATON ROUGE PAR 61","17716","December","2023","LA"
"5310","WEST CARROLL PAR 62","7019","December","2023","LA"
"5311","WEST FELICIANA PAR 63","7803","December","2023","LA"
"5312","WINN PAR 64","8469","December","2023","LA"
"5313","ACADIA PAR 01","38776","January","2024","LA"
"5314","ALLEN PAR 02","12456","January","2024","LA"
"5315","ASCENSION PAR 03","83445","January","2024","LA"
"5316","ASSUMPTION PAR 04","14440","January","2024","LA"
"5317","AVOYELLES PAR 05","23623","January","2024","LA"
"5318","BEAUREGARD PAR 06","22955","January","2024","LA"
"5319","BIENVILLE PAR 07","8827","January","2024","LA"
"5320","BOSSIER PAR 08","74616","January","2024","LA"
"5321","CADDO PAR 09","154012","January","2024","LA"
"5322","CALCASIEU PAR 10","125533","January","2024","LA"
"5323","CALDWELL PAR 11","6059","January","2024","LA"
"5324","CAMERON PAR 12","4799","January","2024","LA"
"5325","CATAHOULA PAR 13","6289","January","2024","LA"
"5326","CLAIBORNE PAR 14","8696","January","2024","LA"
"5327","CONCORDIA PAR 15","12237","January","2024","LA"
"5328","DE SOTO PAR 16","19083","January","2024","LA"
"5329","EAST BATON ROUGE PAR 17","286082","January","2024","LA"
"5330","EAST CARROLL PAR 18","4762","January","2024","LA"
"5331","EAST FELICIANA PAR 19","13821","January","2024","LA"
"5332","EVANGELINE PAR 20","21211","January","2024","LA"
"5333","FRANKLIN PAR 21","13206","January","2024","LA"
"5334","GRANT PAR 22","12942","January","2024","LA"
"5335","IBERIA PAR 23","45388","January","2024","LA"
"5336","IBERVILLE PAR 24","21182","January","2024","LA"
"5337","JACKSON PAR 25","9718","January","2024","LA"
"5338","JEFFERSON PAR 26","269690","January","2024","LA"
"5339","JEFFERSON DAVIS PAR 27","20562","January","2024","LA"
"5340","LAFAYETTE PAR 28","157958","January","2024","LA"
"5341","LAFOURCHE PAR 29","59171","January","2024","LA"
"5342","LASALLE PAR 30","8778","January","2024","LA"
"5343","LINCOLN PAR 31","26876","January","2024","LA"
"5344","LIVINGSTON PAR 32","86346","January","2024","LA"
"5345","MADISON PAR 33","7426","January","2024","LA"
"5346","MOREHOUSE PAR 34","17150","January","2024","LA"
"5347","NATCHITOCHES PAR 35","23361","January","2024","LA"
"5348","ORLEANS PAR 36","264508","January","2024","LA"
"5349","OUACHITA PAR 37","102700","January","2024","LA"
"5350","PLAQUEMINES PAR 38","14342","January","2024","LA"
"5351","POINTE COUPEE PAR 39","15291","January","2024","LA"
"5352","RAPIDES PAR 40","80912","January","2024","LA"
"5353","RED RIVER PAR 41","5581","January","2024","LA"
"5354","RICHLAND PAR 42","13859","January","2024","LA"
"5355","SABINE PAR 43","14500","January","2024","LA"
"5356","ST. BERNARD PAR 44","26782","January","2024","LA"
"5357","ST. CHARLES PAR 45","35747","January","2024","LA"
"5358","ST. HELENA PAR 46","8540","January","2024","LA"
"5359","ST. JAMES PAR 47","15177","January","2024","LA"
"5360","ST. JOHN THE BAPTIST PAR 48","28967","January","2024","LA"
"5361","ST. LANDRY PAR 49","57381","January","2024","LA"
"5362","ST. MARTIN PAR 50","36609","January","2024","LA"
"5363","ST. MARY PAR 51","31653","January","2024","LA"
"5364","ST. TAMMANY PAR 52","188162","January","2024","LA"
"5365","TANGIPAHOA PAR 53","78812","January","2024","LA"
"5366","TENSAS PAR 54","3514","January","2024","LA"
"5367","TERREBONNE PAR 55","61887","January","2024","LA"
"5368","UNION PAR 56","15485","January","2024","LA"
"5369","VERMILION PAR 57","37901","January","2024","LA"
"5370","VERNON PAR 58","24947","January","2024","LA"
"5371","WASHINGTON PAR 59","28264","January","2024","LA"
"5372","WEBSTER PAR 60","22973","January","2024","LA"
"5373","WEST BATON ROUGE PAR 61","17712","January","2024","LA"
"5374","WEST CARROLL PAR 62","7019","January","2024","LA"
"5375","WEST FELICIANA PAR 63","7791","January","2024","LA"
"5376","WINN PAR 64","8456","January","2024","LA"
"5377","ACADIA PAR 01","38757","February","2024","LA"
"5378","ALLEN PAR 02","12431","February","2024","LA"
"5379","ASCENSION PAR 03","83526","February","2024","LA"
"5380","ASSUMPTION PAR 04","14408","February","2024","LA"
"5381","AVOYELLES PAR 05","23593","February","2024","LA"
"5382","BEAUREGARD PAR 06","22974","February","2024","LA"
"5383","BIENVILLE PAR 07","8814","February","2024","LA"
"5384","BOSSIER PAR 08","74710","February","2024","LA"
"5385","CADDO PAR 09","153976","February","2024","LA"
"5386","CALCASIEU PAR 10","125568","February","2024","LA"
"5387","CALDWELL PAR 11","6050","February","2024","LA"
"5388","CAMERON PAR 12","4704","February","2024","LA"
"5389","CATAHOULA PAR 13","6283","February","2024","LA"
"5390","CLAIBORNE PAR 14","8687","February","2024","LA"
"5391","CONCORDIA PAR 15","12232","February","2024","LA"
"5392","DE SOTO PAR 16","19093","February","2024","LA"
"5393","EAST BATON ROUGE PAR 17","286237","February","2024","LA"
"5394","EAST CARROLL PAR 18","4758","February","2024","LA"
"5395","EAST FELICIANA PAR 19","13802","February","2024","LA"
"5396","EVANGELINE PAR 20","21215","February","2024","LA"
"5397","FRANKLIN PAR 21","13196","February","2024","LA"
"5398","GRANT PAR 22","12947","February","2024","LA"
"5399","IBERIA PAR 23","45365","February","2024","LA"
"5400","IBERVILLE PAR 24","21160","February","2024","LA"
"5401","JACKSON PAR 25","9715","February","2024","LA"
"5402","JEFFERSON PAR 26","269707","February","2024","LA"
"5403","JEFFERSON DAVIS PAR 27","20562","February","2024","LA"
"5404","LAFAYETTE PAR 28","158025","February","2024","LA"
"5405","LAFOURCHE PAR 29","59166","February","2024","LA"
"5406","LASALLE PAR 30","8759","February","2024","LA"
"5407","LINCOLN PAR 31","26911","February","2024","LA"
"5408","LIVINGSTON PAR 32","86413","February","2024","LA"
"5409","MADISON PAR 33","7423","February","2024","LA"
"5410","MOREHOUSE PAR 34","17133","February","2024","LA"
"5411","NATCHITOCHES PAR 35","23360","February","2024","LA"
"5412","ORLEANS PAR 36","264158","February","2024","LA"
"5413","OUACHITA PAR 37","102751","February","2024","LA"
"5414","PLAQUEMINES PAR 38","14337","February","2024","LA"
"5415","POINTE COUPEE PAR 39","15272","February","2024","LA"
"5416","RAPIDES PAR 40","80871","February","2024","LA"
"5417","RED RIVER PAR 41","5577","February","2024","LA"
"5418","RICHLAND PAR 42","13855","February","2024","LA"
"5419","SABINE PAR 43","14499","February","2024","LA"
"5420","ST. BERNARD PAR 44","26798","February","2024","LA"
"5421","ST. CHARLES PAR 45","35718","February","2024","LA"
"5422","ST. HELENA PAR 46","8541","February","2024","LA"
"5423","ST. JAMES PAR 47","15154","February","2024","LA"
"5424","ST. JOHN THE BAPTIST PAR 48","28964","February","2024","LA"
"5425","ST. LANDRY PAR 49","57356","February","2024","LA"
"5426","ST. MARTIN PAR 50","36618","February","2024","LA"
"5427","ST. MARY PAR 51","31643","February","2024","LA"
"5428","ST. TAMMANY PAR 52","188367","February","2024","LA"
"5429","TANGIPAHOA PAR 53","78858","February","2024","LA"
"5430","TENSAS PAR 54","3500","February","2024","LA"
"5431","TERREBONNE PAR 55","61874","February","2024","LA"
"5432","UNION PAR 56","15485","February","2024","LA"
"5433","VERMILION PAR 57","37910","February","2024","LA"
"5434","VERNON PAR 58","24958","February","2024","LA"
"5435","WASHINGTON PAR 59","28261","February","2024","LA"
"5436","WEBSTER PAR 60","22935","February","2024","LA"
"5437","WEST BATON ROUGE PAR 61","17702","February","2024","LA"
"5438","WEST CARROLL PAR 62","7022","February","2024","LA"
"5439","WEST FELICIANA PAR 63","7793","February","2024","LA"
"5440","WINN PAR 64","8455","February","2024","LA"
"5441","ACADIA PAR 01","38734","March","2024","LA"
"5442","ALLEN PAR 02","12430","March","2024","LA"
"5443","ASCENSION PAR 03","83578","March","2024","LA"
"5444","ASSUMPTION PAR 04","14399","March","2024","LA"
"5445","AVOYELLES PAR 05","23583","March","2024","LA"
"5446","BEAUREGARD PAR 06","22991","March","2024","LA"
"5447","BIENVILLE PAR 07","8811","March","2024","LA"
"5448","BOSSIER PAR 08","74754","March","2024","LA"
"5449","CADDO PAR 09","154201","March","2024","LA"
"5450","CALCASIEU PAR 10","125596","March","2024","LA"
"5451","CALDWELL PAR 11","6042","March","2024","LA"
"5452","CAMERON PAR 12","4677","March","2024","LA"
"5453","CATAHOULA PAR 13","6268","March","2024","LA"
"5454","CLAIBORNE PAR 14","8686","March","2024","LA"
"5455","CONCORDIA PAR 15","12279","March","2024","LA"
"5456","DE SOTO PAR 16","19106","March","2024","LA"
"5457","EAST BATON ROUGE PAR 17","286461","March","2024","LA"
"5458","EAST CARROLL PAR 18","4764","March","2024","LA"
"5459","EAST FELICIANA PAR 19","13802","March","2024","LA"
"5460","EVANGELINE PAR 20","21194","March","2024","LA"
"5461","FRANKLIN PAR 21","13187","March","2024","LA"
"5462","GRANT PAR 22","12952","March","2024","LA"
"5463","IBERIA PAR 23","45335","March","2024","LA"
"5464","IBERVILLE PAR 24","21150","March","2024","LA"
"5465","JACKSON PAR 25","9709","March","2024","LA"
"5466","JEFFERSON PAR 26","269640","March","2024","LA"
"5467","JEFFERSON DAVIS PAR 27","20562","March","2024","LA"
"5468","LAFAYETTE PAR 28","157994","March","2024","LA"
"5469","LAFOURCHE PAR 29","59183","March","2024","LA"
"5470","LASALLE PAR 30","8746","March","2024","LA"
"5471","LINCOLN PAR 31","26948","March","2024","LA"
"5472","LIVINGSTON PAR 32","86411","March","2024","LA"
"5473","MADISON PAR 33","7427","March","2024","LA"
"5474","MOREHOUSE PAR 34","17109","March","2024","LA"
"5475","NATCHITOCHES PAR 35","23396","March","2024","LA"
"5476","ORLEANS PAR 36","264297","March","2024","LA"
"5477","OUACHITA PAR 37","102739","March","2024","LA"
"5478","PLAQUEMINES PAR 38","14329","March","2024","LA"
"5479","POINTE COUPEE PAR 39","15249","March","2024","LA"
"5480","RAPIDES PAR 40","80833","March","2024","LA"
"5481","RED RIVER PAR 41","5574","March","2024","LA"
"5482","RICHLAND PAR 42","13870","March","2024","LA"
"5483","SABINE PAR 43","14478","March","2024","LA"
"5484","ST. BERNARD PAR 44","26802","March","2024","LA"
"5485","ST. CHARLES PAR 45","35713","March","2024","LA"
"5486","ST. HELENA PAR 46","8531","March","2024","LA"
"5487","ST. JAMES PAR 47","15130","March","2024","LA"
"5488","ST. JOHN THE BAPTIST PAR 48","28958","March","2024","LA"
"5489","ST. LANDRY PAR 49","57293","March","2024","LA"
"5490","ST. MARTIN PAR 50","36605","March","2024","LA"
"5491","ST. MARY PAR 51","31653","March","2024","LA"
"5492","ST. TAMMANY PAR 52","188588","March","2024","LA"
"5493","TANGIPAHOA PAR 53","78913","March","2024","LA"
"5494","TENSAS PAR 54","3491","March","2024","LA"
"5495","TERREBONNE PAR 55","61848","March","2024","LA"
"5496","UNION PAR 56","15451","March","2024","LA"
"5497","VERMILION PAR 57","37913","March","2024","LA"
"5498","VERNON PAR 58","24975","March","2024","LA"
"5499","WASHINGTON PAR 59","28203","March","2024","LA"
"5500","WEBSTER PAR 60","22923","March","2024","LA"
"5501","WEST BATON ROUGE PAR 61","17698","March","2024","LA"
"5502","WEST CARROLL PAR 62","7024","March","2024","LA"
"5503","WEST FELICIANA PAR 63","7788","March","2024","LA"
"5504","WINN PAR 64","8434","March","2024","LA"
"5505","ACADIA PAR 01","38718","April","2024","LA"
"5506","ALLEN PAR 02","12435","April","2024","LA"
"5507","ASCENSION PAR 03","83742","April","2024","LA"
"5508","ASSUMPTION PAR 04","14381","April","2024","LA"
"5509","AVOYELLES PAR 05","23566","April","2024","LA"
"5510","BEAUREGARD PAR 06","22990","April","2024","LA"
"5511","BIENVILLE PAR 07","8790","April","2024","LA"
"5512","BOSSIER PAR 08","74921","April","2024","LA"
"5513","CADDO PAR 09","154675","April","2024","LA"
"5514","CALCASIEU PAR 10","125753","April","2024","LA"
"5515","CALDWELL PAR 11","6046","April","2024","LA"
"5516","CAMERON PAR 12","4676","April","2024","LA"
"5517","CATAHOULA PAR 13","6252","April","2024","LA"
"5518","CLAIBORNE PAR 14","8678","April","2024","LA"
"5519","CONCORDIA PAR 15","12313","April","2024","LA"
"5520","DE SOTO PAR 16","19060","April","2024","LA"
"5521","EAST BATON ROUGE PAR 17","286511","April","2024","LA"
"5522","EAST CARROLL PAR 18","4765","April","2024","LA"
"5523","EAST FELICIANA PAR 19","13804","April","2024","LA"
"5524","EVANGELINE PAR 20","21184","April","2024","LA"
"5525","FRANKLIN PAR 21","13171","April","2024","LA"
"5526","GRANT PAR 22","12947","April","2024","LA"
"5527","IBERIA PAR 23","45360","April","2024","LA"
"5528","IBERVILLE PAR 24","21165","April","2024","LA"
"5529","JACKSON PAR 25","9709","April","2024","LA"
"5530","JEFFERSON PAR 26","269778","April","2024","LA"
"5531","JEFFERSON DAVIS PAR 27","20567","April","2024","LA"
"5532","LAFAYETTE PAR 28","158039","April","2024","LA"
"5533","LAFOURCHE PAR 29","59210","April","2024","LA"
"5534","LASALLE PAR 30","8746","April","2024","LA"
"5535","LINCOLN PAR 31","26964","April","2024","LA"
"5536","LIVINGSTON PAR 32","86491","April","2024","LA"
"5537","MADISON PAR 33","7416","April","2024","LA"
"5538","MOREHOUSE PAR 34","17089","April","2024","LA"
"5539","NATCHITOCHES PAR 35","23449","April","2024","LA"
"5540","ORLEANS PAR 36","264700","April","2024","LA"
"5541","OUACHITA PAR 37","102835","April","2024","LA"
"5542","PLAQUEMINES PAR 38","14324","April","2024","LA"
"5543","POINTE COUPEE PAR 39","15222","April","2024","LA"
"5544","RAPIDES PAR 40","80914","April","2024","LA"
"5545","RED RIVER PAR 41","5567","April","2024","LA"
"5546","RICHLAND PAR 42","13873","April","2024","LA"
"5547","SABINE PAR 43","14453","April","2024","LA"
"5548","ST. BERNARD PAR 44","26838","April","2024","LA"
"5549","ST. CHARLES PAR 45","35726","April","2024","LA"
"5550","ST. HELENA PAR 46","8525","April","2024","LA"
"5551","ST. JAMES PAR 47","15116","April","2024","LA"
"5552","ST. JOHN THE BAPTIST PAR 48","28972","April","2024","LA"
"5553","ST. LANDRY PAR 49","57322","April","2024","LA"
"5554","ST. MARTIN PAR 50","36620","April","2024","LA"
"5555","ST. MARY PAR 51","31669","April","2024","LA"
"5556","ST. TAMMANY PAR 52","188864","April","2024","LA"
"5557","TANGIPAHOA PAR 53","79030","April","2024","LA"
"5558","TENSAS PAR 54","3487","April","2024","LA"
"5559","TERREBONNE PAR 55","61844","April","2024","LA"
"5560","UNION PAR 56","15464","April","2024","LA"
"5561","VERMILION PAR 57","37944","April","2024","LA"
"5562","VERNON PAR 58","25000","April","2024","LA"
"5563","WASHINGTON PAR 59","28169","April","2024","LA"
"5564","WEBSTER PAR 60","22918","April","2024","LA"
"5565","WEST BATON ROUGE PAR 61","17713","April","2024","LA"
"5566","WEST CARROLL PAR 62","7015","April","2024","LA"
"5567","WEST FELICIANA PAR 63","7800","April","2024","LA"
"5568","WINN PAR 64","8422","April","2024","LA"
"5569","ACADIA PAR 01","38689","May","2024","LA"
"5570","ALLEN PAR 02","12423","May","2024","LA"
"5571","ASCENSION PAR 03","83829","May","2024","LA"
"5572","ASSUMPTION PAR 04","14374","May","2024","LA"
"5573","AVOYELLES PAR 05","23576","May","2024","LA"
"5574","BEAUREGARD PAR 06","22996","May","2024","LA"
"5575","BIENVILLE PAR 07","8788","May","2024","LA"
"5576","BOSSIER PAR 08","75003","May","2024","LA"
"5577","CADDO PAR 09","154645","May","2024","LA"
"5578","CALCASIEU PAR 10","125823","May","2024","LA"
"5579","CALDWELL PAR 11","6034","May","2024","LA"
"5580","CAMERON PAR 12","4678","May","2024","LA"
"5581","CATAHOULA PAR 13","6243","May","2024","LA"
"5582","CLAIBORNE PAR 14","8661","May","2024","LA"
"5583","CONCORDIA PAR 15","12316","May","2024","LA"
"5584","DE SOTO PAR 16","19131","May","2024","LA"
"5585","EAST BATON ROUGE PAR 17","286395","May","2024","LA"
"5586","EAST CARROLL PAR 18","4767","May","2024","LA"
"5587","EAST FELICIANA PAR 19","13804","May","2024","LA"
"5588","EVANGELINE PAR 20","21167","May","2024","LA"
"5589","FRANKLIN PAR 21","13182","May","2024","LA"
"5590","GRANT PAR 22","12955","May","2024","LA"
"5591","IBERIA PAR 23","45340","May","2024","LA"
"5592","IBERVILLE PAR 24","21105","May","2024","LA"
"5593","JACKSON PAR 25","9718","May","2024","LA"
"5594","JEFFERSON PAR 26","269753","May","2024","LA"
"5595","JEFFERSON DAVIS PAR 27","20561","May","2024","LA"
"5596","LAFAYETTE PAR 28","158164","May","2024","LA"
"5597","LAFOURCHE PAR 29","59219","May","2024","LA"
"5598","LASALLE PAR 30","8740","May","2024","LA"
"5599","LINCOLN PAR 31","26995","May","2024","LA"
"5600","LIVINGSTON PAR 32","86497","May","2024","LA"
"5601","MADISON PAR 33","7405","May","2024","LA"
"5602","MOREHOUSE PAR 34","17095","May","2024","LA"
"5603","NATCHITOCHES PAR 35","23512","May","2024","LA"
"5604","ORLEANS PAR 36","264625","May","2024","LA"
"5605","OUACHITA PAR 37","102883","May","2024","LA"
"5606","PLAQUEMINES PAR 38","14342","May","2024","LA"
"5607","POINTE COUPEE PAR 39","15228","May","2024","LA"
"5608","RAPIDES PAR 40","80939","May","2024","LA"
"5609","RED RIVER PAR 41","5560","May","2024","LA"
"5610","RICHLAND PAR 42","13877","May","2024","LA"
"5611","SABINE PAR 43","14426","May","2024","LA"
"5612","ST. BERNARD PAR 44","26862","May","2024","LA"
"5613","ST. CHARLES PAR 45","35723","May","2024","LA"
"5614","ST. HELENA PAR 46","8512","May","2024","LA"
"5615","ST. JAMES PAR 47","15099","May","2024","LA"
"5616","ST. JOHN THE BAPTIST PAR 48","28957","May","2024","LA"
"5617","ST. LANDRY PAR 49","57315","May","2024","LA"
"5618","ST. MARTIN PAR 50","36599","May","2024","LA"
"5619","ST. MARY PAR 51","31690","May","2024","LA"
"5620","ST. TAMMANY PAR 52","189017","May","2024","LA"
"5621","TANGIPAHOA PAR 53","79136","May","2024","LA"
"5622","TENSAS PAR 54","3486","May","2024","LA"
"5623","TERREBONNE PAR 55","61828","May","2024","LA"
"5624","UNION PAR 56","15457","May","2024","LA"
"5625","VERMILION PAR 57","37956","May","2024","LA"
"5626","VERNON PAR 58","25034","May","2024","LA"
"5627","WASHINGTON PAR 59","28162","May","2024","LA"
"5628","WEBSTER PAR 60","22912","May","2024","LA"
"5629","WEST BATON ROUGE PAR 61","17725","May","2024","LA"
"5630","WEST CARROLL PAR 62","7014","May","2024","LA"
"5631","WEST FELICIANA PAR 63","7791","May","2024","LA"
"5632","WINN PAR 64","8412","May","2024","LA"
"5633","ACADIA PAR 01","38684","June","2024","LA"
"5634","ALLEN PAR 02","12413","June","2024","LA"
"5635","ASCENSION PAR 03","83916","June","2024","LA"
"5636","ASSUMPTION PAR 04","14361","June","2024","LA"
"5637","AVOYELLES PAR 05","23567","June","2024","LA"
"5638","BEAUREGARD PAR 06","22991","June","2024","LA"
"5639","BIENVILLE PAR 07","8789","June","2024","LA"
"5640","BOSSIER PAR 08","75186","June","2024","LA"
"5641","CADDO PAR 09","154587","June","2024","LA"
"5642","CALCASIEU PAR 10","125843","June","2024","LA"
"5643","CALDWELL PAR 11","6029","June","2024","LA"
"5644","CAMERON PAR 12","4655","June","2024","LA"
"5645","CATAHOULA PAR 13","6232","June","2024","LA"
"5646","CLAIBORNE PAR 14","8645","June","2024","LA"
"5647","CONCORDIA PAR 15","12324","June","2024","LA"
"5648","DE SOTO PAR 16","19122","June","2024","LA"
"5649","EAST BATON ROUGE PAR 17","286680","June","2024","LA"
"5650","EAST CARROLL PAR 18","4757","June","2024","LA"
"5651","EAST FELICIANA PAR 19","13795","June","2024","LA"
"5652","EVANGELINE PAR 20","21159","June","2024","LA"
"5653","FRANKLIN PAR 21","13175","June","2024","LA"
"5654","GRANT PAR 22","12960","June","2024","LA"
"5655","IBERIA PAR 23","45322","June","2024","LA"
"5656","IBERVILLE PAR 24","21083","June","2024","LA"
"5657","JACKSON PAR 25","9710","June","2024","LA"
"5658","JEFFERSON PAR 26","269884","June","2024","LA"
"5659","JEFFERSON DAVIS PAR 27","20554","June","2024","LA"
"5660","LAFAYETTE PAR 28","158209","June","2024","LA"
"5661","LAFOURCHE PAR 29","59240","June","2024","LA"
"5662","LASALLE PAR 30","8724","June","2024","LA"
"5663","LINCOLN PAR 31","27008","June","2024","LA"
"5664","LIVINGSTON PAR 32","86498","June","2024","LA"
"5665","MADISON PAR 33","7399","June","2024","LA"
"5666","MOREHOUSE PAR 34","17097","June","2024","LA"
"5667","NATCHITOCHES PAR 35","23548","June","2024","LA"
"5668","ORLEANS PAR 36","264512","June","2024","LA"
"5669","OUACHITA PAR 37","102850","June","2024","LA"
"5670","PLAQUEMINES PAR 38","14337","June","2024","LA"
"5671","POINTE COUPEE PAR 39","15203","June","2024","LA"
"5672","RAPIDES PAR 40","80877","June","2024","LA"
"5673","RED RIVER PAR 41","5545","June","2024","LA"
"5674","RICHLAND PAR 42","13863","June","2024","LA"
"5675","SABINE PAR 43","14407","June","2024","LA"
"5676","ST. BERNARD PAR 44","26882","June","2024","LA"
"5677","ST. CHARLES PAR 45","35760","June","2024","LA"
"5678","ST. HELENA PAR 46","8518","June","2024","LA"
"5679","ST. JAMES PAR 47","15113","June","2024","LA"
"5680","ST. JOHN THE BAPTIST PAR 48","28944","June","2024","LA"
"5681","ST. LANDRY PAR 49","57260","June","2024","LA"
"5682","ST. MARTIN PAR 50","36560","June","2024","LA"
"5683","ST. MARY PAR 51","31644","June","2024","LA"
"5684","ST. TAMMANY PAR 52","189241","June","2024","LA"
"5685","TANGIPAHOA PAR 53","79172","June","2024","LA"
"5686","TENSAS PAR 54","3478","June","2024","LA"
"5687","TERREBONNE PAR 55","61784","June","2024","LA"
"5688","UNION PAR 56","15449","June","2024","LA"
"5689","VERMILION PAR 57","37938","June","2024","LA"
"5690","VERNON PAR 58","25026","June","2024","LA"
"5691","WASHINGTON PAR 59","28154","June","2024","LA"
"5692","WEBSTER PAR 60","22921","June","2024","LA"
"5693","WEST BATON ROUGE PAR 61","17721","June","2024","LA"
"5694","WEST CARROLL PAR 62","7026","June","2024","LA"
"5695","WEST FELICIANA PAR 63","7798","June","2024","LA"
"5696","WINN PAR 64","8394","June","2024","LA"
"5697","ACADIA PAR 01","38682","July","2024","LA"
"5698","ALLEN PAR 02","12421","July","2024","LA"
"5699","ASCENSION PAR 03","84004","July","2024","LA"
"5700","ASSUMPTION PAR 04","14347","July","2024","LA"
"5701","AVOYELLES PAR 05","23505","July","2024","LA"
"5702","BEAUREGARD PAR 06","22979","July","2024","LA"
"5703","BIENVILLE PAR 07","8794","July","2024","LA"
"5704","BOSSIER PAR 08","75251","July","2024","LA"
"5705","CADDO PAR 09","154593","July","2024","LA"
"5706","CALCASIEU PAR 10","125889","July","2024","LA"
"5707","CALDWELL PAR 11","6015","July","2024","LA"
"5708","CAMERON PAR 12","4646","July","2024","LA"
"5709","CATAHOULA PAR 13","6229","July","2024","LA"
"5710","CLAIBORNE PAR 14","8637","July","2024","LA"
"5711","CONCORDIA PAR 15","12310","July","2024","LA"
"5712","DE SOTO PAR 16","19162","July","2024","LA"
"5713","EAST BATON ROUGE PAR 17","286751","July","2024","LA"
"5714","EAST CARROLL PAR 18","4753","July","2024","LA"
"5715","EAST FELICIANA PAR 19","13791","July","2024","LA"
"5716","EVANGELINE PAR 20","21157","July","2024","LA"
"5717","FRANKLIN PAR 21","13192","July","2024","LA"
"5718","GRANT PAR 22","12929","July","2024","LA"
"5719","IBERIA PAR 23","45303","July","2024","LA"
"5720","IBERVILLE PAR 24","21055","July","2024","LA"
"5721","JACKSON PAR 25","9698","July","2024","LA"
"5722","JEFFERSON PAR 26","269796","July","2024","LA"
"5723","JEFFERSON DAVIS PAR 27","20584","July","2024","LA"
"5724","LAFAYETTE PAR 28","158368","July","2024","LA"
"5725","LAFOURCHE PAR 29","59247","July","2024","LA"
"5726","LASALLE PAR 30","8698","July","2024","LA"
"5727","LINCOLN PAR 31","27008","July","2024","LA"
"5728","LIVINGSTON PAR 32","86551","July","2024","LA"
"5729","MADISON PAR 33","7381","July","2024","LA"
"5730","MOREHOUSE PAR 34","17084","July","2024","LA"
"5731","NATCHITOCHES PAR 35","23510","July","2024","LA"
"5732","ORLEANS PAR 36","264555","July","2024","LA"
"5733","OUACHITA PAR 37","102897","July","2024","LA"
"5734","PLAQUEMINES PAR 38","14317","July","2024","LA"
"5735","POINTE COUPEE PAR 39","15200","July","2024","LA"
"5736","RAPIDES PAR 40","80874","July","2024","LA"
"5737","RED RIVER PAR 41","5547","July","2024","LA"
"5738","RICHLAND PAR 42","13850","July","2024","LA"
"5739","SABINE PAR 43","14389","July","2024","LA"
"5740","ST. BERNARD PAR 44","26874","July","2024","LA"
"5741","ST. CHARLES PAR 45","35759","July","2024","LA"
"5742","ST. HELENA PAR 46","8508","July","2024","LA"
"5743","ST. JAMES PAR 47","15091","July","2024","LA"
"5744","ST. JOHN THE BAPTIST PAR 48","28958","July","2024","LA"
"5745","ST. LANDRY PAR 49","57260","July","2024","LA"
"5746","ST. MARTIN PAR 50","36566","July","2024","LA"
"5747","ST. MARY PAR 51","31638","July","2024","LA"
"5748","ST. TAMMANY PAR 52","189476","July","2024","LA"
"5749","TANGIPAHOA PAR 53","79336","July","2024","LA"
"5750","TENSAS PAR 54","3461","July","2024","LA"
"5751","TERREBONNE PAR 55","61719","July","2024","LA"
"5752","UNION PAR 56","15408","July","2024","LA"
"5753","VERMILION PAR 57","37933","July","2024","LA"
"5754","VERNON PAR 58","25044","July","2024","LA"
"5755","WASHINGTON PAR 59","28192","July","2024","LA"
"5756","WEBSTER PAR 60","22868","July","2024","LA"
"5757","WEST BATON ROUGE PAR 61","17733","July","2024","LA"
"5758","WEST CARROLL PAR 62","7031","July","2024","LA"
"5759","WEST FELICIANA PAR 63","7793","July","2024","LA"
"5760","WINN PAR 64","8376","July","2024","LA"
"5761","ACADIA PAR 01","38794","August","2024","LA"
"5762","ALLEN PAR 02","12449","August","2024","LA"
"5763","ASCENSION PAR 03","84432","August","2024","LA"
"5764","ASSUMPTION PAR 04","14358","August","2024","LA"
"5765","AVOYELLES PAR 05","23546","August","2024","LA"
"5766","BEAUREGARD PAR 06","23068","August","2024","LA"
"5767","BIENVILLE PAR 07","8797","August","2024","LA"
"5768","BOSSIER PAR 08","75776","August","2024","LA"
"5769","CADDO PAR 09","154867","August","2024","LA"
"5770","CALCASIEU PAR 10","126426","August","2024","LA"
"5771","CALDWELL PAR 11","6033","August","2024","LA"
"5772","CAMERON PAR 12","4640","August","2024","LA"
"5773","CATAHOULA PAR 13","6231","August","2024","LA"
"5774","CLAIBORNE PAR 14","8628","August","2024","LA"
"5775","CONCORDIA PAR 15","12311","August","2024","LA"
"5776","DE SOTO PAR 16","19246","August","2024","LA"
"5777","EAST BATON ROUGE PAR 17","287798","August","2024","LA"
"5778","EAST CARROLL PAR 18","4756","August","2024","LA"
"5779","EAST FELICIANA PAR 19","13792","August","2024","LA"
"5780","EVANGELINE PAR 20","21171","August","2024","LA"
"5781","FRANKLIN PAR 21","13207","August","2024","LA"
"5782","GRANT PAR 22","12960","August","2024","LA"
"5783","IBERIA PAR 23","45339","August","2024","LA"
"5784","IBERVILLE PAR 24","21084","August","2024","LA"
"5785","JACKSON PAR 25","9715","August","2024","LA"
"5786","JEFFERSON PAR 26","270644","August","2024","LA"
"5787","JEFFERSON DAVIS PAR 27","20658","August","2024","LA"
"5788","LAFAYETTE PAR 28","159216","August","2024","LA"
"5789","LAFOURCHE PAR 29","59436","August","2024","LA"
"5790","LASALLE PAR 30","8708","August","2024","LA"
"5791","LINCOLN PAR 31","27128","August","2024","LA"
"5792","LIVINGSTON PAR 32","85908","August","2024","LA"
"5793","MADISON PAR 33","7365","August","2024","LA"
"5794","MOREHOUSE PAR 34","17116","August","2024","LA"
"5795","NATCHITOCHES PAR 35","23550","August","2024","LA"
"5796","ORLEANS PAR 36","265072","August","2024","LA"
"5797","OUACHITA PAR 37","103215","August","2024","LA"
"5798","PLAQUEMINES PAR 38","14370","August","2024","LA"
"5799","POINTE COUPEE PAR 39","15227","August","2024","LA"
"5800","RAPIDES PAR 40","81090","August","2024","LA"
"5801","RED RIVER PAR 41","5541","August","2024","LA"
"5802","RICHLAND PAR 42","13872","August","2024","LA"
"5803","SABINE PAR 43","14344","August","2024","LA"
"5804","ST. BERNARD PAR 44","26985","August","2024","LA"
"5805","ST. CHARLES PAR 45","35835","August","2024","LA"
"5806","ST. HELENA PAR 46","8519","August","2024","LA"
"5807","ST. JAMES PAR 47","15105","August","2024","LA"
"5808","ST. JOHN THE BAPTIST PAR 48","29030","August","2024","LA"
"5809","ST. LANDRY PAR 49","57395","August","2024","LA"
"5810","ST. MARTIN PAR 50","36611","August","2024","LA"
"5811","ST. MARY PAR 51","31673","August","2024","LA"
"5812","ST. TAMMANY PAR 52","190648","August","2024","LA"
"5813","TANGIPAHOA PAR 53","79800","August","2024","LA"
"5814","TENSAS PAR 54","3398","August","2024","LA"
"5815","TERREBONNE PAR 55","61858","August","2024","LA"
"5816","UNION PAR 56","15434","August","2024","LA"
"5817","VERMILION PAR 57","38019","August","2024","LA"
"5818","VERNON PAR 58","25215","August","2024","LA"
"5819","WASHINGTON PAR 59","28282","August","2024","LA"
"5820","WEBSTER PAR 60","22922","August","2024","LA"
"5821","WEST BATON ROUGE PAR 61","17789","August","2024","LA"
"5822","WEST CARROLL PAR 62","7047","August","2024","LA"
"5823","WEST FELICIANA PAR 63","7845","August","2024","LA"
"5824","WINN PAR 64","8378","August","2024","LA"
"5825","ACADIA PAR 01","38915","September","2024","LA"
"5826","ALLEN PAR 02","12502","September","2024","LA"
"5827","ASCENSION PAR 03","84900","September","2024","LA"
"5828","ASSUMPTION PAR 04","14374","September","2024","LA"
"5829","AVOYELLES PAR 05","23587","September","2024","LA"
"5830","BEAUREGARD PAR 06","23151","September","2024","LA"
"5831","BIENVILLE PAR 07","8814","September","2024","LA"
"5832","BOSSIER PAR 08","76322","September","2024","LA"
"5833","CADDO PAR 09","155206","September","2024","LA"
"5834","CALCASIEU PAR 10","126704","September","2024","LA"
"5835","CALDWELL PAR 11","6053","September","2024","LA"
"5836","CAMERON PAR 12","4618","September","2024","LA"
"5837","CATAHOULA PAR 13","6240","September","2024","LA"
"5838","CLAIBORNE PAR 14","8620","September","2024","LA"
"5839","CONCORDIA PAR 15","12340","September","2024","LA"
"5840","DE SOTO PAR 16","19336","September","2024","LA"
"5841","EAST BATON ROUGE PAR 17","288927","September","2024","LA"
"5842","EAST CARROLL PAR 18","4747","September","2024","LA"
"5843","EAST FELICIANA PAR 19","13805","September","2024","LA"
"5844","EVANGELINE PAR 20","21206","September","2024","LA"
"5845","FRANKLIN PAR 21","13242","September","2024","LA"
"5846","GRANT PAR 22","13009","September","2024","LA"
"5847","IBERIA PAR 23","45353","September","2024","LA"
"5848","IBERVILLE PAR 24","21097","September","2024","LA"
"5849","JACKSON PAR 25","9749","September","2024","LA"
"5850","JEFFERSON PAR 26","271261","September","2024","LA"
"5851","JEFFERSON DAVIS PAR 27","20730","September","2024","LA"
"5852","LAFAYETTE PAR 28","160009","September","2024","LA"
"5853","LAFOURCHE PAR 29","59660","September","2024","LA"
"5854","LASALLE PAR 30","8711","September","2024","LA"
"5855","LINCOLN PAR 31","27337","September","2024","LA"
"5856","LIVINGSTON PAR 32","86458","September","2024","LA"
"5857","MADISON PAR 33","7362","September","2024","LA"
"5858","MOREHOUSE PAR 34","17157","September","2024","LA"
"5859","NATCHITOCHES PAR 35","23621","September","2024","LA"
"5860","ORLEANS PAR 36","266062","September","2024","LA"
"5861","OUACHITA PAR 37","103570","September","2024","LA"
"5862","PLAQUEMINES PAR 38","14395","September","2024","LA"
"5863","POINTE COUPEE PAR 39","15239","September","2024","LA"
"5864","RAPIDES PAR 40","81398","September","2024","LA"
"5865","RED RIVER PAR 41","5566","September","2024","LA"
"5866","RICHLAND PAR 42","13907","September","2024","LA"
"5867","SABINE PAR 43","14302","September","2024","LA"
"5868","ST. BERNARD PAR 44","27099","September","2024","LA"
"5869","ST. CHARLES PAR 45","35959","September","2024","LA"
"5870","ST. HELENA PAR 46","8541","September","2024","LA"
"5871","ST. JAMES PAR 47","15124","September","2024","LA"
"5872","ST. JOHN THE BAPTIST PAR 48","29094","September","2024","LA"
"5873","ST. LANDRY PAR 49","57527","September","2024","LA"
"5874","ST. MARTIN PAR 50","36695","September","2024","LA"
"5875","ST. MARY PAR 51","31751","September","2024","LA"
"5876","ST. TAMMANY PAR 52","191946","September","2024","LA"
"5877","TANGIPAHOA PAR 53","80310","September","2024","LA"
"5878","TENSAS PAR 54","3382","September","2024","LA"
"5879","TERREBONNE PAR 55","62056","September","2024","LA"
"5880","UNION PAR 56","15492","September","2024","LA"
"5881","VERMILION PAR 57","38139","September","2024","LA"
"5882","VERNON PAR 58","25347","September","2024","LA"
"5883","WASHINGTON PAR 59","28394","September","2024","LA"
"5884","WEBSTER PAR 60","22998","September","2024","LA"
"5885","WEST BATON ROUGE PAR 61","17889","September","2024","LA"
"5886","WEST CARROLL PAR 62","7076","September","2024","LA"
"5887","WEST FELICIANA PAR 63","7906","September","2024","LA"
"5888","WINN PAR 64","8391","September","2024","LA"
"5889","ACADIA PAR 01","39120","October","2024","LA"
"5890","ALLEN PAR 02","12606","October","2024","LA"
"5891","ASCENSION PAR 03","85544","October","2024","LA"
"5892","ASSUMPTION PAR 04","14407","October","2024","LA"
"5893","AVOYELLES PAR 05","23722","October","2024","LA"
"5894","BEAUREGARD PAR 06","23331","October","2024","LA"
"5895","BIENVILLE PAR 07","8875","October","2024","LA"
"5896","BOSSIER PAR 08","77047","October","2024","LA"
"5897","CADDO PAR 09","156145","October","2024","LA"
"5898","CALCASIEU PAR 10","127515","October","2024","LA"
"5899","CALDWELL PAR 11","6074","October","2024","LA"
"5900","CAMERON PAR 12","4621","October","2024","LA"
"5901","CATAHOULA PAR 13","6285","October","2024","LA"
"5902","CLAIBORNE PAR 14","8632","October","2024","LA"
"5903","CONCORDIA PAR 15","12376","October","2024","LA"
"5904","DE SOTO PAR 16","19489","October","2024","LA"
"5905","EAST BATON ROUGE PAR 17","291049","October","2024","LA"
"5906","EAST CARROLL PAR 18","4753","October","2024","LA"
"5907","EAST FELICIANA PAR 19","13879","October","2024","LA"
"5908","EVANGELINE PAR 20","21270","October","2024","LA"
"5909","FRANKLIN PAR 21","13291","October","2024","LA"
"5910","GRANT PAR 22","13095","October","2024","LA"
"5911","IBERIA PAR 23","45514","October","2024","LA"
"5912","IBERVILLE PAR 24","21119","October","2024","LA"
"5913","JACKSON PAR 25","9824","October","2024","LA"
"5914","JEFFERSON PAR 26","272489","October","2024","LA"
"5915","JEFFERSON DAVIS PAR 27","20817","October","2024","LA"
"5916","LAFAYETTE PAR 28","161259","October","2024","LA"
"5917","LAFOURCHE PAR 29","59901","October","2024","LA"
"5918","LASALLE PAR 30","8761","October","2024","LA"
"5919","LINCOLN PAR 31","27567","October","2024","LA"
"5920","LIVINGSTON PAR 32","87391","October","2024","LA"
"5921","MADISON PAR 33","7363","October","2024","LA"
"5922","MOREHOUSE PAR 34","17238","October","2024","LA"
"5923","NATCHITOCHES PAR 35","23769","October","2024","LA"
"5924","ORLEANS PAR 36","267588","October","2024","LA"
"5925","OUACHITA PAR 37","104220","October","2024","LA"
"5926","PLAQUEMINES PAR 38","14513","October","2024","LA"
"5927","POINTE COUPEE PAR 39","15306","October","2024","LA"
"5928","RAPIDES PAR 40","81908","October","2024","LA"
"5929","RED RIVER PAR 41","5579","October","2024","LA"
"5930","RICHLAND PAR 42","13970","October","2024","LA"
"5931","SABINE PAR 43","14373","October","2024","LA"
"5932","ST. BERNARD PAR 44","27259","October","2024","LA"
"5933","ST. CHARLES PAR 45","36125","October","2024","LA"
"5934","ST. HELENA PAR 46","8570","October","2024","LA"
"5935","ST. JAMES PAR 47","15133","October","2024","LA"
"5936","ST. JOHN THE BAPTIST PAR 48","29210","October","2024","LA"
"5937","ST. LANDRY PAR 49","57748","October","2024","LA"
"5938","ST. MARTIN PAR 50","36840","October","2024","LA"
"5939","ST. MARY PAR 51","31832","October","2024","LA"
"5940","ST. TAMMANY PAR 52","193601","October","2024","LA"
"5941","TANGIPAHOA PAR 53","81036","October","2024","LA"
"5942","TENSAS PAR 54","3363","October","2024","LA"
"5943","TERREBONNE PAR 55","62268","October","2024","LA"
"5944","UNION PAR 56","15547","October","2024","LA"
"5945","VERMILION PAR 57","38409","October","2024","LA"
"5946","VERNON PAR 58","25648","October","2024","LA"
"5947","WASHINGTON PAR 59","28487","October","2024","LA"
"5948","WEBSTER PAR 60","23176","October","2024","LA"
"5949","WEST BATON ROUGE PAR 61","18040","October","2024","LA"
"5950","WEST CARROLL PAR 62","7089","October","2024","LA"
"5951","WEST FELICIANA PAR 63","7943","October","2024","LA"
"5952","WINN PAR 64","8396","October","2024","LA"
"5953","ACADIA PAR 01","39352","November","2024","LA"
"5954","ALLEN PAR 02","12728","November","2024","LA"
"5955","ASCENSION PAR 03","86317","November","2024","LA"
"5956","ASSUMPTION PAR 04","14481","November","2024","LA"
"5957","AVOYELLES PAR 05","23905","November","2024","LA"
"5958","BEAUREGARD PAR 06","23573","November","2024","LA"
"5959","BIENVILLE PAR 07","8952","November","2024","LA"
"5960","BOSSIER PAR 08","77921","November","2024","LA"
"5961","CADDO PAR 09","157089","November","2024","LA"
"5962","CALCASIEU PAR 10","128659","November","2024","LA"
"5963","CALDWELL PAR 11","6104","November","2024","LA"
"5964","CAMERON PAR 12","4637","November","2024","LA"
"5965","CATAHOULA PAR 13","6318","November","2024","LA"
"5966","CLAIBORNE PAR 14","8678","November","2024","LA"
"5967","CONCORDIA PAR 15","12427","November","2024","LA"
"5968","DE SOTO PAR 16","19745","November","2024","LA"
"5969","EAST BATON ROUGE PAR 17","293637","November","2024","LA"
"5970","EAST CARROLL PAR 18","4754","November","2024","LA"
"5971","EAST FELICIANA PAR 19","13949","November","2024","LA"
"5972","EVANGELINE PAR 20","21389","November","2024","LA"
"5973","FRANKLIN PAR 21","13364","November","2024","LA"
"5974","GRANT PAR 22","13167","November","2024","LA"
"5975","IBERIA PAR 23","45726","November","2024","LA"
"5976","IBERVILLE PAR 24","21192","November","2024","LA"
"5977","JACKSON PAR 25","9867","November","2024","LA"
"5978","JEFFERSON PAR 26","274468","November","2024","LA"
"5979","JEFFERSON DAVIS PAR 27","20960","November","2024","LA"
"5980","LAFAYETTE PAR 28","163003","November","2024","LA"
"5981","LAFOURCHE PAR 29","60235","November","2024","LA"
"5982","LASALLE PAR 30","8807","November","2024","LA"
"5983","LINCOLN PAR 31","27976","November","2024","LA"
"5984","LIVINGSTON PAR 32","88674","November","2024","LA"
"5985","MADISON PAR 33","7378","November","2024","LA"
"5986","MOREHOUSE PAR 34","17277","November","2024","LA"
"5987","NATCHITOCHES PAR 35","23899","November","2024","LA"
"5988","ORLEANS PAR 36","270591","November","2024","LA"
"5989","OUACHITA PAR 37","104995","November","2024","LA"
"5990","PLAQUEMINES PAR 38","14635","November","2024","LA"
"5991","POINTE COUPEE PAR 39","15370","November","2024","LA"
"5992","RAPIDES PAR 40","82392","November","2024","LA"
"5993","RED RIVER PAR 41","5622","November","2024","LA"
"5994","RICHLAND PAR 42","14020","November","2024","LA"
"5995","SABINE PAR 43","14508","November","2024","LA"
"5996","ST. BERNARD PAR 44","27440","November","2024","LA"
"5997","ST. CHARLES PAR 45","36324","November","2024","LA"
"5998","ST. HELENA PAR 46","8597","November","2024","LA"
"5999","ST. JAMES PAR 47","15187","November","2024","LA"
"6000","ST. JOHN THE BAPTIST PAR 48","29386","November","2024","LA"
"6001","ST. LANDRY PAR 49","58117","November","2024","LA"
"6002","ST. MARTIN PAR 50","37009","November","2024","LA"
"6003","ST. MARY PAR 51","31991","November","2024","LA"
"6004","ST. TAMMANY PAR 52","195588","November","2024","LA"
"6005","TANGIPAHOA PAR 53","82044","November","2024","LA"
"6006","TENSAS PAR 54","3373","November","2024","LA"
"6007","TERREBONNE PAR 55","62591","November","2024","LA"
"6008","UNION PAR 56","15628","November","2024","LA"
"6009","VERMILION PAR 57","38669","November","2024","LA"
"6010","VERNON PAR 58","25908","November","2024","LA"
"6011","WASHINGTON PAR 59","28729","November","2024","LA"
"6012","WEBSTER PAR 60","23368","November","2024","LA"
"6013","WEST BATON ROUGE PAR 61","18208","November","2024","LA"
"6014","WEST CARROLL PAR 62","7117","November","2024","LA"
"6015","WEST FELICIANA PAR 63","7996","November","2024","LA"
"6016","WINN PAR 64","8462","November","2024","LA"
"6017","ACADIA PAR 01","39639","December","2024","LA"
"6018","ALLEN PAR 02","12837","December","2024","LA"
"6019","ASCENSION PAR 03","87282","December","2024","LA"
"6020","ASSUMPTION PAR 04","14530","December","2024","LA"
"6021","AVOYELLES PAR 05","23983","December","2024","LA"
"6022","BEAUREGARD PAR 06","23774","December","2024","LA"
"6023","BIENVILLE PAR 07","8985","December","2024","LA"
"6024","BOSSIER PAR 08","78993","December","2024","LA"
"6025","CADDO PAR 09","157956","December","2024","LA"
"6026","CALCASIEU PAR 10","129820","December","2024","LA"
"6027","CALDWELL PAR 11","6163","December","2024","LA"
"6028","CAMERON PAR 12","4636","December","2024","LA"
"6029","CATAHOULA PAR 13","6326","December","2024","LA"
"6030","CLAIBORNE PAR 14","8712","December","2024","LA"
"6031","CONCORDIA PAR 15","12465","December","2024","LA"
"6032","DE SOTO PAR 16","19929","December","2024","LA"
"6033","EAST BATON ROUGE PAR 17","296177","December","2024","LA"
"6034","EAST CARROLL PAR 18","4765","December","2024","LA"
"6035","EAST FELICIANA PAR 19","14033","December","2024","LA"
"6036","EVANGELINE PAR 20","21437","December","2024","LA"
"6037","FRANKLIN PAR 21","13422","December","2024","LA"
"6038","GRANT PAR 22","13271","December","2024","LA"
"6039","IBERIA PAR 23","45882","December","2024","LA"
"6040","IBERVILLE PAR 24","21262","December","2024","LA"
"6041","JACKSON PAR 25","9932","December","2024","LA"
"6042","JEFFERSON PAR 26","276458","December","2024","LA"
"6043","JEFFERSON DAVIS PAR 27","21144","December","2024","LA"
"6044","LAFAYETTE PAR 28","165231","December","2024","LA"
"6045","LAFOURCHE PAR 29","60750","December","2024","LA"
"6046","LASALLE PAR 30","8888","December","2024","LA"
"6047","LINCOLN PAR 31","28246","December","2024","LA"
"6048","LIVINGSTON PAR 32","90429","December","2024","LA"
"6049","MADISON PAR 33","7368","December","2024","LA"
"6050","MOREHOUSE PAR 34","17364","December","2024","LA"
"6051","NATCHITOCHES PAR 35","24027","December","2024","LA"
"6052","ORLEANS PAR 36","271606","December","2024","LA"
"6053","OUACHITA PAR 37","106070","December","2024","LA"
"6054","PLAQUEMINES PAR 38","14762","December","2024","LA"
"6055","POINTE COUPEE PAR 39","15423","December","2024","LA"
"6056","RAPIDES PAR 40","83033","December","2024","LA"
"6057","RED RIVER PAR 41","5651","December","2024","LA"
"6058","RICHLAND PAR 42","14066","December","2024","LA"
"6059","SABINE PAR 43","14600","December","2024","LA"
"6060","ST. BERNARD PAR 44","27621","December","2024","LA"
"6061","ST. CHARLES PAR 45","36540","December","2024","LA"
"6062","ST. HELENA PAR 46","8649","December","2024","LA"
"6063","ST. JAMES PAR 47","15222","December","2024","LA"
"6064","ST. JOHN THE BAPTIST PAR 48","29520","December","2024","LA"
"6065","ST. LANDRY PAR 49","58494","December","2024","LA"
"6066","ST. MARTIN PAR 50","37171","December","2024","LA"
"6067","ST. MARY PAR 51","32157","December","2024","LA"
"6068","ST. TAMMANY PAR 52","197959","December","2024","LA"
"6069","TANGIPAHOA PAR 53","83342","December","2024","LA"
"6070","TENSAS PAR 54","3374","December","2024","LA"
"6071","TERREBONNE PAR 55","63026","December","2024","LA"
"6072","UNION PAR 56","15715","December","2024","LA"
"6073","VERMILION PAR 57","38993","December","2024","LA"
"6074","VERNON PAR 58","26293","December","2024","LA"
"6075","WASHINGTON PAR 59","28952","December","2024","LA"
"6076","WEBSTER PAR 60","23638","December","2024","LA"
"6077","WEST BATON ROUGE PAR 61","18333","December","2024","LA"
"6078","WEST CARROLL PAR 62","7157","December","2024","LA"
"6079","WEST FELICIANA PAR 63","8073","December","2024","LA"
"6080","WINN PAR 64","8508","December","2024","LA"
"6081","ACADIA PAR 01","38577","January","2025","LA"
"6082","ALLEN PAR 02","12393","January","2025","LA"
"6083","ASCENSION PAR 03","85450","January","2025","LA"
"6084","ASSUMPTION PAR 04","14130","January","2025","LA"
"6085","AVOYELLES PAR 05","23373","January","2025","LA"
"6086","BEAUREGARD PAR 06","23315","January","2025","LA"
"6087","BIENVILLE PAR 07","8901","January","2025","LA"
"6088","BOSSIER PAR 08","75654","January","2025","LA"
"6089","CADDO PAR 09","152371","January","2025","LA"
"6090","CALCASIEU PAR 10","123380","January","2025","LA"
"6091","CALDWELL PAR 11","6038","January","2025","LA"
"6092","CAMERON PAR 12","4442","January","2025","LA"
"6093","CATAHOULA PAR 13","6263","January","2025","LA"
"6094","CLAIBORNE PAR 14","8609","January","2025","LA"
"6095","CONCORDIA PAR 15","12136","January","2025","LA"
"6096","DE SOTO PAR 16","19762","January","2025","LA"
"6097","EAST BATON ROUGE PAR 17","289255","January","2025","LA"
"6098","EAST CARROLL PAR 18","4708","January","2025","LA"
"6099","EAST FELICIANA PAR 19","13678","January","2025","LA"
"6100","EVANGELINE PAR 20","21083","January","2025","LA"
"6101","FRANKLIN PAR 21","13245","January","2025","LA"
"6102","GRANT PAR 22","13116","January","2025","LA"
"6103","IBERIA PAR 23","44109","January","2025","LA"
"6104","IBERVILLE PAR 24","20881","January","2025","LA"
"6105","JACKSON PAR 25","9778","January","2025","LA"
"6106","JEFFERSON PAR 26","269031","January","2025","LA"
"6107","JEFFERSON DAVIS PAR 27","20715","January","2025","LA"
"6108","LAFAYETTE PAR 28","162633","January","2025","LA"
"6109","LAFOURCHE PAR 29","58030","January","2025","LA"
"6110","LASALLE PAR 30","8794","January","2025","LA"
"6111","LINCOLN PAR 31","27185","January","2025","LA"
"6112","LIVINGSTON PAR 32","88977","January","2025","LA"
"6113","MADISON PAR 33","7220","January","2025","LA"
"6114","MOREHOUSE PAR 34","16819","January","2025","LA"
"6115","NATCHITOCHES PAR 35","23356","January","2025","LA"
"6116","ORLEANS PAR 36","263498","January","2025","LA"
"6117","OUACHITA PAR 37","102929","January","2025","LA"
"6118","PLAQUEMINES PAR 38","14346","January","2025","LA"
"6119","POINTE COUPEE PAR 39","14932","January","2025","LA"
"6120","RAPIDES PAR 40","81482","January","2025","LA"
"6121","RED RIVER PAR 41","5592","January","2025","LA"
"6122","RICHLAND PAR 42","13893","January","2025","LA"
"6123","SABINE PAR 43","14108","January","2025","LA"
"6124","ST. BERNARD PAR 44","27228","January","2025","LA"
"6125","ST. CHARLES PAR 45","35585","January","2025","LA"
"6126","ST. HELENA PAR 46","8567","January","2025","LA"
"6127","ST. JAMES PAR 47","15026","January","2025","LA"
"6128","ST. JOHN THE BAPTIST PAR 48","28766","January","2025","LA"
"6129","ST. LANDRY PAR 49","55300","January","2025","LA"
"6130","ST. MARTIN PAR 50","35686","January","2025","LA"
"6131","ST. MARY PAR 51","30609","January","2025","LA"
"6132","ST. TAMMANY PAR 52","192666","January","2025","LA"
"6133","TANGIPAHOA PAR 53","80875","January","2025","LA"
"6134","TENSAS PAR 54","3347","January","2025","LA"
"6135","TERREBONNE PAR 55","60464","January","2025","LA"
"6136","UNION PAR 56","15410","January","2025","LA"
"6137","VERMILION PAR 57","38348","January","2025","LA"
"6138","VERNON PAR 58","25372","January","2025","LA"
"6139","WASHINGTON PAR 59","28664","January","2025","LA"
"6140","WEBSTER PAR 60","22992","January","2025","LA"
"6141","WEST BATON ROUGE PAR 61","17925","January","2025","LA"
"6142","WEST CARROLL PAR 62","7096","January","2025","LA"
"6143","WEST FELICIANA PAR 63","7854","January","2025","LA"
"6144","WINN PAR 64","8399","January","2025","LA"
"6145","ACADIA PAR 01","38544","February","2025","LA"
"6146","ALLEN PAR 02","12388","February","2025","LA"
"6147","ASCENSION PAR 03","85439","February","2025","LA"
"6148","ASSUMPTION PAR 04","14123","February","2025","LA"
"6149","AVOYELLES PAR 05","23359","February","2025","LA"
"6150","BEAUREGARD PAR 06","23296","February","2025","LA"
"6151","BIENVILLE PAR 07","8879","February","2025","LA"
"6152","BOSSIER PAR 08","75687","February","2025","LA"
"6153","CADDO PAR 09","152256","February","2025","LA"
"6154","CALCASIEU PAR 10","123381","February","2025","LA"
"6155","CALDWELL PAR 11","6033","February","2025","LA"
"6156","CAMERON PAR 12","4424","February","2025","LA"
"6157","CATAHOULA PAR 13","6259","February","2025","LA"
"6158","CLAIBORNE PAR 14","8590","February","2025","LA"
"6159","CONCORDIA PAR 15","12115","February","2025","LA"
"6160","DE SOTO PAR 16","19726","February","2025","LA"
"6161","EAST BATON ROUGE PAR 17","288994","February","2025","LA"
"6162","EAST CARROLL PAR 18","4696","February","2025","LA"
"6163","EAST FELICIANA PAR 19","13676","February","2025","LA"
"6164","EVANGELINE PAR 20","21052","February","2025","LA"
"6165","FRANKLIN PAR 21","13240","February","2025","LA"
"6166","GRANT PAR 22","13113","February","2025","LA"
"6167","IBERIA PAR 23","44069","February","2025","LA"
"6168","IBERVILLE PAR 24","20856","February","2025","LA"
"6169","JACKSON PAR 25","9760","February","2025","LA"
"6170","JEFFERSON PAR 26","268892","February","2025","LA"
"6171","JEFFERSON DAVIS PAR 27","20708","February","2025","LA"
"6172","LAFAYETTE PAR 28","162555","February","2025","LA"
"6173","LAFOURCHE PAR 29","58008","February","2025","LA"
"6174","LASALLE PAR 30","8779","February","2025","LA"
"6175","LINCOLN PAR 31","27162","February","2025","LA"
"6176","LIVINGSTON PAR 32","88983","February","2025","LA"
"6177","MADISON PAR 33","7219","February","2025","LA"
"6178","MOREHOUSE PAR 34","16822","February","2025","LA"
"6179","NATCHITOCHES PAR 35","23331","February","2025","LA"
"6180","ORLEANS PAR 36","263429","February","2025","LA"
"6181","OUACHITA PAR 37","102862","February","2025","LA"
"6182","PLAQUEMINES PAR 38","14327","February","2025","LA"
"6183","POINTE COUPEE PAR 39","14914","February","2025","LA"
"6184","RAPIDES PAR 40","81405","February","2025","LA"
"6185","RED RIVER PAR 41","5584","February","2025","LA"
"6186","RICHLAND PAR 42","13890","February","2025","LA"
"6187","SABINE PAR 43","14099","February","2025","LA"
"6188","ST. BERNARD PAR 44","27219","February","2025","LA"
"6189","ST. CHARLES PAR 45","35573","February","2025","LA"
"6190","ST. HELENA PAR 46","8561","February","2025","LA"
"6191","ST. JAMES PAR 47","15012","February","2025","LA"
"6192","ST. JOHN THE BAPTIST PAR 48","28753","February","2025","LA"
"6193","ST. LANDRY PAR 49","55261","February","2025","LA"
"6194","ST. MARTIN PAR 50","35662","February","2025","LA"
"6195","ST. MARY PAR 51","30595","February","2025","LA"
"6196","ST. TAMMANY PAR 52","192712","February","2025","LA"
"6197","TANGIPAHOA PAR 53","80895","February","2025","LA"
"6198","TENSAS PAR 54","3321","February","2025","LA"
"6199","TERREBONNE PAR 55","60403","February","2025","LA"
"6200","UNION PAR 56","15370","February","2025","LA"
"6201","VERMILION PAR 57","38336","February","2025","LA"
"6202","VERNON PAR 58","25379","February","2025","LA"
"6203","WASHINGTON PAR 59","28631","February","2025","LA"
"6204","WEBSTER PAR 60","22949","February","2025","LA"
"6205","WEST BATON ROUGE PAR 61","17909","February","2025","LA"
"6206","WEST CARROLL PAR 62","7083","February","2025","LA"
"6207","WEST FELICIANA PAR 63","7856","February","2025","LA"
"6208","WINN PAR 64","8387","February","2025","LA"
"6209","ACADIA PAR 01","38523","March","2025","LA"
"6210","ALLEN PAR 02","12372","March","2025","LA"
"6211","ASCENSION PAR 03","85455","March","2025","LA"
"6212","ASSUMPTION PAR 04","14110","March","2025","LA"
"6213","AVOYELLES PAR 05","23357","March","2025","LA"
"6214","BEAUREGARD PAR 06","23291","March","2025","LA"
"6215","BIENVILLE PAR 07","8870","March","2025","LA"
"6216","BOSSIER PAR 08","75741","March","2025","LA"
"6217","CADDO PAR 09","152147","March","2025","LA"
"6218","CALCASIEU PAR 10","123390","March","2025","LA"
"6219","CALDWELL PAR 11","6021","March","2025","LA"
"6220","CAMERON PAR 12","4423","March","2025","LA"
"6221","CATAHOULA PAR 13","6251","March","2025","LA"
"6222","CLAIBORNE PAR 14","8569","March","2025","LA"
"6223","CONCORDIA PAR 15","12124","March","2025","LA"
"6224","DE SOTO PAR 16","19724","March","2025","LA"
"6225","EAST BATON ROUGE PAR 17","288927","March","2025","LA"
"6226","EAST CARROLL PAR 18","4693","March","2025","LA"
"6227","EAST FELICIANA PAR 19","13669","March","2025","LA"
"6228","EVANGELINE PAR 20","21017","March","2025","LA"
"6229","FRANKLIN PAR 21","13219","March","2025","LA"
"6230","GRANT PAR 22","13112","March","2025","LA"
"6231","IBERIA PAR 23","44029","March","2025","LA"
"6232","IBERVILLE PAR 24","20804","March","2025","LA"
"6233","JACKSON PAR 25","9740","March","2025","LA"
"6234","JEFFERSON PAR 26","268808","March","2025","LA"
"6235","JEFFERSON DAVIS PAR 27","20718","March","2025","LA"
"6236","LAFAYETTE PAR 28","162514","March","2025","LA"
"6237","LAFOURCHE PAR 29","58001","March","2025","LA"
"6238","LASALLE PAR 30","8771","March","2025","LA"
"6239","LINCOLN PAR 31","27162","March","2025","LA"
"6240","LIVINGSTON PAR 32","89007","March","2025","LA"
"6241","MADISON PAR 33","7212","March","2025","LA"
"6242","MOREHOUSE PAR 34","16819","March","2025","LA"
"6243","NATCHITOCHES PAR 35","23317","March","2025","LA"
"6244","ORLEANS PAR 36","263561","March","2025","LA"
"6245","OUACHITA PAR 37","102802","March","2025","LA"
"6246","PLAQUEMINES PAR 38","14311","March","2025","LA"
"6247","POINTE COUPEE PAR 39","14902","March","2025","LA"
"6248","RAPIDES PAR 40","81404","March","2025","LA"
"6249","RED RIVER PAR 41","5574","March","2025","LA"
"6250","RICHLAND PAR 42","13889","March","2025","LA"
"6251","SABINE PAR 43","14060","March","2025","LA"
"6252","ST. BERNARD PAR 44","27217","March","2025","LA"
"6253","ST. CHARLES PAR 45","35566","March","2025","LA"
"6254","ST. HELENA PAR 46","8555","March","2025","LA"
"6255","ST. JAMES PAR 47","14999","March","2025","LA"
"6256","ST. JOHN THE BAPTIST PAR 48","28737","March","2025","LA"
"6257","ST. LANDRY PAR 49","55248","March","2025","LA"
"6258","ST. MARTIN PAR 50","35518","March","2025","LA"
"6259","ST. MARY PAR 51","30577","March","2025","LA"
"6260","ST. TAMMANY PAR 52","192791","March","2025","LA"
"6261","TANGIPAHOA PAR 53","80897","March","2025","LA"
"6262","TENSAS PAR 54","3311","March","2025","LA"
"6263","TERREBONNE PAR 55","60361","March","2025","LA"
"6264","UNION PAR 56","15352","March","2025","LA"
"6265","VERMILION PAR 57","38323","March","2025","LA"
"6266","VERNON PAR 58","25389","March","2025","LA"
"6267","WASHINGTON PAR 59","28584","March","2025","LA"
"6268","WEBSTER PAR 60","22914","March","2025","LA"
"6269","WEST BATON ROUGE PAR 61","17912","March","2025","LA"
"6270","WEST CARROLL PAR 62","7078","March","2025","LA"
"6271","WEST FELICIANA PAR 63","7852","March","2025","LA"
"6272","WINN PAR 64","8368","March","2025","LA"
"6273","ACADIA PAR 01","38468","April","2025","LA"
"6274","ALLEN PAR 02","12363","April","2025","LA"
"6275","ASCENSION PAR 03","85432","April","2025","LA"
"6276","ASSUMPTION PAR 04","14101","April","2025","LA"
"6277","AVOYELLES PAR 05","23311","April","2025","LA"
"6278","BEAUREGARD PAR 06","23271","April","2025","LA"
"6279","BIENVILLE PAR 07","8860","April","2025","LA"
"6280","BOSSIER PAR 08","75694","April","2025","LA"
"6281","CADDO PAR 09","151913","April","2025","LA"
"6282","CALCASIEU PAR 10","123305","April","2025","LA"
"6283","CALDWELL PAR 11","6010","April","2025","LA"
"6284","CAMERON PAR 12","4421","April","2025","LA"
"6285","CATAHOULA PAR 13","6244","April","2025","LA"
"6286","CLAIBORNE PAR 14","8543","April","2025","LA"
"6287","CONCORDIA PAR 15","12112","April","2025","LA"
"6288","DE SOTO PAR 16","19702","April","2025","LA"
"6289","EAST BATON ROUGE PAR 17","288681","April","2025","LA"
"6290","EAST CARROLL PAR 18","4689","April","2025","LA"
"6291","EAST FELICIANA PAR 19","13655","April","2025","LA"
"6292","EVANGELINE PAR 20","20997","April","2025","LA"
"6293","FRANKLIN PAR 21","13210","April","2025","LA"
"6294","GRANT PAR 22","13117","April","2025","LA"
"6295","IBERIA PAR 23","43982","April","2025","LA"
"6296","IBERVILLE PAR 24","20743","April","2025","LA"
"6297","JACKSON PAR 25","9728","April","2025","LA"
"6298","JEFFERSON PAR 26","268663","April","2025","LA"
"6299","JEFFERSON DAVIS PAR 27","20702","April","2025","LA"
"6300","LAFAYETTE PAR 28","162394","April","2025","LA"
"6301","LAFOURCHE PAR 29","57961","April","2025","LA"
"6302","LASALLE PAR 30","8759","April","2025","LA"
"6303","LINCOLN PAR 31","27145","April","2025","LA"
"6304","LIVINGSTON PAR 32","88949","April","2025","LA"
"6305","MADISON PAR 33","7209","April","2025","LA"
"6306","MOREHOUSE PAR 34","16833","April","2025","LA"
"6307","NATCHITOCHES PAR 35","23291","April","2025","LA"
"6308","ORLEANS PAR 36","263619","April","2025","LA"
"6309","OUACHITA PAR 37","102712","April","2025","LA"
"6310","PLAQUEMINES PAR 38","14302","April","2025","LA"
"6311","POINTE COUPEE PAR 39","14885","April","2025","LA"
"6312","RAPIDES PAR 40","81309","April","2025","LA"
"6313","RED RIVER PAR 41","5565","April","2025","LA"
"6314","RICHLAND PAR 42","13889","April","2025","LA"
"6315","SABINE PAR 43","13671","April","2025","LA"
"6316","ST. BERNARD PAR 44","27196","April","2025","LA"
"6317","ST. CHARLES PAR 45","35534","April","2025","LA"
"6318","ST. HELENA PAR 46","8536","April","2025","LA"
"6319","ST. JAMES PAR 47","14986","April","2025","LA"
"6320","ST. JOHN THE BAPTIST PAR 48","28729","April","2025","LA"
"6321","ST. LANDRY PAR 49","55188","April","2025","LA"
"6322","ST. MARTIN PAR 50","35505","April","2025","LA"
"6323","ST. MARY PAR 51","30568","April","2025","LA"
"6324","ST. TAMMANY PAR 52","192643","April","2025","LA"
"6325","TANGIPAHOA PAR 53","80829","April","2025","LA"
"6326","TENSAS PAR 54","3301","April","2025","LA"
"6327","TERREBONNE PAR 55","60290","April","2025","LA"
"6328","UNION PAR 56","15321","April","2025","LA"
"6329","VERMILION PAR 57","38277","April","2025","LA"
"6330","VERNON PAR 58","25362","April","2025","LA"
"6331","WASHINGTON PAR 59","28556","April","2025","LA"
"6332","WEBSTER PAR 60","22863","April","2025","LA"
"6333","WEST BATON ROUGE PAR 61","17884","April","2025","LA"
"6334","WEST CARROLL PAR 62","7062","April","2025","LA"
"6335","WEST FELICIANA PAR 63","7838","April","2025","LA"
"6336","WINN PAR 64","8359","April","2025","LA"
"6337","ACADIA PAR 01","38502","May","2025","LA"
"6338","ALLEN PAR 02","12359","May","2025","LA"
"6339","ASCENSION PAR 03","85527","May","2025","LA"
"6340","ASSUMPTION PAR 04","14100","May","2025","LA"
"6341","AVOYELLES PAR 05","23300","May","2025","LA"
"6342","BEAUREGARD PAR 06","23294","May","2025","LA"
"6343","BIENVILLE PAR 07","8845","May","2025","LA"
"6344","BOSSIER PAR 08","75750","May","2025","LA"
"6345","CADDO PAR 09","151963","May","2025","LA"
"6346","CALCASIEU PAR 10","123393","May","2025","LA"
"6347","CALDWELL PAR 11","5993","May","2025","LA"
"6348","CAMERON PAR 12","4417","May","2025","LA"
"6349","CATAHOULA PAR 13","6231","May","2025","LA"
"6350","CLAIBORNE PAR 14","8542","May","2025","LA"
"6351","CONCORDIA PAR 15","12100","May","2025","LA"
"6352","DE SOTO PAR 16","19702","May","2025","LA"
"6353","EAST BATON ROUGE PAR 17","288705","May","2025","LA"
"6354","EAST CARROLL PAR 18","4686","May","2025","LA"
"6355","EAST FELICIANA PAR 19","13658","May","2025","LA"
"6356","EVANGELINE PAR 20","20944","May","2025","LA"
"6357","FRANKLIN PAR 21","13203","May","2025","LA"
"6358","GRANT PAR 22","13107","May","2025","LA"
"6359","IBERIA PAR 23","43973","May","2025","LA"
"6360","IBERVILLE PAR 24","20689","May","2025","LA"
"6361","JACKSON PAR 25","9720","May","2025","LA"
"6362","JEFFERSON PAR 26","268713","May","2025","LA"
"6363","JEFFERSON DAVIS PAR 27","20717","May","2025","LA"
"6364","LAFAYETTE PAR 28","162551","May","2025","LA"
"6365","LAFOURCHE PAR 29","57981","May","2025","LA"
"6366","LASALLE PAR 30","8777","May","2025","LA"
"6367","LINCOLN PAR 31","27151","May","2025","LA"
"6368","LIVINGSTON PAR 32","88997","May","2025","LA"
"6369","MADISON PAR 33","7196","May","2025","LA"
"6370","MOREHOUSE PAR 34","16816","May","2025","LA"
"6371","NATCHITOCHES PAR 35","23305","May","2025","LA"
"6372","ORLEANS PAR 36","263633","May","2025","LA"
"6373","OUACHITA PAR 37","102677","May","2025","LA"
"6374","PLAQUEMINES PAR 38","14313","May","2025","LA"
"6375","POINTE COUPEE PAR 39","14863","May","2025","LA"
"6376","RAPIDES PAR 40","81249","May","2025","LA"
"6377","RED RIVER PAR 41","5560","May","2025","LA"
"6378","RICHLAND PAR 42","13889","May","2025","LA"
"6379","SABINE PAR 43","13659","May","2025","LA"
"6380","ST. BERNARD PAR 44","27256","May","2025","LA"
"6381","ST. CHARLES PAR 45","35540","May","2025","LA"
"6382","ST. HELENA PAR 46","8534","May","2025","LA"
"6383","ST. JAMES PAR 47","14966","May","2025","LA"
"6384","ST. JOHN THE BAPTIST PAR 48","28733","May","2025","LA"
"6385","ST. LANDRY PAR 49","55217","May","2025","LA"
"6386","ST. MARTIN PAR 50","35505","May","2025","LA"
"6387","ST. MARY PAR 51","30569","May","2025","LA"
"6388","ST. TAMMANY PAR 52","192814","May","2025","LA"
"6389","TANGIPAHOA PAR 53","80870","May","2025","LA"
"6390","TENSAS PAR 54","3298","May","2025","LA"
"6391","TERREBONNE PAR 55","60276","May","2025","LA"
"6392","UNION PAR 56","15321","May","2025","LA"
"6393","VERMILION PAR 57","38276","May","2025","LA"
"6394","VERNON PAR 58","25379","May","2025","LA"
"6395","WASHINGTON PAR 59","28530","May","2025","LA"
"6396","WEBSTER PAR 60","22839","May","2025","LA"
"6397","WEST BATON ROUGE PAR 61","17903","May","2025","LA"
"6398","WEST CARROLL PAR 62","7050","May","2025","LA"
"6399","WEST FELICIANA PAR 63","7836","May","2025","LA"
"6400","WINN PAR 64","8337","May","2025","LA"
"6401","ACADIA PAR 01","38470","June","2025","LA"
"6402","ALLEN PAR 02","12345","June","2025","LA"
"6403","ASCENSION PAR 03","85580","June","2025","LA"
"6404","ASSUMPTION PAR 04","14085","June","2025","LA"
"6405","AVOYELLES PAR 05","23266","June","2025","LA"
"6406","BEAUREGARD PAR 06","23320","June","2025","LA"
"6407","BIENVILLE PAR 07","8836","June","2025","LA"
"6408","BOSSIER PAR 08","75874","June","2025","LA"
"6409","CADDO PAR 09","151926","June","2025","LA"
"6410","CALCASIEU PAR 10","123618","June","2025","LA"
"6411","CALDWELL PAR 11","5989","June","2025","LA"
"6412","CAMERON PAR 12","4408","June","2025","LA"
"6413","CATAHOULA PAR 13","6221","June","2025","LA"
"6414","CLAIBORNE PAR 14","8514","June","2025","LA"
"6415","CONCORDIA PAR 15","12105","June","2025","LA"
"6416","DE SOTO PAR 16","19689","June","2025","LA"
"6417","EAST BATON ROUGE PAR 17","288748","June","2025","LA"
"6418","EAST CARROLL PAR 18","4678","June","2025","LA"
"6419","EAST FELICIANA PAR 19","13651","June","2025","LA"
"6420","EVANGELINE PAR 20","20909","June","2025","LA"
"6421","FRANKLIN PAR 21","13190","June","2025","LA"
"6422","GRANT PAR 22","13103","June","2025","LA"
"6423","IBERIA PAR 23","43937","June","2025","LA"
"6424","IBERVILLE PAR 24","20671","June","2025","LA"
"6425","JACKSON PAR 25","9701","June","2025","LA"
"6426","JEFFERSON PAR 26","268660","June","2025","LA"
"6427","JEFFERSON DAVIS PAR 27","20713","June","2025","LA"
"6428","LAFAYETTE PAR 28","162521","June","2025","LA"
"6429","LAFOURCHE PAR 29","57962","June","2025","LA"
"6430","LASALLE PAR 30","8759","June","2025","LA"
"6431","LINCOLN PAR 31","27191","June","2025","LA"
"6432","LIVINGSTON PAR 32","89029","June","2025","LA"
"6433","MADISON PAR 33","7195","June","2025","LA"
"6434","MOREHOUSE PAR 34","16810","June","2025","LA"
"6435","NATCHITOCHES PAR 35","23287","June","2025","LA"
"6436","ORLEANS PAR 36","263794","June","2025","LA"
"6437","OUACHITA PAR 37","102670","June","2025","LA"
"6438","PLAQUEMINES PAR 38","14311","June","2025","LA"
"6439","POINTE COUPEE PAR 39","14858","June","2025","LA"
"6440","RAPIDES PAR 40","81235","June","2025","LA"
"6441","RED RIVER PAR 41","5548","June","2025","LA"
"6442","RICHLAND PAR 42","13886","June","2025","LA"
"6443","SABINE PAR 43","13637","June","2025","LA"
"6444","ST. BERNARD PAR 44","27246","June","2025","LA"
"6445","ST. CHARLES PAR 45","35517","June","2025","LA"
"6446","ST. HELENA PAR 46","8526","June","2025","LA"
"6447","ST. JAMES PAR 47","14958","June","2025","LA"
"6448","ST. JOHN THE BAPTIST PAR 48","28732","June","2025","LA"
"6449","ST. LANDRY PAR 49","55165","June","2025","LA"
"6450","ST. MARTIN PAR 50","35506","June","2025","LA"
"6451","ST. MARY PAR 51","30581","June","2025","LA"
"6452","ST. TAMMANY PAR 52","193117","June","2025","LA"
"6453","TANGIPAHOA PAR 53","81021","June","2025","LA"
"6454","TENSAS PAR 54","3286","June","2025","LA"
"6455","TERREBONNE PAR 55","60276","June","2025","LA"
"6456","UNION PAR 56","15313","June","2025","LA"
"6457","VERMILION PAR 57","38249","June","2025","LA"
"6458","VERNON PAR 58","25420","June","2025","LA"
"6459","WASHINGTON PAR 59","28569","June","2025","LA"
"6460","WEBSTER PAR 60","22814","June","2025","LA"
"6461","WEST BATON ROUGE PAR 61","17865","June","2025","LA"
"6462","WEST CARROLL PAR 62","7045","June","2025","LA"
"6463","WEST FELICIANA PAR 63","7830","June","2025","LA"
"6464","WINN PAR 64","8327","June","2025","LA"
"6465","ACADIA PAR 01","38428","July","2025","LA"
"6466","ALLEN PAR 02","12345","July","2025","LA"
"6467","ASCENSION PAR 03","85587","July","2025","LA"
"6468","ASSUMPTION PAR 04","14067","July","2025","LA"
"6469","AVOYELLES PAR 05","23199","July","2025","LA"
"6470","BEAUREGARD PAR 06","23301","July","2025","LA"
"6471","BIENVILLE PAR 07","8826","July","2025","LA"
"6472","BOSSIER PAR 08","75898","July","2025","LA"
"6473","CADDO PAR 09","151884","July","2025","LA"
"6474","CALCASIEU PAR 10","123668","July","2025","LA"
"6475","CALDWELL PAR 11","5993","July","2025","LA"
"6476","CAMERON PAR 12","4410","July","2025","LA"
"6477","CATAHOULA PAR 13","6212","July","2025","LA"
"6478","CLAIBORNE PAR 14","8494","July","2025","LA"
"6479","CONCORDIA PAR 15","12099","July","2025","LA"
"6480","DE SOTO PAR 16","19667","July","2025","LA"
"6481","EAST BATON ROUGE PAR 17","288619","July","2025","LA"
"6482","EAST CARROLL PAR 18","4676","July","2025","LA"
"6483","EAST FELICIANA PAR 19","13631","July","2025","LA"
"6484","EVANGELINE PAR 20","20895","July","2025","LA"
"6485","FRANKLIN PAR 21","13186","July","2025","LA"
"6486","GRANT PAR 22","13078","July","2025","LA"
"6487","IBERIA PAR 23","43924","July","2025","LA"
"6488","IBERVILLE PAR 24","20653","July","2025","LA"
"6489","JACKSON PAR 25","9690","July","2025","LA"
"6490","JEFFERSON PAR 26","268608","July","2025","LA"
"6491","JEFFERSON DAVIS PAR 27","20710","July","2025","LA"
"6492","LAFAYETTE PAR 28","162463","July","2025","LA"
"6493","LAFOURCHE PAR 29","57958","July","2025","LA"
"6494","LASALLE PAR 30","8758","July","2025","LA"
"6495","LINCOLN PAR 31","27210","July","2025","LA"
"6496","LIVINGSTON PAR 32","89057","July","2025","LA"
"6497","MADISON PAR 33","7193","July","2025","LA"
"6498","MOREHOUSE PAR 34","16820","July","2025","LA"
"6499","NATCHITOCHES PAR 35","23275","July","2025","LA"
"6500","ORLEANS PAR 36","263647","July","2025","LA"
"6501","OUACHITA PAR 37","102615","July","2025","LA"
"6502","PLAQUEMINES PAR 38","14303","July","2025","LA"
"6503","POINTE COUPEE PAR 39","14839","July","2025","LA"
"6504","RAPIDES PAR 40","81208","July","2025","LA"
"6505","RED RIVER PAR 41","5544","July","2025","LA"
"6506","RICHLAND PAR 42","13883","July","2025","LA"
"6507","SABINE PAR 43","13637","July","2025","LA"
"6508","ST. BERNARD PAR 44","27248","July","2025","LA"
"6509","ST. CHARLES PAR 45","35518","July","2025","LA"
"6510","ST. HELENA PAR 46","8529","July","2025","LA"
"6511","ST. JAMES PAR 47","14942","July","2025","LA"
"6512","ST. JOHN THE BAPTIST PAR 48","28727","July","2025","LA"
"6513","ST. LANDRY PAR 49","55154","July","2025","LA"
"6514","ST. MARTIN PAR 50","35487","July","2025","LA"
"6515","ST. MARY PAR 51","30575","July","2025","LA"
"6516","ST. TAMMANY PAR 52","193233","July","2025","LA"
"6517","TANGIPAHOA PAR 53","81013","July","2025","LA"
"6518","TENSAS PAR 54","3248","July","2025","LA"
"6519","TERREBONNE PAR 55","60230","July","2025","LA"
"6520","UNION PAR 56","15321","July","2025","LA"
"6521","VERMILION PAR 57","38245","July","2025","LA"
"6522","VERNON PAR 58","25436","July","2025","LA"
"6523","WASHINGTON PAR 59","28583","July","2025","LA"
"6524","WEBSTER PAR 60","22793","July","2025","LA"
"6525","WEST BATON ROUGE PAR 61","17851","July","2025","LA"
"6526","WEST CARROLL PAR 62","7035","July","2025","LA"
"6527","WEST FELICIANA PAR 63","7832","July","2025","LA"
"6528","WINN PAR 64","8319","July","2025","LA"
"6529","ACADIA PAR 01","38366","August","2025","LA"
"6530","ALLEN PAR 02","12331","August","2025","LA"
"6531","ASCENSION PAR 03","84890","August","2025","LA"
"6532","ASSUMPTION PAR 04","14039","August","2025","LA"
"6533","AVOYELLES PAR 05","23097","August","2025","LA"
"6534","BEAUREGARD PAR 06","23303","August","2025","LA"
"6535","BIENVILLE PAR 07","8797","August","2025","LA"
"6536","BOSSIER PAR 08","75752","August","2025","LA"
"6537","CADDO PAR 09","151722","August","2025","LA"
"6538","CALCASIEU PAR 10","123594","August","2025","LA"
"6539","CALDWELL PAR 11","5979","August","2025","LA"
"6540","CAMERON PAR 12","4389","August","2025","LA"
"6541","CATAHOULA PAR 13","6182","August","2025","LA"
"6542","CLAIBORNE PAR 14","8461","August","2025","LA"
"6543","CONCORDIA PAR 15","12087","August","2025","LA"
"6544","DE SOTO PAR 16","19645","August","2025","LA"
"6545","EAST BATON ROUGE PAR 17","288198","August","2025","LA"
"6546","EAST CARROLL PAR 18","4670","August","2025","LA"
"6547","EAST FELICIANA PAR 19","13618","August","2025","LA"
"6548","EVANGELINE PAR 20","20855","August","2025","LA"
"6549","FRANKLIN PAR 21","13176","August","2025","LA"
"6550","GRANT PAR 22","13064","August","2025","LA"
"6551","IBERIA PAR 23","43762","August","2025","LA"
"6552","IBERVILLE PAR 24","20584","August","2025","LA"
"6553","JACKSON PAR 25","9660","August","2025","LA"
"6554","JEFFERSON PAR 26","268174","August","2025","LA"
"6555","JEFFERSON DAVIS PAR 27","20683","August","2025","LA"
"6556","LAFAYETTE PAR 28","162246","August","2025","LA"
"6557","LAFOURCHE PAR 29","57868","August","2025","LA"
"6558","LASALLE PAR 30","8748","August","2025","LA"
"6559","LINCOLN PAR 31","27190","August","2025","LA"
"6560","LIVINGSTON PAR 32","88079","August","2025","LA"
"6561","MADISON PAR 33","7167","August","2025","LA"
"6562","MOREHOUSE PAR 34","16822","August","2025","LA"
"6563","NATCHITOCHES PAR 35","23200","August","2025","LA"
"6564","ORLEANS PAR 36","263332","August","2025","LA"
"6565","OUACHITA PAR 37","102510","August","2025","LA"
"6566","PLAQUEMINES PAR 38","14222","August","2025","LA"
"6567","POINTE COUPEE PAR 39","14824","August","2025","LA"
"6568","RAPIDES PAR 40","80967","August","2025","LA"
"6569","RED RIVER PAR 41","5528","August","2025","LA"
"6570","RICHLAND PAR 42","13877","August","2025","LA"
"6571","SABINE PAR 43","13645","August","2025","LA"
"6572","ST. BERNARD PAR 44","27168","August","2025","LA"
"6573","ST. CHARLES PAR 45","35461","August","2025","LA"
"6574","ST. HELENA PAR 46","8531","August","2025","LA"
"6575","ST. JAMES PAR 47","14937","August","2025","LA"
"6576","ST. JOHN THE BAPTIST PAR 48","28666","August","2025","LA"
"6577","ST. LANDRY PAR 49","55103","August","2025","LA"
"6578","ST. MARTIN PAR 50","35440","August","2025","LA"
"6579","ST. MARY PAR 51","30509","August","2025","LA"
"6580","ST. TAMMANY PAR 52","193345","August","2025","LA"
"6581","TANGIPAHOA PAR 53","80977","August","2025","LA"
"6582","TENSAS PAR 54","3201","August","2025","LA"
"6583","TERREBONNE PAR 55","60154","August","2025","LA"
"6584","UNION PAR 56","15280","August","2025","LA"
"6585","VERMILION PAR 57","38163","August","2025","LA"
"6586","VERNON PAR 58","25387","August","2025","LA"
"6587","WASHINGTON PAR 59","28445","August","2025","LA"
"6588","WEBSTER PAR 60","22750","August","2025","LA"
"6589","WEST BATON ROUGE PAR 61","17816","August","2025","LA"
"6590","WEST CARROLL PAR 62","7004","August","2025","LA"
"6591","WEST FELICIANA PAR 63","7839","August","2025","LA"
"6592","WINN PAR 64","8306","August","2025","LA"
"6593","ACADIA PAR 01","38338","September","2025","LA"
"6594","ALLEN PAR 02","12321","September","2025","LA"
"6595","ASCENSION PAR 03","84361","September","2025","LA"
"6596","ASSUMPTION PAR 04","14005","September","2025","LA"
"6597","AVOYELLES PAR 05","23077","September","2025","LA"
"6598","BEAUREGARD PAR 06","23292","September","2025","LA"
"6599","BIENVILLE PAR 07","8782","September","2025","LA"
"6600","BOSSIER PAR 08","75757","September","2025","LA"
"6601","CADDO PAR 09","151529","September","2025","LA"
"6602","CALCASIEU PAR 10","123320","September","2025","LA"
"6603","CALDWELL PAR 11","5964","September","2025","LA"
"6604","CAMERON PAR 12","4394","September","2025","LA"
"6605","CATAHOULA PAR 13","6159","September","2025","LA"
"6606","CLAIBORNE PAR 14","8443","September","2025","LA"
"6607","CONCORDIA PAR 15","12063","September","2025","LA"
"6608","DE SOTO PAR 16","19629","September","2025","LA"
"6609","EAST BATON ROUGE PAR 17","287494","September","2025","LA"
"6610","EAST CARROLL PAR 18","4663","September","2025","LA"
"6611","EAST FELICIANA PAR 19","13609","September","2025","LA"
"6612","EVANGELINE PAR 20","20812","September","2025","LA"
"6613","FRANKLIN PAR 21","13167","September","2025","LA"
"6614","GRANT PAR 22","13027","September","2025","LA"
"6615","IBERIA PAR 23","43670","September","2025","LA"
"6616","IBERVILLE PAR 24","20533","September","2025","LA"
"6617","JACKSON PAR 25","9652","September","2025","LA"
"6618","JEFFERSON PAR 26","267471","September","2025","LA"
"6619","JEFFERSON DAVIS PAR 27","20683","September","2025","LA"
"6620","LAFAYETTE PAR 28","161923","September","2025","LA"
"6621","LAFOURCHE PAR 29","57820","September","2025","LA"
"6622","LASALLE PAR 30","8734","September","2025","LA"
"6623","LINCOLN PAR 31","27157","September","2025","LA"
"6624","LIVINGSTON PAR 32","87935","September","2025","LA"
"6625","MADISON PAR 33","7154","September","2025","LA"
"6626","MOREHOUSE PAR 34","16801","September","2025","LA"
"6627","NATCHITOCHES PAR 35","23159","September","2025","LA"
"6628","ORLEANS PAR 36","262321","September","2025","LA"
"6629","OUACHITA PAR 37","102334","September","2025","LA"
"6630","PLAQUEMINES PAR 38","14165","September","2025","LA"
"6631","POINTE COUPEE PAR 39","14789","September","2025","LA"
"6632","RAPIDES PAR 40","80813","September","2025","LA"
"6633","RED RIVER PAR 41","5514","September","2025","LA"
"6634","RICHLAND PAR 42","13851","September","2025","LA"
"6635","SABINE PAR 43","13608","September","2025","LA"
"6636","ST. BERNARD PAR 44","27111","September","2025","LA"
"6637","ST. CHARLES PAR 45","35388","September","2025","LA"
"6638","ST. HELENA PAR 46","8522","September","2025","LA"
"6639","ST. JAMES PAR 47","14912","September","2025","LA"
"6640","ST. JOHN THE BAPTIST PAR 48","28614","September","2025","LA"
"6641","ST. LANDRY PAR 49","55081","September","2025","LA"
"6642","ST. MARTIN PAR 50","35397","September","2025","LA"
"6643","ST. MARY PAR 51","30425","September","2025","LA"
"6644","ST. TAMMANY PAR 52","193191","September","2025","LA"
"6645","TANGIPAHOA PAR 53","80901","September","2025","LA"
"6646","TENSAS PAR 54","3195","September","2025","LA"
"6647","TERREBONNE PAR 55","60084","September","2025","LA"
"6648","UNION PAR 56","15278","September","2025","LA"
"6649","VERMILION PAR 57","38137","September","2025","LA"
"6650","VERNON PAR 58","25314","September","2025","LA"
"6651","WASHINGTON PAR 59","28296","September","2025","LA"
"6652","WEBSTER PAR 60","22727","September","2025","LA"
"6653","WEST BATON ROUGE PAR 61","17798","September","2025","LA"
"6654","WEST CARROLL PAR 62","6995","September","2025","LA"
"6655","WEST FELICIANA PAR 63","7841","September","2025","LA"
"6656","WINN PAR 64","8286","September","2025","LA"
"6657","ACADIA PAR 01","38283","October","2025","LA"
"6658","ALLEN PAR 02","12303","October","2025","LA"
"6659","ASCENSION PAR 03","84300","October","2025","LA"
"6660","ASSUMPTION PAR 04","14009","October","2025","LA"
"6661","AVOYELLES PAR 05","23059","October","2025","LA"
"6662","BEAUREGARD PAR 06","23256","October","2025","LA"
"6663","BIENVILLE PAR 07","8768","October","2025","LA"
"6664","BOSSIER PAR 08","75752","October","2025","LA"
"6665","CADDO PAR 09","151403","October","2025","LA"
"6666","CALCASIEU PAR 10","123349","October","2025","LA"
"6667","CALDWELL PAR 11","5956","October","2025","LA"
"6668","CAMERON PAR 12","4391","October","2025","LA"
"6669","CATAHOULA PAR 13","6145","October","2025","LA"
"6670","CLAIBORNE PAR 14","8427","October","2025","LA"
"6671","CONCORDIA PAR 15","12063","October","2025","LA"
"6672","DE SOTO PAR 16","19633","October","2025","LA"
"6673","EAST BATON ROUGE PAR 17","287350","October","2025","LA"
"6674","EAST CARROLL PAR 18","4658","October","2025","LA"
"6675","EAST FELICIANA PAR 19","13603","October","2025","LA"
"6676","EVANGELINE PAR 20","20791","October","2025","LA"
"6677","FRANKLIN PAR 21","13175","October","2025","LA"
"6678","GRANT PAR 22","12997","October","2025","LA"
"6679","IBERIA PAR 23","43640","October","2025","LA"
"6680","IBERVILLE PAR 24","20512","October","2025","LA"
"6681","JACKSON PAR 25","9648","October","2025","LA"
"6682","JEFFERSON PAR 26","267358","October","2025","LA"
"6683","JEFFERSON DAVIS PAR 27","20684","October","2025","LA"
"6684","LAFAYETTE PAR 28","161854","October","2025","LA"
"6685","LAFOURCHE PAR 29","57816","October","2025","LA"
"6686","LASALLE PAR 30","8728","October","2025","LA"
"6687","LINCOLN PAR 31","27182","October","2025","LA"
"6688","LIVINGSTON PAR 32","87960","October","2025","LA"
"6689","MADISON PAR 33","7154","October","2025","LA"
"6690","MOREHOUSE PAR 34","16788","October","2025","LA"
"6691","NATCHITOCHES PAR 35","23136","October","2025","LA"
"6692","ORLEANS PAR 36","262862","October","2025","LA"
"6693","OUACHITA PAR 37","102318","October","2025","LA"
"6694","PLAQUEMINES PAR 38","14128","October","2025","LA"
"6695","POINTE COUPEE PAR 39","14785","October","2025","LA"
"6696","RAPIDES PAR 40","80742","October","2025","LA"
"6697","RED RIVER PAR 41","5515","October","2025","LA"
"6698","RICHLAND PAR 42","13836","October","2025","LA"
"6699","SABINE PAR 43","13569","October","2025","LA"
"6700","ST. BERNARD PAR 44","27115","October","2025","LA"
"6701","ST. CHARLES PAR 45","35350","October","2025","LA"
"6702","ST. HELENA PAR 46","8545","October","2025","LA"
"6703","ST. JAMES PAR 47","14926","October","2025","LA"
"6704","ST. JOHN THE BAPTIST PAR 48","28588","October","2025","LA"
"6705","ST. LANDRY PAR 49","55072","October","2025","LA"
"6706","ST. MARTIN PAR 50","35394","October","2025","LA"
"6707","ST. MARY PAR 51","30415","October","2025","LA"
"6708","ST. TAMMANY PAR 52","193265","October","2025","LA"
"6709","TANGIPAHOA PAR 53","80935","October","2025","LA"
"6710","TENSAS PAR 54","3179","October","2025","LA"
"6711","TERREBONNE PAR 55","60044","October","2025","LA"
"6712","UNION PAR 56","15267","October","2025","LA"
"6713","VERMILION PAR 57","38140","October","2025","LA"
"6714","VERNON PAR 58","25326","October","2025","LA"
"6715","WASHINGTON PAR 59","28269","October","2025","LA"
"6716","WEBSTER PAR 60","22715","October","2025","LA"
"6717","WEST BATON ROUGE PAR 61","17789","October","2025","LA"
"6718","WEST CARROLL PAR 62","6991","October","2025","LA"
"6719","WEST FELICIANA PAR 63","7841","October","2025","LA"
"6720","WINN PAR 64","8280","October","2025","LA"
"6721","ACADIA PAR 01","38232","November","2025","LA"
"6722","ALLEN PAR 02","12294","November","2025","LA"
"6723","ASCENSION PAR 03","84310","November","2025","LA"
"6724","ASSUMPTION PAR 04","14007","November","2025","LA"
"6725","AVOYELLES PAR 05","23033","November","2025","LA"
"6726","BEAUREGARD PAR 06","23237","November","2025","LA"
"6727","BIENVILLE PAR 07","8767","November","2025","LA"
"6728","BOSSIER PAR 08","75836","November","2025","LA"
"6729","CADDO PAR 09","151365","November","2025","LA"
"6730","CALCASIEU PAR 10","123306","November","2025","LA"
"6731","CALDWELL PAR 11","5952","November","2025","LA"
"6732","CAMERON PAR 12","4380","November","2025","LA"
"6733","CATAHOULA PAR 13","6119","November","2025","LA"
"6734","CLAIBORNE PAR 14","8397","November","2025","LA"
"6735","CONCORDIA PAR 15","12052","November","2025","LA"
"6736","DE SOTO PAR 16","19657","November","2025","LA"
"6737","EAST BATON ROUGE PAR 17","287352","November","2025","LA"
"6738","EAST CARROLL PAR 18","4660","November","2025","LA"
"6739","EAST FELICIANA PAR 19","13596","November","2025","LA"
"6740","EVANGELINE PAR 20","20770","November","2025","LA"
"6741","FRANKLIN PAR 21","13207","November","2025","LA"
"6742","GRANT PAR 22","12987","November","2025","LA"
"6743","IBERIA PAR 23","43589","November","2025","LA"
"6744","IBERVILLE PAR 24","20451","November","2025","LA"
"6745","JACKSON PAR 25","9628","November","2025","LA"
"6746","JEFFERSON PAR 26","267055","November","2025","LA"
"6747","JEFFERSON DAVIS PAR 27","20680","November","2025","LA"
"6748","LAFAYETTE PAR 28","161858","November","2025","LA"
"6749","LAFOURCHE PAR 29","57805","November","2025","LA"
"6750","LASALLE PAR 30","8732","November","2025","LA"
"6751","LINCOLN PAR 31","27174","November","2025","LA"
"6752","LIVINGSTON PAR 32","88007","November","2025","LA"
"6753","MADISON PAR 33","7148","November","2025","LA"
"6754","MOREHOUSE PAR 34","16781","November","2025","LA"
"6755","NATCHITOCHES PAR 35","23120","November","2025","LA"
"6756","ORLEANS PAR 36","263717","November","2025","LA"
"6757","OUACHITA PAR 37","102303","November","2025","LA"
"6758","PLAQUEMINES PAR 38","14117","November","2025","LA"
"6759","POINTE COUPEE PAR 39","14781","November","2025","LA"
"6760","RAPIDES PAR 40","80769","November","2025","LA"
"6761","RED RIVER PAR 41","5509","November","2025","LA"
"6762","RICHLAND PAR 42","13805","November","2025","LA"
"6763","SABINE PAR 43","13552","November","2025","LA"
"6764","ST. BERNARD PAR 44","27087","November","2025","LA"
"6765","ST. CHARLES PAR 45","35350","November","2025","LA"
"6766","ST. HELENA PAR 46","8539","November","2025","LA"
"6767","ST. JAMES PAR 47","14896","November","2025","LA"
"6768","ST. JOHN THE BAPTIST PAR 48","28572","November","2025","LA"
"6769","ST. LANDRY PAR 49","55110","November","2025","LA"
"6770","ST. MARTIN PAR 50","35293","November","2025","LA"
"6771","ST. MARY PAR 51","30438","November","2025","LA"
"6772","ST. TAMMANY PAR 52","193553","November","2025","LA"
"6773","TANGIPAHOA PAR 53","80853","November","2025","LA"
"6774","TENSAS PAR 54","3172","November","2025","LA"
"6775","TERREBONNE PAR 55","60022","November","2025","LA"
"6776","UNION PAR 56","15267","November","2025","LA"
"6777","VERMILION PAR 57","38085","November","2025","LA"
"6778","VERNON PAR 58","25330","November","2025","LA"
"6779","WASHINGTON PAR 59","28271","November","2025","LA"
"6780","WEBSTER PAR 60","22697","November","2025","LA"
"6781","WEST BATON ROUGE PAR 61","17790","November","2025","LA"
"6782","WEST CARROLL PAR 62","6984","November","2025","LA"
"6783","WEST FELICIANA PAR 63","7847","November","2025","LA"
"6784","WINN PAR 64","8269","November","2025","LA"
