"","county","count","year","month","state"
"1","01 - Adams",19679,"2021","April","MS"
"2","02 - Alcorn",24485,"2021","April","MS"
"3","03 - Amite",9952,"2021","April","MS"
"4","04 - Attala",12091,"2021","April","MS"
"5","05 - Benton",5946,"2021","April","MS"
"6","06 - Bolivar",23868,"2021","April","MS"
"7","07 - Calhoun",9283,"2021","April","MS"
"8","08 - Carroll",7315,"2021","April","MS"
"9","09 - Chickasaw",11954,"2021","April","MS"
"10","10 - Choctaw",4943,"2021","April","MS"
"11","11 - Claiborne",6453,"2021","April","MS"
"12","12 - Clarke",11359,"2021","April","MS"
"13","13 - Clay",13896,"2021","April","MS"
"14","14 - Coahoma",15649,"2021","April","MS"
"15","15 - Copiah",18870,"2021","April","MS"
"16","16 - Covington",14129,"2021","April","MS"
"17","17 - DeSoto",123359,"2021","April","MS"
"18","18 - Forrest",47796,"2021","April","MS"
"19","19 - Franklin",5839,"2021","April","MS"
"20","20 - George",15420,"2021","April","MS"
"21","21 - Greene",7510,"2021","April","MS"
"22","22 - Grenada",15172,"2021","April","MS"
"23","23 - Hancock",34361,"2021","April","MS"
"24","24 - Harrison",139021,"2021","April","MS"
"25","25 - Hinds",167027,"2021","April","MS"
"26","26 - Holmes",13172,"2021","April","MS"
"27","27 - Humphreys",6630,"2021","April","MS"
"28","28 - Issaquena",935,"2021","April","MS"
"29","29 - Itawamba",15499,"2021","April","MS"
"30","30 - Jackson",86656,"2021","April","MS"
"31","31 - Jasper",11087,"2021","April","MS"
"32","32 - Jefferson",5758,"2021","April","MS"
"33","33 - Jeff Davis",8622,"2021","April","MS"
"34","34 - Jones",45048,"2021","April","MS"
"35","35 - Kemper",7464,"2021","April","MS"
"36","36 - Lafayette",31915,"2021","April","MS"
"37","37 - Lamar",36813,"2021","April","MS"
"38","38 - Lauderdale",43643,"2021","April","MS"
"39","39 - Lawrence",8622,"2021","April","MS"
"40","40 - Leake",13489,"2021","April","MS"
"41","41 - Lee",52313,"2021","April","MS"
"42","42 - Leflore",21540,"2021","April","MS"
"43","43 - Lincoln",21828,"2021","April","MS"
"44","44 - Lowndes",37557,"2021","April","MS"
"45","45 - Madison",74481,"2021","April","MS"
"46","46 - Marion",16160,"2021","April","MS"
"47","47 - Marshall",24251,"2021","April","MS"
"48","48 - Monroe",25070,"2021","April","MS"
"49","49 - Montgomery",6373,"2021","April","MS"
"50","50 - Neshoba",17437,"2021","April","MS"
"51","51 - Newton",13577,"2021","April","MS"
"52","52 - Noxubee",7671,"2021","April","MS"
"53","53 - Oktibbeha",29899,"2021","April","MS"
"54","54 - Panola",22404,"2021","April","MS"
"55","55 - Pearl River",34981,"2021","April","MS"
"56","56 - Perry",8541,"2021","April","MS"
"57","57 - Pike",24738,"2021","April","MS"
"58","58 - Pontotoc",19745,"2021","April","MS"
"59","59 - Prentiss",14415,"2021","April","MS"
"60","60 - Quitman",4723,"2021","April","MS"
"61","61 - Rankin",97868,"2021","April","MS"
"62","62 - Scott",16719,"2021","April","MS"
"63","63 - Sharkey",3299,"2021","April","MS"
"64","64 - Simpson",17353,"2021","April","MS"
"65","65 - Smith",11457,"2021","April","MS"
"66","66 - Stone",10701,"2021","April","MS"
"67","67 - Sunflower",14375,"2021","April","MS"
"68","68 - Tallahatchie",9828,"2021","April","MS"
"69","69 - Tate",17697,"2021","April","MS"
"70","70 - Tippah",13857,"2021","April","MS"
"71","71 - Tishomingo",12693,"2021","April","MS"
"72","72 - Tunica",6417,"2021","April","MS"
"73","73 - Union",16657,"2021","April","MS"
"74","74 - Walthall",10172,"2021","April","MS"
"75","75 - Warren",27347,"2021","April","MS"
"76","76 - Washington",29096,"2021","April","MS"
"77","77 - Wayne",13502,"2021","April","MS"
"78","78 - Webster",6857,"2021","April","MS"
"79","79 - Wilkinson",6722,"2021","April","MS"
"80","80 - Winston",12325,"2021","April","MS"
"81","81 - Yalobusha",8661,"2021","April","MS"
"82","82 - Yazoo",19113,"2021","April","MS"
"83","01 - Adams",19402,"2021","August","MS"
"84","02 - Alcorn",24063,"2021","August","MS"
"85","03 - Amite",9779,"2021","August","MS"
"86","04 - Attala",12036,"2021","August","MS"
"87","05 - Benton",5933,"2021","August","MS"
"88","06 - Bolivar",22347,"2021","August","MS"
"89","07 - Calhoun",9297,"2021","August","MS"
"90","08 - Carroll",7243,"2021","August","MS"
"91","09 - Chickasaw",11741,"2021","August","MS"
"92","10 - Choctaw",4937,"2021","August","MS"
"93","11 - Claiborne",6321,"2021","August","MS"
"94","12 - Clarke",11197,"2021","August","MS"
"95","13 - Clay",13906,"2021","August","MS"
"96","14 - Coahoma",14788,"2021","August","MS"
"97","15 - Copiah",18714,"2021","August","MS"
"98","16 - Covington",13975,"2021","August","MS"
"99","17 - DeSoto",121192,"2021","August","MS"
"100","18 - Forrest",46371,"2021","August","MS"
"101","19 - Franklin",5794,"2021","August","MS"
"102","20 - George",15173,"2021","August","MS"
"103","21 - Greene",7539,"2021","August","MS"
"104","22 - Grenada",14984,"2021","August","MS"
"105","23 - Hancock",34412,"2021","August","MS"
"106","24 - Harrison",137979,"2021","August","MS"
"107","25 - Hinds",166289,"2021","August","MS"
"108","26 - Holmes",13111,"2021","August","MS"
"109","27 - Humphreys",6552,"2021","August","MS"
"110","28 - Issaquena",885,"2021","August","MS"
"111","29 - Itawamba",15219,"2021","August","MS"
"112","30 - Jackson",86335,"2021","August","MS"
"113","31 - Jasper",10897,"2021","August","MS"
"114","32 - Jefferson",5731,"2021","August","MS"
"115","33 - Jeff Davis",8584,"2021","August","MS"
"116","34 - Jones",44949,"2021","August","MS"
"117","35 - Kemper",7312,"2021","August","MS"
"118","36 - Lafayette",32108,"2021","August","MS"
"119","37 - Lamar",36947,"2021","August","MS"
"120","38 - Lauderdale",43216,"2021","August","MS"
"121","39 - Lawrence",8485,"2021","August","MS"
"122","40 - Leake",13437,"2021","August","MS"
"123","41 - Lee",52280,"2021","August","MS"
"124","42 - Leflore",20356,"2021","August","MS"
"125","43 - Lincoln",21779,"2021","August","MS"
"126","44 - Lowndes",37731,"2021","August","MS"
"127","45 - Madison",74742,"2021","August","MS"
"128","46 - Marion",16073,"2021","August","MS"
"129","47 - Marshall",24249,"2021","August","MS"
"130","48 - Monroe",24692,"2021","August","MS"
"131","49 - Montgomery",6367,"2021","August","MS"
"132","50 - Neshoba",17389,"2021","August","MS"
"133","51 - Newton",13390,"2021","August","MS"
"134","52 - Noxubee",7628,"2021","August","MS"
"135","53 - Oktibbeha",28441,"2021","August","MS"
"136","54 - Panola",22421,"2021","August","MS"
"137","55 - Pearl River",35508,"2021","August","MS"
"138","56 - Perry",8527,"2021","August","MS"
"139","57 - Pike",24689,"2021","August","MS"
"140","58 - Pontotoc",19713,"2021","August","MS"
"141","59 - Prentiss",14385,"2021","August","MS"
"142","60 - Quitman",4708,"2021","August","MS"
"143","61 - Rankin",98480,"2021","August","MS"
"144","62 - Scott",16684,"2021","August","MS"
"145","63 - Sharkey",3280,"2021","August","MS"
"146","64 - Simpson",17238,"2021","August","MS"
"147","65 - Smith",11401,"2021","August","MS"
"148","66 - Stone",10773,"2021","August","MS"
"149","67 - Sunflower",13338,"2021","August","MS"
"150","68 - Tallahatchie",9807,"2021","August","MS"
"151","69 - Tate",17608,"2021","August","MS"
"152","70 - Tippah",13776,"2021","August","MS"
"153","71 - Tishomingo",12675,"2021","August","MS"
"154","72 - Tunica",6240,"2021","August","MS"
"155","73 - Union",16270,"2021","August","MS"
"156","74 - Walthall",10098,"2021","August","MS"
"157","75 - Warren",26898,"2021","August","MS"
"158","76 - Washington",28781,"2021","August","MS"
"159","77 - Wayne",13289,"2021","August","MS"
"160","78 - Webster",6555,"2021","August","MS"
"161","79 - Wilkinson",6686,"2021","August","MS"
"162","80 - Winston",12328,"2021","August","MS"
"163","81 - Yalobusha",7911,"2021","August","MS"
"164","82 - Yazoo",19035,"2021","August","MS"
"165","01 - Adams",19066,"2021","December","MS"
"166","02 - Alcorn",23733,"2021","December","MS"
"167","03 - Amite",9770,"2021","December","MS"
"168","04 - Attala",11227,"2021","December","MS"
"169","05 - Benton",5861,"2021","December","MS"
"170","06 - Bolivar",19119,"2021","December","MS"
"171","07 - Calhoun",9191,"2021","December","MS"
"172","08 - Carroll",7217,"2021","December","MS"
"173","09 - Chickasaw",11684,"2021","December","MS"
"174","10 - Choctaw",4727,"2021","December","MS"
"175","11 - Claiborne",6229,"2021","December","MS"
"176","12 - Clarke",11158,"2021","December","MS"
"177","13 - Clay",13740,"2021","December","MS"
"178","14 - Coahoma",14743,"2021","December","MS"
"179","15 - Copiah",18105,"2021","December","MS"
"180","16 - Covington",13905,"2021","December","MS"
"181","17 - DeSoto",120975,"2021","December","MS"
"182","18 - Forrest",45406,"2021","December","MS"
"183","19 - Franklin",5776,"2021","December","MS"
"184","20 - George",15251,"2021","December","MS"
"185","21 - Greene",7453,"2021","December","MS"
"186","22 - Grenada",14957,"2021","December","MS"
"187","23 - Hancock",34482,"2021","December","MS"
"188","24 - Harrison",138687,"2021","December","MS"
"189","25 - Hinds",166516,"2021","December","MS"
"190","26 - Holmes",13066,"2021","December","MS"
"191","27 - Humphreys",6361,"2021","December","MS"
"192","28 - Issaquena",881,"2021","December","MS"
"193","29 - Itawamba",14803,"2021","December","MS"
"194","30 - Jackson",86212,"2021","December","MS"
"195","31 - Jasper",10960,"2021","December","MS"
"196","32 - Jefferson",5595,"2021","December","MS"
"197","33 - Jeff Davis",8341,"2021","December","MS"
"198","34 - Jones",44709,"2021","December","MS"
"199","35 - Kemper",7355,"2021","December","MS"
"200","36 - Lafayette",32497,"2021","December","MS"
"201","37 - Lamar",36678,"2021","December","MS"
"202","38 - Lauderdale",43000,"2021","December","MS"
"203","39 - Lawrence",8307,"2021","December","MS"
"204","40 - Leake",13290,"2021","December","MS"
"205","41 - Lee",50360,"2021","December","MS"
"206","42 - Leflore",19831,"2021","December","MS"
"207","43 - Lincoln",21734,"2021","December","MS"
"208","44 - Lowndes",37795,"2021","December","MS"
"209","45 - Madison",75012,"2021","December","MS"
"210","46 - Marion",15856,"2021","December","MS"
"211","47 - Marshall",24217,"2021","December","MS"
"212","48 - Monroe",24130,"2021","December","MS"
"213","49 - Montgomery",6336,"2021","December","MS"
"214","50 - Neshoba",17272,"2021","December","MS"
"215","51 - Newton",13205,"2021","December","MS"
"216","52 - Noxubee",7610,"2021","December","MS"
"217","53 - Oktibbeha",27750,"2021","December","MS"
"218","54 - Panola",22344,"2021","December","MS"
"219","55 - Pearl River",34739,"2021","December","MS"
"220","56 - Perry",8512,"2021","December","MS"
"221","57 - Pike",24673,"2021","December","MS"
"222","58 - Pontotoc",19631,"2021","December","MS"
"223","59 - Prentiss",14079,"2021","December","MS"
"224","60 - Quitman",4708,"2021","December","MS"
"225","61 - Rankin",98620,"2021","December","MS"
"226","62 - Scott",15204,"2021","December","MS"
"227","63 - Sharkey",3180,"2021","December","MS"
"228","64 - Simpson",17168,"2021","December","MS"
"229","65 - Smith",11392,"2021","December","MS"
"230","66 - Stone",10618,"2021","December","MS"
"231","67 - Sunflower",13252,"2021","December","MS"
"232","68 - Tallahatchie",9753,"2021","December","MS"
"233","69 - Tate",17530,"2021","December","MS"
"234","70 - Tippah",13790,"2021","December","MS"
"235","71 - Tishomingo",12726,"2021","December","MS"
"236","72 - Tunica",6233,"2021","December","MS"
"237","73 - Union",16259,"2021","December","MS"
"238","74 - Walthall",10056,"2021","December","MS"
"239","75 - Warren",26054,"2021","December","MS"
"240","76 - Washington",28420,"2021","December","MS"
"241","77 - Wayne",13310,"2021","December","MS"
"242","78 - Webster",6502,"2021","December","MS"
"243","79 - Wilkinson",6608,"2021","December","MS"
"244","80 - Winston",12178,"2021","December","MS"
"245","81 - Yalobusha",7842,"2021","December","MS"
"246","82 - Yazoo",19017,"2021","December","MS"
"247","01 - Adams",19785,"2021","February","MS"
"248","02 - Alcorn",24892,"2021","February","MS"
"249","03 - Amite",10105,"2021","February","MS"
"250","04 - Attala",12114,"2021","February","MS"
"251","05 - Benton",5943,"2021","February","MS"
"252","06 - Bolivar",23853,"2021","February","MS"
"253","07 - Calhoun",9363,"2021","February","MS"
"254","08 - Carroll",7342,"2021","February","MS"
"255","09 - Chickasaw",12038,"2021","February","MS"
"256","10 - Choctaw",4966,"2021","February","MS"
"257","11 - Claiborne",6512,"2021","February","MS"
"258","12 - Clarke",11708,"2021","February","MS"
"259","13 - Clay",13950,"2021","February","MS"
"260","14 - Coahoma",15704,"2021","February","MS"
"261","15 - Copiah",19863,"2021","February","MS"
"262","16 - Covington",14360,"2021","February","MS"
"263","17 - DeSoto",123417,"2021","February","MS"
"264","18 - Forrest",48069,"2021","February","MS"
"265","19 - Franklin",5929,"2021","February","MS"
"266","20 - George",15837,"2021","February","MS"
"267","21 - Greene",7533,"2021","February","MS"
"268","22 - Grenada",15499,"2021","February","MS"
"269","23 - Hancock",34995,"2021","February","MS"
"270","24 - Harrison",138727,"2021","February","MS"
"271","25 - Hinds",167245,"2021","February","MS"
"272","26 - Holmes",13169,"2021","February","MS"
"273","27 - Humphreys",6627,"2021","February","MS"
"274","28 - Issaquena",938,"2021","February","MS"
"275","29 - Itawamba",15757,"2021","February","MS"
"276","30 - Jackson",86500,"2021","February","MS"
"277","31 - Jasper",11547,"2021","February","MS"
"278","32 - Jefferson",5762,"2021","February","MS"
"279","33 - Jeff Davis",8661,"2021","February","MS"
"280","34 - Jones",45299,"2021","February","MS"
"281","35 - Kemper",7778,"2021","February","MS"
"282","36 - Lafayette",32396,"2021","February","MS"
"283","37 - Lamar",36850,"2021","February","MS"
"284","38 - Lauderdale",45623,"2021","February","MS"
"285","39 - Lawrence",8716,"2021","February","MS"
"286","40 - Leake",13743,"2021","February","MS"
"287","41 - Lee",52599,"2021","February","MS"
"288","42 - Leflore",21866,"2021","February","MS"
"289","43 - Lincoln",21857,"2021","February","MS"
"290","44 - Lowndes",40203,"2021","February","MS"
"291","45 - Madison",75661,"2021","February","MS"
"292","46 - Marion",16183,"2021","February","MS"
"293","47 - Marshall",24157,"2021","February","MS"
"294","48 - Monroe",25242,"2021","February","MS"
"295","49 - Montgomery",6379,"2021","February","MS"
"296","50 - Neshoba",17802,"2021","February","MS"
"297","51 - Newton",13828,"2021","February","MS"
"298","52 - Noxubee",7635,"2021","February","MS"
"299","53 - Oktibbeha",29951,"2021","February","MS"
"300","54 - Panola",22684,"2021","February","MS"
"301","55 - Pearl River",34612,"2021","February","MS"
"302","56 - Perry",8561,"2021","February","MS"
"303","57 - Pike",25016,"2021","February","MS"
"304","58 - Pontotoc",20252,"2021","February","MS"
"305","59 - Prentiss",14372,"2021","February","MS"
"306","60 - Quitman",4794,"2021","February","MS"
"307","61 - Rankin",97529,"2021","February","MS"
"308","62 - Scott",17434,"2021","February","MS"
"309","63 - Sharkey",3294,"2021","February","MS"
"310","64 - Simpson",17399,"2021","February","MS"
"311","65 - Smith",11517,"2021","February","MS"
"312","66 - Stone",10611,"2021","February","MS"
"313","67 - Sunflower",15079,"2021","February","MS"
"314","68 - Tallahatchie",9805,"2021","February","MS"
"315","69 - Tate",18137,"2021","February","MS"
"316","70 - Tippah",14152,"2021","February","MS"
"317","71 - Tishomingo",12772,"2021","February","MS"
"318","72 - Tunica",6544,"2021","February","MS"
"319","73 - Union",16694,"2021","February","MS"
"320","74 - Walthall",10246,"2021","February","MS"
"321","75 - Warren",27771,"2021","February","MS"
"322","76 - Washington",29433,"2021","February","MS"
"323","77 - Wayne",13581,"2021","February","MS"
"324","78 - Webster",7287,"2021","February","MS"
"325","79 - Wilkinson",6749,"2021","February","MS"
"326","80 - Winston",12352,"2021","February","MS"
"327","81 - Yalobusha",8974,"2021","February","MS"
"328","82 - Yazoo",19141,"2021","February","MS"
"329","01 - Adams",19790,"2021","January","MS"
"330","02 - Alcorn",24961,"2021","January","MS"
"331","03 - Amite",10149,"2021","January","MS"
"332","04 - Attala",12228,"2021","January","MS"
"333","05 - Benton",6167,"2021","January","MS"
"334","06 - Bolivar",23841,"2021","January","MS"
"335","07 - Calhoun",9378,"2021","January","MS"
"336","08 - Carroll",7340,"2021","January","MS"
"337","09 - Chickasaw",12061,"2021","January","MS"
"338","10 - Choctaw",5111,"2021","January","MS"
"339","11 - Claiborne",6605,"2021","January","MS"
"340","12 - Clarke",11756,"2021","January","MS"
"341","13 - Clay",14108,"2021","January","MS"
"342","14 - Coahoma",15717,"2021","January","MS"
"343","15 - Copiah",19912,"2021","January","MS"
"344","16 - Covington",14559,"2021","January","MS"
"345","17 - DeSoto",123436,"2021","January","MS"
"346","18 - Forrest",48017,"2021","January","MS"
"347","19 - Franklin",5989,"2021","January","MS"
"348","20 - George",15862,"2021","January","MS"
"349","21 - Greene",7540,"2021","January","MS"
"350","22 - Grenada",15668,"2021","January","MS"
"351","23 - Hancock",35089,"2021","January","MS"
"352","24 - Harrison",138264,"2021","January","MS"
"353","25 - Hinds",167555,"2021","January","MS"
"354","26 - Holmes",13224,"2021","January","MS"
"355","27 - Humphreys",6617,"2021","January","MS"
"356","28 - Issaquena",937,"2021","January","MS"
"357","29 - Itawamba",15714,"2021","January","MS"
"358","30 - Jackson",86784,"2021","January","MS"
"359","31 - Jasper",11598,"2021","January","MS"
"360","32 - Jefferson",5790,"2021","January","MS"
"361","33 - Jeff Davis",8677,"2021","January","MS"
"362","34 - Jones",45403,"2021","January","MS"
"363","35 - Kemper",7920,"2021","January","MS"
"364","36 - Lafayette",33143,"2021","January","MS"
"365","37 - Lamar",37086,"2021","January","MS"
"366","38 - Lauderdale",45770,"2021","January","MS"
"367","39 - Lawrence",8721,"2021","January","MS"
"368","40 - Leake",13768,"2021","January","MS"
"369","41 - Lee",52867,"2021","January","MS"
"370","42 - Leflore",22034,"2021","January","MS"
"371","43 - Lincoln",22033,"2021","January","MS"
"372","44 - Lowndes",41326,"2021","January","MS"
"373","45 - Madison",76218,"2021","January","MS"
"374","46 - Marion",16272,"2021","January","MS"
"375","47 - Marshall",24160,"2021","January","MS"
"376","48 - Monroe",25302,"2021","January","MS"
"377","49 - Montgomery",6544,"2021","January","MS"
"378","50 - Neshoba",17964,"2021","January","MS"
"379","51 - Newton",13935,"2021","January","MS"
"380","52 - Noxubee",7650,"2021","January","MS"
"381","53 - Oktibbeha",29979,"2021","January","MS"
"382","54 - Panola",23020,"2021","January","MS"
"383","55 - Pearl River",34485,"2021","January","MS"
"384","56 - Perry",8572,"2021","January","MS"
"385","57 - Pike",25050,"2021","January","MS"
"386","58 - Pontotoc",20932,"2021","January","MS"
"387","59 - Prentiss",14383,"2021","January","MS"
"388","60 - Quitman",4886,"2021","January","MS"
"389","61 - Rankin",97450,"2021","January","MS"
"390","62 - Scott",18230,"2021","January","MS"
"391","63 - Sharkey",3295,"2021","January","MS"
"392","64 - Simpson",17515,"2021","January","MS"
"393","65 - Smith",11530,"2021","January","MS"
"394","66 - Stone",10839,"2021","January","MS"
"395","67 - Sunflower",15258,"2021","January","MS"
"396","68 - Tallahatchie",9814,"2021","January","MS"
"397","69 - Tate",18094,"2021","January","MS"
"398","70 - Tippah",14243,"2021","January","MS"
"399","71 - Tishomingo",12883,"2021","January","MS"
"400","72 - Tunica",6544,"2021","January","MS"
"401","73 - Union",16885,"2021","January","MS"
"402","74 - Walthall",10402,"2021","January","MS"
"403","75 - Warren",27967,"2021","January","MS"
"404","76 - Washington",29547,"2021","January","MS"
"405","77 - Wayne",13622,"2021","January","MS"
"406","78 - Webster",7304,"2021","January","MS"
"407","79 - Wilkinson",6789,"2021","January","MS"
"408","80 - Winston",12316,"2021","January","MS"
"409","81 - Yalobusha",8984,"2021","January","MS"
"410","82 - Yazoo",19207,"2021","January","MS"
"411","01 - Adams",19425,"2021","July","MS"
"412","02 - Alcorn",24126,"2021","July","MS"
"413","03 - Amite",9778,"2021","July","MS"
"414","04 - Attala",12066,"2021","July","MS"
"415","05 - Benton",5945,"2021","July","MS"
"416","06 - Bolivar",23590,"2021","July","MS"
"417","07 - Calhoun",9330,"2021","July","MS"
"418","08 - Carroll",7257,"2021","July","MS"
"419","09 - Chickasaw",11754,"2021","July","MS"
"420","10 - Choctaw",4933,"2021","July","MS"
"421","11 - Claiborne",6346,"2021","July","MS"
"422","12 - Clarke",11239,"2021","July","MS"
"423","13 - Clay",13914,"2021","July","MS"
"424","14 - Coahoma",15601,"2021","July","MS"
"425","15 - Copiah",18742,"2021","July","MS"
"426","16 - Covington",13972,"2021","July","MS"
"427","17 - DeSoto",122571,"2021","July","MS"
"428","18 - Forrest",46744,"2021","July","MS"
"429","19 - Franklin",5798,"2021","July","MS"
"430","20 - George",15200,"2021","July","MS"
"431","21 - Greene",7531,"2021","July","MS"
"432","22 - Grenada",14970,"2021","July","MS"
"433","23 - Hancock",34413,"2021","July","MS"
"434","24 - Harrison",137565,"2021","July","MS"
"435","25 - Hinds",166659,"2021","July","MS"
"436","26 - Holmes",13144,"2021","July","MS"
"437","27 - Humphreys",6608,"2021","July","MS"
"438","28 - Issaquena",885,"2021","July","MS"
"439","29 - Itawamba",15350,"2021","July","MS"
"440","30 - Jackson",86319,"2021","July","MS"
"441","31 - Jasper",10950,"2021","July","MS"
"442","32 - Jefferson",5727,"2021","July","MS"
"443","33 - Jeff Davis",8615,"2021","July","MS"
"444","34 - Jones",45021,"2021","July","MS"
"445","35 - Kemper",7289,"2021","July","MS"
"446","36 - Lafayette",32022,"2021","July","MS"
"447","37 - Lamar",37011,"2021","July","MS"
"448","38 - Lauderdale",43268,"2021","July","MS"
"449","39 - Lawrence",8540,"2021","July","MS"
"450","40 - Leake",13499,"2021","July","MS"
"451","41 - Lee",52248,"2021","July","MS"
"452","42 - Leflore",20804,"2021","July","MS"
"453","43 - Lincoln",21803,"2021","July","MS"
"454","44 - Lowndes",37798,"2021","July","MS"
"455","45 - Madison",74674,"2021","July","MS"
"456","46 - Marion",16097,"2021","July","MS"
"457","47 - Marshall",24260,"2021","July","MS"
"458","48 - Monroe",24760,"2021","July","MS"
"459","49 - Montgomery",6384,"2021","July","MS"
"460","50 - Neshoba",17418,"2021","July","MS"
"461","51 - Newton",13430,"2021","July","MS"
"462","52 - Noxubee",7648,"2021","July","MS"
"463","53 - Oktibbeha",29152,"2021","July","MS"
"464","54 - Panola",22436,"2021","July","MS"
"465","55 - Pearl River",35346,"2021","July","MS"
"466","56 - Perry",8517,"2021","July","MS"
"467","57 - Pike",24688,"2021","July","MS"
"468","58 - Pontotoc",19770,"2021","July","MS"
"469","59 - Prentiss",14387,"2021","July","MS"
"470","60 - Quitman",4716,"2021","July","MS"
"471","61 - Rankin",98354,"2021","July","MS"
"472","62 - Scott",16702,"2021","July","MS"
"473","63 - Sharkey",3289,"2021","July","MS"
"474","64 - Simpson",17314,"2021","July","MS"
"475","65 - Smith",11420,"2021","July","MS"
"476","66 - Stone",10812,"2021","July","MS"
"477","67 - Sunflower",13405,"2021","July","MS"
"478","68 - Tallahatchie",9805,"2021","July","MS"
"479","69 - Tate",17686,"2021","July","MS"
"480","70 - Tippah",13829,"2021","July","MS"
"481","71 - Tishomingo",12699,"2021","July","MS"
"482","72 - Tunica",6280,"2021","July","MS"
"483","73 - Union",16322,"2021","July","MS"
"484","74 - Walthall",10121,"2021","July","MS"
"485","75 - Warren",27074,"2021","July","MS"
"486","76 - Washington",28997,"2021","July","MS"
"487","77 - Wayne",13331,"2021","July","MS"
"488","78 - Webster",6580,"2021","July","MS"
"489","79 - Wilkinson",6689,"2021","July","MS"
"490","80 - Winston",12318,"2021","July","MS"
"491","81 - Yalobusha",7917,"2021","July","MS"
"492","82 - Yazoo",19050,"2021","July","MS"
"493","01 - Adams",19467,"2021","June","MS"
"494","02 - Alcorn",24247,"2021","June","MS"
"495","03 - Amite",9766,"2021","June","MS"
"496","04 - Attala",12067,"2021","June","MS"
"497","05 - Benton",5949,"2021","June","MS"
"498","06 - Bolivar",23594,"2021","June","MS"
"499","07 - Calhoun",9332,"2021","June","MS"
"500","08 - Carroll",7292,"2021","June","MS"
"501","09 - Chickasaw",11776,"2021","June","MS"
"502","10 - Choctaw",4938,"2021","June","MS"
"503","11 - Claiborne",6343,"2021","June","MS"
"504","12 - Clarke",11268,"2021","June","MS"
"505","13 - Clay",13922,"2021","June","MS"
"506","14 - Coahoma",15662,"2021","June","MS"
"507","15 - Copiah",18777,"2021","June","MS"
"508","16 - Covington",14042,"2021","June","MS"
"509","17 - DeSoto",122436,"2021","June","MS"
"510","18 - Forrest",47009,"2021","June","MS"
"511","19 - Franklin",5804,"2021","June","MS"
"512","20 - George",15327,"2021","June","MS"
"513","21 - Greene",7526,"2021","June","MS"
"514","22 - Grenada",15045,"2021","June","MS"
"515","23 - Hancock",34395,"2021","June","MS"
"516","24 - Harrison",137517,"2021","June","MS"
"517","25 - Hinds",166932,"2021","June","MS"
"518","26 - Holmes",13148,"2021","June","MS"
"519","27 - Humphreys",6613,"2021","June","MS"
"520","28 - Issaquena",887,"2021","June","MS"
"521","29 - Itawamba",15397,"2021","June","MS"
"522","30 - Jackson",86579,"2021","June","MS"
"523","31 - Jasper",10976,"2021","June","MS"
"524","32 - Jefferson",5761,"2021","June","MS"
"525","33 - Jeff Davis",8614,"2021","June","MS"
"526","34 - Jones",45058,"2021","June","MS"
"527","35 - Kemper",7325,"2021","June","MS"
"528","36 - Lafayette",32003,"2021","June","MS"
"529","37 - Lamar",36944,"2021","June","MS"
"530","38 - Lauderdale",43657,"2021","June","MS"
"531","39 - Lawrence",8566,"2021","June","MS"
"532","40 - Leake",13495,"2021","June","MS"
"533","41 - Lee",52213,"2021","June","MS"
"534","42 - Leflore",21624,"2021","June","MS"
"535","43 - Lincoln",21787,"2021","June","MS"
"536","44 - Lowndes",37769,"2021","June","MS"
"537","45 - Madison",74563,"2021","June","MS"
"538","46 - Marion",16123,"2021","June","MS"
"539","47 - Marshall",24297,"2021","June","MS"
"540","48 - Monroe",24869,"2021","June","MS"
"541","49 - Montgomery",6400,"2021","June","MS"
"542","50 - Neshoba",17393,"2021","June","MS"
"543","51 - Newton",13470,"2021","June","MS"
"544","52 - Noxubee",7664,"2021","June","MS"
"545","53 - Oktibbeha",29976,"2021","June","MS"
"546","54 - Panola",22422,"2021","June","MS"
"547","55 - Pearl River",35274,"2021","June","MS"
"548","56 - Perry",8520,"2021","June","MS"
"549","57 - Pike",24685,"2021","June","MS"
"550","58 - Pontotoc",19793,"2021","June","MS"
"551","59 - Prentiss",14383,"2021","June","MS"
"552","60 - Quitman",4722,"2021","June","MS"
"553","61 - Rankin",98256,"2021","June","MS"
"554","62 - Scott",16723,"2021","June","MS"
"555","63 - Sharkey",3311,"2021","June","MS"
"556","64 - Simpson",17328,"2021","June","MS"
"557","65 - Smith",11422,"2021","June","MS"
"558","66 - Stone",10763,"2021","June","MS"
"559","67 - Sunflower",13808,"2021","June","MS"
"560","68 - Tallahatchie",9801,"2021","June","MS"
"561","69 - Tate",17652,"2021","June","MS"
"562","70 - Tippah",13841,"2021","June","MS"
"563","71 - Tishomingo",12679,"2021","June","MS"
"564","72 - Tunica",6399,"2021","June","MS"
"565","73 - Union",16319,"2021","June","MS"
"566","74 - Walthall",10125,"2021","June","MS"
"567","75 - Warren",27204,"2021","June","MS"
"568","76 - Washington",28970,"2021","June","MS"
"569","77 - Wayne",13430,"2021","June","MS"
"570","78 - Webster",6583,"2021","June","MS"
"571","79 - Wilkinson",6699,"2021","June","MS"
"572","80 - Winston",12314,"2021","June","MS"
"573","81 - Yalobusha",7978,"2021","June","MS"
"574","82 - Yazoo",19063,"2021","June","MS"
"575","01 - Adams",19672,"2021","March","MS"
"576","02 - Alcorn",24581,"2021","March","MS"
"577","03 - Amite",10007,"2021","March","MS"
"578","04 - Attala",12093,"2021","March","MS"
"579","05 - Benton",5937,"2021","March","MS"
"580","06 - Bolivar",23844,"2021","March","MS"
"581","07 - Calhoun",9302,"2021","March","MS"
"582","08 - Carroll",7309,"2021","March","MS"
"583","09 - Chickasaw",11992,"2021","March","MS"
"584","10 - Choctaw",4944,"2021","March","MS"
"585","11 - Claiborne",6482,"2021","March","MS"
"586","12 - Clarke",11438,"2021","March","MS"
"587","13 - Clay",13914,"2021","March","MS"
"588","14 - Coahoma",15652,"2021","March","MS"
"589","15 - Copiah",19059,"2021","March","MS"
"590","16 - Covington",14115,"2021","March","MS"
"591","17 - DeSoto",123771,"2021","March","MS"
"592","18 - Forrest",47853,"2021","March","MS"
"593","19 - Franklin",5858,"2021","March","MS"
"594","20 - George",15498,"2021","March","MS"
"595","21 - Greene",7518,"2021","March","MS"
"596","22 - Grenada",15243,"2021","March","MS"
"597","23 - Hancock",34568,"2021","March","MS"
"598","24 - Harrison",139055,"2021","March","MS"
"599","25 - Hinds",167161,"2021","March","MS"
"600","26 - Holmes",13166,"2021","March","MS"
"601","27 - Humphreys",6626,"2021","March","MS"
"602","28 - Issaquena",935,"2021","March","MS"
"603","29 - Itawamba",15458,"2021","March","MS"
"604","30 - Jackson",86550,"2021","March","MS"
"605","31 - Jasper",11222,"2021","March","MS"
"606","32 - Jefferson",5753,"2021","March","MS"
"607","33 - Jeff Davis",8619,"2021","March","MS"
"608","34 - Jones",45050,"2021","March","MS"
"609","35 - Kemper",7491,"2021","March","MS"
"610","36 - Lafayette",32031,"2021","March","MS"
"611","37 - Lamar",36845,"2021","March","MS"
"612","38 - Lauderdale",43601,"2021","March","MS"
"613","39 - Lawrence",8581,"2021","March","MS"
"614","40 - Leake",13508,"2021","March","MS"
"615","41 - Lee",52545,"2021","March","MS"
"616","42 - Leflore",21630,"2021","March","MS"
"617","43 - Lincoln",21811,"2021","March","MS"
"618","44 - Lowndes",37545,"2021","March","MS"
"619","45 - Madison",74893,"2021","March","MS"
"620","46 - Marion",16190,"2021","March","MS"
"621","47 - Marshall",24234,"2021","March","MS"
"622","48 - Monroe",25102,"2021","March","MS"
"623","49 - Montgomery",6375,"2021","March","MS"
"624","50 - Neshoba",17736,"2021","March","MS"
"625","51 - Newton",13569,"2021","March","MS"
"626","52 - Noxubee",7667,"2021","March","MS"
"627","53 - Oktibbeha",29938,"2021","March","MS"
"628","54 - Panola",22413,"2021","March","MS"
"629","55 - Pearl River",34916,"2021","March","MS"
"630","56 - Perry",8539,"2021","March","MS"
"631","57 - Pike",24713,"2021","March","MS"
"632","58 - Pontotoc",19801,"2021","March","MS"
"633","59 - Prentiss",14396,"2021","March","MS"
"634","60 - Quitman",4744,"2021","March","MS"
"635","61 - Rankin",97777,"2021","March","MS"
"636","62 - Scott",16817,"2021","March","MS"
"637","63 - Sharkey",3287,"2021","March","MS"
"638","64 - Simpson",17393,"2021","March","MS"
"639","65 - Smith",11465,"2021","March","MS"
"640","66 - Stone",10589,"2021","March","MS"
"641","67 - Sunflower",14495,"2021","March","MS"
"642","68 - Tallahatchie",9830,"2021","March","MS"
"643","69 - Tate",17684,"2021","March","MS"
"644","70 - Tippah",13937,"2021","March","MS"
"645","71 - Tishomingo",12737,"2021","March","MS"
"646","72 - Tunica",6462,"2021","March","MS"
"647","73 - Union",16748,"2021","March","MS"
"648","74 - Walthall",10194,"2021","March","MS"
"649","75 - Warren",27356,"2021","March","MS"
"650","76 - Washington",29178,"2021","March","MS"
"651","77 - Wayne",13555,"2021","March","MS"
"652","78 - Webster",7259,"2021","March","MS"
"653","79 - Wilkinson",6721,"2021","March","MS"
"654","80 - Winston",12308,"2021","March","MS"
"655","81 - Yalobusha",8756,"2021","March","MS"
"656","82 - Yazoo",19111,"2021","March","MS"
"657","02 - Alcorn",24305,"2021","May","MS"
"658","03 - Amite",9825,"2021","May","MS"
"659","04 - Attala",12079,"2021","May","MS"
"660","05 - Benton",5958,"2021","May","MS"
"661","06 - Bolivar",23561,"2021","May","MS"
"662","07 - Calhoun",9332,"2021","May","MS"
"663","08 - Carroll",7306,"2021","May","MS"
"664","09 - Chickasaw",11832,"2021","May","MS"
"665","10 - Choctaw",4941,"2021","May","MS"
"666","11 - Claiborne",6437,"2021","May","MS"
"667","12 - Clarke",11329,"2021","May","MS"
"668","13 - Clay",13893,"2021","May","MS"
"669","14 - Coahoma",15671,"2021","May","MS"
"670","15 - Copiah",18802,"2021","May","MS"
"671","16 - Covington",14103,"2021","May","MS"
"672","17 - DeSoto",122575,"2021","May","MS"
"673","18 - Forrest",47218,"2021","May","MS"
"674","19 - Franklin",5821,"2021","May","MS"
"675","20 - George",15353,"2021","May","MS"
"676","21 - Greene",7518,"2021","May","MS"
"677","22 - Grenada",15092,"2021","May","MS"
"678","23 - Hancock",34438,"2021","May","MS"
"679","24 - Harrison",138636,"2021","May","MS"
"680","25 - Hinds",166900,"2021","May","MS"
"681","26 - Holmes",13171,"2021","May","MS"
"682","27 - Humphreys",6619,"2021","May","MS"
"683","28 - Issaquena",891,"2021","May","MS"
"684","29 - Itawamba",15455,"2021","May","MS"
"685","30 - Jackson",86686,"2021","May","MS"
"686","31 - Jasper",11031,"2021","May","MS"
"687","32 - Jefferson",5763,"2021","May","MS"
"688","33 - Jeff Davis",8622,"2021","May","MS"
"689","34 - Jones",45071,"2021","May","MS"
"690","35 - Kemper",7283,"2021","May","MS"
"691","36 - Lafayette",31886,"2021","May","MS"
"692","37 - Lamar",36900,"2021","May","MS"
"693","38 - Lauderdale",43665,"2021","May","MS"
"694","39 - Lawrence",8588,"2021","May","MS"
"695","40 - Leake",13496,"2021","May","MS"
"696","41 - Lee",52255,"2021","May","MS"
"697","42 - Leflore",21641,"2021","May","MS"
"698","43 - Lincoln",21840,"2021","May","MS"
"699","44 - Lowndes",37625,"2021","May","MS"
"700","45 - Madison",74498,"2021","May","MS"
"701","46 - Marion",16144,"2021","May","MS"
"702","47 - Marshall",24286,"2021","May","MS"
"703","48 - Monroe",24970,"2021","May","MS"
"704","49 - Montgomery",6370,"2021","May","MS"
"705","50 - Neshoba",17386,"2021","May","MS"
"706","51 - Newton",13530,"2021","May","MS"
"707","52 - Noxubee",7664,"2021","May","MS"
"708","53 - Oktibbeha",29957,"2021","May","MS"
"709","54 - Panola",22445,"2021","May","MS"
"710","55 - Pearl River",35108,"2021","May","MS"
"711","56 - Perry",8534,"2021","May","MS"
"712","57 - Pike",24733,"2021","May","MS"
"713","58 - Pontotoc",19730,"2021","May","MS"
"714","59 - Prentiss",14410,"2021","May","MS"
"715","60 - Quitman",4717,"2021","May","MS"
"716","61 - Rankin",98193,"2021","May","MS"
"717","62 - Scott",16724,"2021","May","MS"
"718","63 - Sharkey",3319,"2021","May","MS"
"719","64 - Simpson",17334,"2021","May","MS"
"720","65 - Smith",11418,"2021","May","MS"
"721","66 - Stone",10746,"2021","May","MS"
"722","67 - Sunflower",14126,"2021","May","MS"
"723","68 - Tallahatchie",9822,"2021","May","MS"
"724","69 - Tate",17703,"2021","May","MS"
"725","70 - Tippah",13843,"2021","May","MS"
"726","71 - Tishomingo",12693,"2021","May","MS"
"727","72 - Tunica",6467,"2021","May","MS"
"728","73 - Union",16451,"2021","May","MS"
"729","74 - Walthall",10175,"2021","May","MS"
"730","75 - Warren",27205,"2021","May","MS"
"731","76 - Washington",28965,"2021","May","MS"
"732","77 - Wayne",13465,"2021","May","MS"
"733","78 - Webster",6582,"2021","May","MS"
"734","79 - Wilkinson",6725,"2021","May","MS"
"735","80 - Winston",12302,"2021","May","MS"
"736","81 - Yalobusha",7972,"2021","May","MS"
"737","82 - Yazoo",19098,"2021","May","MS"
"738","01 - Adams",19420,"2021","November","MS"
"739","02 - Alcorn",23822,"2021","November","MS"
"740","03 - Amite",9783,"2021","November","MS"
"741","04 - Attala",11630,"2021","November","MS"
"742","05 - Benton",5916,"2021","November","MS"
"743","06 - Bolivar",19101,"2021","November","MS"
"744","07 - Calhoun",9272,"2021","November","MS"
"745","08 - Carroll",7210,"2021","November","MS"
"746","09 - Chickasaw",11714,"2021","November","MS"
"747","10 - Choctaw",4846,"2021","November","MS"
"748","11 - Claiborne",6231,"2021","November","MS"
"749","12 - Clarke",11150,"2021","November","MS"
"750","13 - Clay",13811,"2021","November","MS"
"751","14 - Coahoma",14754,"2021","November","MS"
"752","15 - Copiah",18342,"2021","November","MS"
"753","16 - Covington",13908,"2021","November","MS"
"754","17 - DeSoto",120644,"2021","November","MS"
"755","18 - Forrest",45566,"2021","November","MS"
"756","19 - Franklin",5798,"2021","November","MS"
"757","20 - George",15288,"2021","November","MS"
"758","21 - Greene",7525,"2021","November","MS"
"759","22 - Grenada",14984,"2021","November","MS"
"760","23 - Hancock",34402,"2021","November","MS"
"761","24 - Harrison",138320,"2021","November","MS"
"762","25 - Hinds",166600,"2021","November","MS"
"763","26 - Holmes",13058,"2021","November","MS"
"764","27 - Humphreys",6373,"2021","November","MS"
"765","28 - Issaquena",881,"2021","November","MS"
"766","29 - Itawamba",14762,"2021","November","MS"
"767","30 - Jackson",86161,"2021","November","MS"
"768","31 - Jasper",10957,"2021","November","MS"
"769","32 - Jefferson",5606,"2021","November","MS"
"770","33 - Jeff Davis",8461,"2021","November","MS"
"771","34 - Jones",44730,"2021","November","MS"
"772","35 - Kemper",7324,"2021","November","MS"
"773","36 - Lafayette",32546,"2021","November","MS"
"774","37 - Lamar",36862,"2021","November","MS"
"775","38 - Lauderdale",43268,"2021","November","MS"
"776","39 - Lawrence",8285,"2021","November","MS"
"777","40 - Leake",13447,"2021","November","MS"
"778","41 - Lee",51957,"2021","November","MS"
"779","42 - Leflore",19818,"2021","November","MS"
"780","43 - Lincoln",21757,"2021","November","MS"
"781","44 - Lowndes",37820,"2021","November","MS"
"782","45 - Madison",75031,"2021","November","MS"
"783","46 - Marion",16113,"2021","November","MS"
"784","47 - Marshall",24241,"2021","November","MS"
"785","48 - Monroe",24370,"2021","November","MS"
"786","49 - Montgomery",6330,"2021","November","MS"
"787","50 - Neshoba",17449,"2021","November","MS"
"788","51 - Newton",13241,"2021","November","MS"
"789","52 - Noxubee",7615,"2021","November","MS"
"790","53 - Oktibbeha",28505,"2021","November","MS"
"791","54 - Panola",22442,"2021","November","MS"
"792","55 - Pearl River",35601,"2021","November","MS"
"793","56 - Perry",8523,"2021","November","MS"
"794","57 - Pike",24668,"2021","November","MS"
"795","58 - Pontotoc",19819,"2021","November","MS"
"796","59 - Prentiss",14453,"2021","November","MS"
"797","60 - Quitman",4711,"2021","November","MS"
"798","61 - Rankin",98522,"2021","November","MS"
"799","62 - Scott",15445,"2021","November","MS"
"800","63 - Sharkey",3217,"2021","November","MS"
"801","64 - Simpson",17291,"2021","November","MS"
"802","65 - Smith",11398,"2021","November","MS"
"803","66 - Stone",10832,"2021","November","MS"
"804","67 - Sunflower",13238,"2021","November","MS"
"805","68 - Tallahatchie",9749,"2021","November","MS"
"806","69 - Tate",17554,"2021","November","MS"
"807","70 - Tippah",13811,"2021","November","MS"
"808","71 - Tishomingo",12701,"2021","November","MS"
"809","72 - Tunica",6231,"2021","November","MS"
"810","73 - Union",16233,"2021","November","MS"
"811","74 - Walthall",10115,"2021","November","MS"
"812","75 - Warren",26442,"2021","November","MS"
"813","76 - Washington",28422,"2021","November","MS"
"814","77 - Wayne",13308,"2021","November","MS"
"815","78 - Webster",6551,"2021","November","MS"
"816","79 - Wilkinson",6618,"2021","November","MS"
"817","80 - Winston",12328,"2021","November","MS"
"818","81 - Yalobusha",7841,"2021","November","MS"
"819","82 - Yazoo",19052,"2021","November","MS"
"820","01 - Adams",19389,"2021","October","MS"
"821","02 - Alcorn",23982,"2021","October","MS"
"822","03 - Amite",9794,"2021","October","MS"
"823","04 - Attala",11966,"2021","October","MS"
"824","05 - Benton",5919,"2021","October","MS"
"825","06 - Bolivar",19065,"2021","October","MS"
"826","07 - Calhoun",9280,"2021","October","MS"
"827","08 - Carroll",7242,"2021","October","MS"
"828","09 - Chickasaw",11738,"2021","October","MS"
"829","10 - Choctaw",4847,"2021","October","MS"
"830","11 - Claiborne",6218,"2021","October","MS"
"831","12 - Clarke",11189,"2021","October","MS"
"832","13 - Clay",13840,"2021","October","MS"
"833","14 - Coahoma",14782,"2021","October","MS"
"834","15 - Copiah",18413,"2021","October","MS"
"835","16 - Covington",13964,"2021","October","MS"
"836","17 - DeSoto",120430,"2021","October","MS"
"837","18 - Forrest",46076,"2021","October","MS"
"838","19 - Franklin",5798,"2021","October","MS"
"839","20 - George",15259,"2021","October","MS"
"840","21 - Greene",7549,"2021","October","MS"
"841","22 - Grenada",15030,"2021","October","MS"
"842","23 - Hancock",34429,"2021","October","MS"
"843","24 - Harrison",138193,"2021","October","MS"
"844","25 - Hinds",166498,"2021","October","MS"
"845","26 - Holmes",13054,"2021","October","MS"
"846","27 - Humphreys",6386,"2021","October","MS"
"847","28 - Issaquena",882,"2021","October","MS"
"848","29 - Itawamba",15025,"2021","October","MS"
"849","30 - Jackson",86381,"2021","October","MS"
"850","31 - Jasper",10875,"2021","October","MS"
"851","32 - Jefferson",5592,"2021","October","MS"
"852","33 - Jeff Davis",8527,"2021","October","MS"
"853","34 - Jones",44789,"2021","October","MS"
"854","35 - Kemper",7283,"2021","October","MS"
"855","36 - Lafayette",32460,"2021","October","MS"
"856","37 - Lamar",37017,"2021","October","MS"
"857","38 - Lauderdale",43221,"2021","October","MS"
"858","39 - Lawrence",8289,"2021","October","MS"
"859","40 - Leake",13448,"2021","October","MS"
"860","41 - Lee",52309,"2021","October","MS"
"861","42 - Leflore",20017,"2021","October","MS"
"862","43 - Lincoln",21760,"2021","October","MS"
"863","44 - Lowndes",37794,"2021","October","MS"
"864","45 - Madison",74885,"2021","October","MS"
"865","46 - Marion",16148,"2021","October","MS"
"866","47 - Marshall",24312,"2021","October","MS"
"867","48 - Monroe",24414,"2021","October","MS"
"868","49 - Montgomery",6336,"2021","October","MS"
"869","50 - Neshoba",17465,"2021","October","MS"
"870","51 - Newton",13295,"2021","October","MS"
"871","52 - Noxubee",7617,"2021","October","MS"
"872","53 - Oktibbeha",28403,"2021","October","MS"
"873","54 - Panola",22456,"2021","October","MS"
"874","55 - Pearl River",35643,"2021","October","MS"
"875","56 - Perry",8526,"2021","October","MS"
"876","57 - Pike",24751,"2021","October","MS"
"877","58 - Pontotoc",19831,"2021","October","MS"
"878","59 - Prentiss",14420,"2021","October","MS"
"879","60 - Quitman",4717,"2021","October","MS"
"880","61 - Rankin",98560,"2021","October","MS"
"881","62 - Scott",15945,"2021","October","MS"
"882","63 - Sharkey",3229,"2021","October","MS"
"883","64 - Simpson",17185,"2021","October","MS"
"884","65 - Smith",11401,"2021","October","MS"
"885","66 - Stone",10818,"2021","October","MS"
"886","67 - Sunflower",13263,"2021","October","MS"
"887","68 - Tallahatchie",9791,"2021","October","MS"
"888","69 - Tate",17586,"2021","October","MS"
"889","70 - Tippah",13802,"2021","October","MS"
"890","71 - Tishomingo",12674,"2021","October","MS"
"891","72 - Tunica",6219,"2021","October","MS"
"892","73 - Union",16231,"2021","October","MS"
"893","74 - Walthall",10105,"2021","October","MS"
"894","75 - Warren",26590,"2021","October","MS"
"895","76 - Washington",28681,"2021","October","MS"
"896","77 - Wayne",13298,"2021","October","MS"
"897","78 - Webster",6559,"2021","October","MS"
"898","79 - Wilkinson",6635,"2021","October","MS"
"899","80 - Winston",12346,"2021","October","MS"
"900","81 - Yalobusha",7864,"2021","October","MS"
"901","82 - Yazoo",19079,"2021","October","MS"
"902","01 - Adams",19358,"2021","September","MS"
"903","02 - Alcorn",24014,"2021","September","MS"
"904","03 - Amite",9784,"2021","September","MS"
"905","04 - Attala",12007,"2021","September","MS"
"906","05 - Benton",5930,"2021","September","MS"
"907","06 - Bolivar",19106,"2021","September","MS"
"908","07 - Calhoun",9285,"2021","September","MS"
"909","08 - Carroll",7267,"2021","September","MS"
"910","09 - Chickasaw",11750,"2021","September","MS"
"911","10 - Choctaw",4926,"2021","September","MS"
"912","11 - Claiborne",6239,"2021","September","MS"
"913","12 - Clarke",11187,"2021","September","MS"
"914","13 - Clay",13890,"2021","September","MS"
"915","14 - Coahoma",14792,"2021","September","MS"
"916","15 - Copiah",18500,"2021","September","MS"
"917","16 - Covington",13956,"2021","September","MS"
"918","17 - DeSoto",120331,"2021","September","MS"
"919","18 - Forrest",46162,"2021","September","MS"
"920","19 - Franklin",5799,"2021","September","MS"
"921","20 - George",15236,"2021","September","MS"
"922","21 - Greene",7542,"2021","September","MS"
"923","22 - Grenada",15014,"2021","September","MS"
"924","23 - Hancock",34449,"2021","September","MS"
"925","24 - Harrison",138023,"2021","September","MS"
"926","25 - Hinds",166389,"2021","September","MS"
"927","26 - Holmes",13081,"2021","September","MS"
"928","27 - Humphreys",6416,"2021","September","MS"
"929","28 - Issaquena",882,"2021","September","MS"
"930","29 - Itawamba",15192,"2021","September","MS"
"931","30 - Jackson",86329,"2021","September","MS"
"932","31 - Jasper",10886,"2021","September","MS"
"933","32 - Jefferson",5600,"2021","September","MS"
"934","33 - Jeff Davis",8568,"2021","September","MS"
"935","34 - Jones",44811,"2021","September","MS"
"936","35 - Kemper",7323,"2021","September","MS"
"937","36 - Lafayette",32221,"2021","September","MS"
"938","37 - Lamar",37013,"2021","September","MS"
"939","38 - Lauderdale",43237,"2021","September","MS"
"940","39 - Lawrence",8353,"2021","September","MS"
"941","40 - Leake",13450,"2021","September","MS"
"942","41 - Lee",52281,"2021","September","MS"
"943","42 - Leflore",20161,"2021","September","MS"
"944","43 - Lincoln",21765,"2021","September","MS"
"945","44 - Lowndes",37785,"2021","September","MS"
"946","45 - Madison",74874,"2021","September","MS"
"947","46 - Marion",16080,"2021","September","MS"
"948","47 - Marshall",24279,"2021","September","MS"
"949","48 - Monroe",24476,"2021","September","MS"
"950","49 - Montgomery",6338,"2021","September","MS"
"951","50 - Neshoba",17451,"2021","September","MS"
"952","51 - Newton",13298,"2021","September","MS"
"953","52 - Noxubee",7594,"2021","September","MS"
"954","53 - Oktibbeha",28386,"2021","September","MS"
"955","54 - Panola",22448,"2021","September","MS"
"956","55 - Pearl River",35577,"2021","September","MS"
"957","56 - Perry",8516,"2021","September","MS"
"958","57 - Pike",24710,"2021","September","MS"
"959","58 - Pontotoc",19721,"2021","September","MS"
"960","59 - Prentiss",14394,"2021","September","MS"
"961","60 - Quitman",4720,"2021","September","MS"
"962","61 - Rankin",98765,"2021","September","MS"
"963","62 - Scott",16263,"2021","September","MS"
"964","63 - Sharkey",3230,"2021","September","MS"
"965","64 - Simpson",17159,"2021","September","MS"
"966","65 - Smith",11384,"2021","September","MS"
"967","66 - Stone",10777,"2021","September","MS"
"968","67 - Sunflower",13367,"2021","September","MS"
"969","68 - Tallahatchie",9797,"2021","September","MS"
"970","69 - Tate",17603,"2021","September","MS"
"971","70 - Tippah",13804,"2021","September","MS"
"972","71 - Tishomingo",12675,"2021","September","MS"
"973","72 - Tunica",6201,"2021","September","MS"
"974","73 - Union",16228,"2021","September","MS"
"975","74 - Walthall",10102,"2021","September","MS"
"976","75 - Warren",26650,"2021","September","MS"
"977","76 - Washington",28679,"2021","September","MS"
"978","77 - Wayne",13298,"2021","September","MS"
"979","78 - Webster",6565,"2021","September","MS"
"980","79 - Wilkinson",6638,"2021","September","MS"
"981","80 - Winston",12358,"2021","September","MS"
"982","81 - Yalobusha",7908,"2021","September","MS"
"983","82 - Yazoo",19022,"2021","September","MS"
"984","01 - Adams",18895,"2022","April","MS"
"985","02 - Alcorn",23591,"2022","April","MS"
"986","03 - Amite",9628,"2022","April","MS"
"987","04 - Attala",11226,"2022","April","MS"
"988","05 - Benton",5809,"2022","April","MS"
"989","06 - Bolivar",19160,"2022","April","MS"
"990","07 - Calhoun",9152,"2022","April","MS"
"991","08 - Carroll",7163,"2022","April","MS"
"992","09 - Chickasaw",11356,"2022","April","MS"
"993","10 - Choctaw",4766,"2022","April","MS"
"994","11 - Claiborne",6057,"2022","April","MS"
"995","12 - Clarke",11095,"2022","April","MS"
"996","13 - Clay",13681,"2022","April","MS"
"997","14 - Coahoma",14513,"2022","April","MS"
"998","15 - Copiah",18141,"2022","April","MS"
"999","16 - Covington",13869,"2022","April","MS"
"1000","17 - DeSoto",122283,"2022","April","MS"
"1001","18 - Forrest",45880,"2022","April","MS"
"1002","19 - Franklin",5730,"2022","April","MS"
"1003","20 - George",14975,"2022","April","MS"
"1004","21 - Greene",7429,"2022","April","MS"
"1005","22 - Grenada",14478,"2022","April","MS"
"1006","23 - Hancock",34787,"2022","April","MS"
"1007","24 - Harrison",140059,"2022","April","MS"
"1008","25 - Hinds",165879,"2022","April","MS"
"1009","26 - Holmes",12968,"2022","April","MS"
"1010","27 - Humphreys",6326,"2022","April","MS"
"1011","28 - Issaquena",874,"2022","April","MS"
"1012","29 - Itawamba",14785,"2022","April","MS"
"1013","30 - Jackson",83877,"2022","April","MS"
"1014","31 - Jasper",10916,"2022","April","MS"
"1015","32 - Jefferson",5593,"2022","April","MS"
"1016","33 - Jeff Davis",8316,"2022","April","MS"
"1017","34 - Jones",44553,"2022","April","MS"
"1018","35 - Kemper",7276,"2022","April","MS"
"1019","36 - Lafayette",31524,"2022","April","MS"
"1020","37 - Lamar",36059,"2022","April","MS"
"1021","38 - Lauderdale",41951,"2022","April","MS"
"1022","39 - Lawrence",8224,"2022","April","MS"
"1023","40 - Leake",13281,"2022","April","MS"
"1024","41 - Lee",50218,"2022","April","MS"
"1025","42 - Leflore",19155,"2022","April","MS"
"1026","43 - Lincoln",21070,"2022","April","MS"
"1027","44 - Lowndes",37812,"2022","April","MS"
"1028","45 - Madison",73904,"2022","April","MS"
"1029","46 - Marion",15858,"2022","April","MS"
"1030","47 - Marshall",23954,"2022","April","MS"
"1031","48 - Monroe",23903,"2022","April","MS"
"1032","49 - Montgomery",6202,"2022","April","MS"
"1033","50 - Neshoba",17271,"2022","April","MS"
"1034","51 - Newton",13078,"2022","April","MS"
"1035","52 - Noxubee",7495,"2022","April","MS"
"1036","53 - Oktibbeha",27268,"2022","April","MS"
"1037","54 - Panola",21962,"2022","April","MS"
"1038","55 - Pearl River",35202,"2022","April","MS"
"1039","56 - Perry",8404,"2022","April","MS"
"1040","57 - Pike",24675,"2022","April","MS"
"1041","58 - Pontotoc",19717,"2022","April","MS"
"1042","59 - Prentiss",14053,"2022","April","MS"
"1043","60 - Quitman",4654,"2022","April","MS"
"1044","61 - Rankin",94456,"2022","April","MS"
"1045","62 - Scott",14740,"2022","April","MS"
"1046","63 - Sharkey",3180,"2022","April","MS"
"1047","64 - Simpson",16919,"2022","April","MS"
"1048","65 - Smith",11361,"2022","April","MS"
"1049","66 - Stone",10727,"2022","April","MS"
"1050","67 - Sunflower",12884,"2022","April","MS"
"1051","68 - Tallahatchie",9752,"2022","April","MS"
"1052","69 - Tate",17537,"2022","April","MS"
"1053","70 - Tippah",13794,"2022","April","MS"
"1054","71 - Tishomingo",12639,"2022","April","MS"
"1055","72 - Tunica",6246,"2022","April","MS"
"1056","73 - Union",16106,"2022","April","MS"
"1057","74 - Walthall",10066,"2022","April","MS"
"1058","75 - Warren",25787,"2022","April","MS"
"1059","76 - Washington",27496,"2022","April","MS"
"1060","77 - Wayne",13250,"2022","April","MS"
"1061","78 - Webster",6423,"2022","April","MS"
"1062","79 - Wilkinson",6386,"2022","April","MS"
"1063","80 - Winston",12196,"2022","April","MS"
"1064","81 - Yalobusha",7865,"2022","April","MS"
"1065","82 - Yazoo",19005,"2022","April","MS"
"1066","01 - Adams",18719,"2022","August","MS"
"1067","02 - Alcorn",23402,"2022","August","MS"
"1068","03 - Amite",9574,"2022","August","MS"
"1069","04 - Attala",11170,"2022","August","MS"
"1070","05 - Benton",5795,"2022","August","MS"
"1071","06 - Bolivar",19193,"2022","August","MS"
"1072","07 - Calhoun",9115,"2022","August","MS"
"1073","08 - Carroll",7203,"2022","August","MS"
"1074","09 - Chickasaw",11377,"2022","August","MS"
"1075","10 - Choctaw",4797,"2022","August","MS"
"1076","11 - Claiborne",5968,"2022","August","MS"
"1077","12 - Clarke",11001,"2022","August","MS"
"1078","13 - Clay",13650,"2022","August","MS"
"1079","14 - Coahoma",14488,"2022","August","MS"
"1080","15 - Copiah",18113,"2022","August","MS"
"1081","16 - Covington",13807,"2022","August","MS"
"1082","17 - DeSoto",123910,"2022","August","MS"
"1083","18 - Forrest",44933,"2022","August","MS"
"1084","19 - Franklin",5756,"2022","August","MS"
"1085","20 - George",14985,"2022","August","MS"
"1086","21 - Greene",7493,"2022","August","MS"
"1087","22 - Grenada",14372,"2022","August","MS"
"1088","23 - Hancock",34931,"2022","August","MS"
"1089","24 - Harrison",141707,"2022","August","MS"
"1090","25 - Hinds",166204,"2022","August","MS"
"1091","26 - Holmes",12907,"2022","August","MS"
"1092","27 - Humphreys",6301,"2022","August","MS"
"1093","28 - Issaquena",834,"2022","August","MS"
"1094","29 - Itawamba",14877,"2022","August","MS"
"1095","30 - Jackson",84935,"2022","August","MS"
"1096","31 - Jasper",10931,"2022","August","MS"
"1097","32 - Jefferson",5595,"2022","August","MS"
"1098","33 - Jeff Davis",8287,"2022","August","MS"
"1099","34 - Jones",44585,"2022","August","MS"
"1100","35 - Kemper",7268,"2022","August","MS"
"1101","36 - Lafayette",32050,"2022","August","MS"
"1102","37 - Lamar",36434,"2022","August","MS"
"1103","38 - Lauderdale",41798,"2022","August","MS"
"1104","39 - Lawrence",8170,"2022","August","MS"
"1105","40 - Leake",13214,"2022","August","MS"
"1106","41 - Lee",50398,"2022","August","MS"
"1107","42 - Leflore",18951,"2022","August","MS"
"1108","43 - Lincoln",21250,"2022","August","MS"
"1109","44 - Lowndes",37888,"2022","August","MS"
"1110","45 - Madison",73934,"2022","August","MS"
"1111","46 - Marion",15979,"2022","August","MS"
"1112","47 - Marshall",24220,"2022","August","MS"
"1113","48 - Monroe",23931,"2022","August","MS"
"1114","49 - Montgomery",6198,"2022","August","MS"
"1115","50 - Neshoba",17067,"2022","August","MS"
"1116","51 - Newton",13105,"2022","August","MS"
"1117","52 - Noxubee",7479,"2022","August","MS"
"1118","53 - Oktibbeha",27404,"2022","August","MS"
"1119","54 - Panola",21989,"2022","August","MS"
"1120","55 - Pearl River",35598,"2022","August","MS"
"1121","56 - Perry",8434,"2022","August","MS"
"1122","57 - Pike",24465,"2022","August","MS"
"1123","58 - Pontotoc",19743,"2022","August","MS"
"1124","59 - Prentiss",14039,"2022","August","MS"
"1125","60 - Quitman",4569,"2022","August","MS"
"1126","61 - Rankin",95927,"2022","August","MS"
"1127","62 - Scott",14738,"2022","August","MS"
"1128","63 - Sharkey",3160,"2022","August","MS"
"1129","64 - Simpson",17061,"2022","August","MS"
"1130","65 - Smith",11195,"2022","August","MS"
"1131","66 - Stone",10889,"2022","August","MS"
"1132","67 - Sunflower",12646,"2022","August","MS"
"1133","68 - Tallahatchie",9730,"2022","August","MS"
"1134","69 - Tate",17662,"2022","August","MS"
"1135","70 - Tippah",13772,"2022","August","MS"
"1136","71 - Tishomingo",12740,"2022","August","MS"
"1137","72 - Tunica",6189,"2022","August","MS"
"1138","73 - Union",16274,"2022","August","MS"
"1139","74 - Walthall",10122,"2022","August","MS"
"1140","75 - Warren",25655,"2022","August","MS"
"1141","76 - Washington",27336,"2022","August","MS"
"1142","77 - Wayne",13270,"2022","August","MS"
"1143","78 - Webster",6467,"2022","August","MS"
"1144","79 - Wilkinson",6288,"2022","August","MS"
"1145","80 - Winston",12250,"2022","August","MS"
"1146","81 - Yalobusha",7962,"2022","August","MS"
"1147","82 - Yazoo",18978,"2022","August","MS"
"1148","01 - Adams",18717,"2022","December","MS"
"1149","02 - Alcorn",23438,"2022","December","MS"
"1150","03 - Amite",9589,"2022","December","MS"
"1151","04 - Attala",11167,"2022","December","MS"
"1152","05 - Benton",5816,"2022","December","MS"
"1153","06 - Bolivar",19233,"2022","December","MS"
"1154","07 - Calhoun",9118,"2022","December","MS"
"1155","08 - Carroll",7275,"2022","December","MS"
"1156","09 - Chickasaw",11401,"2022","December","MS"
"1157","10 - Choctaw",4882,"2022","December","MS"
"1158","11 - Claiborne",5929,"2022","December","MS"
"1159","12 - Clarke",11074,"2022","December","MS"
"1160","13 - Clay",13731,"2022","December","MS"
"1161","14 - Coahoma",14544,"2022","December","MS"
"1162","15 - Copiah",18274,"2022","December","MS"
"1163","16 - Covington",13894,"2022","December","MS"
"1164","17 - DeSoto",125984,"2022","December","MS"
"1165","18 - Forrest",45547,"2022","December","MS"
"1166","19 - Franklin",5783,"2022","December","MS"
"1167","20 - George",15194,"2022","December","MS"
"1168","21 - Greene",7518,"2022","December","MS"
"1169","22 - Grenada",14503,"2022","December","MS"
"1170","23 - Hancock",34565,"2022","December","MS"
"1171","24 - Harrison",143073,"2022","December","MS"
"1172","25 - Hinds",166454,"2022","December","MS"
"1173","26 - Holmes",12915,"2022","December","MS"
"1174","27 - Humphreys",6411,"2022","December","MS"
"1175","28 - Issaquena",848,"2022","December","MS"
"1176","29 - Itawamba",14992,"2022","December","MS"
"1177","30 - Jackson",86452,"2022","December","MS"
"1178","31 - Jasper",10938,"2022","December","MS"
"1179","32 - Jefferson",5596,"2022","December","MS"
"1180","33 - Jeff Davis",8274,"2022","December","MS"
"1181","34 - Jones",44673,"2022","December","MS"
"1182","35 - Kemper",7213,"2022","December","MS"
"1183","36 - Lafayette",32647,"2022","December","MS"
"1184","37 - Lamar",37015,"2022","December","MS"
"1185","38 - Lauderdale",41833,"2022","December","MS"
"1186","39 - Lawrence",8296,"2022","December","MS"
"1187","40 - Leake",13057,"2022","December","MS"
"1188","41 - Lee",50879,"2022","December","MS"
"1189","42 - Leflore",19052,"2022","December","MS"
"1190","43 - Lincoln",21319,"2022","December","MS"
"1191","44 - Lowndes",38088,"2022","December","MS"
"1192","45 - Madison",74963,"2022","December","MS"
"1193","46 - Marion",16040,"2022","December","MS"
"1194","47 - Marshall",24536,"2022","December","MS"
"1195","48 - Monroe",23994,"2022","December","MS"
"1196","49 - Montgomery",6239,"2022","December","MS"
"1197","50 - Neshoba",16987,"2022","December","MS"
"1198","51 - Newton",12844,"2022","December","MS"
"1199","52 - Noxubee",7516,"2022","December","MS"
"1200","53 - Oktibbeha",28083,"2022","December","MS"
"1201","54 - Panola",22127,"2022","December","MS"
"1202","55 - Pearl River",36038,"2022","December","MS"
"1203","56 - Perry",8383,"2022","December","MS"
"1204","57 - Pike",24761,"2022","December","MS"
"1205","58 - Pontotoc",20063,"2022","December","MS"
"1206","59 - Prentiss",14152,"2022","December","MS"
"1207","60 - Quitman",4504,"2022","December","MS"
"1208","61 - Rankin",96010,"2022","December","MS"
"1209","62 - Scott",14772,"2022","December","MS"
"1210","63 - Sharkey",3159,"2022","December","MS"
"1211","64 - Simpson",17068,"2022","December","MS"
"1212","65 - Smith",11190,"2022","December","MS"
"1213","66 - Stone",11090,"2022","December","MS"
"1214","67 - Sunflower",12708,"2022","December","MS"
"1215","68 - Tallahatchie",9698,"2022","December","MS"
"1216","69 - Tate",17867,"2022","December","MS"
"1217","70 - Tippah",13902,"2022","December","MS"
"1218","71 - Tishomingo",12858,"2022","December","MS"
"1219","72 - Tunica",6185,"2022","December","MS"
"1220","73 - Union",16473,"2022","December","MS"
"1221","74 - Walthall",10170,"2022","December","MS"
"1222","75 - Warren",26060,"2022","December","MS"
"1223","76 - Washington",27510,"2022","December","MS"
"1224","77 - Wayne",13247,"2022","December","MS"
"1225","78 - Webster",6503,"2022","December","MS"
"1226","79 - Wilkinson",6353,"2022","December","MS"
"1227","80 - Winston",12248,"2022","December","MS"
"1228","81 - Yalobusha",8015,"2022","December","MS"
"1229","82 - Yazoo",18922,"2022","December","MS"
"1230","01 - Adams",18932,"2022","February","MS"
"1231","02 - Alcorn",23546,"2022","February","MS"
"1232","03 - Amite",9623,"2022","February","MS"
"1233","04 - Attala",11240,"2022","February","MS"
"1234","05 - Benton",5822,"2022","February","MS"
"1235","06 - Bolivar",19109,"2022","February","MS"
"1236","07 - Calhoun",9140,"2022","February","MS"
"1237","08 - Carroll",7125,"2022","February","MS"
"1238","09 - Chickasaw",11352,"2022","February","MS"
"1239","10 - Choctaw",4726,"2022","February","MS"
"1240","11 - Claiborne",6135,"2022","February","MS"
"1241","12 - Clarke",11036,"2022","February","MS"
"1242","13 - Clay",13628,"2022","February","MS"
"1243","14 - Coahoma",14477,"2022","February","MS"
"1244","15 - Copiah",18102,"2022","February","MS"
"1245","16 - Covington",13847,"2022","February","MS"
"1246","17 - DeSoto",121767,"2022","February","MS"
"1247","18 - Forrest",45675,"2022","February","MS"
"1248","19 - Franklin",5706,"2022","February","MS"
"1249","20 - George",14922,"2022","February","MS"
"1250","21 - Greene",7428,"2022","February","MS"
"1251","22 - Grenada",14469,"2022","February","MS"
"1252","23 - Hancock",34624,"2022","February","MS"
"1253","24 - Harrison",139259,"2022","February","MS"
"1254","25 - Hinds",165948,"2022","February","MS"
"1255","26 - Holmes",12985,"2022","February","MS"
"1256","27 - Humphreys",6312,"2022","February","MS"
"1257","28 - Issaquena",871,"2022","February","MS"
"1258","29 - Itawamba",14710,"2022","February","MS"
"1259","30 - Jackson",83360,"2022","February","MS"
"1260","31 - Jasper",10918,"2022","February","MS"
"1261","32 - Jefferson",5598,"2022","February","MS"
"1262","33 - Jeff Davis",8284,"2022","February","MS"
"1263","34 - Jones",44671,"2022","February","MS"
"1264","35 - Kemper",7265,"2022","February","MS"
"1265","36 - Lafayette",31275,"2022","February","MS"
"1266","37 - Lamar",36033,"2022","February","MS"
"1267","38 - Lauderdale",42096,"2022","February","MS"
"1268","39 - Lawrence",8165,"2022","February","MS"
"1269","40 - Leake",13268,"2022","February","MS"
"1270","41 - Lee",50228,"2022","February","MS"
"1271","42 - Leflore",19147,"2022","February","MS"
"1272","43 - Lincoln",20977,"2022","February","MS"
"1273","44 - Lowndes",37758,"2022","February","MS"
"1274","45 - Madison",73618,"2022","February","MS"
"1275","46 - Marion",15839,"2022","February","MS"
"1276","47 - Marshall",23903,"2022","February","MS"
"1277","48 - Monroe",23883,"2022","February","MS"
"1278","49 - Montgomery",6197,"2022","February","MS"
"1279","50 - Neshoba",17255,"2022","February","MS"
"1280","51 - Newton",13041,"2022","February","MS"
"1281","52 - Noxubee",7504,"2022","February","MS"
"1282","53 - Oktibbeha",27121,"2022","February","MS"
"1283","54 - Panola",21901,"2022","February","MS"
"1284","55 - Pearl River",35016,"2022","February","MS"
"1285","56 - Perry",8396,"2022","February","MS"
"1286","57 - Pike",24613,"2022","February","MS"
"1287","58 - Pontotoc",19682,"2022","February","MS"
"1288","59 - Prentiss",14056,"2022","February","MS"
"1289","60 - Quitman",4646,"2022","February","MS"
"1290","61 - Rankin",94012,"2022","February","MS"
"1291","62 - Scott",14753,"2022","February","MS"
"1292","63 - Sharkey",3170,"2022","February","MS"
"1293","64 - Simpson",16997,"2022","February","MS"
"1294","65 - Smith",11378,"2022","February","MS"
"1295","66 - Stone",10635,"2022","February","MS"
"1296","67 - Sunflower",12955,"2022","February","MS"
"1297","68 - Tallahatchie",9753,"2022","February","MS"
"1298","69 - Tate",17527,"2022","February","MS"
"1299","70 - Tippah",13774,"2022","February","MS"
"1300","71 - Tishomingo",12648,"2022","February","MS"
"1301","72 - Tunica",6259,"2022","February","MS"
"1302","73 - Union",16034,"2022","February","MS"
"1303","74 - Walthall",10064,"2022","February","MS"
"1304","75 - Warren",25695,"2022","February","MS"
"1305","76 - Washington",27733,"2022","February","MS"
"1306","77 - Wayne",13152,"2022","February","MS"
"1307","78 - Webster",6473,"2022","February","MS"
"1308","79 - Wilkinson",6416,"2022","February","MS"
"1309","80 - Winston",12174,"2022","February","MS"
"1310","81 - Yalobusha",7855,"2022","February","MS"
"1311","82 - Yazoo",19011,"2022","February","MS"
"1312","01 - Adams",18994,"2022","January","MS"
"1313","02 - Alcorn",23694,"2022","January","MS"
"1314","03 - Amite",9650,"2022","January","MS"
"1315","04 - Attala",11070,"2022","January","MS"
"1316","05 - Benton",5834,"2022","January","MS"
"1317","06 - Bolivar",19138,"2022","January","MS"
"1318","07 - Calhoun",9146,"2022","January","MS"
"1319","08 - Carroll",7130,"2022","January","MS"
"1320","09 - Chickasaw",11476,"2022","January","MS"
"1321","10 - Choctaw",4725,"2022","January","MS"
"1322","11 - Claiborne",6162,"2022","January","MS"
"1323","12 - Clarke",11078,"2022","January","MS"
"1324","13 - Clay",13635,"2022","January","MS"
"1325","14 - Coahoma",14699,"2022","January","MS"
"1326","15 - Copiah",18137,"2022","January","MS"
"1327","16 - Covington",13871,"2022","January","MS"
"1328","17 - DeSoto",121345,"2022","January","MS"
"1329","18 - Forrest",45856,"2022","January","MS"
"1330","19 - Franklin",5729,"2022","January","MS"
"1331","20 - George",14970,"2022","January","MS"
"1332","21 - Greene",7432,"2022","January","MS"
"1333","22 - Grenada",14575,"2022","January","MS"
"1334","23 - Hancock",34549,"2022","January","MS"
"1335","24 - Harrison",139119,"2022","January","MS"
"1336","25 - Hinds",166203,"2022","January","MS"
"1337","26 - Holmes",13012,"2022","January","MS"
"1338","27 - Humphreys",6358,"2022","January","MS"
"1339","28 - Issaquena",870,"2022","January","MS"
"1340","29 - Itawamba",14728,"2022","January","MS"
"1341","30 - Jackson",83873,"2022","January","MS"
"1342","31 - Jasper",10931,"2022","January","MS"
"1343","32 - Jefferson",5623,"2022","January","MS"
"1344","33 - Jeff Davis",8305,"2022","January","MS"
"1345","34 - Jones",44684,"2022","January","MS"
"1346","35 - Kemper",7255,"2022","January","MS"
"1347","36 - Lafayette",31704,"2022","January","MS"
"1348","37 - Lamar",36010,"2022","January","MS"
"1349","38 - Lauderdale",42272,"2022","January","MS"
"1350","39 - Lawrence",8183,"2022","January","MS"
"1351","40 - Leake",13273,"2022","January","MS"
"1352","41 - Lee",49981,"2022","January","MS"
"1353","42 - Leflore",19371,"2022","January","MS"
"1354","43 - Lincoln",21400,"2022","January","MS"
"1355","44 - Lowndes",37758,"2022","January","MS"
"1356","45 - Madison",74205,"2022","January","MS"
"1357","46 - Marion",15844,"2022","January","MS"
"1358","47 - Marshall",23999,"2022","January","MS"
"1359","48 - Monroe",23919,"2022","January","MS"
"1360","49 - Montgomery",6187,"2022","January","MS"
"1361","50 - Neshoba",17300,"2022","January","MS"
"1362","51 - Newton",13074,"2022","January","MS"
"1363","52 - Noxubee",7603,"2022","January","MS"
"1364","53 - Oktibbeha",27270,"2022","January","MS"
"1365","54 - Panola",21915,"2022","January","MS"
"1366","55 - Pearl River",34937,"2022","January","MS"
"1367","56 - Perry",8506,"2022","January","MS"
"1368","57 - Pike",24639,"2022","January","MS"
"1369","58 - Pontotoc",19637,"2022","January","MS"
"1370","59 - Prentiss",14058,"2022","January","MS"
"1371","60 - Quitman",4685,"2022","January","MS"
"1372","61 - Rankin",96565,"2022","January","MS"
"1373","62 - Scott",14941,"2022","January","MS"
"1374","63 - Sharkey",3177,"2022","January","MS"
"1375","64 - Simpson",16849,"2022","January","MS"
"1376","65 - Smith",11383,"2022","January","MS"
"1377","66 - Stone",10619,"2022","January","MS"
"1378","67 - Sunflower",13132,"2022","January","MS"
"1379","68 - Tallahatchie",9752,"2022","January","MS"
"1380","69 - Tate",17522,"2022","January","MS"
"1381","70 - Tippah",13764,"2022","January","MS"
"1382","71 - Tishomingo",12629,"2022","January","MS"
"1383","72 - Tunica",6243,"2022","January","MS"
"1384","73 - Union",16186,"2022","January","MS"
"1385","74 - Walthall",10033,"2022","January","MS"
"1386","75 - Warren",25687,"2022","January","MS"
"1387","76 - Washington",28240,"2022","January","MS"
"1388","77 - Wayne",13283,"2022","January","MS"
"1389","78 - Webster",6475,"2022","January","MS"
"1390","79 - Wilkinson",6474,"2022","January","MS"
"1391","80 - Winston",12176,"2022","January","MS"
"1392","81 - Yalobusha",7853,"2022","January","MS"
"1393","82 - Yazoo",19029,"2022","January","MS"
"1394","01 - Adams",18917,"2022","July","MS"
"1395","02 - Alcorn",23592,"2022","July","MS"
"1396","03 - Amite",9641,"2022","July","MS"
"1397","04 - Attala",11248,"2022","July","MS"
"1398","05 - Benton",5792,"2022","July","MS"
"1399","06 - Bolivar",19137,"2022","July","MS"
"1400","07 - Calhoun",9152,"2022","July","MS"
"1401","08 - Carroll",7178,"2022","July","MS"
"1402","09 - Chickasaw",11380,"2022","July","MS"
"1403","10 - Choctaw",4787,"2022","July","MS"
"1404","11 - Claiborne",6050,"2022","July","MS"
"1405","12 - Clarke",11055,"2022","July","MS"
"1406","13 - Clay",13674,"2022","July","MS"
"1407","14 - Coahoma",14498,"2022","July","MS"
"1408","15 - Copiah",18180,"2022","July","MS"
"1409","16 - Covington",13872,"2022","July","MS"
"1410","17 - DeSoto",123119,"2022","July","MS"
"1411","18 - Forrest",46161,"2022","July","MS"
"1412","19 - Franklin",5756,"2022","July","MS"
"1413","20 - George",15095,"2022","July","MS"
"1414","21 - Greene",7506,"2022","July","MS"
"1415","22 - Grenada",14526,"2022","July","MS"
"1416","23 - Hancock",34855,"2022","July","MS"
"1417","24 - Harrison",141022,"2022","July","MS"
"1418","25 - Hinds",166179,"2022","July","MS"
"1419","26 - Holmes",12942,"2022","July","MS"
"1420","27 - Humphreys",6280,"2022","July","MS"
"1421","28 - Issaquena",872,"2022","July","MS"
"1422","29 - Itawamba",14867,"2022","July","MS"
"1423","30 - Jackson",84615,"2022","July","MS"
"1424","31 - Jasper",10923,"2022","July","MS"
"1425","32 - Jefferson",5591,"2022","July","MS"
"1426","33 - Jeff Davis",8290,"2022","July","MS"
"1427","34 - Jones",44604,"2022","July","MS"
"1428","35 - Kemper",7275,"2022","July","MS"
"1429","36 - Lafayette",31929,"2022","July","MS"
"1430","37 - Lamar",36378,"2022","July","MS"
"1431","38 - Lauderdale",42062,"2022","July","MS"
"1432","39 - Lawrence",8209,"2022","July","MS"
"1433","40 - Leake",13243,"2022","July","MS"
"1434","41 - Lee",50336,"2022","July","MS"
"1435","42 - Leflore",19011,"2022","July","MS"
"1436","43 - Lincoln",21163,"2022","July","MS"
"1437","44 - Lowndes",37867,"2022","July","MS"
"1438","45 - Madison",74033,"2022","July","MS"
"1439","46 - Marion",15949,"2022","July","MS"
"1440","47 - Marshall",24147,"2022","July","MS"
"1441","48 - Monroe",23928,"2022","July","MS"
"1442","49 - Montgomery",6202,"2022","July","MS"
"1443","50 - Neshoba",17074,"2022","July","MS"
"1444","51 - Newton",13086,"2022","July","MS"
"1445","52 - Noxubee",7482,"2022","July","MS"
"1446","53 - Oktibbeha",27379,"2022","July","MS"
"1447","54 - Panola",21879,"2022","July","MS"
"1448","55 - Pearl River",35448,"2022","July","MS"
"1449","56 - Perry",8427,"2022","July","MS"
"1450","57 - Pike",24563,"2022","July","MS"
"1451","58 - Pontotoc",19702,"2022","July","MS"
"1452","59 - Prentiss",14041,"2022","July","MS"
"1453","60 - Quitman",4579,"2022","July","MS"
"1454","61 - Rankin",95652,"2022","July","MS"
"1455","62 - Scott",14723,"2022","July","MS"
"1456","63 - Sharkey",3159,"2022","July","MS"
"1457","64 - Simpson",17036,"2022","July","MS"
"1458","65 - Smith",11384,"2022","July","MS"
"1459","66 - Stone",10843,"2022","July","MS"
"1460","67 - Sunflower",12712,"2022","July","MS"
"1461","68 - Tallahatchie",9746,"2022","July","MS"
"1462","69 - Tate",17629,"2022","July","MS"
"1463","70 - Tippah",13783,"2022","July","MS"
"1464","71 - Tishomingo",12701,"2022","July","MS"
"1465","72 - Tunica",6203,"2022","July","MS"
"1466","73 - Union",16225,"2022","July","MS"
"1467","74 - Walthall",10098,"2022","July","MS"
"1468","75 - Warren",25606,"2022","July","MS"
"1469","76 - Washington",27308,"2022","July","MS"
"1470","77 - Wayne",13246,"2022","July","MS"
"1471","78 - Webster",6447,"2022","July","MS"
"1472","79 - Wilkinson",6368,"2022","July","MS"
"1473","80 - Winston",12237,"2022","July","MS"
"1474","81 - Yalobusha",7943,"2022","July","MS"
"1475","82 - Yazoo",18978,"2022","July","MS"
"1476","01 - Adams",18917,"2022","June","MS"
"1477","02 - Alcorn",23592,"2022","June","MS"
"1478","03 - Amite",9641,"2022","June","MS"
"1479","04 - Attala",11248,"2022","June","MS"
"1480","05 - Benton",5792,"2022","June","MS"
"1481","06 - Bolivar",19137,"2022","June","MS"
"1482","07 - Calhoun",9152,"2022","June","MS"
"1483","08 - Carroll",7178,"2022","June","MS"
"1484","09 - Chickasaw",11380,"2022","June","MS"
"1485","10 - Choctaw",4787,"2022","June","MS"
"1486","11 - Claiborne",6050,"2022","June","MS"
"1487","12 - Clarke",11055,"2022","June","MS"
"1488","13 - Clay",13674,"2022","June","MS"
"1489","14 - Coahoma",14498,"2022","June","MS"
"1490","15 - Copiah",18180,"2022","June","MS"
"1491","16 - Covington",13872,"2022","June","MS"
"1492","17 - DeSoto",123119,"2022","June","MS"
"1493","18 - Forrest",46161,"2022","June","MS"
"1494","19 - Franklin",5756,"2022","June","MS"
"1495","20 - George",15095,"2022","June","MS"
"1496","21 - Greene",7506,"2022","June","MS"
"1497","22 - Grenada",14526,"2022","June","MS"
"1498","23 - Hancock",34855,"2022","June","MS"
"1499","24 - Harrison",141022,"2022","June","MS"
"1500","25 - Hinds",166179,"2022","June","MS"
"1501","26 - Holmes",12942,"2022","June","MS"
"1502","27 - Humphreys",6280,"2022","June","MS"
"1503","28 - Issaquena",872,"2022","June","MS"
"1504","29 - Itawamba",14867,"2022","June","MS"
"1505","30 - Jackson",84757,"2022","June","MS"
"1506","31 - Jasper",10929,"2022","June","MS"
"1507","32 - Jefferson",5595,"2022","June","MS"
"1508","33 - Jeff Davis",8335,"2022","June","MS"
"1509","34 - Jones",44659,"2022","June","MS"
"1510","35 - Kemper",7261,"2022","June","MS"
"1511","36 - Lafayette",31799,"2022","June","MS"
"1512","37 - Lamar",36185,"2022","June","MS"
"1513","38 - Lauderdale",42087,"2022","June","MS"
"1514","39 - Lawrence",8240,"2022","June","MS"
"1515","40 - Leake",13272,"2022","June","MS"
"1516","41 - Lee",50301,"2022","June","MS"
"1517","42 - Leflore",19217,"2022","June","MS"
"1518","43 - Lincoln",21162,"2022","June","MS"
"1519","44 - Lowndes",37874,"2022","June","MS"
"1520","45 - Madison",74516,"2022","June","MS"
"1521","46 - Marion",16028,"2022","June","MS"
"1522","47 - Marshall",24139,"2022","June","MS"
"1523","48 - Monroe",23988,"2022","June","MS"
"1524","49 - Montgomery",6204,"2022","June","MS"
"1525","50 - Neshoba",17079,"2022","June","MS"
"1526","51 - Newton",13090,"2022","June","MS"
"1527","52 - Noxubee",7509,"2022","June","MS"
"1528","53 - Oktibbeha",27450,"2022","June","MS"
"1529","54 - Panola",21994,"2022","June","MS"
"1530","55 - Pearl River",35418,"2022","June","MS"
"1531","56 - Perry",8412,"2022","June","MS"
"1532","57 - Pike",24817,"2022","June","MS"
"1533","58 - Pontotoc",19699,"2022","June","MS"
"1534","59 - Prentiss",14027,"2022","June","MS"
"1535","60 - Quitman",4586,"2022","June","MS"
"1536","61 - Rankin",95383,"2022","June","MS"
"1537","62 - Scott",14760,"2022","June","MS"
"1538","63 - Sharkey",3184,"2022","June","MS"
"1539","64 - Simpson",17089,"2022","June","MS"
"1540","65 - Smith",11358,"2022","June","MS"
"1541","66 - Stone",10866,"2022","June","MS"
"1542","67 - Sunflower",12872,"2022","June","MS"
"1543","68 - Tallahatchie",9761,"2022","June","MS"
"1544","69 - Tate",17643,"2022","June","MS"
"1545","70 - Tippah",13789,"2022","June","MS"
"1546","71 - Tishomingo",12675,"2022","June","MS"
"1547","72 - Tunica",6246,"2022","June","MS"
"1548","73 - Union",16180,"2022","June","MS"
"1549","74 - Walthall",10068,"2022","June","MS"
"1550","75 - Warren",25873,"2022","June","MS"
"1551","76 - Washington",27441,"2022","June","MS"
"1552","77 - Wayne",13292,"2022","June","MS"
"1553","78 - Webster",6401,"2022","June","MS"
"1554","79 - Wilkinson",6362,"2022","June","MS"
"1555","80 - Winston",12247,"2022","June","MS"
"1556","81 - Yalobusha",7910,"2022","June","MS"
"1557","82 - Yazoo",18981,"2022","June","MS"
"1558","01 - Adams",18897,"2022","March","MS"
"1559","02 - Alcorn",23604,"2022","March","MS"
"1560","03 - Amite",9642,"2022","March","MS"
"1561","04 - Attala",11232,"2022","March","MS"
"1562","05 - Benton",5814,"2022","March","MS"
"1563","06 - Bolivar",19125,"2022","March","MS"
"1564","07 - Calhoun",9137,"2022","March","MS"
"1565","08 - Carroll",7109,"2022","March","MS"
"1566","09 - Chickasaw",11350,"2022","March","MS"
"1567","10 - Choctaw",4732,"2022","March","MS"
"1568","11 - Claiborne",6116,"2022","March","MS"
"1569","12 - Clarke",11057,"2022","March","MS"
"1570","13 - Clay",13637,"2022","March","MS"
"1571","14 - Coahoma",14481,"2022","March","MS"
"1572","15 - Copiah",18110,"2022","March","MS"
"1573","16 - Covington",13858,"2022","March","MS"
"1574","17 - DeSoto",121894,"2022","March","MS"
"1575","18 - Forrest",45785,"2022","March","MS"
"1576","19 - Franklin",5713,"2022","March","MS"
"1577","20 - George",14940,"2022","March","MS"
"1578","21 - Greene",7426,"2022","March","MS"
"1579","22 - Grenada",14463,"2022","March","MS"
"1580","23 - Hancock",34648,"2022","March","MS"
"1581","24 - Harrison",139598,"2022","March","MS"
"1582","25 - Hinds",165884,"2022","March","MS"
"1583","26 - Holmes",12958,"2022","March","MS"
"1584","27 - Humphreys",6319,"2022","March","MS"
"1585","28 - Issaquena",875,"2022","March","MS"
"1586","29 - Itawamba",14757,"2022","March","MS"
"1587","30 - Jackson",83586,"2022","March","MS"
"1588","31 - Jasper",10916,"2022","March","MS"
"1589","32 - Jefferson",5593,"2022","March","MS"
"1590","33 - Jeff Davis",8275,"2022","March","MS"
"1591","34 - Jones",44570,"2022","March","MS"
"1592","35 - Kemper",7270,"2022","March","MS"
"1593","36 - Lafayette",31402,"2022","March","MS"
"1594","37 - Lamar",36073,"2022","March","MS"
"1595","38 - Lauderdale",42033,"2022","March","MS"
"1596","39 - Lawrence",8171,"2022","March","MS"
"1597","40 - Leake",13277,"2022","March","MS"
"1598","41 - Lee",50231,"2022","March","MS"
"1599","42 - Leflore",19153,"2022","March","MS"
"1600","43 - Lincoln",21035,"2022","March","MS"
"1601","44 - Lowndes",37771,"2022","March","MS"
"1602","45 - Madison",73793,"2022","March","MS"
"1603","46 - Marion",15847,"2022","March","MS"
"1604","47 - Marshall",23897,"2022","March","MS"
"1605","48 - Monroe",23900,"2022","March","MS"
"1606","49 - Montgomery",6206,"2022","March","MS"
"1607","50 - Neshoba",17272,"2022","March","MS"
"1608","51 - Newton",13041,"2022","March","MS"
"1609","52 - Noxubee",7504,"2022","March","MS"
"1610","53 - Oktibbeha",27211,"2022","March","MS"
"1611","54 - Panola",21937,"2022","March","MS"
"1612","55 - Pearl River",35112,"2022","March","MS"
"1613","56 - Perry",8394,"2022","March","MS"
"1614","57 - Pike",24644,"2022","March","MS"
"1615","58 - Pontotoc",19682,"2022","March","MS"
"1616","59 - Prentiss",14054,"2022","March","MS"
"1617","60 - Quitman",4652,"2022","March","MS"
"1618","61 - Rankin",94234,"2022","March","MS"
"1619","62 - Scott",14743,"2022","March","MS"
"1620","63 - Sharkey",3168,"2022","March","MS"
"1621","64 - Simpson",17003,"2022","March","MS"
"1622","65 - Smith",11367,"2022","March","MS"
"1623","66 - Stone",10665,"2022","March","MS"
"1624","67 - Sunflower",12880,"2022","March","MS"
"1625","68 - Tallahatchie",9748,"2022","March","MS"
"1626","69 - Tate",17535,"2022","March","MS"
"1627","70 - Tippah",13782,"2022","March","MS"
"1628","71 - Tishomingo",12621,"2022","March","MS"
"1629","72 - Tunica",6279,"2022","March","MS"
"1630","73 - Union",16062,"2022","March","MS"
"1631","74 - Walthall",10045,"2022","March","MS"
"1632","75 - Warren",25718,"2022","March","MS"
"1633","76 - Washington",27657,"2022","March","MS"
"1634","77 - Wayne",13153,"2022","March","MS"
"1635","78 - Webster",6441,"2022","March","MS"
"1636","79 - Wilkinson",6404,"2022","March","MS"
"1637","80 - Winston",12176,"2022","March","MS"
"1638","81 - Yalobusha",7856,"2022","March","MS"
"1639","82 - Yazoo",19009,"2022","March","MS"
"1640","02 - Alcorn",23606,"2022","May","MS"
"1641","03 - Amite",9637,"2022","May","MS"
"1642","04 - Attala",11224,"2022","May","MS"
"1643","05 - Benton",5807,"2022","May","MS"
"1644","06 - Bolivar",19168,"2022","May","MS"
"1645","07 - Calhoun",9171,"2022","May","MS"
"1646","08 - Carroll",7168,"2022","May","MS"
"1647","09 - Chickasaw",11379,"2022","May","MS"
"1648","10 - Choctaw",4769,"2022","May","MS"
"1649","11 - Claiborne",6038,"2022","May","MS"
"1650","12 - Clarke",11087,"2022","May","MS"
"1651","13 - Clay",13680,"2022","May","MS"
"1652","14 - Coahoma",14492,"2022","May","MS"
"1653","15 - Copiah",18133,"2022","May","MS"
"1654","16 - Covington",13884,"2022","May","MS"
"1655","17 - DeSoto",122692,"2022","May","MS"
"1656","18 - Forrest",45998,"2022","May","MS"
"1657","19 - Franklin",5741,"2022","May","MS"
"1658","20 - George",14988,"2022","May","MS"
"1659","21 - Greene",7498,"2022","May","MS"
"1660","22 - Grenada",14483,"2022","May","MS"
"1661","23 - Hancock",34871,"2022","May","MS"
"1662","24 - Harrison",140366,"2022","May","MS"
"1663","25 - Hinds",166024,"2022","May","MS"
"1664","26 - Holmes",12950,"2022","May","MS"
"1665","27 - Humphreys",6319,"2022","May","MS"
"1666","28 - Issaquena",874,"2022","May","MS"
"1667","29 - Itawamba",14797,"2022","May","MS"
"1668","30 - Jackson",84388,"2022","May","MS"
"1669","31 - Jasper",10920,"2022","May","MS"
"1670","32 - Jefferson",5606,"2022","May","MS"
"1671","33 - Jeff Davis",8321,"2022","May","MS"
"1672","34 - Jones",44592,"2022","May","MS"
"1673","35 - Kemper",7261,"2022","May","MS"
"1674","36 - Lafayette",31646,"2022","May","MS"
"1675","37 - Lamar",36086,"2022","May","MS"
"1676","38 - Lauderdale",41998,"2022","May","MS"
"1677","39 - Lawrence",8228,"2022","May","MS"
"1678","40 - Leake",13268,"2022","May","MS"
"1679","41 - Lee",50240,"2022","May","MS"
"1680","42 - Leflore",19181,"2022","May","MS"
"1681","43 - Lincoln",21108,"2022","May","MS"
"1682","44 - Lowndes",37877,"2022","May","MS"
"1683","45 - Madison",74138,"2022","May","MS"
"1684","46 - Marion",15984,"2022","May","MS"
"1685","47 - Marshall",24015,"2022","May","MS"
"1686","48 - Monroe",23997,"2022","May","MS"
"1687","49 - Montgomery",6199,"2022","May","MS"
"1688","50 - Neshoba",17046,"2022","May","MS"
"1689","51 - Newton",13078,"2022","May","MS"
"1690","52 - Noxubee",7490,"2022","May","MS"
"1691","53 - Oktibbeha",27317,"2022","May","MS"
"1692","54 - Panola",21990,"2022","May","MS"
"1693","55 - Pearl River",35325,"2022","May","MS"
"1694","56 - Perry",8399,"2022","May","MS"
"1695","57 - Pike",24761,"2022","May","MS"
"1696","58 - Pontotoc",19782,"2022","May","MS"
"1697","59 - Prentiss",14041,"2022","May","MS"
"1698","60 - Quitman",4655,"2022","May","MS"
"1699","61 - Rankin",94783,"2022","May","MS"
"1700","62 - Scott",14731,"2022","May","MS"
"1701","63 - Sharkey",3187,"2022","May","MS"
"1702","64 - Simpson",17082,"2022","May","MS"
"1703","65 - Smith",11360,"2022","May","MS"
"1704","66 - Stone",10811,"2022","May","MS"
"1705","67 - Sunflower",12863,"2022","May","MS"
"1706","68 - Tallahatchie",9764,"2022","May","MS"
"1707","69 - Tate",17633,"2022","May","MS"
"1708","70 - Tippah",13811,"2022","May","MS"
"1709","71 - Tishomingo",12664,"2022","May","MS"
"1710","72 - Tunica",6245,"2022","May","MS"
"1711","73 - Union",16166,"2022","May","MS"
"1712","74 - Walthall",10072,"2022","May","MS"
"1713","75 - Warren",25812,"2022","May","MS"
"1714","76 - Washington",27457,"2022","May","MS"
"1715","77 - Wayne",13270,"2022","May","MS"
"1716","78 - Webster",6463,"2022","May","MS"
"1717","79 - Wilkinson",6353,"2022","May","MS"
"1718","80 - Winston",12228,"2022","May","MS"
"1719","81 - Yalobusha",7890,"2022","May","MS"
"1720","82 - Yazoo",19003,"2022","May","MS"
"1721","01 - Adams",18765,"2022","November","MS"
"1722","02 - Alcorn",23605,"2022","November","MS"
"1723","03 - Amite",9622,"2022","November","MS"
"1724","04 - Attala",11248,"2022","November","MS"
"1725","05 - Benton",5819,"2022","November","MS"
"1726","06 - Bolivar",19214,"2022","November","MS"
"1727","07 - Calhoun",9116,"2022","November","MS"
"1728","08 - Carroll",7273,"2022","November","MS"
"1729","09 - Chickasaw",11418,"2022","November","MS"
"1730","10 - Choctaw",4890,"2022","November","MS"
"1731","11 - Claiborne",5949,"2022","November","MS"
"1732","12 - Clarke",11088,"2022","November","MS"
"1733","13 - Clay",13726,"2022","November","MS"
"1734","14 - Coahoma",14536,"2022","November","MS"
"1735","15 - Copiah",18296,"2022","November","MS"
"1736","16 - Covington",13853,"2022","November","MS"
"1737","17 - DeSoto",125630,"2022","November","MS"
"1738","18 - Forrest",45730,"2022","November","MS"
"1739","19 - Franklin",5802,"2022","November","MS"
"1740","20 - George",15173,"2022","November","MS"
"1741","21 - Greene",7573,"2022","November","MS"
"1742","22 - Grenada",14472,"2022","November","MS"
"1743","23 - Hancock",34628,"2022","November","MS"
"1744","24 - Harrison",142944,"2022","November","MS"
"1745","25 - Hinds",166855,"2022","November","MS"
"1746","26 - Holmes",12933,"2022","November","MS"
"1747","27 - Humphreys",6400,"2022","November","MS"
"1748","28 - Issaquena",850,"2022","November","MS"
"1749","29 - Itawamba",15034,"2022","November","MS"
"1750","30 - Jackson",86336,"2022","November","MS"
"1751","31 - Jasper",10977,"2022","November","MS"
"1752","32 - Jefferson",5596,"2022","November","MS"
"1753","33 - Jeff Davis",8274,"2022","November","MS"
"1754","34 - Jones",44685,"2022","November","MS"
"1755","35 - Kemper",7254,"2022","November","MS"
"1756","36 - Lafayette",32836,"2022","November","MS"
"1757","37 - Lamar",36933,"2022","November","MS"
"1758","38 - Lauderdale",42022,"2022","November","MS"
"1759","39 - Lawrence",8303,"2022","November","MS"
"1760","40 - Leake",13241,"2022","November","MS"
"1761","41 - Lee",50843,"2022","November","MS"
"1762","42 - Leflore",19230,"2022","November","MS"
"1763","43 - Lincoln",21433,"2022","November","MS"
"1764","44 - Lowndes",38159,"2022","November","MS"
"1765","45 - Madison",75074,"2022","November","MS"
"1766","46 - Marion",16029,"2022","November","MS"
"1767","47 - Marshall",24530,"2022","November","MS"
"1768","48 - Monroe",24018,"2022","November","MS"
"1769","49 - Montgomery",6239,"2022","November","MS"
"1770","50 - Neshoba",17046,"2022","November","MS"
"1771","51 - Newton",13136,"2022","November","MS"
"1772","52 - Noxubee",7489,"2022","November","MS"
"1773","53 - Oktibbeha",28068,"2022","November","MS"
"1774","54 - Panola",22157,"2022","November","MS"
"1775","55 - Pearl River",35969,"2022","November","MS"
"1776","56 - Perry",8412,"2022","November","MS"
"1777","57 - Pike",24751,"2022","November","MS"
"1778","58 - Pontotoc",20041,"2022","November","MS"
"1779","59 - Prentiss",14156,"2022","November","MS"
"1780","60 - Quitman",4503,"2022","November","MS"
"1781","61 - Rankin",96789,"2022","November","MS"
"1782","62 - Scott",14767,"2022","November","MS"
"1783","63 - Sharkey",3172,"2022","November","MS"
"1784","64 - Simpson",17243,"2022","November","MS"
"1785","65 - Smith",11185,"2022","November","MS"
"1786","66 - Stone",11066,"2022","November","MS"
"1787","67 - Sunflower",12694,"2022","November","MS"
"1788","68 - Tallahatchie",9731,"2022","November","MS"
"1789","69 - Tate",17887,"2022","November","MS"
"1790","70 - Tippah",13889,"2022","November","MS"
"1791","71 - Tishomingo",12862,"2022","November","MS"
"1792","72 - Tunica",6168,"2022","November","MS"
"1793","73 - Union",16427,"2022","November","MS"
"1794","74 - Walthall",10154,"2022","November","MS"
"1795","75 - Warren",26032,"2022","November","MS"
"1796","76 - Washington",27602,"2022","November","MS"
"1797","77 - Wayne",13296,"2022","November","MS"
"1798","78 - Webster",6504,"2022","November","MS"
"1799","79 - Wilkinson",6360,"2022","November","MS"
"1800","80 - Winston",12248,"2022","November","MS"
"1801","81 - Yalobusha",8010,"2022","November","MS"
"1802","82 - Yazoo",18961,"2022","November","MS"
"1803","01 - Adams",18719,"2022","October","MS"
"1804","02 - Alcorn",23549,"2022","October","MS"
"1805","03 - Amite",9596,"2022","October","MS"
"1806","04 - Attala",11210,"2022","October","MS"
"1807","05 - Benton",5811,"2022","October","MS"
"1808","06 - Bolivar",19261,"2022","October","MS"
"1809","07 - Calhoun",9120,"2022","October","MS"
"1810","08 - Carroll",7240,"2022","October","MS"
"1811","09 - Chickasaw",11413,"2022","October","MS"
"1812","10 - Choctaw",4850,"2022","October","MS"
"1813","11 - Claiborne",5918,"2022","October","MS"
"1814","12 - Clarke",11107,"2022","October","MS"
"1815","13 - Clay",13682,"2022","October","MS"
"1816","14 - Coahoma",14520,"2022","October","MS"
"1817","15 - Copiah",18131,"2022","October","MS"
"1818","16 - Covington",13859,"2022","October","MS"
"1819","17 - DeSoto",124983,"2022","October","MS"
"1820","18 - Forrest",45332,"2022","October","MS"
"1821","19 - Franklin",5772,"2022","October","MS"
"1822","20 - George",15063,"2022","October","MS"
"1823","21 - Greene",7547,"2022","October","MS"
"1824","22 - Grenada",14421,"2022","October","MS"
"1825","23 - Hancock",34654,"2022","October","MS"
"1826","24 - Harrison",142536,"2022","October","MS"
"1827","25 - Hinds",166790,"2022","October","MS"
"1828","26 - Holmes",12942,"2022","October","MS"
"1829","27 - Humphreys",6340,"2022","October","MS"
"1830","28 - Issaquena",850,"2022","October","MS"
"1831","29 - Itawamba",14930,"2022","October","MS"
"1832","30 - Jackson",85808,"2022","October","MS"
"1833","31 - Jasper",10960,"2022","October","MS"
"1834","32 - Jefferson",5616,"2022","October","MS"
"1835","33 - Jeff Davis",8308,"2022","October","MS"
"1836","34 - Jones",44626,"2022","October","MS"
"1837","35 - Kemper",7231,"2022","October","MS"
"1838","36 - Lafayette",32479,"2022","October","MS"
"1839","37 - Lamar",36669,"2022","October","MS"
"1840","38 - Lauderdale",41913,"2022","October","MS"
"1841","39 - Lawrence",8222,"2022","October","MS"
"1842","40 - Leake",13239,"2022","October","MS"
"1843","41 - Lee",50617,"2022","October","MS"
"1844","42 - Leflore",19113,"2022","October","MS"
"1845","43 - Lincoln",21353,"2022","October","MS"
"1846","44 - Lowndes",37919,"2022","October","MS"
"1847","45 - Madison",74701,"2022","October","MS"
"1848","46 - Marion",16062,"2022","October","MS"
"1849","47 - Marshall",24417,"2022","October","MS"
"1850","48 - Monroe",23987,"2022","October","MS"
"1851","49 - Montgomery",6211,"2022","October","MS"
"1852","50 - Neshoba",17044,"2022","October","MS"
"1853","51 - Newton",13132,"2022","October","MS"
"1854","52 - Noxubee",7494,"2022","October","MS"
"1855","53 - Oktibbeha",27817,"2022","October","MS"
"1856","54 - Panola",22040,"2022","October","MS"
"1857","55 - Pearl River",35858,"2022","October","MS"
"1858","56 - Perry",8393,"2022","October","MS"
"1859","57 - Pike",24597,"2022","October","MS"
"1860","58 - Pontotoc",19942,"2022","October","MS"
"1861","59 - Prentiss",14191,"2022","October","MS"
"1862","60 - Quitman",4552,"2022","October","MS"
"1863","61 - Rankin",96608,"2022","October","MS"
"1864","62 - Scott",14728,"2022","October","MS"
"1865","63 - Sharkey",3176,"2022","October","MS"
"1866","64 - Simpson",17214,"2022","October","MS"
"1867","65 - Smith",11176,"2022","October","MS"
"1868","66 - Stone",11020,"2022","October","MS"
"1869","67 - Sunflower",12659,"2022","October","MS"
"1870","68 - Tallahatchie",9744,"2022","October","MS"
"1871","69 - Tate",17828,"2022","October","MS"
"1872","70 - Tippah",13819,"2022","October","MS"
"1873","71 - Tishomingo",12818,"2022","October","MS"
"1874","72 - Tunica",6167,"2022","October","MS"
"1875","73 - Union",16386,"2022","October","MS"
"1876","74 - Walthall",10125,"2022","October","MS"
"1877","75 - Warren",25788,"2022","October","MS"
"1878","76 - Washington",27370,"2022","October","MS"
"1879","77 - Wayne",13270,"2022","October","MS"
"1880","78 - Webster",6469,"2022","October","MS"
"1881","79 - Wilkinson",6297,"2022","October","MS"
"1882","80 - Winston",12247,"2022","October","MS"
"1883","81 - Yalobusha",7997,"2022","October","MS"
"1884","82 - Yazoo",18975,"2022","October","MS"
"1885","01 - Adams",18691,"2022","September","MS"
"1886","02 - Alcorn",23436,"2022","September","MS"
"1887","03 - Amite",9568,"2022","September","MS"
"1888","04 - Attala",11173,"2022","September","MS"
"1889","05 - Benton",5791,"2022","September","MS"
"1890","06 - Bolivar",19230,"2022","September","MS"
"1891","07 - Calhoun",9107,"2022","September","MS"
"1892","08 - Carroll",7237,"2022","September","MS"
"1893","09 - Chickasaw",11394,"2022","September","MS"
"1894","10 - Choctaw",4826,"2022","September","MS"
"1895","11 - Claiborne",5926,"2022","September","MS"
"1896","12 - Clarke",11065,"2022","September","MS"
"1897","13 - Clay",13671,"2022","September","MS"
"1898","14 - Coahoma",14483,"2022","September","MS"
"1899","15 - Copiah",18125,"2022","September","MS"
"1900","16 - Covington",13819,"2022","September","MS"
"1901","17 - DeSoto",124441,"2022","September","MS"
"1902","18 - Forrest",45078,"2022","September","MS"
"1903","19 - Franklin",5758,"2022","September","MS"
"1904","20 - George",15068,"2022","September","MS"
"1905","21 - Greene",7513,"2022","September","MS"
"1906","22 - Grenada",14409,"2022","September","MS"
"1907","23 - Hancock",34714,"2022","September","MS"
"1908","24 - Harrison",142331,"2022","September","MS"
"1909","25 - Hinds",166582,"2022","September","MS"
"1910","26 - Holmes",12943,"2022","September","MS"
"1911","27 - Humphreys",6306,"2022","September","MS"
"1912","28 - Issaquena",838,"2022","September","MS"
"1913","29 - Itawamba",14922,"2022","September","MS"
"1914","30 - Jackson",85363,"2022","September","MS"
"1915","31 - Jasper",10939,"2022","September","MS"
"1916","32 - Jefferson",5592,"2022","September","MS"
"1917","33 - Jeff Davis",8254,"2022","September","MS"
"1918","34 - Jones",44602,"2022","September","MS"
"1919","35 - Kemper",7255,"2022","September","MS"
"1920","36 - Lafayette",32324,"2022","September","MS"
"1921","37 - Lamar",36564,"2022","September","MS"
"1922","38 - Lauderdale",41878,"2022","September","MS"
"1923","39 - Lawrence",8208,"2022","September","MS"
"1924","40 - Leake",13247,"2022","September","MS"
"1925","41 - Lee",50529,"2022","September","MS"
"1926","42 - Leflore",18953,"2022","September","MS"
"1927","43 - Lincoln",21270,"2022","September","MS"
"1928","44 - Lowndes",37846,"2022","September","MS"
"1929","45 - Madison",74208,"2022","September","MS"
"1930","46 - Marion",16038,"2022","September","MS"
"1931","47 - Marshall",24299,"2022","September","MS"
"1932","48 - Monroe",23937,"2022","September","MS"
"1933","49 - Montgomery",6201,"2022","September","MS"
"1934","50 - Neshoba",17067,"2022","September","MS"
"1935","51 - Newton",13100,"2022","September","MS"
"1936","52 - Noxubee",7473,"2022","September","MS"
"1937","53 - Oktibbeha",27536,"2022","September","MS"
"1938","54 - Panola",22001,"2022","September","MS"
"1939","55 - Pearl River",35696,"2022","September","MS"
"1940","56 - Perry",8427,"2022","September","MS"
"1941","57 - Pike",24490,"2022","September","MS"
"1942","58 - Pontotoc",19908,"2022","September","MS"
"1943","59 - Prentiss",14048,"2022","September","MS"
"1944","60 - Quitman",4568,"2022","September","MS"
"1945","61 - Rankin",96216,"2022","September","MS"
"1946","62 - Scott",14731,"2022","September","MS"
"1947","63 - Sharkey",3173,"2022","September","MS"
"1948","64 - Simpson",17089,"2022","September","MS"
"1949","65 - Smith",11184,"2022","September","MS"
"1950","66 - Stone",10951,"2022","September","MS"
"1951","67 - Sunflower",12647,"2022","September","MS"
"1952","68 - Tallahatchie",9720,"2022","September","MS"
"1953","69 - Tate",17740,"2022","September","MS"
"1954","70 - Tippah",13797,"2022","September","MS"
"1955","71 - Tishomingo",12773,"2022","September","MS"
"1956","72 - Tunica",6187,"2022","September","MS"
"1957","73 - Union",16322,"2022","September","MS"
"1958","74 - Walthall",10142,"2022","September","MS"
"1959","75 - Warren",25668,"2022","September","MS"
"1960","76 - Washington",27351,"2022","September","MS"
"1961","77 - Wayne",13276,"2022","September","MS"
"1962","78 - Webster",6457,"2022","September","MS"
"1963","79 - Wilkinson",6287,"2022","September","MS"
"1964","80 - Winston",12275,"2022","September","MS"
"1965","81 - Yalobusha",7967,"2022","September","MS"
"1966","82 - Yazoo",18955,"2022","September","MS"
"1967","01 - Adams",18428,"2023","April","MS"
"1968","02 - Alcorn",23359,"2023","April","MS"
"1969","03 - Amite",9559,"2023","April","MS"
"1970","04 - Attala",11078,"2023","April","MS"
"1971","05 - Benton",5858,"2023","April","MS"
"1972","06 - Bolivar",19291,"2023","April","MS"
"1973","07 - Calhoun",9048,"2023","April","MS"
"1974","08 - Carroll",7223,"2023","April","MS"
"1975","09 - Chickasaw",11108,"2023","April","MS"
"1976","10 - Choctaw",4860,"2023","April","MS"
"1977","11 - Claiborne",5880,"2023","April","MS"
"1978","12 - Clarke",11207,"2023","April","MS"
"1979","13 - Clay",13618,"2023","April","MS"
"1980","14 - Coahoma",14120,"2023","April","MS"
"1981","15 - Copiah",18183,"2023","April","MS"
"1982","16 - Covington",13866,"2023","April","MS"
"1983","17 - DeSoto",127404,"2023","April","MS"
"1984","18 - Forrest",43561,"2023","April","MS"
"1985","19 - Franklin",5725,"2023","April","MS"
"1986","20 - George",15215,"2023","April","MS"
"1987","21 - Greene",7577,"2023","April","MS"
"1988","22 - Grenada",14278,"2023","April","MS"
"1989","23 - Hancock",34676,"2023","April","MS"
"1990","24 - Harrison",143923,"2023","April","MS"
"1991","25 - Hinds",165083,"2023","April","MS"
"1992","26 - Holmes",12887,"2023","April","MS"
"1993","27 - Humphreys",6388,"2023","April","MS"
"1994","28 - Issaquena",842,"2023","April","MS"
"1995","29 - Itawamba",14988,"2023","April","MS"
"1996","30 - Jackson",86592,"2023","April","MS"
"1997","31 - Jasper",10668,"2023","April","MS"
"1998","32 - Jefferson",5625,"2023","April","MS"
"1999","33 - Jeff Davis",8216,"2023","April","MS"
"2000","34 - Jones",44529,"2023","April","MS"
"2001","35 - Kemper",6925,"2023","April","MS"
"2002","36 - Lafayette",32672,"2023","April","MS"
"2003","37 - Lamar",36688,"2023","April","MS"
"2004","38 - Lauderdale",41595,"2023","April","MS"
"2005","39 - Lawrence",8247,"2023","April","MS"
"2006","40 - Leake",12991,"2023","April","MS"
"2007","41 - Lee",51055,"2023","April","MS"
"2008","42 - Leflore",18525,"2023","April","MS"
"2009","43 - Lincoln",20738,"2023","April","MS"
"2010","44 - Lowndes",37703,"2023","April","MS"
"2011","45 - Madison",75123,"2023","April","MS"
"2012","46 - Marion",15930,"2023","April","MS"
"2013","47 - Marshall",24588,"2023","April","MS"
"2014","48 - Monroe",24039,"2023","April","MS"
"2015","49 - Montgomery",6192,"2023","April","MS"
"2016","50 - Neshoba",17053,"2023","April","MS"
"2017","51 - Newton",12833,"2023","April","MS"
"2018","52 - Noxubee",7470,"2023","April","MS"
"2019","53 - Oktibbeha",27522,"2023","April","MS"
"2020","54 - Panola",22167,"2023","April","MS"
"2021","55 - Pearl River",35593,"2023","April","MS"
"2022","56 - Perry",8378,"2023","April","MS"
"2023","57 - Pike",24275,"2023","April","MS"
"2024","58 - Pontotoc",20232,"2023","April","MS"
"2025","59 - Prentiss",14195,"2023","April","MS"
"2026","60 - Quitman",4424,"2023","April","MS"
"2027","61 - Rankin",95812,"2023","April","MS"
"2028","62 - Scott",14449,"2023","April","MS"
"2029","63 - Sharkey",3150,"2023","April","MS"
"2030","64 - Simpson",16914,"2023","April","MS"
"2031","65 - Smith",11113,"2023","April","MS"
"2032","66 - Stone",11147,"2023","April","MS"
"2033","67 - Sunflower",12012,"2023","April","MS"
"2034","68 - Tallahatchie",9651,"2023","April","MS"
"2035","69 - Tate",17857,"2023","April","MS"
"2036","70 - Tippah",13881,"2023","April","MS"
"2037","71 - Tishomingo",12776,"2023","April","MS"
"2038","72 - Tunica",6052,"2023","April","MS"
"2039","73 - Union",16591,"2023","April","MS"
"2040","74 - Walthall",10134,"2023","April","MS"
"2041","75 - Warren",24603,"2023","April","MS"
"2042","76 - Washington",27068,"2023","April","MS"
"2043","77 - Wayne",13223,"2023","April","MS"
"2044","78 - Webster",6342,"2023","April","MS"
"2045","79 - Wilkinson",6366,"2023","April","MS"
"2046","80 - Winston",11052,"2023","April","MS"
"2047","81 - Yalobusha",8003,"2023","April","MS"
"2048","82 - Yazoo",18861,"2023","April","MS"
"2049","01 - Adams",18316,"2023","August","MS"
"2050","02 - Alcorn",23655,"2023","August","MS"
"2051","03 - Amite",9593,"2023","August","MS"
"2052","04 - Attala",11186,"2023","August","MS"
"2053","05 - Benton",5990,"2023","August","MS"
"2054","06 - Bolivar",18691,"2023","August","MS"
"2055","07 - Calhoun",8977,"2023","August","MS"
"2056","08 - Carroll",7303,"2023","August","MS"
"2057","09 - Chickasaw",11131,"2023","August","MS"
"2058","10 - Choctaw",4914,"2023","August","MS"
"2059","11 - Claiborne",5938,"2023","August","MS"
"2060","12 - Clarke",11276,"2023","August","MS"
"2061","13 - Clay",13574,"2023","August","MS"
"2062","14 - Coahoma",13914,"2023","August","MS"
"2063","15 - Copiah",18365,"2023","August","MS"
"2064","16 - Covington",13961,"2023","August","MS"
"2065","17 - DeSoto",124443,"2023","August","MS"
"2066","18 - Forrest",42979,"2023","August","MS"
"2067","19 - Franklin",5779,"2023","August","MS"
"2068","20 - George",15467,"2023","August","MS"
"2069","21 - Greene",7631,"2023","August","MS"
"2070","22 - Grenada",13413,"2023","August","MS"
"2071","23 - Hancock",34818,"2023","August","MS"
"2072","24 - Harrison",145049,"2023","August","MS"
"2073","25 - Hinds",165096,"2023","August","MS"
"2074","26 - Holmes",12951,"2023","August","MS"
"2075","27 - Humphreys",6513,"2023","August","MS"
"2076","28 - Issaquena",849,"2023","August","MS"
"2077","29 - Itawamba",15077,"2023","August","MS"
"2078","30 - Jackson",88043,"2023","August","MS"
"2079","31 - Jasper",10712,"2023","August","MS"
"2080","32 - Jefferson",5666,"2023","August","MS"
"2081","33 - Jeff Davis",8331,"2023","August","MS"
"2082","34 - Jones",44256,"2023","August","MS"
"2083","35 - Kemper",7015,"2023","August","MS"
"2084","36 - Lafayette",32994,"2023","August","MS"
"2085","37 - Lamar",36910,"2023","August","MS"
"2086","38 - Lauderdale",41296,"2023","August","MS"
"2087","39 - Lawrence",8356,"2023","August","MS"
"2088","40 - Leake",13056,"2023","August","MS"
"2089","41 - Lee",49775,"2023","August","MS"
"2090","42 - Leflore",18901,"2023","August","MS"
"2091","43 - Lincoln",21084,"2023","August","MS"
"2092","44 - Lowndes",37912,"2023","August","MS"
"2093","45 - Madison",74776,"2023","August","MS"
"2094","46 - Marion",15850,"2023","August","MS"
"2095","47 - Marshall",24658,"2023","August","MS"
"2096","48 - Monroe",23941,"2023","August","MS"
"2097","49 - Montgomery",6193,"2023","August","MS"
"2098","50 - Neshoba",17020,"2023","August","MS"
"2099","51 - Newton",12944,"2023","August","MS"
"2100","52 - Noxubee",7426,"2023","August","MS"
"2101","53 - Oktibbeha",26752,"2023","August","MS"
"2102","54 - Panola",22329,"2023","August","MS"
"2103","55 - Pearl River",36043,"2023","August","MS"
"2104","56 - Perry",8449,"2023","August","MS"
"2105","57 - Pike",24463,"2023","August","MS"
"2106","58 - Pontotoc",20373,"2023","August","MS"
"2107","59 - Prentiss",14268,"2023","August","MS"
"2108","60 - Quitman",4593,"2023","August","MS"
"2109","61 - Rankin",96208,"2023","August","MS"
"2110","62 - Scott",14577,"2023","August","MS"
"2111","63 - Sharkey",3156,"2023","August","MS"
"2112","64 - Simpson",16867,"2023","August","MS"
"2113","65 - Smith",11069,"2023","August","MS"
"2114","66 - Stone",10917,"2023","August","MS"
"2115","67 - Sunflower",12055,"2023","August","MS"
"2116","68 - Tallahatchie",9564,"2023","August","MS"
"2117","69 - Tate",18245,"2023","August","MS"
"2118","70 - Tippah",13951,"2023","August","MS"
"2119","71 - Tishomingo",12989,"2023","August","MS"
"2120","72 - Tunica",5911,"2023","August","MS"
"2121","73 - Union",16684,"2023","August","MS"
"2122","74 - Walthall",10297,"2023","August","MS"
"2123","75 - Warren",24743,"2023","August","MS"
"2124","76 - Washington",27051,"2023","August","MS"
"2125","77 - Wayne",13292,"2023","August","MS"
"2126","78 - Webster",6402,"2023","August","MS"
"2127","79 - Wilkinson",6440,"2023","August","MS"
"2128","80 - Winston",11271,"2023","August","MS"
"2129","81 - Yalobusha",7950,"2023","August","MS"
"2130","82 - Yazoo",18842,"2023","August","MS"
"2131","01 - Adams",18309,"2023","December","MS"
"2132","02 - Alcorn",23733,"2023","December","MS"
"2133","03 - Amite",9639,"2023","December","MS"
"2134","04 - Attala",11199,"2023","December","MS"
"2135","05 - Benton",6058,"2023","December","MS"
"2136","06 - Bolivar",18862,"2023","December","MS"
"2137","07 - Calhoun",9018,"2023","December","MS"
"2138","08 - Carroll",7286,"2023","December","MS"
"2139","09 - Chickasaw",11209,"2023","December","MS"
"2140","10 - Choctaw",4955,"2023","December","MS"
"2141","11 - Claiborne",6202,"2023","December","MS"
"2142","12 - Clarke",11253,"2023","December","MS"
"2143","13 - Clay",13453,"2023","December","MS"
"2144","14 - Coahoma",13743,"2023","December","MS"
"2145","15 - Copiah",18496,"2023","December","MS"
"2146","16 - Covington",14066,"2023","December","MS"
"2147","17 - DeSoto",123507,"2023","December","MS"
"2148","18 - Forrest",43178,"2023","December","MS"
"2149","19 - Franklin",5794,"2023","December","MS"
"2150","20 - George",15509,"2023","December","MS"
"2151","21 - Greene",7734,"2023","December","MS"
"2152","22 - Grenada",13611,"2023","December","MS"
"2153","23 - Hancock",35147,"2023","December","MS"
"2154","24 - Harrison",146378,"2023","December","MS"
"2155","25 - Hinds",165781,"2023","December","MS"
"2156","26 - Holmes",12960,"2023","December","MS"
"2157","27 - Humphreys",6517,"2023","December","MS"
"2158","28 - Issaquena",840,"2023","December","MS"
"2159","29 - Itawamba",15122,"2023","December","MS"
"2160","30 - Jackson",88410,"2023","December","MS"
"2161","31 - Jasper",10776,"2023","December","MS"
"2162","32 - Jefferson",5721,"2023","December","MS"
"2163","33 - Jeff Davis",8323,"2023","December","MS"
"2164","34 - Jones",44453,"2023","December","MS"
"2165","35 - Kemper",7051,"2023","December","MS"
"2166","36 - Lafayette",33282,"2023","December","MS"
"2167","37 - Lamar",37528,"2023","December","MS"
"2168","38 - Lauderdale",40975,"2023","December","MS"
"2169","39 - Lawrence",8222,"2023","December","MS"
"2170","40 - Leake",13032,"2023","December","MS"
"2171","41 - Lee",50522,"2023","December","MS"
"2172","42 - Leflore",18926,"2023","December","MS"
"2173","43 - Lincoln",21258,"2023","December","MS"
"2174","44 - Lowndes",38205,"2023","December","MS"
"2175","45 - Madison",75219,"2023","December","MS"
"2176","46 - Marion",15918,"2023","December","MS"
"2177","47 - Marshall",24850,"2023","December","MS"
"2178","48 - Monroe",24023,"2023","December","MS"
"2179","49 - Montgomery",6192,"2023","December","MS"
"2180","50 - Neshoba",17031,"2023","December","MS"
"2181","51 - Newton",12974,"2023","December","MS"
"2182","52 - Noxubee",7438,"2023","December","MS"
"2183","53 - Oktibbeha",27364,"2023","December","MS"
"2184","54 - Panola",22455,"2023","December","MS"
"2185","55 - Pearl River",36548,"2023","December","MS"
"2186","56 - Perry",8399,"2023","December","MS"
"2187","57 - Pike",24287,"2023","December","MS"
"2188","58 - Pontotoc",20648,"2023","December","MS"
"2189","59 - Prentiss",14480,"2023","December","MS"
"2190","60 - Quitman",4550,"2023","December","MS"
"2191","61 - Rankin",97392,"2023","December","MS"
"2192","62 - Scott",14760,"2023","December","MS"
"2193","63 - Sharkey",3040,"2023","December","MS"
"2194","64 - Simpson",16939,"2023","December","MS"
"2195","65 - Smith",11076,"2023","December","MS"
"2196","66 - Stone",10974,"2023","December","MS"
"2197","67 - Sunflower",11944,"2023","December","MS"
"2198","68 - Tallahatchie",9548,"2023","December","MS"
"2199","69 - Tate",18390,"2023","December","MS"
"2200","70 - Tippah",13943,"2023","December","MS"
"2201","71 - Tishomingo",13127,"2023","December","MS"
"2202","72 - Tunica",5969,"2023","December","MS"
"2203","73 - Union",16842,"2023","December","MS"
"2204","74 - Walthall",10367,"2023","December","MS"
"2205","75 - Warren",25121,"2023","December","MS"
"2206","76 - Washington",26959,"2023","December","MS"
"2207","77 - Wayne",13389,"2023","December","MS"
"2208","78 - Webster",6434,"2023","December","MS"
"2209","79 - Wilkinson",6466,"2023","December","MS"
"2210","80 - Winston",11310,"2023","December","MS"
"2211","81 - Yalobusha",8061,"2023","December","MS"
"2212","82 - Yazoo",18936,"2023","December","MS"
"2213","01 - Adams",18454,"2023","February","MS"
"2214","02 - Alcorn",23386,"2023","February","MS"
"2215","03 - Amite",9581,"2023","February","MS"
"2216","04 - Attala",11128,"2023","February","MS"
"2217","05 - Benton",5850,"2023","February","MS"
"2218","06 - Bolivar",19252,"2023","February","MS"
"2219","07 - Calhoun",9095,"2023","February","MS"
"2220","08 - Carroll",7199,"2023","February","MS"
"2221","09 - Chickasaw",11141,"2023","February","MS"
"2222","10 - Choctaw",4876,"2023","February","MS"
"2223","11 - Claiborne",5866,"2023","February","MS"
"2224","12 - Clarke",11166,"2023","February","MS"
"2225","13 - Clay",13720,"2023","February","MS"
"2226","14 - Coahoma",14388,"2023","February","MS"
"2227","15 - Copiah",18226,"2023","February","MS"
"2228","16 - Covington",13865,"2023","February","MS"
"2229","17 - DeSoto",126613,"2023","February","MS"
"2230","18 - Forrest",44275,"2023","February","MS"
"2231","19 - Franklin",5738,"2023","February","MS"
"2232","20 - George",15191,"2023","February","MS"
"2233","21 - Greene",7478,"2023","February","MS"
"2234","22 - Grenada",14496,"2023","February","MS"
"2235","23 - Hancock",34652,"2023","February","MS"
"2236","24 - Harrison",143188,"2023","February","MS"
"2237","25 - Hinds",165732,"2023","February","MS"
"2238","26 - Holmes",12892,"2023","February","MS"
"2239","27 - Humphreys",6369,"2023","February","MS"
"2240","28 - Issaquena",844,"2023","February","MS"
"2241","29 - Itawamba",14949,"2023","February","MS"
"2242","30 - Jackson",86426,"2023","February","MS"
"2243","31 - Jasper",10661,"2023","February","MS"
"2244","32 - Jefferson",5598,"2023","February","MS"
"2245","33 - Jeff Davis",8229,"2023","February","MS"
"2246","34 - Jones",44536,"2023","February","MS"
"2247","35 - Kemper",7156,"2023","February","MS"
"2248","36 - Lafayette",32728,"2023","February","MS"
"2249","37 - Lamar",36664,"2023","February","MS"
"2250","38 - Lauderdale",41730,"2023","February","MS"
"2251","39 - Lawrence",8272,"2023","February","MS"
"2252","40 - Leake",12984,"2023","February","MS"
"2253","41 - Lee",50929,"2023","February","MS"
"2254","42 - Leflore",18669,"2023","February","MS"
"2255","43 - Lincoln",21282,"2023","February","MS"
"2256","44 - Lowndes",38175,"2023","February","MS"
"2257","45 - Madison",75066,"2023","February","MS"
"2258","46 - Marion",15976,"2023","February","MS"
"2259","47 - Marshall",24567,"2023","February","MS"
"2260","48 - Monroe",24010,"2023","February","MS"
"2261","49 - Montgomery",6219,"2023","February","MS"
"2262","50 - Neshoba",17028,"2023","February","MS"
"2263","51 - Newton",12788,"2023","February","MS"
"2264","52 - Noxubee",7503,"2023","February","MS"
"2265","53 - Oktibbeha",27822,"2023","February","MS"
"2266","54 - Panola",22062,"2023","February","MS"
"2267","55 - Pearl River",35826,"2023","February","MS"
"2268","56 - Perry",8356,"2023","February","MS"
"2269","57 - Pike",24395,"2023","February","MS"
"2270","58 - Pontotoc",20149,"2023","February","MS"
"2271","59 - Prentiss",14102,"2023","February","MS"
"2272","60 - Quitman",4496,"2023","February","MS"
"2273","61 - Rankin",95772,"2023","February","MS"
"2274","62 - Scott",14693,"2023","February","MS"
"2275","63 - Sharkey",3155,"2023","February","MS"
"2276","64 - Simpson",17083,"2023","February","MS"
"2277","65 - Smith",11145,"2023","February","MS"
"2278","66 - Stone",11043,"2023","February","MS"
"2279","67 - Sunflower",12492,"2023","February","MS"
"2280","68 - Tallahatchie",9680,"2023","February","MS"
"2281","69 - Tate",17884,"2023","February","MS"
"2282","70 - Tippah",13877,"2023","February","MS"
"2283","71 - Tishomingo",12886,"2023","February","MS"
"2284","72 - Tunica",6162,"2023","February","MS"
"2285","73 - Union",16523,"2023","February","MS"
"2286","74 - Walthall",10131,"2023","February","MS"
"2287","75 - Warren",25437,"2023","February","MS"
"2288","76 - Washington",27200,"2023","February","MS"
"2289","77 - Wayne",13164,"2023","February","MS"
"2290","78 - Webster",6496,"2023","February","MS"
"2291","79 - Wilkinson",6358,"2023","February","MS"
"2292","80 - Winston",12239,"2023","February","MS"
"2293","81 - Yalobusha",8013,"2023","February","MS"
"2294","82 - Yazoo",18871,"2023","February","MS"
"2295","01 - Adams",18533,"2023","January","MS"
"2296","02 - Alcorn",23384,"2023","January","MS"
"2297","03 - Amite",9573,"2023","January","MS"
"2298","04 - Attala",11155,"2023","January","MS"
"2299","05 - Benton",5837,"2023","January","MS"
"2300","06 - Bolivar",19243,"2023","January","MS"
"2301","07 - Calhoun",9093,"2023","January","MS"
"2302","08 - Carroll",7195,"2023","January","MS"
"2303","09 - Chickasaw",11274,"2023","January","MS"
"2304","10 - Choctaw",4881,"2023","January","MS"
"2305","11 - Claiborne",5840,"2023","January","MS"
"2306","12 - Clarke",11144,"2023","January","MS"
"2307","13 - Clay",13691,"2023","January","MS"
"2308","14 - Coahoma",14405,"2023","January","MS"
"2309","15 - Copiah",18271,"2023","January","MS"
"2310","16 - Covington",13870,"2023","January","MS"
"2311","17 - DeSoto",126256,"2023","January","MS"
"2312","18 - Forrest",45064,"2023","January","MS"
"2313","19 - Franklin",5771,"2023","January","MS"
"2314","20 - George",15204,"2023","January","MS"
"2315","21 - Greene",7485,"2023","January","MS"
"2316","22 - Grenada",14489,"2023","January","MS"
"2317","23 - Hancock",34679,"2023","January","MS"
"2318","24 - Harrison",143037,"2023","January","MS"
"2319","25 - Hinds",165970,"2023","January","MS"
"2320","26 - Holmes",12901,"2023","January","MS"
"2321","27 - Humphreys",6392,"2023","January","MS"
"2322","28 - Issaquena",846,"2023","January","MS"
"2323","29 - Itawamba",14960,"2023","January","MS"
"2324","30 - Jackson",86348,"2023","January","MS"
"2325","31 - Jasper",10706,"2023","January","MS"
"2326","32 - Jefferson",5596,"2023","January","MS"
"2327","33 - Jeff Davis",8275,"2023","January","MS"
"2328","34 - Jones",44587,"2023","January","MS"
"2329","35 - Kemper",7171,"2023","January","MS"
"2330","36 - Lafayette",32617,"2023","January","MS"
"2331","37 - Lamar",36867,"2023","January","MS"
"2332","38 - Lauderdale",41783,"2023","January","MS"
"2333","39 - Lawrence",8284,"2023","January","MS"
"2334","40 - Leake",13050,"2023","January","MS"
"2335","41 - Lee",50914,"2023","January","MS"
"2336","42 - Leflore",18875,"2023","January","MS"
"2337","43 - Lincoln",21302,"2023","January","MS"
"2338","44 - Lowndes",38122,"2023","January","MS"
"2339","45 - Madison",74965,"2023","January","MS"
"2340","46 - Marion",15979,"2023","January","MS"
"2341","47 - Marshall",24551,"2023","January","MS"
"2342","48 - Monroe",24006,"2023","January","MS"
"2343","49 - Montgomery",6230,"2023","January","MS"
"2344","50 - Neshoba",16971,"2023","January","MS"
"2345","51 - Newton",12814,"2023","January","MS"
"2346","52 - Noxubee",7504,"2023","January","MS"
"2347","53 - Oktibbeha",28076,"2023","January","MS"
"2348","54 - Panola",22049,"2023","January","MS"
"2349","55 - Pearl River",36056,"2023","January","MS"
"2350","56 - Perry",8388,"2023","January","MS"
"2351","57 - Pike",24584,"2023","January","MS"
"2352","58 - Pontotoc",20075,"2023","January","MS"
"2353","59 - Prentiss",14109,"2023","January","MS"
"2354","60 - Quitman",4501,"2023","January","MS"
"2355","61 - Rankin",95847,"2023","January","MS"
"2356","62 - Scott",14731,"2023","January","MS"
"2357","63 - Sharkey",3154,"2023","January","MS"
"2358","64 - Simpson",17118,"2023","January","MS"
"2359","65 - Smith",11173,"2023","January","MS"
"2360","66 - Stone",11054,"2023","January","MS"
"2361","67 - Sunflower",12627,"2023","January","MS"
"2362","68 - Tallahatchie",9689,"2023","January","MS"
"2363","69 - Tate",17877,"2023","January","MS"
"2364","70 - Tippah",13878,"2023","January","MS"
"2365","71 - Tishomingo",12837,"2023","January","MS"
"2366","72 - Tunica",6151,"2023","January","MS"
"2367","73 - Union",16508,"2023","January","MS"
"2368","74 - Walthall",10128,"2023","January","MS"
"2369","75 - Warren",25760,"2023","January","MS"
"2370","76 - Washington",27269,"2023","January","MS"
"2371","77 - Wayne",13211,"2023","January","MS"
"2372","78 - Webster",6492,"2023","January","MS"
"2373","79 - Wilkinson",6380,"2023","January","MS"
"2374","80 - Winston",12232,"2023","January","MS"
"2375","81 - Yalobusha",8007,"2023","January","MS"
"2376","82 - Yazoo",18882,"2023","January","MS"
"2377","01 - Adams",18917,"2023","July","MS"
"2378","02 - Alcorn",23592,"2023","July","MS"
"2379","03 - Amite",9641,"2023","July","MS"
"2380","04 - Attala",11248,"2023","July","MS"
"2381","05 - Benton",5792,"2023","July","MS"
"2382","06 - Bolivar",19137,"2023","July","MS"
"2383","07 - Calhoun",9152,"2023","July","MS"
"2384","08 - Carroll",7178,"2023","July","MS"
"2385","09 - Chickasaw",11380,"2023","July","MS"
"2386","10 - Choctaw",4787,"2023","July","MS"
"2387","11 - Claiborne",6050,"2023","July","MS"
"2388","12 - Clarke",11055,"2023","July","MS"
"2389","13 - Clay",13674,"2023","July","MS"
"2390","14 - Coahoma",14498,"2023","July","MS"
"2391","15 - Copiah",18180,"2023","July","MS"
"2392","16 - Covington",13872,"2023","July","MS"
"2393","17 - DeSoto",123119,"2023","July","MS"
"2394","18 - Forrest",46161,"2023","July","MS"
"2395","19 - Franklin",5756,"2023","July","MS"
"2396","20 - George",15095,"2023","July","MS"
"2397","21 - Greene",7506,"2023","July","MS"
"2398","22 - Grenada",14526,"2023","July","MS"
"2399","23 - Hancock",34855,"2023","July","MS"
"2400","24 - Harrison",141022,"2023","July","MS"
"2401","25 - Hinds",166179,"2023","July","MS"
"2402","26 - Holmes",12942,"2023","July","MS"
"2403","27 - Humphreys",6280,"2023","July","MS"
"2404","28 - Issaquena",872,"2023","July","MS"
"2405","29 - Itawamba",14867,"2023","July","MS"
"2406","30 - Jackson",87585,"2023","July","MS"
"2407","31 - Jasper",10689,"2023","July","MS"
"2408","32 - Jefferson",5646,"2023","July","MS"
"2409","33 - Jeff Davis",8292,"2023","July","MS"
"2410","34 - Jones",44165,"2023","July","MS"
"2411","35 - Kemper",6941,"2023","July","MS"
"2412","36 - Lafayette",32823,"2023","July","MS"
"2413","37 - Lamar",36659,"2023","July","MS"
"2414","38 - Lauderdale",41100,"2023","July","MS"
"2415","39 - Lawrence",8360,"2023","July","MS"
"2416","40 - Leake",13044,"2023","July","MS"
"2417","41 - Lee",49709,"2023","July","MS"
"2418","42 - Leflore",18797,"2023","July","MS"
"2419","43 - Lincoln",20935,"2023","July","MS"
"2420","44 - Lowndes",37761,"2023","July","MS"
"2421","45 - Madison",74927,"2023","July","MS"
"2422","46 - Marion",15799,"2023","July","MS"
"2423","47 - Marshall",24612,"2023","July","MS"
"2424","48 - Monroe",23889,"2023","July","MS"
"2425","49 - Montgomery",6166,"2023","July","MS"
"2426","50 - Neshoba",16989,"2023","July","MS"
"2427","51 - Newton",12941,"2023","July","MS"
"2428","52 - Noxubee",7383,"2023","July","MS"
"2429","53 - Oktibbeha",26641,"2023","July","MS"
"2430","54 - Panola",22241,"2023","July","MS"
"2431","55 - Pearl River",35816,"2023","July","MS"
"2432","56 - Perry",8425,"2023","July","MS"
"2433","57 - Pike",24365,"2023","July","MS"
"2434","58 - Pontotoc",20214,"2023","July","MS"
"2435","59 - Prentiss",14209,"2023","July","MS"
"2436","60 - Quitman",4588,"2023","July","MS"
"2437","61 - Rankin",95629,"2023","July","MS"
"2438","62 - Scott",14498,"2023","July","MS"
"2439","63 - Sharkey",3180,"2023","July","MS"
"2440","64 - Simpson",16899,"2023","July","MS"
"2441","65 - Smith",11095,"2023","July","MS"
"2442","66 - Stone",10791,"2023","July","MS"
"2443","67 - Sunflower",12008,"2023","July","MS"
"2444","68 - Tallahatchie",9549,"2023","July","MS"
"2445","69 - Tate",18137,"2023","July","MS"
"2446","70 - Tippah",13895,"2023","July","MS"
"2447","71 - Tishomingo",12923,"2023","July","MS"
"2448","72 - Tunica",5887,"2023","July","MS"
"2449","73 - Union",16600,"2023","July","MS"
"2450","74 - Walthall",10250,"2023","July","MS"
"2451","75 - Warren",24562,"2023","July","MS"
"2452","76 - Washington",26979,"2023","July","MS"
"2453","77 - Wayne",13266,"2023","July","MS"
"2454","78 - Webster",6366,"2023","July","MS"
"2455","79 - Wilkinson",6418,"2023","July","MS"
"2456","80 - Winston",11156,"2023","July","MS"
"2457","81 - Yalobusha",7926,"2023","July","MS"
"2458","82 - Yazoo",18857,"2023","July","MS"
"2459","01 - Adams",18248,"2023","June","MS"
"2460","02 - Alcorn",23440,"2023","June","MS"
"2461","03 - Amite",9560,"2023","June","MS"
"2462","04 - Attala",11082,"2023","June","MS"
"2463","05 - Benton",5924,"2023","June","MS"
"2464","06 - Bolivar",18579,"2023","June","MS"
"2465","07 - Calhoun",8970,"2023","June","MS"
"2466","08 - Carroll",7291,"2023","June","MS"
"2467","09 - Chickasaw",11059,"2023","June","MS"
"2468","10 - Choctaw",4878,"2023","June","MS"
"2469","11 - Claiborne",5819,"2023","June","MS"
"2470","12 - Clarke",11243,"2023","June","MS"
"2471","13 - Clay",13514,"2023","June","MS"
"2472","14 - Coahoma",13898,"2023","June","MS"
"2473","15 - Copiah",18304,"2023","June","MS"
"2474","16 - Covington",13880,"2023","June","MS"
"2475","17 - DeSoto",125864,"2023","June","MS"
"2476","18 - Forrest",42690,"2023","June","MS"
"2477","19 - Franklin",5714,"2023","June","MS"
"2478","20 - George",15291,"2023","June","MS"
"2479","21 - Greene",7580,"2023","June","MS"
"2480","22 - Grenada",13326,"2023","June","MS"
"2481","23 - Hancock",34585,"2023","June","MS"
"2482","24 - Harrison",143909,"2023","June","MS"
"2483","25 - Hinds",164893,"2023","June","MS"
"2484","26 - Holmes",12909,"2023","June","MS"
"2485","27 - Humphreys",6443,"2023","June","MS"
"2486","28 - Issaquena",847,"2023","June","MS"
"2487","29 - Itawamba",14941,"2023","June","MS"
"2488","30 - Jackson",86955,"2023","June","MS"
"2489","31 - Jasper",10659,"2023","June","MS"
"2490","32 - Jefferson",5620,"2023","June","MS"
"2491","33 - Jeff Davis",8237,"2023","June","MS"
"2492","34 - Jones",44329,"2023","June","MS"
"2493","35 - Kemper",6851,"2023","June","MS"
"2494","36 - Lafayette",32726,"2023","June","MS"
"2495","37 - Lamar",36644,"2023","June","MS"
"2496","38 - Lauderdale",41389,"2023","June","MS"
"2497","39 - Lawrence",8299,"2023","June","MS"
"2498","40 - Leake",13042,"2023","June","MS"
"2499","41 - Lee",50806,"2023","June","MS"
"2500","42 - Leflore",18671,"2023","June","MS"
"2501","43 - Lincoln",20814,"2023","June","MS"
"2502","44 - Lowndes",37622,"2023","June","MS"
"2503","45 - Madison",74838,"2023","June","MS"
"2504","46 - Marion",15783,"2023","June","MS"
"2505","47 - Marshall",24530,"2023","June","MS"
"2506","48 - Monroe",23922,"2023","June","MS"
"2507","49 - Montgomery",6142,"2023","June","MS"
"2508","50 - Neshoba",16961,"2023","June","MS"
"2509","51 - Newton",12920,"2023","June","MS"
"2510","52 - Noxubee",7376,"2023","June","MS"
"2511","53 - Oktibbeha",26577,"2023","June","MS"
"2512","54 - Panola",22041,"2023","June","MS"
"2513","55 - Pearl River",35708,"2023","June","MS"
"2514","56 - Perry",8358,"2023","June","MS"
"2515","57 - Pike",24310,"2023","June","MS"
"2516","58 - Pontotoc",20121,"2023","June","MS"
"2517","59 - Prentiss",14159,"2023","June","MS"
"2518","60 - Quitman",4531,"2023","June","MS"
"2519","61 - Rankin",95116,"2023","June","MS"
"2520","62 - Scott",14414,"2023","June","MS"
"2521","63 - Sharkey",3174,"2023","June","MS"
"2522","64 - Simpson",16934,"2023","June","MS"
"2523","65 - Smith",11020,"2023","June","MS"
"2524","66 - Stone",10708,"2023","June","MS"
"2525","67 - Sunflower",11971,"2023","June","MS"
"2526","68 - Tallahatchie",9583,"2023","June","MS"
"2527","69 - Tate",17975,"2023","June","MS"
"2528","70 - Tippah",13862,"2023","June","MS"
"2529","71 - Tishomingo",12823,"2023","June","MS"
"2530","72 - Tunica",5933,"2023","June","MS"
"2531","73 - Union",16519,"2023","June","MS"
"2532","74 - Walthall",10206,"2023","June","MS"
"2533","75 - Warren",24508,"2023","June","MS"
"2534","76 - Washington",26978,"2023","June","MS"
"2535","77 - Wayne",13211,"2023","June","MS"
"2536","78 - Webster",6332,"2023","June","MS"
"2537","79 - Wilkinson",6410,"2023","June","MS"
"2538","80 - Winston",11045,"2023","June","MS"
"2539","81 - Yalobusha",7910,"2023","June","MS"
"2540","82 - Yazoo",18826,"2023","June","MS"
"2541","01 - Adams",18417,"2023","March","MS"
"2542","02 - Alcorn",23359,"2023","March","MS"
"2543","03 - Amite",9543,"2023","March","MS"
"2544","04 - Attala",11068,"2023","March","MS"
"2545","05 - Benton",5849,"2023","March","MS"
"2546","06 - Bolivar",19263,"2023","March","MS"
"2547","07 - Calhoun",9054,"2023","March","MS"
"2548","08 - Carroll",7216,"2023","March","MS"
"2549","09 - Chickasaw",11124,"2023","March","MS"
"2550","10 - Choctaw",4853,"2023","March","MS"
"2551","11 - Claiborne",5868,"2023","March","MS"
"2552","12 - Clarke",11165,"2023","March","MS"
"2553","13 - Clay",13660,"2023","March","MS"
"2554","14 - Coahoma",14061,"2023","March","MS"
"2555","15 - Copiah",18175,"2023","March","MS"
"2556","16 - Covington",13857,"2023","March","MS"
"2557","17 - DeSoto",126832,"2023","March","MS"
"2558","18 - Forrest",43903,"2023","March","MS"
"2559","19 - Franklin",5712,"2023","March","MS"
"2560","20 - George",15222,"2023","March","MS"
"2561","21 - Greene",7496,"2023","March","MS"
"2562","22 - Grenada",14462,"2023","March","MS"
"2563","23 - Hancock",34786,"2023","March","MS"
"2564","24 - Harrison",143645,"2023","March","MS"
"2565","25 - Hinds",165273,"2023","March","MS"
"2566","26 - Holmes",12888,"2023","March","MS"
"2567","27 - Humphreys",6372,"2023","March","MS"
"2568","28 - Issaquena",844,"2023","March","MS"
"2569","29 - Itawamba",14960,"2023","March","MS"
"2570","30 - Jackson",86237,"2023","March","MS"
"2571","31 - Jasper",10644,"2023","March","MS"
"2572","32 - Jefferson",5613,"2023","March","MS"
"2573","33 - Jeff Davis",8215,"2023","March","MS"
"2574","34 - Jones",44550,"2023","March","MS"
"2575","35 - Kemper",7092,"2023","March","MS"
"2576","36 - Lafayette",32687,"2023","March","MS"
"2577","37 - Lamar",36706,"2023","March","MS"
"2578","38 - Lauderdale",41630,"2023","March","MS"
"2579","39 - Lawrence",8225,"2023","March","MS"
"2580","40 - Leake",13007,"2023","March","MS"
"2581","41 - Lee",51006,"2023","March","MS"
"2582","42 - Leflore",18562,"2023","March","MS"
"2583","43 - Lincoln",21297,"2023","March","MS"
"2584","44 - Lowndes",37685,"2023","March","MS"
"2585","45 - Madison",75130,"2023","March","MS"
"2586","46 - Marion",15910,"2023","March","MS"
"2587","47 - Marshall",24555,"2023","March","MS"
"2588","48 - Monroe",24012,"2023","March","MS"
"2589","49 - Montgomery",6224,"2023","March","MS"
"2590","50 - Neshoba",17060,"2023","March","MS"
"2591","51 - Newton",12811,"2023","March","MS"
"2592","52 - Noxubee",7459,"2023","March","MS"
"2593","53 - Oktibbeha",27602,"2023","March","MS"
"2594","54 - Panola",22161,"2023","March","MS"
"2595","55 - Pearl River",35538,"2023","March","MS"
"2596","56 - Perry",8373,"2023","March","MS"
"2597","57 - Pike",24314,"2023","March","MS"
"2598","58 - Pontotoc",20190,"2023","March","MS"
"2599","59 - Prentiss",14169,"2023","March","MS"
"2600","60 - Quitman",4454,"2023","March","MS"
"2601","61 - Rankin",95557,"2023","March","MS"
"2602","62 - Scott",14580,"2023","March","MS"
"2603","63 - Sharkey",3147,"2023","March","MS"
"2604","64 - Simpson",16926,"2023","March","MS"
"2605","65 - Smith",11136,"2023","March","MS"
"2606","66 - Stone",11064,"2023","March","MS"
"2607","67 - Sunflower",12289,"2023","March","MS"
"2608","68 - Tallahatchie",9656,"2023","March","MS"
"2609","69 - Tate",17875,"2023","March","MS"
"2610","70 - Tippah",13885,"2023","March","MS"
"2611","71 - Tishomingo",12839,"2023","March","MS"
"2612","72 - Tunica",6166,"2023","March","MS"
"2613","73 - Union",16531,"2023","March","MS"
"2614","74 - Walthall",10113,"2023","March","MS"
"2615","75 - Warren",24775,"2023","March","MS"
"2616","76 - Washington",27125,"2023","March","MS"
"2617","77 - Wayne",13170,"2023","March","MS"
"2618","78 - Webster",6469,"2023","March","MS"
"2619","79 - Wilkinson",6359,"2023","March","MS"
"2620","80 - Winston",12127,"2023","March","MS"
"2621","81 - Yalobusha",8018,"2023","March","MS"
"2622","82 - Yazoo",18885,"2023","March","MS"
"2623","01 - Adams",18331,"2023","May","MS"
"2624","02 - Alcorn",23401,"2023","May","MS"
"2625","03 - Amite",9546,"2023","May","MS"
"2626","04 - Attala",11073,"2023","May","MS"
"2627","05 - Benton",5909,"2023","May","MS"
"2628","06 - Bolivar",18576,"2023","May","MS"
"2629","07 - Calhoun",9054,"2023","May","MS"
"2630","08 - Carroll",7267,"2023","May","MS"
"2631","09 - Chickasaw",11108,"2023","May","MS"
"2632","10 - Choctaw",4881,"2023","May","MS"
"2633","11 - Claiborne",5816,"2023","May","MS"
"2634","12 - Clarke",11213,"2023","May","MS"
"2635","13 - Clay",13593,"2023","May","MS"
"2636","14 - Coahoma",14031,"2023","May","MS"
"2637","15 - Copiah",18310,"2023","May","MS"
"2638","16 - Covington",13882,"2023","May","MS"
"2639","17 - DeSoto",125908,"2023","May","MS"
"2640","18 - Forrest",43105,"2023","May","MS"
"2641","19 - Franklin",5716,"2023","May","MS"
"2642","20 - George",15225,"2023","May","MS"
"2643","21 - Greene",7588,"2023","May","MS"
"2644","22 - Grenada",13808,"2023","May","MS"
"2645","23 - Hancock",34683,"2023","May","MS"
"2646","24 - Harrison",143649,"2023","May","MS"
"2647","25 - Hinds",164898,"2023","May","MS"
"2648","26 - Holmes",12940,"2023","May","MS"
"2649","27 - Humphreys",6414,"2023","May","MS"
"2650","28 - Issaquena",845,"2023","May","MS"
"2651","29 - Itawamba",15004,"2023","May","MS"
"2652","30 - Jackson",86725,"2023","May","MS"
"2653","31 - Jasper",10668,"2023","May","MS"
"2654","32 - Jefferson",5619,"2023","May","MS"
"2655","33 - Jeff Davis",8234,"2023","May","MS"
"2656","34 - Jones",44535,"2023","May","MS"
"2657","35 - Kemper",6861,"2023","May","MS"
"2658","36 - Lafayette",32733,"2023","May","MS"
"2659","37 - Lamar",36667,"2023","May","MS"
"2660","38 - Lauderdale",41557,"2023","May","MS"
"2661","39 - Lawrence",8275,"2023","May","MS"
"2662","40 - Leake",13027,"2023","May","MS"
"2663","41 - Lee",51008,"2023","May","MS"
"2664","42 - Leflore",18518,"2023","May","MS"
"2665","43 - Lincoln",20771,"2023","May","MS"
"2666","44 - Lowndes",37653,"2023","May","MS"
"2667","45 - Madison",75203,"2023","May","MS"
"2668","46 - Marion",15852,"2023","May","MS"
"2669","47 - Marshall",24618,"2023","May","MS"
"2670","48 - Monroe",24032,"2023","May","MS"
"2671","49 - Montgomery",6148,"2023","May","MS"
"2672","50 - Neshoba",17078,"2023","May","MS"
"2673","51 - Newton",12925,"2023","May","MS"
"2674","52 - Noxubee",7483,"2023","May","MS"
"2675","53 - Oktibbeha",26764,"2023","May","MS"
"2676","54 - Panola",22163,"2023","May","MS"
"2677","55 - Pearl River",35655,"2023","May","MS"
"2678","56 - Perry",8367,"2023","May","MS"
"2679","57 - Pike",24251,"2023","May","MS"
"2680","58 - Pontotoc",20183,"2023","May","MS"
"2681","59 - Prentiss",14218,"2023","May","MS"
"2682","60 - Quitman",4465,"2023","May","MS"
"2683","61 - Rankin",95263,"2023","May","MS"
"2684","62 - Scott",14448,"2023","May","MS"
"2685","63 - Sharkey",3163,"2023","May","MS"
"2686","64 - Simpson",16877,"2023","May","MS"
"2687","65 - Smith",11098,"2023","May","MS"
"2688","66 - Stone",11139,"2023","May","MS"
"2689","67 - Sunflower",12009,"2023","May","MS"
"2690","68 - Tallahatchie",9652,"2023","May","MS"
"2691","69 - Tate",17903,"2023","May","MS"
"2692","70 - Tippah",13909,"2023","May","MS"
"2693","71 - Tishomingo",12788,"2023","May","MS"
"2694","72 - Tunica",6010,"2023","May","MS"
"2695","73 - Union",16609,"2023","May","MS"
"2696","74 - Walthall",10189,"2023","May","MS"
"2697","75 - Warren",24552,"2023","May","MS"
"2698","76 - Washington",27041,"2023","May","MS"
"2699","77 - Wayne",13229,"2023","May","MS"
"2700","78 - Webster",6360,"2023","May","MS"
"2701","79 - Wilkinson",6418,"2023","May","MS"
"2702","80 - Winston",11039,"2023","May","MS"
"2703","81 - Yalobusha",7986,"2023","May","MS"
"2704","82 - Yazoo",18876,"2023","May","MS"
"2705","01 - Adams",18359,"2023","November","MS"
"2706","02 - Alcorn",23710,"2023","November","MS"
"2707","03 - Amite",9674,"2023","November","MS"
"2708","04 - Attala",11210,"2023","November","MS"
"2709","05 - Benton",6054,"2023","November","MS"
"2710","06 - Bolivar",18823,"2023","November","MS"
"2711","07 - Calhoun",9007,"2023","November","MS"
"2712","08 - Carroll",7310,"2023","November","MS"
"2713","09 - Chickasaw",11196,"2023","November","MS"
"2714","10 - Choctaw",4972,"2023","November","MS"
"2715","11 - Claiborne",6210,"2023","November","MS"
"2716","12 - Clarke",11288,"2023","November","MS"
"2717","13 - Clay",13577,"2023","November","MS"
"2718","14 - Coahoma",13972,"2023","November","MS"
"2719","15 - Copiah",18522,"2023","November","MS"
"2720","16 - Covington",14060,"2023","November","MS"
"2721","17 - DeSoto",124407,"2023","November","MS"
"2722","18 - Forrest",43688,"2023","November","MS"
"2723","19 - Franklin",5803,"2023","November","MS"
"2724","20 - George",15499,"2023","November","MS"
"2725","21 - Greene",7723,"2023","November","MS"
"2726","22 - Grenada",13599,"2023","November","MS"
"2727","23 - Hancock",35070,"2023","November","MS"
"2728","24 - Harrison",146314,"2023","November","MS"
"2729","25 - Hinds",165892,"2023","November","MS"
"2730","26 - Holmes",12966,"2023","November","MS"
"2731","27 - Humphreys",6519,"2023","November","MS"
"2732","28 - Issaquena",846,"2023","November","MS"
"2733","29 - Itawamba",15132,"2023","November","MS"
"2734","30 - Jackson",88145,"2023","November","MS"
"2735","31 - Jasper",10772,"2023","November","MS"
"2736","32 - Jefferson",5728,"2023","November","MS"
"2737","33 - Jeff Davis",8351,"2023","November","MS"
"2738","34 - Jones",44445,"2023","November","MS"
"2739","35 - Kemper",7061,"2023","November","MS"
"2740","36 - Lafayette",33322,"2023","November","MS"
"2741","37 - Lamar",37424,"2023","November","MS"
"2742","38 - Lauderdale",41230,"2023","November","MS"
"2743","39 - Lawrence",8348,"2023","November","MS"
"2744","40 - Leake",13080,"2023","November","MS"
"2745","41 - Lee",50538,"2023","November","MS"
"2746","42 - Leflore",18998,"2023","November","MS"
"2747","43 - Lincoln",21243,"2023","November","MS"
"2748","44 - Lowndes",38247,"2023","November","MS"
"2749","45 - Madison",75243,"2023","November","MS"
"2750","46 - Marion",15928,"2023","November","MS"
"2751","47 - Marshall",24868,"2023","November","MS"
"2752","48 - Monroe",24044,"2023","November","MS"
"2753","49 - Montgomery",6215,"2023","November","MS"
"2754","50 - Neshoba",17017,"2023","November","MS"
"2755","51 - Newton",12980,"2023","November","MS"
"2756","52 - Noxubee",7442,"2023","November","MS"
"2757","53 - Oktibbeha",27406,"2023","November","MS"
"2758","54 - Panola",22618,"2023","November","MS"
"2759","55 - Pearl River",36406,"2023","November","MS"
"2760","56 - Perry",8491,"2023","November","MS"
"2761","57 - Pike",24282,"2023","November","MS"
"2762","58 - Pontotoc",20584,"2023","November","MS"
"2763","59 - Prentiss",14401,"2023","November","MS"
"2764","60 - Quitman",4551,"2023","November","MS"
"2765","61 - Rankin",97234,"2023","November","MS"
"2766","62 - Scott",14762,"2023","November","MS"
"2767","63 - Sharkey",3118,"2023","November","MS"
"2768","64 - Simpson",16919,"2023","November","MS"
"2769","65 - Smith",11095,"2023","November","MS"
"2770","66 - Stone",10970,"2023","November","MS"
"2771","67 - Sunflower",11929,"2023","November","MS"
"2772","68 - Tallahatchie",9556,"2023","November","MS"
"2773","69 - Tate",18419,"2023","November","MS"
"2774","70 - Tippah",13938,"2023","November","MS"
"2775","71 - Tishomingo",13065,"2023","November","MS"
"2776","72 - Tunica",5956,"2023","November","MS"
"2777","73 - Union",16824,"2023","November","MS"
"2778","74 - Walthall",10344,"2023","November","MS"
"2779","75 - Warren",25141,"2023","November","MS"
"2780","76 - Washington",27220,"2023","November","MS"
"2781","77 - Wayne",13398,"2023","November","MS"
"2782","78 - Webster",6452,"2023","November","MS"
"2783","79 - Wilkinson",6476,"2023","November","MS"
"2784","80 - Winston",11316,"2023","November","MS"
"2785","81 - Yalobusha",8057,"2023","November","MS"
"2786","82 - Yazoo",18964,"2023","November","MS"
"2787","01 - Adams",18288,"2023","October","MS"
"2788","02 - Alcorn",23674,"2023","October","MS"
"2789","03 - Amite",9669,"2023","October","MS"
"2790","04 - Attala",11166,"2023","October","MS"
"2791","05 - Benton",6040,"2023","October","MS"
"2792","06 - Bolivar",18894,"2023","October","MS"
"2793","07 - Calhoun",9015,"2023","October","MS"
"2794","08 - Carroll",7293,"2023","October","MS"
"2795","09 - Chickasaw",11155,"2023","October","MS"
"2796","10 - Choctaw",4989,"2023","October","MS"
"2797","11 - Claiborne",6177,"2023","October","MS"
"2798","12 - Clarke",11314,"2023","October","MS"
"2799","13 - Clay",13563,"2023","October","MS"
"2800","14 - Coahoma",13919,"2023","October","MS"
"2801","15 - Copiah",18426,"2023","October","MS"
"2802","16 - Covington",14078,"2023","October","MS"
"2803","17 - DeSoto",125257,"2023","October","MS"
"2804","18 - Forrest",43523,"2023","October","MS"
"2805","19 - Franklin",5792,"2023","October","MS"
"2806","20 - George",15467,"2023","October","MS"
"2807","21 - Greene",7709,"2023","October","MS"
"2808","22 - Grenada",13514,"2023","October","MS"
"2809","23 - Hancock",34968,"2023","October","MS"
"2810","24 - Harrison",145865,"2023","October","MS"
"2811","25 - Hinds",165498,"2023","October","MS"
"2812","26 - Holmes",12958,"2023","October","MS"
"2813","27 - Humphreys",6525,"2023","October","MS"
"2814","28 - Issaquena",845,"2023","October","MS"
"2815","29 - Itawamba",15087,"2023","October","MS"
"2816","30 - Jackson",88105,"2023","October","MS"
"2817","31 - Jasper",10737,"2023","October","MS"
"2818","32 - Jefferson",5729,"2023","October","MS"
"2819","33 - Jeff Davis",8369,"2023","October","MS"
"2820","34 - Jones",44336,"2023","October","MS"
"2821","35 - Kemper",7019,"2023","October","MS"
"2822","36 - Lafayette",33117,"2023","October","MS"
"2823","37 - Lamar",37105,"2023","October","MS"
"2824","38 - Lauderdale",41136,"2023","October","MS"
"2825","39 - Lawrence",8352,"2023","October","MS"
"2826","40 - Leake",13039,"2023","October","MS"
"2827","41 - Lee",50160,"2023","October","MS"
"2828","42 - Leflore",18874,"2023","October","MS"
"2829","43 - Lincoln",21201,"2023","October","MS"
"2830","44 - Lowndes",38037,"2023","October","MS"
"2831","45 - Madison",74808,"2023","October","MS"
"2832","46 - Marion",15878,"2023","October","MS"
"2833","47 - Marshall",24797,"2023","October","MS"
"2834","48 - Monroe",23987,"2023","October","MS"
"2835","49 - Montgomery",6193,"2023","October","MS"
"2836","50 - Neshoba",17013,"2023","October","MS"
"2837","51 - Newton",12941,"2023","October","MS"
"2838","52 - Noxubee",7430,"2023","October","MS"
"2839","53 - Oktibbeha",27192,"2023","October","MS"
"2840","54 - Panola",22493,"2023","October","MS"
"2841","55 - Pearl River",36310,"2023","October","MS"
"2842","56 - Perry",8488,"2023","October","MS"
"2843","57 - Pike",24138,"2023","October","MS"
"2844","58 - Pontotoc",20505,"2023","October","MS"
"2845","59 - Prentiss",14367,"2023","October","MS"
"2846","60 - Quitman",4547,"2023","October","MS"
"2847","61 - Rankin",96709,"2023","October","MS"
"2848","62 - Scott",14652,"2023","October","MS"
"2849","63 - Sharkey",3114,"2023","October","MS"
"2850","64 - Simpson",16778,"2023","October","MS"
"2851","65 - Smith",11098,"2023","October","MS"
"2852","66 - Stone",10946,"2023","October","MS"
"2853","67 - Sunflower",11850,"2023","October","MS"
"2854","68 - Tallahatchie",9547,"2023","October","MS"
"2855","69 - Tate",18371,"2023","October","MS"
"2856","70 - Tippah",14012,"2023","October","MS"
"2857","71 - Tishomingo",13055,"2023","October","MS"
"2858","72 - Tunica",5941,"2023","October","MS"
"2859","73 - Union",16766,"2023","October","MS"
"2860","74 - Walthall",10405,"2023","October","MS"
"2861","75 - Warren",24886,"2023","October","MS"
"2862","76 - Washington",27104,"2023","October","MS"
"2863","77 - Wayne",13377,"2023","October","MS"
"2864","78 - Webster",6424,"2023","October","MS"
"2865","79 - Wilkinson",6463,"2023","October","MS"
"2866","80 - Winston",11286,"2023","October","MS"
"2867","81 - Yalobusha",8021,"2023","October","MS"
"2868","82 - Yazoo",18943,"2023","October","MS"
"2869","01 - Adams",18293,"2023","September","MS"
"2870","02 - Alcorn",23653,"2023","September","MS"
"2871","03 - Amite",9616,"2023","September","MS"
"2872","04 - Attala",11162,"2023","September","MS"
"2873","05 - Benton",6010,"2023","September","MS"
"2874","06 - Bolivar",18809,"2023","September","MS"
"2875","07 - Calhoun",8981,"2023","September","MS"
"2876","08 - Carroll",7286,"2023","September","MS"
"2877","09 - Chickasaw",11136,"2023","September","MS"
"2878","10 - Choctaw",4937,"2023","September","MS"
"2879","11 - Claiborne",6075,"2023","September","MS"
"2880","12 - Clarke",11280,"2023","September","MS"
"2881","13 - Clay",13582,"2023","September","MS"
"2882","14 - Coahoma",13906,"2023","September","MS"
"2883","15 - Copiah",18355,"2023","September","MS"
"2884","16 - Covington",14016,"2023","September","MS"
"2885","17 - DeSoto",124947,"2023","September","MS"
"2886","18 - Forrest",43197,"2023","September","MS"
"2887","19 - Franklin",5777,"2023","September","MS"
"2888","20 - George",15467,"2023","September","MS"
"2889","21 - Greene",7671,"2023","September","MS"
"2890","22 - Grenada",13441,"2023","September","MS"
"2891","23 - Hancock",34898,"2023","September","MS"
"2892","24 - Harrison",145441,"2023","September","MS"
"2893","25 - Hinds",165063,"2023","September","MS"
"2894","26 - Holmes",12939,"2023","September","MS"
"2895","27 - Humphreys",6522,"2023","September","MS"
"2896","28 - Issaquena",849,"2023","September","MS"
"2897","29 - Itawamba",15069,"2023","September","MS"
"2898","30 - Jackson",87778,"2023","September","MS"
"2899","31 - Jasper",10722,"2023","September","MS"
"2900","32 - Jefferson",5726,"2023","September","MS"
"2901","33 - Jeff Davis",8348,"2023","September","MS"
"2902","34 - Jones",44280,"2023","September","MS"
"2903","35 - Kemper",6994,"2023","September","MS"
"2904","36 - Lafayette",33059,"2023","September","MS"
"2905","37 - Lamar",37072,"2023","September","MS"
"2906","38 - Lauderdale",41392,"2023","September","MS"
"2907","39 - Lawrence",8360,"2023","September","MS"
"2908","40 - Leake",13029,"2023","September","MS"
"2909","41 - Lee",49919,"2023","September","MS"
"2910","42 - Leflore",18909,"2023","September","MS"
"2911","43 - Lincoln",21114,"2023","September","MS"
"2912","44 - Lowndes",37948,"2023","September","MS"
"2913","45 - Madison",74395,"2023","September","MS"
"2914","46 - Marion",15861,"2023","September","MS"
"2915","47 - Marshall",24798,"2023","September","MS"
"2916","48 - Monroe",23950,"2023","September","MS"
"2917","49 - Montgomery",6189,"2023","September","MS"
"2918","50 - Neshoba",17026,"2023","September","MS"
"2919","51 - Newton",12931,"2023","September","MS"
"2920","52 - Noxubee",7403,"2023","September","MS"
"2921","53 - Oktibbeha",26839,"2023","September","MS"
"2922","54 - Panola",22350,"2023","September","MS"
"2923","55 - Pearl River",36137,"2023","September","MS"
"2924","56 - Perry",8458,"2023","September","MS"
"2925","57 - Pike",24007,"2023","September","MS"
"2926","58 - Pontotoc",20448,"2023","September","MS"
"2927","59 - Prentiss",14308,"2023","September","MS"
"2928","60 - Quitman",4557,"2023","September","MS"
"2929","61 - Rankin",96358,"2023","September","MS"
"2930","62 - Scott",14591,"2023","September","MS"
"2931","63 - Sharkey",3108,"2023","September","MS"
"2932","64 - Simpson",16750,"2023","September","MS"
"2933","65 - Smith",11092,"2023","September","MS"
"2934","66 - Stone",10924,"2023","September","MS"
"2935","67 - Sunflower",11887,"2023","September","MS"
"2936","68 - Tallahatchie",9549,"2023","September","MS"
"2937","69 - Tate",18259,"2023","September","MS"
"2938","70 - Tippah",13963,"2023","September","MS"
"2939","71 - Tishomingo",13021,"2023","September","MS"
"2940","72 - Tunica",5957,"2023","September","MS"
"2941","73 - Union",16709,"2023","September","MS"
"2942","74 - Walthall",10330,"2023","September","MS"
"2943","75 - Warren",24673,"2023","September","MS"
"2944","76 - Washington",27010,"2023","September","MS"
"2945","77 - Wayne",13314,"2023","September","MS"
"2946","78 - Webster",6409,"2023","September","MS"
"2947","79 - Wilkinson",6448,"2023","September","MS"
"2948","80 - Winston",11285,"2023","September","MS"
"2949","81 - Yalobusha",7963,"2023","September","MS"
"2950","82 - Yazoo",18821,"2023","September","MS"
"2951","01 - Adams",18252,"2024","January","MS"
"2952","02 - Alcorn",23721,"2024","January","MS"
"2953","03 - Amite",9641,"2024","January","MS"
"2954","04 - Attala",11186,"2024","January","MS"
"2955","05 - Benton",6059,"2024","January","MS"
"2956","06 - Bolivar",18867,"2024","January","MS"
"2957","07 - Calhoun",9011,"2024","January","MS"
"2958","08 - Carroll",7259,"2024","January","MS"
"2959","09 - Chickasaw",11188,"2024","January","MS"
"2960","10 - Choctaw",4973,"2024","January","MS"
"2961","11 - Claiborne",6118,"2024","January","MS"
"2962","12 - Clarke",11312,"2024","January","MS"
"2963","13 - Clay",13409,"2024","January","MS"
"2964","14 - Coahoma",13742,"2024","January","MS"
"2965","15 - Copiah",18473,"2024","January","MS"
"2966","16 - Covington",14094,"2024","January","MS"
"2967","17 - DeSoto",124075,"2024","January","MS"
"2968","18 - Forrest",43371,"2024","January","MS"
"2969","19 - Franklin",5797,"2024","January","MS"
"2970","20 - George",15530,"2024","January","MS"
"2971","21 - Greene",7731,"2024","January","MS"
"2972","22 - Grenada",13598,"2024","January","MS"
"2973","23 - Hancock",35243,"2024","January","MS"
"2974","24 - Harrison",146837,"2024","January","MS"
"2975","25 - Hinds",165709,"2024","January","MS"
"2976","26 - Holmes",12948,"2024","January","MS"
"2977","27 - Humphreys",6518,"2024","January","MS"
"2978","28 - Issaquena",840,"2024","January","MS"
"2979","29 - Itawamba",15104,"2024","January","MS"
"2980","30 - Jackson",88501,"2024","January","MS"
"2981","31 - Jasper",10777,"2024","January","MS"
"2982","32 - Jefferson",5701,"2024","January","MS"
"2983","33 - Jeff Davis",8339,"2024","January","MS"
"2984","34 - Jones",44489,"2024","January","MS"
"2985","35 - Kemper",7051,"2024","January","MS"
"2986","36 - Lafayette",33347,"2024","January","MS"
"2987","37 - Lamar",37570,"2024","January","MS"
"2988","38 - Lauderdale",40991,"2024","January","MS"
"2989","39 - Lawrence",8215,"2024","January","MS"
"2990","40 - Leake",13026,"2024","January","MS"
"2991","41 - Lee",50590,"2024","January","MS"
"2992","42 - Leflore",19020,"2024","January","MS"
"2993","43 - Lincoln",21248,"2024","January","MS"
"2994","44 - Lowndes",38267,"2024","January","MS"
"2995","45 - Madison",75339,"2024","January","MS"
"2996","46 - Marion",15968,"2024","January","MS"
"2997","47 - Marshall",24947,"2024","January","MS"
"2998","48 - Monroe",23954,"2024","January","MS"
"2999","49 - Montgomery",6193,"2024","January","MS"
"3000","50 - Neshoba",17006,"2024","January","MS"
"3001","51 - Newton",12969,"2024","January","MS"
"3002","52 - Noxubee",7438,"2024","January","MS"
"3003","53 - Oktibbeha",27407,"2024","January","MS"
"3004","54 - Panola",22418,"2024","January","MS"
"3005","55 - Pearl River",36595,"2024","January","MS"
"3006","56 - Perry",8408,"2024","January","MS"
"3007","57 - Pike",24373,"2024","January","MS"
"3008","58 - Pontotoc",20618,"2024","January","MS"
"3009","59 - Prentiss",14461,"2024","January","MS"
"3010","60 - Quitman",4546,"2024","January","MS"
"3011","61 - Rankin",97660,"2024","January","MS"
"3012","62 - Scott",14735,"2024","January","MS"
"3013","63 - Sharkey",3027,"2024","January","MS"
"3014","64 - Simpson",16870,"2024","January","MS"
"3015","65 - Smith",11064,"2024","January","MS"
"3016","66 - Stone",11014,"2024","January","MS"
"3017","67 - Sunflower",11900,"2024","January","MS"
"3018","68 - Tallahatchie",9547,"2024","January","MS"
"3019","69 - Tate",18430,"2024","January","MS"
"3020","70 - Tippah",13950,"2024","January","MS"
"3021","71 - Tishomingo",13110,"2024","January","MS"
"3022","72 - Tunica",6005,"2024","January","MS"
"3023","73 - Union",16848,"2024","January","MS"
"3024","74 - Walthall",10366,"2024","January","MS"
"3025","75 - Warren",25140,"2024","January","MS"
"3026","76 - Washington",26927,"2024","January","MS"
"3027","77 - Wayne",13386,"2024","January","MS"
"3028","78 - Webster",6407,"2024","January","MS"
"3029","79 - Wilkinson",6445,"2024","January","MS"
"3030","80 - Winston",11295,"2024","January","MS"
"3031","81 - Yalobusha",8064,"2024","January","MS"
"3032","82 - Yazoo",18916,"2024","January","MS"
"3033","01 - Adams",18053,"2024","April","MS"
"3034","02 - Alcorn",23813,"2024","April","MS"
"3035","03 - Amite",9584,"2024","April","MS"
"3036","04 - Attala",11089,"2024","April","MS"
"3037","05 - Benton",5984,"2024","April","MS"
"3038","06 - Bolivar",18842,"2024","April","MS"
"3039","07 - Calhoun",8996,"2024","April","MS"
"3040","08 - Carroll",7289,"2024","April","MS"
"3041","09 - Chickasaw",11048,"2024","April","MS"
"3042","10 - Choctaw",4868,"2024","April","MS"
"3043","11 - Claiborne",6076,"2024","April","MS"
"3044","12 - Clarke",11259,"2024","April","MS"
"3045","13 - Clay",13331,"2024","April","MS"
"3046","14 - Coahoma",13817,"2024","April","MS"
"3047","15 - Copiah",18338,"2024","April","MS"
"3048","16 - Covington",14127,"2024","April","MS"
"3049","17 - DeSoto",125648,"2024","April","MS"
"3050","18 - Forrest",43273,"2024","April","MS"
"3051","19 - Franklin",5784,"2024","April","MS"
"3052","20 - George",15579,"2024","April","MS"
"3053","21 - Greene",7635,"2024","April","MS"
"3054","22 - Grenada",13532,"2024","April","MS"
"3055","23 - Hancock",35520,"2024","April","MS"
"3056","24 - Harrison",147881,"2024","April","MS"
"3057","25 - Hinds",165836,"2024","April","MS"
"3058","26 - Holmes",12920,"2024","April","MS"
"3059","27 - Humphreys",6460,"2024","April","MS"
"3060","28 - Issaquena",844,"2024","April","MS"
"3061","29 - Itawamba",14590,"2024","April","MS"
"3062","30 - Jackson",86215,"2024","April","MS"
"3063","31 - Jasper",10806,"2024","April","MS"
"3064","32 - Jefferson",5670,"2024","April","MS"
"3065","33 - Jeff Davis",8300,"2024","April","MS"
"3066","34 - Jones",44523,"2024","April","MS"
"3067","35 - Kemper",7033,"2024","April","MS"
"3068","36 - Lafayette",32604,"2024","April","MS"
"3069","37 - Lamar",37009,"2024","April","MS"
"3070","38 - Lauderdale",40261,"2024","April","MS"
"3071","39 - Lawrence",8155,"2024","April","MS"
"3072","40 - Leake",12862,"2024","April","MS"
"3073","41 - Lee",49567,"2024","April","MS"
"3074","42 - Leflore",18975,"2024","April","MS"
"3075","43 - Lincoln",20886,"2024","April","MS"
"3076","44 - Lowndes",38440,"2024","April","MS"
"3077","45 - Madison",75497,"2024","April","MS"
"3078","46 - Marion",15827,"2024","April","MS"
"3079","47 - Marshall",25106,"2024","April","MS"
"3080","48 - Monroe",24102,"2024","April","MS"
"3081","49 - Montgomery",6107,"2024","April","MS"
"3082","50 - Neshoba",16866,"2024","April","MS"
"3083","51 - Newton",12837,"2024","April","MS"
"3084","52 - Noxubee",7324,"2024","April","MS"
"3085","53 - Oktibbeha",26687,"2024","April","MS"
"3086","54 - Panola",22428,"2024","April","MS"
"3087","55 - Pearl River",36269,"2024","April","MS"
"3088","56 - Perry",8374,"2024","April","MS"
"3089","57 - Pike",24196,"2024","April","MS"
"3090","58 - Pontotoc",20591,"2024","April","MS"
"3091","59 - Prentiss",14297,"2024","April","MS"
"3092","60 - Quitman",4522,"2024","April","MS"
"3093","61 - Rankin",97149,"2024","April","MS"
"3094","62 - Scott",14423,"2024","April","MS"
"3095","63 - Sharkey",3005,"2024","April","MS"
"3096","64 - Simpson",16689,"2024","April","MS"
"3097","65 - Smith",11063,"2024","April","MS"
"3098","66 - Stone",10900,"2024","April","MS"
"3099","67 - Sunflower",11843,"2024","April","MS"
"3100","68 - Tallahatchie",9547,"2024","April","MS"
"3101","69 - Tate",18368,"2024","April","MS"
"3102","70 - Tippah",14030,"2024","April","MS"
"3103","71 - Tishomingo",13104,"2024","April","MS"
"3104","72 - Tunica",5865,"2024","April","MS"
"3105","73 - Union",16979,"2024","April","MS"
"3106","74 - Walthall",10352,"2024","April","MS"
"3107","75 - Warren",24905,"2024","April","MS"
"3108","76 - Washington",26553,"2024","April","MS"
"3109","77 - Wayne",13284,"2024","April","MS"
"3110","78 - Webster",6306,"2024","April","MS"
"3111","79 - Wilkinson",6411,"2024","April","MS"
"3112","80 - Winston",11306,"2024","April","MS"
"3113","81 - Yalobusha",8045,"2024","April","MS"
"3114","82 - Yazoo",18889,"2024","April","MS"
"3115","01 - Adams",17957,"2024","August","MS"
"3116","02 - Alcorn",23855,"2024","August","MS"
"3117","03 - Amite",9490,"2024","August","MS"
"3118","04 - Attala",11045,"2024","August","MS"
"3119","05 - Benton",6006,"2024","August","MS"
"3120","06 - Bolivar",19025,"2024","August","MS"
"3121","07 - Calhoun",8941,"2024","August","MS"
"3122","08 - Carroll",7218,"2024","August","MS"
"3123","09 - Chickasaw",11065,"2024","August","MS"
"3124","10 - Choctaw",4917,"2024","August","MS"
"3125","11 - Claiborne",6116,"2024","August","MS"
"3126","12 - Clarke",11054,"2024","August","MS"
"3127","13 - Clay",13270,"2024","August","MS"
"3128","14 - Coahoma",13293,"2024","August","MS"
"3129","15 - Copiah",18326,"2024","August","MS"
"3130","16 - Covington",14021,"2024","August","MS"
"3131","17 - DeSoto",128280,"2024","August","MS"
"3132","18 - Forrest",42883,"2024","August","MS"
"3133","19 - Franklin",5745,"2024","August","MS"
"3134","20 - George",15494,"2024","August","MS"
"3135","21 - Greene",7621,"2024","August","MS"
"3136","22 - Grenada",13417,"2024","August","MS"
"3137","23 - Hancock",36027,"2024","August","MS"
"3138","24 - Harrison",148096,"2024","August","MS"
"3139","25 - Hinds",166011,"2024","August","MS"
"3140","26 - Holmes",12922,"2024","August","MS"
"3141","27 - Humphreys",6330,"2024","August","MS"
"3142","28 - Issaquena",815,"2024","August","MS"
"3143","29 - Itawamba",14646,"2024","August","MS"
"3144","30 - Jackson",87469,"2024","August","MS"
"3145","31 - Jasper",10812,"2024","August","MS"
"3146","32 - Jefferson",5172,"2024","August","MS"
"3147","33 - Jeff Davis",8282,"2024","August","MS"
"3148","34 - Jones",44603,"2024","August","MS"
"3149","35 - Kemper",6944,"2024","August","MS"
"3150","36 - Lafayette",31333,"2024","August","MS"
"3151","37 - Lamar",37867,"2024","August","MS"
"3152","38 - Lauderdale",40480,"2024","August","MS"
"3153","39 - Lawrence",7961,"2024","August","MS"
"3154","40 - Leake",12941,"2024","August","MS"
"3155","41 - Lee",50490,"2024","August","MS"
"3156","42 - Leflore",18917,"2024","August","MS"
"3157","43 - Lincoln",21084,"2024","August","MS"
"3158","44 - Lowndes",37316,"2024","August","MS"
"3159","45 - Madison",75363,"2024","August","MS"
"3160","46 - Marion",15951,"2024","August","MS"
"3161","47 - Marshall",24901,"2024","August","MS"
"3162","48 - Monroe",22980,"2024","August","MS"
"3163","49 - Montgomery",6133,"2024","August","MS"
"3164","50 - Neshoba",16948,"2024","August","MS"
"3165","51 - Newton",12915,"2024","August","MS"
"3166","52 - Noxubee",7250,"2024","August","MS"
"3167","53 - Oktibbeha",26523,"2024","August","MS"
"3168","54 - Panola",22132,"2024","August","MS"
"3169","55 - Pearl River",36518,"2024","August","MS"
"3170","56 - Perry",8401,"2024","August","MS"
"3171","57 - Pike",24262,"2024","August","MS"
"3172","58 - Pontotoc",20591,"2024","August","MS"
"3173","59 - Prentiss",14365,"2024","August","MS"
"3174","60 - Quitman",4526,"2024","August","MS"
"3175","61 - Rankin",97989,"2024","August","MS"
"3176","62 - Scott",14586,"2024","August","MS"
"3177","63 - Sharkey",2979,"2024","August","MS"
"3178","64 - Simpson",16777,"2024","August","MS"
"3179","65 - Smith",11154,"2024","August","MS"
"3180","66 - Stone",11062,"2024","August","MS"
"3181","67 - Sunflower",11482,"2024","August","MS"
"3182","68 - Tallahatchie",9591,"2024","August","MS"
"3183","69 - Tate",18377,"2024","August","MS"
"3184","70 - Tippah",13534,"2024","August","MS"
"3185","71 - Tishomingo",13056,"2024","August","MS"
"3186","72 - Tunica",5831,"2024","August","MS"
"3187","73 - Union",16820,"2024","August","MS"
"3188","74 - Walthall",10173,"2024","August","MS"
"3189","75 - Warren",24801,"2024","August","MS"
"3190","76 - Washington",26203,"2024","August","MS"
"3191","77 - Wayne",13214,"2024","August","MS"
"3192","78 - Webster",6360,"2024","August","MS"
"3193","79 - Wilkinson",6291,"2024","August","MS"
"3194","80 - Winston",11447,"2024","August","MS"
"3195","81 - Yalobusha",8076,"2024","August","MS"
"3196","82 - Yazoo",18901,"2024","August","MS"
"3197","01 - Adams",18234,"2024","December","MS"
"3198","02 - Alcorn",24224,"2024","December","MS"
"3199","03 - Amite",9689,"2024","December","MS"
"3200","04 - Attala",11310,"2024","December","MS"
"3201","05 - Benton",6071,"2024","December","MS"
"3202","06 - Bolivar",19333,"2024","December","MS"
"3203","07 - Calhoun",9061,"2024","December","MS"
"3204","08 - Carroll",7323,"2024","December","MS"
"3205","09 - Chickasaw",11293,"2024","December","MS"
"3206","10 - Choctaw",5061,"2024","December","MS"
"3207","11 - Claiborne",6295,"2024","December","MS"
"3208","12 - Clarke",11240,"2024","December","MS"
"3209","13 - Clay",13580,"2024","December","MS"
"3210","14 - Coahoma",13464,"2024","December","MS"
"3211","15 - Copiah",18711,"2024","December","MS"
"3212","16 - Covington",14243,"2024","December","MS"
"3213","17 - DeSoto",132795,"2024","December","MS"
"3214","18 - Forrest",44683,"2024","December","MS"
"3215","19 - Franklin",5870,"2024","December","MS"
"3216","20 - George",16127,"2024","December","MS"
"3217","21 - Greene",7824,"2024","December","MS"
"3218","22 - Grenada",13830,"2024","December","MS"
"3219","23 - Hancock",36719,"2024","December","MS"
"3220","24 - Harrison",151715,"2024","December","MS"
"3221","25 - Hinds",168740,"2024","December","MS"
"3222","26 - Holmes",12939,"2024","December","MS"
"3223","27 - Humphreys",6441,"2024","December","MS"
"3224","28 - Issaquena",819,"2024","December","MS"
"3225","29 - Itawamba",15133,"2024","December","MS"
"3226","30 - Jackson",91585,"2024","December","MS"
"3227","31 - Jasper",11043,"2024","December","MS"
"3228","32 - Jefferson",5250,"2024","December","MS"
"3229","33 - Jeff Davis",8416,"2024","December","MS"
"3230","34 - Jones",45406,"2024","December","MS"
"3231","35 - Kemper",7035,"2024","December","MS"
"3232","36 - Lafayette",33656,"2024","December","MS"
"3233","37 - Lamar",39489,"2024","December","MS"
"3234","38 - Lauderdale",41801,"2024","December","MS"
"3235","39 - Lawrence",8182,"2024","December","MS"
"3236","40 - Leake",13179,"2024","December","MS"
"3237","41 - Lee",52386,"2024","December","MS"
"3238","42 - Leflore",19459,"2024","December","MS"
"3239","43 - Lincoln",21797,"2024","December","MS"
"3240","44 - Lowndes",38610,"2024","December","MS"
"3241","45 - Madison",78208,"2024","December","MS"
"3242","46 - Marion",16486,"2024","December","MS"
"3243","47 - Marshall",25695,"2024","December","MS"
"3244","48 - Monroe",23555,"2024","December","MS"
"3245","49 - Montgomery",6297,"2024","December","MS"
"3246","50 - Neshoba",17337,"2024","December","MS"
"3247","51 - Newton",13315,"2024","December","MS"
"3248","52 - Noxubee",7328,"2024","December","MS"
"3249","53 - Oktibbeha",28395,"2024","December","MS"
"3250","54 - Panola",22836,"2024","December","MS"
"3251","55 - Pearl River",37903,"2024","December","MS"
"3252","56 - Perry",8449,"2024","December","MS"
"3253","57 - Pike",24887,"2024","December","MS"
"3254","58 - Pontotoc",21040,"2024","December","MS"
"3255","59 - Prentiss",14698,"2024","December","MS"
"3256","60 - Quitman",4571,"2024","December","MS"
"3257","61 - Rankin",102207,"2024","December","MS"
"3258","62 - Scott",15027,"2024","December","MS"
"3259","63 - Sharkey",2980,"2024","December","MS"
"3260","64 - Simpson",17082,"2024","December","MS"
"3261","65 - Smith",11238,"2024","December","MS"
"3262","66 - Stone",11443,"2024","December","MS"
"3263","67 - Sunflower",12045,"2024","December","MS"
"3264","68 - Tallahatchie",9586,"2024","December","MS"
"3265","69 - Tate",18912,"2024","December","MS"
"3266","70 - Tippah",14013,"2024","December","MS"
"3267","71 - Tishomingo",13389,"2024","December","MS"
"3268","72 - Tunica",5901,"2024","December","MS"
"3269","73 - Union",17280,"2024","December","MS"
"3270","74 - Walthall",10369,"2024","December","MS"
"3271","75 - Warren",25889,"2024","December","MS"
"3272","76 - Washington",27227,"2024","December","MS"
"3273","77 - Wayne",13398,"2024","December","MS"
"3274","78 - Webster",6582,"2024","December","MS"
"3275","79 - Wilkinson",6289,"2024","December","MS"
"3276","80 - Winston",11624,"2024","December","MS"
"3277","81 - Yalobusha",8290,"2024","December","MS"
"3278","82 - Yazoo",18949,"2024","December","MS"
"3279","01 - Adams",18290,"2024","February","MS"
"3280","02 - Alcorn",23795,"2024","February","MS"
"3281","03 - Amite",9650,"2024","February","MS"
"3282","04 - Attala",11190,"2024","February","MS"
"3283","05 - Benton",6069,"2024","February","MS"
"3284","06 - Bolivar",18841,"2024","February","MS"
"3285","07 - Calhoun",9071,"2024","February","MS"
"3286","08 - Carroll",7289,"2024","February","MS"
"3287","09 - Chickasaw",11190,"2024","February","MS"
"3288","10 - Choctaw",4973,"2024","February","MS"
"3289","11 - Claiborne",6124,"2024","February","MS"
"3290","12 - Clarke",11283,"2024","February","MS"
"3291","13 - Clay",13449,"2024","February","MS"
"3292","14 - Coahoma",13727,"2024","February","MS"
"3293","15 - Copiah",18461,"2024","February","MS"
"3294","16 - Covington",14143,"2024","February","MS"
"3295","17 - DeSoto",124720,"2024","February","MS"
"3296","18 - Forrest",43523,"2024","February","MS"
"3297","19 - Franklin",5809,"2024","February","MS"
"3298","20 - George",15555,"2024","February","MS"
"3299","21 - Greene",7729,"2024","February","MS"
"3300","22 - Grenada",13624,"2024","February","MS"
"3301","23 - Hancock",35311,"2024","February","MS"
"3302","24 - Harrison",147164,"2024","February","MS"
"3303","25 - Hinds",165731,"2024","February","MS"
"3304","26 - Holmes",12929,"2024","February","MS"
"3305","27 - Humphreys",6453,"2024","February","MS"
"3306","28 - Issaquena",844,"2024","February","MS"
"3307","29 - Itawamba",15115,"2024","February","MS"
"3308","30 - Jackson",88829,"2024","February","MS"
"3309","31 - Jasper",10829,"2024","February","MS"
"3310","32 - Jefferson",5692,"2024","February","MS"
"3311","33 - Jeff Davis",8368,"2024","February","MS"
"3312","34 - Jones",44421,"2024","February","MS"
"3313","35 - Kemper",7039,"2024","February","MS"
"3314","36 - Lafayette",33458,"2024","February","MS"
"3315","37 - Lamar",37591,"2024","February","MS"
"3316","38 - Lauderdale",41111,"2024","February","MS"
"3317","39 - Lawrence",8201,"2024","February","MS"
"3318","40 - Leake",13021,"2024","February","MS"
"3319","41 - Lee",50732,"2024","February","MS"
"3320","42 - Leflore",19018,"2024","February","MS"
"3321","43 - Lincoln",21268,"2024","February","MS"
"3322","44 - Lowndes",38343,"2024","February","MS"
"3323","45 - Madison",75565,"2024","February","MS"
"3324","46 - Marion",16027,"2024","February","MS"
"3325","47 - Marshall",25051,"2024","February","MS"
"3326","48 - Monroe",24051,"2024","February","MS"
"3327","49 - Montgomery",6192,"2024","February","MS"
"3328","50 - Neshoba",17026,"2024","February","MS"
"3329","51 - Newton",13069,"2024","February","MS"
"3330","52 - Noxubee",7421,"2024","February","MS"
"3331","53 - Oktibbeha",27519,"2024","February","MS"
"3332","54 - Panola",22456,"2024","February","MS"
"3333","55 - Pearl River",36658,"2024","February","MS"
"3334","56 - Perry",8412,"2024","February","MS"
"3335","57 - Pike",24392,"2024","February","MS"
"3336","58 - Pontotoc",20627,"2024","February","MS"
"3337","59 - Prentiss",14484,"2024","February","MS"
"3338","60 - Quitman",4543,"2024","February","MS"
"3339","61 - Rankin",97832,"2024","February","MS"
"3340","62 - Scott",14729,"2024","February","MS"
"3341","63 - Sharkey",3022,"2024","February","MS"
"3342","64 - Simpson",16867,"2024","February","MS"
"3343","65 - Smith",11061,"2024","February","MS"
"3344","66 - Stone",11028,"2024","February","MS"
"3345","67 - Sunflower",11934,"2024","February","MS"
"3346","68 - Tallahatchie",9545,"2024","February","MS"
"3347","69 - Tate",18474,"2024","February","MS"
"3348","70 - Tippah",13975,"2024","February","MS"
"3349","71 - Tishomingo",13170,"2024","February","MS"
"3350","72 - Tunica",5988,"2024","February","MS"
"3351","73 - Union",16959,"2024","February","MS"
"3352","74 - Walthall",10370,"2024","February","MS"
"3353","75 - Warren",25197,"2024","February","MS"
"3354","76 - Washington",26897,"2024","February","MS"
"3355","77 - Wayne",13436,"2024","February","MS"
"3356","78 - Webster",6408,"2024","February","MS"
"3357","79 - Wilkinson",6438,"2024","February","MS"
"3358","80 - Winston",11366,"2024","February","MS"
"3359","81 - Yalobusha",8081,"2024","February","MS"
"3360","82 - Yazoo",18892,"2024","February","MS"
"3361","01 - Adams",17895,"2024","July","MS"
"3362","02 - Alcorn",23776,"2024","July","MS"
"3363","03 - Amite",9474,"2024","July","MS"
"3364","04 - Attala",10999,"2024","July","MS"
"3365","05 - Benton",5989,"2024","July","MS"
"3366","06 - Bolivar",18849,"2024","July","MS"
"3367","07 - Calhoun",8920,"2024","July","MS"
"3368","08 - Carroll",7185,"2024","July","MS"
"3369","09 - Chickasaw",10989,"2024","July","MS"
"3370","10 - Choctaw",4892,"2024","July","MS"
"3371","11 - Claiborne",6121,"2024","July","MS"
"3372","12 - Clarke",11003,"2024","July","MS"
"3373","13 - Clay",13222,"2024","July","MS"
"3374","14 - Coahoma",13426,"2024","July","MS"
"3375","15 - Copiah",18279,"2024","July","MS"
"3376","16 - Covington",13968,"2024","July","MS"
"3377","17 - DeSoto",127184,"2024","July","MS"
"3378","18 - Forrest",42555,"2024","July","MS"
"3379","19 - Franklin",5725,"2024","July","MS"
"3380","20 - George",15351,"2024","July","MS"
"3381","21 - Greene",7592,"2024","July","MS"
"3382","22 - Grenada",13383,"2024","July","MS"
"3383","23 - Hancock",35835,"2024","July","MS"
"3384","24 - Harrison",147350,"2024","July","MS"
"3385","25 - Hinds",165352,"2024","July","MS"
"3386","26 - Holmes",12891,"2024","July","MS"
"3387","27 - Humphreys",6339,"2024","July","MS"
"3388","28 - Issaquena",815,"2024","July","MS"
"3389","29 - Itawamba",14562,"2024","July","MS"
"3390","30 - Jackson",86831,"2024","July","MS"
"3391","31 - Jasper",10764,"2024","July","MS"
"3392","32 - Jefferson",5151,"2024","July","MS"
"3393","33 - Jeff Davis",8286,"2024","July","MS"
"3394","34 - Jones",44450,"2024","July","MS"
"3395","35 - Kemper",6949,"2024","July","MS"
"3396","36 - Lafayette",31436,"2024","July","MS"
"3397","37 - Lamar",37493,"2024","July","MS"
"3398","38 - Lauderdale",40302,"2024","July","MS"
"3399","39 - Lawrence",7959,"2024","July","MS"
"3400","40 - Leake",12904,"2024","July","MS"
"3401","41 - Lee",50147,"2024","July","MS"
"3402","42 - Leflore",18929,"2024","July","MS"
"3403","43 - Lincoln",20928,"2024","July","MS"
"3404","44 - Lowndes",36984,"2024","July","MS"
"3405","45 - Madison",74755,"2024","July","MS"
"3406","46 - Marion",15849,"2024","July","MS"
"3407","47 - Marshall",24748,"2024","July","MS"
"3408","48 - Monroe",23473,"2024","July","MS"
"3409","49 - Montgomery",6100,"2024","July","MS"
"3410","50 - Neshoba",16874,"2024","July","MS"
"3411","51 - Newton",12854,"2024","July","MS"
"3412","52 - Noxubee",7248,"2024","July","MS"
"3413","53 - Oktibbeha",26307,"2024","July","MS"
"3414","54 - Panola",22029,"2024","July","MS"
"3415","55 - Pearl River",36231,"2024","July","MS"
"3416","56 - Perry",8352,"2024","July","MS"
"3417","57 - Pike",24103,"2024","July","MS"
"3418","58 - Pontotoc",20487,"2024","July","MS"
"3419","59 - Prentiss",14308,"2024","July","MS"
"3420","60 - Quitman",4520,"2024","July","MS"
"3421","61 - Rankin",96994,"2024","July","MS"
"3422","62 - Scott",14487,"2024","July","MS"
"3423","63 - Sharkey",2963,"2024","July","MS"
"3424","64 - Simpson",16676,"2024","July","MS"
"3425","65 - Smith",11117,"2024","July","MS"
"3426","66 - Stone",10905,"2024","July","MS"
"3427","67 - Sunflower",11399,"2024","July","MS"
"3428","68 - Tallahatchie",9569,"2024","July","MS"
"3429","69 - Tate",18291,"2024","July","MS"
"3430","70 - Tippah",13463,"2024","July","MS"
"3431","71 - Tishomingo",13000,"2024","July","MS"
"3432","72 - Tunica",5899,"2024","July","MS"
"3433","73 - Union",16776,"2024","July","MS"
"3434","74 - Walthall",10129,"2024","July","MS"
"3435","75 - Warren",24563,"2024","July","MS"
"3436","76 - Washington",26116,"2024","July","MS"
"3437","77 - Wayne",13153,"2024","July","MS"
"3438","78 - Webster",6287,"2024","July","MS"
"3439","79 - Wilkinson",6298,"2024","July","MS"
"3440","80 - Winston",11381,"2024","July","MS"
"3441","81 - Yalobusha",8045,"2024","July","MS"
"3442","82 - Yazoo",18890,"2024","July","MS"
"3443","01 - Adams",17915,"2024","June","MS"
"3444","02 - Alcorn",23724,"2024","June","MS"
"3445","03 - Amite",9493,"2024","June","MS"
"3446","04 - Attala",10969,"2024","June","MS"
"3447","05 - Benton",5968,"2024","June","MS"
"3448","06 - Bolivar",18920,"2024","June","MS"
"3449","07 - Calhoun",8971,"2024","June","MS"
"3450","08 - Carroll",7146,"2024","June","MS"
"3451","09 - Chickasaw",11009,"2024","June","MS"
"3452","10 - Choctaw",4872,"2024","June","MS"
"3453","11 - Claiborne",6098,"2024","June","MS"
"3454","12 - Clarke",11127,"2024","June","MS"
"3455","13 - Clay",13269,"2024","June","MS"
"3456","14 - Coahoma",13562,"2024","June","MS"
"3457","15 - Copiah",18304,"2024","June","MS"
"3458","16 - Covington",14133,"2024","June","MS"
"3459","17 - DeSoto",126397,"2024","June","MS"
"3460","18 - Forrest",42570,"2024","June","MS"
"3461","19 - Franklin",5719,"2024","June","MS"
"3462","20 - George",15460,"2024","June","MS"
"3463","21 - Greene",7636,"2024","June","MS"
"3464","22 - Grenada",13448,"2024","June","MS"
"3465","23 - Hancock",35675,"2024","June","MS"
"3466","24 - Harrison",147688,"2024","June","MS"
"3467","25 - Hinds",165428,"2024","June","MS"
"3468","26 - Holmes",12870,"2024","June","MS"
"3469","27 - Humphreys",6363,"2024","June","MS"
"3470","28 - Issaquena",819,"2024","June","MS"
"3471","29 - Itawamba",14616,"2024","June","MS"
"3472","30 - Jackson",87109,"2024","June","MS"
"3473","31 - Jasper",10800,"2024","June","MS"
"3474","32 - Jefferson",5656,"2024","June","MS"
"3475","33 - Jeff Davis",8268,"2024","June","MS"
"3476","34 - Jones",44488,"2024","June","MS"
"3477","35 - Kemper",6995,"2024","June","MS"
"3478","36 - Lafayette",31692,"2024","June","MS"
"3479","37 - Lamar",37279,"2024","June","MS"
"3480","38 - Lauderdale",40483,"2024","June","MS"
"3481","39 - Lawrence",8013,"2024","June","MS"
"3482","40 - Leake",12899,"2024","June","MS"
"3483","41 - Lee",49931,"2024","June","MS"
"3484","42 - Leflore",18970,"2024","June","MS"
"3485","43 - Lincoln",20899,"2024","June","MS"
"3486","44 - Lowndes",38290,"2024","June","MS"
"3487","45 - Madison",74609,"2024","June","MS"
"3488","46 - Marion",15852,"2024","June","MS"
"3489","47 - Marshall",24803,"2024","June","MS"
"3490","48 - Monroe",24054,"2024","June","MS"
"3491","49 - Montgomery",6103,"2024","June","MS"
"3492","50 - Neshoba",16871,"2024","June","MS"
"3493","51 - Newton",12870,"2024","June","MS"
"3494","52 - Noxubee",7287,"2024","June","MS"
"3495","53 - Oktibbeha",26311,"2024","June","MS"
"3496","54 - Panola",22072,"2024","June","MS"
"3497","55 - Pearl River",36154,"2024","June","MS"
"3498","56 - Perry",8347,"2024","June","MS"
"3499","57 - Pike",24056,"2024","June","MS"
"3500","58 - Pontotoc",20445,"2024","June","MS"
"3501","59 - Prentiss",14318,"2024","June","MS"
"3502","60 - Quitman",4514,"2024","June","MS"
"3503","61 - Rankin",96455,"2024","June","MS"
"3504","62 - Scott",14480,"2024","June","MS"
"3505","63 - Sharkey",3005,"2024","June","MS"
"3506","64 - Simpson",16684,"2024","June","MS"
"3507","65 - Smith",11081,"2024","June","MS"
"3508","66 - Stone",10889,"2024","June","MS"
"3509","67 - Sunflower",11526,"2024","June","MS"
"3510","68 - Tallahatchie",9561,"2024","June","MS"
"3511","69 - Tate",18198,"2024","June","MS"
"3512","70 - Tippah",13437,"2024","June","MS"
"3513","71 - Tishomingo",13147,"2024","June","MS"
"3514","72 - Tunica",5852,"2024","June","MS"
"3515","73 - Union",16816,"2024","June","MS"
"3516","74 - Walthall",10153,"2024","June","MS"
"3517","75 - Warren",24526,"2024","June","MS"
"3518","76 - Washington",26283,"2024","June","MS"
"3519","77 - Wayne",13225,"2024","June","MS"
"3520","78 - Webster",6266,"2024","June","MS"
"3521","79 - Wilkinson",6313,"2024","June","MS"
"3522","80 - Winston",11339,"2024","June","MS"
"3523","81 - Yalobusha",8041,"2024","June","MS"
"3524","82 - Yazoo",18910,"2024","June","MS"
"3525","01 - Adams",18319,"2024","March","MS"
"3526","02 - Alcorn",23800,"2024","March","MS"
"3527","03 - Amite",9658,"2024","March","MS"
"3528","04 - Attala",11191,"2024","March","MS"
"3529","05 - Benton",6061,"2024","March","MS"
"3530","06 - Bolivar",18792,"2024","March","MS"
"3531","07 - Calhoun",9045,"2024","March","MS"
"3532","08 - Carroll",7302,"2024","March","MS"
"3533","09 - Chickasaw",11185,"2024","March","MS"
"3534","10 - Choctaw",4986,"2024","March","MS"
"3535","11 - Claiborne",6134,"2024","March","MS"
"3536","12 - Clarke",11310,"2024","March","MS"
"3537","13 - Clay",13432,"2024","March","MS"
"3538","14 - Coahoma",13772,"2024","March","MS"
"3539","15 - Copiah",18503,"2024","March","MS"
"3540","16 - Covington",14160,"2024","March","MS"
"3541","17 - DeSoto",125394,"2024","March","MS"
"3542","18 - Forrest",43472,"2024","March","MS"
"3543","19 - Franklin",5809,"2024","March","MS"
"3544","20 - George",15670,"2024","March","MS"
"3545","21 - Greene",7693,"2024","March","MS"
"3546","22 - Grenada",13684,"2024","March","MS"
"3547","23 - Hancock",35434,"2024","March","MS"
"3548","24 - Harrison",147865,"2024","March","MS"
"3549","25 - Hinds",165928,"2024","March","MS"
"3550","26 - Holmes",12923,"2024","March","MS"
"3551","27 - Humphreys",6440,"2024","March","MS"
"3552","28 - Issaquena",843,"2024","March","MS"
"3553","29 - Itawamba",15161,"2024","March","MS"
"3554","30 - Jackson",89013,"2024","March","MS"
"3555","31 - Jasper",10839,"2024","March","MS"
"3556","32 - Jefferson",5679,"2024","March","MS"
"3557","33 - Jeff Davis",8342,"2024","March","MS"
"3558","34 - Jones",44511,"2024","March","MS"
"3559","35 - Kemper",7042,"2024","March","MS"
"3560","36 - Lafayette",33411,"2024","March","MS"
"3561","37 - Lamar",37762,"2024","March","MS"
"3562","38 - Lauderdale",41213,"2024","March","MS"
"3563","39 - Lawrence",8231,"2024","March","MS"
"3564","40 - Leake",13019,"2024","March","MS"
"3565","41 - Lee",50831,"2024","March","MS"
"3566","42 - Leflore",18994,"2024","March","MS"
"3567","43 - Lincoln",21245,"2024","March","MS"
"3568","44 - Lowndes",38312,"2024","March","MS"
"3569","45 - Madison",75810,"2024","March","MS"
"3570","46 - Marion",15906,"2024","March","MS"
"3571","47 - Marshall",25105,"2024","March","MS"
"3572","48 - Monroe",24067,"2024","March","MS"
"3573","49 - Montgomery",6195,"2024","March","MS"
"3574","50 - Neshoba",17064,"2024","March","MS"
"3575","51 - Newton",13082,"2024","March","MS"
"3576","52 - Noxubee",7426,"2024","March","MS"
"3577","53 - Oktibbeha",27517,"2024","March","MS"
"3578","54 - Panola",22549,"2024","March","MS"
"3579","55 - Pearl River",36708,"2024","March","MS"
"3580","56 - Perry",8422,"2024","March","MS"
"3581","57 - Pike",24404,"2024","March","MS"
"3582","58 - Pontotoc",20624,"2024","March","MS"
"3583","59 - Prentiss",14484,"2024","March","MS"
"3584","60 - Quitman",4549,"2024","March","MS"
"3585","61 - Rankin",98196,"2024","March","MS"
"3586","62 - Scott",14746,"2024","March","MS"
"3587","63 - Sharkey",3020,"2024","March","MS"
"3588","64 - Simpson",16836,"2024","March","MS"
"3589","65 - Smith",11069,"2024","March","MS"
"3590","66 - Stone",11097,"2024","March","MS"
"3591","67 - Sunflower",11948,"2024","March","MS"
"3592","68 - Tallahatchie",9551,"2024","March","MS"
"3593","69 - Tate",18479,"2024","March","MS"
"3594","70 - Tippah",13989,"2024","March","MS"
"3595","71 - Tishomingo",13219,"2024","March","MS"
"3596","72 - Tunica",5970,"2024","March","MS"
"3597","73 - Union",16979,"2024","March","MS"
"3598","74 - Walthall",10396,"2024","March","MS"
"3599","75 - Warren",25286,"2024","March","MS"
"3600","76 - Washington",26922,"2024","March","MS"
"3601","77 - Wayne",13461,"2024","March","MS"
"3602","78 - Webster",6414,"2024","March","MS"
"3603","79 - Wilkinson",6422,"2024","March","MS"
"3604","80 - Winston",11377,"2024","March","MS"
"3605","81 - Yalobusha",8086,"2024","March","MS"
"3606","82 - Yazoo",18907,"2024","March","MS"
"3607","01 - Adams",17977,"2024","May","MS"
"3608","02 - Alcorn",23838,"2024","May","MS"
"3609","03 - Amite",9540,"2024","May","MS"
"3610","04 - Attala",10978,"2024","May","MS"
"3611","05 - Benton",5975,"2024","May","MS"
"3612","06 - Bolivar",18851,"2024","May","MS"
"3613","07 - Calhoun",8985,"2024","May","MS"
"3614","08 - Carroll",7293,"2024","May","MS"
"3615","09 - Chickasaw",11031,"2024","May","MS"
"3616","10 - Choctaw",4873,"2024","May","MS"
"3617","11 - Claiborne",6072,"2024","May","MS"
"3618","12 - Clarke",11204,"2024","May","MS"
"3619","13 - Clay",13253,"2024","May","MS"
"3620","14 - Coahoma",13840,"2024","May","MS"
"3621","15 - Copiah",18265,"2024","May","MS"
"3622","16 - Covington",14143,"2024","May","MS"
"3623","17 - DeSoto",126105,"2024","May","MS"
"3624","18 - Forrest",42887,"2024","May","MS"
"3625","19 - Franklin",5717,"2024","May","MS"
"3626","20 - George",15437,"2024","May","MS"
"3627","21 - Greene",7633,"2024","May","MS"
"3628","22 - Grenada",13502,"2024","May","MS"
"3629","23 - Hancock",35618,"2024","May","MS"
"3630","24 - Harrison",148105,"2024","May","MS"
"3631","25 - Hinds",165743,"2024","May","MS"
"3632","26 - Holmes",12897,"2024","May","MS"
"3633","27 - Humphreys",6453,"2024","May","MS"
"3634","28 - Issaquena",835,"2024","May","MS"
"3635","29 - Itawamba",14609,"2024","May","MS"
"3636","30 - Jackson",86872,"2024","May","MS"
"3637","31 - Jasper",10807,"2024","May","MS"
"3638","32 - Jefferson",5661,"2024","May","MS"
"3639","33 - Jeff Davis",8251,"2024","May","MS"
"3640","34 - Jones",44483,"2024","May","MS"
"3641","35 - Kemper",7008,"2024","May","MS"
"3642","36 - Lafayette",32000,"2024","May","MS"
"3643","37 - Lamar",37222,"2024","May","MS"
"3644","38 - Lauderdale",40439,"2024","May","MS"
"3645","39 - Lawrence",8134,"2024","May","MS"
"3646","40 - Leake",12892,"2024","May","MS"
"3647","41 - Lee",49748,"2024","May","MS"
"3648","42 - Leflore",18990,"2024","May","MS"
"3649","43 - Lincoln",20912,"2024","May","MS"
"3650","44 - Lowndes",38421,"2024","May","MS"
"3651","45 - Madison",74645,"2024","May","MS"
"3652","46 - Marion",15842,"2024","May","MS"
"3653","47 - Marshall",24840,"2024","May","MS"
"3654","48 - Monroe",24093,"2024","May","MS"
"3655","49 - Montgomery",6113,"2024","May","MS"
"3656","50 - Neshoba",16891,"2024","May","MS"
"3657","51 - Newton",12862,"2024","May","MS"
"3658","52 - Noxubee",7331,"2024","May","MS"
"3659","53 - Oktibbeha",26585,"2024","May","MS"
"3660","54 - Panola",22139,"2024","May","MS"
"3661","55 - Pearl River",36125,"2024","May","MS"
"3662","56 - Perry",8384,"2024","May","MS"
"3663","57 - Pike",24004,"2024","May","MS"
"3664","58 - Pontotoc",20528,"2024","May","MS"
"3665","59 - Prentiss",14340,"2024","May","MS"
"3666","60 - Quitman",4520,"2024","May","MS"
"3667","61 - Rankin",96999,"2024","May","MS"
"3668","62 - Scott",14455,"2024","May","MS"
"3669","63 - Sharkey",3014,"2024","May","MS"
"3670","64 - Simpson",16708,"2024","May","MS"
"3671","65 - Smith",11070,"2024","May","MS"
"3672","66 - Stone",10854,"2024","May","MS"
"3673","67 - Sunflower",11725,"2024","May","MS"
"3674","68 - Tallahatchie",9551,"2024","May","MS"
"3675","69 - Tate",18325,"2024","May","MS"
"3676","70 - Tippah",14041,"2024","May","MS"
"3677","71 - Tishomingo",13097,"2024","May","MS"
"3678","72 - Tunica",5851,"2024","May","MS"
"3679","73 - Union",16913,"2024","May","MS"
"3680","74 - Walthall",10233,"2024","May","MS"
"3681","75 - Warren",24650,"2024","May","MS"
"3682","76 - Washington",26564,"2024","May","MS"
"3683","77 - Wayne",13231,"2024","May","MS"
"3684","78 - Webster",6275,"2024","May","MS"
"3685","79 - Wilkinson",6380,"2024","May","MS"
"3686","80 - Winston",11301,"2024","May","MS"
"3687","81 - Yalobusha",8031,"2024","May","MS"
"3688","82 - Yazoo",18898,"2024","May","MS"
"3689","01 - Adams",18249,"2024","November","MS"
"3690","02 - Alcorn",24213,"2024","November","MS"
"3691","03 - Amite",9695,"2024","November","MS"
"3692","04 - Attala",11326,"2024","November","MS"
"3693","05 - Benton",6057,"2024","November","MS"
"3694","06 - Bolivar",19289,"2024","November","MS"
"3695","07 - Calhoun",9087,"2024","November","MS"
"3696","08 - Carroll",7366,"2024","November","MS"
"3697","09 - Chickasaw",11272,"2024","November","MS"
"3698","10 - Choctaw",5064,"2024","November","MS"
"3699","11 - Claiborne",6314,"2024","November","MS"
"3700","12 - Clarke",11190,"2024","November","MS"
"3701","13 - Clay",13568,"2024","November","MS"
"3702","14 - Coahoma",13486,"2024","November","MS"
"3703","15 - Copiah",18638,"2024","November","MS"
"3704","16 - Covington",14243,"2024","November","MS"
"3705","17 - DeSoto",132609,"2024","November","MS"
"3706","18 - Forrest",45098,"2024","November","MS"
"3707","19 - Franklin",5890,"2024","November","MS"
"3708","20 - George",16110,"2024","November","MS"
"3709","21 - Greene",7869,"2024","November","MS"
"3710","22 - Grenada",13838,"2024","November","MS"
"3711","23 - Hancock",36674,"2024","November","MS"
"3712","24 - Harrison",151545,"2024","November","MS"
"3713","25 - Hinds",168702,"2024","November","MS"
"3714","26 - Holmes",12954,"2024","November","MS"
"3715","27 - Humphreys",6445,"2024","November","MS"
"3716","28 - Issaquena",822,"2024","November","MS"
"3717","29 - Itawamba",15120,"2024","November","MS"
"3718","30 - Jackson",91341,"2024","November","MS"
"3719","31 - Jasper",11028,"2024","November","MS"
"3720","32 - Jefferson",5255,"2024","November","MS"
"3721","33 - Jeff Davis",8413,"2024","November","MS"
"3722","34 - Jones",45407,"2024","November","MS"
"3723","35 - Kemper",7042,"2024","November","MS"
"3724","36 - Lafayette",33665,"2024","November","MS"
"3725","37 - Lamar",39440,"2024","November","MS"
"3726","38 - Lauderdale",41969,"2024","November","MS"
"3727","39 - Lawrence",8189,"2024","November","MS"
"3728","40 - Leake",13151,"2024","November","MS"
"3729","41 - Lee",52417,"2024","November","MS"
"3730","42 - Leflore",19505,"2024","November","MS"
"3731","43 - Lincoln",21804,"2024","November","MS"
"3732","44 - Lowndes",38625,"2024","November","MS"
"3733","45 - Madison",78232,"2024","November","MS"
"3734","46 - Marion",16445,"2024","November","MS"
"3735","47 - Marshall",25629,"2024","November","MS"
"3736","48 - Monroe",23534,"2024","November","MS"
"3737","49 - Montgomery",6296,"2024","November","MS"
"3738","50 - Neshoba",17335,"2024","November","MS"
"3739","51 - Newton",13287,"2024","November","MS"
"3740","52 - Noxubee",7338,"2024","November","MS"
"3741","53 - Oktibbeha",28402,"2024","November","MS"
"3742","54 - Panola",22919,"2024","November","MS"
"3743","55 - Pearl River",37812,"2024","November","MS"
"3744","56 - Perry",8520,"2024","November","MS"
"3745","57 - Pike",24877,"2024","November","MS"
"3746","58 - Pontotoc",21055,"2024","November","MS"
"3747","59 - Prentiss",14657,"2024","November","MS"
"3748","60 - Quitman",4573,"2024","November","MS"
"3749","61 - Rankin",102098,"2024","November","MS"
"3750","62 - Scott",14998,"2024","November","MS"
"3751","63 - Sharkey",2983,"2024","November","MS"
"3752","64 - Simpson",17079,"2024","November","MS"
"3753","65 - Smith",11242,"2024","November","MS"
"3754","66 - Stone",11479,"2024","November","MS"
"3755","67 - Sunflower",12021,"2024","November","MS"
"3756","68 - Tallahatchie",9681,"2024","November","MS"
"3757","69 - Tate",18930,"2024","November","MS"
"3758","70 - Tippah",13973,"2024","November","MS"
"3759","71 - Tishomingo",13407,"2024","November","MS"
"3760","72 - Tunica",5913,"2024","November","MS"
"3761","73 - Union",17253,"2024","November","MS"
"3762","74 - Walthall",10389,"2024","November","MS"
"3763","75 - Warren",25886,"2024","November","MS"
"3764","76 - Washington",27226,"2024","November","MS"
"3765","77 - Wayne",13449,"2024","November","MS"
"3766","78 - Webster",6593,"2024","November","MS"
"3767","79 - Wilkinson",6339,"2024","November","MS"
"3768","80 - Winston",11638,"2024","November","MS"
"3769","81 - Yalobusha",8279,"2024","November","MS"
"3770","82 - Yazoo",19000,"2024","November","MS"
"3771","01 - Adams",18210,"2024","October","MS"
"3772","02 - Alcorn",24125,"2024","October","MS"
"3773","03 - Amite",9646,"2024","October","MS"
"3774","04 - Attala",11264,"2024","October","MS"
"3775","05 - Benton",6047,"2024","October","MS"
"3776","06 - Bolivar",19222,"2024","October","MS"
"3777","07 - Calhoun",9039,"2024","October","MS"
"3778","08 - Carroll",7316,"2024","October","MS"
"3779","09 - Chickasaw",11188,"2024","October","MS"
"3780","10 - Choctaw",5011,"2024","October","MS"
"3781","11 - Claiborne",6282,"2024","October","MS"
"3782","12 - Clarke",11193,"2024","October","MS"
"3783","13 - Clay",13465,"2024","October","MS"
"3784","14 - Coahoma",13433,"2024","October","MS"
"3785","15 - Copiah",18544,"2024","October","MS"
"3786","16 - Covington",14232,"2024","October","MS"
"3787","17 - DeSoto",131493,"2024","October","MS"
"3788","18 - Forrest",44266,"2024","October","MS"
"3789","19 - Franklin",5831,"2024","October","MS"
"3790","20 - George",15894,"2024","October","MS"
"3791","21 - Greene",7788,"2024","October","MS"
"3792","22 - Grenada",13751,"2024","October","MS"
"3793","23 - Hancock",36528,"2024","October","MS"
"3794","24 - Harrison",150897,"2024","October","MS"
"3795","25 - Hinds",168526,"2024","October","MS"
"3796","26 - Holmes",12966,"2024","October","MS"
"3797","27 - Humphreys",6393,"2024","October","MS"
"3798","28 - Issaquena",823,"2024","October","MS"
"3799","29 - Itawamba",14945,"2024","October","MS"
"3800","30 - Jackson",90166,"2024","October","MS"
"3801","31 - Jasper",10977,"2024","October","MS"
"3802","32 - Jefferson",5230,"2024","October","MS"
"3803","33 - Jeff Davis",8410,"2024","October","MS"
"3804","34 - Jones",45275,"2024","October","MS"
"3805","35 - Kemper",7001,"2024","October","MS"
"3806","36 - Lafayette",33187,"2024","October","MS"
"3807","37 - Lamar",38928,"2024","October","MS"
"3808","38 - Lauderdale",41464,"2024","October","MS"
"3809","39 - Lawrence",8108,"2024","October","MS"
"3810","40 - Leake",13134,"2024","October","MS"
"3811","41 - Lee",51805,"2024","October","MS"
"3812","42 - Leflore",19356,"2024","October","MS"
"3813","43 - Lincoln",21605,"2024","October","MS"
"3814","44 - Lowndes",38068,"2024","October","MS"
"3815","45 - Madison",77475,"2024","October","MS"
"3816","46 - Marion",16317,"2024","October","MS"
"3817","47 - Marshall",25483,"2024","October","MS"
"3818","48 - Monroe",23321,"2024","October","MS"
"3819","49 - Montgomery",6251,"2024","October","MS"
"3820","50 - Neshoba",17255,"2024","October","MS"
"3821","51 - Newton",13178,"2024","October","MS"
"3822","52 - Noxubee",7307,"2024","October","MS"
"3823","53 - Oktibbeha",28144,"2024","October","MS"
"3824","54 - Panola",22664,"2024","October","MS"
"3825","55 - Pearl River",37489,"2024","October","MS"
"3826","56 - Perry",8490,"2024","October","MS"
"3827","57 - Pike",24693,"2024","October","MS"
"3828","58 - Pontotoc",20883,"2024","October","MS"
"3829","59 - Prentiss",14599,"2024","October","MS"
"3830","60 - Quitman",4557,"2024","October","MS"
"3831","61 - Rankin",101035,"2024","October","MS"
"3832","62 - Scott",14861,"2024","October","MS"
"3833","63 - Sharkey",2993,"2024","October","MS"
"3834","64 - Simpson",17008,"2024","October","MS"
"3835","65 - Smith",11207,"2024","October","MS"
"3836","66 - Stone",11338,"2024","October","MS"
"3837","67 - Sunflower",11860,"2024","October","MS"
"3838","68 - Tallahatchie",9677,"2024","October","MS"
"3839","69 - Tate",18816,"2024","October","MS"
"3840","70 - Tippah",13803,"2024","October","MS"
"3841","71 - Tishomingo",13358,"2024","October","MS"
"3842","72 - Tunica",5851,"2024","October","MS"
"3843","73 - Union",17083,"2024","October","MS"
"3844","74 - Walthall",10318,"2024","October","MS"
"3845","75 - Warren",25432,"2024","October","MS"
"3846","76 - Washington",26816,"2024","October","MS"
"3847","77 - Wayne",13347,"2024","October","MS"
"3848","78 - Webster",6485,"2024","October","MS"
"3849","79 - Wilkinson",6364,"2024","October","MS"
"3850","80 - Winston",11603,"2024","October","MS"
"3851","81 - Yalobusha",8228,"2024","October","MS"
"3852","82 - Yazoo",18990,"2024","October","MS"
"3853","01 - Adams",18015,"2024","September","MS"
"3854","02 - Alcorn",23971,"2024","September","MS"
"3855","03 - Amite",9533,"2024","September","MS"
"3856","04 - Attala",11106,"2024","September","MS"
"3857","05 - Benton",6024,"2024","September","MS"
"3858","06 - Bolivar",19099,"2024","September","MS"
"3859","07 - Calhoun",8953,"2024","September","MS"
"3860","08 - Carroll",7244,"2024","September","MS"
"3861","09 - Chickasaw",11114,"2024","September","MS"
"3862","10 - Choctaw",4960,"2024","September","MS"
"3863","11 - Claiborne",6185,"2024","September","MS"
"3864","12 - Clarke",11103,"2024","September","MS"
"3865","13 - Clay",13341,"2024","September","MS"
"3866","14 - Coahoma",13313,"2024","September","MS"
"3867","15 - Copiah",18408,"2024","September","MS"
"3868","16 - Covington",14070,"2024","September","MS"
"3869","17 - DeSoto",129796,"2024","September","MS"
"3870","18 - Forrest",43440,"2024","September","MS"
"3871","19 - Franklin",5763,"2024","September","MS"
"3872","20 - George",15683,"2024","September","MS"
"3873","21 - Greene",7649,"2024","September","MS"
"3874","22 - Grenada",13467,"2024","September","MS"
"3875","23 - Hancock",36306,"2024","September","MS"
"3876","24 - Harrison",149444,"2024","September","MS"
"3877","25 - Hinds",167240,"2024","September","MS"
"3878","26 - Holmes",12956,"2024","September","MS"
"3879","27 - Humphreys",6362,"2024","September","MS"
"3880","28 - Issaquena",810,"2024","September","MS"
"3881","29 - Itawamba",14739,"2024","September","MS"
"3882","30 - Jackson",88496,"2024","September","MS"
"3883","31 - Jasper",10896,"2024","September","MS"
"3884","32 - Jefferson",5217,"2024","September","MS"
"3885","33 - Jeff Davis",8314,"2024","September","MS"
"3886","34 - Jones",44708,"2024","September","MS"
"3887","35 - Kemper",6980,"2024","September","MS"
"3888","36 - Lafayette",31832,"2024","September","MS"
"3889","37 - Lamar",38354,"2024","September","MS"
"3890","38 - Lauderdale",40966,"2024","September","MS"
"3891","39 - Lawrence",8077,"2024","September","MS"
"3892","40 - Leake",13026,"2024","September","MS"
"3893","41 - Lee",51155,"2024","September","MS"
"3894","42 - Leflore",19092,"2024","September","MS"
"3895","43 - Lincoln",21203,"2024","September","MS"
"3896","44 - Lowndes",37603,"2024","September","MS"
"3897","45 - Madison",75943,"2024","September","MS"
"3898","46 - Marion",16067,"2024","September","MS"
"3899","47 - Marshall",25202,"2024","September","MS"
"3900","48 - Monroe",23115,"2024","September","MS"
"3901","49 - Montgomery",6172,"2024","September","MS"
"3902","50 - Neshoba",17083,"2024","September","MS"
"3903","51 - Newton",12963,"2024","September","MS"
"3904","52 - Noxubee",7280,"2024","September","MS"
"3905","53 - Oktibbeha",26894,"2024","September","MS"
"3906","54 - Panola",22390,"2024","September","MS"
"3907","55 - Pearl River",36787,"2024","September","MS"
"3908","56 - Perry",8393,"2024","September","MS"
"3909","57 - Pike",24314,"2024","September","MS"
"3910","58 - Pontotoc",20719,"2024","September","MS"
"3911","59 - Prentiss",14435,"2024","September","MS"
"3912","60 - Quitman",4537,"2024","September","MS"
"3913","61 - Rankin",99366,"2024","September","MS"
"3914","62 - Scott",14643,"2024","September","MS"
"3915","63 - Sharkey",2989,"2024","September","MS"
"3916","64 - Simpson",16851,"2024","September","MS"
"3917","65 - Smith",11147,"2024","September","MS"
"3918","66 - Stone",11158,"2024","September","MS"
"3919","67 - Sunflower",11619,"2024","September","MS"
"3920","68 - Tallahatchie",9621,"2024","September","MS"
"3921","69 - Tate",18592,"2024","September","MS"
"3922","70 - Tippah",13666,"2024","September","MS"
"3923","71 - Tishomingo",13145,"2024","September","MS"
"3924","72 - Tunica",5835,"2024","September","MS"
"3925","73 - Union",16972,"2024","September","MS"
"3926","74 - Walthall",10224,"2024","September","MS"
"3927","75 - Warren",25063,"2024","September","MS"
"3928","76 - Washington",26364,"2024","September","MS"
"3929","77 - Wayne",13228,"2024","September","MS"
"3930","78 - Webster",6411,"2024","September","MS"
"3931","79 - Wilkinson",6357,"2024","September","MS"
"3932","80 - Winston",11516,"2024","September","MS"
"3933","81 - Yalobusha",8133,"2024","September","MS"
"3934","82 - Yazoo",18872,"2024","September","MS"
"3935","01 - Adams",17968,"2025","April","MS"
"3936","02 - Alcorn",24157,"2025","April","MS"
"3937","03 - Amite",9585,"2025","April","MS"
"3938","04 - Attala",11252,"2025","April","MS"
"3939","05 - Benton",6028,"2025","April","MS"
"3940","06 - Bolivar",19300,"2025","April","MS"
"3941","07 - Calhoun",9094,"2025","April","MS"
"3942","08 - Carroll",7314,"2025","April","MS"
"3943","09 - Chickasaw",11263,"2025","April","MS"
"3944","10 - Choctaw",5055,"2025","April","MS"
"3945","11 - Claiborne",6219,"2025","April","MS"
"3946","12 - Clarke",11267,"2025","April","MS"
"3947","13 - Clay",13476,"2025","April","MS"
"3948","14 - Coahoma",13419,"2025","April","MS"
"3949","15 - Copiah",18455,"2025","April","MS"
"3950","16 - Covington",14243,"2025","April","MS"
"3951","17 - DeSoto",132230,"2025","April","MS"
"3952","18 - Forrest",44711,"2025","April","MS"
"3953","19 - Franklin",5765,"2025","April","MS"
"3954","20 - George",16149,"2025","April","MS"
"3955","21 - Greene",7738,"2025","April","MS"
"3956","22 - Grenada",13597,"2025","April","MS"
"3957","23 - Hancock",37032,"2025","April","MS"
"3958","24 - Harrison",147749,"2025","April","MS"
"3959","25 - Hinds",167652,"2025","April","MS"
"3960","26 - Holmes",12967,"2025","April","MS"
"3961","27 - Humphreys",6470,"2025","April","MS"
"3962","28 - Issaquena",816,"2025","April","MS"
"3963","29 - Itawamba",15074,"2025","April","MS"
"3964","30 - Jackson",91860,"2025","April","MS"
"3965","31 - Jasper",10819,"2025","April","MS"
"3966","32 - Jefferson",5244,"2025","April","MS"
"3967","33 - Jeff Davis",8330,"2025","April","MS"
"3968","34 - Jones",45089,"2025","April","MS"
"3969","35 - Kemper",6986,"2025","April","MS"
"3970","36 - Lafayette",33394,"2025","April","MS"
"3971","37 - Lamar",39673,"2025","April","MS"
"3972","38 - Lauderdale",40928,"2025","April","MS"
"3973","39 - Lawrence",8137,"2025","April","MS"
"3974","40 - Leake",13087,"2025","April","MS"
"3975","41 - Lee",52591,"2025","April","MS"
"3976","42 - Leflore",19254,"2025","April","MS"
"3977","43 - Lincoln",21705,"2025","April","MS"
"3978","44 - Lowndes",38644,"2025","April","MS"
"3979","45 - Madison",78397,"2025","April","MS"
"3980","46 - Marion",16179,"2025","April","MS"
"3981","47 - Marshall",25821,"2025","April","MS"
"3982","48 - Monroe",23485,"2025","April","MS"
"3983","49 - Montgomery",6251,"2025","April","MS"
"3984","50 - Neshoba",17282,"2025","April","MS"
"3985","51 - Newton",13237,"2025","April","MS"
"3986","52 - Noxubee",7304,"2025","April","MS"
"3987","53 - Oktibbeha",28323,"2025","April","MS"
"3988","54 - Panola",22850,"2025","April","MS"
"3989","55 - Pearl River",37867,"2025","April","MS"
"3990","56 - Perry",8368,"2025","April","MS"
"3991","57 - Pike",24689,"2025","April","MS"
"3992","58 - Pontotoc",20933,"2025","April","MS"
"3993","59 - Prentiss",14674,"2025","April","MS"
"3994","60 - Quitman",4577,"2025","April","MS"
"3995","61 - Rankin",102155,"2025","April","MS"
"3996","62 - Scott",14975,"2025","April","MS"
"3997","63 - Sharkey",2921,"2025","April","MS"
"3998","64 - Simpson",16892,"2025","April","MS"
"3999","65 - Smith",11225,"2025","April","MS"
"4000","66 - Stone",11441,"2025","April","MS"
"4001","67 - Sunflower",11056,"2025","April","MS"
"4002","68 - Tallahatchie",9588,"2025","April","MS"
"4003","69 - Tate",18877,"2025","April","MS"
"4004","70 - Tippah",13876,"2025","April","MS"
"4005","71 - Tishomingo",12946,"2025","April","MS"
"4006","72 - Tunica",5792,"2025","April","MS"
"4007","73 - Union",17272,"2025","April","MS"
"4008","74 - Walthall",10334,"2025","April","MS"
"4009","75 - Warren",25313,"2025","April","MS"
"4010","76 - Washington",26728,"2025","April","MS"
"4011","77 - Wayne",13347,"2025","April","MS"
"4012","78 - Webster",6597,"2025","April","MS"
"4013","79 - Wilkinson",6167,"2025","April","MS"
"4014","80 - Winston",11655,"2025","April","MS"
"4015","81 - Yalobusha",8347,"2025","April","MS"
"4016","82 - Yazoo",18857,"2025","April","MS"
"4017","01 - Adams",17273,"2025","August","MS"
"4018","02 - Alcorn",24109,"2025","August","MS"
"4019","03 - Amite",9382,"2025","August","MS"
"4020","04 - Attala",11027,"2025","August","MS"
"4021","05 - Benton*",5923,"2025","August","MS"
"4022","06 - Bolivar",19290,"2025","August","MS"
"4023","07 - Calhoun",9119,"2025","August","MS"
"4024","08 - Carroll",6820,"2025","August","MS"
"4025","09 - Chickasaw",9788,"2025","August","MS"
"4026","10 - Choctaw*",5024,"2025","August","MS"
"4027","11 - Claiborne*",6048,"2025","August","MS"
"4028","12 - Clarke",11343,"2025","August","MS"
"4029","13 - Clay",13255,"2025","August","MS"
"4030","14 - Coahoma",13333,"2025","August","MS"
"4031","15 - Copiah",17784,"2025","August","MS"
"4032","16 - Covington",12052,"2025","August","MS"
"4033","17 - DeSoto",132531,"2025","August","MS"
"4034","18 - Forrest",44418,"2025","August","MS"
"4035","19 - Franklin*",5475,"2025","August","MS"
"4036","20 - George",15640,"2025","August","MS"
"4037","21 - Greene",7639,"2025","August","MS"
"4038","22 - Grenada",13191,"2025","August","MS"
"4039","23 - Hancock",37199,"2025","August","MS"
"4040","24 - Harrison",144948,"2025","August","MS"
"4041","25 - Hinds",165435,"2025","August","MS"
"4042","26 - Holmes",12903,"2025","August","MS"
"4043","27 - Humphreys*",6339,"2025","August","MS"
"4044","28 - Issaquena*",766,"2025","August","MS"
"4045","29 - Itawamba",13640,"2025","August","MS"
"4046","30 - Jackson",91017,"2025","August","MS"
"4047","31 - Jasper",10832,"2025","August","MS"
"4048","32 - Jefferson*",5226,"2025","August","MS"
"4049","33 - Jeff Davis",7966,"2025","August","MS"
"4050","34 - Jones",44974,"2025","August","MS"
"4051","35 - Kemper*",6120,"2025","August","MS"
"4052","36 - Lafayette",32613,"2025","August","MS"
"4053","37 - Lamar",39714,"2025","August","MS"
"4054","38 - Lauderdale",37543,"2025","August","MS"
"4055","39 - Lawrence",7782,"2025","August","MS"
"4056","40 - Leake",11858,"2025","August","MS"
"4057","41 - Lee",48495,"2025","August","MS"
"4058","42 - Leflore",19059,"2025","August","MS"
"4059","43 - Lincoln",21655,"2025","August","MS"
"4060","44 - Lowndes",38767,"2025","August","MS"
"4061","45 - Madison",77786,"2025","August","MS"
"4062","46 - Marion",15955,"2025","August","MS"
"4063","47 - Marshall",24622,"2025","August","MS"
"4064","48 - Monroe",23206,"2025","August","MS"
"4065","49 - Montgomery*",6224,"2025","August","MS"
"4066","50 - Neshoba",16458,"2025","August","MS"
"4067","51 - Newton",12577,"2025","August","MS"
"4068","52 - Noxubee",7249,"2025","August","MS"
"4069","53 - Oktibbeha",25357,"2025","August","MS"
"4070","54 - Panola",22618,"2025","August","MS"
"4071","55 - Pearl River",37912,"2025","August","MS"
"4072","56 - Perry",8171,"2025","August","MS"
"4073","57 - Pike",24465,"2025","August","MS"
"4074","58 - Pontotoc",20860,"2025","August","MS"
"4075","59 - Prentiss",13652,"2025","August","MS"
"4076","60 - Quitman*",4500,"2025","August","MS"
"4077","61 - Rankin",102134,"2025","August","MS"
"4078","62 - Scott",13384,"2025","August","MS"
"4079","63 - Sharkey*",2931,"2025","August","MS"
"4080","64 - Simpson",16690,"2025","August","MS"
"4081","65 - Smith",11170,"2025","August","MS"
"4082","66 - Stone",10928,"2025","August","MS"
"4083","67 - Sunflower",10167,"2025","August","MS"
"4084","68 - Tallahatchie",9608,"2025","August","MS"
"4085","69 - Tate",18864,"2025","August","MS"
"4086","70 - Tippah",13256,"2025","August","MS"
"4087","71 - Tishomingo",12506,"2025","August","MS"
"4088","72 - Tunica",5719,"2025","August","MS"
"4089","73 - Union",16617,"2025","August","MS"
"4090","74 - Walthall",9896,"2025","August","MS"
"4091","75 - Warren",24378,"2025","August","MS"
"4092","76 - Washington",26227,"2025","August","MS"
"4093","77 - Wayne",12796,"2025","August","MS"
"4094","78 - Webster*",6435,"2025","August","MS"
"4095","79 - Wilkinson*",5709,"2025","August","MS"
"4096","80 - Winston",11654,"2025","August","MS"
"4097","81 - Yalobusha",8257,"2025","August","MS"
"4098","82 - Yazoo",18757,"2025","August","MS"
"4099","01 - Adams",18060,"2025","February","MS"
"4100","02 - Alcorn",24183,"2025","February","MS"
"4101","03 - Amite",9647,"2025","February","MS"
"4102","04 - Attala",11293,"2025","February","MS"
"4103","05 - Benton",6047,"2025","February","MS"
"4104","06 - Bolivar",19319,"2025","February","MS"
"4105","07 - Calhoun",9035,"2025","February","MS"
"4106","08 - Carroll",7324,"2025","February","MS"
"4107","09 - Chickasaw",11259,"2025","February","MS"
"4108","10 - Choctaw",5055,"2025","February","MS"
"4109","11 - Claiborne",6258,"2025","February","MS"
"4110","12 - Clarke",11246,"2025","February","MS"
"4111","13 - Clay",13575,"2025","February","MS"
"4112","14 - Coahoma",13302,"2025","February","MS"
"4113","15 - Copiah",18524,"2025","February","MS"
"4114","16 - Covington",14203,"2025","February","MS"
"4115","17 - DeSoto",132105,"2025","February","MS"
"4116","18 - Forrest",44790,"2025","February","MS"
"4117","19 - Franklin",5795,"2025","February","MS"
"4118","20 - George",16085,"2025","February","MS"
"4119","21 - Greene",7766,"2025","February","MS"
"4120","22 - Grenada",13699,"2025","February","MS"
"4121","23 - Hancock",36872,"2025","February","MS"
"4122","24 - Harrison",150368,"2025","February","MS"
"4123","25 - Hinds",167872,"2025","February","MS"
"4124","26 - Holmes",12935,"2025","February","MS"
"4125","27 - Humphreys",6463,"2025","February","MS"
"4126","28 - Issaquena",816,"2025","February","MS"
"4127","29 - Itawamba",15058,"2025","February","MS"
"4128","30 - Jackson",91291,"2025","February","MS"
"4129","31 - Jasper",10873,"2025","February","MS"
"4130","32 - Jefferson",5221,"2025","February","MS"
"4131","33 - Jeff Davis",8380,"2025","February","MS"
"4132","34 - Jones",45190,"2025","February","MS"
"4133","35 - Kemper",7027,"2025","February","MS"
"4134","36 - Lafayette",33509,"2025","February","MS"
"4135","37 - Lamar",39570,"2025","February","MS"
"4136","38 - Lauderdale",41428,"2025","February","MS"
"4137","39 - Lawrence",8161,"2025","February","MS"
"4138","40 - Leake",13108,"2025","February","MS"
"4139","41 - Lee",52502,"2025","February","MS"
"4140","42 - Leflore",19324,"2025","February","MS"
"4141","43 - Lincoln",21731,"2025","February","MS"
"4142","44 - Lowndes",38686,"2025","February","MS"
"4143","45 - Madison",78224,"2025","February","MS"
"4144","46 - Marion",16377,"2025","February","MS"
"4145","47 - Marshall",25765,"2025","February","MS"
"4146","48 - Monroe",23507,"2025","February","MS"
"4147","49 - Montgomery",6277,"2025","February","MS"
"4148","50 - Neshoba",17324,"2025","February","MS"
"4149","51 - Newton",13201,"2025","February","MS"
"4150","52 - Noxubee",7352,"2025","February","MS"
"4151","53 - Oktibbeha",28385,"2025","February","MS"
"4152","54 - Panola",22830,"2025","February","MS"
"4153","55 - Pearl River",37971,"2025","February","MS"
"4154","56 - Perry",8364,"2025","February","MS"
"4155","57 - Pike",24787,"2025","February","MS"
"4156","58 - Pontotoc",21007,"2025","February","MS"
"4157","59 - Prentiss",14647,"2025","February","MS"
"4158","60 - Quitman",4568,"2025","February","MS"
"4159","61 - Rankin",101913,"2025","February","MS"
"4160","62 - Scott",14992,"2025","February","MS"
"4161","63 - Sharkey",2932,"2025","February","MS"
"4162","64 - Simpson",16982,"2025","February","MS"
"4163","65 - Smith",11229,"2025","February","MS"
"4164","66 - Stone",11422,"2025","February","MS"
"4165","67 - Sunflower",11674,"2025","February","MS"
"4166","68 - Tallahatchie",9580,"2025","February","MS"
"4167","69 - Tate",18933,"2025","February","MS"
"4168","70 - Tippah",14026,"2025","February","MS"
"4169","71 - Tishomingo",13163,"2025","February","MS"
"4170","72 - Tunica",5909,"2025","February","MS"
"4171","73 - Union",17281,"2025","February","MS"
"4172","74 - Walthall",10308,"2025","February","MS"
"4173","75 - Warren",25498,"2025","February","MS"
"4174","76 - Washington",26934,"2025","February","MS"
"4175","77 - Wayne",13353,"2025","February","MS"
"4176","78 - Webster",6558,"2025","February","MS"
"4177","79 - Wilkinson",6181,"2025","February","MS"
"4178","80 - Winston",11648,"2025","February","MS"
"4179","81 - Yalobusha",8307,"2025","February","MS"
"4180","82 - Yazoo",18917,"2025","February","MS"
"4181","01 - Adams",18116,"2025","January","MS"
"4182","02 - Alcorn",24246,"2025","January","MS"
"4183","03 - Amite",9677,"2025","January","MS"
"4184","04 - Attala",11309,"2025","January","MS"
"4185","05 - Benton",6057,"2025","January","MS"
"4186","06 - Bolivar",19319,"2025","January","MS"
"4187","07 - Calhoun",9036,"2025","January","MS"
"4188","08 - Carroll",7325,"2025","January","MS"
"4189","09 - Chickasaw",11258,"2025","January","MS"
"4190","10 - Choctaw",5073,"2025","January","MS"
"4191","11 - Claiborne",6257,"2025","January","MS"
"4192","12 - Clarke",11252,"2025","January","MS"
"4193","13 - Clay",13578,"2025","January","MS"
"4194","14 - Coahoma",13324,"2025","January","MS"
"4195","15 - Copiah",18563,"2025","January","MS"
"4196","16 - Covington",14195,"2025","January","MS"
"4197","17 - DeSoto",132308,"2025","January","MS"
"4198","18 - Forrest",44827,"2025","January","MS"
"4199","19 - Franklin",5821,"2025","January","MS"
"4200","20 - George",16071,"2025","January","MS"
"4201","21 - Greene",7804,"2025","January","MS"
"4202","22 - Grenada",13760,"2025","January","MS"
"4203","23 - Hancock",36835,"2025","January","MS"
"4204","24 - Harrison",151586,"2025","January","MS"
"4205","25 - Hinds",168386,"2025","January","MS"
"4206","26 - Holmes",12939,"2025","January","MS"
"4207","27 - Humphreys",6443,"2025","January","MS"
"4208","28 - Issaquena",816,"2025","January","MS"
"4209","29 - Itawamba",15070,"2025","January","MS"
"4210","30 - Jackson",91430,"2025","January","MS"
"4211","31 - Jasper",10949,"2025","January","MS"
"4212","32 - Jefferson",5235,"2025","January","MS"
"4213","33 - Jeff Davis",8404,"2025","January","MS"
"4214","34 - Jones",45199,"2025","January","MS"
"4215","35 - Kemper",7031,"2025","January","MS"
"4216","36 - Lafayette",33496,"2025","January","MS"
"4217","37 - Lamar",39553,"2025","January","MS"
"4218","38 - Lauderdale",41875,"2025","January","MS"
"4219","39 - Lawrence",8164,"2025","January","MS"
"4220","40 - Leake",13122,"2025","January","MS"
"4221","41 - Lee",52402,"2025","January","MS"
"4222","42 - Leflore",19345,"2025","January","MS"
"4223","43 - Lincoln",21717,"2025","January","MS"
"4224","44 - Lowndes",38638,"2025","January","MS"
"4225","45 - Madison",78234,"2025","January","MS"
"4226","46 - Marion",16441,"2025","January","MS"
"4227","47 - Marshall",25720,"2025","January","MS"
"4228","48 - Monroe",23518,"2025","January","MS"
"4229","49 - Montgomery",6288,"2025","January","MS"
"4230","50 - Neshoba",17349,"2025","January","MS"
"4231","51 - Newton",13248,"2025","January","MS"
"4232","52 - Noxubee",7322,"2025","January","MS"
"4233","53 - Oktibbeha",28372,"2025","January","MS"
"4234","54 - Panola",22853,"2025","January","MS"
"4235","55 - Pearl River",37951,"2025","January","MS"
"4236","56 - Perry",8402,"2025","January","MS"
"4237","57 - Pike",24828,"2025","January","MS"
"4238","58 - Pontotoc",21030,"2025","January","MS"
"4239","59 - Prentiss",14653,"2025","January","MS"
"4240","60 - Quitman",4569,"2025","January","MS"
"4241","61 - Rankin",101938,"2025","January","MS"
"4242","62 - Scott",14986,"2025","January","MS"
"4243","63 - Sharkey",2952,"2025","January","MS"
"4244","64 - Simpson",17051,"2025","January","MS"
"4245","65 - Smith",11248,"2025","January","MS"
"4246","66 - Stone",11422,"2025","January","MS"
"4247","67 - Sunflower",11910,"2025","January","MS"
"4248","68 - Tallahatchie",9580,"2025","January","MS"
"4249","69 - Tate",18929,"2025","January","MS"
"4250","70 - Tippah",14041,"2025","January","MS"
"4251","71 - Tishomingo",13247,"2025","January","MS"
"4252","72 - Tunica",5908,"2025","January","MS"
"4253","73 - Union",17317,"2025","January","MS"
"4254","74 - Walthall",10373,"2025","January","MS"
"4255","75 - Warren",25711,"2025","January","MS"
"4256","76 - Washington",27020,"2025","January","MS"
"4257","77 - Wayne",13338,"2025","January","MS"
"4258","78 - Webster",6544,"2025","January","MS"
"4259","79 - Wilkinson",6195,"2025","January","MS"
"4260","80 - Winston",11668,"2025","January","MS"
"4261","81 - Yalobusha",8304,"2025","January","MS"
"4262","82 - Yazoo",18924,"2025","January","MS"
"4263","01 - Adams",17502,"2025","July","MS"
"4264","02 - Alcorn",24162,"2025","July","MS"
"4265","03 - Amite",9525,"2025","July","MS"
"4266","04 - Attala",11251,"2025","July","MS"
"4267","05 - Benton",5783,"2025","July","MS"
"4268","06 - Bolivar",19325,"2025","July","MS"
"4269","07 - Calhoun",9128,"2025","July","MS"
"4270","08 - Carroll",7315,"2025","July","MS"
"4271","09 - Chickasaw",10377,"2025","July","MS"
"4272","10 - Choctaw",5050,"2025","July","MS"
"4273","11 - Claiborne",6104,"2025","July","MS"
"4274","12 - Clarke",11328,"2025","July","MS"
"4275","13 - Clay",13387,"2025","July","MS"
"4276","14 - Coahoma",13357,"2025","July","MS"
"4277","15 - Copiah",18335,"2025","July","MS"
"4278","16 - Covington",12576,"2025","July","MS"
"4279","17 - DeSoto",132724,"2025","July","MS"
"4280","18 - Forrest",44597,"2025","July","MS"
"4281","19 - Franklin",5681,"2025","July","MS"
"4282","20 - George",16025,"2025","July","MS"
"4283","21 - Greene",7733,"2025","July","MS"
"4284","22 - Grenada",13453,"2025","July","MS"
"4285","23 - Hancock",37175,"2025","July","MS"
"4286","24 - Harrison",146272,"2025","July","MS"
"4287","25 - Hinds",165926,"2025","July","MS"
"4288","26 - Holmes",12909,"2025","July","MS"
"4289","27 - Humphreys",6340,"2025","July","MS"
"4290","28 - Issaquena",761,"2025","July","MS"
"4291","29 - Itawamba",14793,"2025","July","MS"
"4292","30 - Jackson",92532,"2025","July","MS"
"4293","31 - Jasper",10826,"2025","July","MS"
"4294","32 - Jefferson",5222,"2025","July","MS"
"4295","33 - Jeff Davis",8299,"2025","July","MS"
"4296","34 - Jones",44893,"2025","July","MS"
"4297","35 - Kemper",6847,"2025","July","MS"
"4298","36 - Lafayette",33245,"2025","July","MS"
"4299","37 - Lamar",39753,"2025","July","MS"
"4300","38 - Lauderdale",40841,"2025","July","MS"
"4301","39 - Lawrence",8113,"2025","July","MS"
"4302","40 - Leake",13011,"2025","July","MS"
"4303","41 - Lee",50856,"2025","July","MS"
"4304","42 - Leflore",19204,"2025","July","MS"
"4305","43 - Lincoln",21749,"2025","July","MS"
"4306","44 - Lowndes",38715,"2025","July","MS"
"4307","45 - Madison",78303,"2025","July","MS"
"4308","46 - Marion",16155,"2025","July","MS"
"4309","47 - Marshall",25754,"2025","July","MS"
"4310","48 - Monroe",23221,"2025","July","MS"
"4311","49 - Montgomery",6262,"2025","July","MS"
"4312","50 - Neshoba",17081,"2025","July","MS"
"4313","51 - Newton",13042,"2025","July","MS"
"4314","52 - Noxubee",7247,"2025","July","MS"
"4315","53 - Oktibbeha",27495,"2025","July","MS"
"4316","54 - Panola",22886,"2025","July","MS"
"4317","55 - Pearl River",37962,"2025","July","MS"
"4318","56 - Perry",8374,"2025","July","MS"
"4319","57 - Pike",24660,"2025","July","MS"
"4320","58 - Pontotoc",20932,"2025","July","MS"
"4321","59 - Prentiss",14574,"2025","July","MS"
"4322","60 - Quitman",4505,"2025","July","MS"
"4323","61 - Rankin",102038,"2025","July","MS"
"4324","62 - Scott",13726,"2025","July","MS"
"4325","63 - Sharkey",2939,"2025","July","MS"
"4326","64 - Simpson",16740,"2025","July","MS"
"4327","65 - Smith",11194,"2025","July","MS"
"4328","66 - Stone",11329,"2025","July","MS"
"4329","67 - Sunflower",10738,"2025","July","MS"
"4330","68 - Tallahatchie",9601,"2025","July","MS"
"4331","69 - Tate",18869,"2025","July","MS"
"4332","70 - Tippah",13430,"2025","July","MS"
"4333","71 - Tishomingo",12687,"2025","July","MS"
"4334","72 - Tunica",5718,"2025","July","MS"
"4335","73 - Union",16864,"2025","July","MS"
"4336","74 - Walthall",10054,"2025","July","MS"
"4337","75 - Warren",25055,"2025","July","MS"
"4338","76 - Washington",26373,"2025","July","MS"
"4339","77 - Wayne",13178,"2025","July","MS"
"4340","78 - Webster",6517,"2025","July","MS"
"4341","79 - Wilkinson",5870,"2025","July","MS"
"4342","80 - Winston",11643,"2025","July","MS"
"4343","81 - Yalobusha",8349,"2025","July","MS"
"4344","82 - Yazoo",18775,"2025","July","MS"
"4345","01 - Adams",17616,"2025","June","MS"
"4346","02 - Alcorn",24179,"2025","June","MS"
"4347","03 - Amite",9554,"2025","June","MS"
"4348","04 - Attala",11254,"2025","June","MS"
"4349","05 - Benton",6024,"2025","June","MS"
"4350","06 - Bolivar",19314,"2025","June","MS"
"4351","07 - Calhoun",9166,"2025","June","MS"
"4352","08 - Carroll",7309,"2025","June","MS"
"4353","09 - Chickasaw",10989,"2025","June","MS"
"4354","10 - Choctaw",5052,"2025","June","MS"
"4355","11 - Claiborne",6149,"2025","June","MS"
"4356","12 - Clarke",11324,"2025","June","MS"
"4357","13 - Clay",13422,"2025","June","MS"
"4358","14 - Coahoma",13424,"2025","June","MS"
"4359","15 - Copiah",18421,"2025","June","MS"
"4360","16 - Covington",12853,"2025","June","MS"
"4361","17 - DeSoto",132155,"2025","June","MS"
"4362","18 - Forrest",44514,"2025","June","MS"
"4363","19 - Franklin",5761,"2025","June","MS"
"4364","20 - George",16177,"2025","June","MS"
"4365","21 - Greene",7718,"2025","June","MS"
"4366","22 - Grenada",13544,"2025","June","MS"
"4367","23 - Hancock",37085,"2025","June","MS"
"4368","24 - Harrison",147009,"2025","June","MS"
"4369","25 - Hinds",166563,"2025","June","MS"
"4370","26 - Holmes",12939,"2025","June","MS"
"4371","27 - Humphreys",6364,"2025","June","MS"
"4372","28 - Issaquena",760,"2025","June","MS"
"4373","29 - Itawamba",15024,"2025","June","MS"
"4374","30 - Jackson",92112,"2025","June","MS"
"4375","31 - Jasper",10822,"2025","June","MS"
"4376","32 - Jefferson",5225,"2025","June","MS"
"4377","33 - Jeff Davis",8350,"2025","June","MS"
"4378","34 - Jones",44961,"2025","June","MS"
"4379","35 - Kemper",6849,"2025","June","MS"
"4380","36 - Lafayette",33478,"2025","June","MS"
"4381","37 - Lamar",39817,"2025","June","MS"
"4382","38 - Lauderdale",41029,"2025","June","MS"
"4383","39 - Lawrence",8168,"2025","June","MS"
"4384","40 - Leake",13029,"2025","June","MS"
"4385","41 - Lee",52582,"2025","June","MS"
"4386","42 - Leflore",19253,"2025","June","MS"
"4387","43 - Lincoln",21767,"2025","June","MS"
"4388","44 - Lowndes",38715,"2025","June","MS"
"4389","45 - Madison",78701,"2025","June","MS"
"4390","46 - Marion",16194,"2025","June","MS"
"4391","47 - Marshall",25878,"2025","June","MS"
"4392","48 - Monroe",23291,"2025","June","MS"
"4393","49 - Montgomery",6266,"2025","June","MS"
"4394","50 - Neshoba",17279,"2025","June","MS"
"4395","51 - Newton",13206,"2025","June","MS"
"4396","52 - Noxubee",7256,"2025","June","MS"
"4397","53 - Oktibbeha",28104,"2025","June","MS"
"4398","54 - Panola",22912,"2025","June","MS"
"4399","55 - Pearl River",37969,"2025","June","MS"
"4400","56 - Perry",8372,"2025","June","MS"
"4401","57 - Pike",24685,"2025","June","MS"
"4402","58 - Pontotoc",20941,"2025","June","MS"
"4403","59 - Prentiss",14575,"2025","June","MS"
"4404","60 - Quitman",4572,"2025","June","MS"
"4405","61 - Rankin",102469,"2025","June","MS"
"4406","62 - Scott",14937,"2025","June","MS"
"4407","63 - Sharkey",2943,"2025","June","MS"
"4408","64 - Simpson",16773,"2025","June","MS"
"4409","65 - Smith",11203,"2025","June","MS"
"4410","66 - Stone",11506,"2025","June","MS"
"4411","67 - Sunflower",10782,"2025","June","MS"
"4412","68 - Tallahatchie",9591,"2025","June","MS"
"4413","69 - Tate",18869,"2025","June","MS"
"4414","70 - Tippah",13564,"2025","June","MS"
"4415","71 - Tishomingo",12776,"2025","June","MS"
"4416","72 - Tunica",5743,"2025","June","MS"
"4417","73 - Union",17288,"2025","June","MS"
"4418","74 - Walthall",10338,"2025","June","MS"
"4419","75 - Warren",25309,"2025","June","MS"
"4420","76 - Washington",26487,"2025","June","MS"
"4421","77 - Wayne",13311,"2025","June","MS"
"4422","78 - Webster",6546,"2025","June","MS"
"4423","79 - Wilkinson",6021,"2025","June","MS"
"4424","80 - Winston",11679,"2025","June","MS"
"4425","81 - Yalobusha",8374,"2025","June","MS"
"4426","82 - Yazoo",18800,"2025","June","MS"
"4427","01 - Adams",18050,"2025","March","MS"
"4428","02 - Alcorn",24178,"2025","March","MS"
"4429","03 - Amite",9582,"2025","March","MS"
"4430","04 - Attala",11274,"2025","March","MS"
"4431","05 - Benton",6027,"2025","March","MS"
"4432","06 - Bolivar",19288,"2025","March","MS"
"4433","07 - Calhoun",9073,"2025","March","MS"
"4434","08 - Carroll",7309,"2025","March","MS"
"4435","09 - Chickasaw",11274,"2025","March","MS"
"4436","10 - Choctaw",5040,"2025","March","MS"
"4437","11 - Claiborne",6251,"2025","March","MS"
"4438","12 - Clarke",11282,"2025","March","MS"
"4439","13 - Clay",13527,"2025","March","MS"
"4440","14 - Coahoma",13419,"2025","March","MS"
"4441","15 - Copiah",18476,"2025","March","MS"
"4442","16 - Covington",14253,"2025","March","MS"
"4443","17 - DeSoto",131810,"2025","March","MS"
"4444","18 - Forrest",44762,"2025","March","MS"
"4445","19 - Franklin",5783,"2025","March","MS"
"4446","20 - George",16131,"2025","March","MS"
"4447","21 - Greene",7732,"2025","March","MS"
"4448","22 - Grenada",13621,"2025","March","MS"
"4449","23 - Hancock",37016,"2025","March","MS"
"4450","24 - Harrison",149188,"2025","March","MS"
"4451","25 - Hinds",167641,"2025","March","MS"
"4452","26 - Holmes",12966,"2025","March","MS"
"4453","27 - Humphreys",6466,"2025","March","MS"
"4454","28 - Issaquena",816,"2025","March","MS"
"4455","29 - Itawamba",15068,"2025","March","MS"
"4456","30 - Jackson",91682,"2025","March","MS"
"4457","31 - Jasper",10890,"2025","March","MS"
"4458","32 - Jefferson",5246,"2025","March","MS"
"4459","33 - Jeff Davis",8336,"2025","March","MS"
"4460","34 - Jones",45124,"2025","March","MS"
"4461","35 - Kemper",6963,"2025","March","MS"
"4462","36 - Lafayette",33519,"2025","March","MS"
"4463","37 - Lamar",39637,"2025","March","MS"
"4464","38 - Lauderdale",40889,"2025","March","MS"
"4465","39 - Lawrence",8123,"2025","March","MS"
"4466","40 - Leake",13093,"2025","March","MS"
"4467","41 - Lee",52557,"2025","March","MS"
"4468","42 - Leflore",19278,"2025","March","MS"
"4469","43 - Lincoln",21735,"2025","March","MS"
"4470","44 - Lowndes",38640,"2025","March","MS"
"4471","45 - Madison",78302,"2025","March","MS"
"4472","46 - Marion",16350,"2025","March","MS"
"4473","47 - Marshall",25762,"2025","March","MS"
"4474","48 - Monroe",23523,"2025","March","MS"
"4475","49 - Montgomery",6263,"2025","March","MS"
"4476","50 - Neshoba",17284,"2025","March","MS"
"4477","51 - Newton",13220,"2025","March","MS"
"4478","52 - Noxubee",7328,"2025","March","MS"
"4479","53 - Oktibbeha",28424,"2025","March","MS"
"4480","54 - Panola",22833,"2025","March","MS"
"4481","55 - Pearl River",37855,"2025","March","MS"
"4482","56 - Perry",8376,"2025","March","MS"
"4483","57 - Pike",24724,"2025","March","MS"
"4484","58 - Pontotoc",20971,"2025","March","MS"
"4485","59 - Prentiss",14680,"2025","March","MS"
"4486","60 - Quitman",4575,"2025","March","MS"
"4487","61 - Rankin",101999,"2025","March","MS"
"4488","62 - Scott",14978,"2025","March","MS"
"4489","63 - Sharkey",2916,"2025","March","MS"
"4490","64 - Simpson",16905,"2025","March","MS"
"4491","65 - Smith",11220,"2025","March","MS"
"4492","66 - Stone",11420,"2025","March","MS"
"4493","67 - Sunflower",11487,"2025","March","MS"
"4494","68 - Tallahatchie",9585,"2025","March","MS"
"4495","69 - Tate",18959,"2025","March","MS"
"4496","70 - Tippah",13987,"2025","March","MS"
"4497","71 - Tishomingo",13144,"2025","March","MS"
"4498","72 - Tunica",5817,"2025","March","MS"
"4499","73 - Union",17294,"2025","March","MS"
"4500","74 - Walthall",10326,"2025","March","MS"
"4501","75 - Warren",25269,"2025","March","MS"
"4502","76 - Washington",26826,"2025","March","MS"
"4503","77 - Wayne",13348,"2025","March","MS"
"4504","78 - Webster",6563,"2025","March","MS"
"4505","79 - Wilkinson",6176,"2025","March","MS"
"4506","80 - Winston",11670,"2025","March","MS"
"4507","81 - Yalobusha",8304,"2025","March","MS"
"4508","82 - Yazoo",18866,"2025","March","MS"
"4509","01 - Adams",17728,"2025","May","MS"
"4510","02 - Alcorn",24174,"2025","May","MS"
"4511","03 - Amite",9573,"2025","May","MS"
"4512","04 - Attala",11300,"2025","May","MS"
"4513","05 - Benton",6036,"2025","May","MS"
"4514","06 - Bolivar",19341,"2025","May","MS"
"4515","07 - Calhoun",9171,"2025","May","MS"
"4516","08 - Carroll",7329,"2025","May","MS"
"4517","09 - Chickasaw",11221,"2025","May","MS"
"4518","10 - Choctaw",5065,"2025","May","MS"
"4519","11 - Claiborne",6149,"2025","May","MS"
"4520","12 - Clarke",11326,"2025","May","MS"
"4521","13 - Clay",13419,"2025","May","MS"
"4522","14 - Coahoma",13452,"2025","May","MS"
"4523","15 - Copiah",18444,"2025","May","MS"
"4524","16 - Covington",14209,"2025","May","MS"
"4525","17 - DeSoto",132599,"2025","May","MS"
"4526","18 - Forrest",44574,"2025","May","MS"
"4527","19 - Franklin",5762,"2025","May","MS"
"4528","20 - George",16166,"2025","May","MS"
"4529","21 - Greene",7715,"2025","May","MS"
"4530","22 - Grenada",13543,"2025","May","MS"
"4531","23 - Hancock",37106,"2025","May","MS"
"4532","24 - Harrison",147081,"2025","May","MS"
"4533","25 - Hinds",167019,"2025","May","MS"
"4534","26 - Holmes",12954,"2025","May","MS"
"4535","27 - Humphreys",6453,"2025","May","MS"
"4536","28 - Issaquena",769,"2025","May","MS"
"4537","29 - Itawamba",15047,"2025","May","MS"
"4538","30 - Jackson",92211,"2025","May","MS"
"4539","31 - Jasper",10834,"2025","May","MS"
"4540","32 - Jefferson",5242,"2025","May","MS"
"4541","33 - Jeff Davis",8336,"2025","May","MS"
"4542","34 - Jones",45021,"2025","May","MS"
"4543","35 - Kemper",6909,"2025","May","MS"
"4544","36 - Lafayette",33460,"2025","May","MS"
"4545","37 - Lamar",39743,"2025","May","MS"
"4546","38 - Lauderdale",41013,"2025","May","MS"
"4547","39 - Lawrence",8178,"2025","May","MS"
"4548","40 - Leake",13039,"2025","May","MS"
"4549","41 - Lee",52594,"2025","May","MS"
"4550","42 - Leflore",19260,"2025","May","MS"
"4551","43 - Lincoln",21742,"2025","May","MS"
"4552","44 - Lowndes",38736,"2025","May","MS"
"4553","45 - Madison",78542,"2025","May","MS"
"4554","46 - Marion",16172,"2025","May","MS"
"4555","47 - Marshall",25887,"2025","May","MS"
"4556","48 - Monroe",23464,"2025","May","MS"
"4557","49 - Montgomery",6262,"2025","May","MS"
"4558","50 - Neshoba",17340,"2025","May","MS"
"4559","51 - Newton",13246,"2025","May","MS"
"4560","52 - Noxubee",7271,"2025","May","MS"
"4561","53 - Oktibbeha",28189,"2025","May","MS"
"4562","54 - Panola",22915,"2025","May","MS"
"4563","55 - Pearl River",37923,"2025","May","MS"
"4564","56 - Perry",8402,"2025","May","MS"
"4565","57 - Pike",24667,"2025","May","MS"
"4566","58 - Pontotoc",20969,"2025","May","MS"
"4567","59 - Prentiss",14580,"2025","May","MS"
"4568","60 - Quitman",4569,"2025","May","MS"
"4569","61 - Rankin",102367,"2025","May","MS"
"4570","62 - Scott",14957,"2025","May","MS"
"4571","63 - Sharkey",2950,"2025","May","MS"
"4572","64 - Simpson",16805,"2025","May","MS"
"4573","65 - Smith",11224,"2025","May","MS"
"4574","66 - Stone",11504,"2025","May","MS"
"4575","67 - Sunflower",10736,"2025","May","MS"
"4576","68 - Tallahatchie",9586,"2025","May","MS"
"4577","69 - Tate",18890,"2025","May","MS"
"4578","70 - Tippah",13580,"2025","May","MS"
"4579","71 - Tishomingo",12782,"2025","May","MS"
"4580","72 - Tunica",5773,"2025","May","MS"
"4581","73 - Union",17263,"2025","May","MS"
"4582","74 - Walthall",10306,"2025","May","MS"
"4583","75 - Warren",25308,"2025","May","MS"
"4584","76 - Washington",26608,"2025","May","MS"
"4585","77 - Wayne",13336,"2025","May","MS"
"4586","78 - Webster",6574,"2025","May","MS"
"4587","79 - Wilkinson",6166,"2025","May","MS"
"4588","80 - Winston",11661,"2025","May","MS"
"4589","81 - Yalobusha",8374,"2025","May","MS"
"4590","82 - Yazoo",18825,"2025","May","MS"
"4591","01 - Adams",17139,"2025","November","MS"
"4592","02 - Alcorn",24003,"2025","November","MS"
"4593","03 - Amite",8823,"2025","November","MS"
"4594","04 - Attala",10495,"2025","November","MS"
"4595","05 - Benton*",5889,"2025","November","MS"
"4596","06 - Bolivar",18531,"2025","November","MS"
"4597","07 - Calhoun",9113,"2025","November","MS"
"4598","08 - Carroll",6581,"2025","November","MS"
"4599","09 - Chickasaw",10827,"2025","November","MS"
"4600","10 - Choctaw*",4974,"2025","November","MS"
"4601","11 - Claiborne*",6019,"2025","November","MS"
"4602","12 - Clarke",11139,"2025","November","MS"
"4603","13 - Clay",12990,"2025","November","MS"
"4604","14 - Coahoma",13295,"2025","November","MS"
"4605","15 - Copiah",17356,"2025","November","MS"
"4606","16 - Covington",12116,"2025","November","MS"
"4607","17 - DeSoto",131516,"2025","November","MS"
"4608","18 - Forrest",44387,"2025","November","MS"
"4609","19 - Franklin*",5239,"2025","November","MS"
"4610","20 - George",15389,"2025","November","MS"
"4611","21 - Greene",7393,"2025","November","MS"
"4612","22 - Grenada",12807,"2025","November","MS"
"4613","23 - Hancock",36918,"2025","November","MS"
"4614","24 - Harrison",140113,"2025","November","MS"
"4615","25 - Hinds",164816,"2025","November","MS"
"4616","26 - Holmes",12575,"2025","November","MS"
"4617","27 - Humphreys*",6341,"2025","November","MS"
"4618","28 - Issaquena*",764,"2025","November","MS"
"4619","29 - Itawamba",13902,"2025","November","MS"
"4620","30 - Jackson",85833,"2025","November","MS"
"4621","31 - Jasper",10677,"2025","November","MS"
"4622","32 - Jefferson*",5209,"2025","November","MS"
"4623","33 - Jeff Davis",7756,"2025","November","MS"
"4624","34 - Jones",44395,"2025","November","MS"
"4625","35 - Kemper*",6130,"2025","November","MS"
"4626","36 - Lafayette",32432,"2025","November","MS"
"4627","37 - Lamar",39952,"2025","November","MS"
"4628","38 - Lauderdale",37762,"2025","November","MS"
"4629","39 - Lawrence",7576,"2025","November","MS"
"4630","40 - Leake",11866,"2025","November","MS"
"4631","41 - Lee",48913,"2025","November","MS"
"4632","42 - Leflore",19133,"2025","November","MS"
"4633","43 - Lincoln",21249,"2025","November","MS"
"4634","44 - Lowndes",38394,"2025","November","MS"
"4635","45 - Madison",76234,"2025","November","MS"
"4636","46 - Marion",15447,"2025","November","MS"
"4637","47 - Marshall",24149,"2025","November","MS"
"4638","48 - Monroe",23259,"2025","November","MS"
"4639","49 - Montgomery*",6156,"2025","November","MS"
"4640","50 - Neshoba",15956,"2025","November","MS"
"4641","51 - Newton",12503,"2025","November","MS"
"4642","52 - Noxubee",7213,"2025","November","MS"
"4643","53 - Oktibbeha",25519,"2025","November","MS"
"4644","54 - Panola",22664,"2025","November","MS"
"4645","55 - Pearl River",36413,"2025","November","MS"
"4646","56 - Perry",7925,"2025","November","MS"
"4647","57 - Pike",24108,"2025","November","MS"
"4648","58 - Pontotoc",20828,"2025","November","MS"
"4649","59 - Prentiss",13726,"2025","November","MS"
"4650","60 - Quitman*",4443,"2025","November","MS"
"4651","61 - Rankin",98139,"2025","November","MS"
"4652","62 - Scott",13376,"2025","November","MS"
"4653","63 - Sharkey*",2932,"2025","November","MS"
"4654","64 - Simpson",16218,"2025","November","MS"
"4655","65 - Smith",11127,"2025","November","MS"
"4656","66 - Stone",11112,"2025","November","MS"
"4657","67 - Sunflower",10295,"2025","November","MS"
"4658","68 - Tallahatchie",9481,"2025","November","MS"
"4659","69 - Tate",18882,"2025","November","MS"
"4660","70 - Tippah",13305,"2025","November","MS"
"4661","71 - Tishomingo",12255,"2025","November","MS"
"4662","72 - Tunica",5629,"2025","November","MS"
"4663","73 - Union",16782,"2025","November","MS"
"4664","74 - Walthall",9850,"2025","November","MS"
"4665","75 - Warren",23870,"2025","November","MS"
"4666","76 - Washington",24167,"2025","November","MS"
"4667","77 - Wayne",12709,"2025","November","MS"
"4668","78 - Webster*",6314,"2025","November","MS"
"4669","79 - Wilkinson*",5253,"2025","November","MS"
"4670","80 - Winston",11619,"2025","November","MS"
"4671","81 - Yalobusha",7880,"2025","November","MS"
"4672","82 - Yazoo",18816,"2025","November","MS"
"4673","01 - Adams",17146,"2025","October","MS"
"4674","02 - Alcorn",24015,"2025","October","MS"
"4675","03 - Amite",8824,"2025","October","MS"
"4676","04 - Attala",10667,"2025","October","MS"
"4677","05 - Benton*",5887,"2025","October","MS"
"4678","06 - Bolivar",18783,"2025","October","MS"
"4679","07 - Calhoun",9106,"2025","October","MS"
"4680","08 - Carroll",6625,"2025","October","MS"
"4681","09 - Chickasaw",10803,"2025","October","MS"
"4682","10 - Choctaw*",5003,"2025","October","MS"
"4683","11 - Claiborne*",6025,"2025","October","MS"
"4684","12 - Clarke",11311,"2025","October","MS"
"4685","13 - Clay",13076,"2025","October","MS"
"4686","14 - Coahoma",13333,"2025","October","MS"
"4687","15 - Copiah",17360,"2025","October","MS"
"4688","16 - Covington",12132,"2025","October","MS"
"4689","17 - DeSoto",132270,"2025","October","MS"
"4690","18 - Forrest",44528,"2025","October","MS"
"4691","19 - Franklin*",5332,"2025","October","MS"
"4692","20 - George",15445,"2025","October","MS"
"4693","21 - Greene",7399,"2025","October","MS"
"4694","22 - Grenada",12845,"2025","October","MS"
"4695","23 - Hancock",37143,"2025","October","MS"
"4696","24 - Harrison",144082,"2025","October","MS"
"4697","25 - Hinds",165090,"2025","October","MS"
"4698","26 - Holmes",12823,"2025","October","MS"
"4699","27 - Humphreys*",6342,"2025","October","MS"
"4700","28 - Issaquena*",764,"2025","October","MS"
"4701","29 - Itawamba",13839,"2025","October","MS"
"4702","30 - Jackson",88292,"2025","October","MS"
"4703","31 - Jasper",10696,"2025","October","MS"
"4704","32 - Jefferson*",5198,"2025","October","MS"
"4705","33 - Jeff Davis",7748,"2025","October","MS"
"4706","34 - Jones",44513,"2025","October","MS"
"4707","35 - Kemper*",6139,"2025","October","MS"
"4708","36 - Lafayette",32454,"2025","October","MS"
"4709","37 - Lamar",39868,"2025","October","MS"
"4710","38 - Lauderdale",37764,"2025","October","MS"
"4711","39 - Lawrence",7579,"2025","October","MS"
"4712","40 - Leake",11877,"2025","October","MS"
"4713","41 - Lee",48887,"2025","October","MS"
"4714","42 - Leflore",19127,"2025","October","MS"
"4715","43 - Lincoln",21218,"2025","October","MS"
"4716","44 - Lowndes",38516,"2025","October","MS"
"4717","45 - Madison",76395,"2025","October","MS"
"4718","46 - Marion",15633,"2025","October","MS"
"4719","47 - Marshall",24243,"2025","October","MS"
"4720","48 - Monroe",23232,"2025","October","MS"
"4721","49 - Montgomery*",6185,"2025","October","MS"
"4722","50 - Neshoba",15954,"2025","October","MS"
"4723","51 - Newton",12502,"2025","October","MS"
"4724","52 - Noxubee",7208,"2025","October","MS"
"4725","53 - Oktibbeha",25481,"2025","October","MS"
"4726","54 - Panola",22673,"2025","October","MS"
"4727","55 - Pearl River",36743,"2025","October","MS"
"4728","56 - Perry",7938,"2025","October","MS"
"4729","57 - Pike",24137,"2025","October","MS"
"4730","58 - Pontotoc",20820,"2025","October","MS"
"4731","59 - Prentiss",13691,"2025","October","MS"
"4732","60 - Quitman*",4458,"2025","October","MS"
"4733","61 - Rankin",97826,"2025","October","MS"
"4734","62 - Scott",13367,"2025","October","MS"
"4735","63 - Sharkey*",2933,"2025","October","MS"
"4736","64 - Simpson",16273,"2025","October","MS"
"4737","65 - Smith",11147,"2025","October","MS"
"4738","66 - Stone",10964,"2025","October","MS"
"4739","67 - Sunflower",10282,"2025","October","MS"
"4740","68 - Tallahatchie",9477,"2025","October","MS"
"4741","69 - Tate",18873,"2025","October","MS"
"4742","70 - Tippah",13287,"2025","October","MS"
"4743","71 - Tishomingo",12235,"2025","October","MS"
"4744","72 - Tunica",5649,"2025","October","MS"
"4745","73 - Union",16703,"2025","October","MS"
"4746","74 - Walthall",9828,"2025","October","MS"
"4747","75 - Warren",23887,"2025","October","MS"
"4748","76 - Washington",24191,"2025","October","MS"
"4749","77 - Wayne",12716,"2025","October","MS"
"4750","78 - Webster*",6299,"2025","October","MS"
"4751","79 - Wilkinson*",5381,"2025","October","MS"
"4752","80 - Winston",11645,"2025","October","MS"
"4753","81 - Yalobusha",7887,"2025","October","MS"
"4754","82 - Yazoo",18817,"2025","October","MS"
"4755","01 - Adams",17141,"2025","September","MS"
"4756","02 - Alcorn",24068,"2025","September","MS"
"4757","03 - Amite",9101,"2025","September","MS"
"4758","04 - Attala",10807,"2025","September","MS"
"4759","05 - Benton*",5900,"2025","September","MS"
"4760","06 - Bolivar",18899,"2025","September","MS"
"4761","07 - Calhoun",9101,"2025","September","MS"
"4762","08 - Carroll",6656,"2025","September","MS"
"4763","09 - Chickasaw",9488,"2025","September","MS"
"4764","10 - Choctaw*",5003,"2025","September","MS"
"4765","11 - Claiborne*",6026,"2025","September","MS"
"4766","12 - Clarke",11320,"2025","September","MS"
"4767","13 - Clay",13172,"2025","September","MS"
"4768","14 - Coahoma",13311,"2025","September","MS"
"4769","15 - Copiah",17481,"2025","September","MS"
"4770","16 - Covington",12101,"2025","September","MS"
"4771","17 - DeSoto",131863,"2025","September","MS"
"4772","18 - Forrest",44369,"2025","September","MS"
"4773","19 - Franklin*",5453,"2025","September","MS"
"4774","20 - George",15512,"2025","September","MS"
"4775","21 - Greene",7440,"2025","September","MS"
"4776","22 - Grenada",12940,"2025","September","MS"
"4777","23 - Hancock",37206,"2025","September","MS"
"4778","24 - Harrison",144443,"2025","September","MS"
"4779","25 - Hinds",165223,"2025","September","MS"
"4780","26 - Holmes",12882,"2025","September","MS"
"4781","27 - Humphreys*",6345,"2025","September","MS"
"4782","28 - Issaquena*",763,"2025","September","MS"
"4783","29 - Itawamba",13678,"2025","September","MS"
"4784","30 - Jackson",89990,"2025","September","MS"
"4785","31 - Jasper",10747,"2025","September","MS"
"4786","32 - Jefferson*",5206,"2025","September","MS"
"4787","33 - Jeff Davis",7768,"2025","September","MS"
"4788","34 - Jones",44769,"2025","September","MS"
"4789","35 - Kemper*",6131,"2025","September","MS"
"4790","36 - Lafayette",32505,"2025","September","MS"
"4791","37 - Lamar",39868,"2025","September","MS"
"4792","38 - Lauderdale",37665,"2025","September","MS"
"4793","39 - Lawrence",7639,"2025","September","MS"
"4794","40 - Leake",11867,"2025","September","MS"
"4795","41 - Lee",48675,"2025","September","MS"
"4796","42 - Leflore",19057,"2025","September","MS"
"4797","43 - Lincoln",21369,"2025","September","MS"
"4798","44 - Lowndes",38379,"2025","September","MS"
"4799","45 - Madison",76834,"2025","September","MS"
"4800","46 - Marion",15698,"2025","September","MS"
"4801","47 - Marshall",24340,"2025","September","MS"
"4802","48 - Monroe",23198,"2025","September","MS"
"4803","49 - Montgomery*",6177,"2025","September","MS"
"4804","50 - Neshoba",15897,"2025","September","MS"
"4805","51 - Newton",12505,"2025","September","MS"
"4806","52 - Noxubee",7220,"2025","September","MS"
"4807","53 - Oktibbeha",25389,"2025","September","MS"
"4808","54 - Panola",22656,"2025","September","MS"
"4809","55 - Pearl River",37542,"2025","September","MS"
"4810","56 - Perry",7927,"2025","September","MS"
"4811","57 - Pike",24260,"2025","September","MS"
"4812","58 - Pontotoc",20730,"2025","September","MS"
"4813","59 - Prentiss",13667,"2025","September","MS"
"4814","60 - Quitman*",4485,"2025","September","MS"
"4815","61 - Rankin",102000,"2025","September","MS"
"4816","62 - Scott",13362,"2025","September","MS"
"4817","63 - Sharkey*",2928,"2025","September","MS"
"4818","64 - Simpson",16558,"2025","September","MS"
"4819","65 - Smith",11147,"2025","September","MS"
"4820","66 - Stone",10849,"2025","September","MS"
"4821","67 - Sunflower",10147,"2025","September","MS"
"4822","68 - Tallahatchie",9481,"2025","September","MS"
"4823","69 - Tate",18835,"2025","September","MS"
"4824","70 - Tippah",13271,"2025","September","MS"
"4825","71 - Tishomingo",12238,"2025","September","MS"
"4826","72 - Tunica",5715,"2025","September","MS"
"4827","73 - Union",16678,"2025","September","MS"
"4828","74 - Walthall",9807,"2025","September","MS"
"4829","75 - Warren",24052,"2025","September","MS"
"4830","76 - Washington",24325,"2025","September","MS"
"4831","77 - Wayne",12738,"2025","September","MS"
"4832","78 - Webster*",6390,"2025","September","MS"
"4833","79 - Wilkinson*",5600,"2025","September","MS"
"4834","80 - Winston",11665,"2025","September","MS"
"4835","81 - Yalobusha",7945,"2025","September","MS"
"4836","82 - Yazoo",18795,"2025","September","MS"
