"","county","count","month","year","state"
"1","Adams","19243","April","2019","NE"
"2","Antelope","4431","April","2019","NE"
"3","Arthur","330","April","2019","NE"
"4","Banner","528","April","2019","NE"
"5","Blaine","388","April","2019","NE"
"6","Boone","3660","April","2019","NE"
"7","Box Butte","7593","April","2019","NE"
"8","Boyd","1379","April","2019","NE"
"9","Brown","2085","April","2019","NE"
"10","Buffalo","29573","April","2019","NE"
"11","Burt","4785","April","2019","NE"
"12","Butler","5487","April","2019","NE"
"13","Cass","17675","April","2019","NE"
"14","Cedar","5612","April","2019","NE"
"15","Chase","2479","April","2019","NE"
"16","Cherry","4058","April","2019","NE"
"17","Cheyenne","6250","April","2019","NE"
"18","Clay","4263","April","2019","NE"
"19","Colfax","5111","April","2019","NE"
"20","Cuming","5708","April","2019","NE"
"21","Custer","7798","April","2019","NE"
"22","Dakota","10630","April","2019","NE"
"23","Dawes","5392","April","2019","NE"
"24","Dawson","13412","April","2019","NE"
"25","Deuel","1384","April","2019","NE"
"26","Dixon","3726","April","2019","NE"
"27","Dodge","21961","April","2019","NE"
"28","Douglas","352225","April","2019","NE"
"29","Dundy","1243","April","2019","NE"
"30","Fillmore","3951","April","2019","NE"
"31","Franklin","2232","April","2019","NE"
"32","Frontier","1824","April","2019","NE"
"33","Furnas","3375","April","2019","NE"
"34","Gage","14067","April","2019","NE"
"35","Garden","1351","April","2019","NE"
"36","Garfield","1274","April","2019","NE"
"37","Gosper","1422","April","2019","NE"
"38","Grant","486","April","2019","NE"
"39","Greeley","1565","April","2019","NE"
"40","Hall","33070","April","2019","NE"
"41","Hamilton","6589","April","2019","NE"
"42","Harlan","2413","April","2019","NE"
"43","Hayes","692","April","2019","NE"
"44","Hitchcock","1903","April","2019","NE"
"45","Holt","6964","April","2019","NE"
"46","Hooker","528","April","2019","NE"
"47","Howard","4437","April","2019","NE"
"48","Jefferson","4884","April","2019","NE"
"49","Johnson","2748","April","2019","NE"
"50","Kearney","4429","April","2019","NE"
"51","Keith","5928","April","2019","NE"
"52","Keya Paha","632","April","2019","NE"
"53","Kimball","2735","April","2019","NE"
"54","Knox","5573","April","2019","NE"
"55","Lancaster","190235","April","2019","NE"
"56","Lincoln","23532","April","2019","NE"
"57","Logan","543","April","2019","NE"
"58","Loup","504","April","2019","NE"
"59","Madison","21275","April","2019","NE"
"60","Mcpherson","338","April","2019","NE"
"61","Merrick","4663","April","2019","NE"
"62","Morrill","3031","April","2019","NE"
"63","Nance","2338","April","2019","NE"
"64","Nemaha","4435","April","2019","NE"
"65","Nuckolls","3127","April","2019","NE"
"66","Otoe","10446","April","2019","NE"
"67","Pawnee","1807","April","2019","NE"
"68","Perkins","1936","April","2019","NE"
"69","Phelps","6113","April","2019","NE"
"70","Pierce","4830","April","2019","NE"
"71","Platte","20025","April","2019","NE"
"72","Polk","3501","April","2019","NE"
"73","Red Willow","7006","April","2019","NE"
"74","Richardson","5419","April","2019","NE"
"75","Rock","1007","April","2019","NE"
"76","Saline","7754","April","2019","NE"
"77","Sarpy","112029","April","2019","NE"
"78","Saunders","14786","April","2019","NE"
"79","Scotts Bluff","23800","April","2019","NE"
"80","Seward","10962","April","2019","NE"
"81","Sheridan","3718","April","2019","NE"
"82","Sherman","1992","April","2019","NE"
"83","Sioux","880","April","2019","NE"
"84","Stanton","3756","April","2019","NE"
"85","Thayer","3692","April","2019","NE"
"86","Thomas","499","April","2019","NE"
"87","Thurston","4421","April","2019","NE"
"88","Valley","2971","April","2019","NE"
"89","Washington","14330","April","2019","NE"
"90","Wayne","5254","April","2019","NE"
"91","Webster","2293","April","2019","NE"
"92","Wheeler","602","April","2019","NE"
"93","York","9777","April","2019","NE"
"94","Grand Total","1203108","April","2019","NE"
"95","Adams","19186","August","2019","NE"
"96","Antelope","4439","August","2019","NE"
"97","Arthur","329","August","2019","NE"
"98","Banner","527","August","2019","NE"
"99","Blaine","389","August","2019","NE"
"100","Boone","3630","August","2019","NE"
"101","Box Butte","7554","August","2019","NE"
"102","Boyd","1369","August","2019","NE"
"103","Brown","2098","August","2019","NE"
"104","Buffalo","29617","August","2019","NE"
"105","Burt","4766","August","2019","NE"
"106","Butler","5475","August","2019","NE"
"107","Cass","17732","August","2019","NE"
"108","Cedar","5620","August","2019","NE"
"109","Chase","2462","August","2019","NE"
"110","Cherry","3948","August","2019","NE"
"111","Cheyenne","6238","August","2019","NE"
"112","Clay","4215","August","2019","NE"
"113","Colfax","5072","August","2019","NE"
"114","Cuming","5696","August","2019","NE"
"115","Custer","7804","August","2019","NE"
"116","Dakota","10609","August","2019","NE"
"117","Dawes","5394","August","2019","NE"
"118","Dawson","13380","August","2019","NE"
"119","Deuel","1396","August","2019","NE"
"120","Dixon","3725","August","2019","NE"
"121","Dodge","21704","August","2019","NE"
"122","Douglas","353245","August","2019","NE"
"123","Dundy","1215","August","2019","NE"
"124","Fillmore","3960","August","2019","NE"
"125","Franklin","2227","August","2019","NE"
"126","Frontier","1830","August","2019","NE"
"127","Furnas","3398","August","2019","NE"
"128","Gage","14059","August","2019","NE"
"129","Garden","1359","August","2019","NE"
"130","Garfield","1267","August","2019","NE"
"131","Gosper","1432","August","2019","NE"
"132","Grant","482","August","2019","NE"
"133","Greeley","1576","August","2019","NE"
"134","Hall","33217","August","2019","NE"
"135","Hamilton","6540","August","2019","NE"
"136","Harlan","2404","August","2019","NE"
"137","Hayes","696","August","2019","NE"
"138","Hitchcock","1897","August","2019","NE"
"139","Holt","6968","August","2019","NE"
"140","Hooker","527","August","2019","NE"
"141","Howard","4434","August","2019","NE"
"142","Jefferson","4865","August","2019","NE"
"143","Johnson","2739","August","2019","NE"
"144","Kearney","4399","August","2019","NE"
"145","Keith","5951","August","2019","NE"
"146","Keya Paha","627","August","2019","NE"
"147","Kimball","2727","August","2019","NE"
"148","Knox","5557","August","2019","NE"
"149","Lancaster","190775","August","2019","NE"
"150","Lincoln","23459","August","2019","NE"
"151","Logan","546","August","2019","NE"
"152","Loup","504","August","2019","NE"
"153","Madison","21240","August","2019","NE"
"154","Mcpherson","339","August","2019","NE"
"155","Merrick","4688","August","2019","NE"
"156","Morrill","3034","August","2019","NE"
"157","Nance","2340","August","2019","NE"
"158","Nemaha","4423","August","2019","NE"
"159","Nuckolls","3130","August","2019","NE"
"160","Otoe","10449","August","2019","NE"
"161","Pawnee","1799","August","2019","NE"
"162","Perkins","1881","August","2019","NE"
"163","Phelps","6016","August","2019","NE"
"164","Pierce","4817","August","2019","NE"
"165","Platte","19991","August","2019","NE"
"166","Polk","3520","August","2019","NE"
"167","Red Willow","6991","August","2019","NE"
"168","Richardson","5410","August","2019","NE"
"169","Rock","1016","August","2019","NE"
"170","Saline","7773","August","2019","NE"
"171","Sarpy","112644","August","2019","NE"
"172","Saunders","14868","August","2019","NE"
"173","Scotts Bluff","23747","August","2019","NE"
"174","Seward","10973","August","2019","NE"
"175","Sheridan","3716","August","2019","NE"
"176","Sherman","2003","August","2019","NE"
"177","Sioux","885","August","2019","NE"
"178","Stanton","3783","August","2019","NE"
"179","Thayer","3672","August","2019","NE"
"180","Thomas","492","August","2019","NE"
"181","Thurston","4418","August","2019","NE"
"182","Valley","2969","August","2019","NE"
"183","Washington","14376","August","2019","NE"
"184","Wayne","5216","August","2019","NE"
"185","Webster","2291","August","2019","NE"
"186","Wheeler","595","August","2019","NE"
"187","York","9720","August","2019","NE"
"188","Grand Total","1204481","August","2019","NE"
"189","Adams","19233","December","2019","NE"
"190","Antelope","4493","December","2019","NE"
"191","Arthur","327","December","2019","NE"
"192","Banner","534","December","2019","NE"
"193","Blaine","386","December","2019","NE"
"194","Boone","3625","December","2019","NE"
"195","Box Butte","7602","December","2019","NE"
"196","Boyd","1365","December","2019","NE"
"197","Brown","2113","December","2019","NE"
"198","Buffalo","29775","December","2019","NE"
"199","Burt","4798","December","2019","NE"
"200","Butler","5468","December","2019","NE"
"201","Cass","17861","December","2019","NE"
"202","Cedar","5627","December","2019","NE"
"203","Chase","2452","December","2019","NE"
"204","Cherry","3917","December","2019","NE"
"205","Cheyenne","6238","December","2019","NE"
"206","Clay","4226","December","2019","NE"
"207","Colfax","5108","December","2019","NE"
"208","Cuming","5699","December","2019","NE"
"209","Custer","7833","December","2019","NE"
"210","Dakota","10686","December","2019","NE"
"211","Dawes","5378","December","2019","NE"
"212","Dawson","13383","December","2019","NE"
"213","Deuel","1362","December","2019","NE"
"214","Dixon","3714","December","2019","NE"
"215","Dodge","21733","December","2019","NE"
"216","Douglas","354659","December","2019","NE"
"217","Dundy","1222","December","2019","NE"
"218","Fillmore","3961","December","2019","NE"
"219","Franklin","2239","December","2019","NE"
"220","Frontier","1836","December","2019","NE"
"221","Furnas","3437","December","2019","NE"
"222","Gage","14094","December","2019","NE"
"223","Garden","1356","December","2019","NE"
"224","Garfield","1267","December","2019","NE"
"225","Gosper","1423","December","2019","NE"
"226","Grant","480","December","2019","NE"
"227","Greeley","1562","December","2019","NE"
"228","Hall","33433","December","2019","NE"
"229","Hamilton","6591","December","2019","NE"
"230","Harlan","2411","December","2019","NE"
"231","Hayes","696","December","2019","NE"
"232","Hitchcock","1871","December","2019","NE"
"233","Holt","6972","December","2019","NE"
"234","Hooker","529","December","2019","NE"
"235","Howard","4441","December","2019","NE"
"236","Jefferson","4846","December","2019","NE"
"237","Johnson","2756","December","2019","NE"
"238","Kearney","4409","December","2019","NE"
"239","Keith","5954","December","2019","NE"
"240","Keya Paha","627","December","2019","NE"
"241","Kimball","2721","December","2019","NE"
"242","Knox","5558","December","2019","NE"
"243","Lancaster","191385","December","2019","NE"
"244","Lincoln","23584","December","2019","NE"
"245","Logan","548","December","2019","NE"
"246","Loup","504","December","2019","NE"
"247","Madison","21284","December","2019","NE"
"248","Mcpherson","344","December","2019","NE"
"249","Merrick","4716","December","2019","NE"
"250","Morrill","3061","December","2019","NE"
"251","Nance","2349","December","2019","NE"
"252","Nemaha","4273","December","2019","NE"
"253","Nuckolls","3154","December","2019","NE"
"254","Otoe","10479","December","2019","NE"
"255","Pawnee","1811","December","2019","NE"
"256","Perkins","1884","December","2019","NE"
"257","Phelps","6018","December","2019","NE"
"258","Pierce","4821","December","2019","NE"
"259","Platte","20022","December","2019","NE"
"260","Polk","3525","December","2019","NE"
"261","Red Willow","7017","December","2019","NE"
"262","Richardson","5419","December","2019","NE"
"263","Rock","1016","December","2019","NE"
"264","Saline","7756","December","2019","NE"
"265","Sarpy","113585","December","2019","NE"
"266","Saunders","14978","December","2019","NE"
"267","Scotts Bluff","23769","December","2019","NE"
"268","Seward","11047","December","2019","NE"
"269","Sheridan","3711","December","2019","NE"
"270","Sherman","1994","December","2019","NE"
"271","Sioux","880","December","2019","NE"
"272","Stanton","3787","December","2019","NE"
"273","Thayer","3669","December","2019","NE"
"274","Thomas","494","December","2019","NE"
"275","Thurston","4352","December","2019","NE"
"276","Valley","2955","December","2019","NE"
"277","Washington","14439","December","2019","NE"
"278","Wayne","5199","December","2019","NE"
"279","Webster","2310","December","2019","NE"
"280","Wheeler","606","December","2019","NE"
"281","York","9714","December","2019","NE"
"282","Grand Total","1208746","December","2019","NE"
"283","Adams","19791","February","2019","NE"
"284","Antelope","4483","February","2019","NE"
"285","Arthur","332","February","2019","NE"
"286","Banner","545","February","2019","NE"
"287","Blaine","392","February","2019","NE"
"288","Boone","3703","February","2019","NE"
"289","Box Butte","7722","February","2019","NE"
"290","Boyd","1433","February","2019","NE"
"291","Brown","2108","February","2019","NE"
"292","Buffalo","29913","February","2019","NE"
"293","Burt","4855","February","2019","NE"
"294","Butler","5562","February","2019","NE"
"295","Cass","17988","February","2019","NE"
"296","Cedar","5636","February","2019","NE"
"297","Chase","2520","February","2019","NE"
"298","Cherry","4171","February","2019","NE"
"299","Cheyenne","6370","February","2019","NE"
"300","Clay","4319","February","2019","NE"
"301","Colfax","5158","February","2019","NE"
"302","Cuming","5759","February","2019","NE"
"303","Custer","7881","February","2019","NE"
"304","Dakota","10994","February","2019","NE"
"305","Dawes","5513","February","2019","NE"
"306","Dawson","13609","February","2019","NE"
"307","Deuel","1389","February","2019","NE"
"308","Dixon","3773","February","2019","NE"
"309","Dodge","22255","February","2019","NE"
"310","Douglas","359170","February","2019","NE"
"311","Dundy","1275","February","2019","NE"
"312","Fillmore","4031","February","2019","NE"
"313","Franklin","2267","February","2019","NE"
"314","Frontier","1850","February","2019","NE"
"315","Furnas","3431","February","2019","NE"
"316","Gage","14274","February","2019","NE"
"317","Garden","1358","February","2019","NE"
"318","Garfield","1289","February","2019","NE"
"319","Gosper","1448","February","2019","NE"
"320","Grant","505","February","2019","NE"
"321","Greeley","1563","February","2019","NE"
"322","Hall","33721","February","2019","NE"
"323","Hamilton","6656","February","2019","NE"
"324","Harlan","2419","February","2019","NE"
"325","Hayes","705","February","2019","NE"
"326","Hitchcock","1964","February","2019","NE"
"327","Holt","7029","February","2019","NE"
"328","Hooker","536","February","2019","NE"
"329","Howard","4521","February","2019","NE"
"330","Jefferson","4947","February","2019","NE"
"331","Johnson","2751","February","2019","NE"
"332","Kearney","4467","February","2019","NE"
"333","Keith","6102","February","2019","NE"
"334","Keya Paha","634","February","2019","NE"
"335","Kimball","2835","February","2019","NE"
"336","Knox","5674","February","2019","NE"
"337","Lancaster","192729","February","2019","NE"
"338","Lincoln","24028","February","2019","NE"
"339","Logan","549","February","2019","NE"
"340","Loup","511","February","2019","NE"
"341","Madison","21476","February","2019","NE"
"342","Mcpherson","343","February","2019","NE"
"343","Merrick","4677","February","2019","NE"
"344","Morrill","3067","February","2019","NE"
"345","Nance","2363","February","2019","NE"
"346","Nemaha","4579","February","2019","NE"
"347","Nuckolls","3188","February","2019","NE"
"348","Otoe","10555","February","2019","NE"
"349","Pawnee","1836","February","2019","NE"
"350","Perkins","1970","February","2019","NE"
"351","Phelps","6237","February","2019","NE"
"352","Pierce","4892","February","2019","NE"
"353","Platte","20170","February","2019","NE"
"354","Polk","3552","February","2019","NE"
"355","Red Willow","7236","February","2019","NE"
"356","Richardson","5566","February","2019","NE"
"357","Rock","1014","February","2019","NE"
"358","Saline","7959","February","2019","NE"
"359","Sarpy","114016","February","2019","NE"
"360","Saunders","15008","February","2019","NE"
"361","Scotts Bluff","24442","February","2019","NE"
"362","Seward","11084","February","2019","NE"
"363","Sheridan","3792","February","2019","NE"
"364","Sherman","1996","February","2019","NE"
"365","Sioux","894","February","2019","NE"
"366","Stanton","3814","February","2019","NE"
"367","Thayer","3798","February","2019","NE"
"368","Thomas","511","February","2019","NE"
"369","Thurston","4585","February","2019","NE"
"370","Valley","3017","February","2019","NE"
"371","Washington","14449","February","2019","NE"
"372","Wayne","5334","February","2019","NE"
"373","Webster","2385","February","2019","NE"
"374","Wheeler","601","February","2019","NE"
"375","York","9908","February","2019","NE"
"376","Grand Total","1223727","February","2019","NE"
"377","Adams","19791","January","2019","NE"
"378","Antelope","4488","January","2019","NE"
"379","Arthur","333","January","2019","NE"
"380","Banner","546","January","2019","NE"
"381","Blaine","393","January","2019","NE"
"382","Boone","3704","January","2019","NE"
"383","Box Butte","7732","January","2019","NE"
"384","Boyd","1438","January","2019","NE"
"385","Brown","2123","January","2019","NE"
"386","Buffalo","29929","January","2019","NE"
"387","Burt","4867","January","2019","NE"
"388","Butler","5579","January","2019","NE"
"389","Cass","18012","January","2019","NE"
"390","Cedar","5774","January","2019","NE"
"391","Chase","2532","January","2019","NE"
"392","Cherry","4197","January","2019","NE"
"393","Cheyenne","6395","January","2019","NE"
"394","Clay","4323","January","2019","NE"
"395","Colfax","5150","January","2019","NE"
"396","Cuming","5758","January","2019","NE"
"397","Custer","7880","January","2019","NE"
"398","Dakota","10979","January","2019","NE"
"399","Dawes","5530","January","2019","NE"
"400","Dawson","13598","January","2019","NE"
"401","Deuel","1392","January","2019","NE"
"402","Dixon","3777","January","2019","NE"
"403","Dodge","22281","January","2019","NE"
"404","Douglas","358504","January","2019","NE"
"405","Dundy","1278","January","2019","NE"
"406","Fillmore","4041","January","2019","NE"
"407","Franklin","2271","January","2019","NE"
"408","Frontier","1851","January","2019","NE"
"409","Furnas","3431","January","2019","NE"
"410","Gage","14289","January","2019","NE"
"411","Garden","1354","January","2019","NE"
"412","Garfield","1291","January","2019","NE"
"413","Gosper","1448","January","2019","NE"
"414","Grant","504","January","2019","NE"
"415","Greeley","1565","January","2019","NE"
"416","Hall","33710","January","2019","NE"
"417","Hamilton","6672","January","2019","NE"
"418","Harlan","2431","January","2019","NE"
"419","Hayes","706","January","2019","NE"
"420","Hitchcock","1963","January","2019","NE"
"421","Holt","7023","January","2019","NE"
"422","Hooker","537","January","2019","NE"
"423","Howard","4521","January","2019","NE"
"424","Jefferson","4925","January","2019","NE"
"425","Johnson","2757","January","2019","NE"
"426","Kearney","4468","January","2019","NE"
"427","Keith","6099","January","2019","NE"
"428","Keya Paha","634","January","2019","NE"
"429","Kimball","2825","January","2019","NE"
"430","Knox","5672","January","2019","NE"
"431","Lancaster","192923","January","2019","NE"
"432","Lincoln","24027","January","2019","NE"
"433","Logan","551","January","2019","NE"
"434","Loup","512","January","2019","NE"
"435","Madison","21495","January","2019","NE"
"436","Mcpherson","342","January","2019","NE"
"437","Merrick","4682","January","2019","NE"
"438","Morrill","3061","January","2019","NE"
"439","Nance","2369","January","2019","NE"
"440","Nemaha","4565","January","2019","NE"
"441","Nuckolls","3197","January","2019","NE"
"442","Otoe","10552","January","2019","NE"
"443","Pawnee","1838","January","2019","NE"
"444","Perkins","1968","January","2019","NE"
"445","Phelps","6259","January","2019","NE"
"446","Pierce","4917","January","2019","NE"
"447","Platte","20201","January","2019","NE"
"448","Polk","3560","January","2019","NE"
"449","Red Willow","7254","January","2019","NE"
"450","Richardson","5566","January","2019","NE"
"451","Rock","1019","January","2019","NE"
"452","Saline","7954","January","2019","NE"
"453","Sarpy","114068","January","2019","NE"
"454","Saunders","15051","January","2019","NE"
"455","Scotts Bluff","24450","January","2019","NE"
"456","Seward","11100","January","2019","NE"
"457","Sheridan","3781","January","2019","NE"
"458","Sherman","1998","January","2019","NE"
"459","Sioux","914","January","2019","NE"
"460","Stanton","3806","January","2019","NE"
"461","Thayer","3806","January","2019","NE"
"462","Thomas","511","January","2019","NE"
"463","Thurston","4577","January","2019","NE"
"464","Valley","3026","January","2019","NE"
"465","Washington","14489","January","2019","NE"
"466","Wayne","5352","January","2019","NE"
"467","Webster","2386","January","2019","NE"
"468","Wheeler","601","January","2019","NE"
"469","York","9874","January","2019","NE"
"470","Grand Total","1223873","January","2019","NE"
"471","Adams","19183","July","2019","NE"
"472","Antelope","4437","July","2019","NE"
"473","Arthur","329","July","2019","NE"
"474","Banner","526","July","2019","NE"
"475","Blaine","386","July","2019","NE"
"476","Boone","3629","July","2019","NE"
"477","Box Butte","7553","July","2019","NE"
"478","Boyd","1373","July","2019","NE"
"479","Brown","2093","July","2019","NE"
"480","Buffalo","29608","July","2019","NE"
"481","Burt","4773","July","2019","NE"
"482","Butler","5474","July","2019","NE"
"483","Cass","17731","July","2019","NE"
"484","Cedar","5617","July","2019","NE"
"485","Chase","2466","July","2019","NE"
"486","Cherry","3943","July","2019","NE"
"487","Cheyenne","6245","July","2019","NE"
"488","Clay","4212","July","2019","NE"
"489","Colfax","5064","July","2019","NE"
"490","Cuming","5674","July","2019","NE"
"491","Custer","7789","July","2019","NE"
"492","Dakota","10618","July","2019","NE"
"493","Dawes","5392","July","2019","NE"
"494","Dawson","13373","July","2019","NE"
"495","Deuel","1407","July","2019","NE"
"496","Dixon","3725","July","2019","NE"
"497","Dodge","21715","July","2019","NE"
"498","Douglas","352895","July","2019","NE"
"499","Dundy","1224","July","2019","NE"
"500","Fillmore","3971","July","2019","NE"
"501","Franklin","2224","July","2019","NE"
"502","Frontier","1827","July","2019","NE"
"503","Furnas","3402","July","2019","NE"
"504","Gage","14065","July","2019","NE"
"505","Garden","1359","July","2019","NE"
"506","Garfield","1271","July","2019","NE"
"507","Gosper","1431","July","2019","NE"
"508","Grant","481","July","2019","NE"
"509","Greeley","1576","July","2019","NE"
"510","Hall","33181","July","2019","NE"
"511","Hamilton","6553","July","2019","NE"
"512","Harlan","2408","July","2019","NE"
"513","Hayes","696","July","2019","NE"
"514","Hitchcock","1892","July","2019","NE"
"515","Holt","6964","July","2019","NE"
"516","Hooker","528","July","2019","NE"
"517","Howard","4440","July","2019","NE"
"518","Jefferson","4873","July","2019","NE"
"519","Johnson","2749","July","2019","NE"
"520","Kearney","4403","July","2019","NE"
"521","Keith","5939","July","2019","NE"
"522","Keya Paha","629","July","2019","NE"
"523","Kimball","2723","July","2019","NE"
"524","Knox","5565","July","2019","NE"
"525","Lancaster","190710","July","2019","NE"
"526","Lincoln","23489","July","2019","NE"
"527","Logan","544","July","2019","NE"
"528","Loup","505","July","2019","NE"
"529","Madison","21242","July","2019","NE"
"530","Mcpherson","339","July","2019","NE"
"531","Merrick","4682","July","2019","NE"
"532","Morrill","3037","July","2019","NE"
"533","Nance","2340","July","2019","NE"
"534","Nemaha","4433","July","2019","NE"
"535","Nuckolls","3125","July","2019","NE"
"536","Otoe","10452","July","2019","NE"
"537","Pawnee","1802","July","2019","NE"
"538","Perkins","1885","July","2019","NE"
"539","Phelps","6030","July","2019","NE"
"540","Pierce","4820","July","2019","NE"
"541","Platte","20028","July","2019","NE"
"542","Polk","3515","July","2019","NE"
"543","Red Willow","6989","July","2019","NE"
"544","Richardson","5408","July","2019","NE"
"545","Rock","1018","July","2019","NE"
"546","Saline","7776","July","2019","NE"
"547","Sarpy","112384","July","2019","NE"
"548","Saunders","14852","July","2019","NE"
"549","Scotts Bluff","23820","July","2019","NE"
"550","Seward","10976","July","2019","NE"
"551","Sheridan","3718","July","2019","NE"
"552","Sherman","1990","July","2019","NE"
"553","Sioux","883","July","2019","NE"
"554","Stanton","3775","July","2019","NE"
"555","Thayer","3674","July","2019","NE"
"556","Thomas","497","July","2019","NE"
"557","Thurston","4425","July","2019","NE"
"558","Valley","2963","July","2019","NE"
"559","Washington","14352","July","2019","NE"
"560","Wayne","5215","July","2019","NE"
"561","Webster","2288","July","2019","NE"
"562","Wheeler","600","July","2019","NE"
"563","York","9716","July","2019","NE"
"564","Grand Total","1203901","July","2019","NE"
"565","Adams","19206","June","2019","NE"
"566","Antelope","4435","June","2019","NE"
"567","Arthur","330","June","2019","NE"
"568","Banner","525","June","2019","NE"
"569","Blaine","386","June","2019","NE"
"570","Boone","3641","June","2019","NE"
"571","Box Butte","7585","June","2019","NE"
"572","Boyd","1375","June","2019","NE"
"573","Brown","2087","June","2019","NE"
"574","Buffalo","29638","June","2019","NE"
"575","Burt","4786","June","2019","NE"
"576","Butler","5479","June","2019","NE"
"577","Cass","17712","June","2019","NE"
"578","Cedar","5619","June","2019","NE"
"579","Chase","2465","June","2019","NE"
"580","Cherry","3932","June","2019","NE"
"581","Cheyenne","6247","June","2019","NE"
"582","Clay","4217","June","2019","NE"
"583","Colfax","5055","June","2019","NE"
"584","Cuming","5697","June","2019","NE"
"585","Custer","7789","June","2019","NE"
"586","Dakota","10631","June","2019","NE"
"587","Dawes","5409","June","2019","NE"
"588","Dawson","13393","June","2019","NE"
"589","Deuel","1402","June","2019","NE"
"590","Dixon","3733","June","2019","NE"
"591","Dodge","21759","June","2019","NE"
"592","Douglas","352659","June","2019","NE"
"593","Dundy","1229","June","2019","NE"
"594","Fillmore","3964","June","2019","NE"
"595","Franklin","2228","June","2019","NE"
"596","Frontier","1824","June","2019","NE"
"597","Furnas","3393","June","2019","NE"
"598","Gage","14059","June","2019","NE"
"599","Garden","1359","June","2019","NE"
"600","Garfield","1267","June","2019","NE"
"601","Gosper","1421","June","2019","NE"
"602","Grant","481","June","2019","NE"
"603","Greeley","1574","June","2019","NE"
"604","Hall","33125","June","2019","NE"
"605","Hamilton","6566","June","2019","NE"
"606","Harlan","2410","June","2019","NE"
"607","Hayes","697","June","2019","NE"
"608","Hitchcock","1896","June","2019","NE"
"609","Holt","6967","June","2019","NE"
"610","Hooker","528","June","2019","NE"
"611","Howard","4444","June","2019","NE"
"612","Jefferson","4879","June","2019","NE"
"613","Johnson","2755","June","2019","NE"
"614","Kearney","4418","June","2019","NE"
"615","Keith","5933","June","2019","NE"
"616","Keya Paha","630","June","2019","NE"
"617","Kimball","2726","June","2019","NE"
"618","Knox","5564","June","2019","NE"
"619","Lancaster","190647","June","2019","NE"
"620","Lincoln","23506","June","2019","NE"
"621","Logan","547","June","2019","NE"
"622","Loup","500","June","2019","NE"
"623","Madison","21298","June","2019","NE"
"624","Mcpherson","338","June","2019","NE"
"625","Merrick","4687","June","2019","NE"
"626","Morrill","3037","June","2019","NE"
"627","Nance","2335","June","2019","NE"
"628","Nemaha","4414","June","2019","NE"
"629","Nuckolls","3136","June","2019","NE"
"630","Otoe","10463","June","2019","NE"
"631","Pawnee","1804","June","2019","NE"
"632","Perkins","1894","June","2019","NE"
"633","Phelps","6035","June","2019","NE"
"634","Pierce","4819","June","2019","NE"
"635","Platte","20049","June","2019","NE"
"636","Polk","3513","June","2019","NE"
"637","Red Willow","7006","June","2019","NE"
"638","Richardson","5412","June","2019","NE"
"639","Rock","1015","June","2019","NE"
"640","Saline","7779","June","2019","NE"
"641","Sarpy","112298","June","2019","NE"
"642","Saunders","14832","June","2019","NE"
"643","Scotts Bluff","23865","June","2019","NE"
"644","Seward","10978","June","2019","NE"
"645","Sheridan","3721","June","2019","NE"
"646","Sherman","1989","June","2019","NE"
"647","Sioux","880","June","2019","NE"
"648","Stanton","3764","June","2019","NE"
"649","Thayer","3678","June","2019","NE"
"650","Thomas","499","June","2019","NE"
"651","Thurston","4431","June","2019","NE"
"652","Valley","2968","June","2019","NE"
"653","Washington","14351","June","2019","NE"
"654","Wayne","5221","June","2019","NE"
"655","Webster","2306","June","2019","NE"
"656","Wheeler","601","June","2019","NE"
"657","York","9727","June","2019","NE"
"658","Grand Total","1203872","June","2019","NE"
"659","Adams","19295","March","2019","NE"
"660","Antelope","4433","March","2019","NE"
"661","Arthur","329","March","2019","NE"
"662","Banner","528","March","2019","NE"
"663","Blaine","389","March","2019","NE"
"664","Boone","3674","March","2019","NE"
"665","Box Butte","7585","March","2019","NE"
"666","Boyd","1383","March","2019","NE"
"667","Brown","2084","March","2019","NE"
"668","Buffalo","29532","March","2019","NE"
"669","Burt","4785","March","2019","NE"
"670","Butler","5487","March","2019","NE"
"671","Cass","17821","March","2019","NE"
"672","Cedar","5612","March","2019","NE"
"673","Chase","2483","March","2019","NE"
"674","Cherry","4061","March","2019","NE"
"675","Cheyenne","6264","March","2019","NE"
"676","Clay","4266","March","2019","NE"
"677","Colfax","5106","March","2019","NE"
"678","Cuming","5697","March","2019","NE"
"679","Custer","7810","March","2019","NE"
"680","Dakota","10620","March","2019","NE"
"681","Dawes","5380","March","2019","NE"
"682","Dawson","13398","March","2019","NE"
"683","Deuel","1387","March","2019","NE"
"684","Dixon","3730","March","2019","NE"
"685","Dodge","21964","March","2019","NE"
"686","Douglas","351870","March","2019","NE"
"687","Dundy","1248","March","2019","NE"
"688","Fillmore","3952","March","2019","NE"
"689","Franklin","2238","March","2019","NE"
"690","Frontier","1824","March","2019","NE"
"691","Furnas","3377","March","2019","NE"
"692","Gage","14058","March","2019","NE"
"693","Garden","1352","March","2019","NE"
"694","Garfield","1272","March","2019","NE"
"695","Gosper","1421","March","2019","NE"
"696","Grant","486","March","2019","NE"
"697","Greeley","1567","March","2019","NE"
"698","Hall","33062","March","2019","NE"
"699","Hamilton","6564","March","2019","NE"
"700","Harlan","2418","March","2019","NE"
"701","Hayes","694","March","2019","NE"
"702","Hitchcock","1905","March","2019","NE"
"703","Holt","6975","March","2019","NE"
"704","Hooker","530","March","2019","NE"
"705","Howard","4432","March","2019","NE"
"706","Jefferson","4890","March","2019","NE"
"707","Johnson","2741","March","2019","NE"
"708","Kearney","4426","March","2019","NE"
"709","Keith","5927","March","2019","NE"
"710","Keya Paha","632","March","2019","NE"
"711","Kimball","2744","March","2019","NE"
"712","Knox","5588","March","2019","NE"
"713","Lancaster","189610","March","2019","NE"
"714","Lincoln","23498","March","2019","NE"
"715","Logan","543","March","2019","NE"
"716","Loup","505","March","2019","NE"
"717","Madison","21284","March","2019","NE"
"718","Mcpherson","338","March","2019","NE"
"719","Merrick","4651","March","2019","NE"
"720","Morrill","3035","March","2019","NE"
"721","Nance","2337","March","2019","NE"
"722","Nemaha","4426","March","2019","NE"
"723","Nuckolls","3135","March","2019","NE"
"724","Otoe","10449","March","2019","NE"
"725","Pawnee","1807","March","2019","NE"
"726","Perkins","1942","March","2019","NE"
"727","Phelps","6155","March","2019","NE"
"728","Pierce","4831","March","2019","NE"
"729","Platte","20022","March","2019","NE"
"730","Polk","3503","March","2019","NE"
"731","Red Willow","6994","March","2019","NE"
"732","Richardson","5429","March","2019","NE"
"733","Rock","1005","March","2019","NE"
"734","Saline","7745","March","2019","NE"
"735","Sarpy","112090","March","2019","NE"
"736","Saunders","14768","March","2019","NE"
"737","Scotts Bluff","23854","March","2019","NE"
"738","Seward","10952","March","2019","NE"
"739","Sheridan","3726","March","2019","NE"
"740","Sherman","1991","March","2019","NE"
"741","Sioux","880","March","2019","NE"
"742","Stanton","3754","March","2019","NE"
"743","Thayer","3699","March","2019","NE"
"744","Thomas","501","March","2019","NE"
"745","Thurston","4425","March","2019","NE"
"746","Valley","2982","March","2019","NE"
"747","Washington","14323","March","2019","NE"
"748","Wayne","5245","March","2019","NE"
"749","Webster","2303","March","2019","NE"
"750","Wheeler","598","March","2019","NE"
"751","York","9779","March","2019","NE"
"752","Grand Total","1202410","March","2019","NE"
"753","Adams","19194","May","2019","NE"
"754","Antelope","4431","May","2019","NE"
"755","Arthur","329","May","2019","NE"
"756","Banner","528","May","2019","NE"
"757","Blaine","388","May","2019","NE"
"758","Boone","3647","May","2019","NE"
"759","Box Butte","7593","May","2019","NE"
"760","Boyd","1377","May","2019","NE"
"761","Brown","2088","May","2019","NE"
"762","Buffalo","29594","May","2019","NE"
"763","Burt","4782","May","2019","NE"
"764","Butler","5488","May","2019","NE"
"765","Cass","17700","May","2019","NE"
"766","Cedar","5619","May","2019","NE"
"767","Chase","2488","May","2019","NE"
"768","Cherry","3936","May","2019","NE"
"769","Cheyenne","6244","May","2019","NE"
"770","Clay","4219","May","2019","NE"
"771","Colfax","5055","May","2019","NE"
"772","Cuming","5696","May","2019","NE"
"773","Custer","7796","May","2019","NE"
"774","Dakota","10637","May","2019","NE"
"775","Dawes","5390","May","2019","NE"
"776","Dawson","13407","May","2019","NE"
"777","Deuel","1405","May","2019","NE"
"778","Dixon","3730","May","2019","NE"
"779","Dodge","21944","May","2019","NE"
"780","Douglas","352526","May","2019","NE"
"781","Dundy","1232","May","2019","NE"
"782","Fillmore","3958","May","2019","NE"
"783","Franklin","2226","May","2019","NE"
"784","Frontier","1826","May","2019","NE"
"785","Furnas","3384","May","2019","NE"
"786","Gage","14059","May","2019","NE"
"787","Garden","1352","May","2019","NE"
"788","Garfield","1271","May","2019","NE"
"789","Gosper","1420","May","2019","NE"
"790","Grant","483","May","2019","NE"
"791","Greeley","1563","May","2019","NE"
"792","Hall","33095","May","2019","NE"
"793","Hamilton","6571","May","2019","NE"
"794","Harlan","2411","May","2019","NE"
"795","Hayes","692","May","2019","NE"
"796","Hitchcock","1903","May","2019","NE"
"797","Holt","6974","May","2019","NE"
"798","Hooker","526","May","2019","NE"
"799","Howard","4438","May","2019","NE"
"800","Jefferson","4879","May","2019","NE"
"801","Johnson","2751","May","2019","NE"
"802","Kearney","4416","May","2019","NE"
"803","Keith","5931","May","2019","NE"
"804","Keya Paha","632","May","2019","NE"
"805","Kimball","2724","May","2019","NE"
"806","Knox","5563","May","2019","NE"
"807","Lancaster","190556","May","2019","NE"
"808","Lincoln","23520","May","2019","NE"
"809","Logan","546","May","2019","NE"
"810","Loup","501","May","2019","NE"
"811","Madison","21269","May","2019","NE"
"812","Mcpherson","338","May","2019","NE"
"813","Merrick","4679","May","2019","NE"
"814","Morrill","3041","May","2019","NE"
"815","Nance","2335","May","2019","NE"
"816","Nemaha","4421","May","2019","NE"
"817","Nuckolls","3135","May","2019","NE"
"818","Otoe","10451","May","2019","NE"
"819","Pawnee","1804","May","2019","NE"
"820","Perkins","1898","May","2019","NE"
"821","Phelps","6103","May","2019","NE"
"822","Pierce","4820","May","2019","NE"
"823","Platte","20047","May","2019","NE"
"824","Polk","3501","May","2019","NE"
"825","Red Willow","7011","May","2019","NE"
"826","Richardson","5421","May","2019","NE"
"827","Rock","1011","May","2019","NE"
"828","Saline","7755","May","2019","NE"
"829","Sarpy","112145","May","2019","NE"
"830","Saunders","14799","May","2019","NE"
"831","Scotts Bluff","23846","May","2019","NE"
"832","Seward","10964","May","2019","NE"
"833","Sheridan","3714","May","2019","NE"
"834","Sherman","1987","May","2019","NE"
"835","Sioux","880","May","2019","NE"
"836","Stanton","3758","May","2019","NE"
"837","Thayer","3686","May","2019","NE"
"838","Thomas","496","May","2019","NE"
"839","Thurston","4429","May","2019","NE"
"840","Valley","2966","May","2019","NE"
"841","Washington","14339","May","2019","NE"
"842","Wayne","5246","May","2019","NE"
"843","Webster","2292","May","2019","NE"
"844","Wheeler","602","May","2019","NE"
"845","York","9719","May","2019","NE"
"846","Grand Total","1203542","May","2019","NE"
"847","Adams","19225","November","2019","NE"
"848","Antelope","4494","November","2019","NE"
"849","Arthur","326","November","2019","NE"
"850","Banner","535","November","2019","NE"
"851","Blaine","387","November","2019","NE"
"852","Boone","3631","November","2019","NE"
"853","Box Butte","7591","November","2019","NE"
"854","Boyd","1371","November","2019","NE"
"855","Brown","2108","November","2019","NE"
"856","Buffalo","29773","November","2019","NE"
"857","Burt","4799","November","2019","NE"
"858","Butler","5469","November","2019","NE"
"859","Cass","17851","November","2019","NE"
"860","Cedar","5618","November","2019","NE"
"861","Chase","2459","November","2019","NE"
"862","Cherry","3918","November","2019","NE"
"863","Cheyenne","6239","November","2019","NE"
"864","Clay","4237","November","2019","NE"
"865","Colfax","5099","November","2019","NE"
"866","Cuming","5701","November","2019","NE"
"867","Custer","7823","November","2019","NE"
"868","Dakota","10663","November","2019","NE"
"869","Dawes","5383","November","2019","NE"
"870","Dawson","13396","November","2019","NE"
"871","Deuel","1359","November","2019","NE"
"872","Dixon","3711","November","2019","NE"
"873","Dodge","21728","November","2019","NE"
"874","Douglas","354302","November","2019","NE"
"875","Dundy","1219","November","2019","NE"
"876","Fillmore","3952","November","2019","NE"
"877","Franklin","2238","November","2019","NE"
"878","Frontier","1835","November","2019","NE"
"879","Furnas","3420","November","2019","NE"
"880","Gage","14081","November","2019","NE"
"881","Garden","1357","November","2019","NE"
"882","Garfield","1269","November","2019","NE"
"883","Gosper","1434","November","2019","NE"
"884","Grant","482","November","2019","NE"
"885","Greeley","1565","November","2019","NE"
"886","Hall","33425","November","2019","NE"
"887","Hamilton","6587","November","2019","NE"
"888","Harlan","2405","November","2019","NE"
"889","Hayes","696","November","2019","NE"
"890","Hitchcock","1873","November","2019","NE"
"891","Holt","6987","November","2019","NE"
"892","Hooker","529","November","2019","NE"
"893","Howard","4439","November","2019","NE"
"894","Jefferson","4845","November","2019","NE"
"895","Johnson","2755","November","2019","NE"
"896","Kearney","4406","November","2019","NE"
"897","Keith","5961","November","2019","NE"
"898","Keya Paha","625","November","2019","NE"
"899","Kimball","2724","November","2019","NE"
"900","Knox","5558","November","2019","NE"
"901","Lancaster","191395","November","2019","NE"
"902","Lincoln","23551","November","2019","NE"
"903","Logan","549","November","2019","NE"
"904","Loup","505","November","2019","NE"
"905","Madison","21288","November","2019","NE"
"906","Mcpherson","344","November","2019","NE"
"907","Merrick","4708","November","2019","NE"
"908","Morrill","3059","November","2019","NE"
"909","Nance","2345","November","2019","NE"
"910","Nemaha","4265","November","2019","NE"
"911","Nuckolls","3150","November","2019","NE"
"912","Otoe","10481","November","2019","NE"
"913","Pawnee","1811","November","2019","NE"
"914","Perkins","1880","November","2019","NE"
"915","Phelps","6009","November","2019","NE"
"916","Pierce","4823","November","2019","NE"
"917","Platte","20034","November","2019","NE"
"918","Polk","3536","November","2019","NE"
"919","Red Willow","7013","November","2019","NE"
"920","Richardson","5417","November","2019","NE"
"921","Rock","1016","November","2019","NE"
"922","Saline","7805","November","2019","NE"
"923","Sarpy","113467","November","2019","NE"
"924","Saunders","14967","November","2019","NE"
"925","Scotts Bluff","23747","November","2019","NE"
"926","Seward","11048","November","2019","NE"
"927","Sheridan","3713","November","2019","NE"
"928","Sherman","1999","November","2019","NE"
"929","Sioux","880","November","2019","NE"
"930","Stanton","3785","November","2019","NE"
"931","Thayer","3673","November","2019","NE"
"932","Thomas","493","November","2019","NE"
"933","Thurston","4364","November","2019","NE"
"934","Valley","2954","November","2019","NE"
"935","Washington","14440","November","2019","NE"
"936","Wayne","5200","November","2019","NE"
"937","Webster","2300","November","2019","NE"
"938","Wheeler","606","November","2019","NE"
"939","York","9707","November","2019","NE"
"940","Grand Total","1208190","November","2019","NE"
"941","Adams","19203","October","2019","NE"
"942","Antelope","4470","October","2019","NE"
"943","Arthur","326","October","2019","NE"
"944","Banner","525","October","2019","NE"
"945","Blaine","388","October","2019","NE"
"946","Boone","3634","October","2019","NE"
"947","Box Butte","7560","October","2019","NE"
"948","Boyd","1371","October","2019","NE"
"949","Brown","2097","October","2019","NE"
"950","Buffalo","29763","October","2019","NE"
"951","Burt","4782","October","2019","NE"
"952","Butler","5472","October","2019","NE"
"953","Cass","17821","October","2019","NE"
"954","Cedar","5618","October","2019","NE"
"955","Chase","2461","October","2019","NE"
"956","Cherry","3923","October","2019","NE"
"957","Cheyenne","6252","October","2019","NE"
"958","Clay","4230","October","2019","NE"
"959","Colfax","5095","October","2019","NE"
"960","Cuming","5707","October","2019","NE"
"961","Custer","7809","October","2019","NE"
"962","Dakota","10664","October","2019","NE"
"963","Dawes","5380","October","2019","NE"
"964","Dawson","13397","October","2019","NE"
"965","Deuel","1357","October","2019","NE"
"966","Dixon","3712","October","2019","NE"
"967","Dodge","21748","October","2019","NE"
"968","Douglas","353380","October","2019","NE"
"969","Dundy","1214","October","2019","NE"
"970","Fillmore","3958","October","2019","NE"
"971","Franklin","2236","October","2019","NE"
"972","Frontier","1831","October","2019","NE"
"973","Furnas","3420","October","2019","NE"
"974","Gage","14077","October","2019","NE"
"975","Garden","1357","October","2019","NE"
"976","Garfield","1269","October","2019","NE"
"977","Gosper","1434","October","2019","NE"
"978","Grant","479","October","2019","NE"
"979","Greeley","1570","October","2019","NE"
"980","Hall","33409","October","2019","NE"
"981","Hamilton","6483","October","2019","NE"
"982","Harlan","2398","October","2019","NE"
"983","Hayes","694","October","2019","NE"
"984","Hitchcock","1880","October","2019","NE"
"985","Holt","6961","October","2019","NE"
"986","Hooker","524","October","2019","NE"
"987","Howard","4439","October","2019","NE"
"988","Jefferson","4842","October","2019","NE"
"989","Johnson","2761","October","2019","NE"
"990","Kearney","4417","October","2019","NE"
"991","Keith","5950","October","2019","NE"
"992","Keya Paha","624","October","2019","NE"
"993","Kimball","2718","October","2019","NE"
"994","Knox","5557","October","2019","NE"
"995","Lancaster","191244","October","2019","NE"
"996","Lincoln","23544","October","2019","NE"
"997","Logan","546","October","2019","NE"
"998","Loup","507","October","2019","NE"
"999","Madison","21321","October","2019","NE"
"1000","Mcpherson","344","October","2019","NE"
"1001","Merrick","4704","October","2019","NE"
"1002","Morrill","3045","October","2019","NE"
"1003","Nance","2344","October","2019","NE"
"1004","Nemaha","4274","October","2019","NE"
"1005","Nuckolls","3151","October","2019","NE"
"1006","Otoe","10477","October","2019","NE"
"1007","Pawnee","1805","October","2019","NE"
"1008","Perkins","1879","October","2019","NE"
"1009","Phelps","6010","October","2019","NE"
"1010","Pierce","4814","October","2019","NE"
"1011","Platte","20025","October","2019","NE"
"1012","Polk","3529","October","2019","NE"
"1013","Red Willow","6987","October","2019","NE"
"1014","Richardson","5410","October","2019","NE"
"1015","Rock","1018","October","2019","NE"
"1016","Saline","7766","October","2019","NE"
"1017","Sarpy","113406","October","2019","NE"
"1018","Saunders","14941","October","2019","NE"
"1019","Scotts Bluff","23775","October","2019","NE"
"1020","Seward","11035","October","2019","NE"
"1021","Sheridan","3721","October","2019","NE"
"1022","Sherman","2002","October","2019","NE"
"1023","Sioux","883","October","2019","NE"
"1024","Stanton","3791","October","2019","NE"
"1025","Thayer","3674","October","2019","NE"
"1026","Thomas","491","October","2019","NE"
"1027","Thurston","4367","October","2019","NE"
"1028","Valley","2963","October","2019","NE"
"1029","Washington","14402","October","2019","NE"
"1030","Wayne","5217","October","2019","NE"
"1031","Webster","2300","October","2019","NE"
"1032","Wheeler","597","October","2019","NE"
"1033","York","9729","October","2019","NE"
"1034","Grand Total","1206685","October","2019","NE"
"1035","Adams","19190","September","2019","NE"
"1036","Antelope","4442","September","2019","NE"
"1037","Arthur","327","September","2019","NE"
"1038","Banner","525","September","2019","NE"
"1039","Blaine","385","September","2019","NE"
"1040","Boone","3632","September","2019","NE"
"1041","Box Butte","7561","September","2019","NE"
"1042","Boyd","1366","September","2019","NE"
"1043","Brown","2102","September","2019","NE"
"1044","Buffalo","29659","September","2019","NE"
"1045","Burt","4771","September","2019","NE"
"1046","Butler","5461","September","2019","NE"
"1047","Cass","17772","September","2019","NE"
"1048","Cedar","5622","September","2019","NE"
"1049","Chase","2468","September","2019","NE"
"1050","Cherry","3936","September","2019","NE"
"1051","Cheyenne","6255","September","2019","NE"
"1052","Clay","4225","September","2019","NE"
"1053","Colfax","5076","September","2019","NE"
"1054","Cuming","5698","September","2019","NE"
"1055","Custer","7804","September","2019","NE"
"1056","Dakota","10629","September","2019","NE"
"1057","Dawes","5397","September","2019","NE"
"1058","Dawson","13383","September","2019","NE"
"1059","Deuel","1400","September","2019","NE"
"1060","Dixon","3721","September","2019","NE"
"1061","Dodge","21706","September","2019","NE"
"1062","Douglas","353697","September","2019","NE"
"1063","Dundy","1214","September","2019","NE"
"1064","Fillmore","3963","September","2019","NE"
"1065","Franklin","2231","September","2019","NE"
"1066","Frontier","1834","September","2019","NE"
"1067","Furnas","3407","September","2019","NE"
"1068","Gage","14063","September","2019","NE"
"1069","Garden","1355","September","2019","NE"
"1070","Garfield","1267","September","2019","NE"
"1071","Gosper","1433","September","2019","NE"
"1072","Grant","481","September","2019","NE"
"1073","Greeley","1570","September","2019","NE"
"1074","Hall","33263","September","2019","NE"
"1075","Hamilton","6508","September","2019","NE"
"1076","Harlan","2398","September","2019","NE"
"1077","Hayes","696","September","2019","NE"
"1078","Hitchcock","1890","September","2019","NE"
"1079","Holt","6966","September","2019","NE"
"1080","Hooker","525","September","2019","NE"
"1081","Howard","4434","September","2019","NE"
"1082","Jefferson","4863","September","2019","NE"
"1083","Johnson","2749","September","2019","NE"
"1084","Kearney","4405","September","2019","NE"
"1085","Keith","5956","September","2019","NE"
"1086","Keya Paha","626","September","2019","NE"
"1087","Kimball","2724","September","2019","NE"
"1088","Knox","5559","September","2019","NE"
"1089","Lancaster","190944","September","2019","NE"
"1090","Lincoln","23465","September","2019","NE"
"1091","Logan","547","September","2019","NE"
"1092","Loup","507","September","2019","NE"
"1093","Madison","21252","September","2019","NE"
"1094","Mcpherson","341","September","2019","NE"
"1095","Merrick","4703","September","2019","NE"
"1096","Morrill","3040","September","2019","NE"
"1097","Nance","2340","September","2019","NE"
"1098","Nemaha","4324","September","2019","NE"
"1099","Nuckolls","3136","September","2019","NE"
"1100","Otoe","10457","September","2019","NE"
"1101","Pawnee","1798","September","2019","NE"
"1102","Perkins","1884","September","2019","NE"
"1103","Phelps","6017","September","2019","NE"
"1104","Pierce","4814","September","2019","NE"
"1105","Platte","19979","September","2019","NE"
"1106","Polk","3522","September","2019","NE"
"1107","Red Willow","6993","September","2019","NE"
"1108","Richardson","5403","September","2019","NE"
"1109","Rock","1013","September","2019","NE"
"1110","Saline","7778","September","2019","NE"
"1111","Sarpy","112944","September","2019","NE"
"1112","Saunders","14904","September","2019","NE"
"1113","Scotts Bluff","23762","September","2019","NE"
"1114","Seward","11007","September","2019","NE"
"1115","Sheridan","3715","September","2019","NE"
"1116","Sherman","2005","September","2019","NE"
"1117","Sioux","884","September","2019","NE"
"1118","Stanton","3787","September","2019","NE"
"1119","Thayer","3670","September","2019","NE"
"1120","Thomas","490","September","2019","NE"
"1121","Thurston","4422","September","2019","NE"
"1122","Valley","2970","September","2019","NE"
"1123","Washington","14375","September","2019","NE"
"1124","Wayne","5219","September","2019","NE"
"1125","Webster","2293","September","2019","NE"
"1126","Wheeler","597","September","2019","NE"
"1127","York","9718","September","2019","NE"
"1128","Grand Total","1205609","September","2019","NE"
"1129","Adams","19316","April","2020","NE"
"1130","Antelope","4475","April","2020","NE"
"1131","Arthur","325","April","2020","NE"
"1132","Banner","525","April","2020","NE"
"1133","Blaine","369","April","2020","NE"
"1134","Boone","3591","April","2020","NE"
"1135","Box Butte","7599","April","2020","NE"
"1136","Boyd","1361","April","2020","NE"
"1137","Brown","2080","April","2020","NE"
"1138","Buffalo","29791","April","2020","NE"
"1139","Burt","4827","April","2020","NE"
"1140","Butler","5481","April","2020","NE"
"1141","Cass","17926","April","2020","NE"
"1142","Cedar","5561","April","2020","NE"
"1143","Chase","2441","April","2020","NE"
"1144","Cherry","3816","April","2020","NE"
"1145","Cheyenne","6234","April","2020","NE"
"1146","Clay","4200","April","2020","NE"
"1147","Colfax","5120","April","2020","NE"
"1148","Cuming","5686","April","2020","NE"
"1149","Custer","7817","April","2020","NE"
"1150","Dakota","10690","April","2020","NE"
"1151","Dawes","5368","April","2020","NE"
"1152","Dawson","13337","April","2020","NE"
"1153","Deuel","1332","April","2020","NE"
"1154","Dixon","3720","April","2020","NE"
"1155","Dodge","21700","April","2020","NE"
"1156","Douglas","356427","April","2020","NE"
"1157","Dundy","1221","April","2020","NE"
"1158","Fillmore","3944","April","2020","NE"
"1159","Franklin","2221","April","2020","NE"
"1160","Frontier","1842","April","2020","NE"
"1161","Furnas","3432","April","2020","NE"
"1162","Gage","14086","April","2020","NE"
"1163","Garden","1377","April","2020","NE"
"1164","Garfield","1273","April","2020","NE"
"1165","Gosper","1418","April","2020","NE"
"1166","Grant","483","April","2020","NE"
"1167","Greeley","1560","April","2020","NE"
"1168","Hall","33554","April","2020","NE"
"1169","Hamilton","6614","April","2020","NE"
"1170","Harlan","2419","April","2020","NE"
"1171","Hayes","693","April","2020","NE"
"1172","Hitchcock","1870","April","2020","NE"
"1173","Holt","7005","April","2020","NE"
"1174","Hooker","541","April","2020","NE"
"1175","Howard","4454","April","2020","NE"
"1176","Jefferson","4830","April","2020","NE"
"1177","Johnson","2758","April","2020","NE"
"1178","Kearney","4423","April","2020","NE"
"1179","Keith","5906","April","2020","NE"
"1180","Keya Paha","639","April","2020","NE"
"1181","Kimball","2726","April","2020","NE"
"1182","Knox","5541","April","2020","NE"
"1183","Lancaster","193278","April","2020","NE"
"1184","Lincoln","23598","April","2020","NE"
"1185","Logan","549","April","2020","NE"
"1186","Loup","506","April","2020","NE"
"1187","Madison","21340","April","2020","NE"
"1188","Mcpherson","350","April","2020","NE"
"1189","Merrick","4734","April","2020","NE"
"1190","Morrill","3076","April","2020","NE"
"1191","Nance","2341","April","2020","NE"
"1192","Nemaha","4278","April","2020","NE"
"1193","Nuckolls","3139","April","2020","NE"
"1194","Otoe","10505","April","2020","NE"
"1195","Pawnee","1809","April","2020","NE"
"1196","Perkins","1886","April","2020","NE"
"1197","Phelps","6025","April","2020","NE"
"1198","Pierce","4853","April","2020","NE"
"1199","Platte","20067","April","2020","NE"
"1200","Polk","3562","April","2020","NE"
"1201","Red Willow","7024","April","2020","NE"
"1202","Richardson","5413","April","2020","NE"
"1203","Rock","1016","April","2020","NE"
"1204","Saline","7726","April","2020","NE"
"1205","Sarpy","114655","April","2020","NE"
"1206","Saunders","15109","April","2020","NE"
"1207","Scotts Bluff","23790","April","2020","NE"
"1208","Seward","11081","April","2020","NE"
"1209","Sheridan","3684","April","2020","NE"
"1210","Sherman","1989","April","2020","NE"
"1211","Sioux","877","April","2020","NE"
"1212","Stanton","3773","April","2020","NE"
"1213","Thayer","3677","April","2020","NE"
"1214","Thomas","491","April","2020","NE"
"1215","Thurston","4342","April","2020","NE"
"1216","Valley","2945","April","2020","NE"
"1217","Washington","14508","April","2020","NE"
"1218","Wayne","5187","April","2020","NE"
"1219","Webster","2307","April","2020","NE"
"1220","Wheeler","603","April","2020","NE"
"1221","York","9731","April","2020","NE"
"1222","Grand Total","1213769","April","2020","NE"
"1223","Adams","19445","August","2020","NE"
"1224","Antelope","4517","August","2020","NE"
"1225","Arthur","333","August","2020","NE"
"1226","Banner","534","August","2020","NE"
"1227","Blaine","365","August","2020","NE"
"1228","Boone","3590","August","2020","NE"
"1229","Box Butte","7622","August","2020","NE"
"1230","Boyd","1357","August","2020","NE"
"1231","Brown","2070","August","2020","NE"
"1232","Buffalo","30137","August","2020","NE"
"1233","Burt","4864","August","2020","NE"
"1234","Butler","5529","August","2020","NE"
"1235","Cass","18168","August","2020","NE"
"1236","Cedar","5607","August","2020","NE"
"1237","Chase","2453","August","2020","NE"
"1238","Cherry","3799","August","2020","NE"
"1239","Cheyenne","6282","August","2020","NE"
"1240","Clay","4212","August","2020","NE"
"1241","Colfax","5175","August","2020","NE"
"1242","Cuming","5721","August","2020","NE"
"1243","Custer","7880","August","2020","NE"
"1244","Dakota","10876","August","2020","NE"
"1245","Dawes","5357","August","2020","NE"
"1246","Dawson","13390","August","2020","NE"
"1247","Deuel","1348","August","2020","NE"
"1248","Dixon","3724","August","2020","NE"
"1249","Dodge","21991","August","2020","NE"
"1250","Douglas","360912","August","2020","NE"
"1251","Dundy","1229","August","2020","NE"
"1252","Fillmore","3970","August","2020","NE"
"1253","Franklin","2223","August","2020","NE"
"1254","Frontier","1847","August","2020","NE"
"1255","Furnas","3461","August","2020","NE"
"1256","Gage","14242","August","2020","NE"
"1257","Garden","1350","August","2020","NE"
"1258","Garfield","1288","August","2020","NE"
"1259","Gosper","1428","August","2020","NE"
"1260","Grant","480","August","2020","NE"
"1261","Greeley","1554","August","2020","NE"
"1262","Hall","34192","August","2020","NE"
"1263","Hamilton","6671","August","2020","NE"
"1264","Harlan","2430","August","2020","NE"
"1265","Hayes","693","August","2020","NE"
"1266","Hitchcock","1875","August","2020","NE"
"1267","Holt","7056","August","2020","NE"
"1268","Hooker","545","August","2020","NE"
"1269","Howard","4508","August","2020","NE"
"1270","Jefferson","4839","August","2020","NE"
"1271","Johnson","2778","August","2020","NE"
"1272","Kearney","4427","August","2020","NE"
"1273","Keith","5990","August","2020","NE"
"1274","Keya Paha","643","August","2020","NE"
"1275","Kimball","2707","August","2020","NE"
"1276","Knox","5540","August","2020","NE"
"1277","Lancaster","195851","August","2020","NE"
"1278","Lincoln","23664","August","2020","NE"
"1279","Logan","550","August","2020","NE"
"1280","Loup","502","August","2020","NE"
"1281","Madison","21590","August","2020","NE"
"1282","Mcpherson","352","August","2020","NE"
"1283","Merrick","4806","August","2020","NE"
"1284","Morrill","3105","August","2020","NE"
"1285","Nance","2354","August","2020","NE"
"1286","Nemaha","4300","August","2020","NE"
"1287","Nuckolls","3157","August","2020","NE"
"1288","Otoe","10686","August","2020","NE"
"1289","Pawnee","1846","August","2020","NE"
"1290","Perkins","1870","August","2020","NE"
"1291","Phelps","6042","August","2020","NE"
"1292","Pierce","4930","August","2020","NE"
"1293","Platte","20221","August","2020","NE"
"1294","Polk","3591","August","2020","NE"
"1295","Red Willow","7087","August","2020","NE"
"1296","Richardson","5424","August","2020","NE"
"1297","Rock","1025","August","2020","NE"
"1298","Saline","7783","August","2020","NE"
"1299","Sarpy","117393","August","2020","NE"
"1300","Saunders","15362","August","2020","NE"
"1301","Scotts Bluff","23890","August","2020","NE"
"1302","Seward","11205","August","2020","NE"
"1303","Sheridan","3679","August","2020","NE"
"1304","Sherman","2020","August","2020","NE"
"1305","Sioux","874","August","2020","NE"
"1306","Stanton","3801","August","2020","NE"
"1307","Thayer","3706","August","2020","NE"
"1308","Thomas","494","August","2020","NE"
"1309","Thurston","4363","August","2020","NE"
"1310","Valley","2959","August","2020","NE"
"1311","Washington","14767","August","2020","NE"
"1312","Wayne","5227","August","2020","NE"
"1313","Webster","2219","August","2020","NE"
"1314","Wheeler","593","August","2020","NE"
"1315","York","9796","August","2020","NE"
"1316","Grand Total","1228308","August","2020","NE"
"1317","Adams","19966","December","2020","NE"
"1318","Antelope","4571","December","2020","NE"
"1319","Arthur","330","December","2020","NE"
"1320","Banner","540","December","2020","NE"
"1321","Blaine","366","December","2020","NE"
"1322","Boone","3676","December","2020","NE"
"1323","Box Butte","7805","December","2020","NE"
"1324","Boyd","1387","December","2020","NE"
"1325","Brown","2125","December","2020","NE"
"1326","Buffalo","31318","December","2020","NE"
"1327","Burt","4981","December","2020","NE"
"1328","Butler","5678","December","2020","NE"
"1329","Cass","19056","December","2020","NE"
"1330","Cedar","5776","December","2020","NE"
"1331","Chase","2502","December","2020","NE"
"1332","Cherry","3871","December","2020","NE"
"1333","Cheyenne","6471","December","2020","NE"
"1334","Clay","4269","December","2020","NE"
"1335","Colfax","5325","December","2020","NE"
"1336","Cuming","5903","December","2020","NE"
"1337","Custer","8061","December","2020","NE"
"1338","Dakota","11337","December","2020","NE"
"1339","Dawes","5504","December","2020","NE"
"1340","Dawson","13897","December","2020","NE"
"1341","Deuel","1390","December","2020","NE"
"1342","Dixon","3801","December","2020","NE"
"1343","Dodge","22570","December","2020","NE"
"1344","Douglas","373680","December","2020","NE"
"1345","Dundy","1247","December","2020","NE"
"1346","Fillmore","4030","December","2020","NE"
"1347","Franklin","2266","December","2020","NE"
"1348","Frontier","1893","December","2020","NE"
"1349","Furnas","3510","December","2020","NE"
"1350","Gage","14505","December","2020","NE"
"1351","Garden","1381","December","2020","NE"
"1352","Garfield","1316","December","2020","NE"
"1353","Gosper","1459","December","2020","NE"
"1354","Grant","497","December","2020","NE"
"1355","Greeley","1576","December","2020","NE"
"1356","Hall","35110","December","2020","NE"
"1357","Hamilton","6831","December","2020","NE"
"1358","Harlan","2509","December","2020","NE"
"1359","Hayes","699","December","2020","NE"
"1360","Hitchcock","1919","December","2020","NE"
"1361","Holt","7142","December","2020","NE"
"1362","Hooker","564","December","2020","NE"
"1363","Howard","4656","December","2020","NE"
"1364","Jefferson","4893","December","2020","NE"
"1365","Johnson","2861","December","2020","NE"
"1366","Kearney","4563","December","2020","NE"
"1367","Keith","6114","December","2020","NE"
"1368","Keya Paha","629","December","2020","NE"
"1369","Kimball","2794","December","2020","NE"
"1370","Knox","5623","December","2020","NE"
"1371","Lancaster","202896","December","2020","NE"
"1372","Lincoln","24209","December","2020","NE"
"1373","Logan","565","December","2020","NE"
"1374","Loup","527","December","2020","NE"
"1375","Madison","22065","December","2020","NE"
"1376","Mcpherson","353","December","2020","NE"
"1377","Merrick","5071","December","2020","NE"
"1378","Morrill","3128","December","2020","NE"
"1379","Nance","2448","December","2020","NE"
"1380","Nemaha","4405","December","2020","NE"
"1381","Nuckolls","3237","December","2020","NE"
"1382","Otoe","11015","December","2020","NE"
"1383","Pawnee","1892","December","2020","NE"
"1384","Perkins","1894","December","2020","NE"
"1385","Phelps","6197","December","2020","NE"
"1386","Pierce","5044","December","2020","NE"
"1387","Platte","20787","December","2020","NE"
"1388","Polk","3668","December","2020","NE"
"1389","Red Willow","7271","December","2020","NE"
"1390","Richardson","5584","December","2020","NE"
"1391","Rock","1043","December","2020","NE"
"1392","Saline","8029","December","2020","NE"
"1393","Sarpy","122209","December","2020","NE"
"1394","Saunders","15921","December","2020","NE"
"1395","Scotts Bluff","24545","December","2020","NE"
"1396","Seward","11606","December","2020","NE"
"1397","Sheridan","3755","December","2020","NE"
"1398","Sherman","2084","December","2020","NE"
"1399","Sioux","882","December","2020","NE"
"1400","Stanton","3890","December","2020","NE"
"1401","Thayer","3755","December","2020","NE"
"1402","Thomas","503","December","2020","NE"
"1403","Thurston","4467","December","2020","NE"
"1404","Valley","2995","December","2020","NE"
"1405","Washington","15286","December","2020","NE"
"1406","Wayne","5410","December","2020","NE"
"1407","Webster","2296","December","2020","NE"
"1408","Wheeler","616","December","2020","NE"
"1409","York","10093","December","2020","NE"
"1410","Grand Total","1268384","December","2020","NE"
"1411","Adams","19190","February","2020","NE"
"1412","Antelope","4484","February","2020","NE"
"1413","Arthur","327","February","2020","NE"
"1414","Banner","533","February","2020","NE"
"1415","Blaine","389","February","2020","NE"
"1416","Boone","3615","February","2020","NE"
"1417","Box Butte","7601","February","2020","NE"
"1418","Boyd","1358","February","2020","NE"
"1419","Brown","2093","February","2020","NE"
"1420","Buffalo","29771","February","2020","NE"
"1421","Burt","4795","February","2020","NE"
"1422","Butler","5461","February","2020","NE"
"1423","Cass","17872","February","2020","NE"
"1424","Cedar","5613","February","2020","NE"
"1425","Chase","2442","February","2020","NE"
"1426","Cherry","3887","February","2020","NE"
"1427","Cheyenne","6230","February","2020","NE"
"1428","Clay","4228","February","2020","NE"
"1429","Colfax","5100","February","2020","NE"
"1430","Cuming","5681","February","2020","NE"
"1431","Custer","7825","February","2020","NE"
"1432","Dakota","10680","February","2020","NE"
"1433","Dawes","5359","February","2020","NE"
"1434","Dawson","13337","February","2020","NE"
"1435","Deuel","1361","February","2020","NE"
"1436","Dixon","3709","February","2020","NE"
"1437","Dodge","21686","February","2020","NE"
"1438","Douglas","354252","February","2020","NE"
"1439","Dundy","1219","February","2020","NE"
"1440","Fillmore","3935","February","2020","NE"
"1441","Franklin","2236","February","2020","NE"
"1442","Frontier","1839","February","2020","NE"
"1443","Furnas","3428","February","2020","NE"
"1444","Gage","14093","February","2020","NE"
"1445","Garden","1370","February","2020","NE"
"1446","Garfield","1268","February","2020","NE"
"1447","Gosper","1427","February","2020","NE"
"1448","Grant","480","February","2020","NE"
"1449","Greeley","1564","February","2020","NE"
"1450","Hall","33446","February","2020","NE"
"1451","Hamilton","6601","February","2020","NE"
"1452","Harlan","2408","February","2020","NE"
"1453","Hayes","693","February","2020","NE"
"1454","Hitchcock","1877","February","2020","NE"
"1455","Holt","6991","February","2020","NE"
"1456","Hooker","535","February","2020","NE"
"1457","Howard","4440","February","2020","NE"
"1458","Jefferson","4838","February","2020","NE"
"1459","Johnson","2747","February","2020","NE"
"1460","Kearney","4409","February","2020","NE"
"1461","Keith","5910","February","2020","NE"
"1462","Keya Paha","625","February","2020","NE"
"1463","Kimball","2718","February","2020","NE"
"1464","Knox","5538","February","2020","NE"
"1465","Lancaster","192466","February","2020","NE"
"1466","Lincoln","23544","February","2020","NE"
"1467","Logan","548","February","2020","NE"
"1468","Loup","502","February","2020","NE"
"1469","Madison","21295","February","2020","NE"
"1470","Mcpherson","348","February","2020","NE"
"1471","Merrick","4705","February","2020","NE"
"1472","Morrill","3064","February","2020","NE"
"1473","Nance","2337","February","2020","NE"
"1474","Nemaha","4255","February","2020","NE"
"1475","Nuckolls","3120","February","2020","NE"
"1476","Otoe","10491","February","2020","NE"
"1477","Pawnee","1811","February","2020","NE"
"1478","Perkins","1882","February","2020","NE"
"1479","Phelps","6008","February","2020","NE"
"1480","Pierce","4831","February","2020","NE"
"1481","Platte","19995","February","2020","NE"
"1482","Polk","3535","February","2020","NE"
"1483","Red Willow","7007","February","2020","NE"
"1484","Richardson","5407","February","2020","NE"
"1485","Rock","1018","February","2020","NE"
"1486","Saline","7747","February","2020","NE"
"1487","Sarpy","114064","February","2020","NE"
"1488","Saunders","14987","February","2020","NE"
"1489","Scotts Bluff","23791","February","2020","NE"
"1490","Seward","11058","February","2020","NE"
"1491","Sheridan","3691","February","2020","NE"
"1492","Sherman","1983","February","2020","NE"
"1493","Sioux","879","February","2020","NE"
"1494","Stanton","3763","February","2020","NE"
"1495","Thayer","3665","February","2020","NE"
"1496","Thomas","493","February","2020","NE"
"1497","Thurston","4345","February","2020","NE"
"1498","Valley","2950","February","2020","NE"
"1499","Washington","14440","February","2020","NE"
"1500","Wayne","5188","February","2020","NE"
"1501","Webster","2305","February","2020","NE"
"1502","Wheeler","605","February","2020","NE"
"1503","York","9708","February","2020","NE"
"1504","Grand Total","1209345","February","2020","NE"
"1505","Adams","19206","January","2020","NE"
"1506","Antelope","4491","January","2020","NE"
"1507","Arthur","327","January","2020","NE"
"1508","Banner","534","January","2020","NE"
"1509","Blaine","387","January","2020","NE"
"1510","Boone","3622","January","2020","NE"
"1511","Box Butte","7590","January","2020","NE"
"1512","Boyd","1363","January","2020","NE"
"1513","Brown","2112","January","2020","NE"
"1514","Buffalo","29777","January","2020","NE"
"1515","Burt","4796","January","2020","NE"
"1516","Butler","5469","January","2020","NE"
"1517","Cass","17884","January","2020","NE"
"1518","Cedar","5620","January","2020","NE"
"1519","Chase","2445","January","2020","NE"
"1520","Cherry","3907","January","2020","NE"
"1521","Cheyenne","6245","January","2020","NE"
"1522","Clay","4225","January","2020","NE"
"1523","Colfax","5109","January","2020","NE"
"1524","Cuming","5694","January","2020","NE"
"1525","Custer","7825","January","2020","NE"
"1526","Dakota","10685","January","2020","NE"
"1527","Dawes","5371","January","2020","NE"
"1528","Dawson","13366","January","2020","NE"
"1529","Deuel","1365","January","2020","NE"
"1530","Dixon","3711","January","2020","NE"
"1531","Dodge","21710","January","2020","NE"
"1532","Douglas","354430","January","2020","NE"
"1533","Dundy","1223","January","2020","NE"
"1534","Fillmore","3952","January","2020","NE"
"1535","Franklin","2240","January","2020","NE"
"1536","Frontier","1841","January","2020","NE"
"1537","Furnas","3436","January","2020","NE"
"1538","Gage","14091","January","2020","NE"
"1539","Garden","1356","January","2020","NE"
"1540","Garfield","1267","January","2020","NE"
"1541","Gosper","1428","January","2020","NE"
"1542","Grant","481","January","2020","NE"
"1543","Greeley","1562","January","2020","NE"
"1544","Hall","33426","January","2020","NE"
"1545","Hamilton","6589","January","2020","NE"
"1546","Harlan","2411","January","2020","NE"
"1547","Hayes","696","January","2020","NE"
"1548","Hitchcock","1872","January","2020","NE"
"1549","Holt","6958","January","2020","NE"
"1550","Hooker","529","January","2020","NE"
"1551","Howard","4444","January","2020","NE"
"1552","Jefferson","4851","January","2020","NE"
"1553","Johnson","2749","January","2020","NE"
"1554","Kearney","4419","January","2020","NE"
"1555","Keith","5951","January","2020","NE"
"1556","Keya Paha","627","January","2020","NE"
"1557","Kimball","2720","January","2020","NE"
"1558","Knox","5562","January","2020","NE"
"1559","Lancaster","191596","January","2020","NE"
"1560","Lincoln","23588","January","2020","NE"
"1561","Logan","548","January","2020","NE"
"1562","Loup","504","January","2020","NE"
"1563","Madison","21272","January","2020","NE"
"1564","Mcpherson","349","January","2020","NE"
"1565","Merrick","4713","January","2020","NE"
"1566","Morrill","3064","January","2020","NE"
"1567","Nance","2348","January","2020","NE"
"1568","Nemaha","4277","January","2020","NE"
"1569","Nuckolls","3151","January","2020","NE"
"1570","Otoe","10472","January","2020","NE"
"1571","Pawnee","1816","January","2020","NE"
"1572","Perkins","1882","January","2020","NE"
"1573","Phelps","6026","January","2020","NE"
"1574","Pierce","4826","January","2020","NE"
"1575","Platte","20027","January","2020","NE"
"1576","Polk","3521","January","2020","NE"
"1577","Red Willow","7027","January","2020","NE"
"1578","Richardson","5412","January","2020","NE"
"1579","Rock","1016","January","2020","NE"
"1580","Saline","7762","January","2020","NE"
"1581","Sarpy","113754","January","2020","NE"
"1582","Saunders","14986","January","2020","NE"
"1583","Scotts Bluff","23769","January","2020","NE"
"1584","Seward","11046","January","2020","NE"
"1585","Sheridan","3708","January","2020","NE"
"1586","Sherman","1988","January","2020","NE"
"1587","Sioux","878","January","2020","NE"
"1588","Stanton","3772","January","2020","NE"
"1589","Thayer","3664","January","2020","NE"
"1590","Thomas","494","January","2020","NE"
"1591","Thurston","4344","January","2020","NE"
"1592","Valley","2953","January","2020","NE"
"1593","Washington","14477","January","2020","NE"
"1594","Wayne","5196","January","2020","NE"
"1595","Webster","2310","January","2020","NE"
"1596","Wheeler","605","January","2020","NE"
"1597","York","9712","January","2020","NE"
"1598","Grand Total","1208800","January","2020","NE"
"1599","Adams","19335","July","2020","NE"
"1600","Antelope","4513","July","2020","NE"
"1601","Arthur","331","July","2020","NE"
"1602","Banner","533","July","2020","NE"
"1603","Blaine","368","July","2020","NE"
"1604","Boone","3581","July","2020","NE"
"1605","Box Butte","7625","July","2020","NE"
"1606","Boyd","1353","July","2020","NE"
"1607","Brown","2072","July","2020","NE"
"1608","Buffalo","29931","July","2020","NE"
"1609","Burt","4847","July","2020","NE"
"1610","Butler","5516","July","2020","NE"
"1611","Cass","18116","July","2020","NE"
"1612","Cedar","5583","July","2020","NE"
"1613","Chase","2457","July","2020","NE"
"1614","Cherry","3803","July","2020","NE"
"1615","Cheyenne","6253","July","2020","NE"
"1616","Clay","4211","July","2020","NE"
"1617","Colfax","5150","July","2020","NE"
"1618","Cuming","5670","July","2020","NE"
"1619","Custer","7843","July","2020","NE"
"1620","Dakota","10764","July","2020","NE"
"1621","Dawes","5350","July","2020","NE"
"1622","Dawson","13351","July","2020","NE"
"1623","Deuel","1342","July","2020","NE"
"1624","Dixon","3727","July","2020","NE"
"1625","Dodge","21883","July","2020","NE"
"1626","Douglas","359856","July","2020","NE"
"1627","Dundy","1230","July","2020","NE"
"1628","Fillmore","3963","July","2020","NE"
"1629","Franklin","2232","July","2020","NE"
"1630","Frontier","1854","July","2020","NE"
"1631","Furnas","3457","July","2020","NE"
"1632","Gage","14179","July","2020","NE"
"1633","Garden","1342","July","2020","NE"
"1634","Garfield","1283","July","2020","NE"
"1635","Gosper","1430","July","2020","NE"
"1636","Grant","480","July","2020","NE"
"1637","Greeley","1540","July","2020","NE"
"1638","Hall","33729","July","2020","NE"
"1639","Hamilton","6646","July","2020","NE"
"1640","Harlan","2418","July","2020","NE"
"1641","Hayes","702","July","2020","NE"
"1642","Hitchcock","1871","July","2020","NE"
"1643","Holt","7029","July","2020","NE"
"1644","Hooker","542","July","2020","NE"
"1645","Howard","4470","July","2020","NE"
"1646","Jefferson","4847","July","2020","NE"
"1647","Johnson","2760","July","2020","NE"
"1648","Kearney","4430","July","2020","NE"
"1649","Keith","5913","July","2020","NE"
"1650","Keya Paha","636","July","2020","NE"
"1651","Kimball","2699","July","2020","NE"
"1652","Knox","5525","July","2020","NE"
"1653","Lancaster","194887","July","2020","NE"
"1654","Lincoln","23678","July","2020","NE"
"1655","Logan","552","July","2020","NE"
"1656","Loup","502","July","2020","NE"
"1657","Madison","21445","July","2020","NE"
"1658","Mcpherson","351","July","2020","NE"
"1659","Merrick","4776","July","2020","NE"
"1660","Morrill","3088","July","2020","NE"
"1661","Nance","2356","July","2020","NE"
"1662","Nemaha","4218","July","2020","NE"
"1663","Nuckolls","3145","July","2020","NE"
"1664","Otoe","10673","July","2020","NE"
"1665","Pawnee","1828","July","2020","NE"
"1666","Perkins","1858","July","2020","NE"
"1667","Phelps","6058","July","2020","NE"
"1668","Pierce","4921","July","2020","NE"
"1669","Platte","20134","July","2020","NE"
"1670","Polk","3572","July","2020","NE"
"1671","Red Willow","7099","July","2020","NE"
"1672","Richardson","5421","July","2020","NE"
"1673","Rock","1021","July","2020","NE"
"1674","Saline","7768","July","2020","NE"
"1675","Sarpy","116266","July","2020","NE"
"1676","Saunders","15246","July","2020","NE"
"1677","Scotts Bluff","23834","July","2020","NE"
"1678","Seward","11170","July","2020","NE"
"1679","Sheridan","3694","July","2020","NE"
"1680","Sherman","2008","July","2020","NE"
"1681","Sioux","870","July","2020","NE"
"1682","Stanton","3787","July","2020","NE"
"1683","Thayer","3698","July","2020","NE"
"1684","Thomas","494","July","2020","NE"
"1685","Thurston","4351","July","2020","NE"
"1686","Valley","2961","July","2020","NE"
"1687","Washington","14664","July","2020","NE"
"1688","Wayne","5212","July","2020","NE"
"1689","Webster","2200","July","2020","NE"
"1690","Wheeler","589","July","2020","NE"
"1691","York","9775","July","2020","NE"
"1692","Grand Total","1222741","July","2020","NE"
"1693","Adams","19318","June","2020","NE"
"1694","Antelope","4498","June","2020","NE"
"1695","Arthur","327","June","2020","NE"
"1696","Banner","530","June","2020","NE"
"1697","Blaine","366","June","2020","NE"
"1698","Boone","3586","June","2020","NE"
"1699","Box Butte","7616","June","2020","NE"
"1700","Boyd","1357","June","2020","NE"
"1701","Brown","2082","June","2020","NE"
"1702","Buffalo","29879","June","2020","NE"
"1703","Burt","4830","June","2020","NE"
"1704","Butler","5483","June","2020","NE"
"1705","Cass","18000","June","2020","NE"
"1706","Cedar","5575","June","2020","NE"
"1707","Chase","2458","June","2020","NE"
"1708","Cherry","3793","June","2020","NE"
"1709","Cheyenne","6244","June","2020","NE"
"1710","Clay","4205","June","2020","NE"
"1711","Colfax","5150","June","2020","NE"
"1712","Cuming","5684","June","2020","NE"
"1713","Custer","7824","June","2020","NE"
"1714","Dakota","10728","June","2020","NE"
"1715","Dawes","5365","June","2020","NE"
"1716","Dawson","13357","June","2020","NE"
"1717","Deuel","1325","June","2020","NE"
"1718","Dixon","3715","June","2020","NE"
"1719","Dodge","21780","June","2020","NE"
"1720","Douglas","357396","June","2020","NE"
"1721","Dundy","1229","June","2020","NE"
"1722","Fillmore","3961","June","2020","NE"
"1723","Franklin","2228","June","2020","NE"
"1724","Frontier","1851","June","2020","NE"
"1725","Furnas","3448","June","2020","NE"
"1726","Gage","14120","June","2020","NE"
"1727","Garden","1329","June","2020","NE"
"1728","Garfield","1277","June","2020","NE"
"1729","Gosper","1429","June","2020","NE"
"1730","Grant","480","June","2020","NE"
"1731","Greeley","1545","June","2020","NE"
"1732","Hall","33630","June","2020","NE"
"1733","Hamilton","6627","June","2020","NE"
"1734","Harlan","2424","June","2020","NE"
"1735","Hayes","704","June","2020","NE"
"1736","Hitchcock","1874","June","2020","NE"
"1737","Holt","7004","June","2020","NE"
"1738","Hooker","543","June","2020","NE"
"1739","Howard","4458","June","2020","NE"
"1740","Jefferson","4843","June","2020","NE"
"1741","Johnson","2762","June","2020","NE"
"1742","Kearney","4441","June","2020","NE"
"1743","Keith","5910","June","2020","NE"
"1744","Keya Paha","636","June","2020","NE"
"1745","Kimball","2699","June","2020","NE"
"1746","Knox","5537","June","2020","NE"
"1747","Lancaster","193818","June","2020","NE"
"1748","Lincoln","23642","June","2020","NE"
"1749","Logan","554","June","2020","NE"
"1750","Loup","501","June","2020","NE"
"1751","Madison","21425","June","2020","NE"
"1752","Mcpherson","355","June","2020","NE"
"1753","Merrick","4759","June","2020","NE"
"1754","Morrill","3074","June","2020","NE"
"1755","Nance","2353","June","2020","NE"
"1756","Nemaha","4308","June","2020","NE"
"1757","Nuckolls","3145","June","2020","NE"
"1758","Otoe","10526","June","2020","NE"
"1759","Pawnee","1828","June","2020","NE"
"1760","Perkins","1883","June","2020","NE"
"1761","Phelps","6067","June","2020","NE"
"1762","Pierce","4904","June","2020","NE"
"1763","Platte","20129","June","2020","NE"
"1764","Polk","3581","June","2020","NE"
"1765","Red Willow","6841","June","2020","NE"
"1766","Richardson","5414","June","2020","NE"
"1767","Rock","1025","June","2020","NE"
"1768","Saline","7751","June","2020","NE"
"1769","Sarpy","115109","June","2020","NE"
"1770","Saunders","15150","June","2020","NE"
"1771","Scotts Bluff","23766","June","2020","NE"
"1772","Seward","11149","June","2020","NE"
"1773","Sheridan","3690","June","2020","NE"
"1774","Sherman","2001","June","2020","NE"
"1775","Sioux","880","June","2020","NE"
"1776","Stanton","3768","June","2020","NE"
"1777","Thayer","3693","June","2020","NE"
"1778","Thomas","494","June","2020","NE"
"1779","Thurston","4357","June","2020","NE"
"1780","Valley","2959","June","2020","NE"
"1781","Washington","14552","June","2020","NE"
"1782","Wayne","5228","June","2020","NE"
"1783","Webster","2200","June","2020","NE"
"1784","Wheeler","591","June","2020","NE"
"1785","York","9762","June","2020","NE"
"1786","Grand Total","1216692","June","2020","NE"
"1787","Adams","19265","March","2020","NE"
"1788","Antelope","4482","March","2020","NE"
"1789","Arthur","326","March","2020","NE"
"1790","Banner","528","March","2020","NE"
"1791","Blaine","370","March","2020","NE"
"1792","Boone","3583","March","2020","NE"
"1793","Box Butte","7602","March","2020","NE"
"1794","Boyd","1358","March","2020","NE"
"1795","Brown","2085","March","2020","NE"
"1796","Buffalo","29764","March","2020","NE"
"1797","Burt","4825","March","2020","NE"
"1798","Butler","5473","March","2020","NE"
"1799","Cass","17906","March","2020","NE"
"1800","Cedar","5606","March","2020","NE"
"1801","Chase","2445","March","2020","NE"
"1802","Cherry","3878","March","2020","NE"
"1803","Cheyenne","6245","March","2020","NE"
"1804","Clay","4215","March","2020","NE"
"1805","Colfax","5106","March","2020","NE"
"1806","Cuming","5683","March","2020","NE"
"1807","Custer","7816","March","2020","NE"
"1808","Dakota","10685","March","2020","NE"
"1809","Dawes","5365","March","2020","NE"
"1810","Dawson","13341","March","2020","NE"
"1811","Deuel","1332","March","2020","NE"
"1812","Dixon","3708","March","2020","NE"
"1813","Dodge","21687","March","2020","NE"
"1814","Douglas","354773","March","2020","NE"
"1815","Dundy","1218","March","2020","NE"
"1816","Fillmore","3943","March","2020","NE"
"1817","Franklin","2240","March","2020","NE"
"1818","Frontier","1837","March","2020","NE"
"1819","Furnas","3430","March","2020","NE"
"1820","Gage","14075","March","2020","NE"
"1821","Garden","1372","March","2020","NE"
"1822","Garfield","1272","March","2020","NE"
"1823","Gosper","1422","March","2020","NE"
"1824","Grant","484","March","2020","NE"
"1825","Greeley","1561","March","2020","NE"
"1826","Hall","33437","March","2020","NE"
"1827","Hamilton","6601","March","2020","NE"
"1828","Harlan","2410","March","2020","NE"
"1829","Hayes","689","March","2020","NE"
"1830","Hitchcock","1873","March","2020","NE"
"1831","Holt","7001","March","2020","NE"
"1832","Hooker","534","March","2020","NE"
"1833","Howard","4446","March","2020","NE"
"1834","Jefferson","4842","March","2020","NE"
"1835","Johnson","2749","March","2020","NE"
"1836","Kearney","4410","March","2020","NE"
"1837","Keith","5908","March","2020","NE"
"1838","Keya Paha","627","March","2020","NE"
"1839","Kimball","2730","March","2020","NE"
"1840","Knox","5540","March","2020","NE"
"1841","Lancaster","192929","March","2020","NE"
"1842","Lincoln","23557","March","2020","NE"
"1843","Logan","545","March","2020","NE"
"1844","Loup","503","March","2020","NE"
"1845","Madison","21288","March","2020","NE"
"1846","Mcpherson","348","March","2020","NE"
"1847","Merrick","4725","March","2020","NE"
"1848","Morrill","3068","March","2020","NE"
"1849","Nance","2336","March","2020","NE"
"1850","Nemaha","4274","March","2020","NE"
"1851","Nuckolls","3136","March","2020","NE"
"1852","Otoe","10486","March","2020","NE"
"1853","Pawnee","1808","March","2020","NE"
"1854","Perkins","1890","March","2020","NE"
"1855","Phelps","6031","March","2020","NE"
"1856","Pierce","4841","March","2020","NE"
"1857","Platte","20041","March","2020","NE"
"1858","Polk","3547","March","2020","NE"
"1859","Red Willow","7011","March","2020","NE"
"1860","Richardson","5399","March","2020","NE"
"1861","Rock","1016","March","2020","NE"
"1862","Saline","7739","March","2020","NE"
"1863","Sarpy","114319","March","2020","NE"
"1864","Saunders","15067","March","2020","NE"
"1865","Scotts Bluff","23780","March","2020","NE"
"1866","Seward","11052","March","2020","NE"
"1867","Sheridan","3680","March","2020","NE"
"1868","Sherman","1985","March","2020","NE"
"1869","Sioux","876","March","2020","NE"
"1870","Stanton","3766","March","2020","NE"
"1871","Thayer","3661","March","2020","NE"
"1872","Thomas","496","March","2020","NE"
"1873","Thurston","4334","March","2020","NE"
"1874","Valley","2946","March","2020","NE"
"1875","Washington","14479","March","2020","NE"
"1876","Wayne","5191","March","2020","NE"
"1877","Webster","2303","March","2020","NE"
"1878","Wheeler","605","March","2020","NE"
"1879","York","9726","March","2020","NE"
"1880","Grand Total","1210887","March","2020","NE"
"1881","Adams","19327","May","2020","NE"
"1882","Antelope","4488","May","2020","NE"
"1883","Arthur","327","May","2020","NE"
"1884","Banner","530","May","2020","NE"
"1885","Blaine","365","May","2020","NE"
"1886","Boone","3589","May","2020","NE"
"1887","Box Butte","7618","May","2020","NE"
"1888","Boyd","1359","May","2020","NE"
"1889","Brown","2084","May","2020","NE"
"1890","Buffalo","29835","May","2020","NE"
"1891","Burt","4835","May","2020","NE"
"1892","Butler","5489","May","2020","NE"
"1893","Cass","17995","May","2020","NE"
"1894","Cedar","5586","May","2020","NE"
"1895","Chase","2450","May","2020","NE"
"1896","Cherry","3798","May","2020","NE"
"1897","Cheyenne","6232","May","2020","NE"
"1898","Clay","4211","May","2020","NE"
"1899","Colfax","5137","May","2020","NE"
"1900","Cuming","5687","May","2020","NE"
"1901","Custer","7815","May","2020","NE"
"1902","Dakota","10704","May","2020","NE"
"1903","Dawes","5370","May","2020","NE"
"1904","Dawson","13366","May","2020","NE"
"1905","Deuel","1325","May","2020","NE"
"1906","Dixon","3718","May","2020","NE"
"1907","Dodge","21787","May","2020","NE"
"1908","Douglas","357546","May","2020","NE"
"1909","Dundy","1228","May","2020","NE"
"1910","Fillmore","3961","May","2020","NE"
"1911","Franklin","2232","May","2020","NE"
"1912","Frontier","1851","May","2020","NE"
"1913","Furnas","3448","May","2020","NE"
"1914","Gage","14103","May","2020","NE"
"1915","Garden","1329","May","2020","NE"
"1916","Garfield","1276","May","2020","NE"
"1917","Gosper","1420","May","2020","NE"
"1918","Grant","478","May","2020","NE"
"1919","Greeley","1555","May","2020","NE"
"1920","Hall","33619","May","2020","NE"
"1921","Hamilton","6633","May","2020","NE"
"1922","Harlan","2423","May","2020","NE"
"1923","Hayes","705","May","2020","NE"
"1924","Hitchcock","1864","May","2020","NE"
"1925","Holt","7002","May","2020","NE"
"1926","Hooker","545","May","2020","NE"
"1927","Howard","4469","May","2020","NE"
"1928","Jefferson","4845","May","2020","NE"
"1929","Johnson","2759","May","2020","NE"
"1930","Kearney","4435","May","2020","NE"
"1931","Keith","5903","May","2020","NE"
"1932","Keya Paha","635","May","2020","NE"
"1933","Kimball","2703","May","2020","NE"
"1934","Knox","5542","May","2020","NE"
"1935","Lancaster","193798","May","2020","NE"
"1936","Lincoln","23614","May","2020","NE"
"1937","Logan","555","May","2020","NE"
"1938","Loup","498","May","2020","NE"
"1939","Madison","21405","May","2020","NE"
"1940","Mcpherson","352","May","2020","NE"
"1941","Merrick","4757","May","2020","NE"
"1942","Morrill","3075","May","2020","NE"
"1943","Nance","2352","May","2020","NE"
"1944","Nemaha","4302","May","2020","NE"
"1945","Nuckolls","3145","May","2020","NE"
"1946","Otoe","10530","May","2020","NE"
"1947","Pawnee","1822","May","2020","NE"
"1948","Perkins","1884","May","2020","NE"
"1949","Phelps","6060","May","2020","NE"
"1950","Pierce","4894","May","2020","NE"
"1951","Platte","20112","May","2020","NE"
"1952","Polk","3576","May","2020","NE"
"1953","Red Willow","6826","May","2020","NE"
"1954","Richardson","5425","May","2020","NE"
"1955","Rock","1024","May","2020","NE"
"1956","Saline","7757","May","2020","NE"
"1957","Sarpy","115146","May","2020","NE"
"1958","Saunders","15163","May","2020","NE"
"1959","Scotts Bluff","23729","May","2020","NE"
"1960","Seward","11134","May","2020","NE"
"1961","Sheridan","3686","May","2020","NE"
"1962","Sherman","2001","May","2020","NE"
"1963","Sioux","880","May","2020","NE"
"1964","Stanton","3769","May","2020","NE"
"1965","Thayer","3685","May","2020","NE"
"1966","Thomas","492","May","2020","NE"
"1967","Thurston","4356","May","2020","NE"
"1968","Valley","2953","May","2020","NE"
"1969","Washington","14533","May","2020","NE"
"1970","Wayne","5219","May","2020","NE"
"1971","Webster","2253","May","2020","NE"
"1972","Wheeler","592","May","2020","NE"
"1973","York","9749","May","2020","NE"
"1974","Grand Total","1216639","May","2020","NE"
"1975","Adams","19875","November","2020","NE"
"1976","Antelope","4569","November","2020","NE"
"1977","Arthur","328","November","2020","NE"
"1978","Banner","540","November","2020","NE"
"1979","Blaine","362","November","2020","NE"
"1980","Boone","3682","November","2020","NE"
"1981","Box Butte","7783","November","2020","NE"
"1982","Boyd","1389","November","2020","NE"
"1983","Brown","2126","November","2020","NE"
"1984","Buffalo","31173","November","2020","NE"
"1985","Burt","4966","November","2020","NE"
"1986","Butler","5663","November","2020","NE"
"1987","Cass","18934","November","2020","NE"
"1988","Cedar","5774","November","2020","NE"
"1989","Chase","2493","November","2020","NE"
"1990","Cherry","3873","November","2020","NE"
"1991","Cheyenne","6423","November","2020","NE"
"1992","Clay","4275","November","2020","NE"
"1993","Colfax","5314","November","2020","NE"
"1994","Cuming","5865","November","2020","NE"
"1995","Custer","8043","November","2020","NE"
"1996","Dakota","11306","November","2020","NE"
"1997","Dawes","5518","November","2020","NE"
"1998","Dawson","13797","November","2020","NE"
"1999","Deuel","1400","November","2020","NE"
"2000","Dixon","3804","November","2020","NE"
"2001","Dodge","22578","November","2020","NE"
"2002","Douglas","373567","November","2020","NE"
"2003","Dundy","1256","November","2020","NE"
"2004","Fillmore","4033","November","2020","NE"
"2005","Franklin","2270","November","2020","NE"
"2006","Frontier","1889","November","2020","NE"
"2007","Furnas","3521","November","2020","NE"
"2008","Gage","14530","November","2020","NE"
"2009","Garden","1384","November","2020","NE"
"2010","Garfield","1310","November","2020","NE"
"2011","Gosper","1461","November","2020","NE"
"2012","Grant","492","November","2020","NE"
"2013","Greeley","1579","November","2020","NE"
"2014","Hall","35080","November","2020","NE"
"2015","Hamilton","6814","November","2020","NE"
"2016","Harlan","2497","November","2020","NE"
"2017","Hayes","696","November","2020","NE"
"2018","Hitchcock","1919","November","2020","NE"
"2019","Holt","7141","November","2020","NE"
"2020","Hooker","565","November","2020","NE"
"2021","Howard","4640","November","2020","NE"
"2022","Jefferson","4905","November","2020","NE"
"2023","Johnson","2848","November","2020","NE"
"2024","Kearney","4551","November","2020","NE"
"2025","Keith","6110","November","2020","NE"
"2026","Keya Paha","631","November","2020","NE"
"2027","Kimball","2787","November","2020","NE"
"2028","Knox","5619","November","2020","NE"
"2029","Lancaster","203093","November","2020","NE"
"2030","Lincoln","24315","November","2020","NE"
"2031","Logan","558","November","2020","NE"
"2032","Loup","527","November","2020","NE"
"2033","Madison","22078","November","2020","NE"
"2034","Mcpherson","352","November","2020","NE"
"2035","Merrick","5037","November","2020","NE"
"2036","Morrill","3155","November","2020","NE"
"2037","Nance","2449","November","2020","NE"
"2038","Nemaha","4387","November","2020","NE"
"2039","Nuckolls","3224","November","2020","NE"
"2040","Otoe","10948","November","2020","NE"
"2041","Pawnee","1886","November","2020","NE"
"2042","Perkins","1884","November","2020","NE"
"2043","Phelps","6175","November","2020","NE"
"2044","Pierce","5031","November","2020","NE"
"2045","Platte","20734","November","2020","NE"
"2046","Polk","3662","November","2020","NE"
"2047","Red Willow","7264","November","2020","NE"
"2048","Richardson","5572","November","2020","NE"
"2049","Rock","1037","November","2020","NE"
"2050","Saline","7993","November","2020","NE"
"2051","Sarpy","122106","November","2020","NE"
"2052","Saunders","15786","November","2020","NE"
"2053","Scotts Bluff","24479","November","2020","NE"
"2054","Seward","11528","November","2020","NE"
"2055","Sheridan","3741","November","2020","NE"
"2056","Sherman","2071","November","2020","NE"
"2057","Sioux","885","November","2020","NE"
"2058","Stanton","3900","November","2020","NE"
"2059","Thayer","3749","November","2020","NE"
"2060","Thomas","503","November","2020","NE"
"2061","Thurston","4448","November","2020","NE"
"2062","Valley","2998","November","2020","NE"
"2063","Washington","15204","November","2020","NE"
"2064","Wayne","5414","November","2020","NE"
"2065","Webster","2289","November","2020","NE"
"2066","Wheeler","613","November","2020","NE"
"2067","York","10076","November","2020","NE"
"2068","Grand Total","1267099","November","2020","NE"
"2069","Adams","19741","October","2020","NE"
"2070","Antelope","4551","October","2020","NE"
"2071","Arthur","323","October","2020","NE"
"2072","Banner","535","October","2020","NE"
"2073","Blaine","361","October","2020","NE"
"2074","Boone","3641","October","2020","NE"
"2075","Box Butte","7698","October","2020","NE"
"2076","Boyd","1379","October","2020","NE"
"2077","Brown","2099","October","2020","NE"
"2078","Buffalo","30788","October","2020","NE"
"2079","Burt","4928","October","2020","NE"
"2080","Butler","5625","October","2020","NE"
"2081","Cass","18644","October","2020","NE"
"2082","Cedar","5699","October","2020","NE"
"2083","Chase","2473","October","2020","NE"
"2084","Cherry","3846","October","2020","NE"
"2085","Cheyenne","6370","October","2020","NE"
"2086","Clay","4248","October","2020","NE"
"2087","Colfax","5270","October","2020","NE"
"2088","Cuming","5761","October","2020","NE"
"2089","Custer","7984","October","2020","NE"
"2090","Dakota","11093","October","2020","NE"
"2091","Dawes","5465","October","2020","NE"
"2092","Dawson","13639","October","2020","NE"
"2093","Deuel","1371","October","2020","NE"
"2094","Dixon","3783","October","2020","NE"
"2095","Dodge","22319","October","2020","NE"
"2096","Douglas","368807","October","2020","NE"
"2097","Dundy","1243","October","2020","NE"
"2098","Fillmore","4011","October","2020","NE"
"2099","Franklin","2254","October","2020","NE"
"2100","Frontier","1865","October","2020","NE"
"2101","Furnas","3478","October","2020","NE"
"2102","Gage","14413","October","2020","NE"
"2103","Garden","1384","October","2020","NE"
"2104","Garfield","1289","October","2020","NE"
"2105","Gosper","1440","October","2020","NE"
"2106","Grant","490","October","2020","NE"
"2107","Greeley","1561","October","2020","NE"
"2108","Hall","34791","October","2020","NE"
"2109","Hamilton","6749","October","2020","NE"
"2110","Harlan","2466","October","2020","NE"
"2111","Hayes","696","October","2020","NE"
"2112","Hitchcock","1903","October","2020","NE"
"2113","Holt","7103","October","2020","NE"
"2114","Hooker","559","October","2020","NE"
"2115","Howard","4576","October","2020","NE"
"2116","Jefferson","4873","October","2020","NE"
"2117","Johnson","2827","October","2020","NE"
"2118","Kearney","4512","October","2020","NE"
"2119","Keith","6073","October","2020","NE"
"2120","Keya Paha","624","October","2020","NE"
"2121","Kimball","2738","October","2020","NE"
"2122","Knox","5594","October","2020","NE"
"2123","Lancaster","200485","October","2020","NE"
"2124","Lincoln","24122","October","2020","NE"
"2125","Logan","559","October","2020","NE"
"2126","Loup","516","October","2020","NE"
"2127","Madison","21853","October","2020","NE"
"2128","Mcpherson","352","October","2020","NE"
"2129","Merrick","4958","October","2020","NE"
"2130","Morrill","3129","October","2020","NE"
"2131","Nance","2412","October","2020","NE"
"2132","Nemaha","4369","October","2020","NE"
"2133","Nuckolls","3202","October","2020","NE"
"2134","Otoe","10877","October","2020","NE"
"2135","Pawnee","1872","October","2020","NE"
"2136","Perkins","1868","October","2020","NE"
"2137","Phelps","6132","October","2020","NE"
"2138","Pierce","5005","October","2020","NE"
"2139","Platte","20536","October","2020","NE"
"2140","Polk","3639","October","2020","NE"
"2141","Red Willow","7174","October","2020","NE"
"2142","Richardson","5521","October","2020","NE"
"2143","Rock","1033","October","2020","NE"
"2144","Saline","7889","October","2020","NE"
"2145","Sarpy","119988","October","2020","NE"
"2146","Saunders","15640","October","2020","NE"
"2147","Scotts Bluff","24263","October","2020","NE"
"2148","Seward","11391","October","2020","NE"
"2149","Sheridan","3699","October","2020","NE"
"2150","Sherman","2057","October","2020","NE"
"2151","Sioux","874","October","2020","NE"
"2152","Stanton","3868","October","2020","NE"
"2153","Thayer","3742","October","2020","NE"
"2154","Thomas","499","October","2020","NE"
"2155","Thurston","4403","October","2020","NE"
"2156","Valley","2989","October","2020","NE"
"2157","Washington","15027","October","2020","NE"
"2158","Wayne","5334","October","2020","NE"
"2159","Webster","2268","October","2020","NE"
"2160","Wheeler","604","October","2020","NE"
"2161","York","9987","October","2020","NE"
"2162","Grand Total","1252089","October","2020","NE"
"2163","Adams","19581","September","2020","NE"
"2164","Antelope","4529","September","2020","NE"
"2165","Arthur","331","September","2020","NE"
"2166","Banner","535","September","2020","NE"
"2167","Blaine","367","September","2020","NE"
"2168","Boone","3619","September","2020","NE"
"2169","Box Butte","7637","September","2020","NE"
"2170","Boyd","1364","September","2020","NE"
"2171","Brown","2081","September","2020","NE"
"2172","Buffalo","30403","September","2020","NE"
"2173","Burt","4877","September","2020","NE"
"2174","Butler","5560","September","2020","NE"
"2175","Cass","18402","September","2020","NE"
"2176","Cedar","5648","September","2020","NE"
"2177","Chase","2460","September","2020","NE"
"2178","Cherry","3814","September","2020","NE"
"2179","Cheyenne","6316","September","2020","NE"
"2180","Clay","4218","September","2020","NE"
"2181","Colfax","5206","September","2020","NE"
"2182","Cuming","5775","September","2020","NE"
"2183","Custer","7922","September","2020","NE"
"2184","Dakota","10928","September","2020","NE"
"2185","Dawes","5406","September","2020","NE"
"2186","Dawson","13466","September","2020","NE"
"2187","Deuel","1363","September","2020","NE"
"2188","Dixon","3752","September","2020","NE"
"2189","Dodge","21985","September","2020","NE"
"2190","Douglas","363994","September","2020","NE"
"2191","Dundy","1227","September","2020","NE"
"2192","Fillmore","3984","September","2020","NE"
"2193","Franklin","2245","September","2020","NE"
"2194","Frontier","1849","September","2020","NE"
"2195","Furnas","3472","September","2020","NE"
"2196","Gage","14302","September","2020","NE"
"2197","Garden","1373","September","2020","NE"
"2198","Garfield","1305","September","2020","NE"
"2199","Gosper","1429","September","2020","NE"
"2200","Grant","483","September","2020","NE"
"2201","Greeley","1549","September","2020","NE"
"2202","Hall","34404","September","2020","NE"
"2203","Hamilton","6713","September","2020","NE"
"2204","Harlan","2440","September","2020","NE"
"2205","Hayes","690","September","2020","NE"
"2206","Hitchcock","1894","September","2020","NE"
"2207","Holt","7080","September","2020","NE"
"2208","Hooker","552","September","2020","NE"
"2209","Howard","4535","September","2020","NE"
"2210","Jefferson","4849","September","2020","NE"
"2211","Johnson","2809","September","2020","NE"
"2212","Kearney","4466","September","2020","NE"
"2213","Keith","6030","September","2020","NE"
"2214","Keya Paha","628","September","2020","NE"
"2215","Kimball","2717","September","2020","NE"
"2216","Knox","5550","September","2020","NE"
"2217","Lancaster","197728","September","2020","NE"
"2218","Lincoln","23917","September","2020","NE"
"2219","Logan","551","September","2020","NE"
"2220","Loup","512","September","2020","NE"
"2221","Madison","21715","September","2020","NE"
"2222","Mcpherson","350","September","2020","NE"
"2223","Merrick","4851","September","2020","NE"
"2224","Morrill","3108","September","2020","NE"
"2225","Nance","2378","September","2020","NE"
"2226","Nemaha","4324","September","2020","NE"
"2227","Nuckolls","3172","September","2020","NE"
"2228","Otoe","10704","September","2020","NE"
"2229","Pawnee","1854","September","2020","NE"
"2230","Perkins","1870","September","2020","NE"
"2231","Phelps","6081","September","2020","NE"
"2232","Pierce","4962","September","2020","NE"
"2233","Platte","20329","September","2020","NE"
"2234","Polk","3602","September","2020","NE"
"2235","Red Willow","7123","September","2020","NE"
"2236","Richardson","5452","September","2020","NE"
"2237","Rock","1028","September","2020","NE"
"2238","Saline","7841","September","2020","NE"
"2239","Sarpy","118802","September","2020","NE"
"2240","Saunders","15472","September","2020","NE"
"2241","Scotts Bluff","24037","September","2020","NE"
"2242","Seward","11286","September","2020","NE"
"2243","Sheridan","3678","September","2020","NE"
"2244","Sherman","2033","September","2020","NE"
"2245","Sioux","870","September","2020","NE"
"2246","Stanton","3840","September","2020","NE"
"2247","Thayer","3715","September","2020","NE"
"2248","Thomas","491","September","2020","NE"
"2249","Thurston","4385","September","2020","NE"
"2250","Valley","2985","September","2020","NE"
"2251","Washington","14876","September","2020","NE"
"2252","Wayne","5244","September","2020","NE"
"2253","Webster","2240","September","2020","NE"
"2254","Wheeler","595","September","2020","NE"
"2255","York","9904","September","2020","NE"
"2256","Grand Total","1238019","September","2020","NE"
"2257","Adams","19464","April","2021","NE"
"2258","Antelope","4513","April","2021","NE"
"2259","Arthur","322","April","2021","NE"
"2260","Banner","534","April","2021","NE"
"2261","Blaine","362","April","2021","NE"
"2262","Boone","3643","April","2021","NE"
"2263","Box Butte","7490","April","2021","NE"
"2264","Boyd","1368","April","2021","NE"
"2265","Brown","2081","April","2021","NE"
"2266","Buffalo","30767","April","2021","NE"
"2267","Burt","4886","April","2021","NE"
"2268","Butler","5620","April","2021","NE"
"2269","Cass","18923","April","2021","NE"
"2270","Cedar","5716","April","2021","NE"
"2271","Chase","2463","April","2021","NE"
"2272","Cherry","3792","April","2021","NE"
"2273","Cheyenne","6290","April","2021","NE"
"2274","Clay","4215","April","2021","NE"
"2275","Colfax","5293","April","2021","NE"
"2276","Cuming","5847","April","2021","NE"
"2277","Custer","7762","April","2021","NE"
"2278","Dakota","11045","April","2021","NE"
"2279","Dawes","5316","April","2021","NE"
"2280","Dawson","13697","April","2021","NE"
"2281","Deuel","1385","April","2021","NE"
"2282","Dixon","3773","April","2021","NE"
"2283","Dodge","22313","April","2021","NE"
"2284","Douglas","360421","April","2021","NE"
"2285","Dundy","1217","April","2021","NE"
"2286","Fillmore","4033","April","2021","NE"
"2287","Franklin","2232","April","2021","NE"
"2288","Frontier","1863","April","2021","NE"
"2289","Furnas","3454","April","2021","NE"
"2290","Gage","14348","April","2021","NE"
"2291","Garden","1384","April","2021","NE"
"2292","Garfield","1325","April","2021","NE"
"2293","Gosper","1427","April","2021","NE"
"2294","Grant","469","April","2021","NE"
"2295","Greeley","1553","April","2021","NE"
"2296","Hall","34470","April","2021","NE"
"2297","Hamilton","6718","April","2021","NE"
"2298","Harlan","2478","April","2021","NE"
"2299","Hayes","678","April","2021","NE"
"2300","Hitchcock","1879","April","2021","NE"
"2301","Holt","7088","April","2021","NE"
"2302","Hooker","541","April","2021","NE"
"2303","Howard","4617","April","2021","NE"
"2304","Jefferson","4831","April","2021","NE"
"2305","Johnson","2845","April","2021","NE"
"2306","Kearney","4518","April","2021","NE"
"2307","Keith","5974","April","2021","NE"
"2308","Keya Paha","619","April","2021","NE"
"2309","Kimball","2660","April","2021","NE"
"2310","Knox","5540","April","2021","NE"
"2311","Lancaster","199679","April","2021","NE"
"2312","Lincoln","23946","April","2021","NE"
"2313","Logan","547","April","2021","NE"
"2314","Loup","527","April","2021","NE"
"2315","Madison","21958","April","2021","NE"
"2316","Mcpherson","344","April","2021","NE"
"2317","Merrick","5012","April","2021","NE"
"2318","Morrill","3093","April","2021","NE"
"2319","Nance","2431","April","2021","NE"
"2320","Nemaha","4358","April","2021","NE"
"2321","Nuckolls","3172","April","2021","NE"
"2322","Otoe","10861","April","2021","NE"
"2323","Pawnee","1857","April","2021","NE"
"2324","Perkins","1874","April","2021","NE"
"2325","Phelps","6112","April","2021","NE"
"2326","Pierce","4989","April","2021","NE"
"2327","Platte","20629","April","2021","NE"
"2328","Polk","3628","April","2021","NE"
"2329","Red Willow","7080","April","2021","NE"
"2330","Richardson","5429","April","2021","NE"
"2331","Rock","1045","April","2021","NE"
"2332","Saline","8004","April","2021","NE"
"2333","Sarpy","120575","April","2021","NE"
"2334","Saunders","15742","April","2021","NE"
"2335","Scotts Bluff","24087","April","2021","NE"
"2336","Seward","11396","April","2021","NE"
"2337","Sheridan","3671","April","2021","NE"
"2338","Sherman","2082","April","2021","NE"
"2339","Sioux","888","April","2021","NE"
"2340","Stanton","3786","April","2021","NE"
"2341","Thayer","3663","April","2021","NE"
"2342","Thomas","500","April","2021","NE"
"2343","Thurston","4442","April","2021","NE"
"2344","Valley","2961","April","2021","NE"
"2345","Washington","15077","April","2021","NE"
"2346","Wayne","5269","April","2021","NE"
"2347","Webster","2286","April","2021","NE"
"2348","Wheeler","608","April","2021","NE"
"2349","York","9895","April","2021","NE"
"2350","Grand Total","1241565","April","2021","NE"
"2351","Adams","19491","August","2021","NE"
"2352","Antelope","4485","August","2021","NE"
"2353","Arthur","322","August","2021","NE"
"2354","Banner","535","August","2021","NE"
"2355","Blaine","360","August","2021","NE"
"2356","Boone","3636","August","2021","NE"
"2357","Box Butte","7484","August","2021","NE"
"2358","Boyd","1362","August","2021","NE"
"2359","Brown","2083","August","2021","NE"
"2360","Buffalo","30727","August","2021","NE"
"2361","Burt","4889","August","2021","NE"
"2362","Butler","5624","August","2021","NE"
"2363","Cass","18958","August","2021","NE"
"2364","Cedar","5739","August","2021","NE"
"2365","Chase","2457","August","2021","NE"
"2366","Cherry","3791","August","2021","NE"
"2367","Cheyenne","6279","August","2021","NE"
"2368","Clay","4207","August","2021","NE"
"2369","Colfax","5278","August","2021","NE"
"2370","Cuming","5826","August","2021","NE"
"2371","Custer","7768","August","2021","NE"
"2372","Dakota","11014","August","2021","NE"
"2373","Dawes","5308","August","2021","NE"
"2374","Dawson","13730","August","2021","NE"
"2375","Deuel","1387","August","2021","NE"
"2376","Dixon","3772","August","2021","NE"
"2377","Dodge","22286","August","2021","NE"
"2378","Douglas","360441","August","2021","NE"
"2379","Dundy","1211","August","2021","NE"
"2380","Fillmore","4028","August","2021","NE"
"2381","Franklin","2214","August","2021","NE"
"2382","Frontier","1855","August","2021","NE"
"2383","Furnas","3465","August","2021","NE"
"2384","Gage","14349","August","2021","NE"
"2385","Garden","1374","August","2021","NE"
"2386","Garfield","1322","August","2021","NE"
"2387","Gosper","1429","August","2021","NE"
"2388","Grant","469","August","2021","NE"
"2389","Greeley","1556","August","2021","NE"
"2390","Hall","34359","August","2021","NE"
"2391","Hamilton","6734","August","2021","NE"
"2392","Harlan","2478","August","2021","NE"
"2393","Hayes","672","August","2021","NE"
"2394","Hitchcock","1887","August","2021","NE"
"2395","Holt","7075","August","2021","NE"
"2396","Hooker","545","August","2021","NE"
"2397","Howard","4610","August","2021","NE"
"2398","Jefferson","4813","August","2021","NE"
"2399","Johnson","2834","August","2021","NE"
"2400","Kearney","4527","August","2021","NE"
"2401","Keith","5938","August","2021","NE"
"2402","Keya Paha","615","August","2021","NE"
"2403","Kimball","2674","August","2021","NE"
"2404","Knox","5527","August","2021","NE"
"2405","Lancaster","199765","August","2021","NE"
"2406","Lincoln","23950","August","2021","NE"
"2407","Logan","552","August","2021","NE"
"2408","Loup","524","August","2021","NE"
"2409","Madison","21972","August","2021","NE"
"2410","Mcpherson","349","August","2021","NE"
"2411","Merrick","5029","August","2021","NE"
"2412","Morrill","3074","August","2021","NE"
"2413","Nance","2417","August","2021","NE"
"2414","Nemaha","4372","August","2021","NE"
"2415","Nuckolls","3144","August","2021","NE"
"2416","Otoe","10835","August","2021","NE"
"2417","Pawnee","1850","August","2021","NE"
"2418","Perkins","1890","August","2021","NE"
"2419","Phelps","6100","August","2021","NE"
"2420","Pierce","4979","August","2021","NE"
"2421","Platte","20618","August","2021","NE"
"2422","Polk","3611","August","2021","NE"
"2423","Red Willow","7073","August","2021","NE"
"2424","Richardson","5405","August","2021","NE"
"2425","Rock","1040","August","2021","NE"
"2426","Saline","7975","August","2021","NE"
"2427","Sarpy","120776","August","2021","NE"
"2428","Saunders","15769","August","2021","NE"
"2429","Scotts Bluff","24030","August","2021","NE"
"2430","Seward","11411","August","2021","NE"
"2431","Sheridan","3660","August","2021","NE"
"2432","Sherman","2088","August","2021","NE"
"2433","Sioux","892","August","2021","NE"
"2434","Stanton","3784","August","2021","NE"
"2435","Thayer","3656","August","2021","NE"
"2436","Thomas","500","August","2021","NE"
"2437","Thurston","4373","August","2021","NE"
"2438","Valley","2983","August","2021","NE"
"2439","Washington","15047","August","2021","NE"
"2440","Wayne","5290","August","2021","NE"
"2441","Webster","2275","August","2021","NE"
"2442","Wheeler","605","August","2021","NE"
"2443","York","9896","August","2021","NE"
"2444","Grand Total","1241358","August","2021","NE"
"2445","Adams","19480","December","2021","NE"
"2446","Antelope","4457","December","2021","NE"
"2447","Arthur","329","December","2021","NE"
"2448","Banner","534","December","2021","NE"
"2449","Blaine","360","December","2021","NE"
"2450","Boone","3634","December","2021","NE"
"2451","Box Butte","7416","December","2021","NE"
"2452","Boyd","1361","December","2021","NE"
"2453","Brown","2071","December","2021","NE"
"2454","Buffalo","30767","December","2021","NE"
"2455","Burt","4880","December","2021","NE"
"2456","Butler","5639","December","2021","NE"
"2457","Cass","18983","December","2021","NE"
"2458","Cedar","5759","December","2021","NE"
"2459","Chase","2445","December","2021","NE"
"2460","Cherry","3785","December","2021","NE"
"2461","Cheyenne","6292","December","2021","NE"
"2462","Clay","4208","December","2021","NE"
"2463","Colfax","5255","December","2021","NE"
"2464","Cuming","5806","December","2021","NE"
"2465","Custer","7776","December","2021","NE"
"2466","Dakota","10948","December","2021","NE"
"2467","Dawes","5318","December","2021","NE"
"2468","Dawson","13700","December","2021","NE"
"2469","Deuel","1398","December","2021","NE"
"2470","Dixon","3759","December","2021","NE"
"2471","Dodge","22210","December","2021","NE"
"2472","Douglas","359338","December","2021","NE"
"2473","Dundy","1201","December","2021","NE"
"2474","Fillmore","4015","December","2021","NE"
"2475","Franklin","2193","December","2021","NE"
"2476","Frontier","1854","December","2021","NE"
"2477","Furnas","3452","December","2021","NE"
"2478","Gage","14345","December","2021","NE"
"2479","Garden","1366","December","2021","NE"
"2480","Garfield","1311","December","2021","NE"
"2481","Gosper","1434","December","2021","NE"
"2482","Grant","473","December","2021","NE"
"2483","Greeley","1558","December","2021","NE"
"2484","Hall","34268","December","2021","NE"
"2485","Hamilton","6753","December","2021","NE"
"2486","Harlan","2476","December","2021","NE"
"2487","Hayes","668","December","2021","NE"
"2488","Hitchcock","1888","December","2021","NE"
"2489","Holt","7036","December","2021","NE"
"2490","Hooker","544","December","2021","NE"
"2491","Howard","4607","December","2021","NE"
"2492","Jefferson","4818","December","2021","NE"
"2493","Johnson","2830","December","2021","NE"
"2494","Kearney","4544","December","2021","NE"
"2495","Keith","5934","December","2021","NE"
"2496","Keya Paha","623","December","2021","NE"
"2497","Kimball","2648","December","2021","NE"
"2498","Knox","5524","December","2021","NE"
"2499","Lancaster","199589","December","2021","NE"
"2500","Lincoln","23904","December","2021","NE"
"2501","Logan","550","December","2021","NE"
"2502","Loup","524","December","2021","NE"
"2503","Madison","21954","December","2021","NE"
"2504","Mcpherson","344","December","2021","NE"
"2505","Merrick","5076","December","2021","NE"
"2506","Morrill","3069","December","2021","NE"
"2507","Nance","2409","December","2021","NE"
"2508","Nemaha","4372","December","2021","NE"
"2509","Nuckolls","3141","December","2021","NE"
"2510","Otoe","10844","December","2021","NE"
"2511","Pawnee","1835","December","2021","NE"
"2512","Perkins","1896","December","2021","NE"
"2513","Phelps","6062","December","2021","NE"
"2514","Pierce","4935","December","2021","NE"
"2515","Platte","20554","December","2021","NE"
"2516","Polk","3596","December","2021","NE"
"2517","Red Willow","7086","December","2021","NE"
"2518","Richardson","5388","December","2021","NE"
"2519","Rock","1041","December","2021","NE"
"2520","Saline","7948","December","2021","NE"
"2521","Sarpy","121164","December","2021","NE"
"2522","Saunders","15833","December","2021","NE"
"2523","Scotts Bluff","23982","December","2021","NE"
"2524","Seward","11425","December","2021","NE"
"2525","Sheridan","3645","December","2021","NE"
"2526","Sherman","2079","December","2021","NE"
"2527","Sioux","890","December","2021","NE"
"2528","Stanton","3793","December","2021","NE"
"2529","Thayer","3662","December","2021","NE"
"2530","Thomas","500","December","2021","NE"
"2531","Thurston","4373","December","2021","NE"
"2532","Valley","2976","December","2021","NE"
"2533","Washington","15012","December","2021","NE"
"2534","Wayne","5264","December","2021","NE"
"2535","Webster","2266","December","2021","NE"
"2536","Wheeler","606","December","2021","NE"
"2537","York","9916","December","2021","NE"
"2538","Grand Total","1239774","December","2021","NE"
"2539","Adams","19915","February","2021","NE"
"2540","Antelope","4548","February","2021","NE"
"2541","Arthur","328","February","2021","NE"
"2542","Banner","544","February","2021","NE"
"2543","Blaine","366","February","2021","NE"
"2544","Boone","3662","February","2021","NE"
"2545","Box Butte","7721","February","2021","NE"
"2546","Boyd","1380","February","2021","NE"
"2547","Brown","2100","February","2021","NE"
"2548","Buffalo","31252","February","2021","NE"
"2549","Burt","4941","February","2021","NE"
"2550","Butler","5667","February","2021","NE"
"2551","Cass","19029","February","2021","NE"
"2552","Cedar","5744","February","2021","NE"
"2553","Chase","2501","February","2021","NE"
"2554","Cherry","3821","February","2021","NE"
"2555","Cheyenne","6442","February","2021","NE"
"2556","Clay","4250","February","2021","NE"
"2557","Colfax","5311","February","2021","NE"
"2558","Cuming","5905","February","2021","NE"
"2559","Custer","7952","February","2021","NE"
"2560","Dakota","11400","February","2021","NE"
"2561","Dawes","5474","February","2021","NE"
"2562","Dawson","13803","February","2021","NE"
"2563","Deuel","1401","February","2021","NE"
"2564","Dixon","3790","February","2021","NE"
"2565","Dodge","22535","February","2021","NE"
"2566","Douglas","373896","February","2021","NE"
"2567","Dundy","1241","February","2021","NE"
"2568","Fillmore","4050","February","2021","NE"
"2569","Franklin","2279","February","2021","NE"
"2570","Frontier","1889","February","2021","NE"
"2571","Furnas","3508","February","2021","NE"
"2572","Gage","14559","February","2021","NE"
"2573","Garden","1386","February","2021","NE"
"2574","Garfield","1316","February","2021","NE"
"2575","Gosper","1444","February","2021","NE"
"2576","Grant","485","February","2021","NE"
"2577","Greeley","1567","February","2021","NE"
"2578","Hall","35036","February","2021","NE"
"2579","Hamilton","6801","February","2021","NE"
"2580","Harlan","2507","February","2021","NE"
"2581","Hayes","694","February","2021","NE"
"2582","Hitchcock","1915","February","2021","NE"
"2583","Holt","7161","February","2021","NE"
"2584","Hooker","566","February","2021","NE"
"2585","Howard","4669","February","2021","NE"
"2586","Jefferson","4873","February","2021","NE"
"2587","Johnson","2853","February","2021","NE"
"2588","Kearney","4542","February","2021","NE"
"2589","Keith","6094","February","2021","NE"
"2590","Keya Paha","629","February","2021","NE"
"2591","Kimball","2769","February","2021","NE"
"2592","Knox","5587","February","2021","NE"
"2593","Lancaster","203595","February","2021","NE"
"2594","Lincoln","24360","February","2021","NE"
"2595","Logan","557","February","2021","NE"
"2596","Loup","532","February","2021","NE"
"2597","Madison","22095","February","2021","NE"
"2598","Mcpherson","348","February","2021","NE"
"2599","Merrick","5047","February","2021","NE"
"2600","Morrill","3115","February","2021","NE"
"2601","Nance","2458","February","2021","NE"
"2602","Nemaha","4388","February","2021","NE"
"2603","Nuckolls","3225","February","2021","NE"
"2604","Otoe","10975","February","2021","NE"
"2605","Pawnee","1877","February","2021","NE"
"2606","Perkins","1900","February","2021","NE"
"2607","Phelps","6153","February","2021","NE"
"2608","Pierce","5037","February","2021","NE"
"2609","Platte","20782","February","2021","NE"
"2610","Polk","3648","February","2021","NE"
"2611","Red Willow","7236","February","2021","NE"
"2612","Richardson","5541","February","2021","NE"
"2613","Rock","1045","February","2021","NE"
"2614","Saline","7946","February","2021","NE"
"2615","Sarpy","122649","February","2021","NE"
"2616","Saunders","15914","February","2021","NE"
"2617","Scotts Bluff","24483","February","2021","NE"
"2618","Seward","11578","February","2021","NE"
"2619","Sheridan","3751","February","2021","NE"
"2620","Sherman","2076","February","2021","NE"
"2621","Sioux","884","February","2021","NE"
"2622","Stanton","3880","February","2021","NE"
"2623","Thayer","3722","February","2021","NE"
"2624","Thomas","505","February","2021","NE"
"2625","Thurston","4456","February","2021","NE"
"2626","Valley","2987","February","2021","NE"
"2627","Washington","15171","February","2021","NE"
"2628","Wayne","5422","February","2021","NE"
"2629","Webster","2300","February","2021","NE"
"2630","Wheeler","610","February","2021","NE"
"2631","York","10044","February","2021","NE"
"2632","Grand Total","1268390","February","2021","NE"
"2633","Adams","19929","January","2021","NE"
"2634","Antelope","4552","January","2021","NE"
"2635","Arthur","329","January","2021","NE"
"2636","Banner","543","January","2021","NE"
"2637","Blaine","364","January","2021","NE"
"2638","Boone","3666","January","2021","NE"
"2639","Box Butte","7762","January","2021","NE"
"2640","Boyd","1380","January","2021","NE"
"2641","Brown","2115","January","2021","NE"
"2642","Buffalo","31290","January","2021","NE"
"2643","Burt","4955","January","2021","NE"
"2644","Butler","5683","January","2021","NE"
"2645","Cass","19025","January","2021","NE"
"2646","Cedar","5750","January","2021","NE"
"2647","Chase","2495","January","2021","NE"
"2648","Cherry","3822","January","2021","NE"
"2649","Cheyenne","6454","January","2021","NE"
"2650","Clay","4255","January","2021","NE"
"2651","Colfax","5321","January","2021","NE"
"2652","Cuming","5901","January","2021","NE"
"2653","Custer","7977","January","2021","NE"
"2654","Dakota","11412","January","2021","NE"
"2655","Dawes","5491","January","2021","NE"
"2656","Dawson","13843","January","2021","NE"
"2657","Deuel","1396","January","2021","NE"
"2658","Dixon","3796","January","2021","NE"
"2659","Dodge","22572","January","2021","NE"
"2660","Douglas","373918","January","2021","NE"
"2661","Dundy","1245","January","2021","NE"
"2662","Fillmore","4029","January","2021","NE"
"2663","Franklin","2278","January","2021","NE"
"2664","Frontier","1893","January","2021","NE"
"2665","Furnas","3512","January","2021","NE"
"2666","Gage","14553","January","2021","NE"
"2667","Garden","1380","January","2021","NE"
"2668","Garfield","1318","January","2021","NE"
"2669","Gosper","1452","January","2021","NE"
"2670","Grant","490","January","2021","NE"
"2671","Greeley","1572","January","2021","NE"
"2672","Hall","35114","January","2021","NE"
"2673","Hamilton","6811","January","2021","NE"
"2674","Harlan","2514","January","2021","NE"
"2675","Hayes","695","January","2021","NE"
"2676","Hitchcock","1908","January","2021","NE"
"2677","Holt","7154","January","2021","NE"
"2678","Hooker","567","January","2021","NE"
"2679","Howard","4660","January","2021","NE"
"2680","Jefferson","4885","January","2021","NE"
"2681","Johnson","2852","January","2021","NE"
"2682","Kearney","4536","January","2021","NE"
"2683","Keith","6101","January","2021","NE"
"2684","Keya Paha","628","January","2021","NE"
"2685","Kimball","2777","January","2021","NE"
"2686","Knox","5600","January","2021","NE"
"2687","Lancaster","203970","January","2021","NE"
"2688","Lincoln","24364","January","2021","NE"
"2689","Logan","556","January","2021","NE"
"2690","Loup","529","January","2021","NE"
"2691","Madison","22132","January","2021","NE"
"2692","Mcpherson","348","January","2021","NE"
"2693","Merrick","5054","January","2021","NE"
"2694","Morrill","3125","January","2021","NE"
"2695","Nance","2459","January","2021","NE"
"2696","Nemaha","4388","January","2021","NE"
"2697","Nuckolls","3230","January","2021","NE"
"2698","Otoe","10992","January","2021","NE"
"2699","Pawnee","1880","January","2021","NE"
"2700","Perkins","1898","January","2021","NE"
"2701","Phelps","6176","January","2021","NE"
"2702","Pierce","5048","January","2021","NE"
"2703","Platte","20820","January","2021","NE"
"2704","Polk","3652","January","2021","NE"
"2705","Red Willow","7253","January","2021","NE"
"2706","Richardson","5569","January","2021","NE"
"2707","Rock","1045","January","2021","NE"
"2708","Saline","7976","January","2021","NE"
"2709","Sarpy","122809","January","2021","NE"
"2710","Saunders","15921","January","2021","NE"
"2711","Scotts Bluff","24526","January","2021","NE"
"2712","Seward","11587","January","2021","NE"
"2713","Sheridan","3759","January","2021","NE"
"2714","Sherman","2083","January","2021","NE"
"2715","Sioux","881","January","2021","NE"
"2716","Stanton","3896","January","2021","NE"
"2717","Thayer","3742","January","2021","NE"
"2718","Thomas","503","January","2021","NE"
"2719","Thurston","4465","January","2021","NE"
"2720","Valley","2993","January","2021","NE"
"2721","Washington","15240","January","2021","NE"
"2722","Wayne","5419","January","2021","NE"
"2723","Webster","2298","January","2021","NE"
"2724","Wheeler","613","January","2021","NE"
"2725","York","10071","January","2021","NE"
"2726","Grand Total","1269790","January","2021","NE"
"2727","Adams","19528","July","2021","NE"
"2728","Antelope","4499","July","2021","NE"
"2729","Arthur","322","July","2021","NE"
"2730","Banner","536","July","2021","NE"
"2731","Blaine","365","July","2021","NE"
"2732","Boone","3640","July","2021","NE"
"2733","Box Butte","7490","July","2021","NE"
"2734","Boyd","1361","July","2021","NE"
"2735","Brown","2085","July","2021","NE"
"2736","Buffalo","30807","July","2021","NE"
"2737","Burt","4889","July","2021","NE"
"2738","Butler","5625","July","2021","NE"
"2739","Cass","18992","July","2021","NE"
"2740","Cedar","5745","July","2021","NE"
"2741","Chase","2463","July","2021","NE"
"2742","Cherry","3795","July","2021","NE"
"2743","Cheyenne","6298","July","2021","NE"
"2744","Clay","4210","July","2021","NE"
"2745","Colfax","5294","July","2021","NE"
"2746","Cuming","5839","July","2021","NE"
"2747","Custer","7771","July","2021","NE"
"2748","Dakota","11013","July","2021","NE"
"2749","Dawes","5307","July","2021","NE"
"2750","Dawson","13754","July","2021","NE"
"2751","Deuel","1383","July","2021","NE"
"2752","Dixon","3780","July","2021","NE"
"2753","Dodge","22303","July","2021","NE"
"2754","Douglas","360640","July","2021","NE"
"2755","Dundy","1214","July","2021","NE"
"2756","Fillmore","4031","July","2021","NE"
"2757","Franklin","2231","July","2021","NE"
"2758","Frontier","1859","July","2021","NE"
"2759","Furnas","3470","July","2021","NE"
"2760","Gage","14355","July","2021","NE"
"2761","Garden","1374","July","2021","NE"
"2762","Garfield","1325","July","2021","NE"
"2763","Gosper","1428","July","2021","NE"
"2764","Grant","470","July","2021","NE"
"2765","Greeley","1557","July","2021","NE"
"2766","Hall","34404","July","2021","NE"
"2767","Hamilton","6732","July","2021","NE"
"2768","Harlan","2485","July","2021","NE"
"2769","Hayes","672","July","2021","NE"
"2770","Hitchcock","1883","July","2021","NE"
"2771","Holt","7062","July","2021","NE"
"2772","Hooker","546","July","2021","NE"
"2773","Howard","4628","July","2021","NE"
"2774","Jefferson","4812","July","2021","NE"
"2775","Johnson","2835","July","2021","NE"
"2776","Kearney","4527","July","2021","NE"
"2777","Keith","5955","July","2021","NE"
"2778","Keya Paha","615","July","2021","NE"
"2779","Kimball","2673","July","2021","NE"
"2780","Knox","5537","July","2021","NE"
"2781","Lancaster","200258","July","2021","NE"
"2782","Lincoln","23947","July","2021","NE"
"2783","Logan","550","July","2021","NE"
"2784","Loup","520","July","2021","NE"
"2785","Madison","21988","July","2021","NE"
"2786","Mcpherson","348","July","2021","NE"
"2787","Merrick","5024","July","2021","NE"
"2788","Morrill","3080","July","2021","NE"
"2789","Nance","2430","July","2021","NE"
"2790","Nemaha","4376","July","2021","NE"
"2791","Nuckolls","3161","July","2021","NE"
"2792","Otoe","10866","July","2021","NE"
"2793","Pawnee","1855","July","2021","NE"
"2794","Perkins","1885","July","2021","NE"
"2795","Phelps","6115","July","2021","NE"
"2796","Pierce","4995","July","2021","NE"
"2797","Platte","20619","July","2021","NE"
"2798","Polk","3630","July","2021","NE"
"2799","Red Willow","7072","July","2021","NE"
"2800","Richardson","5406","July","2021","NE"
"2801","Rock","1042","July","2021","NE"
"2802","Saline","7985","July","2021","NE"
"2803","Sarpy","120755","July","2021","NE"
"2804","Saunders","15776","July","2021","NE"
"2805","Scotts Bluff","24073","July","2021","NE"
"2806","Seward","11423","July","2021","NE"
"2807","Sheridan","3671","July","2021","NE"
"2808","Sherman","2095","July","2021","NE"
"2809","Sioux","889","July","2021","NE"
"2810","Stanton","3789","July","2021","NE"
"2811","Thayer","3665","July","2021","NE"
"2812","Thomas","498","July","2021","NE"
"2813","Thurston","4379","July","2021","NE"
"2814","Valley","2981","July","2021","NE"
"2815","Washington","15061","July","2021","NE"
"2816","Wayne","5269","July","2021","NE"
"2817","Webster","2281","July","2021","NE"
"2818","Wheeler","604","July","2021","NE"
"2819","York","9929","July","2021","NE"
"2820","Grand Total","1242704","July","2021","NE"
"2821","Adams","19500","June","2021","NE"
"2822","Antelope","4494","June","2021","NE"
"2823","Arthur","323","June","2021","NE"
"2824","Banner","535","June","2021","NE"
"2825","Blaine","364","June","2021","NE"
"2826","Boone","3644","June","2021","NE"
"2827","Box Butte","7484","June","2021","NE"
"2828","Boyd","1366","June","2021","NE"
"2829","Brown","2080","June","2021","NE"
"2830","Buffalo","30776","June","2021","NE"
"2831","Burt","4893","June","2021","NE"
"2832","Butler","5620","June","2021","NE"
"2833","Cass","18983","June","2021","NE"
"2834","Cedar","5735","June","2021","NE"
"2835","Chase","2466","June","2021","NE"
"2836","Cherry","3799","June","2021","NE"
"2837","Cheyenne","6295","June","2021","NE"
"2838","Clay","4206","June","2021","NE"
"2839","Colfax","5295","June","2021","NE"
"2840","Cuming","5845","June","2021","NE"
"2841","Custer","7769","June","2021","NE"
"2842","Dakota","11026","June","2021","NE"
"2843","Dawes","5311","June","2021","NE"
"2844","Dawson","13728","June","2021","NE"
"2845","Deuel","1380","June","2021","NE"
"2846","Dixon","3782","June","2021","NE"
"2847","Dodge","22309","June","2021","NE"
"2848","Douglas","360469","June","2021","NE"
"2849","Dundy","1212","June","2021","NE"
"2850","Fillmore","4036","June","2021","NE"
"2851","Franklin","2234","June","2021","NE"
"2852","Frontier","1860","June","2021","NE"
"2853","Furnas","3470","June","2021","NE"
"2854","Gage","14341","June","2021","NE"
"2855","Garden","1379","June","2021","NE"
"2856","Garfield","1322","June","2021","NE"
"2857","Gosper","1423","June","2021","NE"
"2858","Grant","470","June","2021","NE"
"2859","Greeley","1559","June","2021","NE"
"2860","Hall","34404","June","2021","NE"
"2861","Hamilton","6729","June","2021","NE"
"2862","Harlan","2475","June","2021","NE"
"2863","Hayes","676","June","2021","NE"
"2864","Hitchcock","1883","June","2021","NE"
"2865","Holt","7070","June","2021","NE"
"2866","Hooker","542","June","2021","NE"
"2867","Howard","4627","June","2021","NE"
"2868","Jefferson","4819","June","2021","NE"
"2869","Johnson","2831","June","2021","NE"
"2870","Kearney","4520","June","2021","NE"
"2871","Keith","5959","June","2021","NE"
"2872","Keya Paha","615","June","2021","NE"
"2873","Kimball","2682","June","2021","NE"
"2874","Knox","5530","June","2021","NE"
"2875","Lancaster","200273","June","2021","NE"
"2876","Lincoln","23950","June","2021","NE"
"2877","Logan","549","June","2021","NE"
"2878","Loup","530","June","2021","NE"
"2879","Madison","21975","June","2021","NE"
"2880","Mcpherson","349","June","2021","NE"
"2881","Merrick","5016","June","2021","NE"
"2882","Morrill","3082","June","2021","NE"
"2883","Nance","2425","June","2021","NE"
"2884","Nemaha","4364","June","2021","NE"
"2885","Nuckolls","3161","June","2021","NE"
"2886","Otoe","10870","June","2021","NE"
"2887","Pawnee","1859","June","2021","NE"
"2888","Perkins","1882","June","2021","NE"
"2889","Phelps","6109","June","2021","NE"
"2890","Pierce","4993","June","2021","NE"
"2891","Platte","20621","June","2021","NE"
"2892","Polk","3626","June","2021","NE"
"2893","Red Willow","7080","June","2021","NE"
"2894","Richardson","5418","June","2021","NE"
"2895","Rock","1040","June","2021","NE"
"2896","Saline","7995","June","2021","NE"
"2897","Sarpy","120695","June","2021","NE"
"2898","Saunders","15745","June","2021","NE"
"2899","Scotts Bluff","24078","June","2021","NE"
"2900","Seward","11403","June","2021","NE"
"2901","Sheridan","3668","June","2021","NE"
"2902","Sherman","2087","June","2021","NE"
"2903","Sioux","890","June","2021","NE"
"2904","Stanton","3780","June","2021","NE"
"2905","Thayer","3662","June","2021","NE"
"2906","Thomas","498","June","2021","NE"
"2907","Thurston","4387","June","2021","NE"
"2908","Valley","2978","June","2021","NE"
"2909","Washington","15063","June","2021","NE"
"2910","Wayne","5275","June","2021","NE"
"2911","Webster","2276","June","2021","NE"
"2912","Wheeler","607","June","2021","NE"
"2913","York","9909","June","2021","NE"
"2914","Grand Total","1242313","June","2021","NE"
"2915","Adams","19451","March","2021","NE"
"2916","Antelope","4511","March","2021","NE"
"2917","Arthur","322","March","2021","NE"
"2918","Banner","537","March","2021","NE"
"2919","Blaine","362","March","2021","NE"
"2920","Boone","3636","March","2021","NE"
"2921","Box Butte","7515","March","2021","NE"
"2922","Boyd","1368","March","2021","NE"
"2923","Brown","2080","March","2021","NE"
"2924","Buffalo","30752","March","2021","NE"
"2925","Burt","4882","March","2021","NE"
"2926","Butler","5610","March","2021","NE"
"2927","Cass","18883","March","2021","NE"
"2928","Cedar","5718","March","2021","NE"
"2929","Chase","2462","March","2021","NE"
"2930","Cherry","3798","March","2021","NE"
"2931","Cheyenne","6283","March","2021","NE"
"2932","Clay","4222","March","2021","NE"
"2933","Colfax","5274","March","2021","NE"
"2934","Cuming","5844","March","2021","NE"
"2935","Custer","7849","March","2021","NE"
"2936","Dakota","11060","March","2021","NE"
"2937","Dawes","5315","March","2021","NE"
"2938","Dawson","13688","March","2021","NE"
"2939","Deuel","1382","March","2021","NE"
"2940","Dixon","3777","March","2021","NE"
"2941","Dodge","22312","March","2021","NE"
"2942","Douglas","360637","March","2021","NE"
"2943","Dundy","1214","March","2021","NE"
"2944","Fillmore","4024","March","2021","NE"
"2945","Franklin","2238","March","2021","NE"
"2946","Frontier","1859","March","2021","NE"
"2947","Furnas","3457","March","2021","NE"
"2948","Gage","14340","March","2021","NE"
"2949","Garden","1384","March","2021","NE"
"2950","Garfield","1318","March","2021","NE"
"2951","Gosper","1427","March","2021","NE"
"2952","Grant","469","March","2021","NE"
"2953","Greeley","1558","March","2021","NE"
"2954","Hall","34422","March","2021","NE"
"2955","Hamilton","6723","March","2021","NE"
"2956","Harlan","2479","March","2021","NE"
"2957","Hayes","679","March","2021","NE"
"2958","Hitchcock","1879","March","2021","NE"
"2959","Holt","7091","March","2021","NE"
"2960","Hooker","540","March","2021","NE"
"2961","Howard","4620","March","2021","NE"
"2962","Jefferson","4834","March","2021","NE"
"2963","Johnson","2845","March","2021","NE"
"2964","Kearney","4510","March","2021","NE"
"2965","Keith","5973","March","2021","NE"
"2966","Keya Paha","619","March","2021","NE"
"2967","Kimball","2673","March","2021","NE"
"2968","Knox","5557","March","2021","NE"
"2969","Lancaster","199556","March","2021","NE"
"2970","Lincoln","23914","March","2021","NE"
"2971","Logan","550","March","2021","NE"
"2972","Loup","527","March","2021","NE"
"2973","Madison","21944","March","2021","NE"
"2974","Mcpherson","342","March","2021","NE"
"2975","Merrick","5008","March","2021","NE"
"2976","Morrill","3091","March","2021","NE"
"2977","Nance","2431","March","2021","NE"
"2978","Nemaha","4353","March","2021","NE"
"2979","Nuckolls","3180","March","2021","NE"
"2980","Otoe","10873","March","2021","NE"
"2981","Pawnee","1855","March","2021","NE"
"2982","Perkins","1879","March","2021","NE"
"2983","Phelps","6101","March","2021","NE"
"2984","Pierce","4980","March","2021","NE"
"2985","Platte","20620","March","2021","NE"
"2986","Polk","3623","March","2021","NE"
"2987","Red Willow","7093","March","2021","NE"
"2988","Richardson","5427","March","2021","NE"
"2989","Rock","1041","March","2021","NE"
"2990","Saline","7981","March","2021","NE"
"2991","Sarpy","120496","March","2021","NE"
"2992","Saunders","15720","March","2021","NE"
"2993","Scotts Bluff","24088","March","2021","NE"
"2994","Seward","11420","March","2021","NE"
"2995","Sheridan","3661","March","2021","NE"
"2996","Sherman","2080","March","2021","NE"
"2997","Sioux","889","March","2021","NE"
"2998","Stanton","3789","March","2021","NE"
"2999","Thayer","3657","March","2021","NE"
"3000","Thomas","500","March","2021","NE"
"3001","Thurston","4440","March","2021","NE"
"3002","Valley","2961","March","2021","NE"
"3003","Washington","15055","March","2021","NE"
"3004","Wayne","5265","March","2021","NE"
"3005","Webster","2283","March","2021","NE"
"3006","Wheeler","608","March","2021","NE"
"3007","York","9873","March","2021","NE"
"3008","Grand Total","1241416","March","2021","NE"
"3009","Adams","19485","May","2021","NE"
"3010","Antelope","4504","May","2021","NE"
"3011","Arthur","322","May","2021","NE"
"3012","Banner","533","May","2021","NE"
"3013","Blaine","363","May","2021","NE"
"3014","Boone","3645","May","2021","NE"
"3015","Box Butte","7496","May","2021","NE"
"3016","Boyd","1362","May","2021","NE"
"3017","Brown","2083","May","2021","NE"
"3018","Buffalo","30766","May","2021","NE"
"3019","Burt","4885","May","2021","NE"
"3020","Butler","5620","May","2021","NE"
"3021","Cass","18963","May","2021","NE"
"3022","Cedar","5724","May","2021","NE"
"3023","Chase","2463","May","2021","NE"
"3024","Cherry","3790","May","2021","NE"
"3025","Cheyenne","6299","May","2021","NE"
"3026","Clay","4217","May","2021","NE"
"3027","Colfax","5293","May","2021","NE"
"3028","Cuming","5854","May","2021","NE"
"3029","Custer","7771","May","2021","NE"
"3030","Dakota","11032","May","2021","NE"
"3031","Dawes","5313","May","2021","NE"
"3032","Dawson","13708","May","2021","NE"
"3033","Deuel","1381","May","2021","NE"
"3034","Dixon","3779","May","2021","NE"
"3035","Dodge","22313","May","2021","NE"
"3036","Douglas","360606","May","2021","NE"
"3037","Dundy","1212","May","2021","NE"
"3038","Fillmore","4042","May","2021","NE"
"3039","Franklin","2231","May","2021","NE"
"3040","Frontier","1862","May","2021","NE"
"3041","Furnas","3467","May","2021","NE"
"3042","Gage","14354","May","2021","NE"
"3043","Garden","1382","May","2021","NE"
"3044","Garfield","1322","May","2021","NE"
"3045","Gosper","1426","May","2021","NE"
"3046","Grant","469","May","2021","NE"
"3047","Greeley","1550","May","2021","NE"
"3048","Hall","34449","May","2021","NE"
"3049","Hamilton","6717","May","2021","NE"
"3050","Harlan","2476","May","2021","NE"
"3051","Hayes","676","May","2021","NE"
"3052","Hitchcock","1875","May","2021","NE"
"3053","Holt","7079","May","2021","NE"
"3054","Hooker","542","May","2021","NE"
"3055","Howard","4622","May","2021","NE"
"3056","Jefferson","4820","May","2021","NE"
"3057","Johnson","2846","May","2021","NE"
"3058","Kearney","4520","May","2021","NE"
"3059","Keith","5966","May","2021","NE"
"3060","Keya Paha","617","May","2021","NE"
"3061","Kimball","2676","May","2021","NE"
"3062","Knox","5533","May","2021","NE"
"3063","Lancaster","199906","May","2021","NE"
"3064","Lincoln","23952","May","2021","NE"
"3065","Logan","547","May","2021","NE"
"3066","Loup","528","May","2021","NE"
"3067","Madison","21964","May","2021","NE"
"3068","Mcpherson","345","May","2021","NE"
"3069","Merrick","5025","May","2021","NE"
"3070","Morrill","3077","May","2021","NE"
"3071","Nance","2431","May","2021","NE"
"3072","Nemaha","4355","May","2021","NE"
"3073","Nuckolls","3165","May","2021","NE"
"3074","Otoe","10869","May","2021","NE"
"3075","Pawnee","1859","May","2021","NE"
"3076","Perkins","1875","May","2021","NE"
"3077","Phelps","6112","May","2021","NE"
"3078","Pierce","4993","May","2021","NE"
"3079","Platte","20610","May","2021","NE"
"3080","Polk","3628","May","2021","NE"
"3081","Red Willow","7070","May","2021","NE"
"3082","Richardson","5422","May","2021","NE"
"3083","Rock","1044","May","2021","NE"
"3084","Saline","7999","May","2021","NE"
"3085","Sarpy","120588","May","2021","NE"
"3086","Saunders","15760","May","2021","NE"
"3087","Scotts Bluff","24088","May","2021","NE"
"3088","Seward","11404","May","2021","NE"
"3089","Sheridan","3671","May","2021","NE"
"3090","Sherman","2085","May","2021","NE"
"3091","Sioux","888","May","2021","NE"
"3092","Stanton","3782","May","2021","NE"
"3093","Thayer","3666","May","2021","NE"
"3094","Thomas","503","May","2021","NE"
"3095","Thurston","4395","May","2021","NE"
"3096","Valley","2971","May","2021","NE"
"3097","Washington","15050","May","2021","NE"
"3098","Wayne","5268","May","2021","NE"
"3099","Webster","2292","May","2021","NE"
"3100","Wheeler","608","May","2021","NE"
"3101","York","9898","May","2021","NE"
"3102","Grand Total","1241994","May","2021","NE"
"3103","Adams","19476","November","2021","NE"
"3104","Antelope","4461","November","2021","NE"
"3105","Arthur","327","November","2021","NE"
"3106","Banner","534","November","2021","NE"
"3107","Blaine","360","November","2021","NE"
"3108","Boone","3629","November","2021","NE"
"3109","Box Butte","7419","November","2021","NE"
"3110","Boyd","1356","November","2021","NE"
"3111","Brown","2069","November","2021","NE"
"3112","Buffalo","30760","November","2021","NE"
"3113","Burt","4893","November","2021","NE"
"3114","Butler","5635","November","2021","NE"
"3115","Cass","18960","November","2021","NE"
"3116","Cedar","5757","November","2021","NE"
"3117","Chase","2448","November","2021","NE"
"3118","Cherry","3792","November","2021","NE"
"3119","Cheyenne","6289","November","2021","NE"
"3120","Clay","4208","November","2021","NE"
"3121","Colfax","5266","November","2021","NE"
"3122","Cuming","5823","November","2021","NE"
"3123","Custer","7781","November","2021","NE"
"3124","Dakota","10963","November","2021","NE"
"3125","Dawes","5324","November","2021","NE"
"3126","Dawson","13722","November","2021","NE"
"3127","Deuel","1404","November","2021","NE"
"3128","Dixon","3764","November","2021","NE"
"3129","Dodge","22237","November","2021","NE"
"3130","Douglas","359593","November","2021","NE"
"3131","Dundy","1200","November","2021","NE"
"3132","Fillmore","4019","November","2021","NE"
"3133","Franklin","2194","November","2021","NE"
"3134","Frontier","1859","November","2021","NE"
"3135","Furnas","3457","November","2021","NE"
"3136","Gage","14338","November","2021","NE"
"3137","Garden","1367","November","2021","NE"
"3138","Garfield","1312","November","2021","NE"
"3139","Gosper","1440","November","2021","NE"
"3140","Grant","469","November","2021","NE"
"3141","Greeley","1560","November","2021","NE"
"3142","Hall","34295","November","2021","NE"
"3143","Hamilton","6741","November","2021","NE"
"3144","Harlan","2480","November","2021","NE"
"3145","Hayes","670","November","2021","NE"
"3146","Hitchcock","1887","November","2021","NE"
"3147","Holt","7059","November","2021","NE"
"3148","Hooker","545","November","2021","NE"
"3149","Howard","4593","November","2021","NE"
"3150","Jefferson","4824","November","2021","NE"
"3151","Johnson","2834","November","2021","NE"
"3152","Kearney","4536","November","2021","NE"
"3153","Keith","5942","November","2021","NE"
"3154","Keya Paha","623","November","2021","NE"
"3155","Kimball","2660","November","2021","NE"
"3156","Knox","5526","November","2021","NE"
"3157","Lancaster","199663","November","2021","NE"
"3158","Lincoln","23940","November","2021","NE"
"3159","Logan","549","November","2021","NE"
"3160","Loup","523","November","2021","NE"
"3161","Madison","21988","November","2021","NE"
"3162","Mcpherson","345","November","2021","NE"
"3163","Merrick","5068","November","2021","NE"
"3164","Morrill","3065","November","2021","NE"
"3165","Nance","2408","November","2021","NE"
"3166","Nemaha","4375","November","2021","NE"
"3167","Nuckolls","3144","November","2021","NE"
"3168","Otoe","10847","November","2021","NE"
"3169","Pawnee","1840","November","2021","NE"
"3170","Perkins","1892","November","2021","NE"
"3171","Phelps","6076","November","2021","NE"
"3172","Pierce","4945","November","2021","NE"
"3173","Platte","20559","November","2021","NE"
"3174","Polk","3608","November","2021","NE"
"3175","Red Willow","7084","November","2021","NE"
"3176","Richardson","5401","November","2021","NE"
"3177","Rock","1045","November","2021","NE"
"3178","Saline","7950","November","2021","NE"
"3179","Sarpy","120928","November","2021","NE"
"3180","Saunders","15808","November","2021","NE"
"3181","Scotts Bluff","23969","November","2021","NE"
"3182","Seward","11423","November","2021","NE"
"3183","Sheridan","3641","November","2021","NE"
"3184","Sherman","2078","November","2021","NE"
"3185","Sioux","890","November","2021","NE"
"3186","Stanton","3798","November","2021","NE"
"3187","Thayer","3664","November","2021","NE"
"3188","Thomas","500","November","2021","NE"
"3189","Thurston","4368","November","2021","NE"
"3190","Valley","2978","November","2021","NE"
"3191","Washington","15006","November","2021","NE"
"3192","Wayne","5264","November","2021","NE"
"3193","Webster","2258","November","2021","NE"
"3194","Wheeler","609","November","2021","NE"
"3195","York","9914","November","2021","NE"
"3196","Grand Total","1240091","November","2021","NE"
"3197","Adams","19483","October","2021","NE"
"3198","Antelope","4474","October","2021","NE"
"3199","Arthur","324","October","2021","NE"
"3200","Banner","536","October","2021","NE"
"3201","Blaine","359","October","2021","NE"
"3202","Boone","3619","October","2021","NE"
"3203","Box Butte","7454","October","2021","NE"
"3204","Boyd","1357","October","2021","NE"
"3205","Brown","2073","October","2021","NE"
"3206","Buffalo","30768","October","2021","NE"
"3207","Burt","4888","October","2021","NE"
"3208","Butler","5630","October","2021","NE"
"3209","Cass","18935","October","2021","NE"
"3210","Cedar","5752","October","2021","NE"
"3211","Chase","2449","October","2021","NE"
"3212","Cherry","3791","October","2021","NE"
"3213","Cheyenne","6286","October","2021","NE"
"3214","Clay","4206","October","2021","NE"
"3215","Colfax","5269","October","2021","NE"
"3216","Cuming","5824","October","2021","NE"
"3217","Custer","7772","October","2021","NE"
"3218","Dakota","10986","October","2021","NE"
"3219","Dawes","5327","October","2021","NE"
"3220","Dawson","13716","October","2021","NE"
"3221","Deuel","1402","October","2021","NE"
"3222","Dixon","3761","October","2021","NE"
"3223","Dodge","22228","October","2021","NE"
"3224","Douglas","359731","October","2021","NE"
"3225","Dundy","1203","October","2021","NE"
"3226","Fillmore","4023","October","2021","NE"
"3227","Franklin","2204","October","2021","NE"
"3228","Frontier","1848","October","2021","NE"
"3229","Furnas","3456","October","2021","NE"
"3230","Gage","14339","October","2021","NE"
"3231","Garden","1370","October","2021","NE"
"3232","Garfield","1320","October","2021","NE"
"3233","Gosper","1439","October","2021","NE"
"3234","Grant","469","October","2021","NE"
"3235","Greeley","1564","October","2021","NE"
"3236","Hall","34325","October","2021","NE"
"3237","Hamilton","6739","October","2021","NE"
"3238","Harlan","2479","October","2021","NE"
"3239","Hayes","666","October","2021","NE"
"3240","Hitchcock","1890","October","2021","NE"
"3241","Holt","7063","October","2021","NE"
"3242","Hooker","543","October","2021","NE"
"3243","Howard","4597","October","2021","NE"
"3244","Jefferson","4828","October","2021","NE"
"3245","Johnson","2830","October","2021","NE"
"3246","Kearney","4533","October","2021","NE"
"3247","Keith","5951","October","2021","NE"
"3248","Keya Paha","620","October","2021","NE"
"3249","Kimball","2667","October","2021","NE"
"3250","Knox","5526","October","2021","NE"
"3251","Lancaster","199719","October","2021","NE"
"3252","Lincoln","23936","October","2021","NE"
"3253","Logan","546","October","2021","NE"
"3254","Loup","524","October","2021","NE"
"3255","Madison","21973","October","2021","NE"
"3256","Mcpherson","346","October","2021","NE"
"3257","Merrick","5061","October","2021","NE"
"3258","Morrill","3071","October","2021","NE"
"3259","Nance","2411","October","2021","NE"
"3260","Nemaha","4381","October","2021","NE"
"3261","Nuckolls","3142","October","2021","NE"
"3262","Otoe","10856","October","2021","NE"
"3263","Pawnee","1839","October","2021","NE"
"3264","Perkins","1892","October","2021","NE"
"3265","Phelps","6085","October","2021","NE"
"3266","Pierce","4957","October","2021","NE"
"3267","Platte","20577","October","2021","NE"
"3268","Polk","3607","October","2021","NE"
"3269","Red Willow","7075","October","2021","NE"
"3270","Richardson","5397","October","2021","NE"
"3271","Rock","1041","October","2021","NE"
"3272","Saline","7954","October","2021","NE"
"3273","Sarpy","120856","October","2021","NE"
"3274","Saunders","15790","October","2021","NE"
"3275","Scotts Bluff","24015","October","2021","NE"
"3276","Seward","11431","October","2021","NE"
"3277","Sheridan","3645","October","2021","NE"
"3278","Sherman","2086","October","2021","NE"
"3279","Sioux","891","October","2021","NE"
"3280","Stanton","3794","October","2021","NE"
"3281","Thayer","3644","October","2021","NE"
"3282","Thomas","500","October","2021","NE"
"3283","Thurston","4371","October","2021","NE"
"3284","Valley","2983","October","2021","NE"
"3285","Washington","15044","October","2021","NE"
"3286","Wayne","5277","October","2021","NE"
"3287","Webster","2263","October","2021","NE"
"3288","Wheeler","596","October","2021","NE"
"3289","York","9917","October","2021","NE"
"3290","Grand Total","1240385","October","2021","NE"
"3291","Adams","19478","September","2021","NE"
"3292","Antelope","4478","September","2021","NE"
"3293","Arthur","323","September","2021","NE"
"3294","Banner","532","September","2021","NE"
"3295","Blaine","359","September","2021","NE"
"3296","Boone","3628","September","2021","NE"
"3297","Box Butte","7464","September","2021","NE"
"3298","Boyd","1358","September","2021","NE"
"3299","Brown","2081","September","2021","NE"
"3300","Buffalo","30752","September","2021","NE"
"3301","Burt","4884","September","2021","NE"
"3302","Butler","5626","September","2021","NE"
"3303","Cass","18963","September","2021","NE"
"3304","Cedar","5745","September","2021","NE"
"3305","Chase","2446","September","2021","NE"
"3306","Cherry","3788","September","2021","NE"
"3307","Cheyenne","6286","September","2021","NE"
"3308","Clay","4203","September","2021","NE"
"3309","Colfax","5273","September","2021","NE"
"3310","Cuming","5819","September","2021","NE"
"3311","Custer","7772","September","2021","NE"
"3312","Dakota","11003","September","2021","NE"
"3313","Dawes","5335","September","2021","NE"
"3314","Dawson","13724","September","2021","NE"
"3315","Deuel","1393","September","2021","NE"
"3316","Dixon","3765","September","2021","NE"
"3317","Dodge","22267","September","2021","NE"
"3318","Douglas","360359","September","2021","NE"
"3319","Dundy","1206","September","2021","NE"
"3320","Fillmore","4028","September","2021","NE"
"3321","Franklin","2215","September","2021","NE"
"3322","Frontier","1845","September","2021","NE"
"3323","Furnas","3460","September","2021","NE"
"3324","Gage","14335","September","2021","NE"
"3325","Garden","1373","September","2021","NE"
"3326","Garfield","1320","September","2021","NE"
"3327","Gosper","1433","September","2021","NE"
"3328","Grant","470","September","2021","NE"
"3329","Greeley","1563","September","2021","NE"
"3330","Hall","34335","September","2021","NE"
"3331","Hamilton","6726","September","2021","NE"
"3332","Harlan","2482","September","2021","NE"
"3333","Hayes","670","September","2021","NE"
"3334","Hitchcock","1888","September","2021","NE"
"3335","Holt","7055","September","2021","NE"
"3336","Hooker","545","September","2021","NE"
"3337","Howard","4594","September","2021","NE"
"3338","Jefferson","4823","September","2021","NE"
"3339","Johnson","2834","September","2021","NE"
"3340","Kearney","4528","September","2021","NE"
"3341","Keith","5939","September","2021","NE"
"3342","Keya Paha","621","September","2021","NE"
"3343","Kimball","2670","September","2021","NE"
"3344","Knox","5527","September","2021","NE"
"3345","Lancaster","199729","September","2021","NE"
"3346","Lincoln","23931","September","2021","NE"
"3347","Logan","547","September","2021","NE"
"3348","Loup","523","September","2021","NE"
"3349","Madison","21956","September","2021","NE"
"3350","Mcpherson","347","September","2021","NE"
"3351","Merrick","5048","September","2021","NE"
"3352","Morrill","3070","September","2021","NE"
"3353","Nance","2412","September","2021","NE"
"3354","Nemaha","4381","September","2021","NE"
"3355","Nuckolls","3139","September","2021","NE"
"3356","Otoe","10829","September","2021","NE"
"3357","Pawnee","1846","September","2021","NE"
"3358","Perkins","1892","September","2021","NE"
"3359","Phelps","6094","September","2021","NE"
"3360","Pierce","4964","September","2021","NE"
"3361","Platte","20581","September","2021","NE"
"3362","Polk","3610","September","2021","NE"
"3363","Red Willow","7063","September","2021","NE"
"3364","Richardson","5402","September","2021","NE"
"3365","Rock","1037","September","2021","NE"
"3366","Saline","7970","September","2021","NE"
"3367","Sarpy","120781","September","2021","NE"
"3368","Saunders","15780","September","2021","NE"
"3369","Scotts Bluff","24021","September","2021","NE"
"3370","Seward","11413","September","2021","NE"
"3371","Sheridan","3654","September","2021","NE"
"3372","Sherman","2074","September","2021","NE"
"3373","Sioux","887","September","2021","NE"
"3374","Stanton","3796","September","2021","NE"
"3375","Thayer","3655","September","2021","NE"
"3376","Thomas","503","September","2021","NE"
"3377","Thurston","4366","September","2021","NE"
"3378","Valley","2977","September","2021","NE"
"3379","Washington","15031","September","2021","NE"
"3380","Wayne","5289","September","2021","NE"
"3381","Webster","2265","September","2021","NE"
"3382","Wheeler","596","September","2021","NE"
"3383","York","9917","September","2021","NE"
"3384","Grand Total","1240965","September","2021","NE"
"3385","Adams","19394","April","2022","NE"
"3386","Antelope","4445","April","2022","NE"
"3387","Arthur","334","April","2022","NE"
"3388","Banner","542","April","2022","NE"
"3389","Blaine","358","April","2022","NE"
"3390","Boone","3633","April","2022","NE"
"3391","Box Butte","7380","April","2022","NE"
"3392","Boyd","1342","April","2022","NE"
"3393","Brown","2057","April","2022","NE"
"3394","Buffalo","30709","April","2022","NE"
"3395","Burt","4905","April","2022","NE"
"3396","Butler","5617","April","2022","NE"
"3397","Cass","18952","April","2022","NE"
"3398","Cedar","5740","April","2022","NE"
"3399","Chase","2437","April","2022","NE"
"3400","Cherry","3768","April","2022","NE"
"3401","Cheyenne","6256","April","2022","NE"
"3402","Clay","4179","April","2022","NE"
"3403","Colfax","5255","April","2022","NE"
"3404","Cuming","5811","April","2022","NE"
"3405","Custer","7755","April","2022","NE"
"3406","Dakota","10879","April","2022","NE"
"3407","Dawes","5287","April","2022","NE"
"3408","Dawson","13633","April","2022","NE"
"3409","Deuel","1390","April","2022","NE"
"3410","Dixon","3758","April","2022","NE"
"3411","Dodge","22158","April","2022","NE"
"3412","Douglas","358307","April","2022","NE"
"3413","Dundy","1204","April","2022","NE"
"3414","Fillmore","3998","April","2022","NE"
"3415","Franklin","2159","April","2022","NE"
"3416","Frontier","1864","April","2022","NE"
"3417","Furnas","3442","April","2022","NE"
"3418","Gage","14304","April","2022","NE"
"3419","Garden","1390","April","2022","NE"
"3420","Garfield","1314","April","2022","NE"
"3421","Gosper","1431","April","2022","NE"
"3422","Grant","468","April","2022","NE"
"3423","Greeley","1559","April","2022","NE"
"3424","Hall","34086","April","2022","NE"
"3425","Hamilton","6741","April","2022","NE"
"3426","Harlan","2479","April","2022","NE"
"3427","Hayes","669","April","2022","NE"
"3428","Hitchcock","1884","April","2022","NE"
"3429","Holt","7040","April","2022","NE"
"3430","Hooker","542","April","2022","NE"
"3431","Howard","4607","April","2022","NE"
"3432","Jefferson","4806","April","2022","NE"
"3433","Johnson","2826","April","2022","NE"
"3434","Kearney","4537","April","2022","NE"
"3435","Keith","5894","April","2022","NE"
"3436","Keya Paha","623","April","2022","NE"
"3437","Kimball","2639","April","2022","NE"
"3438","Knox","5514","April","2022","NE"
"3439","Lancaster","199763","April","2022","NE"
"3440","Lincoln","23759","April","2022","NE"
"3441","Logan","546","April","2022","NE"
"3442","Loup","531","April","2022","NE"
"3443","Madison","21872","April","2022","NE"
"3444","Mcpherson","342","April","2022","NE"
"3445","Merrick","5088","April","2022","NE"
"3446","Morrill","3070","April","2022","NE"
"3447","Nance","2409","April","2022","NE"
"3448","Nemaha","4382","April","2022","NE"
"3449","Nuckolls","3143","April","2022","NE"
"3450","Otoe","10796","April","2022","NE"
"3451","Pawnee","1815","April","2022","NE"
"3452","Perkins","1887","April","2022","NE"
"3453","Phelps","6071","April","2022","NE"
"3454","Pierce","4938","April","2022","NE"
"3455","Platte","20534","April","2022","NE"
"3456","Polk","3601","April","2022","NE"
"3457","Red Willow","7101","April","2022","NE"
"3458","Richardson","5366","April","2022","NE"
"3459","Rock","1038","April","2022","NE"
"3460","Saline","7886","April","2022","NE"
"3461","Sarpy","121019","April","2022","NE"
"3462","Saunders","15879","April","2022","NE"
"3463","Scotts Bluff","23907","April","2022","NE"
"3464","Seward","11374","April","2022","NE"
"3465","Sheridan","3621","April","2022","NE"
"3466","Sherman","2078","April","2022","NE"
"3467","Sioux","893","April","2022","NE"
"3468","Stanton","3785","April","2022","NE"
"3469","Thayer","3633","April","2022","NE"
"3470","Thomas","503","April","2022","NE"
"3471","Thurston","4336","April","2022","NE"
"3472","Valley","2990","April","2022","NE"
"3473","Washington","15015","April","2022","NE"
"3474","Wayne","5227","April","2022","NE"
"3475","Webster","2272","April","2022","NE"
"3476","Wheeler","597","April","2022","NE"
"3477","York","9874","April","2022","NE"
"3478","Grand Total","1237242","April","2022","NE"
"3479","Adams","19378","August","2022","NE"
"3480","Antelope","4458","August","2022","NE"
"3481","Arthur","339","August","2022","NE"
"3482","Banner","546","August","2022","NE"
"3483","Blaine","358","August","2022","NE"
"3484","Boone","3648","August","2022","NE"
"3485","Box Butte","7328","August","2022","NE"
"3486","Boyd","1343","August","2022","NE"
"3487","Brown","2061","August","2022","NE"
"3488","Buffalo","30753","August","2022","NE"
"3489","Burt","4926","August","2022","NE"
"3490","Butler","5629","August","2022","NE"
"3491","Cass","19042","August","2022","NE"
"3492","Cedar","5726","August","2022","NE"
"3493","Chase","2419","August","2022","NE"
"3494","Cherry","3763","August","2022","NE"
"3495","Cheyenne","6296","August","2022","NE"
"3496","Clay","4169","August","2022","NE"
"3497","Colfax","5244","August","2022","NE"
"3498","Cuming","5825","August","2022","NE"
"3499","Custer","7770","August","2022","NE"
"3500","Dakota","10845","August","2022","NE"
"3501","Dawes","5232","August","2022","NE"
"3502","Dawson","13623","August","2022","NE"
"3503","Deuel","1381","August","2022","NE"
"3504","Dixon","3756","August","2022","NE"
"3505","Dodge","22175","August","2022","NE"
"3506","Douglas","358491","August","2022","NE"
"3507","Dundy","1214","August","2022","NE"
"3508","Fillmore","4013","August","2022","NE"
"3509","Franklin","2140","August","2022","NE"
"3510","Frontier","1859","August","2022","NE"
"3511","Furnas","3447","August","2022","NE"
"3512","Gage","14345","August","2022","NE"
"3513","Garden","1350","August","2022","NE"
"3514","Garfield","1318","August","2022","NE"
"3515","Gosper","1434","August","2022","NE"
"3516","Grant","466","August","2022","NE"
"3517","Greeley","1582","August","2022","NE"
"3518","Hall","34066","August","2022","NE"
"3519","Hamilton","6803","August","2022","NE"
"3520","Harlan","2458","August","2022","NE"
"3521","Hayes","670","August","2022","NE"
"3522","Hitchcock","1898","August","2022","NE"
"3523","Holt","7069","August","2022","NE"
"3524","Hooker","541","August","2022","NE"
"3525","Howard","4619","August","2022","NE"
"3526","Jefferson","4808","August","2022","NE"
"3527","Johnson","2826","August","2022","NE"
"3528","Kearney","4549","August","2022","NE"
"3529","Keith","5897","August","2022","NE"
"3530","Keya Paha","635","August","2022","NE"
"3531","Kimball","2643","August","2022","NE"
"3532","Knox","5481","August","2022","NE"
"3533","Lancaster","200827","August","2022","NE"
"3534","Lincoln","23734","August","2022","NE"
"3535","Logan","547","August","2022","NE"
"3536","Loup","533","August","2022","NE"
"3537","Madison","21964","August","2022","NE"
"3538","Mcpherson","348","August","2022","NE"
"3539","Merrick","5102","August","2022","NE"
"3540","Morrill","2978","August","2022","NE"
"3541","Nance","2385","August","2022","NE"
"3542","Nemaha","4399","August","2022","NE"
"3543","Nuckolls","3155","August","2022","NE"
"3544","Otoe","10831","August","2022","NE"
"3545","Pawnee","1808","August","2022","NE"
"3546","Perkins","1893","August","2022","NE"
"3547","Phelps","6107","August","2022","NE"
"3548","Pierce","4969","August","2022","NE"
"3549","Platte","20580","August","2022","NE"
"3550","Polk","3597","August","2022","NE"
"3551","Red Willow","7089","August","2022","NE"
"3552","Richardson","5372","August","2022","NE"
"3553","Rock","1046","August","2022","NE"
"3554","Saline","7896","August","2022","NE"
"3555","Sarpy","122432","August","2022","NE"
"3556","Saunders","15958","August","2022","NE"
"3557","Scotts Bluff","23942","August","2022","NE"
"3558","Seward","11451","August","2022","NE"
"3559","Sheridan","3615","August","2022","NE"
"3560","Sherman","2068","August","2022","NE"
"3561","Sioux","901","August","2022","NE"
"3562","Stanton","3802","August","2022","NE"
"3563","Thayer","3619","August","2022","NE"
"3564","Thomas","500","August","2022","NE"
"3565","Thurston","4285","August","2022","NE"
"3566","Valley","3006","August","2022","NE"
"3567","Washington","15093","August","2022","NE"
"3568","Wayne","5263","August","2022","NE"
"3569","Webster","2276","August","2022","NE"
"3570","Wheeler","592","August","2022","NE"
"3571","York","9911","August","2022","NE"
"3572","Grand Total","1240529","August","2022","NE"
"3573","Adams","19402","December","2022","NE"
"3574","Antelope","4462","December","2022","NE"
"3575","Arthur","337","December","2022","NE"
"3576","Banner","547","December","2022","NE"
"3577","Blaine","353","December","2022","NE"
"3578","Boone","3640","December","2022","NE"
"3579","Box Butte","7315","December","2022","NE"
"3580","Boyd","1336","December","2022","NE"
"3581","Brown","2066","December","2022","NE"
"3582","Buffalo","30855","December","2022","NE"
"3583","Burt","4924","December","2022","NE"
"3584","Butler","5637","December","2022","NE"
"3585","Cass","19089","December","2022","NE"
"3586","Cedar","5748","December","2022","NE"
"3587","Chase","2417","December","2022","NE"
"3588","Cherry","3759","December","2022","NE"
"3589","Cheyenne","6330","December","2022","NE"
"3590","Clay","4148","December","2022","NE"
"3591","Colfax","5255","December","2022","NE"
"3592","Cuming","5821","December","2022","NE"
"3593","Custer","7774","December","2022","NE"
"3594","Dakota","10855","December","2022","NE"
"3595","Dawes","5220","December","2022","NE"
"3596","Dawson","13612","December","2022","NE"
"3597","Deuel","1382","December","2022","NE"
"3598","Dixon","3728","December","2022","NE"
"3599","Dodge","22192","December","2022","NE"
"3600","Douglas","359135","December","2022","NE"
"3601","Dundy","1210","December","2022","NE"
"3602","Fillmore","4009","December","2022","NE"
"3603","Franklin","2151","December","2022","NE"
"3604","Frontier","1858","December","2022","NE"
"3605","Furnas","3455","December","2022","NE"
"3606","Gage","14373","December","2022","NE"
"3607","Garden","1339","December","2022","NE"
"3608","Garfield","1314","December","2022","NE"
"3609","Gosper","1437","December","2022","NE"
"3610","Grant","466","December","2022","NE"
"3611","Greeley","1579","December","2022","NE"
"3612","Hall","34028","December","2022","NE"
"3613","Hamilton","6795","December","2022","NE"
"3614","Harlan","2464","December","2022","NE"
"3615","Hayes","667","December","2022","NE"
"3616","Hitchcock","1895","December","2022","NE"
"3617","Holt","7100","December","2022","NE"
"3618","Hooker","538","December","2022","NE"
"3619","Howard","4610","December","2022","NE"
"3620","Jefferson","4817","December","2022","NE"
"3621","Johnson","2818","December","2022","NE"
"3622","Kearney","4549","December","2022","NE"
"3623","Keith","5889","December","2022","NE"
"3624","Keya Paha","641","December","2022","NE"
"3625","Kimball","2656","December","2022","NE"
"3626","Knox","5512","December","2022","NE"
"3627","Lancaster","201392","December","2022","NE"
"3628","Lincoln","23744","December","2022","NE"
"3629","Logan","559","December","2022","NE"
"3630","Loup","529","December","2022","NE"
"3631","Madison","22050","December","2022","NE"
"3632","Mcpherson","345","December","2022","NE"
"3633","Merrick","5134","December","2022","NE"
"3634","Morrill","2993","December","2022","NE"
"3635","Nance","2397","December","2022","NE"
"3636","Nemaha","4408","December","2022","NE"
"3637","Nuckolls","3145","December","2022","NE"
"3638","Otoe","10846","December","2022","NE"
"3639","Pawnee","1823","December","2022","NE"
"3640","Perkins","1883","December","2022","NE"
"3641","Phelps","6185","December","2022","NE"
"3642","Pierce","4975","December","2022","NE"
"3643","Platte","20608","December","2022","NE"
"3644","Polk","3586","December","2022","NE"
"3645","Red Willow","7108","December","2022","NE"
"3646","Richardson","5392","December","2022","NE"
"3647","Rock","1048","December","2022","NE"
"3648","Saline","7898","December","2022","NE"
"3649","Sarpy","122994","December","2022","NE"
"3650","Saunders","16128","December","2022","NE"
"3651","Scotts Bluff","23841","December","2022","NE"
"3652","Seward","11470","December","2022","NE"
"3653","Sheridan","3625","December","2022","NE"
"3654","Sherman","2073","December","2022","NE"
"3655","Sioux","895","December","2022","NE"
"3656","Stanton","3796","December","2022","NE"
"3657","Thayer","3613","December","2022","NE"
"3658","Thomas","502","December","2022","NE"
"3659","Thurston","4251","December","2022","NE"
"3660","Valley","3006","December","2022","NE"
"3661","Washington","15139","December","2022","NE"
"3662","Wayne","5234","December","2022","NE"
"3663","Webster","2300","December","2022","NE"
"3664","Wheeler","592","December","2022","NE"
"3665","York","9914","December","2022","NE"
"3666","Grand Tota","1242930","December","2022","NE"
"3667","Adams","19464","February","2022","NE"
"3668","Antelope","4446","February","2022","NE"
"3669","Arthur","330","February","2022","NE"
"3670","Banner","534","February","2022","NE"
"3671","Blaine","361","February","2022","NE"
"3672","Boone","3639","February","2022","NE"
"3673","Box Butte","7401","February","2022","NE"
"3674","Boyd","1348","February","2022","NE"
"3675","Brown","2049","February","2022","NE"
"3676","Buffalo","30683","February","2022","NE"
"3677","Burt","4880","February","2022","NE"
"3678","Butler","5604","February","2022","NE"
"3679","Cass","18929","February","2022","NE"
"3680","Cedar","5738","February","2022","NE"
"3681","Chase","2449","February","2022","NE"
"3682","Cherry","3777","February","2022","NE"
"3683","Cheyenne","6266","February","2022","NE"
"3684","Clay","4202","February","2022","NE"
"3685","Colfax","5255","February","2022","NE"
"3686","Cuming","5815","February","2022","NE"
"3687","Custer","7756","February","2022","NE"
"3688","Dakota","10908","February","2022","NE"
"3689","Dawes","5290","February","2022","NE"
"3690","Dawson","13633","February","2022","NE"
"3691","Deuel","1398","February","2022","NE"
"3692","Dixon","3746","February","2022","NE"
"3693","Dodge","22184","February","2022","NE"
"3694","Douglas","358631","February","2022","NE"
"3695","Dundy","1194","February","2022","NE"
"3696","Fillmore","3999","February","2022","NE"
"3697","Franklin","2164","February","2022","NE"
"3698","Frontier","1851","February","2022","NE"
"3699","Furnas","3439","February","2022","NE"
"3700","Gage","14333","February","2022","NE"
"3701","Garden","1393","February","2022","NE"
"3702","Garfield","1305","February","2022","NE"
"3703","Gosper","1432","February","2022","NE"
"3704","Grant","471","February","2022","NE"
"3705","Greeley","1550","February","2022","NE"
"3706","Hall","34183","February","2022","NE"
"3707","Hamilton","6762","February","2022","NE"
"3708","Harlan","2474","February","2022","NE"
"3709","Hayes","668","February","2022","NE"
"3710","Hitchcock","1882","February","2022","NE"
"3711","Holt","7060","February","2022","NE"
"3712","Hooker","542","February","2022","NE"
"3713","Howard","4606","February","2022","NE"
"3714","Jefferson","4798","February","2022","NE"
"3715","Johnson","2822","February","2022","NE"
"3716","Kearney","4520","February","2022","NE"
"3717","Keith","5923","February","2022","NE"
"3718","Keya Paha","624","February","2022","NE"
"3719","Kimball","2661","February","2022","NE"
"3720","Knox","5519","February","2022","NE"
"3721","Lancaster","199126","February","2022","NE"
"3722","Lincoln","23859","February","2022","NE"
"3723","Logan","545","February","2022","NE"
"3724","Loup","524","February","2022","NE"
"3725","Madison","21879","February","2022","NE"
"3726","Mcpherson","340","February","2022","NE"
"3727","Merrick","5076","February","2022","NE"
"3728","Morrill","3078","February","2022","NE"
"3729","Nance","2404","February","2022","NE"
"3730","Nemaha","4387","February","2022","NE"
"3731","Nuckolls","3135","February","2022","NE"
"3732","Otoe","10820","February","2022","NE"
"3733","Pawnee","1821","February","2022","NE"
"3734","Perkins","1890","February","2022","NE"
"3735","Phelps","6065","February","2022","NE"
"3736","Pierce","4930","February","2022","NE"
"3737","Platte","20521","February","2022","NE"
"3738","Polk","3598","February","2022","NE"
"3739","Red Willow","7089","February","2022","NE"
"3740","Richardson","5362","February","2022","NE"
"3741","Rock","1041","February","2022","NE"
"3742","Saline","7914","February","2022","NE"
"3743","Sarpy","121350","February","2022","NE"
"3744","Saunders","15846","February","2022","NE"
"3745","Scotts Bluff","23965","February","2022","NE"
"3746","Seward","11437","February","2022","NE"
"3747","Sheridan","3639","February","2022","NE"
"3748","Sherman","2083","February","2022","NE"
"3749","Sioux","886","February","2022","NE"
"3750","Stanton","3790","February","2022","NE"
"3751","Thayer","3641","February","2022","NE"
"3752","Thomas","502","February","2022","NE"
"3753","Thurston","4355","February","2022","NE"
"3754","Valley","2983","February","2022","NE"
"3755","Washington","15025","February","2022","NE"
"3756","Wayne","5255","February","2022","NE"
"3757","Webster","2260","February","2022","NE"
"3758","Wheeler","599","February","2022","NE"
"3759","York","9887","February","2022","NE"
"3760","Grand Total","1237798","February","2022","NE"
"3761","Adams","19466","January","2022","NE"
"3762","Antelope","4454","January","2022","NE"
"3763","Arthur","328","January","2022","NE"
"3764","Banner","532","January","2022","NE"
"3765","Blaine","363","January","2022","NE"
"3766","Boone","3637","January","2022","NE"
"3767","Box Butte","7425","January","2022","NE"
"3768","Boyd","1363","January","2022","NE"
"3769","Brown","2062","January","2022","NE"
"3770","Buffalo","30747","January","2022","NE"
"3771","Burt","4888","January","2022","NE"
"3772","Butler","5628","January","2022","NE"
"3773","Cass","18964","January","2022","NE"
"3774","Cedar","5762","January","2022","NE"
"3775","Chase","2445","January","2022","NE"
"3776","Cherry","3787","January","2022","NE"
"3777","Cheyenne","6292","January","2022","NE"
"3778","Clay","4209","January","2022","NE"
"3779","Colfax","5258","January","2022","NE"
"3780","Cuming","5808","January","2022","NE"
"3781","Custer","7776","January","2022","NE"
"3782","Dakota","10927","January","2022","NE"
"3783","Dawes","5308","January","2022","NE"
"3784","Dawson","13713","January","2022","NE"
"3785","Deuel","1401","January","2022","NE"
"3786","Dixon","3755","January","2022","NE"
"3787","Dodge","22156","January","2022","NE"
"3788","Douglas","359237","January","2022","NE"
"3789","Dundy","1198","January","2022","NE"
"3790","Fillmore","4019","January","2022","NE"
"3791","Franklin","2173","January","2022","NE"
"3792","Frontier","1853","January","2022","NE"
"3793","Furnas","3452","January","2022","NE"
"3794","Gage","14347","January","2022","NE"
"3795","Garden","1365","January","2022","NE"
"3796","Garfield","1308","January","2022","NE"
"3797","Gosper","1428","January","2022","NE"
"3798","Grant","472","January","2022","NE"
"3799","Greeley","1556","January","2022","NE"
"3800","Hall","34238","January","2022","NE"
"3801","Hamilton","6760","January","2022","NE"
"3802","Harlan","2476","January","2022","NE"
"3803","Hayes","672","January","2022","NE"
"3804","Hitchcock","1882","January","2022","NE"
"3805","Holt","7056","January","2022","NE"
"3806","Hooker","544","January","2022","NE"
"3807","Howard","4608","January","2022","NE"
"3808","Jefferson","4810","January","2022","NE"
"3809","Johnson","2819","January","2022","NE"
"3810","Kearney","4534","January","2022","NE"
"3811","Keith","5927","January","2022","NE"
"3812","Keya Paha","622","January","2022","NE"
"3813","Kimball","2650","January","2022","NE"
"3814","Knox","5523","January","2022","NE"
"3815","Lancaster","199544","January","2022","NE"
"3816","Lincoln","23871","January","2022","NE"
"3817","Logan","552","January","2022","NE"
"3818","Loup","525","January","2022","NE"
"3819","Madison","21938","January","2022","NE"
"3820","Mcpherson","339","January","2022","NE"
"3821","Merrick","5080","January","2022","NE"
"3822","Morrill","3066","January","2022","NE"
"3823","Nance","2403","January","2022","NE"
"3824","Nemaha","4386","January","2022","NE"
"3825","Nuckolls","3145","January","2022","NE"
"3826","Otoe","10828","January","2022","NE"
"3827","Pawnee","1830","January","2022","NE"
"3828","Perkins","1893","January","2022","NE"
"3829","Phelps","6066","January","2022","NE"
"3830","Pierce","4942","January","2022","NE"
"3831","Platte","20537","January","2022","NE"
"3832","Polk","3600","January","2022","NE"
"3833","Red Willow","7094","January","2022","NE"
"3834","Richardson","5382","January","2022","NE"
"3835","Rock","1039","January","2022","NE"
"3836","Saline","7937","January","2022","NE"
"3837","Sarpy","121133","January","2022","NE"
"3838","Saunders","15831","January","2022","NE"
"3839","Scotts Bluff","23976","January","2022","NE"
"3840","Seward","11431","January","2022","NE"
"3841","Sheridan","3649","January","2022","NE"
"3842","Sherman","2079","January","2022","NE"
"3843","Sioux","885","January","2022","NE"
"3844","Stanton","3784","January","2022","NE"
"3845","Thayer","3657","January","2022","NE"
"3846","Thomas","500","January","2022","NE"
"3847","Thurston","4362","January","2022","NE"
"3848","Valley","2970","January","2022","NE"
"3849","Washington","15022","January","2022","NE"
"3850","Wayne","5260","January","2022","NE"
"3851","Webster","2271","January","2022","NE"
"3852","Wheeler","606","January","2022","NE"
"3853","York","9914","January","2022","NE"
"3854","Grand Total","1239310","January","2022","NE"
"3855","Adams","19390","July","2022","NE"
"3856","Antelope","4463","July","2022","NE"
"3857","Arthur","337","July","2022","NE"
"3858","Banner","547","July","2022","NE"
"3859","Blaine","359","July","2022","NE"
"3860","Boone","3659","July","2022","NE"
"3861","Box Butte","7346","July","2022","NE"
"3862","Boyd","1344","July","2022","NE"
"3863","Brown","2072","July","2022","NE"
"3864","Buffalo","30792","July","2022","NE"
"3865","Burt","4924","July","2022","NE"
"3866","Butler","5645","July","2022","NE"
"3867","Cass","19010","July","2022","NE"
"3868","Cedar","5732","July","2022","NE"
"3869","Chase","2427","July","2022","NE"
"3870","Cherry","3782","July","2022","NE"
"3871","Cheyenne","6299","July","2022","NE"
"3872","Clay","4154","July","2022","NE"
"3873","Colfax","5252","July","2022","NE"
"3874","Cuming","5834","July","2022","NE"
"3875","Custer","7782","July","2022","NE"
"3876","Dakota","10864","July","2022","NE"
"3877","Dawes","5248","July","2022","NE"
"3878","Dawson","13643","July","2022","NE"
"3879","Deuel","1381","July","2022","NE"
"3880","Dixon","3758","July","2022","NE"
"3881","Dodge","22124","July","2022","NE"
"3882","Douglas","358449","July","2022","NE"
"3883","Dundy","1209","July","2022","NE"
"3884","Fillmore","4024","July","2022","NE"
"3885","Franklin","2141","July","2022","NE"
"3886","Frontier","1868","July","2022","NE"
"3887","Furnas","3442","July","2022","NE"
"3888","Gage","14340","July","2022","NE"
"3889","Garden","1362","July","2022","NE"
"3890","Garfield","1320","July","2022","NE"
"3891","Gosper","1437","July","2022","NE"
"3892","Grant","462","July","2022","NE"
"3893","Greeley","1578","July","2022","NE"
"3894","Hall","34117","July","2022","NE"
"3895","Hamilton","6796","July","2022","NE"
"3896","Harlan","2471","July","2022","NE"
"3897","Hayes","670","July","2022","NE"
"3898","Hitchcock","1904","July","2022","NE"
"3899","Holt","7086","July","2022","NE"
"3900","Hooker","542","July","2022","NE"
"3901","Howard","4608","July","2022","NE"
"3902","Jefferson","4817","July","2022","NE"
"3903","Johnson","2836","July","2022","NE"
"3904","Kearney","4560","July","2022","NE"
"3905","Keith","5899","July","2022","NE"
"3906","Keya Paha","635","July","2022","NE"
"3907","Kimball","2647","July","2022","NE"
"3908","Knox","5497","July","2022","NE"
"3909","Lancaster","200161","July","2022","NE"
"3910","Lincoln","23758","July","2022","NE"
"3911","Logan","549","July","2022","NE"
"3912","Loup","533","July","2022","NE"
"3913","Madison","21932","July","2022","NE"
"3914","Mcpherson","347","July","2022","NE"
"3915","Merrick","5096","July","2022","NE"
"3916","Morrill","2983","July","2022","NE"
"3917","Nance","2397","July","2022","NE"
"3918","Nemaha","4385","July","2022","NE"
"3919","Nuckolls","3161","July","2022","NE"
"3920","Otoe","10836","July","2022","NE"
"3921","Pawnee","1810","July","2022","NE"
"3922","Perkins","1890","July","2022","NE"
"3923","Phelps","6099","July","2022","NE"
"3924","Pierce","4967","July","2022","NE"
"3925","Platte","20541","July","2022","NE"
"3926","Polk","3588","July","2022","NE"
"3927","Red Willow","7100","July","2022","NE"
"3928","Richardson","5368","July","2022","NE"
"3929","Rock","1052","July","2022","NE"
"3930","Saline","7909","July","2022","NE"
"3931","Sarpy","121839","July","2022","NE"
"3932","Saunders","15972","July","2022","NE"
"3933","Scotts Bluff","23967","July","2022","NE"
"3934","Seward","11444","July","2022","NE"
"3935","Sheridan","3629","July","2022","NE"
"3936","Sherman","2075","July","2022","NE"
"3937","Sioux","895","July","2022","NE"
"3938","Stanton","3803","July","2022","NE"
"3939","Thayer","3617","July","2022","NE"
"3940","Thomas","501","July","2022","NE"
"3941","Thurston","4283","July","2022","NE"
"3942","Valley","3009","July","2022","NE"
"3943","Washington","15125","July","2022","NE"
"3944","Wayne","5288","July","2022","NE"
"3945","Webster","2278","July","2022","NE"
"3946","Wheeler","595","July","2022","NE"
"3947","York","9932","July","2022","NE"
"3948","Grand Total","1239599","July","2022","NE"
"3949","Adams","19411","June","2022","NE"
"3950","Antelope","4452","June","2022","NE"
"3951","Arthur","337","June","2022","NE"
"3952","Banner","546","June","2022","NE"
"3953","Blaine","361","June","2022","NE"
"3954","Boone","3666","June","2022","NE"
"3955","Box Butte","7357","June","2022","NE"
"3956","Boyd","1345","June","2022","NE"
"3957","Brown","2066","June","2022","NE"
"3958","Buffalo","30795","June","2022","NE"
"3959","Burt","4933","June","2022","NE"
"3960","Butler","5655","June","2022","NE"
"3961","Cass","19043","June","2022","NE"
"3962","Cedar","5732","June","2022","NE"
"3963","Chase","2434","June","2022","NE"
"3964","Cherry","3772","June","2022","NE"
"3965","Cheyenne","6292","June","2022","NE"
"3966","Clay","4169","June","2022","NE"
"3967","Colfax","5251","June","2022","NE"
"3968","Cuming","5837","June","2022","NE"
"3969","Custer","7785","June","2022","NE"
"3970","Dakota","10870","June","2022","NE"
"3971","Dawes","5262","June","2022","NE"
"3972","Dawson","13660","June","2022","NE"
"3973","Deuel","1380","June","2022","NE"
"3974","Dixon","3764","June","2022","NE"
"3975","Dodge","22128","June","2022","NE"
"3976","Douglas","357489","June","2022","NE"
"3977","Dundy","1211","June","2022","NE"
"3978","Fillmore","4019","June","2022","NE"
"3979","Franklin","2135","June","2022","NE"
"3980","Frontier","1866","June","2022","NE"
"3981","Furnas","3442","June","2022","NE"
"3982","Gage","14254","June","2022","NE"
"3983","Garden","1365","June","2022","NE"
"3984","Garfield","1326","June","2022","NE"
"3985","Gosper","1442","June","2022","NE"
"3986","Grant","465","June","2022","NE"
"3987","Greeley","1580","June","2022","NE"
"3988","Hall","34102","June","2022","NE"
"3989","Hamilton","6780","June","2022","NE"
"3990","Harlan","2473","June","2022","NE"
"3991","Hayes","671","June","2022","NE"
"3992","Hitchcock","1896","June","2022","NE"
"3993","Holt","7091","June","2022","NE"
"3994","Hooker","537","June","2022","NE"
"3995","Howard","4612","June","2022","NE"
"3996","Jefferson","4822","June","2022","NE"
"3997","Johnson","2828","June","2022","NE"
"3998","Kearney","4562","June","2022","NE"
"3999","Keith","5892","June","2022","NE"
"4000","Keya Paha","637","June","2022","NE"
"4001","Kimball","2641","June","2022","NE"
"4002","Knox","5507","June","2022","NE"
"4003","Lancaster","200491","June","2022","NE"
"4004","Lincoln","23775","June","2022","NE"
"4005","Logan","551","June","2022","NE"
"4006","Loup","530","June","2022","NE"
"4007","Madison","21838","June","2022","NE"
"4008","Mcpherson","346","June","2022","NE"
"4009","Merrick","5086","June","2022","NE"
"4010","Morrill","3065","June","2022","NE"
"4011","Nance","2408","June","2022","NE"
"4012","Nemaha","4385","June","2022","NE"
"4013","Nuckolls","3154","June","2022","NE"
"4014","Otoe","10838","June","2022","NE"
"4015","Pawnee","1815","June","2022","NE"
"4016","Perkins","1892","June","2022","NE"
"4017","Phelps","6103","June","2022","NE"
"4018","Pierce","4962","June","2022","NE"
"4019","Platte","20570","June","2022","NE"
"4020","Polk","3595","June","2022","NE"
"4021","Red Willow","7104","June","2022","NE"
"4022","Richardson","5367","June","2022","NE"
"4023","Rock","1055","June","2022","NE"
"4024","Saline","7887","June","2022","NE"
"4025","Sarpy","121653","June","2022","NE"
"4026","Saunders","15910","June","2022","NE"
"4027","Scotts Bluff","23947","June","2022","NE"
"4028","Seward","11437","June","2022","NE"
"4029","Sheridan","3637","June","2022","NE"
"4030","Sherman","2082","June","2022","NE"
"4031","Sioux","896","June","2022","NE"
"4032","Stanton","3807","June","2022","NE"
"4033","Thayer","3613","June","2022","NE"
"4034","Thomas","500","June","2022","NE"
"4035","Thurston","4290","June","2022","NE"
"4036","Valley","2987","June","2022","NE"
"4037","Washington","15092","June","2022","NE"
"4038","Wayne","5272","June","2022","NE"
"4039","Webster","2275","June","2022","NE"
"4040","Wheeler","595","June","2022","NE"
"4041","York","9945","June","2022","NE"
"4042","Grand Total","1238703","June","2022","NE"
"4043","Adams","19411","March","2022","NE"
"4044","Antelope","4435","March","2022","NE"
"4045","Arthur","332","March","2022","NE"
"4046","Banner","538","March","2022","NE"
"4047","Blaine","357","March","2022","NE"
"4048","Boone","3639","March","2022","NE"
"4049","Box Butte","7378","March","2022","NE"
"4050","Boyd","1342","March","2022","NE"
"4051","Brown","2035","March","2022","NE"
"4052","Buffalo","30675","March","2022","NE"
"4053","Burt","4895","March","2022","NE"
"4054","Butler","5609","March","2022","NE"
"4055","Cass","18915","March","2022","NE"
"4056","Cedar","5748","March","2022","NE"
"4057","Chase","2448","March","2022","NE"
"4058","Cherry","3769","March","2022","NE"
"4059","Cheyenne","6256","March","2022","NE"
"4060","Clay","4187","March","2022","NE"
"4061","Colfax","5253","March","2022","NE"
"4062","Cuming","5800","March","2022","NE"
"4063","Custer","7753","March","2022","NE"
"4064","Dakota","10878","March","2022","NE"
"4065","Dawes","5289","March","2022","NE"
"4066","Dawson","13652","March","2022","NE"
"4067","Deuel","1399","March","2022","NE"
"4068","Dixon","3739","March","2022","NE"
"4069","Dodge","22133","March","2022","NE"
"4070","Douglas","358593","March","2022","NE"
"4071","Dundy","1201","March","2022","NE"
"4072","Fillmore","4001","March","2022","NE"
"4073","Franklin","2169","March","2022","NE"
"4074","Frontier","1859","March","2022","NE"
"4075","Furnas","3430","March","2022","NE"
"4076","Gage","14316","March","2022","NE"
"4077","Garden","1393","March","2022","NE"
"4078","Garfield","1313","March","2022","NE"
"4079","Gosper","1424","March","2022","NE"
"4080","Grant","467","March","2022","NE"
"4081","Greeley","1557","March","2022","NE"
"4082","Hall","34115","March","2022","NE"
"4083","Hamilton","6730","March","2022","NE"
"4084","Harlan","2472","March","2022","NE"
"4085","Hayes","671","March","2022","NE"
"4086","Hitchcock","1878","March","2022","NE"
"4087","Holt","7050","March","2022","NE"
"4088","Hooker","541","March","2022","NE"
"4089","Howard","4600","March","2022","NE"
"4090","Jefferson","4798","March","2022","NE"
"4091","Johnson","2812","March","2022","NE"
"4092","Kearney","4519","March","2022","NE"
"4093","Keith","5887","March","2022","NE"
"4094","Keya Paha","624","March","2022","NE"
"4095","Kimball","2647","March","2022","NE"
"4096","Knox","5520","March","2022","NE"
"4097","Lancaster","199206","March","2022","NE"
"4098","Lincoln","23783","March","2022","NE"
"4099","Logan","547","March","2022","NE"
"4100","Loup","523","March","2022","NE"
"4101","Madison","21873","March","2022","NE"
"4102","Mcpherson","340","March","2022","NE"
"4103","Merrick","5069","March","2022","NE"
"4104","Morrill","3064","March","2022","NE"
"4105","Nance","2407","March","2022","NE"
"4106","Nemaha","4378","March","2022","NE"
"4107","Nuckolls","3134","March","2022","NE"
"4108","Otoe","10790","March","2022","NE"
"4109","Pawnee","1819","March","2022","NE"
"4110","Perkins","1889","March","2022","NE"
"4111","Phelps","6063","March","2022","NE"
"4112","Pierce","4929","March","2022","NE"
"4113","Platte","20510","March","2022","NE"
"4114","Polk","3593","March","2022","NE"
"4115","Red Willow","7094","March","2022","NE"
"4116","Richardson","5366","March","2022","NE"
"4117","Rock","1046","March","2022","NE"
"4118","Saline","7904","March","2022","NE"
"4119","Sarpy","121359","March","2022","NE"
"4120","Saunders","15838","March","2022","NE"
"4121","Scotts Bluff","23896","March","2022","NE"
"4122","Seward","11400","March","2022","NE"
"4123","Sheridan","3631","March","2022","NE"
"4124","Sherman","2078","March","2022","NE"
"4125","Sioux","889","March","2022","NE"
"4126","Stanton","3777","March","2022","NE"
"4127","Thayer","3641","March","2022","NE"
"4128","Thomas","506","March","2022","NE"
"4129","Thurston","4344","March","2022","NE"
"4130","Valley","2982","March","2022","NE"
"4131","Washington","14966","March","2022","NE"
"4132","Wayne","5239","March","2022","NE"
"4133","Webster","2264","March","2022","NE"
"4134","Wheeler","598","March","2022","NE"
"4135","York","9890","March","2022","NE"
"4136","Grand Total","1237077","March","2022","NE"
"4137","Adams","19361","May","2022","NE"
"4138","Antelope","4446","May","2022","NE"
"4139","Arthur","337","May","2022","NE"
"4140","Banner","540","May","2022","NE"
"4141","Blaine","360","May","2022","NE"
"4142","Boone","3670","May","2022","NE"
"4143","Box Butte","7354","May","2022","NE"
"4144","Boyd","1340","May","2022","NE"
"4145","Brown","2064","May","2022","NE"
"4146","Buffalo","30726","May","2022","NE"
"4147","Burt","4923","May","2022","NE"
"4148","Butler","5641","May","2022","NE"
"4149","Cass","18967","May","2022","NE"
"4150","Cedar","5740","May","2022","NE"
"4151","Chase","2431","May","2022","NE"
"4152","Cherry","3769","May","2022","NE"
"4153","Cheyenne","6253","May","2022","NE"
"4154","Clay","4180","May","2022","NE"
"4155","Colfax","5253","May","2022","NE"
"4156","Cuming","5817","May","2022","NE"
"4157","Custer","7779","May","2022","NE"
"4158","Dakota","10865","May","2022","NE"
"4159","Dawes","5276","May","2022","NE"
"4160","Dawson","13635","May","2022","NE"
"4161","Deuel","1376","May","2022","NE"
"4162","Dixon","3765","May","2022","NE"
"4163","Dodge","22129","May","2022","NE"
"4164","Douglas","357753","May","2022","NE"
"4165","Dundy","1209","May","2022","NE"
"4166","Fillmore","4024","May","2022","NE"
"4167","Franklin","2138","May","2022","NE"
"4168","Frontier","1870","May","2022","NE"
"4169","Furnas","3431","May","2022","NE"
"4170","Gage","14278","May","2022","NE"
"4171","Garden","1370","May","2022","NE"
"4172","Garfield","1314","May","2022","NE"
"4173","Gosper","1437","May","2022","NE"
"4174","Grant","466","May","2022","NE"
"4175","Greeley","1575","May","2022","NE"
"4176","Hall","34076","May","2022","NE"
"4177","Hamilton","6762","May","2022","NE"
"4178","Harlan","2470","May","2022","NE"
"4179","Hayes","671","May","2022","NE"
"4180","Hitchcock","1888","May","2022","NE"
"4181","Holt","7072","May","2022","NE"
"4182","Hooker","539","May","2022","NE"
"4183","Howard","4603","May","2022","NE"
"4184","Jefferson","4816","May","2022","NE"
"4185","Johnson","2828","May","2022","NE"
"4186","Kearney","4540","May","2022","NE"
"4187","Keith","5887","May","2022","NE"
"4188","Keya Paha","637","May","2022","NE"
"4189","Kimball","2651","May","2022","NE"
"4190","Knox","5507","May","2022","NE"
"4191","Lancaster","199971","May","2022","NE"
"4192","Lincoln","23760","May","2022","NE"
"4193","Logan","546","May","2022","NE"
"4194","Loup","531","May","2022","NE"
"4195","Madison","21880","May","2022","NE"
"4196","Mcpherson","344","May","2022","NE"
"4197","Merrick","5083","May","2022","NE"
"4198","Morrill","3064","May","2022","NE"
"4199","Nance","2410","May","2022","NE"
"4200","Nemaha","4371","May","2022","NE"
"4201","Nuckolls","3147","May","2022","NE"
"4202","Otoe","10815","May","2022","NE"
"4203","Pawnee","1821","May","2022","NE"
"4204","Perkins","1887","May","2022","NE"
"4205","Phelps","6088","May","2022","NE"
"4206","Pierce","4948","May","2022","NE"
"4207","Platte","20546","May","2022","NE"
"4208","Polk","3585","May","2022","NE"
"4209","Red Willow","7101","May","2022","NE"
"4210","Richardson","5364","May","2022","NE"
"4211","Rock","1056","May","2022","NE"
"4212","Saline","7904","May","2022","NE"
"4213","Sarpy","121564","May","2022","NE"
"4214","Saunders","15890","May","2022","NE"
"4215","Scotts Bluff","23887","May","2022","NE"
"4216","Seward","11397","May","2022","NE"
"4217","Sheridan","3621","May","2022","NE"
"4218","Sherman","2080","May","2022","NE"
"4219","Sioux","896","May","2022","NE"
"4220","Stanton","3805","May","2022","NE"
"4221","Thayer","3605","May","2022","NE"
"4222","Thomas","502","May","2022","NE"
"4223","Thurston","4301","May","2022","NE"
"4224","Valley","2994","May","2022","NE"
"4225","Washington","15044","May","2022","NE"
"4226","Wayne","5260","May","2022","NE"
"4227","Webster","2278","May","2022","NE"
"4228","Wheeler","597","May","2022","NE"
"4229","York","9920","May","2022","NE"
"4230","Grand Total","1237672","May","2022","NE"
"4231","Adams","19423","November","2022","NE"
"4232","Antelope","4465","November","2022","NE"
"4233","Arthur","338","November","2022","NE"
"4234","Banner","548","November","2022","NE"
"4235","Blaine","353","November","2022","NE"
"4236","Boone","3640","November","2022","NE"
"4237","Box Butte","7319","November","2022","NE"
"4238","Boyd","1335","November","2022","NE"
"4239","Brown","2067","November","2022","NE"
"4240","Buffalo","30878","November","2022","NE"
"4241","Burt","4926","November","2022","NE"
"4242","Butler","5642","November","2022","NE"
"4243","Cass","19101","November","2022","NE"
"4244","Cedar","5749","November","2022","NE"
"4245","Chase","2416","November","2022","NE"
"4246","Cherry","3762","November","2022","NE"
"4247","Cheyenne","6323","November","2022","NE"
"4248","Clay","4149","November","2022","NE"
"4249","Colfax","5254","November","2022","NE"
"4250","Cuming","5821","November","2022","NE"
"4251","Custer","7781","November","2022","NE"
"4252","Dakota","10847","November","2022","NE"
"4253","Dawes","5222","November","2022","NE"
"4254","Dawson","13614","November","2022","NE"
"4255","Deuel","1381","November","2022","NE"
"4256","Dixon","3729","November","2022","NE"
"4257","Dodge","22203","November","2022","NE"
"4258","Douglas","359150","November","2022","NE"
"4259","Dundy","1210","November","2022","NE"
"4260","Fillmore","4013","November","2022","NE"
"4261","Franklin","2151","November","2022","NE"
"4262","Frontier","1859","November","2022","NE"
"4263","Furnas","3456","November","2022","NE"
"4264","Gage","14372","November","2022","NE"
"4265","Garden","1339","November","2022","NE"
"4266","Garfield","1313","November","2022","NE"
"4267","Gosper","1436","November","2022","NE"
"4268","Grant","466","November","2022","NE"
"4269","Greeley","1581","November","2022","NE"
"4270","Hall","34029","November","2022","NE"
"4271","Hamilton","6797","November","2022","NE"
"4272","Harlan","2463","November","2022","NE"
"4273","Hayes","667","November","2022","NE"
"4274","Hitchcock","1895","November","2022","NE"
"4275","Holt","7081","November","2022","NE"
"4276","Hooker","537","November","2022","NE"
"4277","Howard","4612","November","2022","NE"
"4278","Jefferson","4819","November","2022","NE"
"4279","Johnson","2816","November","2022","NE"
"4280","Kearney","4552","November","2022","NE"
"4281","Keith","5888","November","2022","NE"
"4282","Keya Paha","640","November","2022","NE"
"4283","Kimball","2656","November","2022","NE"
"4284","Knox","5513","November","2022","NE"
"4285","Lancaster","201469","November","2022","NE"
"4286","Lincoln","23758","November","2022","NE"
"4287","Logan","559","November","2022","NE"
"4288","Loup","528","November","2022","NE"
"4289","Madison","22066","November","2022","NE"
"4290","Mcpherson","345","November","2022","NE"
"4291","Merrick","5139","November","2022","NE"
"4292","Morrill","2999","November","2022","NE"
"4293","Nance","2398","November","2022","NE"
"4294","Nemaha","4405","November","2022","NE"
"4295","Nuckolls","3148","November","2022","NE"
"4296","Otoe","10856","November","2022","NE"
"4297","Pawnee","1819","November","2022","NE"
"4298","Perkins","1883","November","2022","NE"
"4299","Phelps","6185","November","2022","NE"
"4300","Pierce","4980","November","2022","NE"
"4301","Platte","20615","November","2022","NE"
"4302","Polk","3582","November","2022","NE"
"4303","Red Willow","7109","November","2022","NE"
"4304","Richardson","5391","November","2022","NE"
"4305","Rock","1049","November","2022","NE"
"4306","Saline","7892","November","2022","NE"
"4307","Sarpy","123047","November","2022","NE"
"4308","Saunders","16131","November","2022","NE"
"4309","Scotts Bluff","23849","November","2022","NE"
"4310","Seward","11476","November","2022","NE"
"4311","Sheridan","3623","November","2022","NE"
"4312","Sherman","2073","November","2022","NE"
"4313","Sioux","895","November","2022","NE"
"4314","Stanton","3796","November","2022","NE"
"4315","Thayer","3614","November","2022","NE"
"4316","Thomas","502","November","2022","NE"
"4317","Thurston","4254","November","2022","NE"
"4318","Valley","3006","November","2022","NE"
"4319","Washington","15154","November","2022","NE"
"4320","Wayne","5235","November","2022","NE"
"4321","Webster","2301","November","2022","NE"
"4322","Wheeler","592","November","2022","NE"
"4323","York","9921","November","2022","NE"
"4324","Grand Total","1243241","November","2022","NE"
"4325","Adams","19398","October","2022","NE"
"4326","Antelope","4470","October","2022","NE"
"4327","Arthur","338","October","2022","NE"
"4328","Banner","544","October","2022","NE"
"4329","Blaine","356","October","2022","NE"
"4330","Boone","3648","October","2022","NE"
"4331","Box Butte","7313","October","2022","NE"
"4332","Boyd","1335","October","2022","NE"
"4333","Brown","2066","October","2022","NE"
"4334","Buffalo","30824","October","2022","NE"
"4335","Burt","4922","October","2022","NE"
"4336","Butler","5627","October","2022","NE"
"4337","Cass","19075","October","2022","NE"
"4338","Cedar","5740","October","2022","NE"
"4339","Chase","2424","October","2022","NE"
"4340","Cherry","3761","October","2022","NE"
"4341","Cheyenne","6305","October","2022","NE"
"4342","Clay","4152","October","2022","NE"
"4343","Colfax","5252","October","2022","NE"
"4344","Cuming","5809","October","2022","NE"
"4345","Custer","7776","October","2022","NE"
"4346","Dakota","10858","October","2022","NE"
"4347","Dawes","5232","October","2022","NE"
"4348","Dawson","13621","October","2022","NE"
"4349","Deuel","1381","October","2022","NE"
"4350","Dixon","3729","October","2022","NE"
"4351","Dodge","22208","October","2022","NE"
"4352","Douglas","358398","October","2022","NE"
"4353","Dundy","1211","October","2022","NE"
"4354","Fillmore","4010","October","2022","NE"
"4355","Franklin","2144","October","2022","NE"
"4356","Frontier","1858","October","2022","NE"
"4357","Furnas","3454","October","2022","NE"
"4358","Gage","14336","October","2022","NE"
"4359","Garden","1352","October","2022","NE"
"4360","Garfield","1306","October","2022","NE"
"4361","Gosper","1432","October","2022","NE"
"4362","Grant","465","October","2022","NE"
"4363","Greeley","1580","October","2022","NE"
"4364","Hall","34048","October","2022","NE"
"4365","Hamilton","6793","October","2022","NE"
"4366","Harlan","2457","October","2022","NE"
"4367","Hayes","667","October","2022","NE"
"4368","Hitchcock","1891","October","2022","NE"
"4369","Holt","7076","October","2022","NE"
"4370","Hooker","540","October","2022","NE"
"4371","Howard","4607","October","2022","NE"
"4372","Jefferson","4790","October","2022","NE"
"4373","Johnson","2813","October","2022","NE"
"4374","Kearney","4555","October","2022","NE"
"4375","Keith","5900","October","2022","NE"
"4376","Keya Paha","641","October","2022","NE"
"4377","Kimball","2643","October","2022","NE"
"4378","Knox","5504","October","2022","NE"
"4379","Lancaster","201144","October","2022","NE"
"4380","Lincoln","23741","October","2022","NE"
"4381","Logan","554","October","2022","NE"
"4382","Loup","531","October","2022","NE"
"4383","Madison","22024","October","2022","NE"
"4384","Mcpherson","344","October","2022","NE"
"4385","Merrick","5129","October","2022","NE"
"4386","Morrill","2994","October","2022","NE"
"4387","Nance","2395","October","2022","NE"
"4388","Nemaha","4404","October","2022","NE"
"4389","Nuckolls","3144","October","2022","NE"
"4390","Otoe","10852","October","2022","NE"
"4391","Pawnee","1819","October","2022","NE"
"4392","Perkins","1886","October","2022","NE"
"4393","Phelps","6159","October","2022","NE"
"4394","Pierce","4959","October","2022","NE"
"4395","Platte","20590","October","2022","NE"
"4396","Polk","3586","October","2022","NE"
"4397","Red Willow","7091","October","2022","NE"
"4398","Richardson","5381","October","2022","NE"
"4399","Rock","1049","October","2022","NE"
"4400","Saline","7891","October","2022","NE"
"4401","Sarpy","122834","October","2022","NE"
"4402","Saunders","16074","October","2022","NE"
"4403","Scotts Bluff","23855","October","2022","NE"
"4404","Seward","11468","October","2022","NE"
"4405","Sheridan","3628","October","2022","NE"
"4406","Sherman","2075","October","2022","NE"
"4407","Sioux","896","October","2022","NE"
"4408","Stanton","3799","October","2022","NE"
"4409","Thayer","3618","October","2022","NE"
"4410","Thomas","495","October","2022","NE"
"4411","Thurston","4260","October","2022","NE"
"4412","Valley","3006","October","2022","NE"
"4413","Washington","15114","October","2022","NE"
"4414","Wayne","5224","October","2022","NE"
"4415","Webster","2301","October","2022","NE"
"4416","Wheeler","590","October","2022","NE"
"4417","York","9912","October","2022","NE"
"4418","Grand Total","1241451","October","2022","NE"
"4419","Adams","19436","September","2022","NE"
"4420","Antelope","4459","September","2022","NE"
"4421","Arthur","337","September","2022","NE"
"4422","Banner","545","September","2022","NE"
"4423","Blaine","358","September","2022","NE"
"4424","Boone","3645","September","2022","NE"
"4425","Box Butte","7316","September","2022","NE"
"4426","Boyd","1341","September","2022","NE"
"4427","Brown","2069","September","2022","NE"
"4428","Buffalo","30783","September","2022","NE"
"4429","Burt","4928","September","2022","NE"
"4430","Butler","5624","September","2022","NE"
"4431","Cass","19074","September","2022","NE"
"4432","Cedar","5723","September","2022","NE"
"4433","Chase","2419","September","2022","NE"
"4434","Cherry","3759","September","2022","NE"
"4435","Cheyenne","6300","September","2022","NE"
"4436","Clay","4150","September","2022","NE"
"4437","Colfax","5241","September","2022","NE"
"4438","Cuming","5811","September","2022","NE"
"4439","Custer","7766","September","2022","NE"
"4440","Dakota","10838","September","2022","NE"
"4441","Dawes","5241","September","2022","NE"
"4442","Dawson","13620","September","2022","NE"
"4443","Deuel","1387","September","2022","NE"
"4444","Dixon","3744","September","2022","NE"
"4445","Dodge","22230","September","2022","NE"
"4446","Douglas","357761","September","2022","NE"
"4447","Dundy","1211","September","2022","NE"
"4448","Fillmore","4009","September","2022","NE"
"4449","Franklin","2137","September","2022","NE"
"4450","Frontier","1857","September","2022","NE"
"4451","Furnas","3444","September","2022","NE"
"4452","Gage","14335","September","2022","NE"
"4453","Garden","1355","September","2022","NE"
"4454","Garfield","1308","September","2022","NE"
"4455","Gosper","1435","September","2022","NE"
"4456","Grant","464","September","2022","NE"
"4457","Greeley","1575","September","2022","NE"
"4458","Hall","34033","September","2022","NE"
"4459","Hamilton","6795","September","2022","NE"
"4460","Harlan","2453","September","2022","NE"
"4461","Hayes","668","September","2022","NE"
"4462","Hitchcock","1894","September","2022","NE"
"4463","Holt","7062","September","2022","NE"
"4464","Hooker","541","September","2022","NE"
"4465","Howard","4615","September","2022","NE"
"4466","Jefferson","4796","September","2022","NE"
"4467","Johnson","2819","September","2022","NE"
"4468","Kearney","4545","September","2022","NE"
"4469","Keith","5913","September","2022","NE"
"4470","Keya Paha","638","September","2022","NE"
"4471","Kimball","2634","September","2022","NE"
"4472","Knox","5488","September","2022","NE"
"4473","Lancaster","200870","September","2022","NE"
"4474","Lincoln","23716","September","2022","NE"
"4475","Logan","548","September","2022","NE"
"4476","Loup","530","September","2022","NE"
"4477","Madison","22000","September","2022","NE"
"4478","Mcpherson","347","September","2022","NE"
"4479","Merrick","5104","September","2022","NE"
"4480","Morrill","2986","September","2022","NE"
"4481","Nance","2392","September","2022","NE"
"4482","Nemaha","4393","September","2022","NE"
"4483","Nuckolls","3142","September","2022","NE"
"4484","Otoe","10836","September","2022","NE"
"4485","Pawnee","1817","September","2022","NE"
"4486","Perkins","1889","September","2022","NE"
"4487","Phelps","6124","September","2022","NE"
"4488","Pierce","4962","September","2022","NE"
"4489","Platte","20575","September","2022","NE"
"4490","Polk","3584","September","2022","NE"
"4491","Red Willow","7092","September","2022","NE"
"4492","Richardson","5374","September","2022","NE"
"4493","Rock","1047","September","2022","NE"
"4494","Saline","7889","September","2022","NE"
"4495","Sarpy","122715","September","2022","NE"
"4496","Saunders","16028","September","2022","NE"
"4497","Scotts Bluff","23880","September","2022","NE"
"4498","Seward","11453","September","2022","NE"
"4499","Sheridan","3602","September","2022","NE"
"4500","Sherman","2071","September","2022","NE"
"4501","Sioux","899","September","2022","NE"
"4502","Stanton","3797","September","2022","NE"
"4503","Thayer","3616","September","2022","NE"
"4504","Thomas","501","September","2022","NE"
"4505","Thurston","4275","September","2022","NE"
"4506","Valley","3003","September","2022","NE"
"4507","Washington","15123","September","2022","NE"
"4508","Wayne","5252","September","2022","NE"
"4509","Webster","2285","September","2022","NE"
"4510","Wheeler","592","September","2022","NE"
"4511","York","9920","September","2022","NE"
"4512","Grand Total","1240158","September","2022","NE"
"4513","Adams","19045","April","2023","NE"
"4514","Antelope","4381","April","2023","NE"
"4515","Arthur","334","April","2023","NE"
"4516","Banner","534","April","2023","NE"
"4517","Blaine","353","April","2023","NE"
"4518","Boone","3607","April","2023","NE"
"4519","Box Butte","6890","April","2023","NE"
"4520","Boyd","1315","April","2023","NE"
"4521","Brown","2043","April","2023","NE"
"4522","Buffalo","30601","April","2023","NE"
"4523","Burt","4850","April","2023","NE"
"4524","Butler","5627","April","2023","NE"
"4525","Cass","18929","April","2023","NE"
"4526","Cedar","5683","April","2023","NE"
"4527","Chase","2386","April","2023","NE"
"4528","Cherry","3681","April","2023","NE"
"4529","Cheyenne","6240","April","2023","NE"
"4530","Clay","4088","April","2023","NE"
"4531","Colfax","5010","April","2023","NE"
"4532","Cuming","5755","April","2023","NE"
"4533","Custer","7747","April","2023","NE"
"4534","Dakota","10380","April","2023","NE"
"4535","Dawes","5003","April","2023","NE"
"4536","Dawson","12946","April","2023","NE"
"4537","Deuel","1378","April","2023","NE"
"4538","Dixon","3641","April","2023","NE"
"4539","Dodge","22066","April","2023","NE"
"4540","Douglas","353775","April","2023","NE"
"4541","Dundy","1190","April","2023","NE"
"4542","Fillmore","3933","April","2023","NE"
"4543","Franklin","2079","April","2023","NE"
"4544","Frontier","1808","April","2023","NE"
"4545","Furnas","3379","April","2023","NE"
"4546","Gage","14208","April","2023","NE"
"4547","Garden","1329","April","2023","NE"
"4548","Garfield","1284","April","2023","NE"
"4549","Gosper","1391","April","2023","NE"
"4550","Grant","447","April","2023","NE"
"4551","Greeley","1574","April","2023","NE"
"4552","Hall","33052","April","2023","NE"
"4553","Hamilton","6768","April","2023","NE"
"4554","Harlan","2379","April","2023","NE"
"4555","Hayes","642","April","2023","NE"
"4556","Hitchcock","1893","April","2023","NE"
"4557","Holt","6991","April","2023","NE"
"4558","Hooker","534","April","2023","NE"
"4559","Howard","4556","April","2023","NE"
"4560","Jefferson","4769","April","2023","NE"
"4561","Johnson","2800","April","2023","NE"
"4562","Kearney","4511","April","2023","NE"
"4563","Keith","5566","April","2023","NE"
"4564","Keya Paha","637","April","2023","NE"
"4565","Kimball","2604","April","2023","NE"
"4566","Knox","5443","April","2023","NE"
"4567","Lancaster","199946","April","2023","NE"
"4568","Lincoln","23431","April","2023","NE"
"4569","Logan","542","April","2023","NE"
"4570","Loup","521","April","2023","NE"
"4571","Madison","21867","April","2023","NE"
"4572","Mcpherson","345","April","2023","NE"
"4573","Merrick","5079","April","2023","NE"
"4574","Morrill","2917","April","2023","NE"
"4575","Nance","2320","April","2023","NE"
"4576","Nemaha","4395","April","2023","NE"
"4577","Nuckolls","3082","April","2023","NE"
"4578","Otoe","10725","April","2023","NE"
"4579","Pawnee","1776","April","2023","NE"
"4580","Perkins","1862","April","2023","NE"
"4581","Phelps","6134","April","2023","NE"
"4582","Pierce","4921","April","2023","NE"
"4583","Platte","20409","April","2023","NE"
"4584","Polk","3569","April","2023","NE"
"4585","Red Willow","7014","April","2023","NE"
"4586","Richardson","5200","April","2023","NE"
"4587","Rock","1039","April","2023","NE"
"4588","Saline","7835","April","2023","NE"
"4589","Sarpy","122547","April","2023","NE"
"4590","Saunders","16113","April","2023","NE"
"4591","Scotts Bluff","22706","April","2023","NE"
"4592","Seward","11303","April","2023","NE"
"4593","Sheridan","3376","April","2023","NE"
"4594","Sherman","2076","April","2023","NE"
"4595","Sioux","868","April","2023","NE"
"4596","Stanton","3750","April","2023","NE"
"4597","Thayer","3498","April","2023","NE"
"4598","Thomas","489","April","2023","NE"
"4599","Thurston","3769","April","2023","NE"
"4600","Valley","2977","April","2023","NE"
"4601","Washington","15055","April","2023","NE"
"4602","Wayne","5197","April","2023","NE"
"4603","Webster","2262","April","2023","NE"
"4604","Wheeler","582","April","2023","NE"
"4605","York","9278","April","2023","NE"
"4606","Grand Total","1224830","April","2023","NE"
"4607","Adams","19051","August","2023","NE"
"4608","Antelope","4354","August","2023","NE"
"4609","Arthur","333","August","2023","NE"
"4610","Banner","533","August","2023","NE"
"4611","Blaine","363","August","2023","NE"
"4612","Boone","3645","August","2023","NE"
"4613","Box Butte","6875","August","2023","NE"
"4614","Boyd","1289","August","2023","NE"
"4615","Brown","2042","August","2023","NE"
"4616","Buffalo","30617","August","2023","NE"
"4617","Burt","4842","August","2023","NE"
"4618","Butler","5606","August","2023","NE"
"4619","Cass","18953","August","2023","NE"
"4620","Cedar","5657","August","2023","NE"
"4621","Chase","2385","August","2023","NE"
"4622","Cherry","3666","August","2023","NE"
"4623","Cheyenne","6248","August","2023","NE"
"4624","Clay","4101","August","2023","NE"
"4625","Colfax","5009","August","2023","NE"
"4626","Cuming","5714","August","2023","NE"
"4627","Custer","7767","August","2023","NE"
"4628","Dakota","10377","August","2023","NE"
"4629","Dawes","4986","August","2023","NE"
"4630","Dawson","12966","August","2023","NE"
"4631","Deuel","1394","August","2023","NE"
"4632","Dixon","3627","August","2023","NE"
"4633","Dodge","22038","August","2023","NE"
"4634","Douglas","354848","August","2023","NE"
"4635","Dundy","1188","August","2023","NE"
"4636","Fillmore","3935","August","2023","NE"
"4637","Franklin","2078","August","2023","NE"
"4638","Frontier","1824","August","2023","NE"
"4639","Furnas","3384","August","2023","NE"
"4640","Gage","14203","August","2023","NE"
"4641","Garden","1329","August","2023","NE"
"4642","Garfield","1283","August","2023","NE"
"4643","Gosper","1398","August","2023","NE"
"4644","Grant","455","August","2023","NE"
"4645","Greeley","1563","August","2023","NE"
"4646","Hall","32999","August","2023","NE"
"4647","Hamilton","6751","August","2023","NE"
"4648","Harlan","2373","August","2023","NE"
"4649","Hayes","644","August","2023","NE"
"4650","Hitchcock","1877","August","2023","NE"
"4651","Holt","6972","August","2023","NE"
"4652","Hooker","529","August","2023","NE"
"4653","Howard","4547","August","2023","NE"
"4654","Jefferson","4763","August","2023","NE"
"4655","Johnson","2805","August","2023","NE"
"4656","Kearney","4514","August","2023","NE"
"4657","Keith","5591","August","2023","NE"
"4658","Keya Paha","633","August","2023","NE"
"4659","Kimball","2589","August","2023","NE"
"4660","Knox","5463","August","2023","NE"
"4661","Lancaster","200271","August","2023","NE"
"4662","Lincoln","23437","August","2023","NE"
"4663","Logan","540","August","2023","NE"
"4664","Loup","522","August","2023","NE"
"4665","Madison","21912","August","2023","NE"
"4666","Mcpherson","340","August","2023","NE"
"4667","Merrick","5108","August","2023","NE"
"4668","Morrill","2936","August","2023","NE"
"4669","Nance","2318","August","2023","NE"
"4670","Nemaha","4403","August","2023","NE"
"4671","Nuckolls","3077","August","2023","NE"
"4672","Otoe","10702","August","2023","NE"
"4673","Pawnee","1761","August","2023","NE"
"4674","Perkins","1856","August","2023","NE"
"4675","Phelps","6135","August","2023","NE"
"4676","Pierce","4919","August","2023","NE"
"4677","Platte","20365","August","2023","NE"
"4678","Polk","3565","August","2023","NE"
"4679","Red Willow","7009","August","2023","NE"
"4680","Richardson","5165","August","2023","NE"
"4681","Rock","1043","August","2023","NE"
"4682","Saline","7823","August","2023","NE"
"4683","Sarpy","123318","August","2023","NE"
"4684","Saunders","16160","August","2023","NE"
"4685","Scotts Bluff","22710","August","2023","NE"
"4686","Seward","11319","August","2023","NE"
"4687","Sheridan","3352","August","2023","NE"
"4688","Sherman","2066","August","2023","NE"
"4689","Sioux","867","August","2023","NE"
"4690","Stanton","3728","August","2023","NE"
"4691","Thayer","3510","August","2023","NE"
"4692","Thomas","484","August","2023","NE"
"4693","Thurston","3785","August","2023","NE"
"4694","Valley","2970","August","2023","NE"
"4695","Washington","15046","August","2023","NE"
"4696","Wayne","5184","August","2023","NE"
"4697","Webster","2260","August","2023","NE"
"4698","Wheeler","578","August","2023","NE"
"4699","York","9269","August","2023","NE"
"4700","Grand Total","1226789","August","2023","NE"
"4701","Adams","19038","December","2023","NE"
"4702","Antelope","4346","December","2023","NE"
"4703","Arthur","330","December","2023","NE"
"4704","Banner","527","December","2023","NE"
"4705","Blaine","361","December","2023","NE"
"4706","Boone","3619","December","2023","NE"
"4707","Box Butte","6847","December","2023","NE"
"4708","Boyd","1280","December","2023","NE"
"4709","Brown","2032","December","2023","NE"
"4710","Buffalo","30657","December","2023","NE"
"4711","Burt","4830","December","2023","NE"
"4712","Butler","5601","December","2023","NE"
"4713","Cass","19023","December","2023","NE"
"4714","Cedar","5653","December","2023","NE"
"4715","Chase","2379","December","2023","NE"
"4716","Cherry","3670","December","2023","NE"
"4717","Cheyenne","6232","December","2023","NE"
"4718","Clay","4090","December","2023","NE"
"4719","Colfax","5024","December","2023","NE"
"4720","Cuming","5707","December","2023","NE"
"4721","Custer","7748","December","2023","NE"
"4722","Dakota","10319","December","2023","NE"
"4723","Dawes","4968","December","2023","NE"
"4724","Dawson","12926","December","2023","NE"
"4725","Deuel","1392","December","2023","NE"
"4726","Dixon","3619","December","2023","NE"
"4727","Dodge","22000","December","2023","NE"
"4728","Douglas","354113","December","2023","NE"
"4729","Dundy","1207","December","2023","NE"
"4730","Fillmore","3925","December","2023","NE"
"4731","Franklin","2057","December","2023","NE"
"4732","Frontier","1806","December","2023","NE"
"4733","Furnas","3353","December","2023","NE"
"4734","Gage","14236","December","2023","NE"
"4735","Garden","1331","December","2023","NE"
"4736","Garfield","1265","December","2023","NE"
"4737","Gosper","1407","December","2023","NE"
"4738","Grant","451","December","2023","NE"
"4739","Greeley","1561","December","2023","NE"
"4740","Hall","32916","December","2023","NE"
"4741","Hamilton","6758","December","2023","NE"
"4742","Harlan","2367","December","2023","NE"
"4743","Hayes","639","December","2023","NE"
"4744","Hitchcock","1875","December","2023","NE"
"4745","Holt","6949","December","2023","NE"
"4746","Hooker","528","December","2023","NE"
"4747","Howard","4574","December","2023","NE"
"4748","Jefferson","4754","December","2023","NE"
"4749","Johnson","2808","December","2023","NE"
"4750","Kearney","4515","December","2023","NE"
"4751","Keith","5602","December","2023","NE"
"4752","Keya Paha","616","December","2023","NE"
"4753","Kimball","2585","December","2023","NE"
"4754","Knox","5443","December","2023","NE"
"4755","Lancaster","200337","December","2023","NE"
"4756","Lincoln","23322","December","2023","NE"
"4757","Logan","540","December","2023","NE"
"4758","Loup","516","December","2023","NE"
"4759","Madison","21895","December","2023","NE"
"4760","Mcpherson","341","December","2023","NE"
"4761","Merrick","5112","December","2023","NE"
"4762","Morrill","2951","December","2023","NE"
"4763","Nance","2333","December","2023","NE"
"4764","Nemaha","4401","December","2023","NE"
"4765","Nuckolls","3094","December","2023","NE"
"4766","Otoe","10694","December","2023","NE"
"4767","Pawnee","1761","December","2023","NE"
"4768","Perkins","1860","December","2023","NE"
"4769","Phelps","6104","December","2023","NE"
"4770","Pierce","4917","December","2023","NE"
"4771","Platte","20371","December","2023","NE"
"4772","Polk","3574","December","2023","NE"
"4773","Red Willow","6991","December","2023","NE"
"4774","Richardson","5140","December","2023","NE"
"4775","Rock","1049","December","2023","NE"
"4776","Saline","7808","December","2023","NE"
"4777","Sarpy","123833","December","2023","NE"
"4778","Saunders","16200","December","2023","NE"
"4779","Scotts Bluff","22637","December","2023","NE"
"4780","Seward","11314","December","2023","NE"
"4781","Sheridan","3333","December","2023","NE"
"4782","Sherman","2069","December","2023","NE"
"4783","Sioux","865","December","2023","NE"
"4784","Stanton","3719","December","2023","NE"
"4785","Thayer","3495","December","2023","NE"
"4786","Thomas","485","December","2023","NE"
"4787","Thurston","3759","December","2023","NE"
"4788","Valley","2970","December","2023","NE"
"4789","Washington","15080","December","2023","NE"
"4790","Wayne","5164","December","2023","NE"
"4791","Webster","2249","December","2023","NE"
"4792","Wheeler","581","December","2023","NE"
"4793","York","9241","December","2023","NE"
"4794","Grand Tota","1225964","December","2023","NE"
"4795","Adams","19072","February","2023","NE"
"4796","Antelope","4385","February","2023","NE"
"4797","Arthur","335","February","2023","NE"
"4798","Banner","538","February","2023","NE"
"4799","Blaine","352","February","2023","NE"
"4800","Boone","3611","February","2023","NE"
"4801","Box Butte","6906","February","2023","NE"
"4802","Boyd","1326","February","2023","NE"
"4803","Brown","2052","February","2023","NE"
"4804","Buffalo","30634","February","2023","NE"
"4805","Burt","4866","February","2023","NE"
"4806","Butler","5637","February","2023","NE"
"4807","Cass","18918","February","2023","NE"
"4808","Cedar","5690","February","2023","NE"
"4809","Chase","2399","February","2023","NE"
"4810","Cherry","3690","February","2023","NE"
"4811","Cheyenne","6236","February","2023","NE"
"4812","Clay","4091","February","2023","NE"
"4813","Colfax","5021","February","2023","NE"
"4814","Cuming","5757","February","2023","NE"
"4815","Custer","7743","February","2023","NE"
"4816","Dakota","10420","February","2023","NE"
"4817","Dawes","5018","February","2023","NE"
"4818","Dawson","12966","February","2023","NE"
"4819","Deuel","1385","February","2023","NE"
"4820","Dixon","3659","February","2023","NE"
"4821","Dodge","22130","February","2023","NE"
"4822","Douglas","354204","February","2023","NE"
"4823","Dundy","1195","February","2023","NE"
"4824","Fillmore","3945","February","2023","NE"
"4825","Franklin","2092","February","2023","NE"
"4826","Frontier","1812","February","2023","NE"
"4827","Furnas","3400","February","2023","NE"
"4828","Gage","14227","February","2023","NE"
"4829","Garden","1338","February","2023","NE"
"4830","Garfield","1297","February","2023","NE"
"4831","Gosper","1398","February","2023","NE"
"4832","Grant","447","February","2023","NE"
"4833","Greeley","1574","February","2023","NE"
"4834","Hall","33363","February","2023","NE"
"4835","Hamilton","6772","February","2023","NE"
"4836","Harlan","2382","February","2023","NE"
"4837","Hayes","647","February","2023","NE"
"4838","Hitchcock","1901","February","2023","NE"
"4839","Holt","7018","February","2023","NE"
"4840","Hooker","535","February","2023","NE"
"4841","Howard","4558","February","2023","NE"
"4842","Jefferson","4780","February","2023","NE"
"4843","Johnson","2819","February","2023","NE"
"4844","Kearney","4538","February","2023","NE"
"4845","Keith","5574","February","2023","NE"
"4846","Keya Paha","635","February","2023","NE"
"4847","Kimball","2619","February","2023","NE"
"4848","Knox","5452","February","2023","NE"
"4849","Lancaster","199577","February","2023","NE"
"4850","Lincoln","23508","February","2023","NE"
"4851","Logan","550","February","2023","NE"
"4852","Loup","521","February","2023","NE"
"4853","Madison","21926","February","2023","NE"
"4854","Mcpherson","343","February","2023","NE"
"4855","Merrick","5089","February","2023","NE"
"4856","Morrill","2902","February","2023","NE"
"4857","Nance","2326","February","2023","NE"
"4858","Nemaha","4399","February","2023","NE"
"4859","Nuckolls","3087","February","2023","NE"
"4860","Otoe","10744","February","2023","NE"
"4861","Pawnee","1785","February","2023","NE"
"4862","Perkins","1869","February","2023","NE"
"4863","Phelps","6143","February","2023","NE"
"4864","Pierce","4918","February","2023","NE"
"4865","Platte","20429","February","2023","NE"
"4866","Polk","3584","February","2023","NE"
"4867","Red Willow","7004","February","2023","NE"
"4868","Richardson","5219","February","2023","NE"
"4869","Rock","1042","February","2023","NE"
"4870","Saline","7828","February","2023","NE"
"4871","Sarpy","122381","February","2023","NE"
"4872","Saunders","16097","February","2023","NE"
"4873","Scotts Bluff","22729","February","2023","NE"
"4874","Seward","11354","February","2023","NE"
"4875","Sheridan","3378","February","2023","NE"
"4876","Sherman","2078","February","2023","NE"
"4877","Sioux","878","February","2023","NE"
"4878","Stanton","3765","February","2023","NE"
"4879","Thayer","3510","February","2023","NE"
"4880","Thomas","494","February","2023","NE"
"4881","Thurston","3762","February","2023","NE"
"4882","Valley","2990","February","2023","NE"
"4883","Washington","15066","February","2023","NE"
"4884","Wayne","5174","February","2023","NE"
"4885","Webster","2270","February","2023","NE"
"4886","Wheeler","584","February","2023","NE"
"4887","York","9288","February","2023","NE"
"4888","Grand Total","1225950","February","2023","NE"
"4889","Adams","19389","January","2023","NE"
"4890","Antelope","4473","January","2023","NE"
"4891","Arthur","337","January","2023","NE"
"4892","Banner","545","January","2023","NE"
"4893","Blaine","354","January","2023","NE"
"4894","Boone","3630","January","2023","NE"
"4895","Box Butte","7313","January","2023","NE"
"4896","Boyd","1335","January","2023","NE"
"4897","Brown","2065","January","2023","NE"
"4898","Buffalo","30889","January","2023","NE"
"4899","Burt","4939","January","2023","NE"
"4900","Butler","5657","January","2023","NE"
"4901","Cass","19110","January","2023","NE"
"4902","Cedar","5744","January","2023","NE"
"4903","Chase","2412","January","2023","NE"
"4904","Cherry","3756","January","2023","NE"
"4905","Cheyenne","6352","January","2023","NE"
"4906","Clay","4157","January","2023","NE"
"4907","Colfax","5248","January","2023","NE"
"4908","Cuming","5834","January","2023","NE"
"4909","Custer","7765","January","2023","NE"
"4910","Dakota","10865","January","2023","NE"
"4911","Dawes","5192","January","2023","NE"
"4912","Dawson","13619","January","2023","NE"
"4913","Deuel","1387","January","2023","NE"
"4914","Dixon","3727","January","2023","NE"
"4915","Dodge","22236","January","2023","NE"
"4916","Douglas","359736","January","2023","NE"
"4917","Dundy","1208","January","2023","NE"
"4918","Fillmore","4003","January","2023","NE"
"4919","Franklin","2144","January","2023","NE"
"4920","Frontier","1851","January","2023","NE"
"4921","Furnas","3466","January","2023","NE"
"4922","Gage","14356","January","2023","NE"
"4923","Garden","1342","January","2023","NE"
"4924","Garfield","1310","January","2023","NE"
"4925","Gosper","1443","January","2023","NE"
"4926","Grant","464","January","2023","NE"
"4927","Greeley","1572","January","2023","NE"
"4928","Hall","34061","January","2023","NE"
"4929","Hamilton","6808","January","2023","NE"
"4930","Harlan","2473","January","2023","NE"
"4931","Hayes","661","January","2023","NE"
"4932","Hitchcock","1903","January","2023","NE"
"4933","Holt","7094","January","2023","NE"
"4934","Hooker","536","January","2023","NE"
"4935","Howard","4592","January","2023","NE"
"4936","Jefferson","4830","January","2023","NE"
"4937","Johnson","2824","January","2023","NE"
"4938","Kearney","4556","January","2023","NE"
"4939","Keith","5876","January","2023","NE"
"4940","Keya Paha","642","January","2023","NE"
"4941","Kimball","2651","January","2023","NE"
"4942","Knox","5501","January","2023","NE"
"4943","Lancaster","201653","January","2023","NE"
"4944","Lincoln","23727","January","2023","NE"
"4945","Logan","560","January","2023","NE"
"4946","Loup","527","January","2023","NE"
"4947","Madison","22028","January","2023","NE"
"4948","Mcpherson","347","January","2023","NE"
"4949","Merrick","5147","January","2023","NE"
"4950","Morrill","2911","January","2023","NE"
"4951","Nance","2402","January","2023","NE"
"4952","Nemaha","4408","January","2023","NE"
"4953","Nuckolls","3137","January","2023","NE"
"4954","Otoe","10855","January","2023","NE"
"4955","Pawnee","1820","January","2023","NE"
"4956","Perkins","1888","January","2023","NE"
"4957","Phelps","6184","January","2023","NE"
"4958","Pierce","4970","January","2023","NE"
"4959","Platte","20656","January","2023","NE"
"4960","Polk","3591","January","2023","NE"
"4961","Red Willow","7092","January","2023","NE"
"4962","Richardson","5380","January","2023","NE"
"4963","Rock","1046","January","2023","NE"
"4964","Saline","7901","January","2023","NE"
"4965","Sarpy","123613","January","2023","NE"
"4966","Saunders","16198","January","2023","NE"
"4967","Scotts Bluff","23887","January","2023","NE"
"4968","Seward","11494","January","2023","NE"
"4969","Sheridan","3634","January","2023","NE"
"4970","Sherman","2085","January","2023","NE"
"4971","Sioux","897","January","2023","NE"
"4972","Stanton","3809","January","2023","NE"
"4973","Thayer","3613","January","2023","NE"
"4974","Thomas","498","January","2023","NE"
"4975","Thurston","4250","January","2023","NE"
"4976","Valley","3002","January","2023","NE"
"4977","Washington","15191","January","2023","NE"
"4978","Wayne","5247","January","2023","NE"
"4979","Webster","2289","January","2023","NE"
"4980","Wheeler","592","January","2023","NE"
"4981","York","9895","January","2023","NE"
"4982","Grand Total","1244657","January","2023","NE"
"4983","Adams","19052","July","2023","NE"
"4984","Antelope","4361","July","2023","NE"
"4985","Arthur","333","July","2023","NE"
"4986","Banner","533","July","2023","NE"
"4987","Blaine","362","July","2023","NE"
"4988","Boone","3611","July","2023","NE"
"4989","Box Butte","6873","July","2023","NE"
"4990","Boyd","1291","July","2023","NE"
"4991","Brown","2048","July","2023","NE"
"4992","Buffalo","30593","July","2023","NE"
"4993","Burt","4839","July","2023","NE"
"4994","Butler","5625","July","2023","NE"
"4995","Cass","18956","July","2023","NE"
"4996","Cedar","5661","July","2023","NE"
"4997","Chase","2388","July","2023","NE"
"4998","Cherry","3669","July","2023","NE"
"4999","Cheyenne","6252","July","2023","NE"
"5000","Clay","4101","July","2023","NE"
"5001","Colfax","5018","July","2023","NE"
"5002","Cuming","5726","July","2023","NE"
"5003","Custer","7760","July","2023","NE"
"5004","Dakota","10359","July","2023","NE"
"5005","Dawes","4987","July","2023","NE"
"5006","Dawson","12975","July","2023","NE"
"5007","Deuel","1393","July","2023","NE"
"5008","Dixon","3632","July","2023","NE"
"5009","Dodge","22026","July","2023","NE"
"5010","Douglas","354686","July","2023","NE"
"5011","Dundy","1186","July","2023","NE"
"5012","Fillmore","3945","July","2023","NE"
"5013","Franklin","2073","July","2023","NE"
"5014","Frontier","1820","July","2023","NE"
"5015","Furnas","3370","July","2023","NE"
"5016","Gage","14215","July","2023","NE"
"5017","Garden","1320","July","2023","NE"
"5018","Garfield","1280","July","2023","NE"
"5019","Gosper","1396","July","2023","NE"
"5020","Grant","447","July","2023","NE"
"5021","Greeley","1569","July","2023","NE"
"5022","Hall","33037","July","2023","NE"
"5023","Hamilton","6760","July","2023","NE"
"5024","Harlan","2376","July","2023","NE"
"5025","Hayes","645","July","2023","NE"
"5026","Hitchcock","1885","July","2023","NE"
"5027","Holt","6966","July","2023","NE"
"5028","Hooker","532","July","2023","NE"
"5029","Howard","4552","July","2023","NE"
"5030","Jefferson","4762","July","2023","NE"
"5031","Johnson","2813","July","2023","NE"
"5032","Kearney","4515","July","2023","NE"
"5033","Keith","5557","July","2023","NE"
"5034","Keya Paha","637","July","2023","NE"
"5035","Kimball","2598","July","2023","NE"
"5036","Knox","5449","July","2023","NE"
"5037","Lancaster","200449","July","2023","NE"
"5038","Lincoln","23424","July","2023","NE"
"5039","Logan","539","July","2023","NE"
"5040","Loup","523","July","2023","NE"
"5041","Madison","21913","July","2023","NE"
"5042","Mcpherson","341","July","2023","NE"
"5043","Merrick","5110","July","2023","NE"
"5044","Morrill","2944","July","2023","NE"
"5045","Nance","2321","July","2023","NE"
"5046","Nemaha","4410","July","2023","NE"
"5047","Nuckolls","3081","July","2023","NE"
"5048","Otoe","10721","July","2023","NE"
"5049","Pawnee","1765","July","2023","NE"
"5050","Perkins","1859","July","2023","NE"
"5051","Phelps","6141","July","2023","NE"
"5052","Pierce","4926","July","2023","NE"
"5053","Platte","20435","July","2023","NE"
"5054","Polk","3573","July","2023","NE"
"5055","Red Willow","7010","July","2023","NE"
"5056","Richardson","5178","July","2023","NE"
"5057","Rock","1041","July","2023","NE"
"5058","Saline","7826","July","2023","NE"
"5059","Sarpy","123084","July","2023","NE"
"5060","Saunders","16166","July","2023","NE"
"5061","Scotts Bluff","22736","July","2023","NE"
"5062","Seward","11324","July","2023","NE"
"5063","Sheridan","3363","July","2023","NE"
"5064","Sherman","2079","July","2023","NE"
"5065","Sioux","868","July","2023","NE"
"5066","Stanton","3737","July","2023","NE"
"5067","Thayer","3504","July","2023","NE"
"5068","Thomas","485","July","2023","NE"
"5069","Thurston","3789","July","2023","NE"
"5070","Valley","2972","July","2023","NE"
"5071","Washington","15055","July","2023","NE"
"5072","Wayne","5190","July","2023","NE"
"5073","Webster","2261","July","2023","NE"
"5074","Wheeler","579","July","2023","NE"
"5075","York","9270","July","2023","NE"
"5076","Grand Total","1226807","July","2023","NE"
"5077","Adams","19059","June","2023","NE"
"5078","Antelope","4367","June","2023","NE"
"5079","Arthur","331","June","2023","NE"
"5080","Banner","533","June","2023","NE"
"5081","Blaine","356","June","2023","NE"
"5082","Boone","3616","June","2023","NE"
"5083","Box Butte","6875","June","2023","NE"
"5084","Boyd","1291","June","2023","NE"
"5085","Brown","2056","June","2023","NE"
"5086","Buffalo","30578","June","2023","NE"
"5087","Burt","4848","June","2023","NE"
"5088","Butler","5629","June","2023","NE"
"5089","Cass","18940","June","2023","NE"
"5090","Cedar","5669","June","2023","NE"
"5091","Chase","2389","June","2023","NE"
"5092","Cherry","3670","June","2023","NE"
"5093","Cheyenne","6236","June","2023","NE"
"5094","Clay","4090","June","2023","NE"
"5095","Colfax","5011","June","2023","NE"
"5096","Cuming","5730","June","2023","NE"
"5097","Custer","7766","June","2023","NE"
"5098","Dakota","10371","June","2023","NE"
"5099","Dawes","4991","June","2023","NE"
"5100","Dawson","12962","June","2023","NE"
"5101","Deuel","1388","June","2023","NE"
"5102","Dixon","3636","June","2023","NE"
"5103","Dodge","22016","June","2023","NE"
"5104","Douglas","354508","June","2023","NE"
"5105","Dundy","1187","June","2023","NE"
"5106","Fillmore","3943","June","2023","NE"
"5107","Franklin","2083","June","2023","NE"
"5108","Frontier","1817","June","2023","NE"
"5109","Furnas","3378","June","2023","NE"
"5110","Gage","14208","June","2023","NE"
"5111","Garden","1326","June","2023","NE"
"5112","Garfield","1280","June","2023","NE"
"5113","Gosper","1396","June","2023","NE"
"5114","Grant","448","June","2023","NE"
"5115","Greeley","1569","June","2023","NE"
"5116","Hall","33033","June","2023","NE"
"5117","Hamilton","6753","June","2023","NE"
"5118","Harlan","2383","June","2023","NE"
"5119","Hayes","646","June","2023","NE"
"5120","Hitchcock","1888","June","2023","NE"
"5121","Holt","6975","June","2023","NE"
"5122","Hooker","530","June","2023","NE"
"5123","Howard","4561","June","2023","NE"
"5124","Jefferson","4756","June","2023","NE"
"5125","Johnson","2790","June","2023","NE"
"5126","Kearney","4516","June","2023","NE"
"5127","Keith","5573","June","2023","NE"
"5128","Keya Paha","637","June","2023","NE"
"5129","Kimball","2606","June","2023","NE"
"5130","Knox","5438","June","2023","NE"
"5131","Lancaster","200363","June","2023","NE"
"5132","Lincoln","23416","June","2023","NE"
"5133","Logan","540","June","2023","NE"
"5134","Loup","524","June","2023","NE"
"5135","Madison","21888","June","2023","NE"
"5136","Mcpherson","342","June","2023","NE"
"5137","Merrick","5098","June","2023","NE"
"5138","Morrill","2939","June","2023","NE"
"5139","Nance","2318","June","2023","NE"
"5140","Nemaha","4410","June","2023","NE"
"5141","Nuckolls","3085","June","2023","NE"
"5142","Otoe","10724","June","2023","NE"
"5143","Pawnee","1772","June","2023","NE"
"5144","Perkins","1864","June","2023","NE"
"5145","Phelps","6131","June","2023","NE"
"5146","Pierce","4923","June","2023","NE"
"5147","Platte","20434","June","2023","NE"
"5148","Polk","3571","June","2023","NE"
"5149","Red Willow","7018","June","2023","NE"
"5150","Richardson","5187","June","2023","NE"
"5151","Rock","1037","June","2023","NE"
"5152","Saline","7827","June","2023","NE"
"5153","Sarpy","122853","June","2023","NE"
"5154","Saunders","16164","June","2023","NE"
"5155","Scotts Bluff","22694","June","2023","NE"
"5156","Seward","11302","June","2023","NE"
"5157","Sheridan","3366","June","2023","NE"
"5158","Sherman","2080","June","2023","NE"
"5159","Sioux","865","June","2023","NE"
"5160","Stanton","3741","June","2023","NE"
"5161","Thayer","3494","June","2023","NE"
"5162","Thomas","489","June","2023","NE"
"5163","Thurston","3788","June","2023","NE"
"5164","Valley","2978","June","2023","NE"
"5165","Washington","15036","June","2023","NE"
"5166","Wayne","5195","June","2023","NE"
"5167","Webster","2256","June","2023","NE"
"5168","Wheeler","581","June","2023","NE"
"5169","York","9281","June","2023","NE"
"5170","Grand Total","1226206","June","2023","NE"
"5171","Adams","19034","March","2023","NE"
"5172","Antelope","4380","March","2023","NE"
"5173","Arthur","335","March","2023","NE"
"5174","Banner","536","March","2023","NE"
"5175","Blaine","352","March","2023","NE"
"5176","Boone","3606","March","2023","NE"
"5177","Box Butte","6899","March","2023","NE"
"5178","Boyd","1320","March","2023","NE"
"5179","Brown","2049","March","2023","NE"
"5180","Buffalo","30618","March","2023","NE"
"5181","Burt","4851","March","2023","NE"
"5182","Butler","5636","March","2023","NE"
"5183","Cass","18889","March","2023","NE"
"5184","Cedar","5688","March","2023","NE"
"5185","Chase","2389","March","2023","NE"
"5186","Cherry","3687","March","2023","NE"
"5187","Cheyenne","6237","March","2023","NE"
"5188","Clay","4096","March","2023","NE"
"5189","Colfax","5015","March","2023","NE"
"5190","Cuming","5756","March","2023","NE"
"5191","Custer","7736","March","2023","NE"
"5192","Dakota","10385","March","2023","NE"
"5193","Dawes","5004","March","2023","NE"
"5194","Dawson","12941","March","2023","NE"
"5195","Deuel","1383","March","2023","NE"
"5196","Dixon","3647","March","2023","NE"
"5197","Dodge","22094","March","2023","NE"
"5198","Douglas","354110","March","2023","NE"
"5199","Dundy","1192","March","2023","NE"
"5200","Fillmore","3949","March","2023","NE"
"5201","Franklin","2083","March","2023","NE"
"5202","Frontier","1810","March","2023","NE"
"5203","Furnas","3392","March","2023","NE"
"5204","Gage","14225","March","2023","NE"
"5205","Garden","1329","March","2023","NE"
"5206","Garfield","1288","March","2023","NE"
"5207","Gosper","1391","March","2023","NE"
"5208","Grant","449","March","2023","NE"
"5209","Greeley","1572","March","2023","NE"
"5210","Hall","33289","March","2023","NE"
"5211","Hamilton","6761","March","2023","NE"
"5212","Harlan","2384","March","2023","NE"
"5213","Hayes","644","March","2023","NE"
"5214","Hitchcock","1897","March","2023","NE"
"5215","Holt","6998","March","2023","NE"
"5216","Hooker","534","March","2023","NE"
"5217","Howard","4580","March","2023","NE"
"5218","Jefferson","4777","March","2023","NE"
"5219","Johnson","2803","March","2023","NE"
"5220","Kearney","4540","March","2023","NE"
"5221","Keith","5564","March","2023","NE"
"5222","Keya Paha","635","March","2023","NE"
"5223","Kimball","2609","March","2023","NE"
"5224","Knox","5444","March","2023","NE"
"5225","Lancaster","199692","March","2023","NE"
"5226","Lincoln","23453","March","2023","NE"
"5227","Logan","544","March","2023","NE"
"5228","Loup","522","March","2023","NE"
"5229","Madison","21872","March","2023","NE"
"5230","Mcpherson","343","March","2023","NE"
"5231","Merrick","5077","March","2023","NE"
"5232","Morrill","2903","March","2023","NE"
"5233","Nance","2323","March","2023","NE"
"5234","Nemaha","4398","March","2023","NE"
"5235","Nuckolls","3079","March","2023","NE"
"5236","Otoe","10729","March","2023","NE"
"5237","Pawnee","1785","March","2023","NE"
"5238","Perkins","1863","March","2023","NE"
"5239","Phelps","6134","March","2023","NE"
"5240","Pierce","4917","March","2023","NE"
"5241","Platte","20421","March","2023","NE"
"5242","Polk","3579","March","2023","NE"
"5243","Red Willow","7004","March","2023","NE"
"5244","Richardson","5216","March","2023","NE"
"5245","Rock","1043","March","2023","NE"
"5246","Saline","7841","March","2023","NE"
"5247","Sarpy","122425","March","2023","NE"
"5248","Saunders","16091","March","2023","NE"
"5249","Scotts Bluff","22703","March","2023","NE"
"5250","Seward","11328","March","2023","NE"
"5251","Sheridan","3383","March","2023","NE"
"5252","Sherman","2078","March","2023","NE"
"5253","Sioux","870","March","2023","NE"
"5254","Stanton","3755","March","2023","NE"
"5255","Thayer","3505","March","2023","NE"
"5256","Thomas","490","March","2023","NE"
"5257","Thurston","3762","March","2023","NE"
"5258","Valley","2976","March","2023","NE"
"5259","Washington","15044","March","2023","NE"
"5260","Wayne","5189","March","2023","NE"
"5261","Webster","2265","March","2023","NE"
"5262","Wheeler","584","March","2023","NE"
"5263","York","9280","March","2023","NE"
"5264","Grand Total","1225278","March","2023","NE"
"5265","Adams","19062","May","2023","NE"
"5266","Antelope","4379","May","2023","NE"
"5267","Arthur","334","May","2023","NE"
"5268","Banner","534","May","2023","NE"
"5269","Blaine","354","May","2023","NE"
"5270","Boone","3606","May","2023","NE"
"5271","Box Butte","6885","May","2023","NE"
"5272","Boyd","1288","May","2023","NE"
"5273","Brown","2046","May","2023","NE"
"5274","Buffalo","30587","May","2023","NE"
"5275","Burt","4845","May","2023","NE"
"5276","Butler","5620","May","2023","NE"
"5277","Cass","18921","May","2023","NE"
"5278","Cedar","5673","May","2023","NE"
"5279","Chase","2386","May","2023","NE"
"5280","Cherry","3679","May","2023","NE"
"5281","Cheyenne","6235","May","2023","NE"
"5282","Clay","4091","May","2023","NE"
"5283","Colfax","5003","May","2023","NE"
"5284","Cuming","5748","May","2023","NE"
"5285","Custer","7759","May","2023","NE"
"5286","Dakota","10385","May","2023","NE"
"5287","Dawes","4996","May","2023","NE"
"5288","Dawson","12947","May","2023","NE"
"5289","Deuel","1389","May","2023","NE"
"5290","Dixon","3642","May","2023","NE"
"5291","Dodge","22045","May","2023","NE"
"5292","Douglas","354476","May","2023","NE"
"5293","Dundy","1188","May","2023","NE"
"5294","Fillmore","3925","May","2023","NE"
"5295","Franklin","2079","May","2023","NE"
"5296","Frontier","1812","May","2023","NE"
"5297","Furnas","3376","May","2023","NE"
"5298","Gage","14209","May","2023","NE"
"5299","Garden","1329","May","2023","NE"
"5300","Garfield","1283","May","2023","NE"
"5301","Gosper","1397","May","2023","NE"
"5302","Grant","447","May","2023","NE"
"5303","Greeley","1570","May","2023","NE"
"5304","Hall","33045","May","2023","NE"
"5305","Hamilton","6754","May","2023","NE"
"5306","Harlan","2377","May","2023","NE"
"5307","Hayes","641","May","2023","NE"
"5308","Hitchcock","1889","May","2023","NE"
"5309","Holt","6981","May","2023","NE"
"5310","Hooker","530","May","2023","NE"
"5311","Howard","4561","May","2023","NE"
"5312","Jefferson","4754","May","2023","NE"
"5313","Johnson","2804","May","2023","NE"
"5314","Kearney","4509","May","2023","NE"
"5315","Keith","5572","May","2023","NE"
"5316","Keya Paha","637","May","2023","NE"
"5317","Kimball","2603","May","2023","NE"
"5318","Knox","5446","May","2023","NE"
"5319","Lancaster","200109","May","2023","NE"
"5320","Lincoln","23446","May","2023","NE"
"5321","Logan","539","May","2023","NE"
"5322","Loup","523","May","2023","NE"
"5323","Madison","21872","May","2023","NE"
"5324","Mcpherson","343","May","2023","NE"
"5325","Merrick","5093","May","2023","NE"
"5326","Morrill","2927","May","2023","NE"
"5327","Nance","2317","May","2023","NE"
"5328","Nemaha","4401","May","2023","NE"
"5329","Nuckolls","3084","May","2023","NE"
"5330","Otoe","10722","May","2023","NE"
"5331","Pawnee","1775","May","2023","NE"
"5332","Perkins","1861","May","2023","NE"
"5333","Phelps","6128","May","2023","NE"
"5334","Pierce","4928","May","2023","NE"
"5335","Platte","20426","May","2023","NE"
"5336","Polk","3572","May","2023","NE"
"5337","Red Willow","7017","May","2023","NE"
"5338","Richardson","5190","May","2023","NE"
"5339","Rock","1040","May","2023","NE"
"5340","Saline","7828","May","2023","NE"
"5341","Sarpy","122728","May","2023","NE"
"5342","Saunders","16153","May","2023","NE"
"5343","Scotts Bluff","22697","May","2023","NE"
"5344","Seward","11315","May","2023","NE"
"5345","Sheridan","3372","May","2023","NE"
"5346","Sherman","2077","May","2023","NE"
"5347","Sioux","868","May","2023","NE"
"5348","Stanton","3741","May","2023","NE"
"5349","Thayer","3496","May","2023","NE"
"5350","Thomas","487","May","2023","NE"
"5351","Thurston","3781","May","2023","NE"
"5352","Valley","2979","May","2023","NE"
"5353","Washington","15045","May","2023","NE"
"5354","Wayne","5205","May","2023","NE"
"5355","Webster","2261","May","2023","NE"
"5356","Wheeler","583","May","2023","NE"
"5357","York","9280","May","2023","NE"
"5358","Grand Total","1225842","May","2023","NE"
"5359","Adams","19037","November","2023","NE"
"5360","Antelope","4343","November","2023","NE"
"5361","Arthur","333","November","2023","NE"
"5362","Banner","527","November","2023","NE"
"5363","Blaine","363","November","2023","NE"
"5364","Boone","3620","November","2023","NE"
"5365","Box Butte","6850","November","2023","NE"
"5366","Boyd","1285","November","2023","NE"
"5367","Brown","2040","November","2023","NE"
"5368","Buffalo","30622","November","2023","NE"
"5369","Burt","4824","November","2023","NE"
"5370","Butler","5608","November","2023","NE"
"5371","Cass","19035","November","2023","NE"
"5372","Cedar","5653","November","2023","NE"
"5373","Chase","2386","November","2023","NE"
"5374","Cherry","3662","November","2023","NE"
"5375","Cheyenne","6241","November","2023","NE"
"5376","Clay","4085","November","2023","NE"
"5377","Colfax","5022","November","2023","NE"
"5378","Cuming","5722","November","2023","NE"
"5379","Custer","7761","November","2023","NE"
"5380","Dakota","10330","November","2023","NE"
"5381","Dawes","4970","November","2023","NE"
"5382","Dawson","12934","November","2023","NE"
"5383","Deuel","1388","November","2023","NE"
"5384","Dixon","3619","November","2023","NE"
"5385","Dodge","21993","November","2023","NE"
"5386","Douglas","354444","November","2023","NE"
"5387","Dundy","1209","November","2023","NE"
"5388","Fillmore","3935","November","2023","NE"
"5389","Franklin","2061","November","2023","NE"
"5390","Frontier","1806","November","2023","NE"
"5391","Furnas","3361","November","2023","NE"
"5392","Gage","14238","November","2023","NE"
"5393","Garden","1331","November","2023","NE"
"5394","Garfield","1266","November","2023","NE"
"5395","Gosper","1403","November","2023","NE"
"5396","Grant","451","November","2023","NE"
"5397","Greeley","1564","November","2023","NE"
"5398","Hall","32961","November","2023","NE"
"5399","Hamilton","6757","November","2023","NE"
"5400","Harlan","2369","November","2023","NE"
"5401","Hayes","638","November","2023","NE"
"5402","Hitchcock","1866","November","2023","NE"
"5403","Holt","6924","November","2023","NE"
"5404","Hooker","529","November","2023","NE"
"5405","Howard","4573","November","2023","NE"
"5406","Jefferson","4756","November","2023","NE"
"5407","Johnson","2811","November","2023","NE"
"5408","Kearney","4523","November","2023","NE"
"5409","Keith","5600","November","2023","NE"
"5410","Keya Paha","622","November","2023","NE"
"5411","Kimball","2579","November","2023","NE"
"5412","Knox","5442","November","2023","NE"
"5413","Lancaster","200300","November","2023","NE"
"5414","Lincoln","23351","November","2023","NE"
"5415","Logan","540","November","2023","NE"
"5416","Loup","518","November","2023","NE"
"5417","Madison","21893","November","2023","NE"
"5418","Mcpherson","342","November","2023","NE"
"5419","Merrick","5115","November","2023","NE"
"5420","Morrill","2951","November","2023","NE"
"5421","Nance","2335","November","2023","NE"
"5422","Nemaha","4393","November","2023","NE"
"5423","Nuckolls","3096","November","2023","NE"
"5424","Otoe","10705","November","2023","NE"
"5425","Pawnee","1759","November","2023","NE"
"5426","Perkins","1855","November","2023","NE"
"5427","Phelps","6102","November","2023","NE"
"5428","Pierce","4921","November","2023","NE"
"5429","Platte","20315","November","2023","NE"
"5430","Polk","3570","November","2023","NE"
"5431","Red Willow","6990","November","2023","NE"
"5432","Richardson","5145","November","2023","NE"
"5433","Rock","1047","November","2023","NE"
"5434","Saline","7808","November","2023","NE"
"5435","Sarpy","123490","November","2023","NE"
"5436","Saunders","16180","November","2023","NE"
"5437","Scotts Bluff","22628","November","2023","NE"
"5438","Seward","11297","November","2023","NE"
"5439","Sheridan","3321","November","2023","NE"
"5440","Sherman","2067","November","2023","NE"
"5441","Sioux","865","November","2023","NE"
"5442","Stanton","3725","November","2023","NE"
"5443","Thayer","3500","November","2023","NE"
"5444","Thomas","485","November","2023","NE"
"5445","Thurston","3763","November","2023","NE"
"5446","Valley","2975","November","2023","NE"
"5447","Washington","15082","November","2023","NE"
"5448","Wayne","5162","November","2023","NE"
"5449","Webster","2248","November","2023","NE"
"5450","Wheeler","582","November","2023","NE"
"5451","York","9265","November","2023","NE"
"5452","Grand Total","1225958","November","2023","NE"
"5453","Adams","19042","October","2023","NE"
"5454","Antelope","4343","October","2023","NE"
"5455","Arthur","334","October","2023","NE"
"5456","Banner","520","October","2023","NE"
"5457","Blaine","364","October","2023","NE"
"5458","Boone","3621","October","2023","NE"
"5459","Box Butte","6856","October","2023","NE"
"5460","Boyd","1282","October","2023","NE"
"5461","Brown","2042","October","2023","NE"
"5462","Buffalo","30626","October","2023","NE"
"5463","Burt","4828","October","2023","NE"
"5464","Butler","5603","October","2023","NE"
"5465","Cass","18979","October","2023","NE"
"5466","Cedar","5651","October","2023","NE"
"5467","Chase","2380","October","2023","NE"
"5468","Cherry","3663","October","2023","NE"
"5469","Cheyenne","6235","October","2023","NE"
"5470","Clay","4087","October","2023","NE"
"5471","Colfax","5010","October","2023","NE"
"5472","Cuming","5720","October","2023","NE"
"5473","Custer","7731","October","2023","NE"
"5474","Dakota","10336","October","2023","NE"
"5475","Dawes","4977","October","2023","NE"
"5476","Dawson","12928","October","2023","NE"
"5477","Deuel","1388","October","2023","NE"
"5478","Dixon","3620","October","2023","NE"
"5479","Dodge","21994","October","2023","NE"
"5480","Douglas","354748","October","2023","NE"
"5481","Dundy","1205","October","2023","NE"
"5482","Fillmore","3942","October","2023","NE"
"5483","Franklin","2068","October","2023","NE"
"5484","Frontier","1809","October","2023","NE"
"5485","Furnas","3368","October","2023","NE"
"5486","Gage","14231","October","2023","NE"
"5487","Garden","1335","October","2023","NE"
"5488","Garfield","1272","October","2023","NE"
"5489","Gosper","1405","October","2023","NE"
"5490","Grant","452","October","2023","NE"
"5491","Greeley","1563","October","2023","NE"
"5492","Hall","32964","October","2023","NE"
"5493","Hamilton","6752","October","2023","NE"
"5494","Harlan","2374","October","2023","NE"
"5495","Hayes","639","October","2023","NE"
"5496","Hitchcock","1873","October","2023","NE"
"5497","Holt","6945","October","2023","NE"
"5498","Hooker","527","October","2023","NE"
"5499","Howard","4580","October","2023","NE"
"5500","Jefferson","4759","October","2023","NE"
"5501","Johnson","2807","October","2023","NE"
"5502","Kearney","4517","October","2023","NE"
"5503","Keith","5582","October","2023","NE"
"5504","Keya Paha","624","October","2023","NE"
"5505","Kimball","2585","October","2023","NE"
"5506","Knox","5449","October","2023","NE"
"5507","Lancaster","200250","October","2023","NE"
"5508","Lincoln","23365","October","2023","NE"
"5509","Logan","539","October","2023","NE"
"5510","Loup","519","October","2023","NE"
"5511","Madison","21885","October","2023","NE"
"5512","Mcpherson","342","October","2023","NE"
"5513","Merrick","5112","October","2023","NE"
"5514","Morrill","2948","October","2023","NE"
"5515","Nance","2336","October","2023","NE"
"5516","Nemaha","4401","October","2023","NE"
"5517","Nuckolls","3093","October","2023","NE"
"5518","Otoe","10709","October","2023","NE"
"5519","Pawnee","1759","October","2023","NE"
"5520","Perkins","1854","October","2023","NE"
"5521","Phelps","6116","October","2023","NE"
"5522","Pierce","4922","October","2023","NE"
"5523","Platte","20390","October","2023","NE"
"5524","Polk","3572","October","2023","NE"
"5525","Red Willow","6987","October","2023","NE"
"5526","Richardson","5147","October","2023","NE"
"5527","Rock","1043","October","2023","NE"
"5528","Saline","7810","October","2023","NE"
"5529","Sarpy","123523","October","2023","NE"
"5530","Saunders","16174","October","2023","NE"
"5531","Scotts Bluff","22659","October","2023","NE"
"5532","Seward","11304","October","2023","NE"
"5533","Sheridan","3330","October","2023","NE"
"5534","Sherman","2063","October","2023","NE"
"5535","Sioux","866","October","2023","NE"
"5536","Stanton","3728","October","2023","NE"
"5537","Thayer","3499","October","2023","NE"
"5538","Thomas","484","October","2023","NE"
"5539","Thurston","3769","October","2023","NE"
"5540","Valley","2971","October","2023","NE"
"5541","Washington","15066","October","2023","NE"
"5542","Wayne","5171","October","2023","NE"
"5543","Webster","2257","October","2023","NE"
"5544","Wheeler","582","October","2023","NE"
"5545","York","9262","October","2023","NE"
"5546","Grand Total","1226342","October","2023","NE"
"5547","Adams","19047","September","2023","NE"
"5548","Antelope","4348","September","2023","NE"
"5549","Arthur","333","September","2023","NE"
"5550","Banner","522","September","2023","NE"
"5551","Blaine","363","September","2023","NE"
"5552","Boone","3624","September","2023","NE"
"5553","Box Butte","6856","September","2023","NE"
"5554","Boyd","1284","September","2023","NE"
"5555","Brown","2045","September","2023","NE"
"5556","Buffalo","30614","September","2023","NE"
"5557","Burt","4837","September","2023","NE"
"5558","Butler","5600","September","2023","NE"
"5559","Cass","18973","September","2023","NE"
"5560","Cedar","5647","September","2023","NE"
"5561","Chase","2381","September","2023","NE"
"5562","Cherry","3662","September","2023","NE"
"5563","Cheyenne","6235","September","2023","NE"
"5564","Clay","4088","September","2023","NE"
"5565","Colfax","5008","September","2023","NE"
"5566","Cuming","5729","September","2023","NE"
"5567","Custer","7753","September","2023","NE"
"5568","Dakota","10340","September","2023","NE"
"5569","Dawes","4982","September","2023","NE"
"5570","Dawson","12939","September","2023","NE"
"5571","Deuel","1392","September","2023","NE"
"5572","Dixon","3616","September","2023","NE"
"5573","Dodge","21990","September","2023","NE"
"5574","Douglas","354546","September","2023","NE"
"5575","Dundy","1201","September","2023","NE"
"5576","Fillmore","3935","September","2023","NE"
"5577","Franklin","2070","September","2023","NE"
"5578","Frontier","1817","September","2023","NE"
"5579","Furnas","3372","September","2023","NE"
"5580","Gage","14230","September","2023","NE"
"5581","Garden","1331","September","2023","NE"
"5582","Garfield","1276","September","2023","NE"
"5583","Gosper","1401","September","2023","NE"
"5584","Grant","454","September","2023","NE"
"5585","Greeley","1562","September","2023","NE"
"5586","Hall","32990","September","2023","NE"
"5587","Hamilton","6753","September","2023","NE"
"5588","Harlan","2378","September","2023","NE"
"5589","Hayes","640","September","2023","NE"
"5590","Hitchcock","1877","September","2023","NE"
"5591","Holt","6951","September","2023","NE"
"5592","Hooker","529","September","2023","NE"
"5593","Howard","4585","September","2023","NE"
"5594","Jefferson","4760","September","2023","NE"
"5595","Johnson","2801","September","2023","NE"
"5596","Kearney","4506","September","2023","NE"
"5597","Keith","5592","September","2023","NE"
"5598","Keya Paha","624","September","2023","NE"
"5599","Kimball","2591","September","2023","NE"
"5600","Knox","5459","September","2023","NE"
"5601","Lancaster","200208","September","2023","NE"
"5602","Lincoln","23383","September","2023","NE"
"5603","Logan","538","September","2023","NE"
"5604","Loup","521","September","2023","NE"
"5605","Madison","21891","September","2023","NE"
"5606","Mcpherson","342","September","2023","NE"
"5607","Merrick","5126","September","2023","NE"
"5608","Morrill","2940","September","2023","NE"
"5609","Nance","2338","September","2023","NE"
"5610","Nemaha","4407","September","2023","NE"
"5611","Nuckolls","3093","September","2023","NE"
"5612","Otoe","10701","September","2023","NE"
"5613","Pawnee","1757","September","2023","NE"
"5614","Perkins","1855","September","2023","NE"
"5615","Phelps","6127","September","2023","NE"
"5616","Pierce","4925","September","2023","NE"
"5617","Platte","20379","September","2023","NE"
"5618","Polk","3570","September","2023","NE"
"5619","Red Willow","6998","September","2023","NE"
"5620","Richardson","5156","September","2023","NE"
"5621","Rock","1040","September","2023","NE"
"5622","Saline","7822","September","2023","NE"
"5623","Sarpy","123356","September","2023","NE"
"5624","Saunders","16161","September","2023","NE"
"5625","Scotts Bluff","22691","September","2023","NE"
"5626","Seward","11312","September","2023","NE"
"5627","Sheridan","3337","September","2023","NE"
"5628","Sherman","2061","September","2023","NE"
"5629","Sioux","869","September","2023","NE"
"5630","Stanton","3728","September","2023","NE"
"5631","Thayer","3502","September","2023","NE"
"5632","Thomas","484","September","2023","NE"
"5633","Thurston","3774","September","2023","NE"
"5634","Valley","2974","September","2023","NE"
"5635","Washington","15072","September","2023","NE"
"5636","Wayne","5190","September","2023","NE"
"5637","Webster","2257","September","2023","NE"
"5638","Wheeler","582","September","2023","NE"
"5639","York","9258","September","2023","NE"
"5640","Grand Total","1226164","September","2023","NE"
"5641","Adams","19023","April","2024","NE"
"5642","Antelope","4334","April","2024","NE"
"5643","Arthur","327","April","2024","NE"
"5644","Banner","529","April","2024","NE"
"5645","Blaine","357","April","2024","NE"
"5646","Boone","3611","April","2024","NE"
"5647","Box Butte","6813","April","2024","NE"
"5648","Boyd","1277","April","2024","NE"
"5649","Brown","2031","April","2024","NE"
"5650","Buffalo","30734","April","2024","NE"
"5651","Burt","4814","April","2024","NE"
"5652","Butler","5615","April","2024","NE"
"5653","Cass","19061","April","2024","NE"
"5654","Cedar","5670","April","2024","NE"
"5655","Chase","2370","April","2024","NE"
"5656","Cherry","3686","April","2024","NE"
"5657","Cheyenne","6247","April","2024","NE"
"5658","Clay","4100","April","2024","NE"
"5659","Colfax","5010","April","2024","NE"
"5660","Cuming","5734","April","2024","NE"
"5661","Custer","7750","April","2024","NE"
"5662","Dakota","10285","April","2024","NE"
"5663","Dawes","4985","April","2024","NE"
"5664","Dawson","12908","April","2024","NE"
"5665","Deuel","1390","April","2024","NE"
"5666","Dixon","3603","April","2024","NE"
"5667","Dodge","22036","April","2024","NE"
"5668","Douglas","355604","April","2024","NE"
"5669","Dundy","1220","April","2024","NE"
"5670","Fillmore","3904","April","2024","NE"
"5671","Franklin","2072","April","2024","NE"
"5672","Frontier","1817","April","2024","NE"
"5673","Furnas","3326","April","2024","NE"
"5674","Gage","14291","April","2024","NE"
"5675","Garden","1335","April","2024","NE"
"5676","Garfield","1275","April","2024","NE"
"5677","Gosper","1406","April","2024","NE"
"5678","Grant","441","April","2024","NE"
"5679","Greeley","1579","April","2024","NE"
"5680","Hall","32839","April","2024","NE"
"5681","Hamilton","6812","April","2024","NE"
"5682","Harlan","2360","April","2024","NE"
"5683","Hayes","630","April","2024","NE"
"5684","Hitchcock","1876","April","2024","NE"
"5685","Holt","6936","April","2024","NE"
"5686","Hooker","530","April","2024","NE"
"5687","Howard","4570","April","2024","NE"
"5688","Jefferson","4745","April","2024","NE"
"5689","Johnson","2804","April","2024","NE"
"5690","Kearney","4517","April","2024","NE"
"5691","Keith","5608","April","2024","NE"
"5692","Keya Paha","619","April","2024","NE"
"5693","Kimball","2578","April","2024","NE"
"5694","Knox","5440","April","2024","NE"
"5695","Lancaster","201458","April","2024","NE"
"5696","Lincoln","23277","April","2024","NE"
"5697","Logan","541","April","2024","NE"
"5698","Loup","516","April","2024","NE"
"5699","Madison","21908","April","2024","NE"
"5700","Mcpherson","339","April","2024","NE"
"5701","Merrick","5149","April","2024","NE"
"5702","Morrill","2936","April","2024","NE"
"5703","Nance","2337","April","2024","NE"
"5704","Nemaha","4392","April","2024","NE"
"5705","Nuckolls","3084","April","2024","NE"
"5706","Otoe","10688","April","2024","NE"
"5707","Pawnee","1749","April","2024","NE"
"5708","Perkins","1849","April","2024","NE"
"5709","Phelps","6152","April","2024","NE"
"5710","Pierce","4905","April","2024","NE"
"5711","Platte","20360","April","2024","NE"
"5712","Polk","3579","April","2024","NE"
"5713","Red Willow","6995","April","2024","NE"
"5714","Richardson","5133","April","2024","NE"
"5715","Rock","1062","April","2024","NE"
"5716","Saline","7790","April","2024","NE"
"5717","Sarpy","124792","April","2024","NE"
"5718","Saunders","16240","April","2024","NE"
"5719","Scotts Bluff","22622","April","2024","NE"
"5720","Seward","11305","April","2024","NE"
"5721","Sheridan","3322","April","2024","NE"
"5722","Sherman","2075","April","2024","NE"
"5723","Sioux","854","April","2024","NE"
"5724","Stanton","3695","April","2024","NE"
"5725","Thayer","3503","April","2024","NE"
"5726","Thomas","485","April","2024","NE"
"5727","Thurston","3745","April","2024","NE"
"5728","Valley","2953","April","2024","NE"
"5729","Washington","15116","April","2024","NE"
"5730","Wayne","5144","April","2024","NE"
"5731","Webster","2273","April","2024","NE"
"5732","Wheeler","585","April","2024","NE"
"5733","York","9221","April","2024","NE"
"5734","Grand Total","1229563","April","2024","NE"
"5735","Adams","19144","August","2024","NE"
"5736","Antelope","4349","August","2024","NE"
"5737","Arthur","330","August","2024","NE"
"5738","Banner","524","August","2024","NE"
"5739","Blaine","361","August","2024","NE"
"5740","Boone","3642","August","2024","NE"
"5741","Box Butte","6836","August","2024","NE"
"5742","Boyd","1270","August","2024","NE"
"5743","Brown","2047","August","2024","NE"
"5744","Buffalo","30911","August","2024","NE"
"5745","Burt","4841","August","2024","NE"
"5746","Butler","5645","August","2024","NE"
"5747","Cass","19274","August","2024","NE"
"5748","Cedar","5689","August","2024","NE"
"5749","Chase","2383","August","2024","NE"
"5750","Cherry","3669","August","2024","NE"
"5751","Cheyenne","6284","August","2024","NE"
"5752","Clay","4123","August","2024","NE"
"5753","Colfax","5024","August","2024","NE"
"5754","Cuming","5760","August","2024","NE"
"5755","Custer","7757","August","2024","NE"
"5756","Dakota","10310","August","2024","NE"
"5757","Dawes","4989","August","2024","NE"
"5758","Dawson","12948","August","2024","NE"
"5759","Deuel","1392","August","2024","NE"
"5760","Dixon","3584","August","2024","NE"
"5761","Dodge","22155","August","2024","NE"
"5762","Douglas","358766","August","2024","NE"
"5763","Dundy","1217","August","2024","NE"
"5764","Fillmore","3963","August","2024","NE"
"5765","Franklin","2068","August","2024","NE"
"5766","Frontier","1824","August","2024","NE"
"5767","Furnas","3343","August","2024","NE"
"5768","Gage","14445","August","2024","NE"
"5769","Garden","1322","August","2024","NE"
"5770","Garfield","1288","August","2024","NE"
"5771","Gosper","1402","August","2024","NE"
"5772","Grant","435","August","2024","NE"
"5773","Greeley","1579","August","2024","NE"
"5774","Hall","32992","August","2024","NE"
"5775","Hamilton","6848","August","2024","NE"
"5776","Harlan","2347","August","2024","NE"
"5777","Hayes","631","August","2024","NE"
"5778","Hitchcock","1859","August","2024","NE"
"5779","Holt","6996","August","2024","NE"
"5780","Hooker","536","August","2024","NE"
"5781","Howard","4585","August","2024","NE"
"5782","Jefferson","4737","August","2024","NE"
"5783","Johnson","2809","August","2024","NE"
"5784","Kearney","4543","August","2024","NE"
"5785","Keith","5652","August","2024","NE"
"5786","Keya Paha","622","August","2024","NE"
"5787","Kimball","2588","August","2024","NE"
"5788","Knox","5477","August","2024","NE"
"5789","Lancaster","202601","August","2024","NE"
"5790","Lincoln","23367","August","2024","NE"
"5791","Logan","545","August","2024","NE"
"5792","Loup","518","August","2024","NE"
"5793","Madison","21974","August","2024","NE"
"5794","Mcpherson","335","August","2024","NE"
"5795","Merrick","5182","August","2024","NE"
"5796","Morrill","2937","August","2024","NE"
"5797","Nance","2359","August","2024","NE"
"5798","Nemaha","4403","August","2024","NE"
"5799","Nuckolls","3091","August","2024","NE"
"5800","Otoe","10718","August","2024","NE"
"5801","Pawnee","1767","August","2024","NE"
"5802","Perkins","1841","August","2024","NE"
"5803","Phelps","6157","August","2024","NE"
"5804","Pierce","4911","August","2024","NE"
"5805","Platte","20512","August","2024","NE"
"5806","Polk","3592","August","2024","NE"
"5807","Red Willow","6992","August","2024","NE"
"5808","Richardson","5127","August","2024","NE"
"5809","Rock","1069","August","2024","NE"
"5810","Saline","7839","August","2024","NE"
"5811","Sarpy","126053","August","2024","NE"
"5812","Saunders","16365","August","2024","NE"
"5813","Scotts Bluff","22730","August","2024","NE"
"5814","Seward","11405","August","2024","NE"
"5815","Sheridan","3332","August","2024","NE"
"5816","Sherman","2073","August","2024","NE"
"5817","Sioux","845","August","2024","NE"
"5818","Stanton","3693","August","2024","NE"
"5819","Thayer","3521","August","2024","NE"
"5820","Thomas","498","August","2024","NE"
"5821","Thurston","3767","August","2024","NE"
"5822","Valley","2963","August","2024","NE"
"5823","Washington","15249","August","2024","NE"
"5824","Wayne","5159","August","2024","NE"
"5825","Webster","2276","August","2024","NE"
"5826","Wheeler","581","August","2024","NE"
"5827","York","9278","August","2024","NE"
"5828","Grand Total","1237740","August","2024","NE"
"5829","Adams","19030","February","2024","NE"
"5830","Antelope","4340","February","2024","NE"
"5831","Arthur","331","February","2024","NE"
"5832","Banner","530","February","2024","NE"
"5833","Blaine","358","February","2024","NE"
"5834","Boone","3623","February","2024","NE"
"5835","Box Butte","6835","February","2024","NE"
"5836","Boyd","1276","February","2024","NE"
"5837","Brown","2032","February","2024","NE"
"5838","Buffalo","30679","February","2024","NE"
"5839","Burt","4816","February","2024","NE"
"5840","Butler","5598","February","2024","NE"
"5841","Cass","19047","February","2024","NE"
"5842","Cedar","5663","February","2024","NE"
"5843","Chase","2373","February","2024","NE"
"5844","Cherry","3682","February","2024","NE"
"5845","Cheyenne","6235","February","2024","NE"
"5846","Clay","4081","February","2024","NE"
"5847","Colfax","5030","February","2024","NE"
"5848","Cuming","5703","February","2024","NE"
"5849","Custer","7763","February","2024","NE"
"5850","Dakota","10306","February","2024","NE"
"5851","Dawes","4975","February","2024","NE"
"5852","Dawson","12921","February","2024","NE"
"5853","Deuel","1391","February","2024","NE"
"5854","Dixon","3610","February","2024","NE"
"5855","Dodge","22003","February","2024","NE"
"5856","Douglas","355300","February","2024","NE"
"5857","Dundy","1213","February","2024","NE"
"5858","Fillmore","3915","February","2024","NE"
"5859","Franklin","2058","February","2024","NE"
"5860","Frontier","1809","February","2024","NE"
"5861","Furnas","3341","February","2024","NE"
"5862","Gage","14254","February","2024","NE"
"5863","Garden","1339","February","2024","NE"
"5864","Garfield","1271","February","2024","NE"
"5865","Gosper","1401","February","2024","NE"
"5866","Grant","446","February","2024","NE"
"5867","Greeley","1571","February","2024","NE"
"5868","Hall","32893","February","2024","NE"
"5869","Hamilton","6775","February","2024","NE"
"5870","Harlan","2357","February","2024","NE"
"5871","Hayes","633","February","2024","NE"
"5872","Hitchcock","1880","February","2024","NE"
"5873","Holt","6946","February","2024","NE"
"5874","Hooker","532","February","2024","NE"
"5875","Howard","4569","February","2024","NE"
"5876","Jefferson","4734","February","2024","NE"
"5877","Johnson","2812","February","2024","NE"
"5878","Kearney","4514","February","2024","NE"
"5879","Keith","5610","February","2024","NE"
"5880","Keya Paha","613","February","2024","NE"
"5881","Kimball","2576","February","2024","NE"
"5882","Knox","5440","February","2024","NE"
"5883","Lancaster","200576","February","2024","NE"
"5884","Lincoln","23287","February","2024","NE"
"5885","Logan","538","February","2024","NE"
"5886","Loup","513","February","2024","NE"
"5887","Madison","21885","February","2024","NE"
"5888","Mcpherson","341","February","2024","NE"
"5889","Merrick","5137","February","2024","NE"
"5890","Morrill","2944","February","2024","NE"
"5891","Nance","2332","February","2024","NE"
"5892","Nemaha","4393","February","2024","NE"
"5893","Nuckolls","3090","February","2024","NE"
"5894","Otoe","10690","February","2024","NE"
"5895","Pawnee","1759","February","2024","NE"
"5896","Perkins","1864","February","2024","NE"
"5897","Phelps","6119","February","2024","NE"
"5898","Pierce","4910","February","2024","NE"
"5899","Platte","20346","February","2024","NE"
"5900","Polk","3572","February","2024","NE"
"5901","Red Willow","6998","February","2024","NE"
"5902","Richardson","5124","February","2024","NE"
"5903","Rock","1054","February","2024","NE"
"5904","Saline","7802","February","2024","NE"
"5905","Sarpy","124133","February","2024","NE"
"5906","Saunders","16233","February","2024","NE"
"5907","Scotts Bluff","22656","February","2024","NE"
"5908","Seward","11316","February","2024","NE"
"5909","Sheridan","3330","February","2024","NE"
"5910","Sherman","2065","February","2024","NE"
"5911","Sioux","860","February","2024","NE"
"5912","Stanton","3709","February","2024","NE"
"5913","Thayer","3488","February","2024","NE"
"5914","Thomas","486","February","2024","NE"
"5915","Thurston","3749","February","2024","NE"
"5916","Valley","2970","February","2024","NE"
"5917","Washington","15108","February","2024","NE"
"5918","Wayne","5165","February","2024","NE"
"5919","Webster","2258","February","2024","NE"
"5920","Wheeler","579","February","2024","NE"
"5921","York","9246","February","2024","NE"
"5922","Grand Total","1227658","February","2024","NE"
"5923","Adams","19016","January","2024","NE"
"5924","Antelope","4347","January","2024","NE"
"5925","Arthur","331","January","2024","NE"
"5926","Banner","526","January","2024","NE"
"5927","Blaine","359","January","2024","NE"
"5928","Boone","3625","January","2024","NE"
"5929","Box Butte","6831","January","2024","NE"
"5930","Boyd","1276","January","2024","NE"
"5931","Brown","2029","January","2024","NE"
"5932","Buffalo","30653","January","2024","NE"
"5933","Burt","4823","January","2024","NE"
"5934","Butler","5600","January","2024","NE"
"5935","Cass","19024","January","2024","NE"
"5936","Cedar","5652","January","2024","NE"
"5937","Chase","2377","January","2024","NE"
"5938","Cherry","3680","January","2024","NE"
"5939","Cheyenne","6234","January","2024","NE"
"5940","Clay","4094","January","2024","NE"
"5941","Colfax","5022","January","2024","NE"
"5942","Cuming","5698","January","2024","NE"
"5943","Custer","7765","January","2024","NE"
"5944","Dakota","10324","January","2024","NE"
"5945","Dawes","4975","January","2024","NE"
"5946","Dawson","12926","January","2024","NE"
"5947","Deuel","1389","January","2024","NE"
"5948","Dixon","3617","January","2024","NE"
"5949","Dodge","22006","January","2024","NE"
"5950","Douglas","354586","January","2024","NE"
"5951","Dundy","1204","January","2024","NE"
"5952","Fillmore","3921","January","2024","NE"
"5953","Franklin","2052","January","2024","NE"
"5954","Frontier","1807","January","2024","NE"
"5955","Furnas","3346","January","2024","NE"
"5956","Gage","14243","January","2024","NE"
"5957","Garden","1335","January","2024","NE"
"5958","Garfield","1265","January","2024","NE"
"5959","Gosper","1405","January","2024","NE"
"5960","Grant","447","January","2024","NE"
"5961","Greeley","1560","January","2024","NE"
"5962","Hall","32916","January","2024","NE"
"5963","Hamilton","6764","January","2024","NE"
"5964","Harlan","2361","January","2024","NE"
"5965","Hayes","634","January","2024","NE"
"5966","Hitchcock","1880","January","2024","NE"
"5967","Holt","6949","January","2024","NE"
"5968","Hooker","528","January","2024","NE"
"5969","Howard","4572","January","2024","NE"
"5970","Jefferson","4741","January","2024","NE"
"5971","Johnson","2812","January","2024","NE"
"5972","Kearney","4510","January","2024","NE"
"5973","Keith","5607","January","2024","NE"
"5974","Keya Paha","614","January","2024","NE"
"5975","Kimball","2586","January","2024","NE"
"5976","Knox","5445","January","2024","NE"
"5977","Lancaster","200436","January","2024","NE"
"5978","Lincoln","23328","January","2024","NE"
"5979","Logan","538","January","2024","NE"
"5980","Loup","515","January","2024","NE"
"5981","Madison","21886","January","2024","NE"
"5982","Mcpherson","342","January","2024","NE"
"5983","Merrick","5113","January","2024","NE"
"5984","Morrill","2940","January","2024","NE"
"5985","Nance","2331","January","2024","NE"
"5986","Nemaha","4392","January","2024","NE"
"5987","Nuckolls","3092","January","2024","NE"
"5988","Otoe","10694","January","2024","NE"
"5989","Pawnee","1761","January","2024","NE"
"5990","Perkins","1856","January","2024","NE"
"5991","Phelps","6104","January","2024","NE"
"5992","Pierce","4917","January","2024","NE"
"5993","Platte","20350","January","2024","NE"
"5994","Polk","3572","January","2024","NE"
"5995","Red Willow","6987","January","2024","NE"
"5996","Richardson","5133","January","2024","NE"
"5997","Rock","1046","January","2024","NE"
"5998","Saline","7798","January","2024","NE"
"5999","Sarpy","123860","January","2024","NE"
"6000","Saunders","16189","January","2024","NE"
"6001","Scotts Bluff","22643","January","2024","NE"
"6002","Seward","11306","January","2024","NE"
"6003","Sheridan","3336","January","2024","NE"
"6004","Sherman","2061","January","2024","NE"
"6005","Sioux","865","January","2024","NE"
"6006","Stanton","3714","January","2024","NE"
"6007","Thayer","3489","January","2024","NE"
"6008","Thomas","487","January","2024","NE"
"6009","Thurston","3747","January","2024","NE"
"6010","Valley","2972","January","2024","NE"
"6011","Washington","15096","January","2024","NE"
"6012","Wayne","5169","January","2024","NE"
"6013","Webster","2253","January","2024","NE"
"6014","Wheeler","580","January","2024","NE"
"6015","York","9238","January","2024","NE"
"6016","Grand Tota","1226425","January","2024","NE"
"6017","Adams","19111","July","2024","NE"
"6018","Antelope","4345","July","2024","NE"
"6019","Arthur","331","July","2024","NE"
"6020","Banner","527","July","2024","NE"
"6021","Blaine","361","July","2024","NE"
"6022","Boone","3637","July","2024","NE"
"6023","Box Butte","6828","July","2024","NE"
"6024","Boyd","1278","July","2024","NE"
"6025","Brown","2044","July","2024","NE"
"6026","Buffalo","30852","July","2024","NE"
"6027","Burt","4828","July","2024","NE"
"6028","Butler","5635","July","2024","NE"
"6029","Cass","19253","July","2024","NE"
"6030","Cedar","5680","July","2024","NE"
"6031","Chase","2387","July","2024","NE"
"6032","Cherry","3666","July","2024","NE"
"6033","Cheyenne","6283","July","2024","NE"
"6034","Clay","4116","July","2024","NE"
"6035","Colfax","5014","July","2024","NE"
"6036","Cuming","5751","July","2024","NE"
"6037","Custer","7747","July","2024","NE"
"6038","Dakota","10275","July","2024","NE"
"6039","Dawes","4983","July","2024","NE"
"6040","Dawson","12950","July","2024","NE"
"6041","Deuel","1387","July","2024","NE"
"6042","Dixon","3591","July","2024","NE"
"6043","Dodge","22106","July","2024","NE"
"6044","Douglas","357886","July","2024","NE"
"6045","Dundy","1217","July","2024","NE"
"6046","Fillmore","3939","July","2024","NE"
"6047","Franklin","2068","July","2024","NE"
"6048","Frontier","1830","July","2024","NE"
"6049","Furnas","3343","July","2024","NE"
"6050","Gage","14393","July","2024","NE"
"6051","Garden","1313","July","2024","NE"
"6052","Garfield","1287","July","2024","NE"
"6053","Gosper","1401","July","2024","NE"
"6054","Grant","433","July","2024","NE"
"6055","Greeley","1578","July","2024","NE"
"6056","Hall","32936","July","2024","NE"
"6057","Hamilton","6841","July","2024","NE"
"6058","Harlan","2341","July","2024","NE"
"6059","Hayes","631","July","2024","NE"
"6060","Hitchcock","1866","July","2024","NE"
"6061","Holt","6936","July","2024","NE"
"6062","Hooker","538","July","2024","NE"
"6063","Howard","4584","July","2024","NE"
"6064","Jefferson","4742","July","2024","NE"
"6065","Johnson","2796","July","2024","NE"
"6066","Kearney","4547","July","2024","NE"
"6067","Keith","5637","July","2024","NE"
"6068","Keya Paha","622","July","2024","NE"
"6069","Kimball","2581","July","2024","NE"
"6070","Knox","5465","July","2024","NE"
"6071","Lancaster","201698","July","2024","NE"
"6072","Lincoln","23286","July","2024","NE"
"6073","Logan","545","July","2024","NE"
"6074","Loup","515","July","2024","NE"
"6075","Madison","21957","July","2024","NE"
"6076","Mcpherson","336","July","2024","NE"
"6077","Merrick","5185","July","2024","NE"
"6078","Morrill","2924","July","2024","NE"
"6079","Nance","2350","July","2024","NE"
"6080","Nemaha","4394","July","2024","NE"
"6081","Nuckolls","3101","July","2024","NE"
"6082","Otoe","10727","July","2024","NE"
"6083","Pawnee","1762","July","2024","NE"
"6084","Perkins","1835","July","2024","NE"
"6085","Phelps","6173","July","2024","NE"
"6086","Pierce","4921","July","2024","NE"
"6087","Platte","20484","July","2024","NE"
"6088","Polk","3579","July","2024","NE"
"6089","Red Willow","6992","July","2024","NE"
"6090","Richardson","5144","July","2024","NE"
"6091","Rock","1064","July","2024","NE"
"6092","Saline","7844","July","2024","NE"
"6093","Sarpy","125548","July","2024","NE"
"6094","Saunders","16327","July","2024","NE"
"6095","Scotts Bluff","22668","July","2024","NE"
"6096","Seward","11366","July","2024","NE"
"6097","Sheridan","3328","July","2024","NE"
"6098","Sherman","2071","July","2024","NE"
"6099","Sioux","848","July","2024","NE"
"6100","Stanton","3701","July","2024","NE"
"6101","Thayer","3521","July","2024","NE"
"6102","Thomas","496","July","2024","NE"
"6103","Thurston","3773","July","2024","NE"
"6104","Valley","2966","July","2024","NE"
"6105","Washington","15227","July","2024","NE"
"6106","Wayne","5159","July","2024","NE"
"6107","Webster","2271","July","2024","NE"
"6108","Wheeler","581","July","2024","NE"
"6109","York","9268","July","2024","NE"
"6110","Grand Total","1234652","July","2024","NE"
"6111","Adams","19025","March","2024","NE"
"6112","Antelope","4334","March","2024","NE"
"6113","Arthur","331","March","2024","NE"
"6114","Banner","527","March","2024","NE"
"6115","Blaine","354","March","2024","NE"
"6116","Boone","3614","March","2024","NE"
"6117","Box Butte","6822","March","2024","NE"
"6118","Boyd","1271","March","2024","NE"
"6119","Brown","2032","March","2024","NE"
"6120","Buffalo","30717","March","2024","NE"
"6121","Burt","4818","March","2024","NE"
"6122","Butler","5611","March","2024","NE"
"6123","Cass","19050","March","2024","NE"
"6124","Cedar","5657","March","2024","NE"
"6125","Chase","2370","March","2024","NE"
"6126","Cherry","3678","March","2024","NE"
"6127","Cheyenne","6242","March","2024","NE"
"6128","Clay","4093","March","2024","NE"
"6129","Colfax","5012","March","2024","NE"
"6130","Cuming","5719","March","2024","NE"
"6131","Custer","7754","March","2024","NE"
"6132","Dakota","10278","March","2024","NE"
"6133","Dawes","4976","March","2024","NE"
"6134","Dawson","12900","March","2024","NE"
"6135","Deuel","1394","March","2024","NE"
"6136","Dixon","3607","March","2024","NE"
"6137","Dodge","21995","March","2024","NE"
"6138","Douglas","355458","March","2024","NE"
"6139","Dundy","1216","March","2024","NE"
"6140","Fillmore","3908","March","2024","NE"
"6141","Franklin","2061","March","2024","NE"
"6142","Frontier","1815","March","2024","NE"
"6143","Furnas","3336","March","2024","NE"
"6144","Gage","14255","March","2024","NE"
"6145","Garden","1336","March","2024","NE"
"6146","Garfield","1274","March","2024","NE"
"6147","Gosper","1396","March","2024","NE"
"6148","Grant","443","March","2024","NE"
"6149","Greeley","1581","March","2024","NE"
"6150","Hall","32846","March","2024","NE"
"6151","Hamilton","6795","March","2024","NE"
"6152","Harlan","2366","March","2024","NE"
"6153","Hayes","628","March","2024","NE"
"6154","Hitchcock","1879","March","2024","NE"
"6155","Holt","6928","March","2024","NE"
"6156","Hooker","533","March","2024","NE"
"6157","Howard","4563","March","2024","NE"
"6158","Jefferson","4740","March","2024","NE"
"6159","Johnson","2801","March","2024","NE"
"6160","Kearney","4513","March","2024","NE"
"6161","Keith","5605","March","2024","NE"
"6162","Keya Paha","615","March","2024","NE"
"6163","Kimball","2562","March","2024","NE"
"6164","Knox","5441","March","2024","NE"
"6165","Lancaster","200485","March","2024","NE"
"6166","Lincoln","23251","March","2024","NE"
"6167","Logan","544","March","2024","NE"
"6168","Loup","511","March","2024","NE"
"6169","Madison","21890","March","2024","NE"
"6170","Mcpherson","339","March","2024","NE"
"6171","Merrick","5141","March","2024","NE"
"6172","Morrill","2940","March","2024","NE"
"6173","Nance","2341","March","2024","NE"
"6174","Nemaha","4394","March","2024","NE"
"6175","Nuckolls","3090","March","2024","NE"
"6176","Otoe","10685","March","2024","NE"
"6177","Pawnee","1757","March","2024","NE"
"6178","Perkins","1859","March","2024","NE"
"6179","Phelps","6126","March","2024","NE"
"6180","Pierce","4899","March","2024","NE"
"6181","Platte","20332","March","2024","NE"
"6182","Polk","3578","March","2024","NE"
"6183","Red Willow","6989","March","2024","NE"
"6184","Richardson","5126","March","2024","NE"
"6185","Rock","1062","March","2024","NE"
"6186","Saline","7794","March","2024","NE"
"6187","Sarpy","124350","March","2024","NE"
"6188","Saunders","16224","March","2024","NE"
"6189","Scotts Bluff","22630","March","2024","NE"
"6190","Seward","11297","March","2024","NE"
"6191","Sheridan","3317","March","2024","NE"
"6192","Sherman","2069","March","2024","NE"
"6193","Sioux","860","March","2024","NE"
"6194","Stanton","3692","March","2024","NE"
"6195","Thayer","3495","March","2024","NE"
"6196","Thomas","486","March","2024","NE"
"6197","Thurston","3752","March","2024","NE"
"6198","Valley","2959","March","2024","NE"
"6199","Washington","15105","March","2024","NE"
"6200","Wayne","5150","March","2024","NE"
"6201","Webster","2261","March","2024","NE"
"6202","Wheeler","577","March","2024","NE"
"6203","York","9220","March","2024","NE"
"6204","Grand Total","1227652","March","2024","NE"
"6205","Adams","19075","May","2024","NE"
"6206","Antelope","4321","May","2024","NE"
"6207","Arthur","329","May","2024","NE"
"6208","Banner","530","May","2024","NE"
"6209","Blaine","354","May","2024","NE"
"6210","Boone","3639","May","2024","NE"
"6211","Box Butte","6815","May","2024","NE"
"6212","Boyd","1273","May","2024","NE"
"6213","Brown","2033","May","2024","NE"
"6214","Buffalo","30772","May","2024","NE"
"6215","Burt","4819","May","2024","NE"
"6216","Butler","5624","May","2024","NE"
"6217","Cass","19145","May","2024","NE"
"6218","Cedar","5683","May","2024","NE"
"6219","Chase","2375","May","2024","NE"
"6220","Cherry","3679","May","2024","NE"
"6221","Cheyenne","6273","May","2024","NE"
"6222","Clay","4118","May","2024","NE"
"6223","Colfax","5021","May","2024","NE"
"6224","Cuming","5748","May","2024","NE"
"6225","Custer","7761","May","2024","NE"
"6226","Dakota","10285","May","2024","NE"
"6227","Dawes","5000","May","2024","NE"
"6228","Dawson","12905","May","2024","NE"
"6229","Deuel","1379","May","2024","NE"
"6230","Dixon","3602","May","2024","NE"
"6231","Dodge","22084","May","2024","NE"
"6232","Douglas","356982","May","2024","NE"
"6233","Dundy","1217","May","2024","NE"
"6234","Fillmore","3934","May","2024","NE"
"6235","Franklin","2076","May","2024","NE"
"6236","Frontier","1819","May","2024","NE"
"6237","Furnas","3333","May","2024","NE"
"6238","Gage","14346","May","2024","NE"
"6239","Garden","1330","May","2024","NE"
"6240","Garfield","1282","May","2024","NE"
"6241","Gosper","1409","May","2024","NE"
"6242","Grant","445","May","2024","NE"
"6243","Greeley","1578","May","2024","NE"
"6244","Hall","32873","May","2024","NE"
"6245","Hamilton","6830","May","2024","NE"
"6246","Harlan","2345","May","2024","NE"
"6247","Hayes","634","May","2024","NE"
"6248","Hitchcock","1880","May","2024","NE"
"6249","Holt","6951","May","2024","NE"
"6250","Hooker","532","May","2024","NE"
"6251","Howard","4573","May","2024","NE"
"6252","Jefferson","4746","May","2024","NE"
"6253","Johnson","2805","May","2024","NE"
"6254","Kearney","4533","May","2024","NE"
"6255","Keith","5627","May","2024","NE"
"6256","Keya Paha","623","May","2024","NE"
"6257","Kimball","2584","May","2024","NE"
"6258","Knox","5447","May","2024","NE"
"6259","Lancaster","201867","May","2024","NE"
"6260","Lincoln","23296","May","2024","NE"
"6261","Logan","541","May","2024","NE"
"6262","Loup","512","May","2024","NE"
"6263","Madison","21917","May","2024","NE"
"6264","Mcpherson","338","May","2024","NE"
"6265","Merrick","5162","May","2024","NE"
"6266","Morrill","2910","May","2024","NE"
"6267","Nance","2348","May","2024","NE"
"6268","Nemaha","4388","May","2024","NE"
"6269","Nuckolls","3099","May","2024","NE"
"6270","Otoe","10701","May","2024","NE"
"6271","Pawnee","1754","May","2024","NE"
"6272","Perkins","1847","May","2024","NE"
"6273","Phelps","6151","May","2024","NE"
"6274","Pierce","4921","May","2024","NE"
"6275","Platte","20410","May","2024","NE"
"6276","Polk","3577","May","2024","NE"
"6277","Red Willow","7005","May","2024","NE"
"6278","Richardson","5134","May","2024","NE"
"6279","Rock","1063","May","2024","NE"
"6280","Saline","7795","May","2024","NE"
"6281","Sarpy","124940","May","2024","NE"
"6282","Saunders","16305","May","2024","NE"
"6283","Scotts Bluff","22621","May","2024","NE"
"6284","Seward","11325","May","2024","NE"
"6285","Sheridan","3330","May","2024","NE"
"6286","Sherman","2070","May","2024","NE"
"6287","Sioux","853","May","2024","NE"
"6288","Stanton","3703","May","2024","NE"
"6289","Thayer","3520","May","2024","NE"
"6290","Thomas","489","May","2024","NE"
"6291","Thurston","3759","May","2024","NE"
"6292","Valley","2962","May","2024","NE"
"6293","Washington","15181","May","2024","NE"
"6294","Wayne","5153","May","2024","NE"
"6295","Webster","2272","May","2024","NE"
"6296","Wheeler","581","May","2024","NE"
"6297","York","9235","May","2024","NE"
"6298","Grand Total","1232411","May","2024","NE"
"6299","Adams","19416","November","2024","NE"
"6300","Antelope","4402","November","2024","NE"
"6301","Arthur","341","November","2024","NE"
"6302","Banner","521","November","2024","NE"
"6303","Blaine","354","November","2024","NE"
"6304","Boone","3660","November","2024","NE"
"6305","Box Butte","6915","November","2024","NE"
"6306","Boyd","1289","November","2024","NE"
"6307","Brown","2066","November","2024","NE"
"6308","Buffalo","31434","November","2024","NE"
"6309","Burt","4885","November","2024","NE"
"6310","Butler","5741","November","2024","NE"
"6311","Cass","19678","November","2024","NE"
"6312","Cedar","5785","November","2024","NE"
"6313","Chase","2409","November","2024","NE"
"6314","Cherry","3696","November","2024","NE"
"6315","Cheyenne","6352","November","2024","NE"
"6316","Clay","4178","November","2024","NE"
"6317","Colfax","5107","November","2024","NE"
"6318","Cuming","5844","November","2024","NE"
"6319","Custer","7814","November","2024","NE"
"6320","Dakota","10550","November","2024","NE"
"6321","Dawes","5076","November","2024","NE"
"6322","Dawson","13112","November","2024","NE"
"6323","Deuel","1412","November","2024","NE"
"6324","Dixon","3622","November","2024","NE"
"6325","Dodge","22577","November","2024","NE"
"6326","Douglas","368873","November","2024","NE"
"6327","Dundy","1228","November","2024","NE"
"6328","Fillmore","3983","November","2024","NE"
"6329","Franklin","2109","November","2024","NE"
"6330","Frontier","1856","November","2024","NE"
"6331","Furnas","3344","November","2024","NE"
"6332","Gage","14657","November","2024","NE"
"6333","Garden","1343","November","2024","NE"
"6334","Garfield","1304","November","2024","NE"
"6335","Gosper","1431","November","2024","NE"
"6336","Grant","448","November","2024","NE"
"6337","Greeley","1576","November","2024","NE"
"6338","Hall","33451","November","2024","NE"
"6339","Hamilton","6963","November","2024","NE"
"6340","Harlan","2360","November","2024","NE"
"6341","Hayes","629","November","2024","NE"
"6342","Hitchcock","1875","November","2024","NE"
"6343","Holt","7063","November","2024","NE"
"6344","Hooker","532","November","2024","NE"
"6345","Howard","4668","November","2024","NE"
"6346","Jefferson","4811","November","2024","NE"
"6347","Johnson","2849","November","2024","NE"
"6348","Kearney","4611","November","2024","NE"
"6349","Keith","5742","November","2024","NE"
"6350","Keya Paha","632","November","2024","NE"
"6351","Kimball","2608","November","2024","NE"
"6352","Knox","5527","November","2024","NE"
"6353","Lancaster","206568","November","2024","NE"
"6354","Lincoln","23678","November","2024","NE"
"6355","Logan","554","November","2024","NE"
"6356","Loup","519","November","2024","NE"
"6357","Madison","22362","November","2024","NE"
"6358","Mcpherson","344","November","2024","NE"
"6359","Merrick","5302","November","2024","NE"
"6360","Morrill","2972","November","2024","NE"
"6361","Nance","2407","November","2024","NE"
"6362","Nemaha","4465","November","2024","NE"
"6363","Nuckolls","3119","November","2024","NE"
"6364","Otoe","10851","November","2024","NE"
"6365","Pawnee","1798","November","2024","NE"
"6366","Perkins","1844","November","2024","NE"
"6367","Phelps","6244","November","2024","NE"
"6368","Pierce","4944","November","2024","NE"
"6369","Platte","20823","November","2024","NE"
"6370","Polk","3643","November","2024","NE"
"6371","Red Willow","7079","November","2024","NE"
"6372","Richardson","5236","November","2024","NE"
"6373","Rock","1073","November","2024","NE"
"6374","Saline","7952","November","2024","NE"
"6375","Sarpy","130103","November","2024","NE"
"6376","Saunders","16705","November","2024","NE"
"6377","Scotts Bluff","23080","November","2024","NE"
"6378","Seward","11599","November","2024","NE"
"6379","Sheridan","3383","November","2024","NE"
"6380","Sherman","2097","November","2024","NE"
"6381","Sioux","844","November","2024","NE"
"6382","Stanton","3750","November","2024","NE"
"6383","Thayer","3593","November","2024","NE"
"6384","Thomas","492","November","2024","NE"
"6385","Thurston","3810","November","2024","NE"
"6386","Valley","2976","November","2024","NE"
"6387","Washington","15532","November","2024","NE"
"6388","Wayne","5242","November","2024","NE"
"6389","Webster","2313","November","2024","NE"
"6390","Wheeler","588","November","2024","NE"
"6391","York","9447","November","2024","NE"
"6392","Grand Total","1264040","November","2024","NE"
"6393","Adams","19249","October","2024","NE"
"6394","Antelope","4374","October","2024","NE"
"6395","Arthur","335","October","2024","NE"
"6396","Banner","522","October","2024","NE"
"6397","Blaine","358","October","2024","NE"
"6398","Boone","3643","October","2024","NE"
"6399","Box Butte","6850","October","2024","NE"
"6400","Boyd","1277","October","2024","NE"
"6401","Brown","2048","October","2024","NE"
"6402","Buffalo","31152","October","2024","NE"
"6403","Burt","4853","October","2024","NE"
"6404","Butler","5684","October","2024","NE"
"6405","Cass","19431","October","2024","NE"
"6406","Cedar","5731","October","2024","NE"
"6407","Chase","2397","October","2024","NE"
"6408","Cherry","3672","October","2024","NE"
"6409","Cheyenne","6317","October","2024","NE"
"6410","Clay","4154","October","2024","NE"
"6411","Colfax","5061","October","2024","NE"
"6412","Cuming","5790","October","2024","NE"
"6413","Custer","7773","October","2024","NE"
"6414","Dakota","10412","October","2024","NE"
"6415","Dawes","5019","October","2024","NE"
"6416","Dawson","13009","October","2024","NE"
"6417","Deuel","1394","October","2024","NE"
"6418","Dixon","3603","October","2024","NE"
"6419","Dodge","22352","October","2024","NE"
"6420","Douglas","363121","October","2024","NE"
"6421","Dundy","1224","October","2024","NE"
"6422","Fillmore","3967","October","2024","NE"
"6423","Franklin","2091","October","2024","NE"
"6424","Frontier","1840","October","2024","NE"
"6425","Furnas","3339","October","2024","NE"
"6426","Gage","14529","October","2024","NE"
"6427","Garden","1349","October","2024","NE"
"6428","Garfield","1291","October","2024","NE"
"6429","Gosper","1417","October","2024","NE"
"6430","Grant","440","October","2024","NE"
"6431","Greeley","1574","October","2024","NE"
"6432","Hall","33183","October","2024","NE"
"6433","Hamilton","6890","October","2024","NE"
"6434","Harlan","2355","October","2024","NE"
"6435","Hayes","634","October","2024","NE"
"6436","Hitchcock","1863","October","2024","NE"
"6437","Holt","7005","October","2024","NE"
"6438","Hooker","531","October","2024","NE"
"6439","Howard","4628","October","2024","NE"
"6440","Jefferson","4767","October","2024","NE"
"6441","Johnson","2834","October","2024","NE"
"6442","Kearney","4549","October","2024","NE"
"6443","Keith","5704","October","2024","NE"
"6444","Keya Paha","622","October","2024","NE"
"6445","Kimball","2596","October","2024","NE"
"6446","Knox","5508","October","2024","NE"
"6447","Lancaster","204582","October","2024","NE"
"6448","Lincoln","23506","October","2024","NE"
"6449","Logan","548","October","2024","NE"
"6450","Loup","518","October","2024","NE"
"6451","Madison","22154","October","2024","NE"
"6452","Mcpherson","343","October","2024","NE"
"6453","Merrick","5243","October","2024","NE"
"6454","Morrill","2941","October","2024","NE"
"6455","Nance","2386","October","2024","NE"
"6456","Nemaha","4412","October","2024","NE"
"6457","Nuckolls","3107","October","2024","NE"
"6458","Otoe","10760","October","2024","NE"
"6459","Pawnee","1783","October","2024","NE"
"6460","Perkins","1836","October","2024","NE"
"6461","Phelps","6169","October","2024","NE"
"6462","Pierce","4915","October","2024","NE"
"6463","Platte","20641","October","2024","NE"
"6464","Polk","3613","October","2024","NE"
"6465","Red Willow","7042","October","2024","NE"
"6466","Richardson","5160","October","2024","NE"
"6467","Rock","1070","October","2024","NE"
"6468","Saline","7881","October","2024","NE"
"6469","Sarpy","128077","October","2024","NE"
"6470","Saunders","16534","October","2024","NE"
"6471","Scotts Bluff","22859","October","2024","NE"
"6472","Seward","11530","October","2024","NE"
"6473","Sheridan","3360","October","2024","NE"
"6474","Sherman","2098","October","2024","NE"
"6475","Sioux","846","October","2024","NE"
"6476","Stanton","3712","October","2024","NE"
"6477","Thayer","3553","October","2024","NE"
"6478","Thomas","496","October","2024","NE"
"6479","Thurston","3777","October","2024","NE"
"6480","Valley","2981","October","2024","NE"
"6481","Washington","15353","October","2024","NE"
"6482","Wayne","5196","October","2024","NE"
"6483","Webster","2290","October","2024","NE"
"6484","Wheeler","583","October","2024","NE"
"6485","York","9342","October","2024","NE"
"6486","Grand Total","1249508","October","2024","NE"
"6487","Adams","19203","September","2024","NE"
"6488","Antelope","4357","September","2024","NE"
"6489","Arthur","334","September","2024","NE"
"6490","Banner","522","September","2024","NE"
"6491","Blaine","361","September","2024","NE"
"6492","Boone","3646","September","2024","NE"
"6493","Box Butte","6839","September","2024","NE"
"6494","Boyd","1274","September","2024","NE"
"6495","Brown","2044","September","2024","NE"
"6496","Buffalo","31010","September","2024","NE"
"6497","Burt","4848","September","2024","NE"
"6498","Butler","5650","September","2024","NE"
"6499","Cass","19323","September","2024","NE"
"6500","Cedar","5707","September","2024","NE"
"6501","Chase","2384","September","2024","NE"
"6502","Cherry","3669","September","2024","NE"
"6503","Cheyenne","6296","September","2024","NE"
"6504","Clay","4134","September","2024","NE"
"6505","Colfax","5046","September","2024","NE"
"6506","Cuming","5768","September","2024","NE"
"6507","Custer","7750","September","2024","NE"
"6508","Dakota","10332","September","2024","NE"
"6509","Dawes","5002","September","2024","NE"
"6510","Dawson","12937","September","2024","NE"
"6511","Deuel","1392","September","2024","NE"
"6512","Dixon","3584","September","2024","NE"
"6513","Dodge","22211","September","2024","NE"
"6514","Douglas","358971","September","2024","NE"
"6515","Dundy","1215","September","2024","NE"
"6516","Fillmore","3980","September","2024","NE"
"6517","Franklin","2063","September","2024","NE"
"6518","Frontier","1836","September","2024","NE"
"6519","Furnas","3339","September","2024","NE"
"6520","Gage","14460","September","2024","NE"
"6521","Garden","1338","September","2024","NE"
"6522","Garfield","1288","September","2024","NE"
"6523","Gosper","1410","September","2024","NE"
"6524","Grant","438","September","2024","NE"
"6525","Greeley","1576","September","2024","NE"
"6526","Hall","33067","September","2024","NE"
"6527","Hamilton","6854","September","2024","NE"
"6528","Harlan","2340","September","2024","NE"
"6529","Hayes","632","September","2024","NE"
"6530","Hitchcock","1858","September","2024","NE"
"6531","Holt","6995","September","2024","NE"
"6532","Hooker","532","September","2024","NE"
"6533","Howard","4591","September","2024","NE"
"6534","Jefferson","4738","September","2024","NE"
"6535","Johnson","2814","September","2024","NE"
"6536","Kearney","4543","September","2024","NE"
"6537","Keith","5678","September","2024","NE"
"6538","Keya Paha","628","September","2024","NE"
"6539","Kimball","2578","September","2024","NE"
"6540","Knox","5491","September","2024","NE"
"6541","Lancaster","203433","September","2024","NE"
"6542","Lincoln","23388","September","2024","NE"
"6543","Logan","549","September","2024","NE"
"6544","Loup","516","September","2024","NE"
"6545","Madison","22030","September","2024","NE"
"6546","Mcpherson","342","September","2024","NE"
"6547","Merrick","5214","September","2024","NE"
"6548","Morrill","2937","September","2024","NE"
"6549","Nance","2367","September","2024","NE"
"6550","Nemaha","4372","September","2024","NE"
"6551","Nuckolls","3102","September","2024","NE"
"6552","Otoe","10723","September","2024","NE"
"6553","Pawnee","1769","September","2024","NE"
"6554","Perkins","1836","September","2024","NE"
"6555","Phelps","6169","September","2024","NE"
"6556","Pierce","4916","September","2024","NE"
"6557","Platte","20536","September","2024","NE"
"6558","Polk","3604","September","2024","NE"
"6559","Red Willow","7018","September","2024","NE"
"6560","Richardson","5147","September","2024","NE"
"6561","Rock","1062","September","2024","NE"
"6562","Saline","7853","September","2024","NE"
"6563","Sarpy","126645","September","2024","NE"
"6564","Saunders","16417","September","2024","NE"
"6565","Scotts Bluff","22769","September","2024","NE"
"6566","Seward","11461","September","2024","NE"
"6567","Sheridan","3351","September","2024","NE"
"6568","Sherman","2079","September","2024","NE"
"6569","Sioux","839","September","2024","NE"
"6570","Stanton","3702","September","2024","NE"
"6571","Thayer","3524","September","2024","NE"
"6572","Thomas","495","September","2024","NE"
"6573","Thurston","3765","September","2024","NE"
"6574","Valley","2970","September","2024","NE"
"6575","Washington","15304","September","2024","NE"
"6576","Wayne","5168","September","2024","NE"
"6577","Webster","2282","September","2024","NE"
"6578","Wheeler","585","September","2024","NE"
"6579","York","9274","September","2024","NE"
"6580","Grand Total","1240389","September","2024","NE"
"6581","Adams","19285","April","2025","NE"
"6582","Antelope","4360","April","2025","NE"
"6583","Arthur","337","April","2025","NE"
"6584","Banner","513","April","2025","NE"
"6585","Blaine","352","April","2025","NE"
"6586","Boone","3614","April","2025","NE"
"6587","Box Butte","6838","April","2025","NE"
"6588","Boyd","1291","April","2025","NE"
"6589","Brown","2051","April","2025","NE"
"6590","Buffalo","31231","April","2025","NE"
"6591","Burt","4865","April","2025","NE"
"6592","Butler","5737","April","2025","NE"
"6593","Cass","19571","April","2025","NE"
"6594","Cedar","5764","April","2025","NE"
"6595","Chase","2375","April","2025","NE"
"6596","Cherry","3670","April","2025","NE"
"6597","Cheyenne","6325","April","2025","NE"
"6598","Clay","4152","April","2025","NE"
"6599","Colfax","5096","April","2025","NE"
"6600","Cuming","5790","April","2025","NE"
"6601","Custer","7723","April","2025","NE"
"6602","Dakota","10496","April","2025","NE"
"6603","Dawes","4982","April","2025","NE"
"6604","Dawson","12952","April","2025","NE"
"6605","Deuel","1402","April","2025","NE"
"6606","Dixon","3543","April","2025","NE"
"6607","Dodge","22341","April","2025","NE"
"6608","Douglas","366683","April","2025","NE"
"6609","Dundy","1201","April","2025","NE"
"6610","Fillmore","3973","April","2025","NE"
"6611","Franklin","2121","April","2025","NE"
"6612","Frontier","1827","April","2025","NE"
"6613","Furnas","3312","April","2025","NE"
"6614","Gage","14612","April","2025","NE"
"6615","Garden","1337","April","2025","NE"
"6616","Garfield","1287","April","2025","NE"
"6617","Gosper","1415","April","2025","NE"
"6618","Grant","449","April","2025","NE"
"6619","Greeley","1556","April","2025","NE"
"6620","Hall","33080","April","2025","NE"
"6621","Hamilton","6957","April","2025","NE"
"6622","Harlan","2319","April","2025","NE"
"6623","Hayes","622","April","2025","NE"
"6624","Hitchcock","1847","April","2025","NE"
"6625","Holt","6982","April","2025","NE"
"6626","Hooker","526","April","2025","NE"
"6627","Howard","4631","April","2025","NE"
"6628","Jefferson","4729","April","2025","NE"
"6629","Johnson","2842","April","2025","NE"
"6630","Kearney","4633","April","2025","NE"
"6631","Keith","5701","April","2025","NE"
"6632","Keya Paha","622","April","2025","NE"
"6633","Kimball","2574","April","2025","NE"
"6634","Knox","5470","April","2025","NE"
"6635","Lancaster","206721","April","2025","NE"
"6636","Lincoln","23140","April","2025","NE"
"6637","Logan","552","April","2025","NE"
"6638","Loup","515","April","2025","NE"
"6639","Madison","22372","April","2025","NE"
"6640","Mcpherson","343","April","2025","NE"
"6641","Merrick","5286","April","2025","NE"
"6642","Morrill","2956","April","2025","NE"
"6643","Nance","2405","April","2025","NE"
"6644","Nemaha","4453","April","2025","NE"
"6645","Nuckolls","3051","April","2025","NE"
"6646","Otoe","10714","April","2025","NE"
"6647","Pawnee","1794","April","2025","NE"
"6648","Perkins","1852","April","2025","NE"
"6649","Phelps","6176","April","2025","NE"
"6650","Pierce","4957","April","2025","NE"
"6651","Platte","20592","April","2025","NE"
"6652","Polk","3620","April","2025","NE"
"6653","Red Willow","7007","April","2025","NE"
"6654","Richardson","5182","April","2025","NE"
"6655","Rock","1065","April","2025","NE"
"6656","Saline","7740","April","2025","NE"
"6657","Sarpy","130349","April","2025","NE"
"6658","Saunders","16664","April","2025","NE"
"6659","Scotts Bluff","22798","April","2025","NE"
"6660","Seward","11508","April","2025","NE"
"6661","Sheridan","3364","April","2025","NE"
"6662","Sherman","2099","April","2025","NE"
"6663","Sioux","833","April","2025","NE"
"6664","Stanton","3732","April","2025","NE"
"6665","Thayer","3565","April","2025","NE"
"6666","Thomas","477","April","2025","NE"
"6667","Thurston","3775","April","2025","NE"
"6668","Valley","2957","April","2025","NE"
"6669","Washington","15503","April","2025","NE"
"6670","Wayne","5232","April","2025","NE"
"6671","Webster","2281","April","2025","NE"
"6672","Wheeler","578","April","2025","NE"
"6673","York","9317","April","2025","NE"
"6674","Grand Total","1257489","April","2025","NE"
"6675","Adams","19299","August","2025","NE"
"6676","Antelope","4342","August","2025","NE"
"6677","Arthur","335","August","2025","NE"
"6678","Banner","521","August","2025","NE"
"6679","Blaine","352","August","2025","NE"
"6680","Boone","3608","August","2025","NE"
"6681","Box Butte","6833","August","2025","NE"
"6682","Boyd","1282","August","2025","NE"
"6683","Brown","2044","August","2025","NE"
"6684","Buffalo","31230","August","2025","NE"
"6685","Burt","4868","August","2025","NE"
"6686","Butler","5735","August","2025","NE"
"6687","Cass","19567","August","2025","NE"
"6688","Cedar","5762","August","2025","NE"
"6689","Chase","2397","August","2025","NE"
"6690","Cherry","3662","August","2025","NE"
"6691","Cheyenne","6327","August","2025","NE"
"6692","Clay","4136","August","2025","NE"
"6693","Colfax","5089","August","2025","NE"
"6694","Cuming","5800","August","2025","NE"
"6695","Custer","7709","August","2025","NE"
"6696","Dakota","10463","August","2025","NE"
"6697","Dawes","5006","August","2025","NE"
"6698","Dawson","12960","August","2025","NE"
"6699","Deuel","1413","August","2025","NE"
"6700","Dixon","3540","August","2025","NE"
"6701","Dodge","22259","August","2025","NE"
"6702","Douglas","367158","August","2025","NE"
"6703","Dundy","1188","August","2025","NE"
"6704","Fillmore","3960","August","2025","NE"
"6705","Franklin","2089","August","2025","NE"
"6706","Frontier","1811","August","2025","NE"
"6707","Furnas","3315","August","2025","NE"
"6708","Gage","14584","August","2025","NE"
"6709","Garden","1328","August","2025","NE"
"6710","Garfield","1287","August","2025","NE"
"6711","Gosper","1414","August","2025","NE"
"6712","Grant","445","August","2025","NE"
"6713","Greeley","1554","August","2025","NE"
"6714","Hall","33052","August","2025","NE"
"6715","Hamilton","6915","August","2025","NE"
"6716","Harlan","2313","August","2025","NE"
"6717","Hayes","621","August","2025","NE"
"6718","Hitchcock","1837","August","2025","NE"
"6719","Holt","6984","August","2025","NE"
"6720","Hooker","527","August","2025","NE"
"6721","Howard","4637","August","2025","NE"
"6722","Jefferson","4725","August","2025","NE"
"6723","Johnson","2829","August","2025","NE"
"6724","Kearney","4614","August","2025","NE"
"6725","Keith","5706","August","2025","NE"
"6726","Keya Paha","618","August","2025","NE"
"6727","Kimball","2571","August","2025","NE"
"6728","Knox","5455","August","2025","NE"
"6729","Lancaster","206792","August","2025","NE"
"6730","Lincoln","23133","August","2025","NE"
"6731","Logan","555","August","2025","NE"
"6732","Loup","513","August","2025","NE"
"6733","Madison","22358","August","2025","NE"
"6734","Mcpherson","339","August","2025","NE"
"6735","Merrick","5304","August","2025","NE"
"6736","Morrill","2968","August","2025","NE"
"6737","Nance","2412","August","2025","NE"
"6738","Nemaha","4454","August","2025","NE"
"6739","Nuckolls","3049","August","2025","NE"
"6740","Otoe","10716","August","2025","NE"
"6741","Pawnee","1787","August","2025","NE"
"6742","Perkins","1869","August","2025","NE"
"6743","Phelps","6153","August","2025","NE"
"6744","Pierce","4985","August","2025","NE"
"6745","Platte","20555","August","2025","NE"
"6746","Polk","3606","August","2025","NE"
"6747","Red Willow","7007","August","2025","NE"
"6748","Richardson","5182","August","2025","NE"
"6749","Rock","1059","August","2025","NE"
"6750","Saline","7709","August","2025","NE"
"6751","Sarpy","130855","August","2025","NE"
"6752","Saunders","16713","August","2025","NE"
"6753","Scotts Bluff","22780","August","2025","NE"
"6754","Seward","11568","August","2025","NE"
"6755","Sheridan","3346","August","2025","NE"
"6756","Sherman","2098","August","2025","NE"
"6757","Sioux","823","August","2025","NE"
"6758","Stanton","3708","August","2025","NE"
"6759","Thayer","3551","August","2025","NE"
"6760","Thomas","482","August","2025","NE"
"6761","Thurston","3777","August","2025","NE"
"6762","Valley","2958","August","2025","NE"
"6763","Washington","15460","August","2025","NE"
"6764","Wayne","5225","August","2025","NE"
"6765","Webster","2290","August","2025","NE"
"6766","Wheeler","571","August","2025","NE"
"6767","York","9299","August","2025","NE"
"6768","Grand Total","1258085","August","2025","NE"
"6769","Adams","19322","February","2025","NE"
"6770","Antelope","4380","February","2025","NE"
"6771","Arthur","336","February","2025","NE"
"6772","Banner","519","February","2025","NE"
"6773","Blaine","351","February","2025","NE"
"6774","Boone","3627","February","2025","NE"
"6775","Box Butte","6851","February","2025","NE"
"6776","Boyd","1293","February","2025","NE"
"6777","Brown","2063","February","2025","NE"
"6778","Buffalo","31254","February","2025","NE"
"6779","Burt","4865","February","2025","NE"
"6780","Butler","5749","February","2025","NE"
"6781","Cass","19608","February","2025","NE"
"6782","Cedar","5765","February","2025","NE"
"6783","Chase","2374","February","2025","NE"
"6784","Cherry","3668","February","2025","NE"
"6785","Cheyenne","6331","February","2025","NE"
"6786","Clay","4148","February","2025","NE"
"6787","Colfax","5108","February","2025","NE"
"6788","Cuming","5801","February","2025","NE"
"6789","Custer","7726","February","2025","NE"
"6790","Dakota","10513","February","2025","NE"
"6791","Dawes","4992","February","2025","NE"
"6792","Dawson","12957","February","2025","NE"
"6793","Deuel","1407","February","2025","NE"
"6794","Dixon","3551","February","2025","NE"
"6795","Dodge","22286","February","2025","NE"
"6796","Douglas","366880","February","2025","NE"
"6797","Dundy","1202","February","2025","NE"
"6798","Fillmore","3956","February","2025","NE"
"6799","Franklin","2106","February","2025","NE"
"6800","Frontier","1827","February","2025","NE"
"6801","Furnas","3320","February","2025","NE"
"6802","Gage","14625","February","2025","NE"
"6803","Garden","1334","February","2025","NE"
"6804","Garfield","1281","February","2025","NE"
"6805","Gosper","1421","February","2025","NE"
"6806","Grant","446","February","2025","NE"
"6807","Greeley","1564","February","2025","NE"
"6808","Hall","33161","February","2025","NE"
"6809","Hamilton","6973","February","2025","NE"
"6810","Harlan","2322","February","2025","NE"
"6811","Hayes","627","February","2025","NE"
"6812","Hitchcock","1859","February","2025","NE"
"6813","Holt","7007","February","2025","NE"
"6814","Hooker","525","February","2025","NE"
"6815","Howard","4629","February","2025","NE"
"6816","Jefferson","4746","February","2025","NE"
"6817","Johnson","2836","February","2025","NE"
"6818","Kearney","4627","February","2025","NE"
"6819","Keith","5699","February","2025","NE"
"6820","Keya Paha","630","February","2025","NE"
"6821","Kimball","2594","February","2025","NE"
"6822","Knox","5477","February","2025","NE"
"6823","Lancaster","206528","February","2025","NE"
"6824","Lincoln","23176","February","2025","NE"
"6825","Logan","550","February","2025","NE"
"6826","Loup","511","February","2025","NE"
"6827","Madison","22400","February","2025","NE"
"6828","Mcpherson","343","February","2025","NE"
"6829","Merrick","5274","February","2025","NE"
"6830","Morrill","2961","February","2025","NE"
"6831","Nance","2403","February","2025","NE"
"6832","Nemaha","4448","February","2025","NE"
"6833","Nuckolls","3056","February","2025","NE"
"6834","Otoe","10742","February","2025","NE"
"6835","Pawnee","1799","February","2025","NE"
"6836","Perkins","1855","February","2025","NE"
"6837","Phelps","6169","February","2025","NE"
"6838","Pierce","4953","February","2025","NE"
"6839","Platte","20649","February","2025","NE"
"6840","Polk","3625","February","2025","NE"
"6841","Red Willow","7010","February","2025","NE"
"6842","Richardson","5211","February","2025","NE"
"6843","Rock","1058","February","2025","NE"
"6844","Saline","7780","February","2025","NE"
"6845","Sarpy","130125","February","2025","NE"
"6846","Saunders","16657","February","2025","NE"
"6847","Scotts Bluff","22826","February","2025","NE"
"6848","Seward","11578","February","2025","NE"
"6849","Sheridan","3372","February","2025","NE"
"6850","Sherman","2100","February","2025","NE"
"6851","Sioux","838","February","2025","NE"
"6852","Stanton","3719","February","2025","NE"
"6853","Thayer","3575","February","2025","NE"
"6854","Thomas","480","February","2025","NE"
"6855","Thurston","3783","February","2025","NE"
"6856","Valley","2954","February","2025","NE"
"6857","Washington","15508","February","2025","NE"
"6858","Wayne","5220","February","2025","NE"
"6859","Webster","2288","February","2025","NE"
"6860","Wheeler","581","February","2025","NE"
"6861","York","9316","February","2025","NE"
"6862","Grand Tota","1257940","February","2025","NE"
"6863","Adams","19573","January","2025","NE"
"6864","Antelope","4434","January","2025","NE"
"6865","Arthur","337","January","2025","NE"
"6866","Banner","519","January","2025","NE"
"6867","Blaine","356","January","2025","NE"
"6868","Boone","3650","January","2025","NE"
"6869","Box Butte","6941","January","2025","NE"
"6870","Boyd","1297","January","2025","NE"
"6871","Brown","2074","January","2025","NE"
"6872","Buffalo","31603","January","2025","NE"
"6873","Burt","4892","January","2025","NE"
"6874","Butler","5784","January","2025","NE"
"6875","Cass","19772","January","2025","NE"
"6876","Cedar","5798","January","2025","NE"
"6877","Chase","2407","January","2025","NE"
"6878","Cherry","3687","January","2025","NE"
"6879","Cheyenne","6405","January","2025","NE"
"6880","Clay","4188","January","2025","NE"
"6881","Colfax","5138","January","2025","NE"
"6882","Cuming","5811","January","2025","NE"
"6883","Custer","7745","January","2025","NE"
"6884","Dakota","10679","January","2025","NE"
"6885","Dawes","5071","January","2025","NE"
"6886","Dawson","13200","January","2025","NE"
"6887","Deuel","1416","January","2025","NE"
"6888","Dixon","3642","January","2025","NE"
"6889","Dodge","22712","January","2025","NE"
"6890","Douglas","371478","January","2025","NE"
"6891","Dundy","1221","January","2025","NE"
"6892","Fillmore","3987","January","2025","NE"
"6893","Franklin","2106","January","2025","NE"
"6894","Frontier","1848","January","2025","NE"
"6895","Furnas","3357","January","2025","NE"
"6896","Gage","14748","January","2025","NE"
"6897","Garden","1339","January","2025","NE"
"6898","Garfield","1309","January","2025","NE"
"6899","Gosper","1439","January","2025","NE"
"6900","Grant","449","January","2025","NE"
"6901","Greeley","1577","January","2025","NE"
"6902","Hall","33661","January","2025","NE"
"6903","Hamilton","7018","January","2025","NE"
"6904","Harlan","2367","January","2025","NE"
"6905","Hayes","633","January","2025","NE"
"6906","Hitchcock","1878","January","2025","NE"
"6907","Holt","7056","January","2025","NE"
"6908","Hooker","534","January","2025","NE"
"6909","Howard","4681","January","2025","NE"
"6910","Jefferson","4816","January","2025","NE"
"6911","Johnson","2858","January","2025","NE"
"6912","Kearney","4648","January","2025","NE"
"6913","Keith","5775","January","2025","NE"
"6914","Keya Paha","630","January","2025","NE"
"6915","Kimball","2593","January","2025","NE"
"6916","Knox","5520","January","2025","NE"
"6917","Lancaster","207036","January","2025","NE"
"6918","Lincoln","23802","January","2025","NE"
"6919","Logan","557","January","2025","NE"
"6920","Loup","517","January","2025","NE"
"6921","Madison","22533","January","2025","NE"
"6922","Mcpherson","345","January","2025","NE"
"6923","Merrick","5323","January","2025","NE"
"6924","Morrill","2967","January","2025","NE"
"6925","Nance","2420","January","2025","NE"
"6926","Nemaha","4478","January","2025","NE"
"6927","Nuckolls","3115","January","2025","NE"
"6928","Otoe","10924","January","2025","NE"
"6929","Pawnee","1809","January","2025","NE"
"6930","Perkins","1864","January","2025","NE"
"6931","Phelps","6251","January","2025","NE"
"6932","Pierce","4982","January","2025","NE"
"6933","Platte","20919","January","2025","NE"
"6934","Polk","3657","January","2025","NE"
"6935","Red Willow","7092","January","2025","NE"
"6936","Richardson","5260","January","2025","NE"
"6937","Rock","1067","January","2025","NE"
"6938","Saline","7986","January","2025","NE"
"6939","Sarpy","130978","January","2025","NE"
"6940","Saunders","16807","January","2025","NE"
"6941","Scotts Bluff","23209","January","2025","NE"
"6942","Seward","11664","January","2025","NE"
"6943","Sheridan","3400","January","2025","NE"
"6944","Sherman","2103","January","2025","NE"
"6945","Sioux","857","January","2025","NE"
"6946","Stanton","3756","January","2025","NE"
"6947","Thayer","3604","January","2025","NE"
"6948","Thomas","488","January","2025","NE"
"6949","Thurston","3823","January","2025","NE"
"6950","Valley","2961","January","2025","NE"
"6951","Washington","15646","January","2025","NE"
"6952","Wayne","5285","January","2025","NE"
"6953","Webster","2303","January","2025","NE"
"6954","Wheeler","588","January","2025","NE"
"6955","York","9511","January","2025","NE"
"6956","Grand Tota","1270544","January","2025","NE"
"6957","Adams","19304","July","2025","NE"
"6958","Antelope","4358","July","2025","NE"
"6959","Arthur","338","July","2025","NE"
"6960","Banner","515","July","2025","NE"
"6961","Blaine","352","July","2025","NE"
"6962","Boone","3613","July","2025","NE"
"6963","Box Butte","6840","July","2025","NE"
"6964","Boyd","1281","July","2025","NE"
"6965","Brown","2048","July","2025","NE"
"6966","Buffalo","31228","July","2025","NE"
"6967","Burt","4869","July","2025","NE"
"6968","Butler","5744","July","2025","NE"
"6969","Cass","19573","July","2025","NE"
"6970","Cedar","5761","July","2025","NE"
"6971","Chase","2384","July","2025","NE"
"6972","Cherry","3663","July","2025","NE"
"6973","Cheyenne","6325","July","2025","NE"
"6974","Clay","4139","July","2025","NE"
"6975","Colfax","5101","July","2025","NE"
"6976","Cuming","5807","July","2025","NE"
"6977","Custer","7715","July","2025","NE"
"6978","Dakota","10473","July","2025","NE"
"6979","Dawes","4994","July","2025","NE"
"6980","Dawson","12966","July","2025","NE"
"6981","Deuel","1410","July","2025","NE"
"6982","Dixon","3517","July","2025","NE"
"6983","Dodge","22275","July","2025","NE"
"6984","Douglas","367494","July","2025","NE"
"6985","Dundy","1192","July","2025","NE"
"6986","Fillmore","3967","July","2025","NE"
"6987","Franklin","2094","July","2025","NE"
"6988","Frontier","1812","July","2025","NE"
"6989","Furnas","3319","July","2025","NE"
"6990","Gage","14586","July","2025","NE"
"6991","Garden","1328","July","2025","NE"
"6992","Garfield","1291","July","2025","NE"
"6993","Gosper","1419","July","2025","NE"
"6994","Grant","447","July","2025","NE"
"6995","Greeley","1560","July","2025","NE"
"6996","Hall","33060","July","2025","NE"
"6997","Hamilton","6928","July","2025","NE"
"6998","Harlan","2316","July","2025","NE"
"6999","Hayes","623","July","2025","NE"
"7000","Hitchcock","1845","July","2025","NE"
"7001","Holt","6985","July","2025","NE"
"7002","Hooker","528","July","2025","NE"
"7003","Howard","4637","July","2025","NE"
"7004","Jefferson","4734","July","2025","NE"
"7005","Johnson","2835","July","2025","NE"
"7006","Kearney","4625","July","2025","NE"
"7007","Keith","5708","July","2025","NE"
"7008","Keya Paha","619","July","2025","NE"
"7009","Kimball","2578","July","2025","NE"
"7010","Knox","5462","July","2025","NE"
"7011","Lancaster","206906","July","2025","NE"
"7012","Lincoln","23165","July","2025","NE"
"7013","Logan","554","July","2025","NE"
"7014","Loup","515","July","2025","NE"
"7015","Madison","22380","July","2025","NE"
"7016","Mcpherson","340","July","2025","NE"
"7017","Merrick","5305","July","2025","NE"
"7018","Morrill","2963","July","2025","NE"
"7019","Nance","2412","July","2025","NE"
"7020","Nemaha","4466","July","2025","NE"
"7021","Nuckolls","3049","July","2025","NE"
"7022","Otoe","10715","July","2025","NE"
"7023","Pawnee","1789","July","2025","NE"
"7024","Perkins","1868","July","2025","NE"
"7025","Phelps","6163","July","2025","NE"
"7026","Pierce","4971","July","2025","NE"
"7027","Platte","20571","July","2025","NE"
"7028","Polk","3609","July","2025","NE"
"7029","Red Willow","7002","July","2025","NE"
"7030","Richardson","5180","July","2025","NE"
"7031","Rock","1065","July","2025","NE"
"7032","Saline","7736","July","2025","NE"
"7033","Sarpy","130588","July","2025","NE"
"7034","Saunders","16693","July","2025","NE"
"7035","Scotts Bluff","22794","July","2025","NE"
"7036","Seward","11548","July","2025","NE"
"7037","Sheridan","3351","July","2025","NE"
"7038","Sherman","2102","July","2025","NE"
"7039","Sioux","824","July","2025","NE"
"7040","Stanton","3727","July","2025","NE"
"7041","Thayer","3551","July","2025","NE"
"7042","Thomas","482","July","2025","NE"
"7043","Thurston","3774","July","2025","NE"
"7044","Valley","2957","July","2025","NE"
"7045","Washington","15482","July","2025","NE"
"7046","Wayne","5231","July","2025","NE"
"7047","Webster","2285","July","2025","NE"
"7048","Wheeler","572","July","2025","NE"
"7049","York","9318","July","2025","NE"
"7050","Grand Tota","1258588","July","2025","NE"
"7051","Adams","19296","June","2025","NE"
"7052","Antelope","4356","June","2025","NE"
"7053","Arthur","334","June","2025","NE"
"7054","Banner","516","June","2025","NE"
"7055","Blaine","353","June","2025","NE"
"7056","Boone","3609","June","2025","NE"
"7057","Box Butte","6855","June","2025","NE"
"7058","Boyd","1287","June","2025","NE"
"7059","Brown","2045","June","2025","NE"
"7060","Buffalo","31247","June","2025","NE"
"7061","Burt","4858","June","2025","NE"
"7062","Butler","5748","June","2025","NE"
"7063","Cass","19555","June","2025","NE"
"7064","Cedar","5760","June","2025","NE"
"7065","Chase","2384","June","2025","NE"
"7066","Cherry","3665","June","2025","NE"
"7067","Cheyenne","6333","June","2025","NE"
"7068","Clay","4140","June","2025","NE"
"7069","Colfax","5105","June","2025","NE"
"7070","Cuming","5812","June","2025","NE"
"7071","Custer","7724","June","2025","NE"
"7072","Dakota","10480","June","2025","NE"
"7073","Dawes","4992","June","2025","NE"
"7074","Dawson","12977","June","2025","NE"
"7075","Deuel","1405","June","2025","NE"
"7076","Dixon","3546","June","2025","NE"
"7077","Dodge","22293","June","2025","NE"
"7078","Douglas","366682","June","2025","NE"
"7079","Dundy","1195","June","2025","NE"
"7080","Fillmore","3966","June","2025","NE"
"7081","Franklin","2095","June","2025","NE"
"7082","Frontier","1820","June","2025","NE"
"7083","Furnas","3319","June","2025","NE"
"7084","Gage","14574","June","2025","NE"
"7085","Garden","1341","June","2025","NE"
"7086","Garfield","1289","June","2025","NE"
"7087","Gosper","1419","June","2025","NE"
"7088","Grant","447","June","2025","NE"
"7089","Greeley","1555","June","2025","NE"
"7090","Hall","33056","June","2025","NE"
"7091","Hamilton","6928","June","2025","NE"
"7092","Harlan","2316","June","2025","NE"
"7093","Hayes","623","June","2025","NE"
"7094","Hitchcock","1848","June","2025","NE"
"7095","Holt","6984","June","2025","NE"
"7096","Hooker","528","June","2025","NE"
"7097","Howard","4639","June","2025","NE"
"7098","Jefferson","4735","June","2025","NE"
"7099","Johnson","2837","June","2025","NE"
"7100","Kearney","4623","June","2025","NE"
"7101","Keith","5701","June","2025","NE"
"7102","Keya Paha","619","June","2025","NE"
"7103","Kimball","2579","June","2025","NE"
"7104","Knox","5467","June","2025","NE"
"7105","Lancaster","206917","June","2025","NE"
"7106","Lincoln","23140","June","2025","NE"
"7107","Logan","553","June","2025","NE"
"7108","Loup","515","June","2025","NE"
"7109","Madison","22371","June","2025","NE"
"7110","Mcpherson","344","June","2025","NE"
"7111","Merrick","5299","June","2025","NE"
"7112","Morrill","2962","June","2025","NE"
"7113","Nance","2407","June","2025","NE"
"7114","Nemaha","4462","June","2025","NE"
"7115","Nuckolls","3048","June","2025","NE"
"7116","Otoe","10704","June","2025","NE"
"7117","Pawnee","1791","June","2025","NE"
"7118","Perkins","1866","June","2025","NE"
"7119","Phelps","6181","June","2025","NE"
"7120","Pierce","4965","June","2025","NE"
"7121","Platte","20592","June","2025","NE"
"7122","Polk","3615","June","2025","NE"
"7123","Red Willow","7007","June","2025","NE"
"7124","Richardson","5189","June","2025","NE"
"7125","Rock","1065","June","2025","NE"
"7126","Saline","7742","June","2025","NE"
"7127","Sarpy","130681","June","2025","NE"
"7128","Saunders","16688","June","2025","NE"
"7129","Scotts Bluff","22783","June","2025","NE"
"7130","Seward","11546","June","2025","NE"
"7131","Sheridan","3353","June","2025","NE"
"7132","Sherman","2098","June","2025","NE"
"7133","Sioux","822","June","2025","NE"
"7134","Stanton","3725","June","2025","NE"
"7135","Thayer","3567","June","2025","NE"
"7136","Thomas","483","June","2025","NE"
"7137","Thurston","3779","June","2025","NE"
"7138","Valley","2952","June","2025","NE"
"7139","Washington","15487","June","2025","NE"
"7140","Wayne","5237","June","2025","NE"
"7141","Webster","2282","June","2025","NE"
"7142","Wheeler","572","June","2025","NE"
"7143","York","9308","June","2025","NE"
"7144","Grand Total","1257958","June","2025","NE"
"7145","Adams","19296","March","2025","NE"
"7146","Antelope","4366","March","2025","NE"
"7147","Arthur","335","March","2025","NE"
"7148","Banner","515","March","2025","NE"
"7149","Blaine","350","March","2025","NE"
"7150","Boone","3619","March","2025","NE"
"7151","Box Butte","6835","March","2025","NE"
"7152","Boyd","1294","March","2025","NE"
"7153","Brown","2054","March","2025","NE"
"7154","Buffalo","31228","March","2025","NE"
"7155","Burt","4866","March","2025","NE"
"7156","Butler","5741","March","2025","NE"
"7157","Cass","19577","March","2025","NE"
"7158","Cedar","5772","March","2025","NE"
"7159","Chase","2374","March","2025","NE"
"7160","Cherry","3670","March","2025","NE"
"7161","Cheyenne","6327","March","2025","NE"
"7162","Clay","4152","March","2025","NE"
"7163","Colfax","5096","March","2025","NE"
"7164","Cuming","5802","March","2025","NE"
"7165","Custer","7726","March","2025","NE"
"7166","Dakota","10509","March","2025","NE"
"7167","Dawes","4972","March","2025","NE"
"7168","Dawson","12942","March","2025","NE"
"7169","Deuel","1406","March","2025","NE"
"7170","Dixon","3552","March","2025","NE"
"7171","Dodge","22314","March","2025","NE"
"7172","Douglas","366852","March","2025","NE"
"7173","Dundy","1202","March","2025","NE"
"7174","Fillmore","3974","March","2025","NE"
"7175","Franklin","2117","March","2025","NE"
"7176","Frontier","1827","March","2025","NE"
"7177","Furnas","3319","March","2025","NE"
"7178","Gage","14613","March","2025","NE"
"7179","Garden","1338","March","2025","NE"
"7180","Garfield","1282","March","2025","NE"
"7181","Gosper","1418","March","2025","NE"
"7182","Grant","449","March","2025","NE"
"7183","Greeley","1559","March","2025","NE"
"7184","Hall","33122","March","2025","NE"
"7185","Hamilton","6956","March","2025","NE"
"7186","Harlan","2320","March","2025","NE"
"7187","Hayes","627","March","2025","NE"
"7188","Hitchcock","1855","March","2025","NE"
"7189","Holt","6991","March","2025","NE"
"7190","Hooker","524","March","2025","NE"
"7191","Howard","4629","March","2025","NE"
"7192","Jefferson","4733","March","2025","NE"
"7193","Johnson","2836","March","2025","NE"
"7194","Kearney","4632","March","2025","NE"
"7195","Keith","5697","March","2025","NE"
"7196","Keya Paha","627","March","2025","NE"
"7197","Kimball","2576","March","2025","NE"
"7198","Knox","5472","March","2025","NE"
"7199","Lancaster","206293","March","2025","NE"
"7200","Lincoln","23143","March","2025","NE"
"7201","Logan","552","March","2025","NE"
"7202","Loup","512","March","2025","NE"
"7203","Madison","22372","March","2025","NE"
"7204","Mcpherson","343","March","2025","NE"
"7205","Merrick","5284","March","2025","NE"
"7206","Morrill","2965","March","2025","NE"
"7207","Nance","2406","March","2025","NE"
"7208","Nemaha","4446","March","2025","NE"
"7209","Nuckolls","3057","March","2025","NE"
"7210","Otoe","10720","March","2025","NE"
"7211","Pawnee","1795","March","2025","NE"
"7212","Perkins","1852","March","2025","NE"
"7213","Phelps","6177","March","2025","NE"
"7214","Pierce","4954","March","2025","NE"
"7215","Platte","20599","March","2025","NE"
"7216","Polk","3626","March","2025","NE"
"7217","Red Willow","7015","March","2025","NE"
"7218","Richardson","5195","March","2025","NE"
"7219","Rock","1065","March","2025","NE"
"7220","Saline","7734","March","2025","NE"
"7221","Sarpy","130157","March","2025","NE"
"7222","Saunders","16659","March","2025","NE"
"7223","Scotts Bluff","22818","March","2025","NE"
"7224","Seward","11518","March","2025","NE"
"7225","Sheridan","3374","March","2025","NE"
"7226","Sherman","2103","March","2025","NE"
"7227","Sioux","836","March","2025","NE"
"7228","Stanton","3727","March","2025","NE"
"7229","Thayer","3566","March","2025","NE"
"7230","Thomas","476","March","2025","NE"
"7231","Thurston","3781","March","2025","NE"
"7232","Valley","2950","March","2025","NE"
"7233","Washington","15506","March","2025","NE"
"7234","Wayne","5229","March","2025","NE"
"7235","Webster","2281","March","2025","NE"
"7236","Wheeler","580","March","2025","NE"
"7237","York","9309","March","2025","NE"
"7238","Grand Total","1257212","March","2025","NE"
"7239","Adams","19298","May","2025","NE"
"7240","Antelope","4358","May","2025","NE"
"7241","Arthur","335","May","2025","NE"
"7242","Banner","515","May","2025","NE"
"7243","Blaine","353","May","2025","NE"
"7244","Boone","3612","May","2025","NE"
"7245","Box Butte","6834","May","2025","NE"
"7246","Boyd","1288","May","2025","NE"
"7247","Brown","2045","May","2025","NE"
"7248","Buffalo","31234","May","2025","NE"
"7249","Burt","4856","May","2025","NE"
"7250","Butler","5739","May","2025","NE"
"7251","Cass","19556","May","2025","NE"
"7252","Cedar","5760","May","2025","NE"
"7253","Chase","2380","May","2025","NE"
"7254","Cherry","3667","May","2025","NE"
"7255","Cheyenne","6324","May","2025","NE"
"7256","Clay","4149","May","2025","NE"
"7257","Colfax","5102","May","2025","NE"
"7258","Cuming","5809","May","2025","NE"
"7259","Custer","7724","May","2025","NE"
"7260","Dakota","10488","May","2025","NE"
"7261","Dawes","4988","May","2025","NE"
"7262","Dawson","12968","May","2025","NE"
"7263","Deuel","1398","May","2025","NE"
"7264","Dixon","3549","May","2025","NE"
"7265","Dodge","22300","May","2025","NE"
"7266","Douglas","367197","May","2025","NE"
"7267","Dundy","1197","May","2025","NE"
"7268","Fillmore","3969","May","2025","NE"
"7269","Franklin","2091","May","2025","NE"
"7270","Frontier","1823","May","2025","NE"
"7271","Furnas","3314","May","2025","NE"
"7272","Gage","14596","May","2025","NE"
"7273","Garden","1339","May","2025","NE"
"7274","Garfield","1288","May","2025","NE"
"7275","Gosper","1418","May","2025","NE"
"7276","Grant","448","May","2025","NE"
"7277","Greeley","1555","May","2025","NE"
"7278","Hall","33064","May","2025","NE"
"7279","Hamilton","6934","May","2025","NE"
"7280","Harlan","2318","May","2025","NE"
"7281","Hayes","625","May","2025","NE"
"7282","Hitchcock","1845","May","2025","NE"
"7283","Holt","7007","May","2025","NE"
"7284","Hooker","528","May","2025","NE"
"7285","Howard","4631","May","2025","NE"
"7286","Jefferson","4720","May","2025","NE"
"7287","Johnson","2840","May","2025","NE"
"7288","Kearney","4634","May","2025","NE"
"7289","Keith","5699","May","2025","NE"
"7290","Keya Paha","621","May","2025","NE"
"7291","Kimball","2576","May","2025","NE"
"7292","Knox","5467","May","2025","NE"
"7293","Lancaster","206777","May","2025","NE"
"7294","Lincoln","23144","May","2025","NE"
"7295","Logan","551","May","2025","NE"
"7296","Loup","513","May","2025","NE"
"7297","Madison","22365","May","2025","NE"
"7298","Mcpherson","342","May","2025","NE"
"7299","Merrick","5292","May","2025","NE"
"7300","Morrill","2961","May","2025","NE"
"7301","Nance","2411","May","2025","NE"
"7302","Nemaha","4453","May","2025","NE"
"7303","Nuckolls","3047","May","2025","NE"
"7304","Otoe","10724","May","2025","NE"
"7305","Pawnee","1791","May","2025","NE"
"7306","Perkins","1859","May","2025","NE"
"7307","Phelps","6174","May","2025","NE"
"7308","Pierce","4964","May","2025","NE"
"7309","Platte","20573","May","2025","NE"
"7310","Polk","3612","May","2025","NE"
"7311","Red Willow","7018","May","2025","NE"
"7312","Richardson","5181","May","2025","NE"
"7313","Rock","1066","May","2025","NE"
"7314","Saline","7735","May","2025","NE"
"7315","Sarpy","130433","May","2025","NE"
"7316","Saunders","16667","May","2025","NE"
"7317","Scotts Bluff","22802","May","2025","NE"
"7318","Seward","11516","May","2025","NE"
"7319","Sheridan","3360","May","2025","NE"
"7320","Sherman","2092","May","2025","NE"
"7321","Sioux","826","May","2025","NE"
"7322","Stanton","3728","May","2025","NE"
"7323","Thayer","3570","May","2025","NE"
"7324","Thomas","483","May","2025","NE"
"7325","Thurston","3768","May","2025","NE"
"7326","Valley","2950","May","2025","NE"
"7327","Washington","15478","May","2025","NE"
"7328","Wayne","5231","May","2025","NE"
"7329","Webster","2283","May","2025","NE"
"7330","Wheeler","572","May","2025","NE"
"7331","York","9322","May","2025","NE"
"7332","Grand Total","1258007","May","2025","NE"
"7333","Adams","19266","November","2025","NE"
"7334","Antelope","4336","November","2025","NE"
"7335","Arthur","333","November","2025","NE"
"7336","Banner","518","November","2025","NE"
"7337","Blaine","353","November","2025","NE"
"7338","Boone","3607","November","2025","NE"
"7339","Box Butte","6818","November","2025","NE"
"7340","Boyd","1277","November","2025","NE"
"7341","Brown","2048","November","2025","NE"
"7342","Buffalo","31209","November","2025","NE"
"7343","Burt","4875","November","2025","NE"
"7344","Butler","5739","November","2025","NE"
"7345","Cass","19582","November","2025","NE"
"7346","Cedar","5770","November","2025","NE"
"7347","Chase","2385","November","2025","NE"
"7348","Cherry","3657","November","2025","NE"
"7349","Cheyenne","6297","November","2025","NE"
"7350","Clay","4132","November","2025","NE"
"7351","Colfax","5083","November","2025","NE"
"7352","Cuming","5786","November","2025","NE"
"7353","Custer","7707","November","2025","NE"
"7354","Dakota","10471","November","2025","NE"
"7355","Dawes","4985","November","2025","NE"
"7356","Dawson","12896","November","2025","NE"
"7357","Deuel","1408","November","2025","NE"
"7358","Dixon","3526","November","2025","NE"
"7359","Dodge","22245","November","2025","NE"
"7360","Douglas","366861","November","2025","NE"
"7361","Dundy","1197","November","2025","NE"
"7362","Fillmore","3946","November","2025","NE"
"7363","Franklin","2091","November","2025","NE"
"7364","Frontier","1802","November","2025","NE"
"7365","Furnas","3317","November","2025","NE"
"7366","Gage","14547","November","2025","NE"
"7367","Garden","1319","November","2025","NE"
"7368","Garfield","1288","November","2025","NE"
"7369","Gosper","1411","November","2025","NE"
"7370","Grant","440","November","2025","NE"
"7371","Greeley","1548","November","2025","NE"
"7372","Hall","32986","November","2025","NE"
"7373","Hamilton","6900","November","2025","NE"
"7374","Harlan","2298","November","2025","NE"
"7375","Hayes","619","November","2025","NE"
"7376","Hitchcock","1834","November","2025","NE"
"7377","Holt","6959","November","2025","NE"
"7378","Hooker","530","November","2025","NE"
"7379","Howard","4628","November","2025","NE"
"7380","Jefferson","4695","November","2025","NE"
"7381","Johnson","2823","November","2025","NE"
"7382","Kearney","4635","November","2025","NE"
"7383","Keith","5714","November","2025","NE"
"7384","Keya Paha","617","November","2025","NE"
"7385","Kimball","2565","November","2025","NE"
"7386","Knox","5462","November","2025","NE"
"7387","Lancaster","206746","November","2025","NE"
"7388","Lincoln","23178","November","2025","NE"
"7389","Logan","547","November","2025","NE"
"7390","Loup","513","November","2025","NE"
"7391","Madison","22325","November","2025","NE"
"7392","Mcpherson","340","November","2025","NE"
"7393","Merrick","5310","November","2025","NE"
"7394","Morrill","2957","November","2025","NE"
"7395","Nance","2405","November","2025","NE"
"7396","Nemaha","4481","November","2025","NE"
"7397","Nuckolls","3042","November","2025","NE"
"7398","Otoe","10726","November","2025","NE"
"7399","Pawnee","1788","November","2025","NE"
"7400","Perkins","1866","November","2025","NE"
"7401","Phelps","6153","November","2025","NE"
"7402","Pierce","4995","November","2025","NE"
"7403","Platte","20508","November","2025","NE"
"7404","Polk","3600","November","2025","NE"
"7405","Red Willow","7022","November","2025","NE"
"7406","Richardson","5174","November","2025","NE"
"7407","Rock","1051","November","2025","NE"
"7408","Saline","7680","November","2025","NE"
"7409","Sarpy","131198","November","2025","NE"
"7410","Saunders","16751","November","2025","NE"
"7411","Scotts Bluff","22756","November","2025","NE"
"7412","Seward","11559","November","2025","NE"
"7413","Sheridan","3319","November","2025","NE"
"7414","Sherman","2093","November","2025","NE"
"7415","Sioux","821","November","2025","NE"
"7416","Stanton","3713","November","2025","NE"
"7417","Thayer","3554","November","2025","NE"
"7418","Thomas","478","November","2025","NE"
"7419","Thurston","3755","November","2025","NE"
"7420","Valley","2954","November","2025","NE"
"7421","Washington","15446","November","2025","NE"
"7422","Wayne","5216","November","2025","NE"
"7423","Webster","2277","November","2025","NE"
"7424","Wheeler","569","November","2025","NE"
"7425","York","9273","November","2025","NE"
"7426","Grand Total","1257480","November","2025","NE"
"7427","Adams","19286","October","2025","NE"
"7428","Antelope","4340","October","2025","NE"
"7429","Arthur","335","October","2025","NE"
"7430","Banner","521","October","2025","NE"
"7431","Blaine","352","October","2025","NE"
"7432","Boone","3610","October","2025","NE"
"7433","Box Butte","6824","October","2025","NE"
"7434","Boyd","1276","October","2025","NE"
"7435","Brown","2044","October","2025","NE"
"7436","Buffalo","31231","October","2025","NE"
"7437","Burt","4868","October","2025","NE"
"7438","Butler","5731","October","2025","NE"
"7439","Cass","19572","October","2025","NE"
"7440","Cedar","5774","October","2025","NE"
"7441","Chase","2391","October","2025","NE"
"7442","Cherry","3664","October","2025","NE"
"7443","Cheyenne","6307","October","2025","NE"
"7444","Clay","4133","October","2025","NE"
"7445","Colfax","5084","October","2025","NE"
"7446","Cuming","5784","October","2025","NE"
"7447","Custer","7683","October","2025","NE"
"7448","Dakota","10477","October","2025","NE"
"7449","Dawes","5003","October","2025","NE"
"7450","Dawson","12930","October","2025","NE"
"7451","Deuel","1419","October","2025","NE"
"7452","Dixon","3524","October","2025","NE"
"7453","Dodge","22221","October","2025","NE"
"7454","Douglas","367096","October","2025","NE"
"7455","Dundy","1201","October","2025","NE"
"7456","Fillmore","3946","October","2025","NE"
"7457","Franklin","2094","October","2025","NE"
"7458","Frontier","1814","October","2025","NE"
"7459","Furnas","3309","October","2025","NE"
"7460","Gage","14558","October","2025","NE"
"7461","Garden","1321","October","2025","NE"
"7462","Garfield","1291","October","2025","NE"
"7463","Gosper","1418","October","2025","NE"
"7464","Grant","443","October","2025","NE"
"7465","Greeley","1549","October","2025","NE"
"7466","Hall","33014","October","2025","NE"
"7467","Hamilton","6920","October","2025","NE"
"7468","Harlan","2307","October","2025","NE"
"7469","Hayes","619","October","2025","NE"
"7470","Hitchcock","1834","October","2025","NE"
"7471","Holt","6953","October","2025","NE"
"7472","Hooker","529","October","2025","NE"
"7473","Howard","4630","October","2025","NE"
"7474","Jefferson","4704","October","2025","NE"
"7475","Johnson","2815","October","2025","NE"
"7476","Kearney","4618","October","2025","NE"
"7477","Keith","5725","October","2025","NE"
"7478","Keya Paha","617","October","2025","NE"
"7479","Kimball","2569","October","2025","NE"
"7480","Knox","5455","October","2025","NE"
"7481","Lancaster","206736","October","2025","NE"
"7482","Lincoln","23205","October","2025","NE"
"7483","Logan","546","October","2025","NE"
"7484","Loup","515","October","2025","NE"
"7485","Madison","22355","October","2025","NE"
"7486","Mcpherson","340","October","2025","NE"
"7487","Merrick","5311","October","2025","NE"
"7488","Morrill","2971","October","2025","NE"
"7489","Nance","2408","October","2025","NE"
"7490","Nemaha","4490","October","2025","NE"
"7491","Nuckolls","3046","October","2025","NE"
"7492","Otoe","10721","October","2025","NE"
"7493","Pawnee","1794","October","2025","NE"
"7494","Perkins","1862","October","2025","NE"
"7495","Phelps","6160","October","2025","NE"
"7496","Pierce","4985","October","2025","NE"
"7497","Platte","20527","October","2025","NE"
"7498","Polk","3607","October","2025","NE"
"7499","Red Willow","7020","October","2025","NE"
"7500","Richardson","5183","October","2025","NE"
"7501","Rock","1058","October","2025","NE"
"7502","Saline","7699","October","2025","NE"
"7503","Sarpy","131075","October","2025","NE"
"7504","Saunders","16732","October","2025","NE"
"7505","Scotts Bluff","22783","October","2025","NE"
"7506","Seward","11571","October","2025","NE"
"7507","Sheridan","3327","October","2025","NE"
"7508","Sherman","2095","October","2025","NE"
"7509","Sioux","820","October","2025","NE"
"7510","Stanton","3709","October","2025","NE"
"7511","Thayer","3549","October","2025","NE"
"7512","Thomas","476","October","2025","NE"
"7513","Thurston","3760","October","2025","NE"
"7514","Valley","2954","October","2025","NE"
"7515","Washington","15450","October","2025","NE"
"7516","Wayne","5231","October","2025","NE"
"7517","Webster","2284","October","2025","NE"
"7518","Wheeler","571","October","2025","NE"
"7519","York","9286","October","2025","NE"
"7520","Grand Total","1257945","October","2025","NE"
"7521","Adams","19301","September","2025","NE"
"7522","Antelope","4345","September","2025","NE"
"7523","Arthur","334","September","2025","NE"
"7524","Banner","521","September","2025","NE"
"7525","Blaine","352","September","2025","NE"
"7526","Boone","3613","September","2025","NE"
"7527","Box Butte","6834","September","2025","NE"
"7528","Boyd","1282","September","2025","NE"
"7529","Brown","2041","September","2025","NE"
"7530","Buffalo","31257","September","2025","NE"
"7531","Burt","4865","September","2025","NE"
"7532","Butler","5735","September","2025","NE"
"7533","Cass","19571","September","2025","NE"
"7534","Cedar","5767","September","2025","NE"
"7535","Chase","2398","September","2025","NE"
"7536","Cherry","3666","September","2025","NE"
"7537","Cheyenne","6300","September","2025","NE"
"7538","Clay","4134","September","2025","NE"
"7539","Colfax","5088","September","2025","NE"
"7540","Cuming","5790","September","2025","NE"
"7541","Custer","7691","September","2025","NE"
"7542","Dakota","10465","September","2025","NE"
"7543","Dawes","4999","September","2025","NE"
"7544","Dawson","12944","September","2025","NE"
"7545","Deuel","1418","September","2025","NE"
"7546","Dixon","3531","September","2025","NE"
"7547","Dodge","22229","September","2025","NE"
"7548","Douglas","366928","September","2025","NE"
"7549","Dundy","1183","September","2025","NE"
"7550","Fillmore","3949","September","2025","NE"
"7551","Franklin","2090","September","2025","NE"
"7552","Frontier","1809","September","2025","NE"
"7553","Furnas","3313","September","2025","NE"
"7554","Gage","14565","September","2025","NE"
"7555","Garden","1324","September","2025","NE"
"7556","Garfield","1289","September","2025","NE"
"7557","Gosper","1416","September","2025","NE"
"7558","Grant","445","September","2025","NE"
"7559","Greeley","1550","September","2025","NE"
"7560","Hall","33018","September","2025","NE"
"7561","Hamilton","6923","September","2025","NE"
"7562","Harlan","2302","September","2025","NE"
"7563","Hayes","620","September","2025","NE"
"7564","Hitchcock","1836","September","2025","NE"
"7565","Holt","6967","September","2025","NE"
"7566","Hooker","528","September","2025","NE"
"7567","Howard","4630","September","2025","NE"
"7568","Jefferson","4707","September","2025","NE"
"7569","Johnson","2817","September","2025","NE"
"7570","Kearney","4623","September","2025","NE"
"7571","Keith","5715","September","2025","NE"
"7572","Keya Paha","618","September","2025","NE"
"7573","Kimball","2572","September","2025","NE"
"7574","Knox","5459","September","2025","NE"
"7575","Lancaster","206797","September","2025","NE"
"7576","Lincoln","23192","September","2025","NE"
"7577","Logan","550","September","2025","NE"
"7578","Loup","514","September","2025","NE"
"7579","Madison","22353","September","2025","NE"
"7580","Mcpherson","341","September","2025","NE"
"7581","Merrick","5313","September","2025","NE"
"7582","Morrill","2969","September","2025","NE"
"7583","Nance","2411","September","2025","NE"
"7584","Nemaha","4473","September","2025","NE"
"7585","Nuckolls","3048","September","2025","NE"
"7586","Otoe","10729","September","2025","NE"
"7587","Pawnee","1795","September","2025","NE"
"7588","Perkins","1868","September","2025","NE"
"7589","Phelps","6151","September","2025","NE"
"7590","Pierce","4989","September","2025","NE"
"7591","Platte","20537","September","2025","NE"
"7592","Polk","3603","September","2025","NE"
"7593","Red Willow","7023","September","2025","NE"
"7594","Richardson","5184","September","2025","NE"
"7595","Rock","1058","September","2025","NE"
"7596","Saline","7714","September","2025","NE"
"7597","Sarpy","130978","September","2025","NE"
"7598","Saunders","16723","September","2025","NE"
"7599","Scotts Bluff","22775","September","2025","NE"
"7600","Seward","11568","September","2025","NE"
"7601","Sheridan","3342","September","2025","NE"
"7602","Sherman","2093","September","2025","NE"
"7603","Sioux","823","September","2025","NE"
"7604","Stanton","3704","September","2025","NE"
"7605","Thayer","3541","September","2025","NE"
"7606","Thomas","481","September","2025","NE"
"7607","Thurston","3769","September","2025","NE"
"7608","Valley","2957","September","2025","NE"
"7609","Washington","15444","September","2025","NE"
"7610","Wayne","5227","September","2025","NE"
"7611","Webster","2289","September","2025","NE"
"7612","Wheeler","571","September","2025","NE"
"7613","York","9296","September","2025","NE"
"7614","Grand Total","1257860","September","2025","NE"
