"","county","count","month","year","state"
"1","ATLANTIC","176475","January","2017","NJ"
"2","BERGEN","590530","January","2017","NJ"
"3","BURLINGTON","316066","January","2017","NJ"
"4","CAMDEN","348989","January","2017","NJ"
"5","CAPE MAY","70401","January","2017","NJ"
"6","CUMBERLAND","92069","January","2017","NJ"
"7","ESSEX","537781","January","2017","NJ"
"8","GLOUCESTER","208250","January","2017","NJ"
"9","HUDSON","348967","January","2017","NJ"
"10","HUNTERDON","96767","January","2017","NJ"
"11","MERCER","237144","January","2017","NJ"
"12","MIDDLESEX","520880","January","2017","NJ"
"13","MONMOUTH","449922","January","2017","NJ"
"14","MORRIS","353406","January","2017","NJ"
"15","OCEAN","402101","January","2017","NJ"
"16","PASSAIC","303706","January","2017","NJ"
"17","SALEM","44932","January","2017","NJ"
"18","SOMERSET","225025","January","2017","NJ"
"19","SUSSEX","104505","January","2017","NJ"
"20","UNION","331097","January","2017","NJ"
"21","WARREN","77581","January","2017","NJ"
"22","ATLANTIC","177721","February","2017","NJ"
"23","BERGEN","591602","February","2017","NJ"
"24","BURLINGTON","306220","February","2017","NJ"
"25","CAMDEN","350412","February","2017","NJ"
"26","CAPE MAY","69316","February","2017","NJ"
"27","CUMBERLAND","92187","February","2017","NJ"
"28","ESSEX","539066","February","2017","NJ"
"29","GLOUCESTER","209014","February","2017","NJ"
"30","HUDSON","349733","February","2017","NJ"
"31","HUNTERDON","94751","February","2017","NJ"
"32","MERCER","237519","February","2017","NJ"
"33","MIDDLESEX","520120","February","2017","NJ"
"34","MONMOUTH","441221","February","2017","NJ"
"35","MORRIS","346635","February","2017","NJ"
"36","OCEAN","403275","February","2017","NJ"
"37","PASSAIC","304210","February","2017","NJ"
"38","SALEM","45102","February","2017","NJ"
"39","SOMERSET","225488","February","2017","NJ"
"40","SUSSEX","104562","February","2017","NJ"
"41","UNION","331974","February","2017","NJ"
"42","WARREN","78081","February","2017","NJ"
"43","ATLANTIC","179151","March","2017","NJ"
"44","BERGEN","593521","March","2017","NJ"
"45","BURLINGTON","305967","March","2017","NJ"
"46","CAMDEN","351051","March","2017","NJ"
"47","CAPE MAY","69311","March","2017","NJ"
"48","CUMBERLAND","92338","March","2017","NJ"
"49","ESSEX","539169","March","2017","NJ"
"50","GLOUCESTER","209390","March","2017","NJ"
"51","HUDSON","336792","March","2017","NJ"
"52","HUNTERDON","94892","March","2017","NJ"
"53","MERCER","237958","March","2017","NJ"
"54","MIDDLESEX","519237","March","2017","NJ"
"55","MONMOUTH","441790","March","2017","NJ"
"56","MORRIS","346767","March","2017","NJ"
"57","OCEAN","404579","March","2017","NJ"
"58","PASSAIC","305585","March","2017","NJ"
"59","SALEM","43680","March","2017","NJ"
"60","SOMERSET","225748","March","2017","NJ"
"61","SUSSEX","102100","March","2017","NJ"
"62","UNION","333703","March","2017","NJ"
"63","WARREN","72435","March","2017","NJ"
"64","ATLANTIC","176126","April","2017","NJ"
"65","BERGEN","586854","April","2017","NJ"
"66","BURLINGTON","306340","April","2017","NJ"
"67","CAMDEN","351281","April","2017","NJ"
"68","CAPE MAY","69356","April","2017","NJ"
"69","CUMBERLAND","92287","April","2017","NJ"
"70","ESSEX","485011","April","2017","NJ"
"71","GLOUCESTER","209848","April","2017","NJ"
"72","HUDSON","337602","April","2017","NJ"
"73","HUNTERDON","95012","April","2017","NJ"
"74","MERCER","238288","April","2017","NJ"
"75","MIDDLESEX","522151","April","2017","NJ"
"76","MONMOUTH","442200","April","2017","NJ"
"77","MORRIS","347245","April","2017","NJ"
"78","OCEAN","404261","April","2017","NJ"
"79","PASSAIC","300036","April","2017","NJ"
"80","SALEM","43682","April","2017","NJ"
"81","SOMERSET","225938","April","2017","NJ"
"82","SUSSEX","102302","April","2017","NJ"
"83","UNION","333141","April","2017","NJ"
"84","WARREN","72564","April","2017","NJ"
"85","ATLANTIC","177145","May","2017","NJ"
"86","BERGEN","587449","May","2017","NJ"
"87","BURLINGTON","306883","May","2017","NJ"
"88","CAMDEN","351944","May","2017","NJ"
"89","CAPE MAY","69457","May","2017","NJ"
"90","CUMBERLAND","89102","May","2017","NJ"
"91","ESSEX","484419","May","2017","NJ"
"92","GLOUCESTER","205040","May","2017","NJ"
"93","HUDSON","338725","May","2017","NJ"
"94","HUNTERDON","95190","May","2017","NJ"
"95","MERCER","238707","May","2017","NJ"
"96","MIDDLESEX","487909","May","2017","NJ"
"97","MONMOUTH","442324","May","2017","NJ"
"98","MORRIS","347916","May","2017","NJ"
"99","OCEAN","397639","May","2017","NJ"
"100","PASSAIC","301249","May","2017","NJ"
"101","SALEM","43767","May","2017","NJ"
"102","SOMERSET","222501","May","2017","NJ"
"103","SUSSEX","102481","May","2017","NJ"
"104","UNION","321193","May","2017","NJ"
"105","WARREN","72720","May","2017","NJ"
"106","ATLANTIC","177748","June","2017","NJ"
"107","BERGEN","586450","June","2017","NJ"
"108","BURLINGTON","307512","June","2017","NJ"
"109","CAMDEN","352693","June","2017","NJ"
"110","CAPE MAY","69643","June","2017","NJ"
"111","CUMBERLAND","89514","June","2017","NJ"
"112","ESSEX","485472","June","2017","NJ"
"113","GLOUCESTER","205450","June","2017","NJ"
"114","HUDSON","339706","June","2017","NJ"
"115","HUNTERDON","95374","June","2017","NJ"
"116","MERCER","230803","June","2017","NJ"
"117","MIDDLESEX","492210","June","2017","NJ"
"118","MONMOUTH","441553","June","2017","NJ"
"119","MORRIS","348898","June","2017","NJ"
"120","OCEAN","398513","June","2017","NJ"
"121","PASSAIC","301775","June","2017","NJ"
"122","SALEM","43830","June","2017","NJ"
"123","SOMERSET","223208","June","2017","NJ"
"124","SUSSEX","102782","June","2017","NJ"
"125","UNION","321637","June","2017","NJ"
"126","WARREN","72979","June","2017","NJ"
"127","ATLANTIC","178133","July","2017","NJ"
"128","BERGEN","587620","July","2017","NJ"
"129","BURLINGTON","308328","July","2017","NJ"
"130","CAMDEN","347630","July","2017","NJ"
"131","CAPE MAY","69730","July","2017","NJ"
"132","CUMBERLAND","89531","July","2017","NJ"
"133","ESSEX","485081","July","2017","NJ"
"134","GLOUCESTER","205990","July","2017","NJ"
"135","HUDSON","340591","July","2017","NJ"
"136","HUNTERDON","95848","July","2017","NJ"
"137","MERCER","231453","July","2017","NJ"
"138","MIDDLESEX","491665","July","2017","NJ"
"139","MONMOUTH","442057","July","2017","NJ"
"140","MORRIS","349132","July","2017","NJ"
"141","OCEAN","399027","July","2017","NJ"
"142","PASSAIC","302416","July","2017","NJ"
"143","SALEM","43903","July","2017","NJ"
"144","SOMERSET","223337","July","2017","NJ"
"145","SUSSEX","102537","July","2017","NJ"
"146","UNION","322926","July","2017","NJ"
"147","WARREN","72893","July","2017","NJ"
"148","ATLANTIC","178116","August","2017","NJ"
"149","BERGEN","589132","August","2017","NJ"
"150","BURLINGTON","309157","August","2017","NJ"
"151","CAMDEN","348651","August","2017","NJ"
"152","CAPE MAY","69824","August","2017","NJ"
"153","CUMBERLAND","89791","August","2017","NJ"
"154","ESSEX","487015","August","2017","NJ"
"155","GLOUCESTER","206500","August","2017","NJ"
"156","HUDSON","341555","August","2017","NJ"
"157","HUNTERDON","95871","August","2017","NJ"
"158","MERCER","232025","August","2017","NJ"
"159","MIDDLESEX","493508","August","2017","NJ"
"160","MONMOUTH","443250","August","2017","NJ"
"161","MORRIS","350018","August","2017","NJ"
"162","OCEAN","399355","August","2017","NJ"
"163","PASSAIC","302722","August","2017","NJ"
"164","SALEM","43987","August","2017","NJ"
"165","SOMERSET","224086","August","2017","NJ"
"166","SUSSEX","102938","August","2017","NJ"
"167","UNION","323464","August","2017","NJ"
"168","WARREN","73041","August","2017","NJ"
"169","ATLANTIC","178008","September","2017","NJ"
"170","BERGEN","590658","September","2017","NJ"
"171","BURLINGTON","308702","September","2017","NJ"
"172","CAMDEN","349398","September","2017","NJ"
"173","CAPE MAY","69949","September","2017","NJ"
"174","CUMBERLAND","89760","September","2017","NJ"
"175","ESSEX","488804","September","2017","NJ"
"176","GLOUCESTER","206989","September","2017","NJ"
"177","HUDSON","343348","September","2017","NJ"
"178","HUNTERDON","96031","September","2017","NJ"
"179","MERCER","232501","September","2017","NJ"
"180","MIDDLESEX","494670","September","2017","NJ"
"181","MONMOUTH","443965","September","2017","NJ"
"182","MORRIS","351291","September","2017","NJ"
"183","OCEAN","401690","September","2017","NJ"
"184","PASSAIC","303888","September","2017","NJ"
"185","SALEM","44101","September","2017","NJ"
"186","SOMERSET","224662","September","2017","NJ"
"187","SUSSEX","103536","September","2017","NJ"
"188","UNION","324500","September","2017","NJ"
"189","WARREN","73693","September","2017","NJ"
"190","ATLANTIC","179311","October","2017","NJ"
"191","BERGEN","591998","October","2017","NJ"
"192","BURLINGTON","309341","October","2017","NJ"
"193","CAMDEN","349932","October","2017","NJ"
"194","CAPE MAY","70097","October","2017","NJ"
"195","CUMBERLAND","89536","October","2017","NJ"
"196","ESSEX","489846","October","2017","NJ"
"197","GLOUCESTER","207363","October","2017","NJ"
"198","HUDSON","345823","October","2017","NJ"
"199","HUNTERDON","96279","October","2017","NJ"
"200","MERCER","232881","October","2017","NJ"
"201","MIDDLESEX","496243","October","2017","NJ"
"202","MONMOUTH","444715","October","2017","NJ"
"203","MORRIS","351910","October","2017","NJ"
"204","OCEAN","401987","October","2017","NJ"
"205","PASSAIC","304466","October","2017","NJ"
"206","SALEM","44209","October","2017","NJ"
"207","SOMERSET","225134","October","2017","NJ"
"208","SUSSEX","103522","October","2017","NJ"
"209","UNION","325277","October","2017","NJ"
"210","WARREN","73881","October","2017","NJ"
"211","ATLANTIC","180140","November","2017","NJ"
"212","BERGEN","593652","November","2017","NJ"
"213","BURLINGTON","310723","November","2017","NJ"
"214","CAMDEN","350689","November","2017","NJ"
"215","CAPE MAY","70312","November","2017","NJ"
"216","CUMBERLAND","89681","November","2017","NJ"
"217","ESSEX","491981","November","2017","NJ"
"218","GLOUCESTER","208014","November","2017","NJ"
"219","HUDSON","348211","November","2017","NJ"
"220","HUNTERDON","96525","November","2017","NJ"
"221","MERCER","233856","November","2017","NJ"
"222","MIDDLESEX","498145","November","2017","NJ"
"223","MONMOUTH","445857","November","2017","NJ"
"224","MORRIS","353223","November","2017","NJ"
"225","OCEAN","402549","November","2017","NJ"
"226","PASSAIC","305825","November","2017","NJ"
"227","SALEM","44261","November","2017","NJ"
"228","SOMERSET","226078","November","2017","NJ"
"229","SUSSEX","103861","November","2017","NJ"
"230","UNION","326347","November","2017","NJ"
"231","WARREN","74155","November","2017","NJ"
"232","ATLANTIC","180223","December","2017","NJ"
"233","BERGEN","593850","December","2017","NJ"
"234","BURLINGTON","311592","December","2017","NJ"
"235","CAMDEN","351621","December","2017","NJ"
"236","CAPE MAY","70413","December","2017","NJ"
"237","CUMBERLAND","89442","December","2017","NJ"
"238","ESSEX","491636","December","2017","NJ"
"239","GLOUCESTER","207641","December","2017","NJ"
"240","HUDSON","349159","December","2017","NJ"
"241","HUNTERDON","96954","December","2017","NJ"
"242","MERCER","234311","December","2017","NJ"
"243","MIDDLESEX","497749","December","2017","NJ"
"244","MONMOUTH","446899","December","2017","NJ"
"245","MORRIS","352911","December","2017","NJ"
"246","OCEAN","402959","December","2017","NJ"
"247","PASSAIC","306451","December","2017","NJ"
"248","SALEM","44400","December","2017","NJ"
"249","SOMERSET","225836","December","2017","NJ"
"250","SUSSEX","103726","December","2017","NJ"
"251","UNION","327500","December","2017","NJ"
"252","WARREN","74022","December","2017","NJ"
"253","ATLANTIC","180715","January","2018","NJ"
"254","BERGEN","593651","January","2018","NJ"
"255","BURLINGTON","312358","January","2018","NJ"
"256","CAMDEN","351955","January","2018","NJ"
"257","CAPE MAY","70454","January","2018","NJ"
"258","CUMBERLAND","89416","January","2018","NJ"
"259","ESSEX","492218","January","2018","NJ"
"260","GLOUCESTER","208204","January","2018","NJ"
"261","HUDSON","349799","January","2018","NJ"
"262","HUNTERDON","97147","January","2018","NJ"
"263","MERCER","235033","January","2018","NJ"
"264","MIDDLESEX","498652","January","2018","NJ"
"265","MONMOUTH","448206","January","2018","NJ"
"266","MORRIS","354923","January","2018","NJ"
"267","OCEAN","403250","January","2018","NJ"
"268","PASSAIC","306777","January","2018","NJ"
"269","SALEM","44463","January","2018","NJ"
"270","SOMERSET","227243","January","2018","NJ"
"271","SUSSEX","104169","January","2018","NJ"
"272","UNION","328526","January","2018","NJ"
"273","WARREN","74250","January","2018","NJ"
"274","ATLANTIC","180778","February","2018","NJ"
"275","BERGEN","594721","February","2018","NJ"
"276","BURLINGTON","312584","February","2018","NJ"
"277","CAMDEN","352037","February","2018","NJ"
"278","CAPE MAY","70420","February","2018","NJ"
"279","CUMBERLAND","89528","February","2018","NJ"
"280","ESSEX","493093","February","2018","NJ"
"281","GLOUCESTER","208523","February","2018","NJ"
"282","HUDSON","350160","February","2018","NJ"
"283","HUNTERDON","97129","February","2018","NJ"
"284","MERCER","235579","February","2018","NJ"
"285","MIDDLESEX","499366","February","2018","NJ"
"286","MONMOUTH","448259","February","2018","NJ"
"287","MORRIS","355196","February","2018","NJ"
"288","OCEAN","403745","February","2018","NJ"
"289","PASSAIC","307636","February","2018","NJ"
"290","SALEM","44352","February","2018","NJ"
"291","SOMERSET","227409","February","2018","NJ"
"292","SUSSEX","104296","February","2018","NJ"
"293","UNION","329143","February","2018","NJ"
"294","WARREN","74452","February","2018","NJ"
"295","ATLANTIC","180871","March","2018","NJ"
"296","BERGEN","597692","March","2018","NJ"
"297","BURLINGTON","312945","March","2018","NJ"
"298","CAMDEN","351929","March","2018","NJ"
"299","CAPE MAY","70478","March","2018","NJ"
"300","CUMBERLAND","90033","March","2018","NJ"
"301","ESSEX","495611","March","2018","NJ"
"302","GLOUCESTER","209023","March","2018","NJ"
"303","HUDSON","351280","March","2018","NJ"
"304","HUNTERDON","97208","March","2018","NJ"
"305","MERCER","236029","March","2018","NJ"
"306","MIDDLESEX","501611","March","2018","NJ"
"307","MONMOUTH","448413","March","2018","NJ"
"308","MORRIS","355533","March","2018","NJ"
"309","OCEAN","404232","March","2018","NJ"
"310","PASSAIC","307261","March","2018","NJ"
"311","SALEM","44379","March","2018","NJ"
"312","SOMERSET","227604","March","2018","NJ"
"313","SUSSEX","104619","March","2018","NJ"
"314","UNION","329263","March","2018","NJ"
"315","WARREN","74798","March","2018","NJ"
"316","ATLANTIC","181140","April","2018","NJ"
"317","BERGEN","598377","April","2018","NJ"
"318","BURLINGTON","313136","April","2018","NJ"
"319","CAMDEN","352070","April","2018","NJ"
"320","CAPE MAY","70586","April","2018","NJ"
"321","CUMBERLAND","90143","April","2018","NJ"
"322","ESSEX","497510","April","2018","NJ"
"323","GLOUCESTER","209376","April","2018","NJ"
"324","HUDSON","352019","April","2018","NJ"
"325","HUNTERDON","97349","April","2018","NJ"
"326","MERCER","236548","April","2018","NJ"
"327","MIDDLESEX","501980","April","2018","NJ"
"328","MONMOUTH","449013","April","2018","NJ"
"329","MORRIS","355854","April","2018","NJ"
"330","OCEAN","403911","April","2018","NJ"
"331","PASSAIC","309097","April","2018","NJ"
"332","SALEM","44442","April","2018","NJ"
"333","SOMERSET","228065","April","2018","NJ"
"334","SUSSEX","104842","April","2018","NJ"
"335","UNION","329756","April","2018","NJ"
"336","WARREN","74937","April","2018","NJ"
"337","ATLANTIC","181304","May","2018","NJ"
"338","BERGEN","599336","May","2018","NJ"
"339","BURLINGTON","313163","May","2018","NJ"
"340","CAMDEN","352601","May","2018","NJ"
"341","CAPE MAY","70746","May","2018","NJ"
"342","CUMBERLAND","90145","May","2018","NJ"
"343","ESSEX","499504","May","2018","NJ"
"344","GLOUCESTER","209703","May","2018","NJ"
"345","HUDSON","353855","May","2018","NJ"
"346","HUNTERDON","97553","May","2018","NJ"
"347","MERCER","237348","May","2018","NJ"
"348","MIDDLESEX","503349","May","2018","NJ"
"349","MONMOUTH","450350","May","2018","NJ"
"350","MORRIS","356885","May","2018","NJ"
"351","OCEAN","404203","May","2018","NJ"
"352","PASSAIC","309723","May","2018","NJ"
"353","SALEM","44522","May","2018","NJ"
"354","SOMERSET","228613","May","2018","NJ"
"355","SUSSEX","105018","May","2018","NJ"
"356","UNION","330404","May","2018","NJ"
"357","WARREN","75170","May","2018","NJ"
"358","ATLANTIC","181974","June","2018","NJ"
"359","BERGEN","600425","June","2018","NJ"
"360","BURLINGTON","313780","June","2018","NJ"
"361","CAMDEN","353067","June","2018","NJ"
"362","CAPE MAY","70897","June","2018","NJ"
"363","CUMBERLAND","90270","June","2018","NJ"
"364","ESSEX","501083","June","2018","NJ"
"365","GLOUCESTER","210149","June","2018","NJ"
"366","HUDSON","354765","June","2018","NJ"
"367","HUNTERDON","97694","June","2018","NJ"
"368","MERCER","238135","June","2018","NJ"
"369","MIDDLESEX","504483","June","2018","NJ"
"370","MONMOUTH","451413","June","2018","NJ"
"371","MORRIS","357972","June","2018","NJ"
"372","OCEAN","404918","June","2018","NJ"
"373","PASSAIC","310754","June","2018","NJ"
"374","SALEM","44637","June","2018","NJ"
"375","SOMERSET","229493","June","2018","NJ"
"376","SUSSEX","105224","June","2018","NJ"
"377","UNION","331238","June","2018","NJ"
"378","WARREN","75390","June","2018","NJ"
"379","ATLANTIC","182252","July","2018","NJ"
"380","BERGEN","601608","July","2018","NJ"
"381","BURLINGTON","314255","July","2018","NJ"
"382","CAMDEN","353274","July","2018","NJ"
"383","CAPE MAY","71030","July","2018","NJ"
"384","CUMBERLAND","90163","July","2018","NJ"
"385","ESSEX","501171","July","2018","NJ"
"386","GLOUCESTER","210424","July","2018","NJ"
"387","HUDSON","355630","July","2018","NJ"
"388","HUNTERDON","98069","July","2018","NJ"
"389","MERCER","238999","July","2018","NJ"
"390","MIDDLESEX","504910","July","2018","NJ"
"391","MONMOUTH","452327","July","2018","NJ"
"392","MORRIS","357656","July","2018","NJ"
"393","OCEAN","404400","July","2018","NJ"
"394","PASSAIC","311875","July","2018","NJ"
"395","SALEM","44672","July","2018","NJ"
"396","SOMERSET","229158","July","2018","NJ"
"397","SUSSEX","105456","July","2018","NJ"
"398","UNION","332557","July","2018","NJ"
"399","WARREN","75253","July","2018","NJ"
"400","ATLANTIC","182221","August","2018","NJ"
"401","BERGEN","604552","August","2018","NJ"
"402","BURLINGTON","314803","August","2018","NJ"
"403","CAMDEN","354065","August","2018","NJ"
"404","CAPE MAY","71098","August","2018","NJ"
"405","CUMBERLAND","90439","August","2018","NJ"
"406","ESSEX","501638","August","2018","NJ"
"407","GLOUCESTER","211103","August","2018","NJ"
"408","HUDSON","356585","August","2018","NJ"
"409","HUNTERDON","98157","August","2018","NJ"
"410","MERCER","239718","August","2018","NJ"
"411","MIDDLESEX","504406","August","2018","NJ"
"412","MONMOUTH","452758","August","2018","NJ"
"413","MORRIS","359512","August","2018","NJ"
"414","OCEAN","405359","August","2018","NJ"
"415","PASSAIC","311697","August","2018","NJ"
"416","SALEM","44727","August","2018","NJ"
"417","SOMERSET","229767","August","2018","NJ"
"418","SUSSEX","105890","August","2018","NJ"
"419","UNION","333826","August","2018","NJ"
"420","WARREN","75535","August","2018","NJ"
"421","ATLANTIC","183047","September","2018","NJ"
"422","BERGEN","605661","September","2018","NJ"
"423","BURLINGTON","315271","September","2018","NJ"
"424","CAMDEN","355069","September","2018","NJ"
"425","CAPE MAY","71216","September","2018","NJ"
"426","CUMBERLAND","90546","September","2018","NJ"
"427","ESSEX","503545","September","2018","NJ"
"428","GLOUCESTER","211747","September","2018","NJ"
"429","HUDSON","357662","September","2018","NJ"
"430","HUNTERDON","98403","September","2018","NJ"
"431","MERCER","240363","September","2018","NJ"
"432","MIDDLESEX","507605","September","2018","NJ"
"433","MONMOUTH","453690","September","2018","NJ"
"434","MORRIS","361019","September","2018","NJ"
"435","OCEAN","407159","September","2018","NJ"
"436","PASSAIC","312851","September","2018","NJ"
"437","SALEM","44840","September","2018","NJ"
"438","SOMERSET","231056","September","2018","NJ"
"439","SUSSEX","105998","September","2018","NJ"
"440","UNION","334564","September","2018","NJ"
"441","WARREN","75971","September","2018","NJ"
"442","ATLANTIC","183453","October","2018","NJ"
"443","BERGEN","607335","October","2018","NJ"
"444","BURLINGTON","316414","October","2018","NJ"
"445","CAMDEN","355376","October","2018","NJ"
"446","CAPE MAY","71363","October","2018","NJ"
"447","CUMBERLAND","90410","October","2018","NJ"
"448","ESSEX","505907","October","2018","NJ"
"449","GLOUCESTER","212318","October","2018","NJ"
"450","HUDSON","359060","October","2018","NJ"
"451","HUNTERDON","98565","October","2018","NJ"
"452","MERCER","241034","October","2018","NJ"
"453","MIDDLESEX","509123","October","2018","NJ"
"454","MONMOUTH","454154","October","2018","NJ"
"455","MORRIS","361729","October","2018","NJ"
"456","OCEAN","408337","October","2018","NJ"
"457","PASSAIC","313169","October","2018","NJ"
"458","SALEM","44890","October","2018","NJ"
"459","SOMERSET","231720","October","2018","NJ"
"460","SUSSEX","106246","October","2018","NJ"
"461","UNION","335428","October","2018","NJ"
"462","WARREN","76192","October","2018","NJ"
"463","ATLANTIC","184879","November","2018","NJ"
"464","BERGEN","611784","November","2018","NJ"
"465","BURLINGTON","318980","November","2018","NJ"
"466","CAMDEN","357691","November","2018","NJ"
"467","CAPE MAY","71865","November","2018","NJ"
"468","CUMBERLAND","90908","November","2018","NJ"
"469","ESSEX","511967","November","2018","NJ"
"470","GLOUCESTER","213801","November","2018","NJ"
"471","HUDSON","365923","November","2018","NJ"
"472","HUNTERDON","99166","November","2018","NJ"
"473","MERCER","243349","November","2018","NJ"
"474","MIDDLESEX","515418","November","2018","NJ"
"475","MONMOUTH","457719","November","2018","NJ"
"476","MORRIS","364824","November","2018","NJ"
"477","OCEAN","410920","November","2018","NJ"
"478","PASSAIC","316246","November","2018","NJ"
"479","SALEM","45061","November","2018","NJ"
"480","SOMERSET","233583","November","2018","NJ"
"481","SUSSEX","106772","November","2018","NJ"
"482","UNION","337969","November","2018","NJ"
"483","WARREN","76749","November","2018","NJ"
"484","ATLANTIC","185101","December","2018","NJ"
"485","BERGEN","611299","December","2018","NJ"
"486","BURLINGTON","320540","December","2018","NJ"
"487","CAMDEN","359563","December","2018","NJ"
"488","CAPE MAY","72098","December","2018","NJ"
"489","CUMBERLAND","90876","December","2018","NJ"
"490","ESSEX","511903","December","2018","NJ"
"491","GLOUCESTER","213561","December","2018","NJ"
"492","HUDSON","366598","December","2018","NJ"
"493","HUNTERDON","99176","December","2018","NJ"
"494","MERCER","243626","December","2018","NJ"
"495","MIDDLESEX","514975","December","2018","NJ"
"496","MONMOUTH","459986","December","2018","NJ"
"497","MORRIS","364941","December","2018","NJ"
"498","OCEAN","410805","December","2018","NJ"
"499","PASSAIC","316602","December","2018","NJ"
"500","SALEM","45311","December","2018","NJ"
"501","SOMERSET","233655","December","2018","NJ"
"502","SUSSEX","106568","December","2018","NJ"
"503","UNION","338758","December","2018","NJ"
"504","WARREN","76738","December","2018","NJ"
"505","ATLANTIC","185764","January","2019","NJ"
"506","BERGEN","611910","January","2019","NJ"
"507","BURLINGTON","321411","January","2019","NJ"
"508","CAMDEN","360579","January","2019","NJ"
"509","CAPE MAY","71525","January","2019","NJ"
"510","CUMBERLAND","90758","January","2019","NJ"
"511","ESSEX","512436","January","2019","NJ"
"512","GLOUCESTER","213892","January","2019","NJ"
"513","HUDSON","366583","January","2019","NJ"
"514","HUNTERDON","99556","January","2019","NJ"
"515","MERCER","245631","January","2019","NJ"
"516","MIDDLESEX","515794","January","2019","NJ"
"517","MONMOUTH","461336","January","2019","NJ"
"518","MORRIS","364893","January","2019","NJ"
"519","OCEAN","411482","January","2019","NJ"
"520","PASSAIC","317153","January","2019","NJ"
"521","SALEM","45486","January","2019","NJ"
"522","SOMERSET","234335","January","2019","NJ"
"523","SUSSEX","106912","January","2019","NJ"
"524","UNION","339916","January","2019","NJ"
"525","WARREN","76737","January","2019","NJ"
"526","ATLANTIC","186156","February","2019","NJ"
"527","BERGEN","612249","February","2019","NJ"
"528","BURLINGTON","321376","February","2019","NJ"
"529","CAMDEN","361954","February","2019","NJ"
"530","CAPE MAY","70596","February","2019","NJ"
"531","CUMBERLAND","91016","February","2019","NJ"
"532","ESSEX","513299","February","2019","NJ"
"533","GLOUCESTER","215718","February","2019","NJ"
"534","HUDSON","367643","February","2019","NJ"
"535","HUNTERDON","100055","February","2019","NJ"
"536","MERCER","246597","February","2019","NJ"
"537","MIDDLESEX","519461","February","2019","NJ"
"538","MONMOUTH","460841","February","2019","NJ"
"539","MORRIS","368503","February","2019","NJ"
"540","OCEAN","415317","February","2019","NJ"
"541","PASSAIC","319580","February","2019","NJ"
"542","SALEM","45599","February","2019","NJ"
"543","SOMERSET","236195","February","2019","NJ"
"544","SUSSEX","107591","February","2019","NJ"
"545","UNION","339568","February","2019","NJ"
"546","WARREN","76945","February","2019","NJ"
"547","ATLANTIC","186208","March","2019","NJ"
"548","BERGEN","616720","March","2019","NJ"
"549","BURLINGTON","314766","March","2019","NJ"
"550","CAMDEN","362843","March","2019","NJ"
"551","CAPE MAY","70724","March","2019","NJ"
"552","CUMBERLAND","91271","March","2019","NJ"
"553","ESSEX","515582","March","2019","NJ"
"554","GLOUCESTER","216116","March","2019","NJ"
"555","HUDSON","367780","March","2019","NJ"
"556","HUNTERDON","97904","March","2019","NJ"
"557","MERCER","246651","March","2019","NJ"
"558","MIDDLESEX","522466","March","2019","NJ"
"559","MONMOUTH","451724","March","2019","NJ"
"560","MORRIS","358509","March","2019","NJ"
"561","OCEAN","415350","March","2019","NJ"
"562","PASSAIC","320526","March","2019","NJ"
"563","SALEM","45685","March","2019","NJ"
"564","SOMERSET","236304","March","2019","NJ"
"565","SUSSEX","107937","March","2019","NJ"
"566","UNION","340254","March","2019","NJ"
"567","WARREN","77477","March","2019","NJ"
"568","ATLANTIC","187416","April","2019","NJ"
"569","BERGEN","621779","April","2019","NJ"
"570","BURLINGTON","315205","April","2019","NJ"
"571","CAMDEN","364153","April","2019","NJ"
"572","CAPE MAY","70862","April","2019","NJ"
"573","CUMBERLAND","88144","April","2019","NJ"
"574","ESSEX","517751","April","2019","NJ"
"575","GLOUCESTER","211196","April","2019","NJ"
"576","HUDSON","370056","April","2019","NJ"
"577","HUNTERDON","98112","April","2019","NJ"
"578","MERCER","248034","April","2019","NJ"
"579","MIDDLESEX","523693","April","2019","NJ"
"580","MONMOUTH","452853","April","2019","NJ"
"581","MORRIS","359655","April","2019","NJ"
"582","OCEAN","415680","April","2019","NJ"
"583","PASSAIC","321384","April","2019","NJ"
"584","SALEM","45849","April","2019","NJ"
"585","SOMERSET","237024","April","2019","NJ"
"586","SUSSEX","108284","April","2019","NJ"
"587","UNION","342538","April","2019","NJ"
"588","WARREN","78157","April","2019","NJ"
"589","ATLANTIC","187731","May","2019","NJ"
"590","BERGEN","623210","May","2019","NJ"
"591","BURLINGTON","316577","May","2019","NJ"
"592","CAMDEN","365310","May","2019","NJ"
"593","CAPE MAY","70998","May","2019","NJ"
"594","CUMBERLAND","89497","May","2019","NJ"
"595","ESSEX","522443","May","2019","NJ"
"596","GLOUCESTER","211888","May","2019","NJ"
"597","HUDSON","373899","May","2019","NJ"
"598","HUNTERDON","98373","May","2019","NJ"
"599","MERCER","248181","May","2019","NJ"
"600","MIDDLESEX","524383","May","2019","NJ"
"601","MONMOUTH","454055","May","2019","NJ"
"602","MORRIS","360505","May","2019","NJ"
"603","OCEAN","409219","May","2019","NJ"
"604","PASSAIC","321331","May","2019","NJ"
"605","SALEM","45964","May","2019","NJ"
"606","SOMERSET","237943","May","2019","NJ"
"607","SUSSEX","105501","May","2019","NJ"
"608","UNION","344507","May","2019","NJ"
"609","WARREN","78344","May","2019","NJ"
"610","ATLANTIC","188300","June","2019","NJ"
"611","BERGEN","623393","June","2019","NJ"
"612","BURLINGTON","317552","June","2019","NJ"
"613","CAMDEN","365666","June","2019","NJ"
"614","CAPE MAY","71247","June","2019","NJ"
"615","CUMBERLAND","89587","June","2019","NJ"
"616","ESSEX","525816","June","2019","NJ"
"617","GLOUCESTER","212619","June","2019","NJ"
"618","HUDSON","375819","June","2019","NJ"
"619","HUNTERDON","98458","June","2019","NJ"
"620","MERCER","248583","June","2019","NJ"
"621","MIDDLESEX","527319","June","2019","NJ"
"622","MONMOUTH","455492","June","2019","NJ"
"623","MORRIS","361776","June","2019","NJ"
"624","OCEAN","409982","June","2019","NJ"
"625","PASSAIC","321233","June","2019","NJ"
"626","SALEM","46149","June","2019","NJ"
"627","SOMERSET","238937","June","2019","NJ"
"628","SUSSEX","105834","June","2019","NJ"
"629","UNION","345064","June","2019","NJ"
"630","WARREN","78564","June","2019","NJ"
"631","ATLANTIC","188150","July","2019","NJ"
"632","BERGEN","626795","July","2019","NJ"
"633","BURLINGTON","318478","July","2019","NJ"
"634","CAMDEN","366201","July","2019","NJ"
"635","CAPE MAY","71514","July","2019","NJ"
"636","CUMBERLAND","89424","July","2019","NJ"
"637","ESSEX","527596","July","2019","NJ"
"638","GLOUCESTER","212829","July","2019","NJ"
"639","HUDSON","377069","July","2019","NJ"
"640","HUNTERDON","98727","July","2019","NJ"
"641","MERCER","249731","July","2019","NJ"
"642","MIDDLESEX","527253","July","2019","NJ"
"643","MONMOUTH","456964","July","2019","NJ"
"644","MORRIS","361393","July","2019","NJ"
"645","OCEAN","409632","July","2019","NJ"
"646","PASSAIC","321037","July","2019","NJ"
"647","SALEM","46362","July","2019","NJ"
"648","SOMERSET","239450","July","2019","NJ"
"649","SUSSEX","106301","July","2019","NJ"
"650","UNION","346257","July","2019","NJ"
"651","WARREN","78681","July","2019","NJ"
"652","ATLANTIC","188206","August","2019","NJ"
"653","BERGEN","628902","August","2019","NJ"
"654","BURLINGTON","319664","August","2019","NJ"
"655","CAMDEN","367365","August","2019","NJ"
"656","CAPE MAY","71599","August","2019","NJ"
"657","CUMBERLAND","89930","August","2019","NJ"
"658","ESSEX","529363","August","2019","NJ"
"659","GLOUCESTER","213465","August","2019","NJ"
"660","HUDSON","377882","August","2019","NJ"
"661","HUNTERDON","99263","August","2019","NJ"
"662","MERCER","250658","August","2019","NJ"
"663","MIDDLESEX","530202","August","2019","NJ"
"664","MONMOUTH","458249","August","2019","NJ"
"665","MORRIS","364162","August","2019","NJ"
"666","OCEAN","411134","August","2019","NJ"
"667","PASSAIC","322092","August","2019","NJ"
"668","SALEM","46508","August","2019","NJ"
"669","SOMERSET","240597","August","2019","NJ"
"670","SUSSEX","106621","August","2019","NJ"
"671","UNION","347517","August","2019","NJ"
"672","WARREN","79068","August","2019","NJ"
"673","ATLANTIC","189821","September","2019","NJ"
"674","BERGEN","631654","September","2019","NJ"
"675","BURLINGTON","320905","September","2019","NJ"
"676","CAMDEN","368561","September","2019","NJ"
"677","CAPE MAY","71830","September","2019","NJ"
"678","CUMBERLAND","90350","September","2019","NJ"
"679","ESSEX","529813","September","2019","NJ"
"680","GLOUCESTER","214775","September","2019","NJ"
"681","HUDSON","379235","September","2019","NJ"
"682","HUNTERDON","99579","September","2019","NJ"
"683","MERCER","251713","September","2019","NJ"
"684","MIDDLESEX","533354","September","2019","NJ"
"685","MONMOUTH","459758","September","2019","NJ"
"686","MORRIS","366087","September","2019","NJ"
"687","OCEAN","414348","September","2019","NJ"
"688","PASSAIC","322922","September","2019","NJ"
"689","SALEM","46631","September","2019","NJ"
"690","SOMERSET","240719","September","2019","NJ"
"691","SUSSEX","106793","September","2019","NJ"
"692","UNION","348762","September","2019","NJ"
"693","WARREN","79464","September","2019","NJ"
"694","ATLANTIC","190429","October","2019","NJ"
"695","BERGEN","633645","October","2019","NJ"
"696","BURLINGTON","320816","October","2019","NJ"
"697","CAMDEN","369456","October","2019","NJ"
"698","CAPE MAY","71893","October","2019","NJ"
"699","CUMBERLAND","90640","October","2019","NJ"
"700","ESSEX","532317","October","2019","NJ"
"701","GLOUCESTER","215418","October","2019","NJ"
"702","HUDSON","381166","October","2019","NJ"
"703","HUNTERDON","99876","October","2019","NJ"
"704","MERCER","252570","October","2019","NJ"
"705","MIDDLESEX","535456","October","2019","NJ"
"706","MONMOUTH","461043","October","2019","NJ"
"707","MORRIS","367195","October","2019","NJ"
"708","OCEAN","414989","October","2019","NJ"
"709","PASSAIC","324370","October","2019","NJ"
"710","SALEM","46752","October","2019","NJ"
"711","SOMERSET","242175","October","2019","NJ"
"712","SUSSEX","107249","October","2019","NJ"
"713","UNION","349706","October","2019","NJ"
"714","WARREN","79798","October","2019","NJ"
"715","ATLANTIC","191770","November","2019","NJ"
"716","BERGEN","635018","November","2019","NJ"
"717","BURLINGTON","323141","November","2019","NJ"
"718","CAMDEN","370966","November","2019","NJ"
"719","CAPE MAY","72231","November","2019","NJ"
"720","CUMBERLAND","90739","November","2019","NJ"
"721","ESSEX","536580","November","2019","NJ"
"722","GLOUCESTER","216124","November","2019","NJ"
"723","HUDSON","385289","November","2019","NJ"
"724","HUNTERDON","100050","November","2019","NJ"
"725","MERCER","253551","November","2019","NJ"
"726","MIDDLESEX","538797","November","2019","NJ"
"727","MONMOUTH","462387","November","2019","NJ"
"728","MORRIS","368868","November","2019","NJ"
"729","OCEAN","416144","November","2019","NJ"
"730","PASSAIC","312875","November","2019","NJ"
"731","SALEM","46957","November","2019","NJ"
"732","SOMERSET","243182","November","2019","NJ"
"733","SUSSEX","107494","November","2019","NJ"
"734","UNION","350570","November","2019","NJ"
"735","WARREN","80306","November","2019","NJ"
"736","ATLANTIC","191607","December","2019","NJ"
"737","BERGEN","634450","December","2019","NJ"
"738","BURLINGTON","324421","December","2019","NJ"
"739","CAMDEN","371829","December","2019","NJ"
"740","CAPE MAY","72397","December","2019","NJ"
"741","CUMBERLAND","90690","December","2019","NJ"
"742","ESSEX","536872","December","2019","NJ"
"743","GLOUCESTER","216122","December","2019","NJ"
"744","HUDSON","386789","December","2019","NJ"
"745","HUNTERDON","100170","December","2019","NJ"
"746","MERCER","253984","December","2019","NJ"
"747","MIDDLESEX","538943","December","2019","NJ"
"748","MONMOUTH","463266","December","2019","NJ"
"749","MORRIS","368701","December","2019","NJ"
"750","OCEAN","416210","December","2019","NJ"
"751","PASSAIC","313573","December","2019","NJ"
"752","SALEM","47030","December","2019","NJ"
"753","SOMERSET","243479","December","2019","NJ"
"754","SUSSEX","107299","December","2019","NJ"
"755","UNION","351180","December","2019","NJ"
"756","WARREN","80237","December","2019","NJ"
"757","ATLANTIC","191261","January","2020","NJ"
"758","BERGEN","636028","January","2020","NJ"
"759","BURLINGTON","325041","January","2020","NJ"
"760","CAMDEN","372914","January","2020","NJ"
"761","CAPE MAY","72372","January","2020","NJ"
"762","CUMBERLAND","90995","January","2020","NJ"
"763","ESSEX","538946","January","2020","NJ"
"764","GLOUCESTER","217421","January","2020","NJ"
"765","HUDSON","387634","January","2020","NJ"
"766","HUNTERDON","100468","January","2020","NJ"
"767","MERCER","245096","January","2020","NJ"
"768","MIDDLESEX","538505","January","2020","NJ"
"769","MONMOUTH","464430","January","2020","NJ"
"770","MORRIS","370951","January","2020","NJ"
"771","OCEAN","417742","January","2020","NJ"
"772","PASSAIC","313925","January","2020","NJ"
"773","SALEM","47234","January","2020","NJ"
"774","SOMERSET","243774","January","2020","NJ"
"775","SUSSEX","107490","January","2020","NJ"
"776","UNION","352023","January","2020","NJ"
"777","WARREN","80380","January","2020","NJ"
"778","Atlantic","192048","February","2020","NJ"
"779","Bergen","635955","February","2020","NJ"
"780","Burlington","325282","February","2020","NJ"
"781","Camden","373454","February","2020","NJ"
"782","Cape May","72574","February","2020","NJ"
"783","Cumberland","91010","February","2020","NJ"
"784","Essex","540666","February","2020","NJ"
"785","Gloucester","217461","February","2020","NJ"
"786","Hudson","387605","February","2020","NJ"
"787","Hunterdon","100682","February","2020","NJ"
"788","Mercer","244858","February","2020","NJ"
"789","Middlesex","538736","February","2020","NJ"
"790","Monmouth","466210","February","2020","NJ"
"791","Morris","370610","February","2020","NJ"
"792","Ocean","417563","February","2020","NJ"
"793","Passaic","314351","February","2020","NJ"
"794","Salem","47352","February","2020","NJ"
"795","Somerset","243707","February","2020","NJ"
"796","Sussex","107371","February","2020","NJ"
"797","Union","352541","February","2020","NJ"
"798","Warren","80481","February","2020","NJ"
"799","Atlantic","193399","March","2020","NJ"
"800","Bergen","642733","March","2020","NJ"
"801","Burlington","327185","March","2020","NJ"
"802","Camden","375675","March","2020","NJ"
"803","Cape May","72607","March","2020","NJ"
"804","Cumberland","90832","March","2020","NJ"
"805","Essex","543650","March","2020","NJ"
"806","Gloucester","218386","March","2020","NJ"
"807","Hudson","388993","March","2020","NJ"
"808","Hunterdon","101015","March","2020","NJ"
"809","Mercer","246784","March","2020","NJ"
"810","Middlesex","538209","March","2020","NJ"
"811","Monmouth","467025","March","2020","NJ"
"812","Morris","370306","March","2020","NJ"
"813","Ocean","418308","March","2020","NJ"
"814","Passaic","314868","March","2020","NJ"
"815","Salem","47584","March","2020","NJ"
"816","Somerset","243822","March","2020","NJ"
"817","Sussex","108459","March","2020","NJ"
"818","Union","355396","March","2020","NJ"
"819","Warren","81273","March","2020","NJ"
"820","Atlantic","193699","April","2020","NJ"
"821","Bergen","644050","April","2020","NJ"
"822","Burlington","328312","April","2020","NJ"
"823","Camden","376211","April","2020","NJ"
"824","Cape May","72699","April","2020","NJ"
"825","Cumberland","91104","April","2020","NJ"
"826","Essex","544330","April","2020","NJ"
"827","Gloucester","219487","April","2020","NJ"
"828","Hudson","390298","April","2020","NJ"
"829","Hunterdon","101155","April","2020","NJ"
"830","Mercer","247536","April","2020","NJ"
"831","Middlesex","538278","April","2020","NJ"
"832","Monmouth","467670","April","2020","NJ"
"833","Morris","372137","April","2020","NJ"
"834","Ocean","420676","April","2020","NJ"
"835","Passaic","317345","April","2020","NJ"
"836","Salem","47648","April","2020","NJ"
"837","Somerset","246206","April","2020","NJ"
"838","Sussex","109109","April","2020","NJ"
"839","Union","356887","April","2020","NJ"
"840","Warren","81487","April","2020","NJ"
"841","Atlantic","193792","May","2020","NJ"
"842","Bergen","644242","May","2020","NJ"
"843","Burlington","328442","May","2020","NJ"
"844","Camden","376003","May","2020","NJ"
"845","Cape May","72801","May","2020","NJ"
"846","Cumberland","91637","May","2020","NJ"
"847","Essex","544600","May","2020","NJ"
"848","Gloucester","219483","May","2020","NJ"
"849","Hudson","390199","May","2020","NJ"
"850","Hunterdon","101225","May","2020","NJ"
"851","Mercer","247472","May","2020","NJ"
"852","Middlesex","543092","May","2020","NJ"
"853","Monmouth","467503","May","2020","NJ"
"854","Morris","372819","May","2020","NJ"
"855","Ocean","421324","May","2020","NJ"
"856","Passaic","317393","May","2020","NJ"
"857","Salem","47667","May","2020","NJ"
"858","Somerset","246524","May","2020","NJ"
"859","Sussex","109272","May","2020","NJ"
"860","Union","357241","May","2020","NJ"
"861","Warren","81595","May","2020","NJ"
"862","Atlantic","193818","June","2020","NJ"
"863","Bergen","643863","June","2020","NJ"
"864","Burlington","328812","June","2020","NJ"
"865","Camden","376014","June","2020","NJ"
"866","Cape May","72889","June","2020","NJ"
"867","Cumberland","91782","June","2020","NJ"
"868","Essex","544235","June","2020","NJ"
"869","Gloucester","219589","June","2020","NJ"
"870","Hudson","390477","June","2020","NJ"
"871","Hunterdon","101278","June","2020","NJ"
"872","Mercer","247507","June","2020","NJ"
"873","Middlesex","545377","June","2020","NJ"
"874","Monmouth","467629","June","2020","NJ"
"875","Morris","372948","June","2020","NJ"
"876","Ocean","421314","June","2020","NJ"
"877","Passaic","317120","June","2020","NJ"
"878","Salem","47704","June","2020","NJ"
"879","Somerset","246341","June","2020","NJ"
"880","Sussex","109216","June","2020","NJ"
"881","Union","357591","June","2020","NJ"
"882","Warren","81637","June","2020","NJ"
"883","Atlantic","194771","July","2020","NJ"
"884","Bergen","645445","July","2020","NJ"
"885","Burlington","329605","July","2020","NJ"
"886","Camden","376904","July","2020","NJ"
"887","Cape May","72968","July","2020","NJ"
"888","Cumberland","91985","July","2020","NJ"
"889","Essex","545224","July","2020","NJ"
"890","Gloucester","220046","July","2020","NJ"
"891","Hudson","392637","July","2020","NJ"
"892","Hunterdon","101456","July","2020","NJ"
"893","Mercer","248483","July","2020","NJ"
"894","Middlesex","546561","July","2020","NJ"
"895","Monmouth","469162","July","2020","NJ"
"896","Morris","374011","July","2020","NJ"
"897","Ocean","422390","July","2020","NJ"
"898","Passaic","317560","July","2020","NJ"
"899","Salem","47806","July","2020","NJ"
"900","Somerset","247098","July","2020","NJ"
"901","Sussex","109484","July","2020","NJ"
"902","Union","358557","July","2020","NJ"
"903","Warren","81837","July","2020","NJ"
"904","Atlantic","195965","August","2020","NJ"
"905","Bergen","649369","August","2020","NJ"
"906","Burlington","331767","August","2020","NJ"
"907","Camden","376429","August","2020","NJ"
"908","Cape May","72873","August","2020","NJ"
"909","Cumberland","91725","August","2020","NJ"
"910","Essex","547263","August","2020","NJ"
"911","Gloucester","219937","August","2020","NJ"
"912","Hudson","393976","August","2020","NJ"
"913","Hunterdon","102354","August","2020","NJ"
"914","Mercer","249564","August","2020","NJ"
"915","Middlesex","545795","August","2020","NJ"
"916","Monmouth","471952","August","2020","NJ"
"917","Morris","375296","August","2020","NJ"
"918","Ocean","424062","August","2020","NJ"
"919","Passaic","318029","August","2020","NJ"
"920","Salem","48110","August","2020","NJ"
"921","Somerset","246772","August","2020","NJ"
"922","Sussex","109843","August","2020","NJ"
"923","Union","359672","August","2020","NJ"
"924","Warren","81863","August","2020","NJ"
"925","Atlantic","196923","September","2020","NJ"
"926","Bergen","653918","September","2020","NJ"
"927","Burlington","334453","September","2020","NJ"
"928","Camden","377729","September","2020","NJ"
"929","Cape May","73478","September","2020","NJ"
"930","Cumberland","92242","September","2020","NJ"
"931","Essex","548316","September","2020","NJ"
"932","Gloucester","221820","September","2020","NJ"
"933","Hudson","395059","September","2020","NJ"
"934","Hunterdon","102762","September","2020","NJ"
"935","Mercer","249363","September","2020","NJ"
"936","Middlesex","553093","September","2020","NJ"
"937","Monmouth","474226","September","2020","NJ"
"938","Morris","377733","September","2020","NJ"
"939","Ocean","426371","September","2020","NJ"
"940","Passaic","318339","September","2020","NJ"
"941","Salem","48322","September","2020","NJ"
"942","Somerset","248302","September","2020","NJ"
"943","Sussex","111032","September","2020","NJ"
"944","Union","360061","September","2020","NJ"
"945","Warren","82343","September","2020","NJ"
"946","Atlantic","199742","October","2020","NJ"
"947","Bergen","668663","October","2020","NJ"
"948","Burlington","337457","October","2020","NJ"
"949","Camden","388269","October","2020","NJ"
"950","Cape May","75228","October","2020","NJ"
"951","Cumberland","93613","October","2020","NJ"
"952","Essex","562798","October","2020","NJ"
"953","Gloucester","227536","October","2020","NJ"
"954","Hudson","403500","October","2020","NJ"
"955","Hunterdon","104620","October","2020","NJ"
"956","Mercer","256137","October","2020","NJ"
"957","Middlesex","554285","October","2020","NJ"
"958","Monmouth","482595","October","2020","NJ"
"959","Morris","385586","October","2020","NJ"
"960","Ocean","437364","October","2020","NJ"
"961","Passaic","322880","October","2020","NJ"
"962","Salem","48734","October","2020","NJ"
"963","Somerset","254742","October","2020","NJ"
"964","Sussex","112855","October","2020","NJ"
"965","Union","365854","October","2020","NJ"
"966","Warren","83728","October","2020","NJ"
"967","Atlantic","205137","November","2020","NJ"
"968","Bergen","678883","November","2020","NJ"
"969","Burlington","347292","November","2020","NJ"
"970","Camden","393732","November","2020","NJ"
"971","Cape May","76848","November","2020","NJ"
"972","Cumberland","95723","November","2020","NJ"
"973","Essex","570655","November","2020","NJ"
"974","Gloucester","231113","November","2020","NJ"
"975","Hudson","413228","November","2020","NJ"
"976","Hunterdon","105808","November","2020","NJ"
"977","Mercer","262083","November","2020","NJ"
"978","Middlesex","563543","November","2020","NJ"
"979","Monmouth","490447","November","2020","NJ"
"980","Morris","391178","November","2020","NJ"
"981","Ocean","445529","November","2020","NJ"
"982","Passaic","329512","November","2020","NJ"
"983","Salem","49629","November","2020","NJ"
"984","Somerset","259009","November","2020","NJ"
"985","Sussex","115268","November","2020","NJ"
"986","Union","374532","November","2020","NJ"
"987","Warren","86447","November","2020","NJ"
"988","Atlantic","205413","December","2020","NJ"
"989","Bergen","682247","December","2020","NJ"
"990","Burlington","347718","December","2020","NJ"
"991","Camden","396192","December","2020","NJ"
"992","Cape May","76854","December","2020","NJ"
"993","Cumberland","95758","December","2020","NJ"
"994","Essex","573269","December","2020","NJ"
"995","Gloucester","230896","December","2020","NJ"
"996","Hudson","413362","December","2020","NJ"
"997","Hunterdon","105597","December","2020","NJ"
"998","Mercer","262494","December","2020","NJ"
"999","Middlesex","564999","December","2020","NJ"
"1000","Monmouth","492165","December","2020","NJ"
"1001","Morris","391424","December","2020","NJ"
"1002","Ocean","446052","December","2020","NJ"
"1003","Passaic","329282","December","2020","NJ"
"1004","Salem","49590","December","2020","NJ"
"1005","Somerset","259567","December","2020","NJ"
"1006","Sussex","115259","December","2020","NJ"
"1007","Union","375412","December","2020","NJ"
"1008","Warren","86285","December","2020","NJ"
"1009","Atlantic","205157","January","2021","NJ"
"1010","Bergen","683732","January","2021","NJ"
"1011","Burlington","348583","January","2021","NJ"
"1012","Camden","398198","January","2021","NJ"
"1013","Cape May","77330","January","2021","NJ"
"1014","Cumberland","96109","January","2021","NJ"
"1015","Essex","574883","January","2021","NJ"
"1016","Gloucester","230600","January","2021","NJ"
"1017","Hudson","413816","January","2021","NJ"
"1018","Hunterdon","106088","January","2021","NJ"
"1019","Mercer","262968","January","2021","NJ"
"1020","Middlesex","565175","January","2021","NJ"
"1021","Monmouth","492511","January","2021","NJ"
"1022","Morris","392471","January","2021","NJ"
"1023","Ocean","448175","January","2021","NJ"
"1024","Passaic","328516","January","2021","NJ"
"1025","Salem","49598","January","2021","NJ"
"1026","Somerset","259871","January","2021","NJ"
"1027","Sussex","116018","January","2021","NJ"
"1028","Union","376706","January","2021","NJ"
"1029","Warren","86784","January","2021","NJ"
"1030","Atlantic","205998","February","2021","NJ"
"1031","Bergen","684075","February","2021","NJ"
"1032","Burlington","349797","February","2021","NJ"
"1033","Camden","397955","February","2021","NJ"
"1034","Cape May","77349","February","2021","NJ"
"1035","Cumberland","96210","February","2021","NJ"
"1036","Essex","575316","February","2021","NJ"
"1037","Gloucester","230362","February","2021","NJ"
"1038","Hudson","414052","February","2021","NJ"
"1039","Hunterdon","106084","February","2021","NJ"
"1040","Mercer","263044","February","2021","NJ"
"1041","Middlesex","570109","February","2021","NJ"
"1042","Monmouth","491424","February","2021","NJ"
"1043","Morris","394249","February","2021","NJ"
"1044","Ocean","450029","February","2021","NJ"
"1045","Passaic","329536","February","2021","NJ"
"1046","Salem","49938","February","2021","NJ"
"1047","Somerset","260194","February","2021","NJ"
"1048","Sussex","116562","February","2021","NJ"
"1049","Union","351561","February","2021","NJ"
"1050","Warren","86984","February","2021","NJ"
"1051","Atlantic","206221","March","2021","NJ"
"1052","Bergen","684154","March","2021","NJ"
"1053","Burlington","349962","March","2021","NJ"
"1054","Camden","396428","March","2021","NJ"
"1055","Cape May","73982","March","2021","NJ"
"1056","Cumberland","96132","March","2021","NJ"
"1057","Essex","574706","March","2021","NJ"
"1058","Gloucester","230290","March","2021","NJ"
"1059","Hudson","414110","March","2021","NJ"
"1060","Hunterdon","106129","March","2021","NJ"
"1061","Mercer","263074","March","2021","NJ"
"1062","Middlesex","573304","March","2021","NJ"
"1063","Monmouth","490938","March","2021","NJ"
"1064","Morris","394871","March","2021","NJ"
"1065","Ocean","451155","March","2021","NJ"
"1066","Passaic","329336","March","2021","NJ"
"1067","Salem","49955","March","2021","NJ"
"1068","Somerset","260353","March","2021","NJ"
"1069","Sussex","116592","March","2021","NJ"
"1070","Union","353646","March","2021","NJ"
"1071","Warren","87284","March","2021","NJ"
"1072","Atlantic","206348","April","2021","NJ"
"1073","Bergen","683545","April","2021","NJ"
"1074","Burlington","350605","April","2021","NJ"
"1075","Camden","396483","April","2021","NJ"
"1076","Cape May","74105","April","2021","NJ"
"1077","Cumberland","96199","April","2021","NJ"
"1078","Essex","574066","April","2021","NJ"
"1079","Gloucester","231244","April","2021","NJ"
"1080","Hudson","414735","April","2021","NJ"
"1081","Hunterdon","106223","April","2021","NJ"
"1082","Mercer","263093","April","2021","NJ"
"1083","Middlesex","579462","April","2021","NJ"
"1084","Monmouth","491283","April","2021","NJ"
"1085","Morris","395134","April","2021","NJ"
"1086","Ocean","451855","April","2021","NJ"
"1087","Passaic","332548","April","2021","NJ"
"1088","Salem","48287","April","2021","NJ"
"1089","Somerset","260259","April","2021","NJ"
"1090","Sussex","116565","April","2021","NJ"
"1091","Union","359411","April","2021","NJ"
"1092","Warren","87519","April","2021","NJ"
"1093","Atlantic","206534","May","2021","NJ"
"1094","Bergen","685172","May","2021","NJ"
"1095","Burlington","351026","May","2021","NJ"
"1096","Camden","397115","May","2021","NJ"
"1097","Cape May","74259","May","2021","NJ"
"1098","Cumberland","96807","May","2021","NJ"
"1099","Essex","573647","May","2021","NJ"
"1100","Gloucester","229961","May","2021","NJ"
"1101","Hudson","413561","May","2021","NJ"
"1102","Hunterdon","106489","May","2021","NJ"
"1103","Mercer","263912","May","2021","NJ"
"1104","Middlesex","580778","May","2021","NJ"
"1105","Monmouth","492141","May","2021","NJ"
"1106","Morris","395776","May","2021","NJ"
"1107","Ocean","454566","May","2021","NJ"
"1108","Passaic","333174","May","2021","NJ"
"1109","Salem","47386","May","2021","NJ"
"1110","Somerset","260782","May","2021","NJ"
"1111","Sussex","116813","May","2021","NJ"
"1112","Union","360234","May","2021","NJ"
"1113","Warren","87767","May","2021","NJ"
"1114","Atlantic","206862","June","2021","NJ"
"1115","Bergen","685129","June","2021","NJ"
"1116","Burlington","351323","June","2021","NJ"
"1117","Camden","397509","June","2021","NJ"
"1118","Cape May","74297","June","2021","NJ"
"1119","Cumberland","96918","June","2021","NJ"
"1120","Essex","572686","June","2021","NJ"
"1121","Gloucester","229409","June","2021","NJ"
"1122","Hudson","416177","June","2021","NJ"
"1123","Hunterdon","106625","June","2021","NJ"
"1124","Mercer","264183","June","2021","NJ"
"1125","Middlesex","581681","June","2021","NJ"
"1126","Monmouth","492179","June","2021","NJ"
"1127","Morris","396129","June","2021","NJ"
"1128","Ocean","455845","June","2021","NJ"
"1129","Passaic","333693","June","2021","NJ"
"1130","Salem","47396","June","2021","NJ"
"1131","Somerset","261193","June","2021","NJ"
"1132","Sussex","116788","June","2021","NJ"
"1133","Union","360555","June","2021","NJ"
"1134","Warren","87815","June","2021","NJ"
"1135","Atlantic","206783","July","2021","NJ"
"1136","Bergen","684603","July","2021","NJ"
"1137","Burlington","351983","July","2021","NJ"
"1138","Camden","398018","July","2021","NJ"
"1139","Cape May","74399","July","2021","NJ"
"1140","Cumberland","96987","July","2021","NJ"
"1141","Essex","573411","July","2021","NJ"
"1142","Gloucester","229134","July","2021","NJ"
"1143","Hudson","415311","July","2021","NJ"
"1144","Hunterdon","106659","July","2021","NJ"
"1145","Mercer","264263","July","2021","NJ"
"1146","Middlesex","582585","July","2021","NJ"
"1147","Monmouth","491689","July","2021","NJ"
"1148","Morris","396431","July","2021","NJ"
"1149","Ocean","457004","July","2021","NJ"
"1150","Passaic","333522","July","2021","NJ"
"1151","Salem","47468","July","2021","NJ"
"1152","Somerset","261582","July","2021","NJ"
"1153","Sussex","116654","July","2021","NJ"
"1154","Union","360226","July","2021","NJ"
"1155","Warren","87975","July","2021","NJ"
"1156","Atlantic","207732","August","2021","NJ"
"1157","Bergen","687379","August","2021","NJ"
"1158","Burlington","352603","August","2021","NJ"
"1159","Camden","398786","August","2021","NJ"
"1160","Cape May","74360","August","2021","NJ"
"1161","Cumberland","96731","August","2021","NJ"
"1162","Essex","572661","August","2021","NJ"
"1163","Gloucester","228617","August","2021","NJ"
"1164","Hudson","413541","August","2021","NJ"
"1165","Hunterdon","106850","August","2021","NJ"
"1166","Mercer","264533","August","2021","NJ"
"1167","Middlesex","582807","August","2021","NJ"
"1168","Monmouth","493572","August","2021","NJ"
"1169","Morris","397415","August","2021","NJ"
"1170","Ocean","457547","August","2021","NJ"
"1171","Passaic","333210","August","2021","NJ"
"1172","Salem","47578","August","2021","NJ"
"1173","Somerset","261935","August","2021","NJ"
"1174","Sussex","116807","August","2021","NJ"
"1175","Union","361775","August","2021","NJ"
"1176","Warren","88166","August","2021","NJ"
"1177","Atlantic","208167","September","2021","NJ"
"1178","Bergen","687717","September","2021","NJ"
"1179","Burlington","353052","September","2021","NJ"
"1180","Camden","399298","September","2021","NJ"
"1181","Cape May","74411","September","2021","NJ"
"1182","Cumberland","96919","September","2021","NJ"
"1183","Essex","571653","September","2021","NJ"
"1184","Gloucester","228754","September","2021","NJ"
"1185","Hudson","414531","September","2021","NJ"
"1186","Hunterdon","106864","September","2021","NJ"
"1187","Mercer","265354","September","2021","NJ"
"1188","Middlesex","583359","September","2021","NJ"
"1189","Monmouth","493565","September","2021","NJ"
"1190","Morris","397190","September","2021","NJ"
"1191","Ocean","457230","September","2021","NJ"
"1192","Passaic","332946","September","2021","NJ"
"1193","Salem","47590","September","2021","NJ"
"1194","Somerset","262030","September","2021","NJ"
"1195","Sussex","117563","September","2021","NJ"
"1196","Union","361968","September","2021","NJ"
"1197","Warren","88449","September","2021","NJ"
"1198","Atlantic","209135","October","2021","NJ"
"1199","Bergen","688213","October","2021","NJ"
"1200","Burlington","353613","October","2021","NJ"
"1201","Camden","399135","October","2021","NJ"
"1202","Cape May","74585","October","2021","NJ"
"1203","Cumberland","97440","October","2021","NJ"
"1204","Essex","571960","October","2021","NJ"
"1205","Gloucester","230545","October","2021","NJ"
"1206","Hudson","418233","October","2021","NJ"
"1207","Hunterdon","107101","October","2021","NJ"
"1208","Mercer","265703","October","2021","NJ"
"1209","Middlesex","584060","October","2021","NJ"
"1210","Monmouth","493589","October","2021","NJ"
"1211","Morris","397571","October","2021","NJ"
"1212","Ocean","458230","October","2021","NJ"
"1213","Passaic","333460","October","2021","NJ"
"1214","Salem","47627","October","2021","NJ"
"1215","Somerset","262410","October","2021","NJ"
"1216","Sussex","117681","October","2021","NJ"
"1217","Union","362501","October","2021","NJ"
"1218","Warren","88776","October","2021","NJ"
"1219","Atlantic","209619","November","2021","NJ"
"1220","Bergen","688839","November","2021","NJ"
"1221","Burlington","354749","November","2021","NJ"
"1222","Camden","399582","November","2021","NJ"
"1223","Cape May","74936","November","2021","NJ"
"1224","Cumberland","97522","November","2021","NJ"
"1225","Essex","572383","November","2021","NJ"
"1226","Gloucester","230662","November","2021","NJ"
"1227","Hudson","420157","November","2021","NJ"
"1228","Hunterdon","107204","November","2021","NJ"
"1229","Mercer","266219","November","2021","NJ"
"1230","Middlesex","585856","November","2021","NJ"
"1231","Monmouth","495210","November","2021","NJ"
"1232","Morris","398841","November","2021","NJ"
"1233","Ocean","459135","November","2021","NJ"
"1234","Passaic","334286","November","2021","NJ"
"1235","Salem","47725","November","2021","NJ"
"1236","Somerset","263377","November","2021","NJ"
"1237","Sussex","117779","November","2021","NJ"
"1238","Union","362957","November","2021","NJ"
"1239","Warren","88866","November","2021","NJ"
"1240","Atlantic","209667","December","2021","NJ"
"1241","Bergen","690008","December","2021","NJ"
"1242","Burlington","355435","December","2021","NJ"
"1243","Camden","400611","December","2021","NJ"
"1244","Cape May","75043","December","2021","NJ"
"1245","Cumberland","97422","December","2021","NJ"
"1246","Essex","574055","December","2021","NJ"
"1247","Gloucester","230301","December","2021","NJ"
"1248","Hudson","421230","December","2021","NJ"
"1249","Hunterdon","107871","December","2021","NJ"
"1250","Mercer","266975","December","2021","NJ"
"1251","Middlesex","584649","December","2021","NJ"
"1252","Monmouth","496012","December","2021","NJ"
"1253","Morris","399530","December","2021","NJ"
"1254","Ocean","459036","December","2021","NJ"
"1255","Passaic","333813","December","2021","NJ"
"1256","Salem","47730","December","2021","NJ"
"1257","Somerset","264125","December","2021","NJ"
"1258","Sussex","118033","December","2021","NJ"
"1259","Union","363002","December","2021","NJ"
"1260","Warren","88990","December","2021","NJ"
"1261","Atlantic","209795","January","2022","NJ"
"1262","Bergen","692728","January","2022","NJ"
"1263","Burlington","356304","January","2022","NJ"
"1264","Camden","400751","January","2022","NJ"
"1265","Cape May","75037","January","2022","NJ"
"1266","Cumberland","97316","January","2022","NJ"
"1267","Essex","574755","January","2022","NJ"
"1268","Gloucester","230214","January","2022","NJ"
"1269","Hudson","420598","January","2022","NJ"
"1270","Hunterdon","108007","January","2022","NJ"
"1271","Mercer","267227","January","2022","NJ"
"1272","Middlesex","583765","January","2022","NJ"
"1273","Monmouth","497075","January","2022","NJ"
"1274","Morris","399821","January","2022","NJ"
"1275","Ocean","459600","January","2022","NJ"
"1276","Passaic","333199","January","2022","NJ"
"1277","Salem","48025","January","2022","NJ"
"1278","Somerset","264388","January","2022","NJ"
"1279","Sussex","118551","January","2022","NJ"
"1280","Union","364504","January","2022","NJ"
"1281","Warren","89244","January","2022","NJ"
"1282","Atlantic","210513","February","2022","NJ"
"1283","Bergen","692729","February","2022","NJ"
"1284","Burlington","356537","February","2022","NJ"
"1285","Camden","400806","February","2022","NJ"
"1286","Cape May","75099","February","2022","NJ"
"1287","Cumberland","97634","February","2022","NJ"
"1288","Essex","575296","February","2022","NJ"
"1289","Gloucester","231390","February","2022","NJ"
"1290","Hudson","421486","February","2022","NJ"
"1291","Hunterdon","107800","February","2022","NJ"
"1292","Mercer","267586","February","2022","NJ"
"1293","Middlesex","586063","February","2022","NJ"
"1294","Monmouth","497043","February","2022","NJ"
"1295","Morris","400065","February","2022","NJ"
"1296","Ocean","459496","February","2022","NJ"
"1297","Passaic","334396","February","2022","NJ"
"1298","Salem","47993","February","2022","NJ"
"1299","Somerset","264245","February","2022","NJ"
"1300","Sussex","118726","February","2022","NJ"
"1301","Union","364638","February","2022","NJ"
"1302","Warren","89685","February","2022","NJ"
"1303","Atlantic","210994","March","2022","NJ"
"1304","Bergen","692906","March","2022","NJ"
"1305","Burlington","356560","March","2022","NJ"
"1306","Camden","399769","March","2022","NJ"
"1307","Cape May","75152","March","2022","NJ"
"1308","Cumberland","97862","March","2022","NJ"
"1309","Essex","575548","March","2022","NJ"
"1310","Gloucester","232005","March","2022","NJ"
"1311","Hudson","421822","March","2022","NJ"
"1312","Hunterdon","107897","March","2022","NJ"
"1313","Mercer","267837","March","2022","NJ"
"1314","Middlesex","586187","March","2022","NJ"
"1315","Monmouth","497029","March","2022","NJ"
"1316","Morris","400339","March","2022","NJ"
"1317","Ocean","460234","March","2022","NJ"
"1318","Passaic","334895","March","2022","NJ"
"1319","Salem","47954","March","2022","NJ"
"1320","Somerset","264317","March","2022","NJ"
"1321","Sussex","118806","March","2022","NJ"
"1322","Union","365193","March","2022","NJ"
"1323","Warren","89819","March","2022","NJ"
"1324","Atlantic","200906","April","2022","NJ"
"1325","Bergen","666166","April","2022","NJ"
"1326","Burlington","350973","April","2022","NJ"
"1327","Camden","390438","April","2022","NJ"
"1328","Cape May","75258","April","2022","NJ"
"1329","Cumberland","96142","April","2022","NJ"
"1330","Essex","564332","April","2022","NJ"
"1331","Gloucester","227971","April","2022","NJ"
"1332","Hudson","395926","April","2022","NJ"
"1333","Hunterdon","105734","April","2022","NJ"
"1334","Mercer","258825","April","2022","NJ"
"1335","Middlesex","561819","April","2022","NJ"
"1336","Monmouth","488748","April","2022","NJ"
"1337","Morris","393309","April","2022","NJ"
"1338","Ocean","455016","April","2022","NJ"
"1339","Passaic","326968","April","2022","NJ"
"1340","Salem","47956","April","2022","NJ"
"1341","Somerset","249670","April","2022","NJ"
"1342","Sussex","116070","April","2022","NJ"
"1343","Union","364590","April","2022","NJ"
"1344","Warren","85319","April","2022","NJ"
"1345","Atlantic","201157","May","2022","NJ"
"1346","Bergen","667035","May","2022","NJ"
"1347","Burlington","351595","May","2022","NJ"
"1348","Camden","391208","May","2022","NJ"
"1349","Cape May","75409","May","2022","NJ"
"1350","Cumberland","96240","May","2022","NJ"
"1351","Essex","564380","May","2022","NJ"
"1352","Gloucester","228375","May","2022","NJ"
"1353","Hudson","397416","May","2022","NJ"
"1354","Hunterdon","105885","May","2022","NJ"
"1355","Mercer","259247","May","2022","NJ"
"1356","Middlesex","561863","May","2022","NJ"
"1357","Monmouth","489301","May","2022","NJ"
"1358","Morris","393804","May","2022","NJ"
"1359","Ocean","455721","May","2022","NJ"
"1360","Passaic","327506","May","2022","NJ"
"1361","Salem","48041","May","2022","NJ"
"1362","Somerset","250117","May","2022","NJ"
"1363","Sussex","116253","May","2022","NJ"
"1364","Union","366681","May","2022","NJ"
"1365","Warren","85468","May","2022","NJ"
"1366","Atlantic","201510","June","2022","NJ"
"1367","Bergen","668249","June","2022","NJ"
"1368","Burlington","352407","June","2022","NJ"
"1369","Camden","390562","June","2022","NJ"
"1370","Cape May","75606","June","2022","NJ"
"1371","Cumberland","96417","June","2022","NJ"
"1372","Essex","564948","June","2022","NJ"
"1373","Gloucester","228717","June","2022","NJ"
"1374","Hudson","398181","June","2022","NJ"
"1375","Hunterdon","105988","June","2022","NJ"
"1376","Mercer","259773","June","2022","NJ"
"1377","Middlesex","563378","June","2022","NJ"
"1378","Monmouth","489971","June","2022","NJ"
"1379","Morris","394653","June","2022","NJ"
"1380","Ocean","456655","June","2022","NJ"
"1381","Passaic","328038","June","2022","NJ"
"1382","Salem","48089","June","2022","NJ"
"1383","Somerset","250869","June","2022","NJ"
"1384","Sussex","116236","June","2022","NJ"
"1385","Union","369431","June","2022","NJ"
"1386","Warren","85719","June","2022","NJ"
"1387","Atlantic","201578","July","2022","NJ"
"1388","Bergen","669271","July","2022","NJ"
"1389","Burlington","353475","July","2022","NJ"
"1390","Camden","390858","July","2022","NJ"
"1391","Cape May","75756","July","2022","NJ"
"1392","Cumberland","96395","July","2022","NJ"
"1393","Essex","565972","July","2022","NJ"
"1394","Gloucester","228166","July","2022","NJ"
"1395","Hudson","399099","July","2022","NJ"
"1396","Hunterdon","106284","July","2022","NJ"
"1397","Mercer","260343","July","2022","NJ"
"1398","Middlesex","563115","July","2022","NJ"
"1399","Monmouth","490725","July","2022","NJ"
"1400","Morris","395618","July","2022","NJ"
"1401","Ocean","456481","July","2022","NJ"
"1402","Passaic","328247","July","2022","NJ"
"1403","Salem","48162","July","2022","NJ"
"1404","Somerset","251478","July","2022","NJ"
"1405","Sussex","116023","July","2022","NJ"
"1406","Union","370501","July","2022","NJ"
"1407","Warren","85930","July","2022","NJ"
"1408","Atlantic","202259","August","2022","NJ"
"1409","Bergen","670521","August","2022","NJ"
"1410","Burlington","354271","August","2022","NJ"
"1411","Camden","391209","August","2022","NJ"
"1412","Cape May","75830","August","2022","NJ"
"1413","Cumberland","96194","August","2022","NJ"
"1414","Essex","566632","August","2022","NJ"
"1415","Gloucester","228270","August","2022","NJ"
"1416","Hudson","399695","August","2022","NJ"
"1417","Hunterdon","106293","August","2022","NJ"
"1418","Mercer","260814","August","2022","NJ"
"1419","Middlesex","564510","August","2022","NJ"
"1420","Monmouth","491805","August","2022","NJ"
"1421","Morris","396138","August","2022","NJ"
"1422","Ocean","458585","August","2022","NJ"
"1423","Passaic","328703","August","2022","NJ"
"1424","Salem","48443","August","2022","NJ"
"1425","Somerset","251839","August","2022","NJ"
"1426","Sussex","116736","August","2022","NJ"
"1427","Union","371054","August","2022","NJ"
"1428","Warren","86083","August","2022","NJ"
"1429","Atlantic","202483","September","2022","NJ"
"1430","Bergen","671691","September","2022","NJ"
"1431","Burlington","354700","September","2022","NJ"
"1432","Camden","393434","September","2022","NJ"
"1433","Cape May","75966","September","2022","NJ"
"1434","Cumberland","96776","September","2022","NJ"
"1435","Essex","567096","September","2022","NJ"
"1436","Gloucester","228747","September","2022","NJ"
"1437","Hudson","399940","September","2022","NJ"
"1438","Hunterdon","106539","September","2022","NJ"
"1439","Mercer","261581","September","2022","NJ"
"1440","Middlesex","565160","September","2022","NJ"
"1441","Monmouth","492043","September","2022","NJ"
"1442","Morris","396614","September","2022","NJ"
"1443","Ocean","458700","September","2022","NJ"
"1444","Passaic","329197","September","2022","NJ"
"1445","Salem","48458","September","2022","NJ"
"1446","Somerset","252372","September","2022","NJ"
"1447","Sussex","116986","September","2022","NJ"
"1448","Union","371793","September","2022","NJ"
"1449","Warren","85362","September","2022","NJ"
"1450","Atlantic","203046","October","2022","NJ"
"1451","Bergen","673436","October","2022","NJ"
"1452","Burlington","355936","October","2022","NJ"
"1453","Camden","393164","October","2022","NJ"
"1454","Cape May","76108","October","2022","NJ"
"1455","Cumberland","96982","October","2022","NJ"
"1456","Essex","567710","October","2022","NJ"
"1457","Gloucester","229274","October","2022","NJ"
"1458","Hudson","399740","October","2022","NJ"
"1459","Hunterdon","106872","October","2022","NJ"
"1460","Mercer","262403","October","2022","NJ"
"1461","Middlesex","566063","October","2022","NJ"
"1462","Monmouth","492962","October","2022","NJ"
"1463","Morris","397789","October","2022","NJ"
"1464","Ocean","459671","October","2022","NJ"
"1465","Passaic","329737","October","2022","NJ"
"1466","Salem","48520","October","2022","NJ"
"1467","Somerset","253270","October","2022","NJ"
"1468","Sussex","117235","October","2022","NJ"
"1469","Union","372927","October","2022","NJ"
"1470","Warren","85421","October","2022","NJ"
"1471","Atlantic","203666","November","2022","NJ"
"1472","Bergen","674922","November","2022","NJ"
"1473","Burlington","356902","November","2022","NJ"
"1474","Camden","394301","November","2022","NJ"
"1475","Cape May","76296","November","2022","NJ"
"1476","Cumberland","97055","November","2022","NJ"
"1477","Essex","567899","November","2022","NJ"
"1478","Gloucester","229348","November","2022","NJ"
"1479","Hudson","400914","November","2022","NJ"
"1480","Hunterdon","106959","November","2022","NJ"
"1481","Mercer","263508","November","2022","NJ"
"1482","Middlesex","568660","November","2022","NJ"
"1483","Monmouth","494263","November","2022","NJ"
"1484","Morris","399150","November","2022","NJ"
"1485","Ocean","461500","November","2022","NJ"
"1486","Passaic","330574","November","2022","NJ"
"1487","Salem","48659","November","2022","NJ"
"1488","Somerset","254521","November","2022","NJ"
"1489","Sussex","117420","November","2022","NJ"
"1490","Union","373543","November","2022","NJ"
"1491","Warren","85691","November","2022","NJ"
"1492","Atlantic","203565","December","2022","NJ"
"1493","Bergen","675741","December","2022","NJ"
"1494","Burlington","356947","December","2022","NJ"
"1495","Camden","395117","December","2022","NJ"
"1496","Cape May","76458","December","2022","NJ"
"1497","Cumberland","97070","December","2022","NJ"
"1498","Essex","568745","December","2022","NJ"
"1499","Gloucester","229070","December","2022","NJ"
"1500","Hudson","402755","December","2022","NJ"
"1501","Hunterdon","107355","December","2022","NJ"
"1502","Mercer","264407","December","2022","NJ"
"1503","Middlesex","568668","December","2022","NJ"
"1504","Monmouth","494691","December","2022","NJ"
"1505","Morris","400417","December","2022","NJ"
"1506","Ocean","462169","December","2022","NJ"
"1507","Passaic","330780","December","2022","NJ"
"1508","Salem","48770","December","2022","NJ"
"1509","Somerset","254584","December","2022","NJ"
"1510","Sussex","117741","December","2022","NJ"
"1511","Union","373028","December","2022","NJ"
"1512","Warren","85983","December","2022","NJ"
"1513","Atlantic","203333","January","2023","NJ"
"1514","Bergen","677337","January","2023","NJ"
"1515","Burlington","358585","January","2023","NJ"
"1516","Camden","395720","January","2023","NJ"
"1517","Cape May","76254","January","2023","NJ"
"1518","Cumberland","97039","January","2023","NJ"
"1519","Essex","570698","January","2023","NJ"
"1520","Gloucester","229356","January","2023","NJ"
"1521","Hudson","402995","January","2023","NJ"
"1522","Hunterdon","107361","January","2023","NJ"
"1523","Mercer","264317","January","2023","NJ"
"1524","Middlesex","570572","January","2023","NJ"
"1525","Monmouth","496190","January","2023","NJ"
"1526","Morris","400660","January","2023","NJ"
"1527","Ocean","462198","January","2023","NJ"
"1528","Passaic","331262","January","2023","NJ"
"1529","Salem","48956","January","2023","NJ"
"1530","Somerset","253834","January","2023","NJ"
"1531","Sussex","118189","January","2023","NJ"
"1532","Union","375076","January","2023","NJ"
"1533","Warren","86075","January","2023","NJ"
"1534","Atlantic","203121","February","2023","NJ"
"1535","Bergen","677244","February","2023","NJ"
"1536","Burlington","358930","February","2023","NJ"
"1537","Camden","395989","February","2023","NJ"
"1538","Cape May","76010","February","2023","NJ"
"1539","Cumberland","97509","February","2023","NJ"
"1540","Essex","570558","February","2023","NJ"
"1541","Gloucester","229495","February","2023","NJ"
"1542","Hudson","403202","February","2023","NJ"
"1543","Hunterdon","107412","February","2023","NJ"
"1544","Mercer","264748","February","2023","NJ"
"1545","Middlesex","571973","February","2023","NJ"
"1546","Monmouth","496337","February","2023","NJ"
"1547","Morris","400904","February","2023","NJ"
"1548","Ocean","464153","February","2023","NJ"
"1549","Passaic","331842","February","2023","NJ"
"1550","Salem","48980","February","2023","NJ"
"1551","Somerset","254038","February","2023","NJ"
"1552","Sussex","118399","February","2023","NJ"
"1553","Union","374688","February","2023","NJ"
"1554","Warren","86431","February","2023","NJ"
"1555","Atlantic","203494","March","2023","NJ"
"1556","Bergen","677213","March","2023","NJ"
"1557","Burlington","359249","March","2023","NJ"
"1558","Camden","396047","March","2023","NJ"
"1559","Cape May","75770","March","2023","NJ"
"1560","Cumberland","97574","March","2023","NJ"
"1561","Essex","569973","March","2023","NJ"
"1562","Gloucester","230041","March","2023","NJ"
"1563","Hudson","403478","March","2023","NJ"
"1564","Hunterdon","107417","March","2023","NJ"
"1565","Mercer","264799","March","2023","NJ"
"1566","Middlesex","571446","March","2023","NJ"
"1567","Monmouth","496411","March","2023","NJ"
"1568","Morris","388474","March","2023","NJ"
"1569","Ocean","465277","March","2023","NJ"
"1570","Passaic","331702","March","2023","NJ"
"1571","Salem","49063","March","2023","NJ"
"1572","Somerset","255884","March","2023","NJ"
"1573","Sussex","118188","March","2023","NJ"
"1574","Union","376713","March","2023","NJ"
"1575","Warren","87230","March","2023","NJ"
"1576","Atlantic","204340","April","2023","NJ"
"1577","Bergen","677732","April","2023","NJ"
"1578","Burlington","359396","April","2023","NJ"
"1579","Camden","396832","April","2023","NJ"
"1580","Cape May","75510","April","2023","NJ"
"1581","Cumberland","97666","April","2023","NJ"
"1582","Essex","570054","April","2023","NJ"
"1583","Gloucester","230404","April","2023","NJ"
"1584","Hudson","402465","April","2023","NJ"
"1585","Hunterdon","107605","April","2023","NJ"
"1586","Mercer","264953","April","2023","NJ"
"1587","Middlesex","573384","April","2023","NJ"
"1588","Monmouth","496434","April","2023","NJ"
"1589","Morris","388810","April","2023","NJ"
"1590","Ocean","465316","April","2023","NJ"
"1591","Passaic","332070","April","2023","NJ"
"1592","Salem","49117","April","2023","NJ"
"1593","Somerset","256418","April","2023","NJ"
"1594","Sussex","118386","April","2023","NJ"
"1595","Union","377025","April","2023","NJ"
"1596","Warren","87388","April","2023","NJ"
"1597","Atlantic","204464","May","2023","NJ"
"1598","Bergen","678120","May","2023","NJ"
"1599","Burlington","359645","May","2023","NJ"
"1600","Camden","397059","May","2023","NJ"
"1601","Cape May","75474","May","2023","NJ"
"1602","Cumberland","97676","May","2023","NJ"
"1603","Essex","570558","May","2023","NJ"
"1604","Gloucester","230692","May","2023","NJ"
"1605","Hudson","404358","May","2023","NJ"
"1606","Hunterdon","107707","May","2023","NJ"
"1607","Mercer","265250","May","2023","NJ"
"1608","Middlesex","573889","May","2023","NJ"
"1609","Monmouth","496656","May","2023","NJ"
"1610","Morris","389169","May","2023","NJ"
"1611","Ocean","465425","May","2023","NJ"
"1612","Passaic","332217","May","2023","NJ"
"1613","Salem","49225","May","2023","NJ"
"1614","Somerset","256711","May","2023","NJ"
"1615","Sussex","118479","May","2023","NJ"
"1616","Union","377539","May","2023","NJ"
"1617","Warren","87473","May","2023","NJ"
"1618","Atlantic","204905","June","2023","NJ"
"1619","Bergen","678826","June","2023","NJ"
"1620","Burlington","360277","June","2023","NJ"
"1621","Camden","397897","June","2023","NJ"
"1622","Cape May","75581","June","2023","NJ"
"1623","Cumberland","97741","June","2023","NJ"
"1624","Essex","571558","June","2023","NJ"
"1625","Gloucester","230671","June","2023","NJ"
"1626","Hudson","405325","June","2023","NJ"
"1627","Hunterdon","107831","June","2023","NJ"
"1628","Mercer","265779","June","2023","NJ"
"1629","Middlesex","575002","June","2023","NJ"
"1630","Monmouth","497265","June","2023","NJ"
"1631","Morris","389790","June","2023","NJ"
"1632","Ocean","466625","June","2023","NJ"
"1633","Passaic","332728","June","2023","NJ"
"1634","Salem","49251","June","2023","NJ"
"1635","Somerset","257536","June","2023","NJ"
"1636","Sussex","118521","June","2023","NJ"
"1637","Union","377656","June","2023","NJ"
"1638","Warren","87644","June","2023","NJ"
"1639","Atlantic","204829","July","2023","NJ"
"1640","Bergen","679824","July","2023","NJ"
"1641","Burlington","361024","July","2023","NJ"
"1642","Camden","398593","July","2023","NJ"
"1643","Cape May","75672","July","2023","NJ"
"1644","Cumberland","97899","July","2023","NJ"
"1645","Essex","572689","July","2023","NJ"
"1646","Gloucester","230675","July","2023","NJ"
"1647","Hudson","406116","July","2023","NJ"
"1648","Hunterdon","108012","July","2023","NJ"
"1649","Mercer","266225","July","2023","NJ"
"1650","Middlesex","575465","July","2023","NJ"
"1651","Monmouth","497996","July","2023","NJ"
"1652","Morris","390760","July","2023","NJ"
"1653","Ocean","467667","July","2023","NJ"
"1654","Passaic","332984","July","2023","NJ"
"1655","Salem","49371","July","2023","NJ"
"1656","Somerset","257995","July","2023","NJ"
"1657","Sussex","118628","July","2023","NJ"
"1658","Union","377940","July","2023","NJ"
"1659","Warren","87848","July","2023","NJ"
"1660","Atlantic","204706","August","2023","NJ"
"1661","Bergen","680704","August","2023","NJ"
"1662","Burlington","361396","August","2023","NJ"
"1663","Camden","399029","August","2023","NJ"
"1664","Cape May","75693","August","2023","NJ"
"1665","Cumberland","97702","August","2023","NJ"
"1666","Essex","573286","August","2023","NJ"
"1667","Gloucester","231479","August","2023","NJ"
"1668","Hudson","406667","August","2023","NJ"
"1669","Hunterdon","108037","August","2023","NJ"
"1670","Mercer","266538","August","2023","NJ"
"1671","Middlesex","576354","August","2023","NJ"
"1672","Monmouth","498557","August","2023","NJ"
"1673","Morris","391355","August","2023","NJ"
"1674","Ocean","468405","August","2023","NJ"
"1675","Passaic","333012","August","2023","NJ"
"1676","Salem","49429","August","2023","NJ"
"1677","Somerset","258277","August","2023","NJ"
"1678","Sussex","118873","August","2023","NJ"
"1679","Union","379597","August","2023","NJ"
"1680","Warren","88023","August","2023","NJ"
"1681","Atlantic","200493","September","2023","NJ"
"1682","Bergen","669414","September","2023","NJ"
"1683","Burlington","357772","September","2023","NJ"
"1684","Camden","383176","September","2023","NJ"
"1685","Cape May","75758","September","2023","NJ"
"1686","Cumberland","94923","September","2023","NJ"
"1687","Essex","570990","September","2023","NJ"
"1688","Gloucester","225862","September","2023","NJ"
"1689","Hudson","403467","September","2023","NJ"
"1690","Hunterdon","105330","September","2023","NJ"
"1691","Mercer","259467","September","2023","NJ"
"1692","Middlesex","572975","September","2023","NJ"
"1693","Monmouth","492307","September","2023","NJ"
"1694","Morris","383969","September","2023","NJ"
"1695","Ocean","465188","September","2023","NJ"
"1696","Passaic","327016","September","2023","NJ"
"1697","Salem","48263","September","2023","NJ"
"1698","Somerset","252980","September","2023","NJ"
"1699","Sussex","117109","September","2023","NJ"
"1700","Union","377235","September","2023","NJ"
"1701","Warren","85751","September","2023","NJ"
"1702","Atlantic","201049","October","2023","NJ"
"1703","Bergen","670515","October","2023","NJ"
"1704","Burlington","358521","October","2023","NJ"
"1705","Camden","383700","October","2023","NJ"
"1706","Cape May","75841","October","2023","NJ"
"1707","Cumberland","95215","October","2023","NJ"
"1708","Essex","571711","October","2023","NJ"
"1709","Gloucester","223369","October","2023","NJ"
"1710","Hudson","403893","October","2023","NJ"
"1711","Hunterdon","105515","October","2023","NJ"
"1712","Mercer","260002","October","2023","NJ"
"1713","Middlesex","574218","October","2023","NJ"
"1714","Monmouth","492906","October","2023","NJ"
"1715","Morris","384914","October","2023","NJ"
"1716","Ocean","465240","October","2023","NJ"
"1717","Passaic","327043","October","2023","NJ"
"1718","Salem","48359","October","2023","NJ"
"1719","Somerset","253647","October","2023","NJ"
"1720","Sussex","117300","October","2023","NJ"
"1721","Union","377831","October","2023","NJ"
"1722","Warren","85960","October","2023","NJ"
"1723","Atlantic","201623","November","2023","NJ"
"1724","Bergen","672248","November","2023","NJ"
"1725","Burlington","359325","November","2023","NJ"
"1726","Camden","384858","November","2023","NJ"
"1727","Cape May","75988","November","2023","NJ"
"1728","Cumberland","95386","November","2023","NJ"
"1729","Essex","572980","November","2023","NJ"
"1730","Gloucester","222736","November","2023","NJ"
"1731","Hudson","405007","November","2023","NJ"
"1732","Hunterdon","105730","November","2023","NJ"
"1733","Mercer","260851","November","2023","NJ"
"1734","Middlesex","575920","November","2023","NJ"
"1735","Monmouth","494590","November","2023","NJ"
"1736","Morris","385846","November","2023","NJ"
"1737","Ocean","466491","November","2023","NJ"
"1738","Passaic","328185","November","2023","NJ"
"1739","Salem","48534","November","2023","NJ"
"1740","Somerset","254595","November","2023","NJ"
"1741","Sussex","117526","November","2023","NJ"
"1742","Union","377886","November","2023","NJ"
"1743","Warren","86229","November","2023","NJ"
"1744","Atlantic","201585","December","2023","NJ"
"1745","Bergen","673223","December","2023","NJ"
"1746","Burlington","360414","December","2023","NJ"
"1747","Camden","385470","December","2023","NJ"
"1748","Cape May","76100","December","2023","NJ"
"1749","Cumberland","95476","December","2023","NJ"
"1750","Essex","574329","December","2023","NJ"
"1751","Gloucester","222535","December","2023","NJ"
"1752","Hudson","406058","December","2023","NJ"
"1753","Hunterdon","106074","December","2023","NJ"
"1754","Mercer","261332","December","2023","NJ"
"1755","Middlesex","576200","December","2023","NJ"
"1756","Monmouth","494549","December","2023","NJ"
"1757","Morris","386903","December","2023","NJ"
"1758","Ocean","466778","December","2023","NJ"
"1759","Passaic","328152","December","2023","NJ"
"1760","Salem","48703","December","2023","NJ"
"1761","Somerset","254644","December","2023","NJ"
"1762","Sussex","117760","December","2023","NJ"
"1763","Union","377975","December","2023","NJ"
"1764","Warren","86396","December","2023","NJ"
"1765","Atlantic","201024","January","2024","NJ"
"1766","Bergen","674333","January","2024","NJ"
"1767","Burlington","360908","January","2024","NJ"
"1768","Camden","386129","January","2024","NJ"
"1769","Cape May","75290","January","2024","NJ"
"1770","Cumberland","95777","January","2024","NJ"
"1771","Essex","574857","January","2024","NJ"
"1772","Gloucester","223450","January","2024","NJ"
"1773","Hudson","406604","January","2024","NJ"
"1774","Hunterdon","106070","January","2024","NJ"
"1775","Mercer","261502","January","2024","NJ"
"1776","Middlesex","576929","January","2024","NJ"
"1777","Monmouth","496173","January","2024","NJ"
"1778","Morris","387053","January","2024","NJ"
"1779","Ocean","468183","January","2024","NJ"
"1780","Passaic","328340","January","2024","NJ"
"1781","Salem","48694","January","2024","NJ"
"1782","Somerset","255267","January","2024","NJ"
"1783","Sussex","118095","January","2024","NJ"
"1784","Union","379944","January","2024","NJ"
"1785","Warren","86547","January","2024","NJ"
"1786","Atlantic","201815","February","2024","NJ"
"1787","Bergen","674337","February","2024","NJ"
"1788","Burlington","361616","February","2024","NJ"
"1789","Camden","386815","February","2024","NJ"
"1790","Cape May","75305","February","2024","NJ"
"1791","Cumberland","95928","February","2024","NJ"
"1792","Essex","575687","February","2024","NJ"
"1793","Gloucester","224369","February","2024","NJ"
"1794","Hudson","407185","February","2024","NJ"
"1795","Hunterdon","106271","February","2024","NJ"
"1796","Mercer","262157","February","2024","NJ"
"1797","Middlesex","577549","February","2024","NJ"
"1798","Monmouth","496732","February","2024","NJ"
"1799","Morris","387943","February","2024","NJ"
"1800","Ocean","469804","February","2024","NJ"
"1801","Passaic","329689","February","2024","NJ"
"1802","Salem","48829","February","2024","NJ"
"1803","Somerset","255787","February","2024","NJ"
"1804","Sussex","118374","February","2024","NJ"
"1805","Union","381836","February","2024","NJ"
"1806","Warren","86704","February","2024","NJ"
"1807","Atlantic","202605","March","2024","NJ"
"1808","Bergen","674238","March","2024","NJ"
"1809","Burlington","362186","March","2024","NJ"
"1810","Camden","387458","March","2024","NJ"
"1811","Cape May","75386","March","2024","NJ"
"1812","Cumberland","96038","March","2024","NJ"
"1813","Essex","576092","March","2024","NJ"
"1814","Gloucester","223632","March","2024","NJ"
"1815","Hudson","407948","March","2024","NJ"
"1816","Hunterdon","106381","March","2024","NJ"
"1817","Mercer","262670","March","2024","NJ"
"1818","Middlesex","578159","March","2024","NJ"
"1819","Monmouth","497216","March","2024","NJ"
"1820","Morris","388496","March","2024","NJ"
"1821","Ocean","470327","March","2024","NJ"
"1822","Passaic","330282","March","2024","NJ"
"1823","Salem","48931","March","2024","NJ"
"1824","Somerset","256027","March","2024","NJ"
"1825","Sussex","118607","March","2024","NJ"
"1826","Union","382565","March","2024","NJ"
"1827","Warren","86871","March","2024","NJ"
"1828","Atlantic","202977","April","2024","NJ"
"1829","Bergen","674788","April","2024","NJ"
"1830","Burlington","362648","April","2024","NJ"
"1831","Camden","388392","April","2024","NJ"
"1832","Cape May","75494","April","2024","NJ"
"1833","Cumberland","96165","April","2024","NJ"
"1834","Essex","576661","April","2024","NJ"
"1835","Gloucester","222425","April","2024","NJ"
"1836","Hudson","408735","April","2024","NJ"
"1837","Hunterdon","106578","April","2024","NJ"
"1838","Mercer","263155","April","2024","NJ"
"1839","Middlesex","578139","April","2024","NJ"
"1840","Monmouth","497129","April","2024","NJ"
"1841","Morris","389211","April","2024","NJ"
"1842","Ocean","470902","April","2024","NJ"
"1843","Passaic","331098","April","2024","NJ"
"1844","Salem","49039","April","2024","NJ"
"1845","Somerset","256664","April","2024","NJ"
"1846","Sussex","118868","April","2024","NJ"
"1847","Union","383205","April","2024","NJ"
"1848","Warren","87116","April","2024","NJ"
"1849","Atlantic","203172","May","2024","NJ"
"1850","Bergen","675524","May","2024","NJ"
"1851","Burlington","363393","May","2024","NJ"
"1852","Camden","389457","May","2024","NJ"
"1853","Cape May","75584","May","2024","NJ"
"1854","Cumberland","96257","May","2024","NJ"
"1855","Essex","577411","May","2024","NJ"
"1856","Gloucester","222191","May","2024","NJ"
"1857","Hudson","409448","May","2024","NJ"
"1858","Hunterdon","106814","May","2024","NJ"
"1859","Mercer","263815","May","2024","NJ"
"1860","Middlesex","578739","May","2024","NJ"
"1861","Monmouth","497445","May","2024","NJ"
"1862","Morris","390103","May","2024","NJ"
"1863","Ocean","471569","May","2024","NJ"
"1864","Passaic","332171","May","2024","NJ"
"1865","Salem","49092","May","2024","NJ"
"1866","Somerset","256929","May","2024","NJ"
"1867","Sussex","119093","May","2024","NJ"
"1868","Union","384028","May","2024","NJ"
"1869","Warren","87333","May","2024","NJ"
"1870","Atlantic","203491","June","2024","NJ"
"1871","Bergen","676808","June","2024","NJ"
"1872","Burlington","363754","June","2024","NJ"
"1873","Camden","389989","June","2024","NJ"
"1874","Cape May","75694","June","2024","NJ"
"1875","Cumberland","96275","June","2024","NJ"
"1876","Essex","578902","June","2024","NJ"
"1877","Gloucester","222153","June","2024","NJ"
"1878","Hudson","410585","June","2024","NJ"
"1879","Hunterdon","107014","June","2024","NJ"
"1880","Mercer","264331","June","2024","NJ"
"1881","Middlesex","580773","June","2024","NJ"
"1882","Monmouth","498037","June","2024","NJ"
"1883","Morris","390596","June","2024","NJ"
"1884","Ocean","472519","June","2024","NJ"
"1885","Passaic","333128","June","2024","NJ"
"1886","Salem","49183","June","2024","NJ"
"1887","Somerset","257525","June","2024","NJ"
"1888","Sussex","119160","June","2024","NJ"
"1889","Union","384240","June","2024","NJ"
"1890","Warren","87537","June","2024","NJ"
"1891","Atlantic","203492","July","2024","NJ"
"1892","Bergen","678030","July","2024","NJ"
"1893","Burlington","364319","July","2024","NJ"
"1894","Camden","390954","July","2024","NJ"
"1895","Cape May","75858","July","2024","NJ"
"1896","Cumberland","96360","July","2024","NJ"
"1897","Essex","580070","July","2024","NJ"
"1898","Gloucester","222797","July","2024","NJ"
"1899","Hudson","411730","July","2024","NJ"
"1900","Hunterdon","107339","July","2024","NJ"
"1901","Mercer","264807","July","2024","NJ"
"1902","Middlesex","581515","July","2024","NJ"
"1903","Monmouth","499160","July","2024","NJ"
"1904","Morris","392026","July","2024","NJ"
"1905","Ocean","474028","July","2024","NJ"
"1906","Passaic","333798","July","2024","NJ"
"1907","Salem","49256","July","2024","NJ"
"1908","Somerset","258068","July","2024","NJ"
"1909","Sussex","118979","July","2024","NJ"
"1910","Union","385726","July","2024","NJ"
"1911","Warren","87828","July","2024","NJ"
"1912","Atlantic","204584","August","2024","NJ"
"1913","Bergen","680266","August","2024","NJ"
"1914","Burlington","365990","August","2024","NJ"
"1915","Camden","390604","August","2024","NJ"
"1916","Cape May","75905","August","2024","NJ"
"1917","Cumberland","96835","August","2024","NJ"
"1918","Essex","582450","August","2024","NJ"
"1919","Gloucester","224085","August","2024","NJ"
"1920","Hudson","413846","August","2024","NJ"
"1921","Hunterdon","107602","August","2024","NJ"
"1922","Mercer","265940","August","2024","NJ"
"1923","Middlesex","582514","August","2024","NJ"
"1924","Monmouth","500959","August","2024","NJ"
"1925","Morris","393489","August","2024","NJ"
"1926","Ocean","475630","August","2024","NJ"
"1927","Passaic","334895","August","2024","NJ"
"1928","Salem","49416","August","2024","NJ"
"1929","Somerset","259316","August","2024","NJ"
"1930","Sussex","120061","August","2024","NJ"
"1931","Union","386067","August","2024","NJ"
"1932","Warren","88234","August","2024","NJ"
"1933","Atlantic","205125","September","2024","NJ"
"1934","Bergen","682849","September","2024","NJ"
"1935","Burlington","367721","September","2024","NJ"
"1936","Camden","391295","September","2024","NJ"
"1937","Cape May","76164","September","2024","NJ"
"1938","Cumberland","97195","September","2024","NJ"
"1939","Essex","584557","September","2024","NJ"
"1940","Gloucester","222891","September","2024","NJ"
"1941","Hudson","414523","September","2024","NJ"
"1942","Hunterdon","108117","September","2024","NJ"
"1943","Mercer","266897","September","2024","NJ"
"1944","Middlesex","586143","September","2024","NJ"
"1945","Monmouth","502729","September","2024","NJ"
"1946","Morris","395240","September","2024","NJ"
"1947","Ocean","477389","September","2024","NJ"
"1948","Passaic","335710","September","2024","NJ"
"1949","Salem","49623","September","2024","NJ"
"1950","Somerset","259899","September","2024","NJ"
"1951","Sussex","120475","September","2024","NJ"
"1952","Union","388817","September","2024","NJ"
"1953","Warren","88574","September","2024","NJ"
"1954","Atlantic","206088","October","2024","NJ"
"1955","Bergen","687031","October","2024","NJ"
"1956","Burlington","369570","October","2024","NJ"
"1957","Camden","393341","October","2024","NJ"
"1958","Cape May","76481","October","2024","NJ"
"1959","Cumberland","97652","October","2024","NJ"
"1960","Essex","588348","October","2024","NJ"
"1961","Gloucester","224344","October","2024","NJ"
"1962","Hudson","418295","October","2024","NJ"
"1963","Hunterdon","108737","October","2024","NJ"
"1964","Mercer","268133","October","2024","NJ"
"1965","Middlesex","588393","October","2024","NJ"
"1966","Monmouth","505482","October","2024","NJ"
"1967","Morris","397598","October","2024","NJ"
"1968","Ocean","479805","October","2024","NJ"
"1969","Passaic","337682","October","2024","NJ"
"1970","Salem","49957","October","2024","NJ"
"1971","Somerset","261432","October","2024","NJ"
"1972","Sussex","121124","October","2024","NJ"
"1973","Union","391202","October","2024","NJ"
"1974","Warren","89268","October","2024","NJ"
"1975","Atlantic","208032","November","2024","NJ"
"1976","Bergen","694306","November","2024","NJ"
"1977","Burlington","372599","November","2024","NJ"
"1978","Camden","396833","November","2024","NJ"
"1979","Cape May","77071","November","2024","NJ"
"1980","Cumberland","98113","November","2024","NJ"
"1981","Essex","595319","November","2024","NJ"
"1982","Gloucester","226139","November","2024","NJ"
"1983","Hudson","426295","November","2024","NJ"
"1984","Hunterdon","109578","November","2024","NJ"
"1985","Mercer","271465","November","2024","NJ"
"1986","Middlesex","593509","November","2024","NJ"
"1987","Monmouth","510615","November","2024","NJ"
"1988","Morris","401037","November","2024","NJ"
"1989","Ocean","484435","November","2024","NJ"
"1990","Passaic","342085","November","2024","NJ"
"1991","Salem","50380","November","2024","NJ"
"1992","Somerset","263603","November","2024","NJ"
"1993","Sussex","121813","November","2024","NJ"
"1994","Union","394033","November","2024","NJ"
"1995","Warren","90098","November","2024","NJ"
"1996","Atlantic","208058","December","2024","NJ"
"1997","Bergen","694450","December","2024","NJ"
"1998","Burlington","373049","December","2024","NJ"
"1999","Camden","398227","December","2024","NJ"
"2000","Cape May","77415","December","2024","NJ"
"2001","Cumberland","98150","December","2024","NJ"
"2002","Essex","598865","December","2024","NJ"
"2003","Gloucester","226952","December","2024","NJ"
"2004","Hudson","428647","December","2024","NJ"
"2005","Hunterdon","110132","December","2024","NJ"
"2006","Mercer","272745","December","2024","NJ"
"2007","Middlesex","593362","December","2024","NJ"
"2008","Monmouth","510161","December","2024","NJ"
"2009","Morris","403381","December","2024","NJ"
"2010","Ocean","487347","December","2024","NJ"
"2011","Passaic","342678","December","2024","NJ"
"2012","Salem","50465","December","2024","NJ"
"2013","Somerset","263939","December","2024","NJ"
"2014","Sussex","121609","December","2024","NJ"
"2015","Union","393345","December","2024","NJ"
"2016","Warren","90262","December","2024","NJ"
"2017","Atlantic","207921","January","2025","NJ"
"2018","Bergen","696442","January","2025","NJ"
"2019","Burlington","373937","January","2025","NJ"
"2020","Camden","400424","January","2025","NJ"
"2021","Cape May","75823","January","2025","NJ"
"2022","Cumberland","98512","January","2025","NJ"
"2023","Essex","599441","January","2025","NJ"
"2024","Gloucester","227606","January","2025","NJ"
"2025","Hudson","430540","January","2025","NJ"
"2026","Hunterdon","110053","January","2025","NJ"
"2027","Mercer","272777","January","2025","NJ"
"2028","Middlesex","593207","January","2025","NJ"
"2029","Monmouth","512421","January","2025","NJ"
"2030","Morris","403545","January","2025","NJ"
"2031","Ocean","488074","January","2025","NJ"
"2032","Passaic","342993","January","2025","NJ"
"2033","Salem","50579","January","2025","NJ"
"2034","Somerset","264740","January","2025","NJ"
"2035","Sussex","122162","January","2025","NJ"
"2036","Union","393657","January","2025","NJ"
"2037","Warren","90913","January","2025","NJ"
"2038","Atlantic","208531","February","2025","NJ"
"2039","Bergen","700257","February","2025","NJ"
"2040","Burlington","376394","February","2025","NJ"
"2041","Camden","400556","February","2025","NJ"
"2042","Cape May","75761","February","2025","NJ"
"2043","Cumberland","98867","February","2025","NJ"
"2044","Essex","599337","February","2025","NJ"
"2045","Gloucester","229436","February","2025","NJ"
"2046","Hudson","429616","February","2025","NJ"
"2047","Hunterdon","109899","February","2025","NJ"
"2048","Mercer","273090","February","2025","NJ"
"2049","Middlesex","596085","February","2025","NJ"
"2050","Monmouth","513956","February","2025","NJ"
"2051","Morris","403503","February","2025","NJ"
"2052","Ocean","487547","February","2025","NJ"
"2053","Passaic","343293","February","2025","NJ"
"2054","Salem","50948","February","2025","NJ"
"2055","Somerset","265287","February","2025","NJ"
"2056","Sussex","122987","February","2025","NJ"
"2057","Union","398612","February","2025","NJ"
"2058","Warren","91008","February","2025","NJ"
"2059","Atlantic","202736","March","2025","NJ"
"2060","Bergen","675267","March","2025","NJ"
"2061","Burlington","364941","March","2025","NJ"
"2062","Camden","385564","March","2025","NJ"
"2063","Cape May","75115","March","2025","NJ"
"2064","Cumberland","94944","March","2025","NJ"
"2065","Essex","560994","March","2025","NJ"
"2066","Gloucester","226000","March","2025","NJ"
"2067","Hudson","422039","March","2025","NJ"
"2068","Hunterdon","106034","March","2025","NJ"
"2069","Mercer","264482","March","2025","NJ"
"2070","Middlesex","578809","March","2025","NJ"
"2071","Monmouth","499579","March","2025","NJ"
"2072","Morris","384321","March","2025","NJ"
"2073","Ocean","472608","March","2025","NJ"
"2074","Passaic","336928","March","2025","NJ"
"2075","Salem","49300","March","2025","NJ"
"2076","Somerset","255085","March","2025","NJ"
"2077","Sussex","119876","March","2025","NJ"
"2078","Union","386728","March","2025","NJ"
"2079","Warren","88967","March","2025","NJ"
"2080","Atlantic","202464","April","2025","NJ"
"2081","Bergen","675472","April","2025","NJ"
"2082","Burlington","365307","April","2025","NJ"
"2083","Camden","385742","April","2025","NJ"
"2084","Cape May","76115","April","2025","NJ"
"2085","Cumberland","95230","April","2025","NJ"
"2086","Essex","563224","April","2025","NJ"
"2087","Gloucester","226241","April","2025","NJ"
"2088","Hudson","423698","April","2025","NJ"
"2089","Hunterdon","106152","April","2025","NJ"
"2090","Mercer","264758","April","2025","NJ"
"2091","Middlesex","579871","April","2025","NJ"
"2092","Monmouth","499839","April","2025","NJ"
"2093","Morris","384456","April","2025","NJ"
"2094","Ocean","473018","April","2025","NJ"
"2095","Passaic","336805","April","2025","NJ"
"2096","Salem","49307","April","2025","NJ"
"2097","Somerset","255573","April","2025","NJ"
"2098","Sussex","120054","April","2025","NJ"
"2099","Union","387113","April","2025","NJ"
"2100","Warren","89110","April","2025","NJ"
"2101","Atlantic","202704","May","2025","NJ"
"2102","Bergen","675381","May","2025","NJ"
"2103","Burlington","365606","May","2025","NJ"
"2104","Camden","386679","May","2025","NJ"
"2105","Cape May","76164","May","2025","NJ"
"2106","Cumberland","95770","May","2025","NJ"
"2107","Essex","563454","May","2025","NJ"
"2108","Gloucester","226599","May","2025","NJ"
"2109","Hudson","424216","May","2025","NJ"
"2110","Hunterdon","106334","May","2025","NJ"
"2111","Mercer","264786","May","2025","NJ"
"2112","Middlesex","580548","May","2025","NJ"
"2113","Monmouth","500265","May","2025","NJ"
"2114","Morris","384967","May","2025","NJ"
"2115","Ocean","473404","May","2025","NJ"
"2116","Passaic","336966","May","2025","NJ"
"2117","Salem","49409","May","2025","NJ"
"2118","Somerset","255488","May","2025","NJ"
"2119","Sussex","120170","May","2025","NJ"
"2120","Union","387118","May","2025","NJ"
"2121","Warren","89257","May","2025","NJ"
"2122","Atlantic","202958","June","2025","NJ"
"2123","Bergen","676145","June","2025","NJ"
"2124","Burlington","366045","June","2025","NJ"
"2125","Camden","387285","June","2025","NJ"
"2126","Cape May","76221","June","2025","NJ"
"2127","Cumberland","95833","June","2025","NJ"
"2128","Essex","563906","June","2025","NJ"
"2129","Gloucester","226914","June","2025","NJ"
"2130","Hudson","425268","June","2025","NJ"
"2131","Hunterdon","106408","June","2025","NJ"
"2132","Mercer","265275","June","2025","NJ"
"2133","Middlesex","580847","June","2025","NJ"
"2134","Monmouth","500692","June","2025","NJ"
"2135","Morris","385284","June","2025","NJ"
"2136","Ocean","474417","June","2025","NJ"
"2137","Passaic","337606","June","2025","NJ"
"2138","Salem","49450","June","2025","NJ"
"2139","Somerset","256690","June","2025","NJ"
"2140","Sussex","120304","June","2025","NJ"
"2141","Union","387755","June","2025","NJ"
"2142","Warren","89389","June","2025","NJ"
"2143","Atlantic","203094","July","2025","NJ"
"2144","Bergen","675099","July","2025","NJ"
"2145","Burlington","366616","July","2025","NJ"
"2146","Camden","387317","July","2025","NJ"
"2147","Cape May","76424","July","2025","NJ"
"2148","Cumberland","95738","July","2025","NJ"
"2149","Essex","565380","July","2025","NJ"
"2150","Gloucester","226789","July","2025","NJ"
"2151","Hudson","426560","July","2025","NJ"
"2152","Hunterdon","106645","July","2025","NJ"
"2153","Mercer","265520","July","2025","NJ"
"2154","Middlesex","582054","July","2025","NJ"
"2155","Monmouth","500990","July","2025","NJ"
"2156","Morris","385542","July","2025","NJ"
"2157","Ocean","475678","July","2025","NJ"
"2158","Passaic","337634","July","2025","NJ"
"2159","Salem","49503","July","2025","NJ"
"2160","Somerset","256605","July","2025","NJ"
"2161","Sussex","120315","July","2025","NJ"
"2162","Union","387555","July","2025","NJ"
"2163","Warren","89558","July","2025","NJ"
"2164","Atlantic","203221","August","2025","NJ"
"2165","Bergen","677495","August","2025","NJ"
"2166","Burlington","367168","August","2025","NJ"
"2167","Camden","388317","August","2025","NJ"
"2168","Cape May","76405","August","2025","NJ"
"2169","Cumberland","96311","August","2025","NJ"
"2170","Essex","565206","August","2025","NJ"
"2171","Gloucester","227789","August","2025","NJ"
"2172","Hudson","425613","August","2025","NJ"
"2173","Hunterdon","106603","August","2025","NJ"
"2174","Mercer","265981","August","2025","NJ"
"2175","Middlesex","582543","August","2025","NJ"
"2176","Monmouth","502370","August","2025","NJ"
"2177","Morris","386639","August","2025","NJ"
"2178","Ocean","476312","August","2025","NJ"
"2179","Passaic","337347","August","2025","NJ"
"2180","Salem","49592","August","2025","NJ"
"2181","Somerset","257495","August","2025","NJ"
"2182","Sussex","120642","August","2025","NJ"
"2183","Union","388834","August","2025","NJ"
"2184","Warren","89707","August","2025","NJ"
"2185","Atlantic","203380","September","2025","NJ"
"2186","Bergen","677176","September","2025","NJ"
"2187","Burlington","367834","September","2025","NJ"
"2188","Camden","388787","September","2025","NJ"
"2189","Cape May","76431","September","2025","NJ"
"2190","Cumberland","96500","September","2025","NJ"
"2191","Essex","565310","September","2025","NJ"
"2192","Gloucester","228356","September","2025","NJ"
"2193","Hudson","426356","September","2025","NJ"
"2194","Hunterdon","106764","September","2025","NJ"
"2195","Mercer","266606","September","2025","NJ"
"2196","Middlesex","582024","September","2025","NJ"
"2197","Monmouth","502877","September","2025","NJ"
"2198","Morris","387218","September","2025","NJ"
"2199","Ocean","476665","September","2025","NJ"
"2200","Passaic","338369","September","2025","NJ"
"2201","Salem","49642","September","2025","NJ"
"2202","Somerset","257964","September","2025","NJ"
"2203","Sussex","120885","September","2025","NJ"
"2204","Union","389543","September","2025","NJ"
"2205","Warren","89899","September","2025","NJ"
"2206","Atlantic","203981","October","2025","NJ"
"2207","Bergen","677478","October","2025","NJ"
"2208","Burlington","368698","October","2025","NJ"
"2209","Camden","389244","October","2025","NJ"
"2210","Cape May","76556","October","2025","NJ"
"2211","Cumberland","96645","October","2025","NJ"
"2212","Essex","566085","October","2025","NJ"
"2213","Gloucester","228801","October","2025","NJ"
"2214","Hudson","427425","October","2025","NJ"
"2215","Hunterdon","107042","October","2025","NJ"
"2216","Mercer","266925","October","2025","NJ"
"2217","Middlesex","582846","October","2025","NJ"
"2218","Monmouth","503764","October","2025","NJ"
"2219","Morris","388191","October","2025","NJ"
"2220","Ocean","477562","October","2025","NJ"
"2221","Passaic","338772","October","2025","NJ"
"2222","Salem","49861","October","2025","NJ"
"2223","Somerset","258485","October","2025","NJ"
"2224","Sussex","121025","October","2025","NJ"
"2225","Union","390356","October","2025","NJ"
"2226","Warren","90153","October","2025","NJ"
"2227","Atlantic","204672","November","2025","NJ"
"2228","Bergen","678644","November","2025","NJ"
"2229","Burlington","370291","November","2025","NJ"
"2230","Camden","390364","November","2025","NJ"
"2231","Cape May","76730","November","2025","NJ"
"2232","Cumberland","96570","November","2025","NJ"
"2233","Essex","568308","November","2025","NJ"
"2234","Gloucester","229173","November","2025","NJ"
"2235","Hudson","430474","November","2025","NJ"
"2236","Hunterdon","107160","November","2025","NJ"
"2237","Mercer","268565","November","2025","NJ"
"2238","Middlesex","584956","November","2025","NJ"
"2239","Monmouth","505394","November","2025","NJ"
"2240","Morris","389321","November","2025","NJ"
"2241","Ocean","478960","November","2025","NJ"
"2242","Passaic","340052","November","2025","NJ"
"2243","Salem","50040","November","2025","NJ"
"2244","Somerset","259495","November","2025","NJ"
"2245","Sussex","121197","November","2025","NJ"
"2246","Union","391487","November","2025","NJ"
"2247","Warren","90407","November","2025","NJ"
