"","county","count","year","month","state"
"1","Adair",11825,"2017","1","OK"
"2","Alfalfa",3014,"2017","1","OK"
"3","Atoka",7683,"2017","1","OK"
"4","Beaver",3193,"2017","1","OK"
"5","Beckham",11506,"2017","1","OK"
"6","Blaine",5453,"2017","1","OK"
"7","Bryan",25344,"2017","1","OK"
"8","Caddo",14104,"2017","1","OK"
"9","Canadian",76292,"2017","1","OK"
"10","Carter",30631,"2017","1","OK"
"11","Cherokee",24803,"2017","1","OK"
"12","Choctaw",8898,"2017","1","OK"
"13","Cimarron",1674,"2017","1","OK"
"14","Cleveland",159517,"2017","1","OK"
"15","Coal",3889,"2017","1","OK"
"16","Comanche",56118,"2017","1","OK"
"17","Cotton",3781,"2017","1","OK"
"18","Craig",8197,"2017","1","OK"
"19","Creek",39735,"2017","1","OK"
"20","Custer",16499,"2017","1","OK"
"21","Delaware",23440,"2017","1","OK"
"22","Dewey",2962,"2017","1","OK"
"23","Ellis",2558,"2017","1","OK"
"24","Garfield",30773,"2017","1","OK"
"25","Garvin",15744,"2017","1","OK"
"26","Grady",32373,"2017","1","OK"
"27","Grant",2961,"2017","1","OK"
"28","Greer",2897,"2017","1","OK"
"29","Harmon",1519,"2017","1","OK"
"30","Harper",2052,"2017","1","OK"
"31","Haskell",7192,"2017","1","OK"
"32","Hughes",6804,"2017","1","OK"
"33","Jackson",12032,"2017","1","OK"
"34","Jefferson",3616,"2017","1","OK"
"35","Johnston",6148,"2017","1","OK"
"36","Kay",25086,"2017","1","OK"
"37","Kingfisher",8316,"2017","1","OK"
"38","Kiowa",4985,"2017","1","OK"
"39","Latimer",6488,"2017","1","OK"
"40","LeFlore",28139,"2017","1","OK"
"41","Lincoln",19519,"2017","1","OK"
"42","Logan",27573,"2017","1","OK"
"43","Love",6100,"2017","1","OK"
"44","Major",4426,"2017","1","OK"
"45","Marshall",8190,"2017","1","OK"
"46","Mayes",22227,"2017","1","OK"
"47","McClain",23378,"2017","1","OK"
"48","McCurtain",16210,"2017","1","OK"
"49","McIntosh",12295,"2017","1","OK"
"50","Murray",7854,"2017","1","OK"
"51","Muskogee",38931,"2017","1","OK"
"52","Noble",6523,"2017","1","OK"
"53","Nowata",6258,"2017","1","OK"
"54","Okfuskee",6020,"2017","1","OK"
"55","Oklahoma",417901,"2017","1","OK"
"56","Okmulgee",21042,"2017","1","OK"
"57","Osage",27046,"2017","1","OK"
"58","Ottawa",16828,"2017","1","OK"
"59","Pawnee",9184,"2017","1","OK"
"60","Payne",41631,"2017","1","OK"
"61","Pittsburg",27346,"2017","1","OK"
"62","Pontotoc",21821,"2017","1","OK"
"63","Pottawatomie",38685,"2017","1","OK"
"64","Pushmataha",6992,"2017","1","OK"
"65","Roger Mills",2392,"2017","1","OK"
"66","Rogers",56705,"2017","1","OK"
"67","Seminole",12254,"2017","1","OK"
"68","Sequoyah",22333,"2017","1","OK"
"69","Stephens",26516,"2017","1","OK"
"70","Texas",9443,"2017","1","OK"
"71","Tillman",4326,"2017","1","OK"
"72","Tulsa",359073,"2017","1","OK"
"73","Wagoner",42624,"2017","1","OK"
"74","Washington",32277,"2017","1","OK"
"75","Washita",6621,"2017","1","OK"
"76","Woods",5015,"2017","1","OK"
"77","Woodward",11318,"2017","1","OK"
"78","Adair",10578,"2017","10","OK"
"79","Alfalfa",2807,"2017","10","OK"
"80","Atoka",7147,"2017","10","OK"
"81","Beaver",2987,"2017","10","OK"
"82","Beckham",10806,"2017","10","OK"
"83","Blaine",5151,"2017","10","OK"
"84","Bryan",22655,"2017","10","OK"
"85","Caddo",13162,"2017","10","OK"
"86","Canadian",73544,"2017","10","OK"
"87","Carter",28669,"2017","10","OK"
"88","Cherokee",22734,"2017","10","OK"
"89","Choctaw",8125,"2017","10","OK"
"90","Cimarron",1545,"2017","10","OK"
"91","Cleveland",149116,"2017","10","OK"
"92","Coal",3649,"2017","10","OK"
"93","Comanche",51031,"2017","10","OK"
"94","Cotton",3500,"2017","10","OK"
"95","Craig",7619,"2017","10","OK"
"96","Creek",37659,"2017","10","OK"
"97","Custer",15552,"2017","10","OK"
"98","Delaware",21427,"2017","10","OK"
"99","Dewey",2824,"2017","10","OK"
"100","Ellis",2423,"2017","10","OK"
"101","Garfield",28838,"2017","10","OK"
"102","Garvin",14860,"2017","10","OK"
"103","Grady",30670,"2017","10","OK"
"104","Grant",2765,"2017","10","OK"
"105","Greer",2645,"2017","10","OK"
"106","Harmon",1357,"2017","10","OK"
"107","Harper",1914,"2017","10","OK"
"108","Haskell",6609,"2017","10","OK"
"109","Hughes",6339,"2017","10","OK"
"110","Jackson",11027,"2017","10","OK"
"111","Jefferson",3339,"2017","10","OK"
"112","Johnston",5787,"2017","10","OK"
"113","Kay",23144,"2017","10","OK"
"114","Kingfisher",7845,"2017","10","OK"
"115","Kiowa",4708,"2017","10","OK"
"116","Latimer",5944,"2017","10","OK"
"117","LeFlore",26157,"2017","10","OK"
"118","Lincoln",18559,"2017","10","OK"
"119","Logan",25433,"2017","10","OK"
"120","Love",5806,"2017","10","OK"
"121","Major",4170,"2017","10","OK"
"122","Marshall",7771,"2017","10","OK"
"123","Mayes",20979,"2017","10","OK"
"124","McClain",22501,"2017","10","OK"
"125","McCurtain",15087,"2017","10","OK"
"126","McIntosh",11344,"2017","10","OK"
"127","Murray",7431,"2017","10","OK"
"128","Muskogee",35625,"2017","10","OK"
"129","Noble",6131,"2017","10","OK"
"130","Nowata",5759,"2017","10","OK"
"131","Okfuskee",5663,"2017","10","OK"
"132","Oklahoma",384936,"2017","10","OK"
"133","Okmulgee",19523,"2017","10","OK"
"134","Osage",25413,"2017","10","OK"
"135","Ottawa",15831,"2017","10","OK"
"136","Pawnee",8568,"2017","10","OK"
"137","Payne",37871,"2017","10","OK"
"138","Pittsburg",25375,"2017","10","OK"
"139","Pontotoc",20757,"2017","10","OK"
"140","Pottawatomie",36341,"2017","10","OK"
"141","Pushmataha",6738,"2017","10","OK"
"142","Roger Mills",2272,"2017","10","OK"
"143","Rogers",52968,"2017","10","OK"
"144","Seminole",11408,"2017","10","OK"
"145","Sequoyah",20547,"2017","10","OK"
"146","Stephens",25303,"2017","10","OK"
"147","Texas",8530,"2017","10","OK"
"148","Tillman",3927,"2017","10","OK"
"149","Tulsa",332553,"2017","10","OK"
"150","Wagoner",39640,"2017","10","OK"
"151","Washington",30093,"2017","10","OK"
"152","Washita",6335,"2017","10","OK"
"153","Woods",4678,"2017","10","OK"
"154","Woodward",10499,"2017","10","OK"
"155","Adair",10564,"2017","11","OK"
"156","Alfalfa",2804,"2017","11","OK"
"157","Atoka",7150,"2017","11","OK"
"158","Beaver",2990,"2017","11","OK"
"159","Beckham",10825,"2017","11","OK"
"160","Blaine",5158,"2017","11","OK"
"161","Bryan",22722,"2017","11","OK"
"162","Caddo",13166,"2017","11","OK"
"163","Canadian",73691,"2017","11","OK"
"164","Carter",28698,"2017","11","OK"
"165","Cherokee",22777,"2017","11","OK"
"166","Choctaw",8148,"2017","11","OK"
"167","Cimarron",1543,"2017","11","OK"
"168","Cleveland",149437,"2017","11","OK"
"169","Coal",3641,"2017","11","OK"
"170","Comanche",51264,"2017","11","OK"
"171","Cotton",3508,"2017","11","OK"
"172","Craig",7607,"2017","11","OK"
"173","Creek",37652,"2017","11","OK"
"174","Custer",15500,"2017","11","OK"
"175","Delaware",21477,"2017","11","OK"
"176","Dewey",2833,"2017","11","OK"
"177","Ellis",2418,"2017","11","OK"
"178","Garfield",28840,"2017","11","OK"
"179","Garvin",14867,"2017","11","OK"
"180","Grady",30741,"2017","11","OK"
"181","Grant",2766,"2017","11","OK"
"182","Greer",2645,"2017","11","OK"
"183","Harmon",1358,"2017","11","OK"
"184","Harper",1921,"2017","11","OK"
"185","Haskell",6604,"2017","11","OK"
"186","Hughes",6395,"2017","11","OK"
"187","Jackson",11041,"2017","11","OK"
"188","Jefferson",3345,"2017","11","OK"
"189","Johnston",5801,"2017","11","OK"
"190","Kay",23232,"2017","11","OK"
"191","Kingfisher",7854,"2017","11","OK"
"192","Kiowa",4706,"2017","11","OK"
"193","Latimer",5957,"2017","11","OK"
"194","LeFlore",26195,"2017","11","OK"
"195","Lincoln",18584,"2017","11","OK"
"196","Logan",25470,"2017","11","OK"
"197","Love",5820,"2017","11","OK"
"198","Major",4168,"2017","11","OK"
"199","Marshall",7783,"2017","11","OK"
"200","Mayes",20997,"2017","11","OK"
"201","McClain",22535,"2017","11","OK"
"202","McCurtain",15094,"2017","11","OK"
"203","McIntosh",11361,"2017","11","OK"
"204","Murray",7429,"2017","11","OK"
"205","Muskogee",35630,"2017","11","OK"
"206","Noble",6128,"2017","11","OK"
"207","Nowata",5768,"2017","11","OK"
"208","Okfuskee",5678,"2017","11","OK"
"209","Oklahoma",385289,"2017","11","OK"
"210","Okmulgee",19514,"2017","11","OK"
"211","Osage",25447,"2017","11","OK"
"212","Ottawa",15867,"2017","11","OK"
"213","Pawnee",8512,"2017","11","OK"
"214","Payne",37912,"2017","11","OK"
"215","Pittsburg",25411,"2017","11","OK"
"216","Pontotoc",20757,"2017","11","OK"
"217","Pottawatomie",36327,"2017","11","OK"
"218","Pushmataha",6744,"2017","11","OK"
"219","Roger Mills",2276,"2017","11","OK"
"220","Rogers",52957,"2017","11","OK"
"221","Seminole",11418,"2017","11","OK"
"222","Sequoyah",20560,"2017","11","OK"
"223","Stephens",25333,"2017","11","OK"
"224","Texas",8546,"2017","11","OK"
"225","Tillman",3937,"2017","11","OK"
"226","Tulsa",333332,"2017","11","OK"
"227","Wagoner",39623,"2017","11","OK"
"228","Washington",30154,"2017","11","OK"
"229","Washita",6338,"2017","11","OK"
"230","Woods",4675,"2017","11","OK"
"231","Woodward",10522,"2017","11","OK"
"232","Adair",10573,"2017","12","OK"
"233","Alfalfa",2812,"2017","12","OK"
"234","Atoka",7151,"2017","12","OK"
"235","Beaver",2990,"2017","12","OK"
"236","Beckham",10826,"2017","12","OK"
"237","Blaine",5157,"2017","12","OK"
"238","Bryan",22779,"2017","12","OK"
"239","Caddo",13176,"2017","12","OK"
"240","Canadian",73816,"2017","12","OK"
"241","Carter",28728,"2017","12","OK"
"242","Cherokee",22756,"2017","12","OK"
"243","Choctaw",8169,"2017","12","OK"
"244","Cimarron",1548,"2017","12","OK"
"245","Cleveland",149556,"2017","12","OK"
"246","Coal",3665,"2017","12","OK"
"247","Comanche",51396,"2017","12","OK"
"248","Cotton",3512,"2017","12","OK"
"249","Craig",7602,"2017","12","OK"
"250","Creek",37654,"2017","12","OK"
"251","Custer",15521,"2017","12","OK"
"252","Delaware",21537,"2017","12","OK"
"253","Dewey",2843,"2017","12","OK"
"254","Ellis",2426,"2017","12","OK"
"255","Garfield",28855,"2017","12","OK"
"256","Garvin",14872,"2017","12","OK"
"257","Grady",30712,"2017","12","OK"
"258","Grant",2763,"2017","12","OK"
"259","Greer",2653,"2017","12","OK"
"260","Harmon",1355,"2017","12","OK"
"261","Harper",1924,"2017","12","OK"
"262","Haskell",6610,"2017","12","OK"
"263","Hughes",6398,"2017","12","OK"
"264","Jackson",11058,"2017","12","OK"
"265","Jefferson",3358,"2017","12","OK"
"266","Johnston",5789,"2017","12","OK"
"267","Kay",23282,"2017","12","OK"
"268","Kingfisher",7863,"2017","12","OK"
"269","Kiowa",4700,"2017","12","OK"
"270","Latimer",5963,"2017","12","OK"
"271","LeFlore",26227,"2017","12","OK"
"272","Lincoln",18608,"2017","12","OK"
"273","Logan",25568,"2017","12","OK"
"274","Love",5840,"2017","12","OK"
"275","Major",4169,"2017","12","OK"
"276","Marshall",7781,"2017","12","OK"
"277","Mayes",20987,"2017","12","OK"
"278","McClain",22596,"2017","12","OK"
"279","McCurtain",15120,"2017","12","OK"
"280","McIntosh",11352,"2017","12","OK"
"281","Murray",7436,"2017","12","OK"
"282","Muskogee",35688,"2017","12","OK"
"283","Noble",6142,"2017","12","OK"
"284","Nowata",5774,"2017","12","OK"
"285","Okfuskee",5639,"2017","12","OK"
"286","Oklahoma",385874,"2017","12","OK"
"287","Okmulgee",19508,"2017","12","OK"
"288","Osage",25475,"2017","12","OK"
"289","Ottawa",15921,"2017","12","OK"
"290","Pawnee",8539,"2017","12","OK"
"291","Payne",37918,"2017","12","OK"
"292","Pittsburg",25410,"2017","12","OK"
"293","Pontotoc",20746,"2017","12","OK"
"294","Pottawatomie",36442,"2017","12","OK"
"295","Pushmataha",6765,"2017","12","OK"
"296","Roger Mills",2277,"2017","12","OK"
"297","Rogers",53004,"2017","12","OK"
"298","Seminole",11423,"2017","12","OK"
"299","Sequoyah",20614,"2017","12","OK"
"300","Stephens",25408,"2017","12","OK"
"301","Texas",8570,"2017","12","OK"
"302","Tillman",3983,"2017","12","OK"
"303","Tulsa",333396,"2017","12","OK"
"304","Wagoner",39630,"2017","12","OK"
"305","Washington",30233,"2017","12","OK"
"306","Washita",6344,"2017","12","OK"
"307","Woods",4671,"2017","12","OK"
"308","Woodward",10525,"2017","12","OK"
"309","Adair",11804,"2017","2","OK"
"310","Alfalfa",3014,"2017","2","OK"
"311","Atoka",7690,"2017","2","OK"
"312","Beaver",3198,"2017","2","OK"
"313","Beckham",11536,"2017","2","OK"
"314","Blaine",5455,"2017","2","OK"
"315","Bryan",25419,"2017","2","OK"
"316","Caddo",14126,"2017","2","OK"
"317","Canadian",76426,"2017","2","OK"
"318","Carter",30711,"2017","2","OK"
"319","Cherokee",24806,"2017","2","OK"
"320","Choctaw",8895,"2017","2","OK"
"321","Cimarron",1677,"2017","2","OK"
"322","Cleveland",159769,"2017","2","OK"
"323","Coal",3888,"2017","2","OK"
"324","Comanche",56130,"2017","2","OK"
"325","Cotton",3783,"2017","2","OK"
"326","Craig",8183,"2017","2","OK"
"327","Creek",39791,"2017","2","OK"
"328","Custer",16541,"2017","2","OK"
"329","Delaware",23477,"2017","2","OK"
"330","Dewey",2958,"2017","2","OK"
"331","Ellis",2560,"2017","2","OK"
"332","Garfield",30752,"2017","2","OK"
"333","Garvin",15748,"2017","2","OK"
"334","Grady",32444,"2017","2","OK"
"335","Grant",2968,"2017","2","OK"
"336","Greer",2895,"2017","2","OK"
"337","Harmon",1507,"2017","2","OK"
"338","Harper",2061,"2017","2","OK"
"339","Haskell",7187,"2017","2","OK"
"340","Hughes",6818,"2017","2","OK"
"341","Jackson",12052,"2017","2","OK"
"342","Jefferson",3631,"2017","2","OK"
"343","Johnston",6148,"2017","2","OK"
"344","Kay",25115,"2017","2","OK"
"345","Kingfisher",8309,"2017","2","OK"
"346","Kiowa",4977,"2017","2","OK"
"347","Latimer",6485,"2017","2","OK"
"348","LeFlore",28190,"2017","2","OK"
"349","Lincoln",19533,"2017","2","OK"
"350","Logan",27572,"2017","2","OK"
"351","Love",6116,"2017","2","OK"
"352","Major",4426,"2017","2","OK"
"353","Marshall",8201,"2017","2","OK"
"354","Mayes",22234,"2017","2","OK"
"355","McClain",23423,"2017","2","OK"
"356","McCurtain",16230,"2017","2","OK"
"357","McIntosh",12299,"2017","2","OK"
"358","Murray",7852,"2017","2","OK"
"359","Muskogee",38917,"2017","2","OK"
"360","Noble",6520,"2017","2","OK"
"361","Nowata",6261,"2017","2","OK"
"362","Okfuskee",6031,"2017","2","OK"
"363","Oklahoma",418358,"2017","2","OK"
"364","Okmulgee",21097,"2017","2","OK"
"365","Osage",27026,"2017","2","OK"
"366","Ottawa",16854,"2017","2","OK"
"367","Pawnee",9172,"2017","2","OK"
"368","Payne",41645,"2017","2","OK"
"369","Pittsburg",27326,"2017","2","OK"
"370","Pontotoc",21894,"2017","2","OK"
"371","Pottawatomie",38693,"2017","2","OK"
"372","Pushmataha",7005,"2017","2","OK"
"373","Roger Mills",2398,"2017","2","OK"
"374","Rogers",56681,"2017","2","OK"
"375","Seminole",12254,"2017","2","OK"
"376","Sequoyah",22354,"2017","2","OK"
"377","Stephens",26551,"2017","2","OK"
"378","Texas",9449,"2017","2","OK"
"379","Tillman",4323,"2017","2","OK"
"380","Tulsa",359479,"2017","2","OK"
"381","Wagoner",42567,"2017","2","OK"
"382","Washington",32294,"2017","2","OK"
"383","Washita",6619,"2017","2","OK"
"384","Woods",5023,"2017","2","OK"
"385","Woodward",11312,"2017","2","OK"
"386","Adair",11845,"2017","3","OK"
"387","Alfalfa",3014,"2017","3","OK"
"388","Atoka",7692,"2017","3","OK"
"389","Beaver",3203,"2017","3","OK"
"390","Beckham",11576,"2017","3","OK"
"391","Blaine",5464,"2017","3","OK"
"392","Bryan",25446,"2017","3","OK"
"393","Caddo",14126,"2017","3","OK"
"394","Canadian",76629,"2017","3","OK"
"395","Carter",30732,"2017","3","OK"
"396","Cherokee",24792,"2017","3","OK"
"397","Choctaw",8895,"2017","3","OK"
"398","Cimarron",1683,"2017","3","OK"
"399","Cleveland",159798,"2017","3","OK"
"400","Coal",3883,"2017","3","OK"
"401","Comanche",56143,"2017","3","OK"
"402","Cotton",3782,"2017","3","OK"
"403","Craig",8177,"2017","3","OK"
"404","Creek",39840,"2017","3","OK"
"405","Custer",16535,"2017","3","OK"
"406","Delaware",23458,"2017","3","OK"
"407","Dewey",2960,"2017","3","OK"
"408","Ellis",2563,"2017","3","OK"
"409","Garfield",30760,"2017","3","OK"
"410","Garvin",15776,"2017","3","OK"
"411","Grady",32471,"2017","3","OK"
"412","Grant",2962,"2017","3","OK"
"413","Greer",2886,"2017","3","OK"
"414","Harmon",1509,"2017","3","OK"
"415","Harper",2063,"2017","3","OK"
"416","Haskell",7167,"2017","3","OK"
"417","Hughes",6820,"2017","3","OK"
"418","Jackson",12028,"2017","3","OK"
"419","Jefferson",3638,"2017","3","OK"
"420","Johnston",6195,"2017","3","OK"
"421","Kay",25068,"2017","3","OK"
"422","Kingfisher",8309,"2017","3","OK"
"423","Kiowa",4978,"2017","3","OK"
"424","Latimer",6480,"2017","3","OK"
"425","LeFlore",28268,"2017","3","OK"
"426","Lincoln",19526,"2017","3","OK"
"427","Logan",27585,"2017","3","OK"
"428","Love",6136,"2017","3","OK"
"429","Major",4428,"2017","3","OK"
"430","Marshall",8215,"2017","3","OK"
"431","Mayes",22218,"2017","3","OK"
"432","McClain",23467,"2017","3","OK"
"433","McCurtain",16246,"2017","3","OK"
"434","McIntosh",12253,"2017","3","OK"
"435","Murray",7874,"2017","3","OK"
"436","Muskogee",39006,"2017","3","OK"
"437","Noble",6522,"2017","3","OK"
"438","Nowata",6274,"2017","3","OK"
"439","Okfuskee",5942,"2017","3","OK"
"440","Oklahoma",418148,"2017","3","OK"
"441","Okmulgee",21090,"2017","3","OK"
"442","Osage",27066,"2017","3","OK"
"443","Ottawa",16911,"2017","3","OK"
"444","Pawnee",9181,"2017","3","OK"
"445","Payne",41658,"2017","3","OK"
"446","Pittsburg",27394,"2017","3","OK"
"447","Pontotoc",21904,"2017","3","OK"
"448","Pottawatomie",38708,"2017","3","OK"
"449","Pushmataha",7035,"2017","3","OK"
"450","Roger Mills",2387,"2017","3","OK"
"451","Rogers",56722,"2017","3","OK"
"452","Seminole",12256,"2017","3","OK"
"453","Sequoyah",22346,"2017","3","OK"
"454","Stephens",26596,"2017","3","OK"
"455","Texas",9452,"2017","3","OK"
"456","Tillman",4328,"2017","3","OK"
"457","Tulsa",359197,"2017","3","OK"
"458","Wagoner",42521,"2017","3","OK"
"459","Washington",32379,"2017","3","OK"
"460","Washita",6633,"2017","3","OK"
"461","Woods",5012,"2017","3","OK"
"462","Woodward",11321,"2017","3","OK"
"463","Adair",10560,"2017","4","OK"
"464","Alfalfa",2811,"2017","4","OK"
"465","Atoka",7173,"2017","4","OK"
"466","Beaver",2997,"2017","4","OK"
"467","Beckham",10756,"2017","4","OK"
"468","Blaine",5157,"2017","4","OK"
"469","Bryan",22542,"2017","4","OK"
"470","Caddo",13134,"2017","4","OK"
"471","Canadian",72382,"2017","4","OK"
"472","Carter",28300,"2017","4","OK"
"473","Cherokee",22697,"2017","4","OK"
"474","Choctaw",8034,"2017","4","OK"
"475","Cimarron",1548,"2017","4","OK"
"476","Cleveland",148215,"2017","4","OK"
"477","Coal",3656,"2017","4","OK"
"478","Comanche",50168,"2017","4","OK"
"479","Cotton",3485,"2017","4","OK"
"480","Craig",7616,"2017","4","OK"
"481","Creek",37405,"2017","4","OK"
"482","Custer",15307,"2017","4","OK"
"483","Delaware",21468,"2017","4","OK"
"484","Dewey",2811,"2017","4","OK"
"485","Ellis",2412,"2017","4","OK"
"486","Garfield",28689,"2017","4","OK"
"487","Garvin",14755,"2017","4","OK"
"488","Grady",30374,"2017","4","OK"
"489","Grant",2778,"2017","4","OK"
"490","Greer",2628,"2017","4","OK"
"491","Harmon",1352,"2017","4","OK"
"492","Harper",1918,"2017","4","OK"
"493","Haskell",6565,"2017","4","OK"
"494","Hughes",6298,"2017","4","OK"
"495","Jackson",11060,"2017","4","OK"
"496","Jefferson",3319,"2017","4","OK"
"497","Johnston",5752,"2017","4","OK"
"498","Kay",23086,"2017","4","OK"
"499","Kingfisher",7836,"2017","4","OK"
"500","Kiowa",4684,"2017","4","OK"
"501","Latimer",5982,"2017","4","OK"
"502","LeFlore",25859,"2017","4","OK"
"503","Lincoln",18480,"2017","4","OK"
"504","Logan",25194,"2017","4","OK"
"505","Love",5665,"2017","4","OK"
"506","Major",4200,"2017","4","OK"
"507","Marshall",7674,"2017","4","OK"
"508","Mayes",20941,"2017","4","OK"
"509","McClain",22205,"2017","4","OK"
"510","McCurtain",15041,"2017","4","OK"
"511","McIntosh",11345,"2017","4","OK"
"512","Murray",7395,"2017","4","OK"
"513","Muskogee",35522,"2017","4","OK"
"514","Noble",6119,"2017","4","OK"
"515","Nowata",5771,"2017","4","OK"
"516","Okfuskee",5487,"2017","4","OK"
"517","Oklahoma",381143,"2017","4","OK"
"518","Okmulgee",19455,"2017","4","OK"
"519","Osage",25297,"2017","4","OK"
"520","Ottawa",15605,"2017","4","OK"
"521","Pawnee",8503,"2017","4","OK"
"522","Payne",37717,"2017","4","OK"
"523","Pittsburg",25227,"2017","4","OK"
"524","Pontotoc",20623,"2017","4","OK"
"525","Pottawatomie",35951,"2017","4","OK"
"526","Pushmataha",6703,"2017","4","OK"
"527","Roger Mills",2265,"2017","4","OK"
"528","Rogers",52775,"2017","4","OK"
"529","Seminole",11362,"2017","4","OK"
"530","Sequoyah",20387,"2017","4","OK"
"531","Stephens",25023,"2017","4","OK"
"532","Texas",8447,"2017","4","OK"
"533","Tillman",3890,"2017","4","OK"
"534","Tulsa",331648,"2017","4","OK"
"535","Wagoner",39441,"2017","4","OK"
"536","Washington",30060,"2017","4","OK"
"537","Washita",6309,"2017","4","OK"
"538","Woods",4704,"2017","4","OK"
"539","Woodward",10441,"2017","4","OK"
"540","Adair",10557,"2017","5","OK"
"541","Alfalfa",2807,"2017","5","OK"
"542","Atoka",7171,"2017","5","OK"
"543","Beaver",2993,"2017","5","OK"
"544","Beckham",10771,"2017","5","OK"
"545","Blaine",5160,"2017","5","OK"
"546","Bryan",22561,"2017","5","OK"
"547","Caddo",13145,"2017","5","OK"
"548","Canadian",72700,"2017","5","OK"
"549","Carter",28401,"2017","5","OK"
"550","Cherokee",22710,"2017","5","OK"
"551","Choctaw",8046,"2017","5","OK"
"552","Cimarron",1549,"2017","5","OK"
"553","Cleveland",148309,"2017","5","OK"
"554","Coal",3660,"2017","5","OK"
"555","Comanche",50269,"2017","5","OK"
"556","Cotton",3487,"2017","5","OK"
"557","Craig",7626,"2017","5","OK"
"558","Creek",37475,"2017","5","OK"
"559","Custer",15354,"2017","5","OK"
"560","Delaware",21512,"2017","5","OK"
"561","Dewey",2813,"2017","5","OK"
"562","Ellis",2412,"2017","5","OK"
"563","Garfield",28690,"2017","5","OK"
"564","Garvin",14787,"2017","5","OK"
"565","Grady",30432,"2017","5","OK"
"566","Grant",2780,"2017","5","OK"
"567","Greer",2631,"2017","5","OK"
"568","Harmon",1352,"2017","5","OK"
"569","Harper",1913,"2017","5","OK"
"570","Haskell",6560,"2017","5","OK"
"571","Hughes",6311,"2017","5","OK"
"572","Jackson",11056,"2017","5","OK"
"573","Jefferson",3323,"2017","5","OK"
"574","Johnston",5768,"2017","5","OK"
"575","Kay",23121,"2017","5","OK"
"576","Kingfisher",7836,"2017","5","OK"
"577","Kiowa",4692,"2017","5","OK"
"578","Latimer",5979,"2017","5","OK"
"579","LeFlore",25920,"2017","5","OK"
"580","Lincoln",18499,"2017","5","OK"
"581","Logan",25226,"2017","5","OK"
"582","Love",5700,"2017","5","OK"
"583","Major",4180,"2017","5","OK"
"584","Marshall",7698,"2017","5","OK"
"585","Mayes",20943,"2017","5","OK"
"586","McClain",22280,"2017","5","OK"
"587","McCurtain",15050,"2017","5","OK"
"588","McIntosh",11335,"2017","5","OK"
"589","Murray",7395,"2017","5","OK"
"590","Muskogee",35454,"2017","5","OK"
"591","Noble",6118,"2017","5","OK"
"592","Nowata",5774,"2017","5","OK"
"593","Okfuskee",5501,"2017","5","OK"
"594","Oklahoma",381616,"2017","5","OK"
"595","Okmulgee",19462,"2017","5","OK"
"596","Osage",25344,"2017","5","OK"
"597","Ottawa",15659,"2017","5","OK"
"598","Pawnee",8505,"2017","5","OK"
"599","Payne",37785,"2017","5","OK"
"600","Pittsburg",25261,"2017","5","OK"
"601","Pontotoc",20640,"2017","5","OK"
"602","Pottawatomie",35990,"2017","5","OK"
"603","Pushmataha",6715,"2017","5","OK"
"604","Roger Mills",2262,"2017","5","OK"
"605","Rogers",52812,"2017","5","OK"
"606","Seminole",11361,"2017","5","OK"
"607","Sequoyah",20422,"2017","5","OK"
"608","Stephens",25095,"2017","5","OK"
"609","Texas",8468,"2017","5","OK"
"610","Tillman",3906,"2017","5","OK"
"611","Tulsa",331881,"2017","5","OK"
"612","Wagoner",39501,"2017","5","OK"
"613","Washington",30098,"2017","5","OK"
"614","Washita",6329,"2017","5","OK"
"615","Woods",4699,"2017","5","OK"
"616","Woodward",10458,"2017","5","OK"
"617","Adair",10558,"2017","6","OK"
"618","Alfalfa",2809,"2017","6","OK"
"619","Atoka",7173,"2017","6","OK"
"620","Beaver",2995,"2017","6","OK"
"621","Beckham",10771,"2017","6","OK"
"622","Blaine",5167,"2017","6","OK"
"623","Bryan",22592,"2017","6","OK"
"624","Caddo",13144,"2017","6","OK"
"625","Canadian",72680,"2017","6","OK"
"626","Carter",28431,"2017","6","OK"
"627","Cherokee",22738,"2017","6","OK"
"628","Choctaw",8069,"2017","6","OK"
"629","Cimarron",1551,"2017","6","OK"
"630","Cleveland",148165,"2017","6","OK"
"631","Coal",3658,"2017","6","OK"
"632","Comanche",50303,"2017","6","OK"
"633","Cotton",3491,"2017","6","OK"
"634","Craig",7621,"2017","6","OK"
"635","Creek",37508,"2017","6","OK"
"636","Custer",15366,"2017","6","OK"
"637","Delaware",21460,"2017","6","OK"
"638","Dewey",2817,"2017","6","OK"
"639","Ellis",2414,"2017","6","OK"
"640","Garfield",28676,"2017","6","OK"
"641","Garvin",14780,"2017","6","OK"
"642","Grady",30526,"2017","6","OK"
"643","Grant",2773,"2017","6","OK"
"644","Greer",2639,"2017","6","OK"
"645","Harmon",1352,"2017","6","OK"
"646","Harper",1905,"2017","6","OK"
"647","Haskell",6555,"2017","6","OK"
"648","Hughes",6301,"2017","6","OK"
"649","Jackson",11045,"2017","6","OK"
"650","Jefferson",3324,"2017","6","OK"
"651","Johnston",5774,"2017","6","OK"
"652","Kay",23039,"2017","6","OK"
"653","Kingfisher",7845,"2017","6","OK"
"654","Kiowa",4690,"2017","6","OK"
"655","Latimer",5974,"2017","6","OK"
"656","LeFlore",25938,"2017","6","OK"
"657","Lincoln",18519,"2017","6","OK"
"658","Logan",25248,"2017","6","OK"
"659","Love",5716,"2017","6","OK"
"660","Major",4175,"2017","6","OK"
"661","Marshall",7715,"2017","6","OK"
"662","Mayes",20942,"2017","6","OK"
"663","McClain",22336,"2017","6","OK"
"664","McCurtain",15059,"2017","6","OK"
"665","McIntosh",11314,"2017","6","OK"
"666","Murray",7413,"2017","6","OK"
"667","Muskogee",35459,"2017","6","OK"
"668","Noble",6107,"2017","6","OK"
"669","Nowata",5766,"2017","6","OK"
"670","Okfuskee",5576,"2017","6","OK"
"671","Oklahoma",381986,"2017","6","OK"
"672","Okmulgee",19469,"2017","6","OK"
"673","Osage",25363,"2017","6","OK"
"674","Ottawa",15682,"2017","6","OK"
"675","Pawnee",8505,"2017","6","OK"
"676","Payne",37739,"2017","6","OK"
"677","Pittsburg",25278,"2017","6","OK"
"678","Pontotoc",20683,"2017","6","OK"
"679","Pottawatomie",36095,"2017","6","OK"
"680","Pushmataha",6725,"2017","6","OK"
"681","Roger Mills",2270,"2017","6","OK"
"682","Rogers",52804,"2017","6","OK"
"683","Seminole",11383,"2017","6","OK"
"684","Sequoyah",20432,"2017","6","OK"
"685","Stephens",25124,"2017","6","OK"
"686","Texas",8468,"2017","6","OK"
"687","Tillman",3907,"2017","6","OK"
"688","Tulsa",332123,"2017","6","OK"
"689","Wagoner",39507,"2017","6","OK"
"690","Washington",30073,"2017","6","OK"
"691","Washita",6339,"2017","6","OK"
"692","Woods",4694,"2017","6","OK"
"693","Woodward",10460,"2017","6","OK"
"694","Adair",10575,"2017","7","OK"
"695","Alfalfa",2807,"2017","7","OK"
"696","Atoka",7179,"2017","7","OK"
"697","Beaver",2999,"2017","7","OK"
"698","Beckham",10776,"2017","7","OK"
"699","Blaine",5174,"2017","7","OK"
"700","Bryan",22617,"2017","7","OK"
"701","Caddo",13143,"2017","7","OK"
"702","Canadian",72885,"2017","7","OK"
"703","Carter",28466,"2017","7","OK"
"704","Cherokee",22737,"2017","7","OK"
"705","Choctaw",8068,"2017","7","OK"
"706","Cimarron",1554,"2017","7","OK"
"707","Cleveland",148233,"2017","7","OK"
"708","Coal",3659,"2017","7","OK"
"709","Comanche",50378,"2017","7","OK"
"710","Cotton",3492,"2017","7","OK"
"711","Craig",7624,"2017","7","OK"
"712","Creek",37574,"2017","7","OK"
"713","Custer",15403,"2017","7","OK"
"714","Delaware",21471,"2017","7","OK"
"715","Dewey",2827,"2017","7","OK"
"716","Ellis",2420,"2017","7","OK"
"717","Garfield",28709,"2017","7","OK"
"718","Garvin",14816,"2017","7","OK"
"719","Grady",30638,"2017","7","OK"
"720","Grant",2779,"2017","7","OK"
"721","Greer",2638,"2017","7","OK"
"722","Harmon",1355,"2017","7","OK"
"723","Harper",1915,"2017","7","OK"
"724","Haskell",6555,"2017","7","OK"
"725","Hughes",6289,"2017","7","OK"
"726","Jackson",11053,"2017","7","OK"
"727","Jefferson",3333,"2017","7","OK"
"728","Johnston",5794,"2017","7","OK"
"729","Kay",23077,"2017","7","OK"
"730","Kingfisher",7853,"2017","7","OK"
"731","Kiowa",4696,"2017","7","OK"
"732","Latimer",5986,"2017","7","OK"
"733","LeFlore",26005,"2017","7","OK"
"734","Lincoln",18531,"2017","7","OK"
"735","Logan",25299,"2017","7","OK"
"736","Love",5741,"2017","7","OK"
"737","Major",4180,"2017","7","OK"
"738","Marshall",7714,"2017","7","OK"
"739","Mayes",20972,"2017","7","OK"
"740","McClain",22407,"2017","7","OK"
"741","McCurtain",15073,"2017","7","OK"
"742","McIntosh",11329,"2017","7","OK"
"743","Murray",7414,"2017","7","OK"
"744","Muskogee",35521,"2017","7","OK"
"745","Noble",6146,"2017","7","OK"
"746","Nowata",5766,"2017","7","OK"
"747","Okfuskee",5585,"2017","7","OK"
"748","Oklahoma",381850,"2017","7","OK"
"749","Okmulgee",19510,"2017","7","OK"
"750","Osage",25399,"2017","7","OK"
"751","Ottawa",15730,"2017","7","OK"
"752","Pawnee",8519,"2017","7","OK"
"753","Payne",37772,"2017","7","OK"
"754","Pittsburg",25361,"2017","7","OK"
"755","Pontotoc",20708,"2017","7","OK"
"756","Pottawatomie",36141,"2017","7","OK"
"757","Pushmataha",6737,"2017","7","OK"
"758","Roger Mills",2273,"2017","7","OK"
"759","Rogers",52843,"2017","7","OK"
"760","Seminole",11371,"2017","7","OK"
"761","Sequoyah",20466,"2017","7","OK"
"762","Stephens",25208,"2017","7","OK"
"763","Texas",8494,"2017","7","OK"
"764","Tillman",3914,"2017","7","OK"
"765","Tulsa",332282,"2017","7","OK"
"766","Wagoner",39494,"2017","7","OK"
"767","Washington",30003,"2017","7","OK"
"768","Washita",6343,"2017","7","OK"
"769","Woods",4695,"2017","7","OK"
"770","Woodward",10476,"2017","7","OK"
"771","Adair",10561,"2017","8","OK"
"772","Alfalfa",2810,"2017","8","OK"
"773","Atoka",7156,"2017","8","OK"
"774","Beaver",2992,"2017","8","OK"
"775","Beckham",10786,"2017","8","OK"
"776","Blaine",5153,"2017","8","OK"
"777","Bryan",22680,"2017","8","OK"
"778","Caddo",13139,"2017","8","OK"
"779","Canadian",73117,"2017","8","OK"
"780","Carter",28509,"2017","8","OK"
"781","Cherokee",22698,"2017","8","OK"
"782","Choctaw",8077,"2017","8","OK"
"783","Cimarron",1543,"2017","8","OK"
"784","Cleveland",148596,"2017","8","OK"
"785","Coal",3652,"2017","8","OK"
"786","Comanche",50397,"2017","8","OK"
"787","Cotton",3489,"2017","8","OK"
"788","Craig",7606,"2017","8","OK"
"789","Creek",37555,"2017","8","OK"
"790","Custer",15376,"2017","8","OK"
"791","Delaware",21441,"2017","8","OK"
"792","Dewey",2816,"2017","8","OK"
"793","Ellis",2416,"2017","8","OK"
"794","Garfield",28715,"2017","8","OK"
"795","Garvin",14852,"2017","8","OK"
"796","Grady",30626,"2017","8","OK"
"797","Grant",2780,"2017","8","OK"
"798","Greer",2645,"2017","8","OK"
"799","Harmon",1353,"2017","8","OK"
"800","Harper",1914,"2017","8","OK"
"801","Haskell",6576,"2017","8","OK"
"802","Hughes",6335,"2017","8","OK"
"803","Jackson",11028,"2017","8","OK"
"804","Jefferson",3326,"2017","8","OK"
"805","Johnston",5767,"2017","8","OK"
"806","Kay",23032,"2017","8","OK"
"807","Kingfisher",7848,"2017","8","OK"
"808","Kiowa",4700,"2017","8","OK"
"809","Latimer",5966,"2017","8","OK"
"810","LeFlore",26023,"2017","8","OK"
"811","Lincoln",18521,"2017","8","OK"
"812","Logan",25320,"2017","8","OK"
"813","Love",5770,"2017","8","OK"
"814","Major",4167,"2017","8","OK"
"815","Marshall",7738,"2017","8","OK"
"816","Mayes",20955,"2017","8","OK"
"817","McClain",22424,"2017","8","OK"
"818","McCurtain",15052,"2017","8","OK"
"819","McIntosh",11315,"2017","8","OK"
"820","Murray",7411,"2017","8","OK"
"821","Muskogee",35557,"2017","8","OK"
"822","Noble",6141,"2017","8","OK"
"823","Nowata",5771,"2017","8","OK"
"824","Okfuskee",5616,"2017","8","OK"
"825","Oklahoma",382694,"2017","8","OK"
"826","Okmulgee",19505,"2017","8","OK"
"827","Osage",25375,"2017","8","OK"
"828","Ottawa",15741,"2017","8","OK"
"829","Pawnee",8526,"2017","8","OK"
"830","Payne",37717,"2017","8","OK"
"831","Pittsburg",25333,"2017","8","OK"
"832","Pontotoc",20705,"2017","8","OK"
"833","Pottawatomie",36175,"2017","8","OK"
"834","Pushmataha",6706,"2017","8","OK"
"835","Roger Mills",2269,"2017","8","OK"
"836","Rogers",52843,"2017","8","OK"
"837","Seminole",11391,"2017","8","OK"
"838","Sequoyah",20449,"2017","8","OK"
"839","Stephens",25201,"2017","8","OK"
"840","Texas",8489,"2017","8","OK"
"841","Tillman",3920,"2017","8","OK"
"842","Tulsa",332405,"2017","8","OK"
"843","Wagoner",39537,"2017","8","OK"
"844","Washington",29983,"2017","8","OK"
"845","Washita",6323,"2017","8","OK"
"846","Woods",4686,"2017","8","OK"
"847","Woodward",10479,"2017","8","OK"
"848","Adair",10562,"2017","9","OK"
"849","Alfalfa",2806,"2017","9","OK"
"850","Atoka",7144,"2017","9","OK"
"851","Beaver",2985,"2017","9","OK"
"852","Beckham",10808,"2017","9","OK"
"853","Blaine",5144,"2017","9","OK"
"854","Bryan",22719,"2017","9","OK"
"855","Caddo",13143,"2017","9","OK"
"856","Canadian",73337,"2017","9","OK"
"857","Carter",28579,"2017","9","OK"
"858","Cherokee",22722,"2017","9","OK"
"859","Choctaw",8103,"2017","9","OK"
"860","Cimarron",1538,"2017","9","OK"
"861","Cleveland",148931,"2017","9","OK"
"862","Coal",3650,"2017","9","OK"
"863","Comanche",50660,"2017","9","OK"
"864","Cotton",3492,"2017","9","OK"
"865","Craig",7620,"2017","9","OK"
"866","Creek",37595,"2017","9","OK"
"867","Custer",15485,"2017","9","OK"
"868","Delaware",21405,"2017","9","OK"
"869","Dewey",2818,"2017","9","OK"
"870","Ellis",2421,"2017","9","OK"
"871","Garfield",28773,"2017","9","OK"
"872","Garvin",14846,"2017","9","OK"
"873","Grady",30650,"2017","9","OK"
"874","Grant",2774,"2017","9","OK"
"875","Greer",2646,"2017","9","OK"
"876","Harmon",1354,"2017","9","OK"
"877","Harper",1916,"2017","9","OK"
"878","Haskell",6604,"2017","9","OK"
"879","Hughes",6331,"2017","9","OK"
"880","Jackson",11017,"2017","9","OK"
"881","Jefferson",3343,"2017","9","OK"
"882","Johnston",5774,"2017","9","OK"
"883","Kay",23098,"2017","9","OK"
"884","Kingfisher",7845,"2017","9","OK"
"885","Kiowa",4705,"2017","9","OK"
"886","Latimer",5957,"2017","9","OK"
"887","LeFlore",26092,"2017","9","OK"
"888","Lincoln",18543,"2017","9","OK"
"889","Logan",25358,"2017","9","OK"
"890","Love",5788,"2017","9","OK"
"891","Major",4168,"2017","9","OK"
"892","Marshall",7747,"2017","9","OK"
"893","Mayes",20956,"2017","9","OK"
"894","McClain",22462,"2017","9","OK"
"895","McCurtain",15073,"2017","9","OK"
"896","McIntosh",11310,"2017","9","OK"
"897","Murray",7414,"2017","9","OK"
"898","Muskogee",35613,"2017","9","OK"
"899","Noble",6139,"2017","9","OK"
"900","Nowata",5764,"2017","9","OK"
"901","Okfuskee",5651,"2017","9","OK"
"902","Oklahoma",384172,"2017","9","OK"
"903","Okmulgee",19508,"2017","9","OK"
"904","Osage",25390,"2017","9","OK"
"905","Ottawa",15790,"2017","9","OK"
"906","Pawnee",8537,"2017","9","OK"
"907","Payne",37785,"2017","9","OK"
"908","Pittsburg",25345,"2017","9","OK"
"909","Pontotoc",20697,"2017","9","OK"
"910","Pottawatomie",36213,"2017","9","OK"
"911","Pushmataha",6733,"2017","9","OK"
"912","Roger Mills",2269,"2017","9","OK"
"913","Rogers",52883,"2017","9","OK"
"914","Seminole",11414,"2017","9","OK"
"915","Sequoyah",20489,"2017","9","OK"
"916","Stephens",25245,"2017","9","OK"
"917","Texas",8494,"2017","9","OK"
"918","Tillman",3920,"2017","9","OK"
"919","Tulsa",332250,"2017","9","OK"
"920","Wagoner",39519,"2017","9","OK"
"921","Washington",30037,"2017","9","OK"
"922","Washita",6335,"2017","9","OK"
"923","Woods",4690,"2017","9","OK"
"924","Woodward",10487,"2017","9","OK"
"925","Adair",10600,"2018","1","OK"
"926","Alfalfa",2808,"2018","1","OK"
"927","Atoka",7173,"2018","1","OK"
"928","Beaver",2988,"2018","1","OK"
"929","Beckham",10853,"2018","1","OK"
"930","Blaine",5154,"2018","1","OK"
"931","Bryan",22902,"2018","1","OK"
"932","Caddo",13231,"2018","1","OK"
"933","Canadian",74053,"2018","1","OK"
"934","Carter",28785,"2018","1","OK"
"935","Cherokee",22793,"2018","1","OK"
"936","Choctaw",8183,"2018","1","OK"
"937","Cimarron",1556,"2018","1","OK"
"938","Cleveland",149664,"2018","1","OK"
"939","Coal",3662,"2018","1","OK"
"940","Comanche",51604,"2018","1","OK"
"941","Cotton",3526,"2018","1","OK"
"942","Craig",7588,"2018","1","OK"
"943","Creek",37713,"2018","1","OK"
"944","Custer",15531,"2018","1","OK"
"945","Delaware",21563,"2018","1","OK"
"946","Dewey",2848,"2018","1","OK"
"947","Ellis",2446,"2018","1","OK"
"948","Garfield",28914,"2018","1","OK"
"949","Garvin",14867,"2018","1","OK"
"950","Grady",30824,"2018","1","OK"
"951","Grant",2773,"2018","1","OK"
"952","Greer",2649,"2018","1","OK"
"953","Harmon",1358,"2018","1","OK"
"954","Harper",1934,"2018","1","OK"
"955","Haskell",6608,"2018","1","OK"
"956","Hughes",6402,"2018","1","OK"
"957","Jackson",11080,"2018","1","OK"
"958","Jefferson",3353,"2018","1","OK"
"959","Johnston",5808,"2018","1","OK"
"960","Kay",23181,"2018","1","OK"
"961","Kingfisher",7878,"2018","1","OK"
"962","Kiowa",4695,"2018","1","OK"
"963","Latimer",5955,"2018","1","OK"
"964","LeFlore",26277,"2018","1","OK"
"965","Lincoln",18621,"2018","1","OK"
"966","Logan",25639,"2018","1","OK"
"967","Love",5864,"2018","1","OK"
"968","Major",4176,"2018","1","OK"
"969","Marshall",7795,"2018","1","OK"
"970","Mayes",21021,"2018","1","OK"
"971","McClain",22623,"2018","1","OK"
"972","McCurtain",15131,"2018","1","OK"
"973","McIntosh",11361,"2018","1","OK"
"974","Murray",7442,"2018","1","OK"
"975","Muskogee",35674,"2018","1","OK"
"976","Noble",6147,"2018","1","OK"
"977","Nowata",5781,"2018","1","OK"
"978","Okfuskee",5649,"2018","1","OK"
"979","Oklahoma",386848,"2018","1","OK"
"980","Okmulgee",19513,"2018","1","OK"
"981","Osage",25492,"2018","1","OK"
"982","Ottawa",15979,"2018","1","OK"
"983","Pawnee",8527,"2018","1","OK"
"984","Payne",38052,"2018","1","OK"
"985","Pittsburg",25431,"2018","1","OK"
"986","Pontotoc",20775,"2018","1","OK"
"987","Pottawatomie",36380,"2018","1","OK"
"988","Pushmataha",6765,"2018","1","OK"
"989","Roger Mills",2276,"2018","1","OK"
"990","Rogers",53044,"2018","1","OK"
"991","Seminole",11463,"2018","1","OK"
"992","Sequoyah",20621,"2018","1","OK"
"993","Stephens",25478,"2018","1","OK"
"994","Texas",8502,"2018","1","OK"
"995","Tillman",3992,"2018","1","OK"
"996","Tulsa",333850,"2018","1","OK"
"997","Wagoner",39650,"2018","1","OK"
"998","Washington",30254,"2018","1","OK"
"999","Washita",6354,"2018","1","OK"
"1000","Woods",4679,"2018","1","OK"
"1001","Woodward",10551,"2018","1","OK"
"1002","Adair",10958,"2018","10","OK"
"1003","Alfalfa",2879,"2018","10","OK"
"1004","Atoka",7426,"2018","10","OK"
"1005","Beaver",3053,"2018","10","OK"
"1006","Beckham",11248,"2018","10","OK"
"1007","Blaine",5263,"2018","10","OK"
"1008","Bryan",24225,"2018","10","OK"
"1009","Caddo",13722,"2018","10","OK"
"1010","Canadian",78141,"2018","10","OK"
"1011","Carter",30207,"2018","10","OK"
"1012","Cherokee",24590,"2018","10","OK"
"1013","Choctaw",8510,"2018","10","OK"
"1014","Cimarron",1591,"2018","10","OK"
"1015","Cleveland",158609,"2018","10","OK"
"1016","Coal",3911,"2018","10","OK"
"1017","Comanche",55036,"2018","10","OK"
"1018","Cotton",3664,"2018","10","OK"
"1019","Craig",7907,"2018","10","OK"
"1020","Creek",39833,"2018","10","OK"
"1021","Custer",16126,"2018","10","OK"
"1022","Delaware",22728,"2018","10","OK"
"1023","Dewey",2925,"2018","10","OK"
"1024","Ellis",2516,"2018","10","OK"
"1025","Garfield",30352,"2018","10","OK"
"1026","Garvin",15401,"2018","10","OK"
"1027","Grady",32101,"2018","10","OK"
"1028","Grant",2877,"2018","10","OK"
"1029","Greer",2754,"2018","10","OK"
"1030","Harmon",1404,"2018","10","OK"
"1031","Harper",1968,"2018","10","OK"
"1032","Haskell",6917,"2018","10","OK"
"1033","Hughes",6860,"2018","10","OK"
"1034","Jackson",11663,"2018","10","OK"
"1035","Jefferson",3379,"2018","10","OK"
"1036","Johnston",5951,"2018","10","OK"
"1037","Kay",24073,"2018","10","OK"
"1038","Kingfisher",8210,"2018","10","OK"
"1039","Kiowa",4853,"2018","10","OK"
"1040","Latimer",6103,"2018","10","OK"
"1041","LeFlore",27119,"2018","10","OK"
"1042","Lincoln",19458,"2018","10","OK"
"1043","Logan",27160,"2018","10","OK"
"1044","Love",6158,"2018","10","OK"
"1045","Major",4291,"2018","10","OK"
"1046","Marshall",8279,"2018","10","OK"
"1047","Mayes",22079,"2018","10","OK"
"1048","McClain",23726,"2018","10","OK"
"1049","McCurtain",15565,"2018","10","OK"
"1050","McIntosh",11757,"2018","10","OK"
"1051","Murray",7685,"2018","10","OK"
"1052","Muskogee",37238,"2018","10","OK"
"1053","Noble",6431,"2018","10","OK"
"1054","Nowata",6125,"2018","10","OK"
"1055","Okfuskee",5912,"2018","10","OK"
"1056","Oklahoma",408531,"2018","10","OK"
"1057","Okmulgee",20039,"2018","10","OK"
"1058","Osage",26737,"2018","10","OK"
"1059","Ottawa",16847,"2018","10","OK"
"1060","Pawnee",8972,"2018","10","OK"
"1061","Payne",40364,"2018","10","OK"
"1062","Pittsburg",26210,"2018","10","OK"
"1063","Pontotoc",21510,"2018","10","OK"
"1064","Pottawatomie",38282,"2018","10","OK"
"1065","Pushmataha",6947,"2018","10","OK"
"1066","Roger Mills",2343,"2018","10","OK"
"1067","Rogers",55860,"2018","10","OK"
"1068","Seminole",11885,"2018","10","OK"
"1069","Sequoyah",21530,"2018","10","OK"
"1070","Stephens",26510,"2018","10","OK"
"1071","Texas",8799,"2018","10","OK"
"1072","Tillman",4112,"2018","10","OK"
"1073","Tulsa",350253,"2018","10","OK"
"1074","Wagoner",41986,"2018","10","OK"
"1075","Washington",31937,"2018","10","OK"
"1076","Washita",6577,"2018","10","OK"
"1077","Woods",4772,"2018","10","OK"
"1078","Woodward",10923,"2018","10","OK"
"1079","Adair",10998,"2018","11","OK"
"1080","Alfalfa",2874,"2018","11","OK"
"1081","Atoka",7389,"2018","11","OK"
"1082","Beaver",3055,"2018","11","OK"
"1083","Beckham",11248,"2018","11","OK"
"1084","Blaine",5258,"2018","11","OK"
"1085","Bryan",24251,"2018","11","OK"
"1086","Caddo",13749,"2018","11","OK"
"1087","Canadian",78877,"2018","11","OK"
"1088","Carter",30295,"2018","11","OK"
"1089","Cherokee",24641,"2018","11","OK"
"1090","Choctaw",8556,"2018","11","OK"
"1091","Cimarron",1600,"2018","11","OK"
"1092","Cleveland",159019,"2018","11","OK"
"1093","Coal",3897,"2018","11","OK"
"1094","Comanche",55464,"2018","11","OK"
"1095","Cotton",3653,"2018","11","OK"
"1096","Craig",7939,"2018","11","OK"
"1097","Creek",39574,"2018","11","OK"
"1098","Custer",16259,"2018","11","OK"
"1099","Delaware",22817,"2018","11","OK"
"1100","Dewey",2947,"2018","11","OK"
"1101","Ellis",2510,"2018","11","OK"
"1102","Garfield",30402,"2018","11","OK"
"1103","Garvin",15386,"2018","11","OK"
"1104","Grady",32145,"2018","11","OK"
"1105","Grant",2885,"2018","11","OK"
"1106","Greer",2769,"2018","11","OK"
"1107","Harmon",1416,"2018","11","OK"
"1108","Harper",1958,"2018","11","OK"
"1109","Haskell",6941,"2018","11","OK"
"1110","Hughes",6883,"2018","11","OK"
"1111","Jackson",11697,"2018","11","OK"
"1112","Jefferson",3397,"2018","11","OK"
"1113","Johnston",5985,"2018","11","OK"
"1114","Kay",24193,"2018","11","OK"
"1115","Kingfisher",8207,"2018","11","OK"
"1116","Kiowa",4835,"2018","11","OK"
"1117","Latimer",6103,"2018","11","OK"
"1118","LeFlore",27195,"2018","11","OK"
"1119","Lincoln",19427,"2018","11","OK"
"1120","Logan",27385,"2018","11","OK"
"1121","Love",6195,"2018","11","OK"
"1122","Major",4314,"2018","11","OK"
"1123","Marshall",8290,"2018","11","OK"
"1124","Mayes",22107,"2018","11","OK"
"1125","McClain",23758,"2018","11","OK"
"1126","McCurtain",15594,"2018","11","OK"
"1127","McIntosh",11837,"2018","11","OK"
"1128","Murray",7730,"2018","11","OK"
"1129","Muskogee",37067,"2018","11","OK"
"1130","Noble",6431,"2018","11","OK"
"1131","Nowata",6080,"2018","11","OK"
"1132","Okfuskee",5955,"2018","11","OK"
"1133","Oklahoma",410412,"2018","11","OK"
"1134","Okmulgee",20090,"2018","11","OK"
"1135","Osage",26770,"2018","11","OK"
"1136","Ottawa",16931,"2018","11","OK"
"1137","Pawnee",9002,"2018","11","OK"
"1138","Payne",40267,"2018","11","OK"
"1139","Pittsburg",26198,"2018","11","OK"
"1140","Pontotoc",21623,"2018","11","OK"
"1141","Pottawatomie",38523,"2018","11","OK"
"1142","Pushmataha",6982,"2018","11","OK"
"1143","Roger Mills",2340,"2018","11","OK"
"1144","Rogers",55941,"2018","11","OK"
"1145","Seminole",11958,"2018","11","OK"
"1146","Sequoyah",21629,"2018","11","OK"
"1147","Stephens",26552,"2018","11","OK"
"1148","Texas",8842,"2018","11","OK"
"1149","Tillman",4105,"2018","11","OK"
"1150","Tulsa",350139,"2018","11","OK"
"1151","Wagoner",42171,"2018","11","OK"
"1152","Washington",32020,"2018","11","OK"
"1153","Washita",6556,"2018","11","OK"
"1154","Woods",4780,"2018","11","OK"
"1155","Woodward",10944,"2018","11","OK"
"1156","Adair",10984,"2018","12","OK"
"1157","Alfalfa",2868,"2018","12","OK"
"1158","Atoka",7421,"2018","12","OK"
"1159","Beaver",3052,"2018","12","OK"
"1160","Beckham",11236,"2018","12","OK"
"1161","Blaine",5252,"2018","12","OK"
"1162","Bryan",24362,"2018","12","OK"
"1163","Caddo",13726,"2018","12","OK"
"1164","Canadian",78841,"2018","12","OK"
"1165","Carter",30373,"2018","12","OK"
"1166","Cherokee",24639,"2018","12","OK"
"1167","Choctaw",8537,"2018","12","OK"
"1168","Cimarron",1601,"2018","12","OK"
"1169","Cleveland",158219,"2018","12","OK"
"1170","Coal",3886,"2018","12","OK"
"1171","Comanche",55245,"2018","12","OK"
"1172","Cotton",3660,"2018","12","OK"
"1173","Craig",7891,"2018","12","OK"
"1174","Creek",39603,"2018","12","OK"
"1175","Custer",16286,"2018","12","OK"
"1176","Delaware",22864,"2018","12","OK"
"1177","Dewey",2937,"2018","12","OK"
"1178","Ellis",2511,"2018","12","OK"
"1179","Garfield",30406,"2018","12","OK"
"1180","Garvin",15377,"2018","12","OK"
"1181","Grady",32187,"2018","12","OK"
"1182","Grant",2889,"2018","12","OK"
"1183","Greer",2766,"2018","12","OK"
"1184","Harmon",1416,"2018","12","OK"
"1185","Harper",1953,"2018","12","OK"
"1186","Haskell",6922,"2018","12","OK"
"1187","Hughes",6861,"2018","12","OK"
"1188","Jackson",11682,"2018","12","OK"
"1189","Jefferson",3390,"2018","12","OK"
"1190","Johnston",5978,"2018","12","OK"
"1191","Kay",24234,"2018","12","OK"
"1192","Kingfisher",8227,"2018","12","OK"
"1193","Kiowa",4838,"2018","12","OK"
"1194","Latimer",6092,"2018","12","OK"
"1195","LeFlore",27236,"2018","12","OK"
"1196","Lincoln",19402,"2018","12","OK"
"1197","Logan",27364,"2018","12","OK"
"1198","Love",6173,"2018","12","OK"
"1199","Major",4302,"2018","12","OK"
"1200","Marshall",8305,"2018","12","OK"
"1201","Mayes",22122,"2018","12","OK"
"1202","McClain",23728,"2018","12","OK"
"1203","McCurtain",15588,"2018","12","OK"
"1204","McIntosh",11806,"2018","12","OK"
"1205","Murray",7710,"2018","12","OK"
"1206","Muskogee",37080,"2018","12","OK"
"1207","Noble",6403,"2018","12","OK"
"1208","Nowata",5974,"2018","12","OK"
"1209","Okfuskee",5900,"2018","12","OK"
"1210","Oklahoma",411091,"2018","12","OK"
"1211","Okmulgee",20057,"2018","12","OK"
"1212","Osage",26740,"2018","12","OK"
"1213","Ottawa",16988,"2018","12","OK"
"1214","Pawnee",9019,"2018","12","OK"
"1215","Payne",40172,"2018","12","OK"
"1216","Pittsburg",26110,"2018","12","OK"
"1217","Pontotoc",21551,"2018","12","OK"
"1218","Pottawatomie",38381,"2018","12","OK"
"1219","Pushmataha",6978,"2018","12","OK"
"1220","Roger Mills",2332,"2018","12","OK"
"1221","Rogers",55768,"2018","12","OK"
"1222","Seminole",11989,"2018","12","OK"
"1223","Sequoyah",21647,"2018","12","OK"
"1224","Stephens",26544,"2018","12","OK"
"1225","Texas",8820,"2018","12","OK"
"1226","Tillman",4104,"2018","12","OK"
"1227","Tulsa",351139,"2018","12","OK"
"1228","Wagoner",42169,"2018","12","OK"
"1229","Washington",31955,"2018","12","OK"
"1230","Washita",6567,"2018","12","OK"
"1231","Woods",4778,"2018","12","OK"
"1232","Woodward",10930,"2018","12","OK"
"1233","Adair",10608,"2018","2","OK"
"1234","Alfalfa",2811,"2018","2","OK"
"1235","Atoka",7178,"2018","2","OK"
"1236","Beaver",3009,"2018","2","OK"
"1237","Beckham",10883,"2018","2","OK"
"1238","Blaine",5155,"2018","2","OK"
"1239","Bryan",23022,"2018","2","OK"
"1240","Caddo",13248,"2018","2","OK"
"1241","Canadian",74252,"2018","2","OK"
"1242","Carter",28955,"2018","2","OK"
"1243","Cherokee",22867,"2018","2","OK"
"1244","Choctaw",8197,"2018","2","OK"
"1245","Cimarron",1560,"2018","2","OK"
"1246","Cleveland",150036,"2018","2","OK"
"1247","Coal",3660,"2018","2","OK"
"1248","Comanche",51901,"2018","2","OK"
"1249","Cotton",3524,"2018","2","OK"
"1250","Craig",7629,"2018","2","OK"
"1251","Creek",37766,"2018","2","OK"
"1252","Custer",15579,"2018","2","OK"
"1253","Delaware",21603,"2018","2","OK"
"1254","Dewey",2849,"2018","2","OK"
"1255","Ellis",2447,"2018","2","OK"
"1256","Garfield",28957,"2018","2","OK"
"1257","Garvin",14928,"2018","2","OK"
"1258","Grady",30908,"2018","2","OK"
"1259","Grant",2784,"2018","2","OK"
"1260","Greer",2653,"2018","2","OK"
"1261","Harmon",1358,"2018","2","OK"
"1262","Harper",1934,"2018","2","OK"
"1263","Haskell",6642,"2018","2","OK"
"1264","Hughes",6443,"2018","2","OK"
"1265","Jackson",11092,"2018","2","OK"
"1266","Jefferson",3359,"2018","2","OK"
"1267","Johnston",5833,"2018","2","OK"
"1268","Kay",23245,"2018","2","OK"
"1269","Kingfisher",7926,"2018","2","OK"
"1270","Kiowa",4702,"2018","2","OK"
"1271","Latimer",5942,"2018","2","OK"
"1272","LeFlore",26358,"2018","2","OK"
"1273","Lincoln",18646,"2018","2","OK"
"1274","Logan",25750,"2018","2","OK"
"1275","Love",5883,"2018","2","OK"
"1276","Major",4174,"2018","2","OK"
"1277","Marshall",7818,"2018","2","OK"
"1278","Mayes",21106,"2018","2","OK"
"1279","McClain",22702,"2018","2","OK"
"1280","McCurtain",15175,"2018","2","OK"
"1281","McIntosh",11372,"2018","2","OK"
"1282","Murray",7459,"2018","2","OK"
"1283","Muskogee",35791,"2018","2","OK"
"1284","Noble",6163,"2018","2","OK"
"1285","Nowata",5791,"2018","2","OK"
"1286","Okfuskee",5656,"2018","2","OK"
"1287","Oklahoma",388240,"2018","2","OK"
"1288","Okmulgee",19539,"2018","2","OK"
"1289","Osage",25559,"2018","2","OK"
"1290","Ottawa",16014,"2018","2","OK"
"1291","Pawnee",8565,"2018","2","OK"
"1292","Payne",38132,"2018","2","OK"
"1293","Pittsburg",25448,"2018","2","OK"
"1294","Pontotoc",20822,"2018","2","OK"
"1295","Pottawatomie",36498,"2018","2","OK"
"1296","Pushmataha",6777,"2018","2","OK"
"1297","Roger Mills",2280,"2018","2","OK"
"1298","Rogers",53129,"2018","2","OK"
"1299","Seminole",11511,"2018","2","OK"
"1300","Sequoyah",20664,"2018","2","OK"
"1301","Stephens",25482,"2018","2","OK"
"1302","Texas",8528,"2018","2","OK"
"1303","Tillman",4001,"2018","2","OK"
"1304","Tulsa",334618,"2018","2","OK"
"1305","Wagoner",39818,"2018","2","OK"
"1306","Washington",30323,"2018","2","OK"
"1307","Washita",6353,"2018","2","OK"
"1308","Woods",4688,"2018","2","OK"
"1309","Woodward",10585,"2018","2","OK"
"1310","Adair",10623,"2018","3","OK"
"1311","Alfalfa",2827,"2018","3","OK"
"1312","Atoka",7181,"2018","3","OK"
"1313","Beaver",3016,"2018","3","OK"
"1314","Beckham",10903,"2018","3","OK"
"1315","Blaine",5159,"2018","3","OK"
"1316","Bryan",23094,"2018","3","OK"
"1317","Caddo",13323,"2018","3","OK"
"1318","Canadian",74355,"2018","3","OK"
"1319","Carter",29063,"2018","3","OK"
"1320","Cherokee",23028,"2018","3","OK"
"1321","Choctaw",8220,"2018","3","OK"
"1322","Cimarron",1569,"2018","3","OK"
"1323","Cleveland",150468,"2018","3","OK"
"1324","Coal",3674,"2018","3","OK"
"1325","Comanche",51982,"2018","3","OK"
"1326","Cotton",3527,"2018","3","OK"
"1327","Craig",7643,"2018","3","OK"
"1328","Creek",37838,"2018","3","OK"
"1329","Custer",15641,"2018","3","OK"
"1330","Delaware",21716,"2018","3","OK"
"1331","Dewey",2858,"2018","3","OK"
"1332","Ellis",2457,"2018","3","OK"
"1333","Garfield",29055,"2018","3","OK"
"1334","Garvin",14994,"2018","3","OK"
"1335","Grady",31017,"2018","3","OK"
"1336","Grant",2774,"2018","3","OK"
"1337","Greer",2657,"2018","3","OK"
"1338","Harmon",1366,"2018","3","OK"
"1339","Harper",1937,"2018","3","OK"
"1340","Haskell",6715,"2018","3","OK"
"1341","Hughes",6470,"2018","3","OK"
"1342","Jackson",11123,"2018","3","OK"
"1343","Jefferson",3362,"2018","3","OK"
"1344","Johnston",5836,"2018","3","OK"
"1345","Kay",23347,"2018","3","OK"
"1346","Kingfisher",7935,"2018","3","OK"
"1347","Kiowa",4727,"2018","3","OK"
"1348","Latimer",5967,"2018","3","OK"
"1349","LeFlore",26430,"2018","3","OK"
"1350","Lincoln",18709,"2018","3","OK"
"1351","Logan",25803,"2018","3","OK"
"1352","Love",5898,"2018","3","OK"
"1353","Major",4191,"2018","3","OK"
"1354","Marshall",7832,"2018","3","OK"
"1355","Mayes",21212,"2018","3","OK"
"1356","McClain",22746,"2018","3","OK"
"1357","McCurtain",15207,"2018","3","OK"
"1358","McIntosh",11414,"2018","3","OK"
"1359","Murray",7463,"2018","3","OK"
"1360","Muskogee",35917,"2018","3","OK"
"1361","Noble",6176,"2018","3","OK"
"1362","Nowata",5791,"2018","3","OK"
"1363","Okfuskee",5683,"2018","3","OK"
"1364","Oklahoma",389109,"2018","3","OK"
"1365","Okmulgee",19525,"2018","3","OK"
"1366","Osage",25643,"2018","3","OK"
"1367","Ottawa",16083,"2018","3","OK"
"1368","Pawnee",8586,"2018","3","OK"
"1369","Payne",38204,"2018","3","OK"
"1370","Pittsburg",25467,"2018","3","OK"
"1371","Pontotoc",20884,"2018","3","OK"
"1372","Pottawatomie",36680,"2018","3","OK"
"1373","Pushmataha",6773,"2018","3","OK"
"1374","Roger Mills",2281,"2018","3","OK"
"1375","Rogers",53307,"2018","3","OK"
"1376","Seminole",11498,"2018","3","OK"
"1377","Sequoyah",20687,"2018","3","OK"
"1378","Stephens",25608,"2018","3","OK"
"1379","Texas",8528,"2018","3","OK"
"1380","Tillman",4007,"2018","3","OK"
"1381","Tulsa",335389,"2018","3","OK"
"1382","Wagoner",39944,"2018","3","OK"
"1383","Washington",30462,"2018","3","OK"
"1384","Washita",6376,"2018","3","OK"
"1385","Woods",4682,"2018","3","OK"
"1386","Woodward",10603,"2018","3","OK"
"1387","Adair",10679,"2018","4","OK"
"1388","Alfalfa",2836,"2018","4","OK"
"1389","Atoka",7216,"2018","4","OK"
"1390","Beaver",3029,"2018","4","OK"
"1391","Beckham",10950,"2018","4","OK"
"1392","Blaine",5175,"2018","4","OK"
"1393","Bryan",23209,"2018","4","OK"
"1394","Caddo",13391,"2018","4","OK"
"1395","Canadian",74845,"2018","4","OK"
"1396","Carter",29196,"2018","4","OK"
"1397","Cherokee",23241,"2018","4","OK"
"1398","Choctaw",8249,"2018","4","OK"
"1399","Cimarron",1575,"2018","4","OK"
"1400","Cleveland",150855,"2018","4","OK"
"1401","Coal",3694,"2018","4","OK"
"1402","Comanche",52491,"2018","4","OK"
"1403","Cotton",3551,"2018","4","OK"
"1404","Craig",7658,"2018","4","OK"
"1405","Creek",38027,"2018","4","OK"
"1406","Custer",15685,"2018","4","OK"
"1407","Delaware",21770,"2018","4","OK"
"1408","Dewey",2865,"2018","4","OK"
"1409","Ellis",2463,"2018","4","OK"
"1410","Garfield",29166,"2018","4","OK"
"1411","Garvin",15089,"2018","4","OK"
"1412","Grady",31096,"2018","4","OK"
"1413","Grant",2781,"2018","4","OK"
"1414","Greer",2666,"2018","4","OK"
"1415","Harmon",1376,"2018","4","OK"
"1416","Harper",1946,"2018","4","OK"
"1417","Haskell",6736,"2018","4","OK"
"1418","Hughes",6491,"2018","4","OK"
"1419","Jackson",11178,"2018","4","OK"
"1420","Jefferson",3372,"2018","4","OK"
"1421","Johnston",5805,"2018","4","OK"
"1422","Kay",23323,"2018","4","OK"
"1423","Kingfisher",7950,"2018","4","OK"
"1424","Kiowa",4728,"2018","4","OK"
"1425","Latimer",5989,"2018","4","OK"
"1426","LeFlore",26489,"2018","4","OK"
"1427","Lincoln",18817,"2018","4","OK"
"1428","Logan",25960,"2018","4","OK"
"1429","Love",5922,"2018","4","OK"
"1430","Major",4206,"2018","4","OK"
"1431","Marshall",7888,"2018","4","OK"
"1432","Mayes",21278,"2018","4","OK"
"1433","McClain",22908,"2018","4","OK"
"1434","McCurtain",15248,"2018","4","OK"
"1435","McIntosh",11442,"2018","4","OK"
"1436","Murray",7490,"2018","4","OK"
"1437","Muskogee",35911,"2018","4","OK"
"1438","Noble",6205,"2018","4","OK"
"1439","Nowata",5799,"2018","4","OK"
"1440","Okfuskee",5718,"2018","4","OK"
"1441","Oklahoma",390730,"2018","4","OK"
"1442","Okmulgee",19610,"2018","4","OK"
"1443","Osage",25764,"2018","4","OK"
"1444","Ottawa",16188,"2018","4","OK"
"1445","Pawnee",8591,"2018","4","OK"
"1446","Payne",38348,"2018","4","OK"
"1447","Pittsburg",25591,"2018","4","OK"
"1448","Pontotoc",20956,"2018","4","OK"
"1449","Pottawatomie",36759,"2018","4","OK"
"1450","Pushmataha",6804,"2018","4","OK"
"1451","Roger Mills",2284,"2018","4","OK"
"1452","Rogers",53627,"2018","4","OK"
"1453","Seminole",11542,"2018","4","OK"
"1454","Sequoyah",20823,"2018","4","OK"
"1455","Stephens",25773,"2018","4","OK"
"1456","Texas",8538,"2018","4","OK"
"1457","Tillman",4036,"2018","4","OK"
"1458","Tulsa",336004,"2018","4","OK"
"1459","Wagoner",40199,"2018","4","OK"
"1460","Washington",30591,"2018","4","OK"
"1461","Washita",6393,"2018","4","OK"
"1462","Woods",4679,"2018","4","OK"
"1463","Woodward",10666,"2018","4","OK"
"1464","Adair",10720,"2018","5","OK"
"1465","Alfalfa",2854,"2018","5","OK"
"1466","Atoka",7245,"2018","5","OK"
"1467","Beaver",3036,"2018","5","OK"
"1468","Beckham",11000,"2018","5","OK"
"1469","Blaine",5216,"2018","5","OK"
"1470","Bryan",23343,"2018","5","OK"
"1471","Caddo",13377,"2018","5","OK"
"1472","Canadian",75289,"2018","5","OK"
"1473","Carter",29480,"2018","5","OK"
"1474","Cherokee",23501,"2018","5","OK"
"1475","Choctaw",8303,"2018","5","OK"
"1476","Cimarron",1581,"2018","5","OK"
"1477","Cleveland",151790,"2018","5","OK"
"1478","Coal",3738,"2018","5","OK"
"1479","Comanche",52688,"2018","5","OK"
"1480","Cotton",3553,"2018","5","OK"
"1481","Craig",7700,"2018","5","OK"
"1482","Creek",38469,"2018","5","OK"
"1483","Custer",15773,"2018","5","OK"
"1484","Delaware",21889,"2018","5","OK"
"1485","Dewey",2875,"2018","5","OK"
"1486","Ellis",2467,"2018","5","OK"
"1487","Garfield",29324,"2018","5","OK"
"1488","Garvin",15058,"2018","5","OK"
"1489","Grady",31263,"2018","5","OK"
"1490","Grant",2787,"2018","5","OK"
"1491","Greer",2685,"2018","5","OK"
"1492","Harmon",1378,"2018","5","OK"
"1493","Harper",1966,"2018","5","OK"
"1494","Haskell",6780,"2018","5","OK"
"1495","Hughes",6565,"2018","5","OK"
"1496","Jackson",11233,"2018","5","OK"
"1497","Jefferson",3373,"2018","5","OK"
"1498","Johnston",5836,"2018","5","OK"
"1499","Kay",23373,"2018","5","OK"
"1500","Kingfisher",7992,"2018","5","OK"
"1501","Kiowa",4758,"2018","5","OK"
"1502","Latimer",5988,"2018","5","OK"
"1503","LeFlore",26562,"2018","5","OK"
"1504","Lincoln",18836,"2018","5","OK"
"1505","Logan",26122,"2018","5","OK"
"1506","Love",5980,"2018","5","OK"
"1507","Major",4224,"2018","5","OK"
"1508","Marshall",7945,"2018","5","OK"
"1509","Mayes",21419,"2018","5","OK"
"1510","McClain",22941,"2018","5","OK"
"1511","McCurtain",15252,"2018","5","OK"
"1512","McIntosh",11459,"2018","5","OK"
"1513","Murray",7506,"2018","5","OK"
"1514","Muskogee",36099,"2018","5","OK"
"1515","Noble",6241,"2018","5","OK"
"1516","Nowata",5825,"2018","5","OK"
"1517","Okfuskee",5763,"2018","5","OK"
"1518","Oklahoma",392762,"2018","5","OK"
"1519","Okmulgee",19672,"2018","5","OK"
"1520","Osage",25862,"2018","5","OK"
"1521","Ottawa",16277,"2018","5","OK"
"1522","Pawnee",8647,"2018","5","OK"
"1523","Payne",38723,"2018","5","OK"
"1524","Pittsburg",25672,"2018","5","OK"
"1525","Pontotoc",21041,"2018","5","OK"
"1526","Pottawatomie",36885,"2018","5","OK"
"1527","Pushmataha",6849,"2018","5","OK"
"1528","Roger Mills",2293,"2018","5","OK"
"1529","Rogers",53914,"2018","5","OK"
"1530","Seminole",11572,"2018","5","OK"
"1531","Sequoyah",20926,"2018","5","OK"
"1532","Stephens",25842,"2018","5","OK"
"1533","Texas",8641,"2018","5","OK"
"1534","Tillman",4046,"2018","5","OK"
"1535","Tulsa",337841,"2018","5","OK"
"1536","Wagoner",40474,"2018","5","OK"
"1537","Washington",30761,"2018","5","OK"
"1538","Washita",6401,"2018","5","OK"
"1539","Woods",4701,"2018","5","OK"
"1540","Woodward",10683,"2018","5","OK"
"1541","Adair",10769,"2018","6","OK"
"1542","Alfalfa",2853,"2018","6","OK"
"1543","Atoka",7262,"2018","6","OK"
"1544","Beaver",3034,"2018","6","OK"
"1545","Beckham",11043,"2018","6","OK"
"1546","Blaine",5196,"2018","6","OK"
"1547","Bryan",23447,"2018","6","OK"
"1548","Caddo",13409,"2018","6","OK"
"1549","Canadian",76011,"2018","6","OK"
"1550","Carter",29597,"2018","6","OK"
"1551","Cherokee",23694,"2018","6","OK"
"1552","Choctaw",8333,"2018","6","OK"
"1553","Cimarron",1584,"2018","6","OK"
"1554","Cleveland",152856,"2018","6","OK"
"1555","Coal",3768,"2018","6","OK"
"1556","Comanche",53244,"2018","6","OK"
"1557","Cotton",3589,"2018","6","OK"
"1558","Craig",7738,"2018","6","OK"
"1559","Creek",38692,"2018","6","OK"
"1560","Custer",15854,"2018","6","OK"
"1561","Delaware",22016,"2018","6","OK"
"1562","Dewey",2891,"2018","6","OK"
"1563","Ellis",2482,"2018","6","OK"
"1564","Garfield",29584,"2018","6","OK"
"1565","Garvin",15162,"2018","6","OK"
"1566","Grady",31406,"2018","6","OK"
"1567","Grant",2812,"2018","6","OK"
"1568","Greer",2710,"2018","6","OK"
"1569","Harmon",1380,"2018","6","OK"
"1570","Harper",1956,"2018","6","OK"
"1571","Haskell",6806,"2018","6","OK"
"1572","Hughes",6666,"2018","6","OK"
"1573","Jackson",11280,"2018","6","OK"
"1574","Jefferson",3379,"2018","6","OK"
"1575","Johnston",5833,"2018","6","OK"
"1576","Kay",23664,"2018","6","OK"
"1577","Kingfisher",8004,"2018","6","OK"
"1578","Kiowa",4793,"2018","6","OK"
"1579","Latimer",6019,"2018","6","OK"
"1580","LeFlore",26660,"2018","6","OK"
"1581","Lincoln",18980,"2018","6","OK"
"1582","Logan",26211,"2018","6","OK"
"1583","Love",6000,"2018","6","OK"
"1584","Major",4243,"2018","6","OK"
"1585","Marshall",8058,"2018","6","OK"
"1586","Mayes",21598,"2018","6","OK"
"1587","McClain",23073,"2018","6","OK"
"1588","McCurtain",15268,"2018","6","OK"
"1589","McIntosh",11479,"2018","6","OK"
"1590","Murray",7535,"2018","6","OK"
"1591","Muskogee",36322,"2018","6","OK"
"1592","Noble",6290,"2018","6","OK"
"1593","Nowata",5834,"2018","6","OK"
"1594","Okfuskee",5809,"2018","6","OK"
"1595","Oklahoma",395603,"2018","6","OK"
"1596","Okmulgee",19696,"2018","6","OK"
"1597","Osage",26011,"2018","6","OK"
"1598","Ottawa",16412,"2018","6","OK"
"1599","Pawnee",8699,"2018","6","OK"
"1600","Payne",38971,"2018","6","OK"
"1601","Pittsburg",25730,"2018","6","OK"
"1602","Pontotoc",21065,"2018","6","OK"
"1603","Pottawatomie",37112,"2018","6","OK"
"1604","Pushmataha",6882,"2018","6","OK"
"1605","Roger Mills",2299,"2018","6","OK"
"1606","Rogers",54365,"2018","6","OK"
"1607","Seminole",11676,"2018","6","OK"
"1608","Sequoyah",21059,"2018","6","OK"
"1609","Stephens",25903,"2018","6","OK"
"1610","Texas",8654,"2018","6","OK"
"1611","Tillman",4061,"2018","6","OK"
"1612","Tulsa",340310,"2018","6","OK"
"1613","Wagoner",40854,"2018","6","OK"
"1614","Washington",30934,"2018","6","OK"
"1615","Washita",6398,"2018","6","OK"
"1616","Woods",4697,"2018","6","OK"
"1617","Woodward",10720,"2018","6","OK"
"1618","Adair",10819,"2018","7","OK"
"1619","Alfalfa",2873,"2018","7","OK"
"1620","Atoka",7306,"2018","7","OK"
"1621","Beaver",3040,"2018","7","OK"
"1622","Beckham",11120,"2018","7","OK"
"1623","Blaine",5232,"2018","7","OK"
"1624","Bryan",23607,"2018","7","OK"
"1625","Caddo",13529,"2018","7","OK"
"1626","Canadian",76639,"2018","7","OK"
"1627","Carter",29789,"2018","7","OK"
"1628","Cherokee",24000,"2018","7","OK"
"1629","Choctaw",8381,"2018","7","OK"
"1630","Cimarron",1583,"2018","7","OK"
"1631","Cleveland",153756,"2018","7","OK"
"1632","Coal",3814,"2018","7","OK"
"1633","Comanche",53629,"2018","7","OK"
"1634","Cotton",3600,"2018","7","OK"
"1635","Craig",7757,"2018","7","OK"
"1636","Creek",38825,"2018","7","OK"
"1637","Custer",15791,"2018","7","OK"
"1638","Delaware",22167,"2018","7","OK"
"1639","Dewey",2902,"2018","7","OK"
"1640","Ellis",2476,"2018","7","OK"
"1641","Garfield",29786,"2018","7","OK"
"1642","Garvin",15275,"2018","7","OK"
"1643","Grady",31656,"2018","7","OK"
"1644","Grant",2826,"2018","7","OK"
"1645","Greer",2704,"2018","7","OK"
"1646","Harmon",1389,"2018","7","OK"
"1647","Harper",1952,"2018","7","OK"
"1648","Haskell",6821,"2018","7","OK"
"1649","Hughes",6739,"2018","7","OK"
"1650","Jackson",11380,"2018","7","OK"
"1651","Jefferson",3390,"2018","7","OK"
"1652","Johnston",5890,"2018","7","OK"
"1653","Kay",23835,"2018","7","OK"
"1654","Kingfisher",8027,"2018","7","OK"
"1655","Kiowa",4795,"2018","7","OK"
"1656","Latimer",6017,"2018","7","OK"
"1657","LeFlore",26748,"2018","7","OK"
"1658","Lincoln",19093,"2018","7","OK"
"1659","Logan",26542,"2018","7","OK"
"1660","Love",6047,"2018","7","OK"
"1661","Major",4250,"2018","7","OK"
"1662","Marshall",8097,"2018","7","OK"
"1663","Mayes",21722,"2018","7","OK"
"1664","McClain",23295,"2018","7","OK"
"1665","McCurtain",15357,"2018","7","OK"
"1666","McIntosh",11565,"2018","7","OK"
"1667","Murray",7577,"2018","7","OK"
"1668","Muskogee",36753,"2018","7","OK"
"1669","Noble",6301,"2018","7","OK"
"1670","Nowata",5982,"2018","7","OK"
"1671","Okfuskee",5769,"2018","7","OK"
"1672","Oklahoma",398777,"2018","7","OK"
"1673","Okmulgee",19810,"2018","7","OK"
"1674","Osage",26263,"2018","7","OK"
"1675","Ottawa",16457,"2018","7","OK"
"1676","Pawnee",8713,"2018","7","OK"
"1677","Payne",39179,"2018","7","OK"
"1678","Pittsburg",25906,"2018","7","OK"
"1679","Pontotoc",21163,"2018","7","OK"
"1680","Pottawatomie",37500,"2018","7","OK"
"1681","Pushmataha",6904,"2018","7","OK"
"1682","Roger Mills",2304,"2018","7","OK"
"1683","Rogers",54691,"2018","7","OK"
"1684","Seminole",11685,"2018","7","OK"
"1685","Sequoyah",21131,"2018","7","OK"
"1686","Stephens",26114,"2018","7","OK"
"1687","Texas",8657,"2018","7","OK"
"1688","Tillman",4065,"2018","7","OK"
"1689","Tulsa",341191,"2018","7","OK"
"1690","Wagoner",41203,"2018","7","OK"
"1691","Washington",31275,"2018","7","OK"
"1692","Washita",6467,"2018","7","OK"
"1693","Woods",4730,"2018","7","OK"
"1694","Woodward",10793,"2018","7","OK"
"1695","Adair",10826,"2018","8","OK"
"1696","Alfalfa",2860,"2018","8","OK"
"1697","Atoka",7313,"2018","8","OK"
"1698","Beaver",3046,"2018","8","OK"
"1699","Beckham",11152,"2018","8","OK"
"1700","Blaine",5221,"2018","8","OK"
"1701","Bryan",23714,"2018","8","OK"
"1702","Caddo",13533,"2018","8","OK"
"1703","Canadian",76913,"2018","8","OK"
"1704","Carter",29931,"2018","8","OK"
"1705","Cherokee",24083,"2018","8","OK"
"1706","Choctaw",8379,"2018","8","OK"
"1707","Cimarron",1585,"2018","8","OK"
"1708","Cleveland",154290,"2018","8","OK"
"1709","Coal",3883,"2018","8","OK"
"1710","Comanche",53789,"2018","8","OK"
"1711","Cotton",3596,"2018","8","OK"
"1712","Craig",7752,"2018","8","OK"
"1713","Creek",39009,"2018","8","OK"
"1714","Custer",15842,"2018","8","OK"
"1715","Delaware",22280,"2018","8","OK"
"1716","Dewey",2902,"2018","8","OK"
"1717","Ellis",2489,"2018","8","OK"
"1718","Garfield",29920,"2018","8","OK"
"1719","Garvin",15206,"2018","8","OK"
"1720","Grady",31789,"2018","8","OK"
"1721","Grant",2831,"2018","8","OK"
"1722","Greer",2703,"2018","8","OK"
"1723","Harmon",1387,"2018","8","OK"
"1724","Harper",1952,"2018","8","OK"
"1725","Haskell",6804,"2018","8","OK"
"1726","Hughes",6715,"2018","8","OK"
"1727","Jackson",11438,"2018","8","OK"
"1728","Jefferson",3384,"2018","8","OK"
"1729","Johnston",5896,"2018","8","OK"
"1730","Kay",24008,"2018","8","OK"
"1731","Kingfisher",8033,"2018","8","OK"
"1732","Kiowa",4806,"2018","8","OK"
"1733","Latimer",6015,"2018","8","OK"
"1734","LeFlore",26776,"2018","8","OK"
"1735","Lincoln",19175,"2018","8","OK"
"1736","Logan",26640,"2018","8","OK"
"1737","Love",6070,"2018","8","OK"
"1738","Major",4260,"2018","8","OK"
"1739","Marshall",8143,"2018","8","OK"
"1740","Mayes",21763,"2018","8","OK"
"1741","McClain",23276,"2018","8","OK"
"1742","McCurtain",15340,"2018","8","OK"
"1743","McIntosh",11558,"2018","8","OK"
"1744","Murray",7596,"2018","8","OK"
"1745","Muskogee",36486,"2018","8","OK"
"1746","Noble",6291,"2018","8","OK"
"1747","Nowata",6038,"2018","8","OK"
"1748","Okfuskee",5801,"2018","8","OK"
"1749","Oklahoma",400439,"2018","8","OK"
"1750","Okmulgee",19811,"2018","8","OK"
"1751","Osage",26323,"2018","8","OK"
"1752","Ottawa",16459,"2018","8","OK"
"1753","Pawnee",8819,"2018","8","OK"
"1754","Payne",39323,"2018","8","OK"
"1755","Pittsburg",25944,"2018","8","OK"
"1756","Pontotoc",21193,"2018","8","OK"
"1757","Pottawatomie",37585,"2018","8","OK"
"1758","Pushmataha",6930,"2018","8","OK"
"1759","Roger Mills",2311,"2018","8","OK"
"1760","Rogers",54631,"2018","8","OK"
"1761","Seminole",11727,"2018","8","OK"
"1762","Sequoyah",21214,"2018","8","OK"
"1763","Stephens",26158,"2018","8","OK"
"1764","Texas",8676,"2018","8","OK"
"1765","Tillman",4062,"2018","8","OK"
"1766","Tulsa",344113,"2018","8","OK"
"1767","Wagoner",41238,"2018","8","OK"
"1768","Washington",31356,"2018","8","OK"
"1769","Washita",6466,"2018","8","OK"
"1770","Woods",4709,"2018","8","OK"
"1771","Woodward",10789,"2018","8","OK"
"1772","Adair",10863,"2018","9","OK"
"1773","Alfalfa",2865,"2018","9","OK"
"1774","Atoka",7370,"2018","9","OK"
"1775","Beaver",3043,"2018","9","OK"
"1776","Beckham",11164,"2018","9","OK"
"1777","Blaine",5225,"2018","9","OK"
"1778","Bryan",23864,"2018","9","OK"
"1779","Caddo",13595,"2018","9","OK"
"1780","Canadian",77277,"2018","9","OK"
"1781","Carter",30019,"2018","9","OK"
"1782","Cherokee",24295,"2018","9","OK"
"1783","Choctaw",8423,"2018","9","OK"
"1784","Cimarron",1594,"2018","9","OK"
"1785","Cleveland",155312,"2018","9","OK"
"1786","Coal",3891,"2018","9","OK"
"1787","Comanche",54101,"2018","9","OK"
"1788","Cotton",3630,"2018","9","OK"
"1789","Craig",7790,"2018","9","OK"
"1790","Creek",39165,"2018","9","OK"
"1791","Custer",16101,"2018","9","OK"
"1792","Delaware",22408,"2018","9","OK"
"1793","Dewey",2903,"2018","9","OK"
"1794","Ellis",2485,"2018","9","OK"
"1795","Garfield",29993,"2018","9","OK"
"1796","Garvin",15292,"2018","9","OK"
"1797","Grady",31873,"2018","9","OK"
"1798","Grant",2842,"2018","9","OK"
"1799","Greer",2723,"2018","9","OK"
"1800","Harmon",1390,"2018","9","OK"
"1801","Harper",1955,"2018","9","OK"
"1802","Haskell",6853,"2018","9","OK"
"1803","Hughes",6777,"2018","9","OK"
"1804","Jackson",11490,"2018","9","OK"
"1805","Jefferson",3364,"2018","9","OK"
"1806","Johnston",5909,"2018","9","OK"
"1807","Kay",23875,"2018","9","OK"
"1808","Kingfisher",8075,"2018","9","OK"
"1809","Kiowa",4816,"2018","9","OK"
"1810","Latimer",6036,"2018","9","OK"
"1811","LeFlore",26852,"2018","9","OK"
"1812","Lincoln",19167,"2018","9","OK"
"1813","Logan",26833,"2018","9","OK"
"1814","Love",6101,"2018","9","OK"
"1815","Major",4261,"2018","9","OK"
"1816","Marshall",8182,"2018","9","OK"
"1817","Mayes",21829,"2018","9","OK"
"1818","McClain",23430,"2018","9","OK"
"1819","McCurtain",15420,"2018","9","OK"
"1820","McIntosh",11624,"2018","9","OK"
"1821","Murray",7610,"2018","9","OK"
"1822","Muskogee",36740,"2018","9","OK"
"1823","Noble",6335,"2018","9","OK"
"1824","Nowata",6053,"2018","9","OK"
"1825","Okfuskee",5813,"2018","9","OK"
"1826","Oklahoma",402539,"2018","9","OK"
"1827","Okmulgee",19869,"2018","9","OK"
"1828","Osage",26359,"2018","9","OK"
"1829","Ottawa",16665,"2018","9","OK"
"1830","Pawnee",8892,"2018","9","OK"
"1831","Payne",39507,"2018","9","OK"
"1832","Pittsburg",25986,"2018","9","OK"
"1833","Pontotoc",21284,"2018","9","OK"
"1834","Pottawatomie",38021,"2018","9","OK"
"1835","Pushmataha",6941,"2018","9","OK"
"1836","Roger Mills",2315,"2018","9","OK"
"1837","Rogers",54937,"2018","9","OK"
"1838","Seminole",11790,"2018","9","OK"
"1839","Sequoyah",21259,"2018","9","OK"
"1840","Stephens",26227,"2018","9","OK"
"1841","Texas",8745,"2018","9","OK"
"1842","Tillman",4084,"2018","9","OK"
"1843","Tulsa",345119,"2018","9","OK"
"1844","Wagoner",41383,"2018","9","OK"
"1845","Washington",31514,"2018","9","OK"
"1846","Washita",6519,"2018","9","OK"
"1847","Woods",4724,"2018","9","OK"
"1848","Woodward",10838,"2018","9","OK"
"1849","Adair",10988,"2019","1","OK"
"1850","Alfalfa",2869,"2019","1","OK"
"1851","Atoka",7422,"2019","1","OK"
"1852","Beaver",3054,"2019","1","OK"
"1853","Beckham",11241,"2019","1","OK"
"1854","Blaine",5264,"2019","1","OK"
"1855","Bryan",24429,"2019","1","OK"
"1856","Caddo",13724,"2019","1","OK"
"1857","Canadian",79001,"2019","1","OK"
"1858","Carter",30459,"2019","1","OK"
"1859","Cherokee",24677,"2019","1","OK"
"1860","Choctaw",8556,"2019","1","OK"
"1861","Cimarron",1607,"2019","1","OK"
"1862","Cleveland",158611,"2019","1","OK"
"1863","Coal",3887,"2019","1","OK"
"1864","Comanche",55368,"2019","1","OK"
"1865","Cotton",3669,"2019","1","OK"
"1866","Craig",7896,"2019","1","OK"
"1867","Creek",39679,"2019","1","OK"
"1868","Custer",16091,"2019","1","OK"
"1869","Delaware",22901,"2019","1","OK"
"1870","Dewey",2945,"2019","1","OK"
"1871","Ellis",2516,"2019","1","OK"
"1872","Garfield",30400,"2019","1","OK"
"1873","Garvin",15430,"2019","1","OK"
"1874","Grady",32315,"2019","1","OK"
"1875","Grant",2849,"2019","1","OK"
"1876","Greer",2769,"2019","1","OK"
"1877","Harmon",1422,"2019","1","OK"
"1878","Harper",1947,"2019","1","OK"
"1879","Haskell",6917,"2019","1","OK"
"1880","Hughes",6852,"2019","1","OK"
"1881","Jackson",11704,"2019","1","OK"
"1882","Jefferson",3403,"2019","1","OK"
"1883","Johnston",5968,"2019","1","OK"
"1884","Kay",24317,"2019","1","OK"
"1885","Kingfisher",8204,"2019","1","OK"
"1886","Kiowa",4847,"2019","1","OK"
"1887","Latimer",6085,"2019","1","OK"
"1888","LeFlore",27257,"2019","1","OK"
"1889","Lincoln",19420,"2019","1","OK"
"1890","Logan",27418,"2019","1","OK"
"1891","Love",6189,"2019","1","OK"
"1892","Major",4292,"2019","1","OK"
"1893","Marshall",8345,"2019","1","OK"
"1894","Mayes",22173,"2019","1","OK"
"1895","McClain",23817,"2019","1","OK"
"1896","McCurtain",15604,"2019","1","OK"
"1897","McIntosh",11807,"2019","1","OK"
"1898","Murray",7720,"2019","1","OK"
"1899","Muskogee",37148,"2019","1","OK"
"1900","Noble",6414,"2019","1","OK"
"1901","Nowata",5998,"2019","1","OK"
"1902","Okfuskee",5905,"2019","1","OK"
"1903","Oklahoma",411749,"2019","1","OK"
"1904","Okmulgee",20061,"2019","1","OK"
"1905","Osage",26764,"2019","1","OK"
"1906","Ottawa",17025,"2019","1","OK"
"1907","Pawnee",9035,"2019","1","OK"
"1908","Payne",40256,"2019","1","OK"
"1909","Pittsburg",26149,"2019","1","OK"
"1910","Pontotoc",21523,"2019","1","OK"
"1911","Pottawatomie",38457,"2019","1","OK"
"1912","Pushmataha",6963,"2019","1","OK"
"1913","Roger Mills",2331,"2019","1","OK"
"1914","Rogers",55728,"2019","1","OK"
"1915","Seminole",11901,"2019","1","OK"
"1916","Sequoyah",21660,"2019","1","OK"
"1917","Stephens",26603,"2019","1","OK"
"1918","Texas",8821,"2019","1","OK"
"1919","Tillman",4113,"2019","1","OK"
"1920","Tulsa",351912,"2019","1","OK"
"1921","Wagoner",42230,"2019","1","OK"
"1922","Washington",32062,"2019","1","OK"
"1923","Washita",6583,"2019","1","OK"
"1924","Woods",4774,"2019","1","OK"
"1925","Woodward",10946,"2019","1","OK"
"1926","Adair",10224,"2019","10","OK"
"1927","Alfalfa",2781,"2019","10","OK"
"1928","Atoka",7131,"2019","10","OK"
"1929","Beaver",2885,"2019","10","OK"
"1930","Beckham",11081,"2019","10","OK"
"1931","Blaine",5133,"2019","10","OK"
"1932","Bryan",22249,"2019","10","OK"
"1933","Caddo",13301,"2019","10","OK"
"1934","Canadian",78909,"2019","10","OK"
"1935","Carter",29639,"2019","10","OK"
"1936","Cherokee",23788,"2019","10","OK"
"1937","Choctaw",8296,"2019","10","OK"
"1938","Cimarron",1520,"2019","10","OK"
"1939","Cleveland",155759,"2019","10","OK"
"1940","Coal",3716,"2019","10","OK"
"1941","Comanche",54198,"2019","10","OK"
"1942","Cotton",3551,"2019","10","OK"
"1943","Craig",7776,"2019","10","OK"
"1944","Creek",38708,"2019","10","OK"
"1945","Custer",15709,"2019","10","OK"
"1946","Delaware",22191,"2019","10","OK"
"1947","Dewey",2892,"2019","10","OK"
"1948","Ellis",2450,"2019","10","OK"
"1949","Garfield",29759,"2019","10","OK"
"1950","Garvin",15057,"2019","10","OK"
"1951","Grady",31814,"2019","10","OK"
"1952","Grant",2786,"2019","10","OK"
"1953","Greer",2699,"2019","10","OK"
"1954","Harmon",1364,"2019","10","OK"
"1955","Harper",1887,"2019","10","OK"
"1956","Haskell",6619,"2019","10","OK"
"1957","Hughes",6665,"2019","10","OK"
"1958","Jackson",11362,"2019","10","OK"
"1959","Jefferson",3353,"2019","10","OK"
"1960","Johnston",5814,"2019","10","OK"
"1961","Kay",23617,"2019","10","OK"
"1962","Kingfisher",8005,"2019","10","OK"
"1963","Kiowa",4724,"2019","10","OK"
"1964","Latimer",5802,"2019","10","OK"
"1965","LeFlore",26118,"2019","10","OK"
"1966","Lincoln",19033,"2019","10","OK"
"1967","Logan",26905,"2019","10","OK"
"1968","Love",6105,"2019","10","OK"
"1969","Major",4199,"2019","10","OK"
"1970","Marshall",8190,"2019","10","OK"
"1971","Mayes",21458,"2019","10","OK"
"1972","McClain",23762,"2019","10","OK"
"1973","McCurtain",15145,"2019","10","OK"
"1974","McIntosh",11288,"2019","10","OK"
"1975","Murray",7471,"2019","10","OK"
"1976","Muskogee",35531,"2019","10","OK"
"1977","Noble",6253,"2019","10","OK"
"1978","Nowata",5771,"2019","10","OK"
"1979","Okfuskee",5735,"2019","10","OK"
"1980","Oklahoma",404358,"2019","10","OK"
"1981","Okmulgee",19306,"2019","10","OK"
"1982","Osage",26179,"2019","10","OK"
"1983","Ottawa",16778,"2019","10","OK"
"1984","Pawnee",8572,"2019","10","OK"
"1985","Payne",39144,"2019","10","OK"
"1986","Pittsburg",24842,"2019","10","OK"
"1987","Pontotoc",20899,"2019","10","OK"
"1988","Pottawatomie",37711,"2019","10","OK"
"1989","Pushmataha",6496,"2019","10","OK"
"1990","Roger Mills",2276,"2019","10","OK"
"1991","Rogers",54413,"2019","10","OK"
"1992","Seminole",11517,"2019","10","OK"
"1993","Sequoyah",21026,"2019","10","OK"
"1994","Stephens",25831,"2019","10","OK"
"1995","Texas",8403,"2019","10","OK"
"1996","Tillman",3991,"2019","10","OK"
"1997","Tulsa",343766,"2019","10","OK"
"1998","Wagoner",41852,"2019","10","OK"
"1999","Washington",31809,"2019","10","OK"
"2000","Washita",6411,"2019","10","OK"
"2001","Woods",4642,"2019","10","OK"
"2002","Woodward",10648,"2019","10","OK"
"2003","Adair",10225,"2019","11","OK"
"2004","Alfalfa",2779,"2019","11","OK"
"2005","Atoka",7113,"2019","11","OK"
"2006","Beaver",2890,"2019","11","OK"
"2007","Beckham",11103,"2019","11","OK"
"2008","Blaine",5140,"2019","11","OK"
"2009","Bryan",22351,"2019","11","OK"
"2010","Caddo",13323,"2019","11","OK"
"2011","Canadian",79269,"2019","11","OK"
"2012","Carter",29690,"2019","11","OK"
"2013","Cherokee",23782,"2019","11","OK"
"2014","Choctaw",8309,"2019","11","OK"
"2015","Cimarron",1519,"2019","11","OK"
"2016","Cleveland",156250,"2019","11","OK"
"2017","Coal",3713,"2019","11","OK"
"2018","Comanche",54385,"2019","11","OK"
"2019","Cotton",3558,"2019","11","OK"
"2020","Craig",7771,"2019","11","OK"
"2021","Creek",38928,"2019","11","OK"
"2022","Custer",15576,"2019","11","OK"
"2023","Delaware",22240,"2019","11","OK"
"2024","Dewey",2894,"2019","11","OK"
"2025","Ellis",2452,"2019","11","OK"
"2026","Garfield",29792,"2019","11","OK"
"2027","Garvin",15132,"2019","11","OK"
"2028","Grady",31843,"2019","11","OK"
"2029","Grant",2785,"2019","11","OK"
"2030","Greer",2704,"2019","11","OK"
"2031","Harmon",1366,"2019","11","OK"
"2032","Harper",1885,"2019","11","OK"
"2033","Haskell",6634,"2019","11","OK"
"2034","Hughes",6684,"2019","11","OK"
"2035","Jackson",11392,"2019","11","OK"
"2036","Jefferson",3346,"2019","11","OK"
"2037","Johnston",5832,"2019","11","OK"
"2038","Kay",23703,"2019","11","OK"
"2039","Kingfisher",8012,"2019","11","OK"
"2040","Kiowa",4723,"2019","11","OK"
"2041","Latimer",5808,"2019","11","OK"
"2042","LeFlore",26181,"2019","11","OK"
"2043","Lincoln",19060,"2019","11","OK"
"2044","Logan",27069,"2019","11","OK"
"2045","Love",6115,"2019","11","OK"
"2046","Major",4202,"2019","11","OK"
"2047","Marshall",8203,"2019","11","OK"
"2048","Mayes",21520,"2019","11","OK"
"2049","McClain",23828,"2019","11","OK"
"2050","McCurtain",15144,"2019","11","OK"
"2051","McIntosh",11301,"2019","11","OK"
"2052","Murray",7460,"2019","11","OK"
"2053","Muskogee",35593,"2019","11","OK"
"2054","Noble",6237,"2019","11","OK"
"2055","Nowata",5782,"2019","11","OK"
"2056","Okfuskee",5749,"2019","11","OK"
"2057","Oklahoma",405605,"2019","11","OK"
"2058","Okmulgee",19330,"2019","11","OK"
"2059","Osage",26207,"2019","11","OK"
"2060","Ottawa",16825,"2019","11","OK"
"2061","Pawnee",8570,"2019","11","OK"
"2062","Payne",39242,"2019","11","OK"
"2063","Pittsburg",24876,"2019","11","OK"
"2064","Pontotoc",20907,"2019","11","OK"
"2065","Pottawatomie",37879,"2019","11","OK"
"2066","Pushmataha",6506,"2019","11","OK"
"2067","Roger Mills",2276,"2019","11","OK"
"2068","Rogers",54616,"2019","11","OK"
"2069","Seminole",11548,"2019","11","OK"
"2070","Sequoyah",21073,"2019","11","OK"
"2071","Stephens",25889,"2019","11","OK"
"2072","Texas",8427,"2019","11","OK"
"2073","Tillman",4011,"2019","11","OK"
"2074","Tulsa",344409,"2019","11","OK"
"2075","Wagoner",41768,"2019","11","OK"
"2076","Washington",31906,"2019","11","OK"
"2077","Washita",6412,"2019","11","OK"
"2078","Woods",4660,"2019","11","OK"
"2079","Woodward",10658,"2019","11","OK"
"2080","Adair",10231,"2019","12","OK"
"2081","Alfalfa",2778,"2019","12","OK"
"2082","Atoka",7122,"2019","12","OK"
"2083","Beaver",2884,"2019","12","OK"
"2084","Beckham",11135,"2019","12","OK"
"2085","Blaine",5150,"2019","12","OK"
"2086","Bryan",22463,"2019","12","OK"
"2087","Caddo",13329,"2019","12","OK"
"2088","Canadian",79621,"2019","12","OK"
"2089","Carter",29820,"2019","12","OK"
"2090","Cherokee",23807,"2019","12","OK"
"2091","Choctaw",8312,"2019","12","OK"
"2092","Cimarron",1517,"2019","12","OK"
"2093","Cleveland",156837,"2019","12","OK"
"2094","Coal",3721,"2019","12","OK"
"2095","Comanche",54673,"2019","12","OK"
"2096","Cotton",3570,"2019","12","OK"
"2097","Craig",7758,"2019","12","OK"
"2098","Creek",38908,"2019","12","OK"
"2099","Custer",15647,"2019","12","OK"
"2100","Delaware",22284,"2019","12","OK"
"2101","Dewey",2903,"2019","12","OK"
"2102","Ellis",2455,"2019","12","OK"
"2103","Garfield",29882,"2019","12","OK"
"2104","Garvin",15162,"2019","12","OK"
"2105","Grady",31862,"2019","12","OK"
"2106","Grant",2787,"2019","12","OK"
"2107","Greer",2711,"2019","12","OK"
"2108","Harmon",1373,"2019","12","OK"
"2109","Harper",1886,"2019","12","OK"
"2110","Haskell",6639,"2019","12","OK"
"2111","Hughes",6710,"2019","12","OK"
"2112","Jackson",11471,"2019","12","OK"
"2113","Jefferson",3352,"2019","12","OK"
"2114","Johnston",5827,"2019","12","OK"
"2115","Kay",23601,"2019","12","OK"
"2116","Kingfisher",8047,"2019","12","OK"
"2117","Kiowa",4726,"2019","12","OK"
"2118","Latimer",5798,"2019","12","OK"
"2119","LeFlore",26252,"2019","12","OK"
"2120","Lincoln",19078,"2019","12","OK"
"2121","Logan",27141,"2019","12","OK"
"2122","Love",6146,"2019","12","OK"
"2123","Major",4209,"2019","12","OK"
"2124","Marshall",8238,"2019","12","OK"
"2125","Mayes",21563,"2019","12","OK"
"2126","McClain",23900,"2019","12","OK"
"2127","McCurtain",15158,"2019","12","OK"
"2128","McIntosh",11283,"2019","12","OK"
"2129","Murray",7490,"2019","12","OK"
"2130","Muskogee",35647,"2019","12","OK"
"2131","Noble",6260,"2019","12","OK"
"2132","Nowata",5783,"2019","12","OK"
"2133","Okfuskee",5720,"2019","12","OK"
"2134","Oklahoma",406134,"2019","12","OK"
"2135","Okmulgee",19347,"2019","12","OK"
"2136","Osage",26261,"2019","12","OK"
"2137","Ottawa",16894,"2019","12","OK"
"2138","Pawnee",8606,"2019","12","OK"
"2139","Payne",39331,"2019","12","OK"
"2140","Pittsburg",24962,"2019","12","OK"
"2141","Pontotoc",20927,"2019","12","OK"
"2142","Pottawatomie",37895,"2019","12","OK"
"2143","Pushmataha",6528,"2019","12","OK"
"2144","Roger Mills",2280,"2019","12","OK"
"2145","Rogers",54662,"2019","12","OK"
"2146","Seminole",11563,"2019","12","OK"
"2147","Sequoyah",21122,"2019","12","OK"
"2148","Stephens",25960,"2019","12","OK"
"2149","Texas",8437,"2019","12","OK"
"2150","Tillman",4016,"2019","12","OK"
"2151","Tulsa",345397,"2019","12","OK"
"2152","Wagoner",41853,"2019","12","OK"
"2153","Washington",31994,"2019","12","OK"
"2154","Washita",6448,"2019","12","OK"
"2155","Woods",4658,"2019","12","OK"
"2156","Woodward",10709,"2019","12","OK"
"2157","Adair",10999,"2019","2","OK"
"2158","Alfalfa",2873,"2019","2","OK"
"2159","Atoka",7420,"2019","2","OK"
"2160","Beaver",3059,"2019","2","OK"
"2161","Beckham",11262,"2019","2","OK"
"2162","Blaine",5267,"2019","2","OK"
"2163","Bryan",24490,"2019","2","OK"
"2164","Caddo",13738,"2019","2","OK"
"2165","Canadian",79236,"2019","2","OK"
"2166","Carter",30546,"2019","2","OK"
"2167","Cherokee",24685,"2019","2","OK"
"2168","Choctaw",8594,"2019","2","OK"
"2169","Cimarron",1609,"2019","2","OK"
"2170","Cleveland",159017,"2019","2","OK"
"2171","Coal",3891,"2019","2","OK"
"2172","Comanche",55515,"2019","2","OK"
"2173","Cotton",3679,"2019","2","OK"
"2174","Craig",7943,"2019","2","OK"
"2175","Creek",39743,"2019","2","OK"
"2176","Custer",16140,"2019","2","OK"
"2177","Delaware",22955,"2019","2","OK"
"2178","Dewey",2958,"2019","2","OK"
"2179","Ellis",2522,"2019","2","OK"
"2180","Garfield",30466,"2019","2","OK"
"2181","Garvin",15477,"2019","2","OK"
"2182","Grady",32389,"2019","2","OK"
"2183","Grant",2854,"2019","2","OK"
"2184","Greer",2780,"2019","2","OK"
"2185","Harmon",1426,"2019","2","OK"
"2186","Harper",1951,"2019","2","OK"
"2187","Haskell",6931,"2019","2","OK"
"2188","Hughes",6861,"2019","2","OK"
"2189","Jackson",11774,"2019","2","OK"
"2190","Jefferson",3419,"2019","2","OK"
"2191","Johnston",5984,"2019","2","OK"
"2192","Kay",24387,"2019","2","OK"
"2193","Kingfisher",8210,"2019","2","OK"
"2194","Kiowa",4862,"2019","2","OK"
"2195","Latimer",6098,"2019","2","OK"
"2196","LeFlore",27322,"2019","2","OK"
"2197","Lincoln",19470,"2019","2","OK"
"2198","Logan",27504,"2019","2","OK"
"2199","Love",6229,"2019","2","OK"
"2200","Major",4300,"2019","2","OK"
"2201","Marshall",8369,"2019","2","OK"
"2202","Mayes",22209,"2019","2","OK"
"2203","McClain",23851,"2019","2","OK"
"2204","McCurtain",15691,"2019","2","OK"
"2205","McIntosh",11825,"2019","2","OK"
"2206","Murray",7720,"2019","2","OK"
"2207","Muskogee",37228,"2019","2","OK"
"2208","Noble",6399,"2019","2","OK"
"2209","Nowata",5999,"2019","2","OK"
"2210","Okfuskee",5909,"2019","2","OK"
"2211","Oklahoma",412708,"2019","2","OK"
"2212","Okmulgee",20082,"2019","2","OK"
"2213","Osage",26821,"2019","2","OK"
"2214","Ottawa",17092,"2019","2","OK"
"2215","Pawnee",8923,"2019","2","OK"
"2216","Payne",40326,"2019","2","OK"
"2217","Pittsburg",26171,"2019","2","OK"
"2218","Pontotoc",21530,"2019","2","OK"
"2219","Pottawatomie",38557,"2019","2","OK"
"2220","Pushmataha",6976,"2019","2","OK"
"2221","Roger Mills",2337,"2019","2","OK"
"2222","Rogers",55791,"2019","2","OK"
"2223","Seminole",11930,"2019","2","OK"
"2224","Sequoyah",21703,"2019","2","OK"
"2225","Stephens",26674,"2019","2","OK"
"2226","Texas",8838,"2019","2","OK"
"2227","Tillman",4134,"2019","2","OK"
"2228","Tulsa",352506,"2019","2","OK"
"2229","Wagoner",42326,"2019","2","OK"
"2230","Washington",32183,"2019","2","OK"
"2231","Washita",6584,"2019","2","OK"
"2232","Woods",4771,"2019","2","OK"
"2233","Woodward",10964,"2019","2","OK"
"2234","Adair",11049,"2019","3","OK"
"2235","Alfalfa",2877,"2019","3","OK"
"2236","Atoka",7417,"2019","3","OK"
"2237","Beaver",3073,"2019","3","OK"
"2238","Beckham",11308,"2019","3","OK"
"2239","Blaine",5250,"2019","3","OK"
"2240","Bryan",24564,"2019","3","OK"
"2241","Caddo",13756,"2019","3","OK"
"2242","Canadian",79376,"2019","3","OK"
"2243","Carter",30570,"2019","3","OK"
"2244","Cherokee",24674,"2019","3","OK"
"2245","Choctaw",8609,"2019","3","OK"
"2246","Cimarron",1605,"2019","3","OK"
"2247","Cleveland",159076,"2019","3","OK"
"2248","Coal",3898,"2019","3","OK"
"2249","Comanche",55678,"2019","3","OK"
"2250","Cotton",3690,"2019","3","OK"
"2251","Craig",7966,"2019","3","OK"
"2252","Creek",39690,"2019","3","OK"
"2253","Custer",16210,"2019","3","OK"
"2254","Delaware",22977,"2019","3","OK"
"2255","Dewey",2964,"2019","3","OK"
"2256","Ellis",2528,"2019","3","OK"
"2257","Garfield",30520,"2019","3","OK"
"2258","Garvin",15456,"2019","3","OK"
"2259","Grady",32389,"2019","3","OK"
"2260","Grant",2866,"2019","3","OK"
"2261","Greer",2786,"2019","3","OK"
"2262","Harmon",1426,"2019","3","OK"
"2263","Harper",1947,"2019","3","OK"
"2264","Haskell",6936,"2019","3","OK"
"2265","Hughes",6923,"2019","3","OK"
"2266","Jackson",11814,"2019","3","OK"
"2267","Jefferson",3419,"2019","3","OK"
"2268","Johnston",6003,"2019","3","OK"
"2269","Kay",24215,"2019","3","OK"
"2270","Kingfisher",8219,"2019","3","OK"
"2271","Kiowa",4849,"2019","3","OK"
"2272","Latimer",6123,"2019","3","OK"
"2273","LeFlore",27455,"2019","3","OK"
"2274","Lincoln",19506,"2019","3","OK"
"2275","Logan",27547,"2019","3","OK"
"2276","Love",6245,"2019","3","OK"
"2277","Major",4294,"2019","3","OK"
"2278","Marshall",8382,"2019","3","OK"
"2279","Mayes",22206,"2019","3","OK"
"2280","McClain",23931,"2019","3","OK"
"2281","McCurtain",15793,"2019","3","OK"
"2282","McIntosh",11811,"2019","3","OK"
"2283","Murray",7700,"2019","3","OK"
"2284","Muskogee",37160,"2019","3","OK"
"2285","Noble",6405,"2019","3","OK"
"2286","Nowata",5985,"2019","3","OK"
"2287","Okfuskee",5917,"2019","3","OK"
"2288","Oklahoma",412960,"2019","3","OK"
"2289","Okmulgee",20089,"2019","3","OK"
"2290","Osage",26868,"2019","3","OK"
"2291","Ottawa",17167,"2019","3","OK"
"2292","Pawnee",8949,"2019","3","OK"
"2293","Payne",40397,"2019","3","OK"
"2294","Pittsburg",26113,"2019","3","OK"
"2295","Pontotoc",21467,"2019","3","OK"
"2296","Pottawatomie",38575,"2019","3","OK"
"2297","Pushmataha",6983,"2019","3","OK"
"2298","Roger Mills",2344,"2019","3","OK"
"2299","Rogers",55862,"2019","3","OK"
"2300","Seminole",11887,"2019","3","OK"
"2301","Sequoyah",21753,"2019","3","OK"
"2302","Stephens",26732,"2019","3","OK"
"2303","Texas",8869,"2019","3","OK"
"2304","Tillman",4146,"2019","3","OK"
"2305","Tulsa",352307,"2019","3","OK"
"2306","Wagoner",42266,"2019","3","OK"
"2307","Washington",32304,"2019","3","OK"
"2308","Washita",6567,"2019","3","OK"
"2309","Woods",4762,"2019","3","OK"
"2310","Woodward",10984,"2019","3","OK"
"2311","Adair",10208,"2019","4","OK"
"2312","Alfalfa",2779,"2019","4","OK"
"2313","Atoka",7054,"2019","4","OK"
"2314","Beaver",2897,"2019","4","OK"
"2315","Beckham",10944,"2019","4","OK"
"2316","Blaine",5100,"2019","4","OK"
"2317","Bryan",21943,"2019","4","OK"
"2318","Caddo",13161,"2019","4","OK"
"2319","Canadian",77403,"2019","4","OK"
"2320","Carter",29100,"2019","4","OK"
"2321","Cherokee",23704,"2019","4","OK"
"2322","Choctaw",8178,"2019","4","OK"
"2323","Cimarron",1499,"2019","4","OK"
"2324","Cleveland",153166,"2019","4","OK"
"2325","Coal",3708,"2019","4","OK"
"2326","Comanche",52895,"2019","4","OK"
"2327","Cotton",3529,"2019","4","OK"
"2328","Craig",7698,"2019","4","OK"
"2329","Creek",38395,"2019","4","OK"
"2330","Custer",15499,"2019","4","OK"
"2331","Delaware",21877,"2019","4","OK"
"2332","Dewey",2865,"2019","4","OK"
"2333","Ellis",2422,"2019","4","OK"
"2334","Garfield",29448,"2019","4","OK"
"2335","Garvin",14841,"2019","4","OK"
"2336","Grady",31142,"2019","4","OK"
"2337","Grant",2772,"2019","4","OK"
"2338","Greer",2681,"2019","4","OK"
"2339","Harmon",1346,"2019","4","OK"
"2340","Harper",1869,"2019","4","OK"
"2341","Haskell",6574,"2019","4","OK"
"2342","Hughes",6605,"2019","4","OK"
"2343","Jackson",11172,"2019","4","OK"
"2344","Jefferson",3272,"2019","4","OK"
"2345","Johnston",5757,"2019","4","OK"
"2346","Kay",23185,"2019","4","OK"
"2347","Kingfisher",7951,"2019","4","OK"
"2348","Kiowa",4717,"2019","4","OK"
"2349","Latimer",5751,"2019","4","OK"
"2350","LeFlore",25741,"2019","4","OK"
"2351","Lincoln",18808,"2019","4","OK"
"2352","Logan",26495,"2019","4","OK"
"2353","Love",5961,"2019","4","OK"
"2354","Major",4185,"2019","4","OK"
"2355","Marshall",8049,"2019","4","OK"
"2356","Mayes",21349,"2019","4","OK"
"2357","McClain",23194,"2019","4","OK"
"2358","McCurtain",15009,"2019","4","OK"
"2359","McIntosh",11181,"2019","4","OK"
"2360","Murray",7418,"2019","4","OK"
"2361","Muskogee",35256,"2019","4","OK"
"2362","Noble",6235,"2019","4","OK"
"2363","Nowata",5715,"2019","4","OK"
"2364","Okfuskee",5644,"2019","4","OK"
"2365","Oklahoma",396547,"2019","4","OK"
"2366","Okmulgee",19154,"2019","4","OK"
"2367","Osage",25900,"2019","4","OK"
"2368","Ottawa",16426,"2019","4","OK"
"2369","Pawnee",8522,"2019","4","OK"
"2370","Payne",38721,"2019","4","OK"
"2371","Pittsburg",24701,"2019","4","OK"
"2372","Pontotoc",20643,"2019","4","OK"
"2373","Pottawatomie",37107,"2019","4","OK"
"2374","Pushmataha",6449,"2019","4","OK"
"2375","Roger Mills",2270,"2019","4","OK"
"2376","Rogers",53861,"2019","4","OK"
"2377","Seminole",11391,"2019","4","OK"
"2378","Sequoyah",20730,"2019","4","OK"
"2379","Stephens",25389,"2019","4","OK"
"2380","Texas",8336,"2019","4","OK"
"2381","Tillman",3953,"2019","4","OK"
"2382","Tulsa",339543,"2019","4","OK"
"2383","Wagoner",41084,"2019","4","OK"
"2384","Washington",31055,"2019","4","OK"
"2385","Washita",6361,"2019","4","OK"
"2386","Woods",4600,"2019","4","OK"
"2387","Woodward",10488,"2019","4","OK"
"2388","Adair",10205,"2019","5","OK"
"2389","Alfalfa",2786,"2019","5","OK"
"2390","Atoka",7050,"2019","5","OK"
"2391","Beaver",2898,"2019","5","OK"
"2392","Beckham",10964,"2019","5","OK"
"2393","Blaine",5112,"2019","5","OK"
"2394","Bryan",22038,"2019","5","OK"
"2395","Caddo",13188,"2019","5","OK"
"2396","Canadian",77489,"2019","5","OK"
"2397","Carter",29146,"2019","5","OK"
"2398","Cherokee",23711,"2019","5","OK"
"2399","Choctaw",8213,"2019","5","OK"
"2400","Cimarron",1506,"2019","5","OK"
"2401","Cleveland",153357,"2019","5","OK"
"2402","Coal",3699,"2019","5","OK"
"2403","Comanche",53061,"2019","5","OK"
"2404","Cotton",3528,"2019","5","OK"
"2405","Craig",7693,"2019","5","OK"
"2406","Creek",38418,"2019","5","OK"
"2407","Custer",15459,"2019","5","OK"
"2408","Delaware",21917,"2019","5","OK"
"2409","Dewey",2864,"2019","5","OK"
"2410","Ellis",2427,"2019","5","OK"
"2411","Garfield",29459,"2019","5","OK"
"2412","Garvin",14871,"2019","5","OK"
"2413","Grady",31228,"2019","5","OK"
"2414","Grant",2764,"2019","5","OK"
"2415","Greer",2682,"2019","5","OK"
"2416","Harmon",1349,"2019","5","OK"
"2417","Harper",1874,"2019","5","OK"
"2418","Haskell",6582,"2019","5","OK"
"2419","Hughes",6586,"2019","5","OK"
"2420","Jackson",11213,"2019","5","OK"
"2421","Jefferson",3292,"2019","5","OK"
"2422","Johnston",5766,"2019","5","OK"
"2423","Kay",23262,"2019","5","OK"
"2424","Kingfisher",7967,"2019","5","OK"
"2425","Kiowa",4722,"2019","5","OK"
"2426","Latimer",5754,"2019","5","OK"
"2427","LeFlore",25827,"2019","5","OK"
"2428","Lincoln",18871,"2019","5","OK"
"2429","Logan",26548,"2019","5","OK"
"2430","Love",5984,"2019","5","OK"
"2431","Major",4191,"2019","5","OK"
"2432","Marshall",8064,"2019","5","OK"
"2433","Mayes",21359,"2019","5","OK"
"2434","McClain",23292,"2019","5","OK"
"2435","McCurtain",15020,"2019","5","OK"
"2436","McIntosh",11213,"2019","5","OK"
"2437","Murray",7428,"2019","5","OK"
"2438","Muskogee",35288,"2019","5","OK"
"2439","Noble",6237,"2019","5","OK"
"2440","Nowata",5705,"2019","5","OK"
"2441","Okfuskee",5672,"2019","5","OK"
"2442","Oklahoma",397272,"2019","5","OK"
"2443","Okmulgee",19190,"2019","5","OK"
"2444","Osage",25913,"2019","5","OK"
"2445","Ottawa",16492,"2019","5","OK"
"2446","Pawnee",8559,"2019","5","OK"
"2447","Payne",38728,"2019","5","OK"
"2448","Pittsburg",24696,"2019","5","OK"
"2449","Pontotoc",20654,"2019","5","OK"
"2450","Pottawatomie",37166,"2019","5","OK"
"2451","Pushmataha",6467,"2019","5","OK"
"2452","Roger Mills",2264,"2019","5","OK"
"2453","Rogers",53922,"2019","5","OK"
"2454","Seminole",11406,"2019","5","OK"
"2455","Sequoyah",20780,"2019","5","OK"
"2456","Stephens",25459,"2019","5","OK"
"2457","Texas",8362,"2019","5","OK"
"2458","Tillman",3955,"2019","5","OK"
"2459","Tulsa",340071,"2019","5","OK"
"2460","Wagoner",41194,"2019","5","OK"
"2461","Washington",31165,"2019","5","OK"
"2462","Washita",6365,"2019","5","OK"
"2463","Woods",4600,"2019","5","OK"
"2464","Woodward",10484,"2019","5","OK"
"2465","Adair",10201,"2019","6","OK"
"2466","Alfalfa",2776,"2019","6","OK"
"2467","Atoka",7057,"2019","6","OK"
"2468","Beaver",2884,"2019","6","OK"
"2469","Beckham",10962,"2019","6","OK"
"2470","Blaine",5090,"2019","6","OK"
"2471","Bryan",22090,"2019","6","OK"
"2472","Caddo",13188,"2019","6","OK"
"2473","Canadian",77592,"2019","6","OK"
"2474","Carter",29174,"2019","6","OK"
"2475","Cherokee",23687,"2019","6","OK"
"2476","Choctaw",8202,"2019","6","OK"
"2477","Cimarron",1507,"2019","6","OK"
"2478","Cleveland",153556,"2019","6","OK"
"2479","Coal",3695,"2019","6","OK"
"2480","Comanche",53121,"2019","6","OK"
"2481","Cotton",3526,"2019","6","OK"
"2482","Craig",7678,"2019","6","OK"
"2483","Creek",38434,"2019","6","OK"
"2484","Custer",15488,"2019","6","OK"
"2485","Delaware",21898,"2019","6","OK"
"2486","Dewey",2870,"2019","6","OK"
"2487","Ellis",2434,"2019","6","OK"
"2488","Garfield",29473,"2019","6","OK"
"2489","Garvin",14863,"2019","6","OK"
"2490","Grady",31300,"2019","6","OK"
"2491","Grant",2769,"2019","6","OK"
"2492","Greer",2677,"2019","6","OK"
"2493","Harmon",1353,"2019","6","OK"
"2494","Harper",1874,"2019","6","OK"
"2495","Haskell",6591,"2019","6","OK"
"2496","Hughes",6587,"2019","6","OK"
"2497","Jackson",11202,"2019","6","OK"
"2498","Jefferson",3289,"2019","6","OK"
"2499","Johnston",5770,"2019","6","OK"
"2500","Kay",23238,"2019","6","OK"
"2501","Kingfisher",7953,"2019","6","OK"
"2502","Kiowa",4703,"2019","6","OK"
"2503","Latimer",5753,"2019","6","OK"
"2504","LeFlore",25836,"2019","6","OK"
"2505","Lincoln",18892,"2019","6","OK"
"2506","Logan",26593,"2019","6","OK"
"2507","Love",5997,"2019","6","OK"
"2508","Major",4176,"2019","6","OK"
"2509","Marshall",8068,"2019","6","OK"
"2510","Mayes",21369,"2019","6","OK"
"2511","McClain",23311,"2019","6","OK"
"2512","McCurtain",15012,"2019","6","OK"
"2513","McIntosh",11192,"2019","6","OK"
"2514","Murray",7421,"2019","6","OK"
"2515","Muskogee",35279,"2019","6","OK"
"2516","Noble",6246,"2019","6","OK"
"2517","Nowata",5717,"2019","6","OK"
"2518","Okfuskee",5675,"2019","6","OK"
"2519","Oklahoma",397971,"2019","6","OK"
"2520","Okmulgee",19161,"2019","6","OK"
"2521","Osage",25891,"2019","6","OK"
"2522","Ottawa",16536,"2019","6","OK"
"2523","Pawnee",8528,"2019","6","OK"
"2524","Payne",38710,"2019","6","OK"
"2525","Pittsburg",24702,"2019","6","OK"
"2526","Pontotoc",20604,"2019","6","OK"
"2527","Pottawatomie",37283,"2019","6","OK"
"2528","Pushmataha",6457,"2019","6","OK"
"2529","Roger Mills",2259,"2019","6","OK"
"2530","Rogers",53906,"2019","6","OK"
"2531","Seminole",11381,"2019","6","OK"
"2532","Sequoyah",20797,"2019","6","OK"
"2533","Stephens",25434,"2019","6","OK"
"2534","Texas",8352,"2019","6","OK"
"2535","Tillman",3950,"2019","6","OK"
"2536","Tulsa",340140,"2019","6","OK"
"2537","Wagoner",41151,"2019","6","OK"
"2538","Washington",31240,"2019","6","OK"
"2539","Washita",6380,"2019","6","OK"
"2540","Woods",4587,"2019","6","OK"
"2541","Woodward",10501,"2019","6","OK"
"2542","Adair",10196,"2019","7","OK"
"2543","Alfalfa",2771,"2019","7","OK"
"2544","Atoka",7066,"2019","7","OK"
"2545","Beaver",2884,"2019","7","OK"
"2546","Beckham",10986,"2019","7","OK"
"2547","Blaine",5109,"2019","7","OK"
"2548","Bryan",22111,"2019","7","OK"
"2549","Caddo",13201,"2019","7","OK"
"2550","Canadian",77954,"2019","7","OK"
"2551","Carter",29265,"2019","7","OK"
"2552","Cherokee",23659,"2019","7","OK"
"2553","Choctaw",8215,"2019","7","OK"
"2554","Cimarron",1511,"2019","7","OK"
"2555","Cleveland",153850,"2019","7","OK"
"2556","Coal",3695,"2019","7","OK"
"2557","Comanche",53391,"2019","7","OK"
"2558","Cotton",3532,"2019","7","OK"
"2559","Craig",7696,"2019","7","OK"
"2560","Creek",38444,"2019","7","OK"
"2561","Custer",15492,"2019","7","OK"
"2562","Delaware",21944,"2019","7","OK"
"2563","Dewey",2874,"2019","7","OK"
"2564","Ellis",2439,"2019","7","OK"
"2565","Garfield",29530,"2019","7","OK"
"2566","Garvin",14896,"2019","7","OK"
"2567","Grady",31401,"2019","7","OK"
"2568","Grant",2773,"2019","7","OK"
"2569","Greer",2679,"2019","7","OK"
"2570","Harmon",1352,"2019","7","OK"
"2571","Harper",1878,"2019","7","OK"
"2572","Haskell",6595,"2019","7","OK"
"2573","Hughes",6610,"2019","7","OK"
"2574","Jackson",11248,"2019","7","OK"
"2575","Jefferson",3302,"2019","7","OK"
"2576","Johnston",5772,"2019","7","OK"
"2577","Kay",23311,"2019","7","OK"
"2578","Kingfisher",7984,"2019","7","OK"
"2579","Kiowa",4709,"2019","7","OK"
"2580","Latimer",5751,"2019","7","OK"
"2581","LeFlore",25890,"2019","7","OK"
"2582","Lincoln",18911,"2019","7","OK"
"2583","Logan",26689,"2019","7","OK"
"2584","Love",6029,"2019","7","OK"
"2585","Major",4171,"2019","7","OK"
"2586","Marshall",8100,"2019","7","OK"
"2587","Mayes",21346,"2019","7","OK"
"2588","McClain",23429,"2019","7","OK"
"2589","McCurtain",15013,"2019","7","OK"
"2590","McIntosh",11219,"2019","7","OK"
"2591","Murray",7435,"2019","7","OK"
"2592","Muskogee",35292,"2019","7","OK"
"2593","Noble",6260,"2019","7","OK"
"2594","Nowata",5727,"2019","7","OK"
"2595","Okfuskee",5692,"2019","7","OK"
"2596","Oklahoma",399210,"2019","7","OK"
"2597","Okmulgee",19183,"2019","7","OK"
"2598","Osage",25936,"2019","7","OK"
"2599","Ottawa",16593,"2019","7","OK"
"2600","Pawnee",8546,"2019","7","OK"
"2601","Payne",38776,"2019","7","OK"
"2602","Pittsburg",24687,"2019","7","OK"
"2603","Pontotoc",20597,"2019","7","OK"
"2604","Pottawatomie",37393,"2019","7","OK"
"2605","Pushmataha",6471,"2019","7","OK"
"2606","Roger Mills",2265,"2019","7","OK"
"2607","Rogers",54008,"2019","7","OK"
"2608","Seminole",11409,"2019","7","OK"
"2609","Sequoyah",20847,"2019","7","OK"
"2610","Stephens",25561,"2019","7","OK"
"2611","Texas",8355,"2019","7","OK"
"2612","Tillman",3953,"2019","7","OK"
"2613","Tulsa",340777,"2019","7","OK"
"2614","Wagoner",41243,"2019","7","OK"
"2615","Washington",31400,"2019","7","OK"
"2616","Washita",6392,"2019","7","OK"
"2617","Woods",4592,"2019","7","OK"
"2618","Woodward",10541,"2019","7","OK"
"2619","Adair",10202,"2019","8","OK"
"2620","Alfalfa",2772,"2019","8","OK"
"2621","Atoka",7080,"2019","8","OK"
"2622","Beaver",2878,"2019","8","OK"
"2623","Beckham",11007,"2019","8","OK"
"2624","Blaine",5113,"2019","8","OK"
"2625","Bryan",22160,"2019","8","OK"
"2626","Caddo",13237,"2019","8","OK"
"2627","Canadian",78253,"2019","8","OK"
"2628","Carter",29420,"2019","8","OK"
"2629","Cherokee",23715,"2019","8","OK"
"2630","Choctaw",8230,"2019","8","OK"
"2631","Cimarron",1517,"2019","8","OK"
"2632","Cleveland",154536,"2019","8","OK"
"2633","Coal",3707,"2019","8","OK"
"2634","Comanche",53606,"2019","8","OK"
"2635","Cotton",3538,"2019","8","OK"
"2636","Craig",7721,"2019","8","OK"
"2637","Creek",38559,"2019","8","OK"
"2638","Custer",15555,"2019","8","OK"
"2639","Delaware",22006,"2019","8","OK"
"2640","Dewey",2880,"2019","8","OK"
"2641","Ellis",2443,"2019","8","OK"
"2642","Garfield",29604,"2019","8","OK"
"2643","Garvin",14965,"2019","8","OK"
"2644","Grady",31500,"2019","8","OK"
"2645","Grant",2775,"2019","8","OK"
"2646","Greer",2684,"2019","8","OK"
"2647","Harmon",1360,"2019","8","OK"
"2648","Harper",1880,"2019","8","OK"
"2649","Haskell",6596,"2019","8","OK"
"2650","Hughes",6598,"2019","8","OK"
"2651","Jackson",11298,"2019","8","OK"
"2652","Jefferson",3320,"2019","8","OK"
"2653","Johnston",5780,"2019","8","OK"
"2654","Kay",23357,"2019","8","OK"
"2655","Kingfisher",7987,"2019","8","OK"
"2656","Kiowa",4720,"2019","8","OK"
"2657","Latimer",5755,"2019","8","OK"
"2658","LeFlore",25970,"2019","8","OK"
"2659","Lincoln",18943,"2019","8","OK"
"2660","Logan",26735,"2019","8","OK"
"2661","Love",6049,"2019","8","OK"
"2662","Major",4177,"2019","8","OK"
"2663","Marshall",8156,"2019","8","OK"
"2664","Mayes",21391,"2019","8","OK"
"2665","McClain",23526,"2019","8","OK"
"2666","McCurtain",15048,"2019","8","OK"
"2667","McIntosh",11231,"2019","8","OK"
"2668","Murray",7426,"2019","8","OK"
"2669","Muskogee",35366,"2019","8","OK"
"2670","Noble",6235,"2019","8","OK"
"2671","Nowata",5741,"2019","8","OK"
"2672","Okfuskee",5705,"2019","8","OK"
"2673","Oklahoma",401127,"2019","8","OK"
"2674","Okmulgee",19173,"2019","8","OK"
"2675","Osage",26003,"2019","8","OK"
"2676","Ottawa",16634,"2019","8","OK"
"2677","Pawnee",8565,"2019","8","OK"
"2678","Payne",38885,"2019","8","OK"
"2679","Pittsburg",24714,"2019","8","OK"
"2680","Pontotoc",20677,"2019","8","OK"
"2681","Pottawatomie",37469,"2019","8","OK"
"2682","Pushmataha",6485,"2019","8","OK"
"2683","Roger Mills",2259,"2019","8","OK"
"2684","Rogers",54094,"2019","8","OK"
"2685","Seminole",11427,"2019","8","OK"
"2686","Sequoyah",20906,"2019","8","OK"
"2687","Stephens",25620,"2019","8","OK"
"2688","Texas",8372,"2019","8","OK"
"2689","Tillman",3958,"2019","8","OK"
"2690","Tulsa",341691,"2019","8","OK"
"2691","Wagoner",41419,"2019","8","OK"
"2692","Washington",31542,"2019","8","OK"
"2693","Washita",6410,"2019","8","OK"
"2694","Woods",4611,"2019","8","OK"
"2695","Woodward",10569,"2019","8","OK"
"2696","Adair",10222,"2019","9","OK"
"2697","Alfalfa",2787,"2019","9","OK"
"2698","Atoka",7093,"2019","9","OK"
"2699","Beaver",2885,"2019","9","OK"
"2700","Beckham",11041,"2019","9","OK"
"2701","Blaine",5114,"2019","9","OK"
"2702","Bryan",22222,"2019","9","OK"
"2703","Caddo",13254,"2019","9","OK"
"2704","Canadian",78550,"2019","9","OK"
"2705","Carter",29517,"2019","9","OK"
"2706","Cherokee",23791,"2019","9","OK"
"2707","Choctaw",8270,"2019","9","OK"
"2708","Cimarron",1516,"2019","9","OK"
"2709","Cleveland",155095,"2019","9","OK"
"2710","Coal",3703,"2019","9","OK"
"2711","Comanche",53934,"2019","9","OK"
"2712","Cotton",3543,"2019","9","OK"
"2713","Craig",7754,"2019","9","OK"
"2714","Creek",38601,"2019","9","OK"
"2715","Custer",15613,"2019","9","OK"
"2716","Delaware",22088,"2019","9","OK"
"2717","Dewey",2895,"2019","9","OK"
"2718","Ellis",2453,"2019","9","OK"
"2719","Garfield",29685,"2019","9","OK"
"2720","Garvin",15003,"2019","9","OK"
"2721","Grady",31649,"2019","9","OK"
"2722","Grant",2783,"2019","9","OK"
"2723","Greer",2693,"2019","9","OK"
"2724","Harmon",1362,"2019","9","OK"
"2725","Harper",1880,"2019","9","OK"
"2726","Haskell",6612,"2019","9","OK"
"2727","Hughes",6615,"2019","9","OK"
"2728","Jackson",11329,"2019","9","OK"
"2729","Jefferson",3328,"2019","9","OK"
"2730","Johnston",5803,"2019","9","OK"
"2731","Kay",23438,"2019","9","OK"
"2732","Kingfisher",7987,"2019","9","OK"
"2733","Kiowa",4718,"2019","9","OK"
"2734","Latimer",5776,"2019","9","OK"
"2735","LeFlore",26073,"2019","9","OK"
"2736","Lincoln",18984,"2019","9","OK"
"2737","Logan",26825,"2019","9","OK"
"2738","Love",6077,"2019","9","OK"
"2739","Major",4195,"2019","9","OK"
"2740","Marshall",8180,"2019","9","OK"
"2741","Mayes",21447,"2019","9","OK"
"2742","McClain",23652,"2019","9","OK"
"2743","McCurtain",15089,"2019","9","OK"
"2744","McIntosh",11290,"2019","9","OK"
"2745","Murray",7444,"2019","9","OK"
"2746","Muskogee",35431,"2019","9","OK"
"2747","Noble",6246,"2019","9","OK"
"2748","Nowata",5745,"2019","9","OK"
"2749","Okfuskee",5718,"2019","9","OK"
"2750","Oklahoma",402553,"2019","9","OK"
"2751","Okmulgee",19244,"2019","9","OK"
"2752","Osage",26070,"2019","9","OK"
"2753","Ottawa",16725,"2019","9","OK"
"2754","Pawnee",8550,"2019","9","OK"
"2755","Payne",39039,"2019","9","OK"
"2756","Pittsburg",24793,"2019","9","OK"
"2757","Pontotoc",20730,"2019","9","OK"
"2758","Pottawatomie",37627,"2019","9","OK"
"2759","Pushmataha",6494,"2019","9","OK"
"2760","Roger Mills",2261,"2019","9","OK"
"2761","Rogers",54223,"2019","9","OK"
"2762","Seminole",11476,"2019","9","OK"
"2763","Sequoyah",20959,"2019","9","OK"
"2764","Stephens",25715,"2019","9","OK"
"2765","Texas",8405,"2019","9","OK"
"2766","Tillman",3974,"2019","9","OK"
"2767","Tulsa",342293,"2019","9","OK"
"2768","Wagoner",41600,"2019","9","OK"
"2769","Washington",31708,"2019","9","OK"
"2770","Washita",6432,"2019","9","OK"
"2771","Woods",4619,"2019","9","OK"
"2772","Woodward",10613,"2019","9","OK"
"2773","Adair",10265,"2020","01","OK"
"2774","Alfalfa",2774,"2020","01","OK"
"2775","Atoka",7188,"2020","01","OK"
"2776","Beaver",2887,"2020","01","OK"
"2777","Beckham",11182,"2020","01","OK"
"2778","Blaine",5173,"2020","01","OK"
"2779","Bryan",22563,"2020","01","OK"
"2780","Caddo",13381,"2020","01","OK"
"2781","Canadian",80171,"2020","01","OK"
"2782","Carter",29870,"2020","01","OK"
"2783","Cherokee",23846,"2020","01","OK"
"2784","Choctaw",8353,"2020","01","OK"
"2785","Cimarron",1516,"2020","01","OK"
"2786","Cleveland",157276,"2020","01","OK"
"2787","Coal",3727,"2020","01","OK"
"2788","Comanche",54946,"2020","01","OK"
"2789","Cotton",3581,"2020","01","OK"
"2790","Craig",7795,"2020","01","OK"
"2791","Creek",39062,"2020","01","OK"
"2792","Custer",15626,"2020","01","OK"
"2793","Delaware",22361,"2020","01","OK"
"2794","Dewey",2911,"2020","01","OK"
"2795","Ellis",2456,"2020","01","OK"
"2796","Garfield",29976,"2020","01","OK"
"2797","Garvin",15210,"2020","01","OK"
"2798","Grady",31972,"2020","01","OK"
"2799","Grant",2774,"2020","01","OK"
"2800","Greer",2712,"2020","01","OK"
"2801","Harmon",1375,"2020","01","OK"
"2802","Harper",1883,"2020","01","OK"
"2803","Haskell",6655,"2020","01","OK"
"2804","Hughes",6680,"2020","01","OK"
"2805","Jackson",11492,"2020","01","OK"
"2806","Jefferson",3368,"2020","01","OK"
"2807","Johnston",5842,"2020","01","OK"
"2808","Kay",23715,"2020","01","OK"
"2809","Kingfisher",8029,"2020","01","OK"
"2810","Kiowa",4742,"2020","01","OK"
"2811","Latimer",5829,"2020","01","OK"
"2812","LeFlore",26330,"2020","01","OK"
"2813","Lincoln",19101,"2020","01","OK"
"2814","Logan",27178,"2020","01","OK"
"2815","Love",6172,"2020","01","OK"
"2816","Major",4208,"2020","01","OK"
"2817","Marshall",8246,"2020","01","OK"
"2818","Mayes",21562,"2020","01","OK"
"2819","McClain",23970,"2020","01","OK"
"2820","McCurtain",15234,"2020","01","OK"
"2821","McIntosh",11320,"2020","01","OK"
"2822","Murray",7503,"2020","01","OK"
"2823","Muskogee",35707,"2020","01","OK"
"2824","Noble",6264,"2020","01","OK"
"2825","Nowata",5796,"2020","01","OK"
"2826","Okfuskee",5749,"2020","01","OK"
"2827","Oklahoma",408541,"2020","01","OK"
"2828","Okmulgee",19304,"2020","01","OK"
"2829","Osage",26352,"2020","01","OK"
"2830","Ottawa",16955,"2020","01","OK"
"2831","Pawnee",8636,"2020","01","OK"
"2832","Payne",39386,"2020","01","OK"
"2833","Pittsburg",25067,"2020","01","OK"
"2834","Pontotoc",20944,"2020","01","OK"
"2835","Pottawatomie",38063,"2020","01","OK"
"2836","Pushmataha",6568,"2020","01","OK"
"2837","Roger Mills",2287,"2020","01","OK"
"2838","Rogers",54882,"2020","01","OK"
"2839","Seminole",11579,"2020","01","OK"
"2840","Sequoyah",21273,"2020","01","OK"
"2841","Stephens",26013,"2020","01","OK"
"2842","Texas",8426,"2020","01","OK"
"2843","Tillman",4001,"2020","01","OK"
"2844","Tulsa",346217,"2020","01","OK"
"2845","Wagoner",42116,"2020","01","OK"
"2846","Washington",32107,"2020","01","OK"
"2847","Washita",6458,"2020","01","OK"
"2848","Woods",4663,"2020","01","OK"
"2849","Woodward",10724,"2020","01","OK"
"2850","Adair",10376,"2020","02","OK"
"2851","Alfalfa",2793,"2020","02","OK"
"2852","Atoka",7230,"2020","02","OK"
"2853","Beaver",2894,"2020","02","OK"
"2854","Beckham",11234,"2020","02","OK"
"2855","Blaine",5199,"2020","02","OK"
"2856","Bryan",22751,"2020","02","OK"
"2857","Caddo",13456,"2020","02","OK"
"2858","Canadian",80586,"2020","02","OK"
"2859","Carter",29987,"2020","02","OK"
"2860","Cherokee",24044,"2020","02","OK"
"2861","Choctaw",8397,"2020","02","OK"
"2862","Cimarron",1524,"2020","02","OK"
"2863","Cleveland",158616,"2020","02","OK"
"2864","Coal",3747,"2020","02","OK"
"2865","Comanche",55099,"2020","02","OK"
"2866","Cotton",3597,"2020","02","OK"
"2867","Craig",7846,"2020","02","OK"
"2868","Creek",39508,"2020","02","OK"
"2869","Custer",15755,"2020","02","OK"
"2870","Delaware",22547,"2020","02","OK"
"2871","Dewey",2928,"2020","02","OK"
"2872","Ellis",2460,"2020","02","OK"
"2873","Garfield",30227,"2020","02","OK"
"2874","Garvin",15297,"2020","02","OK"
"2875","Grady",32159,"2020","02","OK"
"2876","Grant",2795,"2020","02","OK"
"2877","Greer",2726,"2020","02","OK"
"2878","Harmon",1389,"2020","02","OK"
"2879","Harper",1900,"2020","02","OK"
"2880","Haskell",6681,"2020","02","OK"
"2881","Hughes",6738,"2020","02","OK"
"2882","Jackson",11561,"2020","02","OK"
"2883","Jefferson",3376,"2020","02","OK"
"2884","Johnston",5863,"2020","02","OK"
"2885","Kay",23766,"2020","02","OK"
"2886","Kingfisher",8134,"2020","02","OK"
"2887","Kiowa",4785,"2020","02","OK"
"2888","Latimer",5869,"2020","02","OK"
"2889","LeFlore",26586,"2020","02","OK"
"2890","Lincoln",19262,"2020","02","OK"
"2891","Logan",27305,"2020","02","OK"
"2892","Love",6185,"2020","02","OK"
"2893","Major",4232,"2020","02","OK"
"2894","Marshall",8342,"2020","02","OK"
"2895","Mayes",21785,"2020","02","OK"
"2896","McClain",24159,"2020","02","OK"
"2897","McCurtain",15344,"2020","02","OK"
"2898","McIntosh",11411,"2020","02","OK"
"2899","Murray",7564,"2020","02","OK"
"2900","Muskogee",36065,"2020","02","OK"
"2901","Noble",6296,"2020","02","OK"
"2902","Nowata",5848,"2020","02","OK"
"2903","Okfuskee",5815,"2020","02","OK"
"2904","Oklahoma",410502,"2020","02","OK"
"2905","Okmulgee",19441,"2020","02","OK"
"2906","Osage",26552,"2020","02","OK"
"2907","Ottawa",17047,"2020","02","OK"
"2908","Pawnee",8691,"2020","02","OK"
"2909","Payne",39823,"2020","02","OK"
"2910","Pittsburg",25274,"2020","02","OK"
"2911","Pontotoc",20972,"2020","02","OK"
"2912","Pottawatomie",38269,"2020","02","OK"
"2913","Pushmataha",6625,"2020","02","OK"
"2914","Roger Mills",2280,"2020","02","OK"
"2915","Rogers",55428,"2020","02","OK"
"2916","Seminole",11627,"2020","02","OK"
"2917","Sequoyah",21429,"2020","02","OK"
"2918","Stephens",26117,"2020","02","OK"
"2919","Texas",8469,"2020","02","OK"
"2920","Tillman",4009,"2020","02","OK"
"2921","Tulsa",348649,"2020","02","OK"
"2922","Wagoner",42547,"2020","02","OK"
"2923","Washington",32274,"2020","02","OK"
"2924","Washita",6490,"2020","02","OK"
"2925","Woods",4679,"2020","02","OK"
"2926","Woodward",10831,"2020","02","OK"
"2927","Adair",10484,"2020","03","OK"
"2928","Alfalfa",2812,"2020","03","OK"
"2929","Atoka",7315,"2020","03","OK"
"2930","Beaver",2920,"2020","03","OK"
"2931","Beckham",11352,"2020","03","OK"
"2932","Blaine",5219,"2020","03","OK"
"2933","Bryan",23002,"2020","03","OK"
"2934","Caddo",13548,"2020","03","OK"
"2935","Canadian",81205,"2020","03","OK"
"2936","Carter",30153,"2020","03","OK"
"2937","Cherokee",24288,"2020","03","OK"
"2938","Choctaw",8464,"2020","03","OK"
"2939","Cimarron",1527,"2020","03","OK"
"2940","Cleveland",159669,"2020","03","OK"
"2941","Coal",3732,"2020","03","OK"
"2942","Comanche",55719,"2020","03","OK"
"2943","Cotton",3621,"2020","03","OK"
"2944","Craig",7921,"2020","03","OK"
"2945","Creek",39559,"2020","03","OK"
"2946","Custer",15889,"2020","03","OK"
"2947","Delaware",22841,"2020","03","OK"
"2948","Dewey",2974,"2020","03","OK"
"2949","Ellis",2489,"2020","03","OK"
"2950","Garfield",30466,"2020","03","OK"
"2951","Garvin",15372,"2020","03","OK"
"2952","Grady",32375,"2020","03","OK"
"2953","Grant",2827,"2020","03","OK"
"2954","Greer",2743,"2020","03","OK"
"2955","Harmon",1394,"2020","03","OK"
"2956","Harper",1915,"2020","03","OK"
"2957","Haskell",6768,"2020","03","OK"
"2958","Hughes",6778,"2020","03","OK"
"2959","Jackson",11661,"2020","03","OK"
"2960","Jefferson",3398,"2020","03","OK"
"2961","Johnston",5893,"2020","03","OK"
"2962","Kay",23929,"2020","03","OK"
"2963","Kingfisher",8132,"2020","03","OK"
"2964","Kiowa",4810,"2020","03","OK"
"2965","Latimer",5927,"2020","03","OK"
"2966","LeFlore",26830,"2020","03","OK"
"2967","Lincoln",19314,"2020","03","OK"
"2968","Logan",27667,"2020","03","OK"
"2969","Love",6235,"2020","03","OK"
"2970","Major",4262,"2020","03","OK"
"2971","Marshall",8433,"2020","03","OK"
"2972","Mayes",21913,"2020","03","OK"
"2973","McClain",24273,"2020","03","OK"
"2974","McCurtain",15475,"2020","03","OK"
"2975","McIntosh",11536,"2020","03","OK"
"2976","Murray",7617,"2020","03","OK"
"2977","Muskogee",36219,"2020","03","OK"
"2978","Noble",6357,"2020","03","OK"
"2979","Nowata",5885,"2020","03","OK"
"2980","Okfuskee",5832,"2020","03","OK"
"2981","Oklahoma",413763,"2020","03","OK"
"2982","Okmulgee",19596,"2020","03","OK"
"2983","Osage",26736,"2020","03","OK"
"2984","Ottawa",17188,"2020","03","OK"
"2985","Pawnee",8829,"2020","03","OK"
"2986","Payne",40298,"2020","03","OK"
"2987","Pittsburg",25446,"2020","03","OK"
"2988","Pontotoc",21148,"2020","03","OK"
"2989","Pottawatomie",38548,"2020","03","OK"
"2990","Pushmataha",6673,"2020","03","OK"
"2991","Roger Mills",2295,"2020","03","OK"
"2992","Rogers",56085,"2020","03","OK"
"2993","Seminole",11741,"2020","03","OK"
"2994","Sequoyah",21578,"2020","03","OK"
"2995","Stephens",26346,"2020","03","OK"
"2996","Texas",8553,"2020","03","OK"
"2997","Tillman",4043,"2020","03","OK"
"2998","Tulsa",350541,"2020","03","OK"
"2999","Wagoner",42856,"2020","03","OK"
"3000","Washington",32471,"2020","03","OK"
"3001","Washita",6530,"2020","03","OK"
"3002","Woods",4699,"2020","03","OK"
"3003","Woodward",10910,"2020","03","OK"
"3004","Adair",10508,"2020","04","OK"
"3005","Alfalfa",2828,"2020","04","OK"
"3006","Atoka",7316,"2020","04","OK"
"3007","Beaver",2909,"2020","04","OK"
"3008","Beckham",11316,"2020","04","OK"
"3009","Blaine",5225,"2020","04","OK"
"3010","Bryan",23042,"2020","04","OK"
"3011","Caddo",13575,"2020","04","OK"
"3012","Canadian",81503,"2020","04","OK"
"3013","Carter",30180,"2020","04","OK"
"3014","Cherokee",24372,"2020","04","OK"
"3015","Choctaw",8458,"2020","04","OK"
"3016","Cimarron",1524,"2020","04","OK"
"3017","Cleveland",159469,"2020","04","OK"
"3018","Coal",3735,"2020","04","OK"
"3019","Comanche",55875,"2020","04","OK"
"3020","Cotton",3616,"2020","04","OK"
"3021","Craig",7906,"2020","04","OK"
"3022","Creek",39593,"2020","04","OK"
"3023","Custer",15761,"2020","04","OK"
"3024","Delaware",22875,"2020","04","OK"
"3025","Dewey",2987,"2020","04","OK"
"3026","Ellis",2487,"2020","04","OK"
"3027","Garfield",30455,"2020","04","OK"
"3028","Garvin",15401,"2020","04","OK"
"3029","Grady",32416,"2020","04","OK"
"3030","Grant",2824,"2020","04","OK"
"3031","Greer",2752,"2020","04","OK"
"3032","Harmon",1390,"2020","04","OK"
"3033","Harper",1911,"2020","04","OK"
"3034","Haskell",6770,"2020","04","OK"
"3035","Hughes",6776,"2020","04","OK"
"3036","Jackson",11708,"2020","04","OK"
"3037","Jefferson",3399,"2020","04","OK"
"3038","Johnston",5903,"2020","04","OK"
"3039","Kay",23933,"2020","04","OK"
"3040","Kingfisher",8143,"2020","04","OK"
"3041","Kiowa",4807,"2020","04","OK"
"3042","Latimer",5930,"2020","04","OK"
"3043","LeFlore",26808,"2020","04","OK"
"3044","Lincoln",19336,"2020","04","OK"
"3045","Logan",27677,"2020","04","OK"
"3046","Love",6245,"2020","04","OK"
"3047","Major",4265,"2020","04","OK"
"3048","Marshall",8433,"2020","04","OK"
"3049","Mayes",21926,"2020","04","OK"
"3050","McClain",24383,"2020","04","OK"
"3051","McCurtain",15492,"2020","04","OK"
"3052","McIntosh",11597,"2020","04","OK"
"3053","Murray",7614,"2020","04","OK"
"3054","Muskogee",36307,"2020","04","OK"
"3055","Noble",6323,"2020","04","OK"
"3056","Nowata",5905,"2020","04","OK"
"3057","Okfuskee",5821,"2020","04","OK"
"3058","Oklahoma",414156,"2020","04","OK"
"3059","Okmulgee",19646,"2020","04","OK"
"3060","Osage",26749,"2020","04","OK"
"3061","Ottawa",17191,"2020","04","OK"
"3062","Pawnee",8808,"2020","04","OK"
"3063","Payne",40169,"2020","04","OK"
"3064","Pittsburg",25588,"2020","04","OK"
"3065","Pontotoc",21135,"2020","04","OK"
"3066","Pottawatomie",38580,"2020","04","OK"
"3067","Pushmataha",6668,"2020","04","OK"
"3068","Roger Mills",2297,"2020","04","OK"
"3069","Rogers",55930,"2020","04","OK"
"3070","Seminole",11739,"2020","04","OK"
"3071","Sequoyah",21638,"2020","04","OK"
"3072","Stephens",26352,"2020","04","OK"
"3073","Texas",8524,"2020","04","OK"
"3074","Tillman",4061,"2020","04","OK"
"3075","Tulsa",351377,"2020","04","OK"
"3076","Wagoner",42915,"2020","04","OK"
"3077","Washington",32540,"2020","04","OK"
"3078","Washita",6516,"2020","04","OK"
"3079","Woods",4693,"2020","04","OK"
"3080","Woodward",10909,"2020","04","OK"
"3081","Adair",10534,"2020","05","OK"
"3082","Alfalfa",2833,"2020","05","OK"
"3083","Atoka",7323,"2020","05","OK"
"3084","Beaver",2912,"2020","05","OK"
"3085","Beckham",11318,"2020","05","OK"
"3086","Blaine",5241,"2020","05","OK"
"3087","Bryan",23042,"2020","05","OK"
"3088","Caddo",13583,"2020","05","OK"
"3089","Canadian",81763,"2020","05","OK"
"3090","Carter",30190,"2020","05","OK"
"3091","Cherokee",24337,"2020","05","OK"
"3092","Choctaw",8483,"2020","05","OK"
"3093","Cimarron",1525,"2020","05","OK"
"3094","Cleveland",159929,"2020","05","OK"
"3095","Coal",3744,"2020","05","OK"
"3096","Comanche",56018,"2020","05","OK"
"3097","Cotton",3631,"2020","05","OK"
"3098","Craig",7909,"2020","05","OK"
"3099","Creek",39628,"2020","05","OK"
"3100","Custer",15798,"2020","05","OK"
"3101","Delaware",22899,"2020","05","OK"
"3102","Dewey",2990,"2020","05","OK"
"3103","Ellis",2494,"2020","05","OK"
"3104","Garfield",30527,"2020","05","OK"
"3105","Garvin",15415,"2020","05","OK"
"3106","Grady",32422,"2020","05","OK"
"3107","Grant",2831,"2020","05","OK"
"3108","Greer",2753,"2020","05","OK"
"3109","Harmon",1385,"2020","05","OK"
"3110","Harper",1913,"2020","05","OK"
"3111","Haskell",6778,"2020","05","OK"
"3112","Hughes",6787,"2020","05","OK"
"3113","Jackson",11701,"2020","05","OK"
"3114","Jefferson",3400,"2020","05","OK"
"3115","Johnston",5904,"2020","05","OK"
"3116","Kay",24024,"2020","05","OK"
"3117","Kingfisher",8127,"2020","05","OK"
"3118","Kiowa",4799,"2020","05","OK"
"3119","Latimer",5936,"2020","05","OK"
"3120","LeFlore",26878,"2020","05","OK"
"3121","Lincoln",19349,"2020","05","OK"
"3122","Logan",27723,"2020","05","OK"
"3123","Love",6241,"2020","05","OK"
"3124","Major",4258,"2020","05","OK"
"3125","Marshall",8444,"2020","05","OK"
"3126","Mayes",21982,"2020","05","OK"
"3127","McClain",24420,"2020","05","OK"
"3128","McCurtain",15523,"2020","05","OK"
"3129","McIntosh",11625,"2020","05","OK"
"3130","Murray",7633,"2020","05","OK"
"3131","Muskogee",36248,"2020","05","OK"
"3132","Noble",6343,"2020","05","OK"
"3133","Nowata",5913,"2020","05","OK"
"3134","Okfuskee",5825,"2020","05","OK"
"3135","Oklahoma",414963,"2020","05","OK"
"3136","Okmulgee",19652,"2020","05","OK"
"3137","Osage",26788,"2020","05","OK"
"3138","Ottawa",17192,"2020","05","OK"
"3139","Pawnee",8813,"2020","05","OK"
"3140","Payne",40280,"2020","05","OK"
"3141","Pittsburg",25682,"2020","05","OK"
"3142","Pontotoc",21130,"2020","05","OK"
"3143","Pottawatomie",38620,"2020","05","OK"
"3144","Pushmataha",6684,"2020","05","OK"
"3145","Roger Mills",2307,"2020","05","OK"
"3146","Rogers",55982,"2020","05","OK"
"3147","Seminole",11733,"2020","05","OK"
"3148","Sequoyah",21694,"2020","05","OK"
"3149","Stephens",26385,"2020","05","OK"
"3150","Texas",8542,"2020","05","OK"
"3151","Tillman",4061,"2020","05","OK"
"3152","Tulsa",351493,"2020","05","OK"
"3153","Wagoner",42995,"2020","05","OK"
"3154","Washington",32600,"2020","05","OK"
"3155","Washita",6517,"2020","05","OK"
"3156","Woods",4688,"2020","05","OK"
"3157","Woodward",10916,"2020","05","OK"
"3158","Adair",10537,"2020","06","OK"
"3159","Alfalfa",2845,"2020","06","OK"
"3160","Atoka",7330,"2020","06","OK"
"3161","Beaver",2912,"2020","06","OK"
"3162","Beckham",11339,"2020","06","OK"
"3163","Blaine",5244,"2020","06","OK"
"3164","Bryan",23182,"2020","06","OK"
"3165","Caddo",13594,"2020","06","OK"
"3166","Canadian",82231,"2020","06","OK"
"3167","Carter",30235,"2020","06","OK"
"3168","Cherokee",24275,"2020","06","OK"
"3169","Choctaw",8531,"2020","06","OK"
"3170","Cimarron",1527,"2020","06","OK"
"3171","Cleveland",161022,"2020","06","OK"
"3172","Coal",3754,"2020","06","OK"
"3173","Comanche",56372,"2020","06","OK"
"3174","Cotton",3643,"2020","06","OK"
"3175","Craig",7926,"2020","06","OK"
"3176","Creek",39806,"2020","06","OK"
"3177","Custer",15810,"2020","06","OK"
"3178","Delaware",22973,"2020","06","OK"
"3179","Dewey",2979,"2020","06","OK"
"3180","Ellis",2502,"2020","06","OK"
"3181","Garfield",30610,"2020","06","OK"
"3182","Garvin",15433,"2020","06","OK"
"3183","Grady",32476,"2020","06","OK"
"3184","Grant",2837,"2020","06","OK"
"3185","Greer",2757,"2020","06","OK"
"3186","Harmon",1387,"2020","06","OK"
"3187","Harper",1914,"2020","06","OK"
"3188","Haskell",6806,"2020","06","OK"
"3189","Hughes",6770,"2020","06","OK"
"3190","Jackson",11733,"2020","06","OK"
"3191","Jefferson",3395,"2020","06","OK"
"3192","Johnston",5901,"2020","06","OK"
"3193","Kay",24019,"2020","06","OK"
"3194","Kingfisher",8175,"2020","06","OK"
"3195","Kiowa",4825,"2020","06","OK"
"3196","Latimer",5945,"2020","06","OK"
"3197","LeFlore",26957,"2020","06","OK"
"3198","Lincoln",19393,"2020","06","OK"
"3199","Logan",27751,"2020","06","OK"
"3200","Love",6259,"2020","06","OK"
"3201","Major",4262,"2020","06","OK"
"3202","Marshall",8457,"2020","06","OK"
"3203","Mayes",22032,"2020","06","OK"
"3204","McClain",24527,"2020","06","OK"
"3205","McCurtain",15579,"2020","06","OK"
"3206","McIntosh",11598,"2020","06","OK"
"3207","Murray",7635,"2020","06","OK"
"3208","Muskogee",36373,"2020","06","OK"
"3209","Noble",6369,"2020","06","OK"
"3210","Nowata",5919,"2020","06","OK"
"3211","Okfuskee",5853,"2020","06","OK"
"3212","Oklahoma",417275,"2020","06","OK"
"3213","Okmulgee",19640,"2020","06","OK"
"3214","Osage",26894,"2020","06","OK"
"3215","Ottawa",17223,"2020","06","OK"
"3216","Pawnee",8828,"2020","06","OK"
"3217","Payne",40527,"2020","06","OK"
"3218","Pittsburg",25733,"2020","06","OK"
"3219","Pontotoc",21126,"2020","06","OK"
"3220","Pottawatomie",38736,"2020","06","OK"
"3221","Pushmataha",6676,"2020","06","OK"
"3222","Roger Mills",2325,"2020","06","OK"
"3223","Rogers",56262,"2020","06","OK"
"3224","Seminole",11751,"2020","06","OK"
"3225","Sequoyah",21751,"2020","06","OK"
"3226","Stephens",26475,"2020","06","OK"
"3227","Texas",8578,"2020","06","OK"
"3228","Tillman",4067,"2020","06","OK"
"3229","Tulsa",353082,"2020","06","OK"
"3230","Wagoner",43296,"2020","06","OK"
"3231","Washington",32721,"2020","06","OK"
"3232","Washita",6507,"2020","06","OK"
"3233","Woods",4685,"2020","06","OK"
"3234","Woodward",10891,"2020","06","OK"
"3235","Adair",10559,"2020","07","OK"
"3236","Alfalfa",2861,"2020","07","OK"
"3237","Atoka",7402,"2020","07","OK"
"3238","Beaver",2923,"2020","07","OK"
"3239","Beckham",11437,"2020","07","OK"
"3240","Blaine",5250,"2020","07","OK"
"3241","Bryan",23373,"2020","07","OK"
"3242","Caddo",13661,"2020","07","OK"
"3243","Canadian",83262,"2020","07","OK"
"3244","Carter",30382,"2020","07","OK"
"3245","Cherokee",24498,"2020","07","OK"
"3246","Choctaw",8648,"2020","07","OK"
"3247","Cimarron",1531,"2020","07","OK"
"3248","Cleveland",162809,"2020","07","OK"
"3249","Coal",3783,"2020","07","OK"
"3250","Comanche",56741,"2020","07","OK"
"3251","Cotton",3669,"2020","07","OK"
"3252","Craig",7983,"2020","07","OK"
"3253","Creek",40032,"2020","07","OK"
"3254","Custer",15928,"2020","07","OK"
"3255","Delaware",23221,"2020","07","OK"
"3256","Dewey",3000,"2020","07","OK"
"3257","Ellis",2506,"2020","07","OK"
"3258","Garfield",30898,"2020","07","OK"
"3259","Garvin",15531,"2020","07","OK"
"3260","Grady",32677,"2020","07","OK"
"3261","Grant",2866,"2020","07","OK"
"3262","Greer",2782,"2020","07","OK"
"3263","Harmon",1408,"2020","07","OK"
"3264","Harper",1928,"2020","07","OK"
"3265","Haskell",6857,"2020","07","OK"
"3266","Hughes",6851,"2020","07","OK"
"3267","Jackson",11872,"2020","07","OK"
"3268","Jefferson",3410,"2020","07","OK"
"3269","Johnston",5936,"2020","07","OK"
"3270","Kay",24231,"2020","07","OK"
"3271","Kingfisher",8284,"2020","07","OK"
"3272","Kiowa",4835,"2020","07","OK"
"3273","Latimer",5991,"2020","07","OK"
"3274","LeFlore",27225,"2020","07","OK"
"3275","Lincoln",19514,"2020","07","OK"
"3276","Logan",28201,"2020","07","OK"
"3277","Love",6306,"2020","07","OK"
"3278","Major",4281,"2020","07","OK"
"3279","Marshall",8533,"2020","07","OK"
"3280","Mayes",22222,"2020","07","OK"
"3281","McClain",24699,"2020","07","OK"
"3282","McCurtain",15747,"2020","07","OK"
"3283","McIntosh",11692,"2020","07","OK"
"3284","Murray",7669,"2020","07","OK"
"3285","Muskogee",36589,"2020","07","OK"
"3286","Noble",6428,"2020","07","OK"
"3287","Nowata",5973,"2020","07","OK"
"3288","Okfuskee",5889,"2020","07","OK"
"3289","Oklahoma",421394,"2020","07","OK"
"3290","Okmulgee",19791,"2020","07","OK"
"3291","Osage",27142,"2020","07","OK"
"3292","Ottawa",17394,"2020","07","OK"
"3293","Pawnee",8949,"2020","07","OK"
"3294","Payne",40925,"2020","07","OK"
"3295","Pittsburg",26035,"2020","07","OK"
"3296","Pontotoc",21263,"2020","07","OK"
"3297","Pottawatomie",39070,"2020","07","OK"
"3298","Pushmataha",6758,"2020","07","OK"
"3299","Roger Mills",2341,"2020","07","OK"
"3300","Rogers",56770,"2020","07","OK"
"3301","Seminole",11820,"2020","07","OK"
"3302","Sequoyah",21935,"2020","07","OK"
"3303","Stephens",26598,"2020","07","OK"
"3304","Texas",8659,"2020","07","OK"
"3305","Tillman",4080,"2020","07","OK"
"3306","Tulsa",355015,"2020","07","OK"
"3307","Wagoner",43885,"2020","07","OK"
"3308","Washington",33043,"2020","07","OK"
"3309","Washita",6547,"2020","07","OK"
"3310","Woods",4716,"2020","07","OK"
"3311","Woodward",10963,"2020","07","OK"
"3312","Adair",10616,"2020","08","OK"
"3313","Alfalfa",2878,"2020","08","OK"
"3314","Atoka",7434,"2020","08","OK"
"3315","Beaver",2926,"2020","08","OK"
"3316","Beckham",11440,"2020","08","OK"
"3317","Blaine",5280,"2020","08","OK"
"3318","Bryan",23511,"2020","08","OK"
"3319","Caddo",13700,"2020","08","OK"
"3320","Canadian",84275,"2020","08","OK"
"3321","Carter",30496,"2020","08","OK"
"3322","Cherokee",24851,"2020","08","OK"
"3323","Choctaw",8734,"2020","08","OK"
"3324","Cimarron",1539,"2020","08","OK"
"3325","Cleveland",163973,"2020","08","OK"
"3326","Coal",3781,"2020","08","OK"
"3327","Comanche",57426,"2020","08","OK"
"3328","Cotton",3695,"2020","08","OK"
"3329","Craig",8038,"2020","08","OK"
"3330","Creek",40427,"2020","08","OK"
"3331","Custer",15921,"2020","08","OK"
"3332","Delaware",23554,"2020","08","OK"
"3333","Dewey",2997,"2020","08","OK"
"3334","Ellis",2514,"2020","08","OK"
"3335","Garfield",31103,"2020","08","OK"
"3336","Garvin",15616,"2020","08","OK"
"3337","Grady",32845,"2020","08","OK"
"3338","Grant",2856,"2020","08","OK"
"3339","Greer",2790,"2020","08","OK"
"3340","Harmon",1430,"2020","08","OK"
"3341","Harper",1934,"2020","08","OK"
"3342","Haskell",6855,"2020","08","OK"
"3343","Hughes",6853,"2020","08","OK"
"3344","Jackson",12010,"2020","08","OK"
"3345","Jefferson",3412,"2020","08","OK"
"3346","Johnston",5981,"2020","08","OK"
"3347","Kay",24346,"2020","08","OK"
"3348","Kingfisher",8366,"2020","08","OK"
"3349","Kiowa",4865,"2020","08","OK"
"3350","Latimer",6040,"2020","08","OK"
"3351","LeFlore",27320,"2020","08","OK"
"3352","Lincoln",19575,"2020","08","OK"
"3353","Logan",28412,"2020","08","OK"
"3354","Love",6334,"2020","08","OK"
"3355","Major",4318,"2020","08","OK"
"3356","Marshall",8566,"2020","08","OK"
"3357","Mayes",22352,"2020","08","OK"
"3358","McClain",24924,"2020","08","OK"
"3359","McCurtain",15708,"2020","08","OK"
"3360","McIntosh",11779,"2020","08","OK"
"3361","Murray",7762,"2020","08","OK"
"3362","Muskogee",36505,"2020","08","OK"
"3363","Noble",6424,"2020","08","OK"
"3364","Nowata",5972,"2020","08","OK"
"3365","Okfuskee",5952,"2020","08","OK"
"3366","Oklahoma",423493,"2020","08","OK"
"3367","Okmulgee",19936,"2020","08","OK"
"3368","Osage",27321,"2020","08","OK"
"3369","Ottawa",17352,"2020","08","OK"
"3370","Pawnee",8972,"2020","08","OK"
"3371","Payne",40960,"2020","08","OK"
"3372","Pittsburg",26035,"2020","08","OK"
"3373","Pontotoc",21439,"2020","08","OK"
"3374","Pottawatomie",39276,"2020","08","OK"
"3375","Pushmataha",6781,"2020","08","OK"
"3376","Roger Mills",2336,"2020","08","OK"
"3377","Rogers",57187,"2020","08","OK"
"3378","Seminole",11843,"2020","08","OK"
"3379","Sequoyah",22093,"2020","08","OK"
"3380","Stephens",26712,"2020","08","OK"
"3381","Texas",8660,"2020","08","OK"
"3382","Tillman",4109,"2020","08","OK"
"3383","Tulsa",358605,"2020","08","OK"
"3384","Wagoner",44346,"2020","08","OK"
"3385","Washington",33039,"2020","08","OK"
"3386","Washita",6585,"2020","08","OK"
"3387","Woods",4752,"2020","08","OK"
"3388","Woodward",11036,"2020","08","OK"
"3389","Adair",10787,"2020","09","OK"
"3390","Alfalfa",2900,"2020","09","OK"
"3391","Atoka",7519,"2020","09","OK"
"3392","Beaver",2986,"2020","09","OK"
"3393","Beckham",11634,"2020","09","OK"
"3394","Blaine",5330,"2020","09","OK"
"3395","Bryan",23952,"2020","09","OK"
"3396","Caddo",13858,"2020","09","OK"
"3397","Canadian",85995,"2020","09","OK"
"3398","Carter",30771,"2020","09","OK"
"3399","Cherokee",25269,"2020","09","OK"
"3400","Choctaw",8873,"2020","09","OK"
"3401","Cimarron",1543,"2020","09","OK"
"3402","Cleveland",166411,"2020","09","OK"
"3403","Coal",3800,"2020","09","OK"
"3404","Comanche",58581,"2020","09","OK"
"3405","Cotton",3721,"2020","09","OK"
"3406","Craig",8138,"2020","09","OK"
"3407","Creek",41089,"2020","09","OK"
"3408","Custer",16130,"2020","09","OK"
"3409","Delaware",23942,"2020","09","OK"
"3410","Dewey",3048,"2020","09","OK"
"3411","Ellis",2526,"2020","09","OK"
"3412","Garfield",31569,"2020","09","OK"
"3413","Garvin",15900,"2020","09","OK"
"3414","Grady",33221,"2020","09","OK"
"3415","Grant",2885,"2020","09","OK"
"3416","Greer",2837,"2020","09","OK"
"3417","Harmon",1438,"2020","09","OK"
"3418","Harper",1928,"2020","09","OK"
"3419","Haskell",6958,"2020","09","OK"
"3420","Hughes",6946,"2020","09","OK"
"3421","Jackson",12189,"2020","09","OK"
"3422","Jefferson",3456,"2020","09","OK"
"3423","Johnston",6082,"2020","09","OK"
"3424","Kay",24636,"2020","09","OK"
"3425","Kingfisher",8570,"2020","09","OK"
"3426","Kiowa",4922,"2020","09","OK"
"3427","Latimer",6055,"2020","09","OK"
"3428","LeFlore",27857,"2020","09","OK"
"3429","Lincoln",19841,"2020","09","OK"
"3430","Logan",28898,"2020","09","OK"
"3431","Love",6420,"2020","09","OK"
"3432","Major",4357,"2020","09","OK"
"3433","Marshall",8734,"2020","09","OK"
"3434","Mayes",22566,"2020","09","OK"
"3435","McClain",25578,"2020","09","OK"
"3436","McCurtain",16168,"2020","09","OK"
"3437","McIntosh",11918,"2020","09","OK"
"3438","Murray",7899,"2020","09","OK"
"3439","Muskogee",37205,"2020","09","OK"
"3440","Noble",6466,"2020","09","OK"
"3441","Nowata",6068,"2020","09","OK"
"3442","Okfuskee",5940,"2020","09","OK"
"3443","Oklahoma",431237,"2020","09","OK"
"3444","Okmulgee",20152,"2020","09","OK"
"3445","Osage",27671,"2020","09","OK"
"3446","Ottawa",17697,"2020","09","OK"
"3447","Pawnee",9201,"2020","09","OK"
"3448","Payne",41539,"2020","09","OK"
"3449","Pittsburg",26504,"2020","09","OK"
"3450","Pontotoc",21723,"2020","09","OK"
"3451","Pottawatomie",40097,"2020","09","OK"
"3452","Pushmataha",6853,"2020","09","OK"
"3453","Roger Mills",2368,"2020","09","OK"
"3454","Rogers",57887,"2020","09","OK"
"3455","Seminole",12048,"2020","09","OK"
"3456","Sequoyah",22533,"2020","09","OK"
"3457","Stephens",27078,"2020","09","OK"
"3458","Texas",8822,"2020","09","OK"
"3459","Tillman",4153,"2020","09","OK"
"3460","Tulsa",362424,"2020","09","OK"
"3461","Wagoner",45483,"2020","09","OK"
"3462","Washington",33868,"2020","09","OK"
"3463","Washita",6641,"2020","09","OK"
"3464","Woods",4832,"2020","09","OK"
"3465","Woodward",11087,"2020","09","OK"
"3466","Adair",11003,"2020","10","OK"
"3467","Alfalfa",2936,"2020","10","OK"
"3468","Atoka",7655,"2020","10","OK"
"3469","Beaver",3021,"2020","10","OK"
"3470","Beckham",11733,"2020","10","OK"
"3471","Blaine",5390,"2020","10","OK"
"3472","Bryan",24576,"2020","10","OK"
"3473","Caddo",14138,"2020","10","OK"
"3474","Canadian",88826,"2020","10","OK"
"3475","Carter",31087,"2020","10","OK"
"3476","Cherokee",26079,"2020","10","OK"
"3477","Choctaw",8878,"2020","10","OK"
"3478","Cimarron",1546,"2020","10","OK"
"3479","Cleveland",170790,"2020","10","OK"
"3480","Coal",3834,"2020","10","OK"
"3481","Comanche",59639,"2020","10","OK"
"3482","Cotton",3764,"2020","10","OK"
"3483","Craig",8285,"2020","10","OK"
"3484","Creek",41928,"2020","10","OK"
"3485","Custer",16286,"2020","10","OK"
"3486","Delaware",24502,"2020","10","OK"
"3487","Dewey",3069,"2020","10","OK"
"3488","Ellis",2547,"2020","10","OK"
"3489","Garfield",32075,"2020","10","OK"
"3490","Garvin",16056,"2020","10","OK"
"3491","Grady",33897,"2020","10","OK"
"3492","Grant",2917,"2020","10","OK"
"3493","Greer",2891,"2020","10","OK"
"3494","Harmon",1462,"2020","10","OK"
"3495","Harper",1940,"2020","10","OK"
"3496","Haskell",7050,"2020","10","OK"
"3497","Hughes",7017,"2020","10","OK"
"3498","Jackson",12507,"2020","10","OK"
"3499","Jefferson",3514,"2020","10","OK"
"3500","Johnston",6177,"2020","10","OK"
"3501","Kay",25148,"2020","10","OK"
"3502","Kingfisher",8580,"2020","10","OK"
"3503","Kiowa",4980,"2020","10","OK"
"3504","Latimer",6150,"2020","10","OK"
"3505","LeFlore",28418,"2020","10","OK"
"3506","Lincoln",20316,"2020","10","OK"
"3507","Logan",29691,"2020","10","OK"
"3508","Love",6482,"2020","10","OK"
"3509","Major",4408,"2020","10","OK"
"3510","Marshall",8886,"2020","10","OK"
"3511","Mayes",22988,"2020","10","OK"
"3512","McClain",25957,"2020","10","OK"
"3513","McCurtain",16497,"2020","10","OK"
"3514","McIntosh",12139,"2020","10","OK"
"3515","Murray",8065,"2020","10","OK"
"3516","Muskogee",38092,"2020","10","OK"
"3517","Noble",6600,"2020","10","OK"
"3518","Nowata",6133,"2020","10","OK"
"3519","Okfuskee",5987,"2020","10","OK"
"3520","Oklahoma",441803,"2020","10","OK"
"3521","Okmulgee",20681,"2020","10","OK"
"3522","Osage",28294,"2020","10","OK"
"3523","Ottawa",17983,"2020","10","OK"
"3524","Pawnee",9516,"2020","10","OK"
"3525","Payne",42986,"2020","10","OK"
"3526","Pittsburg",26920,"2020","10","OK"
"3527","Pontotoc",22084,"2020","10","OK"
"3528","Pottawatomie",40853,"2020","10","OK"
"3529","Pushmataha",6972,"2020","10","OK"
"3530","Roger Mills",2388,"2020","10","OK"
"3531","Rogers",59458,"2020","10","OK"
"3532","Seminole",12276,"2020","10","OK"
"3533","Sequoyah",23063,"2020","10","OK"
"3534","Stephens",27391,"2020","10","OK"
"3535","Texas",8931,"2020","10","OK"
"3536","Tillman",4194,"2020","10","OK"
"3537","Tulsa",374821,"2020","10","OK"
"3538","Wagoner",47007,"2020","10","OK"
"3539","Washington",34212,"2020","10","OK"
"3540","Washita",6722,"2020","10","OK"
"3541","Woods",4887,"2020","10","OK"
"3542","Woodward",11139,"2020","10","OK"
"3543","Adair",11095,"2020","11","OK"
"3544","Alfalfa",2946,"2020","11","OK"
"3545","Atoka",7648,"2020","11","OK"
"3546","Beaver",3040,"2020","11","OK"
"3547","Beckham",11840,"2020","11","OK"
"3548","Blaine",5409,"2020","11","OK"
"3549","Bryan",24753,"2020","11","OK"
"3550","Caddo",14263,"2020","11","OK"
"3551","Canadian",89567,"2020","11","OK"
"3552","Carter",31230,"2020","11","OK"
"3553","Cherokee",26050,"2020","11","OK"
"3554","Choctaw",8950,"2020","11","OK"
"3555","Cimarron",1552,"2020","11","OK"
"3556","Cleveland",172093,"2020","11","OK"
"3557","Coal",3855,"2020","11","OK"
"3558","Comanche",60058,"2020","11","OK"
"3559","Cotton",3771,"2020","11","OK"
"3560","Craig",8330,"2020","11","OK"
"3561","Creek",42031,"2020","11","OK"
"3562","Custer",16399,"2020","11","OK"
"3563","Delaware",24686,"2020","11","OK"
"3564","Dewey",3090,"2020","11","OK"
"3565","Ellis",2550,"2020","11","OK"
"3566","Garfield",32308,"2020","11","OK"
"3567","Garvin",16148,"2020","11","OK"
"3568","Grady",34066,"2020","11","OK"
"3569","Grant",2930,"2020","11","OK"
"3570","Greer",2927,"2020","11","OK"
"3571","Harmon",1470,"2020","11","OK"
"3572","Harper",1934,"2020","11","OK"
"3573","Haskell",7082,"2020","11","OK"
"3574","Hughes",7109,"2020","11","OK"
"3575","Jackson",12464,"2020","11","OK"
"3576","Jefferson",3506,"2020","11","OK"
"3577","Johnston",6239,"2020","11","OK"
"3578","Kay",25327,"2020","11","OK"
"3579","Kingfisher",8623,"2020","11","OK"
"3580","Kiowa",4978,"2020","11","OK"
"3581","Latimer",6174,"2020","11","OK"
"3582","LeFlore",28496,"2020","11","OK"
"3583","Lincoln",20469,"2020","11","OK"
"3584","Logan",29939,"2020","11","OK"
"3585","Love",6529,"2020","11","OK"
"3586","Major",4420,"2020","11","OK"
"3587","Marshall",8956,"2020","11","OK"
"3588","Mayes",23121,"2020","11","OK"
"3589","McClain",26257,"2020","11","OK"
"3590","McCurtain",16639,"2020","11","OK"
"3591","McIntosh",12203,"2020","11","OK"
"3592","Murray",8136,"2020","11","OK"
"3593","Muskogee",38043,"2020","11","OK"
"3594","Noble",6632,"2020","11","OK"
"3595","Nowata",6181,"2020","11","OK"
"3596","Okfuskee",5989,"2020","11","OK"
"3597","Oklahoma",442585,"2020","11","OK"
"3598","Okmulgee",20781,"2020","11","OK"
"3599","Osage",28529,"2020","11","OK"
"3600","Ottawa",18075,"2020","11","OK"
"3601","Pawnee",9593,"2020","11","OK"
"3602","Payne",43182,"2020","11","OK"
"3603","Pittsburg",27098,"2020","11","OK"
"3604","Pontotoc",22222,"2020","11","OK"
"3605","Pottawatomie",41164,"2020","11","OK"
"3606","Pushmataha",7014,"2020","11","OK"
"3607","Roger Mills",2404,"2020","11","OK"
"3608","Rogers",59894,"2020","11","OK"
"3609","Seminole",12354,"2020","11","OK"
"3610","Sequoyah",23187,"2020","11","OK"
"3611","Stephens",27497,"2020","11","OK"
"3612","Texas",8982,"2020","11","OK"
"3613","Tillman",4197,"2020","11","OK"
"3614","Tulsa",375133,"2020","11","OK"
"3615","Wagoner",47255,"2020","11","OK"
"3616","Washington",34155,"2020","11","OK"
"3617","Washita",6766,"2020","11","OK"
"3618","Woods",4894,"2020","11","OK"
"3619","Woodward",11234,"2020","11","OK"
"3620","Adair",11111,"2020","12","OK"
"3621","Alfalfa",2946,"2020","12","OK"
"3622","Atoka",7694,"2020","12","OK"
"3623","Beaver",3042,"2020","12","OK"
"3624","Beckham",11812,"2020","12","OK"
"3625","Blaine",5404,"2020","12","OK"
"3626","Bryan",24755,"2020","12","OK"
"3627","Caddo",14252,"2020","12","OK"
"3628","Canadian",89172,"2020","12","OK"
"3629","Carter",31244,"2020","12","OK"
"3630","Cherokee",26122,"2020","12","OK"
"3631","Choctaw",8979,"2020","12","OK"
"3632","Cimarron",1550,"2020","12","OK"
"3633","Cleveland",172023,"2020","12","OK"
"3634","Coal",3845,"2020","12","OK"
"3635","Comanche",60148,"2020","12","OK"
"3636","Cotton",3781,"2020","12","OK"
"3637","Craig",8287,"2020","12","OK"
"3638","Creek",42141,"2020","12","OK"
"3639","Custer",16438,"2020","12","OK"
"3640","Delaware",24675,"2020","12","OK"
"3641","Dewey",3090,"2020","12","OK"
"3642","Ellis",2546,"2020","12","OK"
"3643","Garfield",32293,"2020","12","OK"
"3644","Garvin",16152,"2020","12","OK"
"3645","Grady",33977,"2020","12","OK"
"3646","Grant",2922,"2020","12","OK"
"3647","Greer",2933,"2020","12","OK"
"3648","Harmon",1472,"2020","12","OK"
"3649","Harper",1937,"2020","12","OK"
"3650","Haskell",7084,"2020","12","OK"
"3651","Hughes",7129,"2020","12","OK"
"3652","Jackson",12512,"2020","12","OK"
"3653","Jefferson",3549,"2020","12","OK"
"3654","Johnston",6212,"2020","12","OK"
"3655","Kay",25366,"2020","12","OK"
"3656","Kingfisher",8645,"2020","12","OK"
"3657","Kiowa",4982,"2020","12","OK"
"3658","Latimer",6180,"2020","12","OK"
"3659","LeFlore",28512,"2020","12","OK"
"3660","Lincoln",20462,"2020","12","OK"
"3661","Logan",29904,"2020","12","OK"
"3662","Love",6525,"2020","12","OK"
"3663","Major",4404,"2020","12","OK"
"3664","Marshall",8973,"2020","12","OK"
"3665","Mayes",23106,"2020","12","OK"
"3666","McClain",26160,"2020","12","OK"
"3667","McCurtain",16660,"2020","12","OK"
"3668","McIntosh",12213,"2020","12","OK"
"3669","Murray",8144,"2020","12","OK"
"3670","Muskogee",38170,"2020","12","OK"
"3671","Noble",6649,"2020","12","OK"
"3672","Nowata",6185,"2020","12","OK"
"3673","Okfuskee",6030,"2020","12","OK"
"3674","Oklahoma",443224,"2020","12","OK"
"3675","Okmulgee",20803,"2020","12","OK"
"3676","Osage",28351,"2020","12","OK"
"3677","Ottawa",18113,"2020","12","OK"
"3678","Pawnee",9405,"2020","12","OK"
"3679","Payne",43351,"2020","12","OK"
"3680","Pittsburg",27074,"2020","12","OK"
"3681","Pontotoc",22255,"2020","12","OK"
"3682","Pottawatomie",41091,"2020","12","OK"
"3683","Pushmataha",7013,"2020","12","OK"
"3684","Roger Mills",2400,"2020","12","OK"
"3685","Rogers",59834,"2020","12","OK"
"3686","Seminole",12358,"2020","12","OK"
"3687","Sequoyah",23252,"2020","12","OK"
"3688","Stephens",27552,"2020","12","OK"
"3689","Texas",8961,"2020","12","OK"
"3690","Tillman",4201,"2020","12","OK"
"3691","Tulsa",376962,"2020","12","OK"
"3692","Wagoner",47159,"2020","12","OK"
"3693","Washington",34133,"2020","12","OK"
"3694","Washita",6771,"2020","12","OK"
"3695","Woods",4892,"2020","12","OK"
"3696","Woodward",11236,"2020","12","OK"
"3697","Adair",11124,"2021","01","OK"
"3698","Alfalfa",2948,"2021","01","OK"
"3699","Atoka",7715,"2021","01","OK"
"3700","Beaver",3025,"2021","01","OK"
"3701","Beckham",11790,"2021","01","OK"
"3702","Blaine",5404,"2021","01","OK"
"3703","Bryan",24749,"2021","01","OK"
"3704","Caddo",14216,"2021","01","OK"
"3705","Canadian",89210,"2021","01","OK"
"3706","Carter",31272,"2021","01","OK"
"3707","Cherokee",26063,"2021","01","OK"
"3708","Choctaw",8980,"2021","01","OK"
"3709","Cimarron",1547,"2021","01","OK"
"3710","Cleveland",171618,"2021","01","OK"
"3711","Coal",3844,"2021","01","OK"
"3712","Comanche",60068,"2021","01","OK"
"3713","Cotton",3781,"2021","01","OK"
"3714","Craig",8293,"2021","01","OK"
"3715","Creek",42182,"2021","01","OK"
"3716","Custer",16454,"2021","01","OK"
"3717","Delaware",24708,"2021","01","OK"
"3718","Dewey",3086,"2021","01","OK"
"3719","Ellis",2545,"2021","01","OK"
"3720","Garfield",32236,"2021","01","OK"
"3721","Garvin",16150,"2021","01","OK"
"3722","Grady",33975,"2021","01","OK"
"3723","Grant",2931,"2021","01","OK"
"3724","Greer",2938,"2021","01","OK"
"3725","Harmon",1453,"2021","01","OK"
"3726","Harper",1933,"2021","01","OK"
"3727","Haskell",7089,"2021","01","OK"
"3728","Hughes",7126,"2021","01","OK"
"3729","Jackson",12508,"2021","01","OK"
"3730","Jefferson",3545,"2021","01","OK"
"3731","Johnston",6211,"2021","01","OK"
"3732","Kay",25316,"2021","01","OK"
"3733","Kingfisher",8603,"2021","01","OK"
"3734","Kiowa",4975,"2021","01","OK"
"3735","Latimer",6185,"2021","01","OK"
"3736","LeFlore",28550,"2021","01","OK"
"3737","Lincoln",20472,"2021","01","OK"
"3738","Logan",29918,"2021","01","OK"
"3739","Love",6525,"2021","01","OK"
"3740","Major",4412,"2021","01","OK"
"3741","Marshall",8983,"2021","01","OK"
"3742","Mayes",23126,"2021","01","OK"
"3743","McClain",26168,"2021","01","OK"
"3744","McCurtain",16706,"2021","01","OK"
"3745","McIntosh",12210,"2021","01","OK"
"3746","Murray",8137,"2021","01","OK"
"3747","Muskogee",37962,"2021","01","OK"
"3748","Noble",6656,"2021","01","OK"
"3749","Nowata",6187,"2021","01","OK"
"3750","Okfuskee",6023,"2021","01","OK"
"3751","Oklahoma",444572,"2021","01","OK"
"3752","Okmulgee",20815,"2021","01","OK"
"3753","Osage",28287,"2021","01","OK"
"3754","Ottawa",18132,"2021","01","OK"
"3755","Pawnee",9385,"2021","01","OK"
"3756","Payne",43280,"2021","01","OK"
"3757","Pittsburg",27111,"2021","01","OK"
"3758","Pontotoc",22291,"2021","01","OK"
"3759","Pottawatomie",41118,"2021","01","OK"
"3760","Pushmataha",7009,"2021","01","OK"
"3761","Roger Mills",2395,"2021","01","OK"
"3762","Rogers",59907,"2021","01","OK"
"3763","Seminole",12382,"2021","01","OK"
"3764","Sequoyah",23266,"2021","01","OK"
"3765","Stephens",27524,"2021","01","OK"
"3766","Texas",8984,"2021","01","OK"
"3767","Tillman",4210,"2021","01","OK"
"3768","Tulsa",377027,"2021","01","OK"
"3769","Wagoner",46997,"2021","01","OK"
"3770","Washington",34078,"2021","01","OK"
"3771","Washita",6774,"2021","01","OK"
"3772","Woods",4868,"2021","01","OK"
"3773","Woodward",11240,"2021","01","OK"
"3774","Adair",11112,"2021","02","OK"
"3775","Alfalfa",2947,"2021","02","OK"
"3776","Atoka",7727,"2021","02","OK"
"3777","Beaver",3031,"2021","02","OK"
"3778","Beckham",11766,"2021","02","OK"
"3779","Blaine",5410,"2021","02","OK"
"3780","Bryan",24790,"2021","02","OK"
"3781","Caddo",14231,"2021","02","OK"
"3782","Canadian",89334,"2021","02","OK"
"3783","Carter",31322,"2021","02","OK"
"3784","Cherokee",26095,"2021","02","OK"
"3785","Choctaw",9000,"2021","02","OK"
"3786","Cimarron",1550,"2021","02","OK"
"3787","Cleveland",171779,"2021","02","OK"
"3788","Coal",3840,"2021","02","OK"
"3789","Comanche",60185,"2021","02","OK"
"3790","Cotton",3782,"2021","02","OK"
"3791","Craig",8299,"2021","02","OK"
"3792","Creek",42165,"2021","02","OK"
"3793","Custer",16228,"2021","02","OK"
"3794","Delaware",24754,"2021","02","OK"
"3795","Dewey",3091,"2021","02","OK"
"3796","Ellis",2542,"2021","02","OK"
"3797","Garfield",32315,"2021","02","OK"
"3798","Garvin",16166,"2021","02","OK"
"3799","Grady",33987,"2021","02","OK"
"3800","Grant",2931,"2021","02","OK"
"3801","Greer",2937,"2021","02","OK"
"3802","Harmon",1450,"2021","02","OK"
"3803","Harper",1939,"2021","02","OK"
"3804","Haskell",7093,"2021","02","OK"
"3805","Hughes",7135,"2021","02","OK"
"3806","Jackson",12544,"2021","02","OK"
"3807","Jefferson",3560,"2021","02","OK"
"3808","Johnston",6204,"2021","02","OK"
"3809","Kay",25408,"2021","02","OK"
"3810","Kingfisher",8617,"2021","02","OK"
"3811","Kiowa",4971,"2021","02","OK"
"3812","Latimer",6186,"2021","02","OK"
"3813","LeFlore",28555,"2021","02","OK"
"3814","Lincoln",20520,"2021","02","OK"
"3815","Logan",30011,"2021","02","OK"
"3816","Love",6532,"2021","02","OK"
"3817","Major",4411,"2021","02","OK"
"3818","Marshall",8991,"2021","02","OK"
"3819","Mayes",23159,"2021","02","OK"
"3820","McClain",26209,"2021","02","OK"
"3821","McCurtain",16737,"2021","02","OK"
"3822","McIntosh",12230,"2021","02","OK"
"3823","Murray",8138,"2021","02","OK"
"3824","Muskogee",38047,"2021","02","OK"
"3825","Noble",6651,"2021","02","OK"
"3826","Nowata",6188,"2021","02","OK"
"3827","Okfuskee",6041,"2021","02","OK"
"3828","Oklahoma",444442,"2021","02","OK"
"3829","Okmulgee",20831,"2021","02","OK"
"3830","Osage",28362,"2021","02","OK"
"3831","Ottawa",18139,"2021","02","OK"
"3832","Pawnee",9439,"2021","02","OK"
"3833","Payne",43313,"2021","02","OK"
"3834","Pittsburg",27139,"2021","02","OK"
"3835","Pontotoc",22302,"2021","02","OK"
"3836","Pottawatomie",41098,"2021","02","OK"
"3837","Pushmataha",7021,"2021","02","OK"
"3838","Roger Mills",2396,"2021","02","OK"
"3839","Rogers",59952,"2021","02","OK"
"3840","Seminole",12398,"2021","02","OK"
"3841","Sequoyah",23296,"2021","02","OK"
"3842","Stephens",27538,"2021","02","OK"
"3843","Texas",9013,"2021","02","OK"
"3844","Tillman",4198,"2021","02","OK"
"3845","Tulsa",377540,"2021","02","OK"
"3846","Wagoner",47155,"2021","02","OK"
"3847","Washington",34124,"2021","02","OK"
"3848","Washita",6789,"2021","02","OK"
"3849","Woods",4875,"2021","02","OK"
"3850","Woodward",11262,"2021","02","OK"
"3851","Adair",11153,"2021","03","OK"
"3852","Alfalfa",2949,"2021","03","OK"
"3853","Atoka",7731,"2021","03","OK"
"3854","Beaver",3028,"2021","03","OK"
"3855","Beckham",11763,"2021","03","OK"
"3856","Blaine",5417,"2021","03","OK"
"3857","Bryan",24886,"2021","03","OK"
"3858","Caddo",14227,"2021","03","OK"
"3859","Canadian",89374,"2021","03","OK"
"3860","Carter",31301,"2021","03","OK"
"3861","Cherokee",26176,"2021","03","OK"
"3862","Choctaw",8988,"2021","03","OK"
"3863","Cimarron",1552,"2021","03","OK"
"3864","Cleveland",171841,"2021","03","OK"
"3865","Coal",3848,"2021","03","OK"
"3866","Comanche",60326,"2021","03","OK"
"3867","Cotton",3784,"2021","03","OK"
"3868","Craig",8290,"2021","03","OK"
"3869","Creek",42131,"2021","03","OK"
"3870","Custer",16337,"2021","03","OK"
"3871","Delaware",24808,"2021","03","OK"
"3872","Dewey",3087,"2021","03","OK"
"3873","Ellis",2547,"2021","03","OK"
"3874","Garfield",32275,"2021","03","OK"
"3875","Garvin",16137,"2021","03","OK"
"3876","Grady",33950,"2021","03","OK"
"3877","Grant",2930,"2021","03","OK"
"3878","Greer",2938,"2021","03","OK"
"3879","Harmon",1444,"2021","03","OK"
"3880","Harper",1934,"2021","03","OK"
"3881","Haskell",7077,"2021","03","OK"
"3882","Hughes",7102,"2021","03","OK"
"3883","Jackson",12582,"2021","03","OK"
"3884","Jefferson",3554,"2021","03","OK"
"3885","Johnston",6186,"2021","03","OK"
"3886","Kay",25531,"2021","03","OK"
"3887","Kingfisher",8612,"2021","03","OK"
"3888","Kiowa",4975,"2021","03","OK"
"3889","Latimer",6168,"2021","03","OK"
"3890","LeFlore",28616,"2021","03","OK"
"3891","Lincoln",20548,"2021","03","OK"
"3892","Logan",30085,"2021","03","OK"
"3893","Love",6548,"2021","03","OK"
"3894","Major",4425,"2021","03","OK"
"3895","Marshall",9002,"2021","03","OK"
"3896","Mayes",23168,"2021","03","OK"
"3897","McClain",26213,"2021","03","OK"
"3898","McCurtain",16798,"2021","03","OK"
"3899","McIntosh",12227,"2021","03","OK"
"3900","Murray",8118,"2021","03","OK"
"3901","Muskogee",38184,"2021","03","OK"
"3902","Noble",6664,"2021","03","OK"
"3903","Nowata",6179,"2021","03","OK"
"3904","Okfuskee",6043,"2021","03","OK"
"3905","Oklahoma",444568,"2021","03","OK"
"3906","Okmulgee",20820,"2021","03","OK"
"3907","Osage",28390,"2021","03","OK"
"3908","Ottawa",18140,"2021","03","OK"
"3909","Pawnee",9482,"2021","03","OK"
"3910","Payne",43325,"2021","03","OK"
"3911","Pittsburg",27085,"2021","03","OK"
"3912","Pontotoc",22294,"2021","03","OK"
"3913","Pottawatomie",41060,"2021","03","OK"
"3914","Pushmataha",7018,"2021","03","OK"
"3915","Roger Mills",2393,"2021","03","OK"
"3916","Rogers",59989,"2021","03","OK"
"3917","Seminole",12399,"2021","03","OK"
"3918","Sequoyah",23424,"2021","03","OK"
"3919","Stephens",27504,"2021","03","OK"
"3920","Texas",9025,"2021","03","OK"
"3921","Tillman",4210,"2021","03","OK"
"3922","Tulsa",377468,"2021","03","OK"
"3923","Wagoner",47235,"2021","03","OK"
"3924","Washington",34162,"2021","03","OK"
"3925","Washita",6800,"2021","03","OK"
"3926","Woods",4870,"2021","03","OK"
"3927","Woodward",11261,"2021","03","OK"
"3928","Adair",10361,"2021","04","OK"
"3929","Alfalfa",2870,"2021","04","OK"
"3930","Atoka",7420,"2021","04","OK"
"3931","Beaver",2862,"2021","04","OK"
"3932","Beckham",11234,"2021","04","OK"
"3933","Blaine",5194,"2021","04","OK"
"3934","Bryan",23078,"2021","04","OK"
"3935","Caddo",13670,"2021","04","OK"
"3936","Canadian",86971,"2021","04","OK"
"3937","Carter",29246,"2021","04","OK"
"3938","Cherokee",24997,"2021","04","OK"
"3939","Choctaw",8479,"2021","04","OK"
"3940","Cimarron",1430,"2021","04","OK"
"3941","Cleveland",164760,"2021","04","OK"
"3942","Coal",3617,"2021","04","OK"
"3943","Comanche",56538,"2021","04","OK"
"3944","Cotton",3605,"2021","04","OK"
"3945","Craig",7949,"2021","04","OK"
"3946","Creek",40494,"2021","04","OK"
"3947","Custer",15397,"2021","04","OK"
"3948","Delaware",23667,"2021","04","OK"
"3949","Dewey",2994,"2021","04","OK"
"3950","Ellis",2434,"2021","04","OK"
"3951","Garfield",31042,"2021","04","OK"
"3952","Garvin",15465,"2021","04","OK"
"3953","Grady",32676,"2021","04","OK"
"3954","Grant",2821,"2021","04","OK"
"3955","Greer",2789,"2021","04","OK"
"3956","Harmon",1355,"2021","04","OK"
"3957","Harper",1862,"2021","04","OK"
"3958","Haskell",6733,"2021","04","OK"
"3959","Hughes",6763,"2021","04","OK"
"3960","Jackson",11829,"2021","04","OK"
"3961","Jefferson",3357,"2021","04","OK"
"3962","Johnston",5867,"2021","04","OK"
"3963","Kay",24134,"2021","04","OK"
"3964","Kingfisher",8292,"2021","04","OK"
"3965","Kiowa",4743,"2021","04","OK"
"3966","Latimer",5822,"2021","04","OK"
"3967","LeFlore",26798,"2021","04","OK"
"3968","Lincoln",19757,"2021","04","OK"
"3969","Logan",28809,"2021","04","OK"
"3970","Love",6180,"2021","04","OK"
"3971","Major",4295,"2021","04","OK"
"3972","Marshall",8565,"2021","04","OK"
"3973","Mayes",22228,"2021","04","OK"
"3974","McClain",25291,"2021","04","OK"
"3975","McCurtain",15893,"2021","04","OK"
"3976","McIntosh",11681,"2021","04","OK"
"3977","Murray",7795,"2021","04","OK"
"3978","Muskogee",35916,"2021","04","OK"
"3979","Noble",6455,"2021","04","OK"
"3980","Nowata",5843,"2021","04","OK"
"3981","Okfuskee",5783,"2021","04","OK"
"3982","Oklahoma",421833,"2021","04","OK"
"3983","Okmulgee",19847,"2021","04","OK"
"3984","Osage",27337,"2021","04","OK"
"3985","Ottawa",17166,"2021","04","OK"
"3986","Pawnee",8958,"2021","04","OK"
"3987","Payne",40877,"2021","04","OK"
"3988","Pittsburg",25697,"2021","04","OK"
"3989","Pontotoc",21337,"2021","04","OK"
"3990","Pottawatomie",39120,"2021","04","OK"
"3991","Pushmataha",6647,"2021","04","OK"
"3992","Roger Mills",2311,"2021","04","OK"
"3993","Rogers",57815,"2021","04","OK"
"3994","Seminole",11857,"2021","04","OK"
"3995","Sequoyah",22072,"2021","04","OK"
"3996","Stephens",26413,"2021","04","OK"
"3997","Texas",8278,"2021","04","OK"
"3998","Tillman",3914,"2021","04","OK"
"3999","Tulsa",359802,"2021","04","OK"
"4000","Wagoner",45566,"2021","04","OK"
"4001","Washington",32598,"2021","04","OK"
"4002","Washita",6509,"2021","04","OK"
"4003","Woods",4686,"2021","04","OK"
"4004","Woodward",10721,"2021","04","OK"
"4005","Adair",10397,"2021","05","OK"
"4006","Alfalfa",2884,"2021","05","OK"
"4007","Atoka",7455,"2021","05","OK"
"4008","Beaver",2871,"2021","05","OK"
"4009","Beckham",11272,"2021","05","OK"
"4010","Blaine",5203,"2021","05","OK"
"4011","Bryan",23194,"2021","05","OK"
"4012","Caddo",13707,"2021","05","OK"
"4013","Canadian",87246,"2021","05","OK"
"4014","Carter",29364,"2021","05","OK"
"4015","Cherokee",25096,"2021","05","OK"
"4016","Choctaw",8508,"2021","05","OK"
"4017","Cimarron",1435,"2021","05","OK"
"4018","Cleveland",165126,"2021","05","OK"
"4019","Coal",3612,"2021","05","OK"
"4020","Comanche",56780,"2021","05","OK"
"4021","Cotton",3612,"2021","05","OK"
"4022","Craig",7967,"2021","05","OK"
"4023","Creek",40624,"2021","05","OK"
"4024","Custer",15436,"2021","05","OK"
"4025","Delaware",23756,"2021","05","OK"
"4026","Dewey",3000,"2021","05","OK"
"4027","Ellis",2448,"2021","05","OK"
"4028","Garfield",31123,"2021","05","OK"
"4029","Garvin",15500,"2021","05","OK"
"4030","Grady",32749,"2021","05","OK"
"4031","Grant",2830,"2021","05","OK"
"4032","Greer",2798,"2021","05","OK"
"4033","Harmon",1361,"2021","05","OK"
"4034","Harper",1863,"2021","05","OK"
"4035","Haskell",6727,"2021","05","OK"
"4036","Hughes",6785,"2021","05","OK"
"4037","Jackson",11892,"2021","05","OK"
"4038","Jefferson",3380,"2021","05","OK"
"4039","Johnston",5875,"2021","05","OK"
"4040","Kay",24136,"2021","05","OK"
"4041","Kingfisher",8340,"2021","05","OK"
"4042","Kiowa",4750,"2021","05","OK"
"4043","Latimer",5844,"2021","05","OK"
"4044","LeFlore",26900,"2021","05","OK"
"4045","Lincoln",19814,"2021","05","OK"
"4046","Logan",29010,"2021","05","OK"
"4047","Love",6203,"2021","05","OK"
"4048","Major",4289,"2021","05","OK"
"4049","Marshall",8608,"2021","05","OK"
"4050","Mayes",22340,"2021","05","OK"
"4051","McClain",25351,"2021","05","OK"
"4052","McCurtain",15968,"2021","05","OK"
"4053","McIntosh",11716,"2021","05","OK"
"4054","Murray",7831,"2021","05","OK"
"4055","Muskogee",36124,"2021","05","OK"
"4056","Noble",6467,"2021","05","OK"
"4057","Nowata",5870,"2021","05","OK"
"4058","Okfuskee",5759,"2021","05","OK"
"4059","Oklahoma",423239,"2021","05","OK"
"4060","Okmulgee",19911,"2021","05","OK"
"4061","Osage",27378,"2021","05","OK"
"4062","Ottawa",17203,"2021","05","OK"
"4063","Pawnee",8993,"2021","05","OK"
"4064","Payne",40984,"2021","05","OK"
"4065","Pittsburg",25852,"2021","05","OK"
"4066","Pontotoc",21387,"2021","05","OK"
"4067","Pottawatomie",39233,"2021","05","OK"
"4068","Pushmataha",6658,"2021","05","OK"
"4069","Roger Mills",2312,"2021","05","OK"
"4070","Rogers",57926,"2021","05","OK"
"4071","Seminole",11867,"2021","05","OK"
"4072","Sequoyah",22156,"2021","05","OK"
"4073","Stephens",26463,"2021","05","OK"
"4074","Texas",8312,"2021","05","OK"
"4075","Tillman",3916,"2021","05","OK"
"4076","Tulsa",360298,"2021","05","OK"
"4077","Wagoner",45834,"2021","05","OK"
"4078","Washington",32646,"2021","05","OK"
"4079","Washita",6522,"2021","05","OK"
"4080","Woods",4703,"2021","05","OK"
"4081","Woodward",10781,"2021","05","OK"
"4082","Adair",10406,"2021","06","OK"
"4083","Alfalfa",2881,"2021","06","OK"
"4084","Atoka",7459,"2021","06","OK"
"4085","Beaver",2867,"2021","06","OK"
"4086","Beckham",11302,"2021","06","OK"
"4087","Blaine",5201,"2021","06","OK"
"4088","Bryan",23278,"2021","06","OK"
"4089","Caddo",13715,"2021","06","OK"
"4090","Canadian",87610,"2021","06","OK"
"4091","Carter",29428,"2021","06","OK"
"4092","Cherokee",25133,"2021","06","OK"
"4093","Choctaw",8518,"2021","06","OK"
"4094","Cimarron",1432,"2021","06","OK"
"4095","Cleveland",165292,"2021","06","OK"
"4096","Coal",3601,"2021","06","OK"
"4097","Comanche",56845,"2021","06","OK"
"4098","Cotton",3616,"2021","06","OK"
"4099","Craig",7974,"2021","06","OK"
"4100","Creek",40694,"2021","06","OK"
"4101","Custer",15382,"2021","06","OK"
"4102","Delaware",23853,"2021","06","OK"
"4103","Dewey",3000,"2021","06","OK"
"4104","Ellis",2446,"2021","06","OK"
"4105","Garfield",31241,"2021","06","OK"
"4106","Garvin",15509,"2021","06","OK"
"4107","Grady",32793,"2021","06","OK"
"4108","Grant",2840,"2021","06","OK"
"4109","Greer",2814,"2021","06","OK"
"4110","Harmon",1362,"2021","06","OK"
"4111","Harper",1860,"2021","06","OK"
"4112","Haskell",6726,"2021","06","OK"
"4113","Hughes",6786,"2021","06","OK"
"4114","Jackson",11892,"2021","06","OK"
"4115","Jefferson",3381,"2021","06","OK"
"4116","Johnston",5874,"2021","06","OK"
"4117","Kay",24201,"2021","06","OK"
"4118","Kingfisher",8343,"2021","06","OK"
"4119","Kiowa",4747,"2021","06","OK"
"4120","Latimer",5821,"2021","06","OK"
"4121","LeFlore",26974,"2021","06","OK"
"4122","Lincoln",19777,"2021","06","OK"
"4123","Logan",29034,"2021","06","OK"
"4124","Love",6209,"2021","06","OK"
"4125","Major",4301,"2021","06","OK"
"4126","Marshall",8638,"2021","06","OK"
"4127","Mayes",22399,"2021","06","OK"
"4128","McClain",25411,"2021","06","OK"
"4129","McCurtain",15993,"2021","06","OK"
"4130","McIntosh",11743,"2021","06","OK"
"4131","Murray",7825,"2021","06","OK"
"4132","Muskogee",36128,"2021","06","OK"
"4133","Noble",6473,"2021","06","OK"
"4134","Nowata",5863,"2021","06","OK"
"4135","Okfuskee",5753,"2021","06","OK"
"4136","Oklahoma",423889,"2021","06","OK"
"4137","Okmulgee",19940,"2021","06","OK"
"4138","Osage",27446,"2021","06","OK"
"4139","Ottawa",17285,"2021","06","OK"
"4140","Pawnee",9029,"2021","06","OK"
"4141","Payne",41089,"2021","06","OK"
"4142","Pittsburg",25931,"2021","06","OK"
"4143","Pontotoc",21423,"2021","06","OK"
"4144","Pottawatomie",39214,"2021","06","OK"
"4145","Pushmataha",6665,"2021","06","OK"
"4146","Roger Mills",2313,"2021","06","OK"
"4147","Rogers",58027,"2021","06","OK"
"4148","Seminole",11893,"2021","06","OK"
"4149","Sequoyah",22229,"2021","06","OK"
"4150","Stephens",26516,"2021","06","OK"
"4151","Texas",8368,"2021","06","OK"
"4152","Tillman",3918,"2021","06","OK"
"4153","Tulsa",360826,"2021","06","OK"
"4154","Wagoner",45975,"2021","06","OK"
"4155","Washington",32725,"2021","06","OK"
"4156","Washita",6532,"2021","06","OK"
"4157","Woods",4718,"2021","06","OK"
"4158","Woodward",10839,"2021","06","OK"
"4159","Adair",10445,"2021","07","OK"
"4160","Alfalfa",2879,"2021","07","OK"
"4161","Atoka",7490,"2021","07","OK"
"4162","Beaver",2871,"2021","07","OK"
"4163","Beckham",11343,"2021","07","OK"
"4164","Blaine",5213,"2021","07","OK"
"4165","Bryan",23415,"2021","07","OK"
"4166","Caddo",13752,"2021","07","OK"
"4167","Canadian",88022,"2021","07","OK"
"4168","Carter",29512,"2021","07","OK"
"4169","Cherokee",25210,"2021","07","OK"
"4170","Choctaw",8524,"2021","07","OK"
"4171","Cimarron",1439,"2021","07","OK"
"4172","Cleveland",165657,"2021","07","OK"
"4173","Coal",3610,"2021","07","OK"
"4174","Comanche",57006,"2021","07","OK"
"4175","Cotton",3623,"2021","07","OK"
"4176","Craig",7991,"2021","07","OK"
"4177","Creek",40858,"2021","07","OK"
"4178","Custer",15379,"2021","07","OK"
"4179","Delaware",23959,"2021","07","OK"
"4180","Dewey",2996,"2021","07","OK"
"4181","Ellis",2452,"2021","07","OK"
"4182","Garfield",31362,"2021","07","OK"
"4183","Garvin",15540,"2021","07","OK"
"4184","Grady",32853,"2021","07","OK"
"4185","Grant",2851,"2021","07","OK"
"4186","Greer",2826,"2021","07","OK"
"4187","Harmon",1368,"2021","07","OK"
"4188","Harper",1863,"2021","07","OK"
"4189","Haskell",6742,"2021","07","OK"
"4190","Hughes",6797,"2021","07","OK"
"4191","Jackson",11971,"2021","07","OK"
"4192","Jefferson",3393,"2021","07","OK"
"4193","Johnston",5878,"2021","07","OK"
"4194","Kay",24325,"2021","07","OK"
"4195","Kingfisher",8370,"2021","07","OK"
"4196","Kiowa",4760,"2021","07","OK"
"4197","Latimer",5836,"2021","07","OK"
"4198","LeFlore",27081,"2021","07","OK"
"4199","Lincoln",19847,"2021","07","OK"
"4200","Logan",29043,"2021","07","OK"
"4201","Love",6236,"2021","07","OK"
"4202","Major",4305,"2021","07","OK"
"4203","Marshall",8677,"2021","07","OK"
"4204","Mayes",22492,"2021","07","OK"
"4205","McClain",25481,"2021","07","OK"
"4206","McCurtain",16016,"2021","07","OK"
"4207","McIntosh",11778,"2021","07","OK"
"4208","Murray",7852,"2021","07","OK"
"4209","Muskogee",36228,"2021","07","OK"
"4210","Noble",6479,"2021","07","OK"
"4211","Nowata",5882,"2021","07","OK"
"4212","Okfuskee",5779,"2021","07","OK"
"4213","Oklahoma",425237,"2021","07","OK"
"4214","Okmulgee",20008,"2021","07","OK"
"4215","Osage",27463,"2021","07","OK"
"4216","Ottawa",17326,"2021","07","OK"
"4217","Pawnee",9068,"2021","07","OK"
"4218","Payne",41305,"2021","07","OK"
"4219","Pittsburg",25986,"2021","07","OK"
"4220","Pontotoc",21468,"2021","07","OK"
"4221","Pottawatomie",39336,"2021","07","OK"
"4222","Pushmataha",6677,"2021","07","OK"
"4223","Roger Mills",2324,"2021","07","OK"
"4224","Rogers",58189,"2021","07","OK"
"4225","Seminole",11906,"2021","07","OK"
"4226","Sequoyah",22297,"2021","07","OK"
"4227","Stephens",26574,"2021","07","OK"
"4228","Texas",8402,"2021","07","OK"
"4229","Tillman",3925,"2021","07","OK"
"4230","Tulsa",361866,"2021","07","OK"
"4231","Wagoner",45992,"2021","07","OK"
"4232","Washington",32726,"2021","07","OK"
"4233","Washita",6543,"2021","07","OK"
"4234","Woods",4738,"2021","07","OK"
"4235","Woodward",10851,"2021","07","OK"
"4236","Adair",10469,"2021","08","OK"
"4237","Alfalfa",2885,"2021","08","OK"
"4238","Atoka",7492,"2021","08","OK"
"4239","Beaver",2887,"2021","08","OK"
"4240","Beckham",11338,"2021","08","OK"
"4241","Blaine",5210,"2021","08","OK"
"4242","Bryan",23597,"2021","08","OK"
"4243","Caddo",13776,"2021","08","OK"
"4244","Canadian",88477,"2021","08","OK"
"4245","Carter",29621,"2021","08","OK"
"4246","Cherokee",25346,"2021","08","OK"
"4247","Choctaw",8549,"2021","08","OK"
"4248","Cimarron",1439,"2021","08","OK"
"4249","Cleveland",166104,"2021","08","OK"
"4250","Coal",3622,"2021","08","OK"
"4251","Comanche",57136,"2021","08","OK"
"4252","Cotton",3627,"2021","08","OK"
"4253","Craig",7994,"2021","08","OK"
"4254","Creek",40941,"2021","08","OK"
"4255","Custer",15399,"2021","08","OK"
"4256","Delaware",24086,"2021","08","OK"
"4257","Dewey",3002,"2021","08","OK"
"4258","Ellis",2460,"2021","08","OK"
"4259","Garfield",31478,"2021","08","OK"
"4260","Garvin",15574,"2021","08","OK"
"4261","Grady",32948,"2021","08","OK"
"4262","Grant",2854,"2021","08","OK"
"4263","Greer",2833,"2021","08","OK"
"4264","Harmon",1371,"2021","08","OK"
"4265","Harper",1869,"2021","08","OK"
"4266","Haskell",6751,"2021","08","OK"
"4267","Hughes",6805,"2021","08","OK"
"4268","Jackson",12012,"2021","08","OK"
"4269","Jefferson",3394,"2021","08","OK"
"4270","Johnston",5901,"2021","08","OK"
"4271","Kay",24407,"2021","08","OK"
"4272","Kingfisher",8379,"2021","08","OK"
"4273","Kiowa",4775,"2021","08","OK"
"4274","Latimer",5841,"2021","08","OK"
"4275","LeFlore",27182,"2021","08","OK"
"4276","Lincoln",19920,"2021","08","OK"
"4277","Logan",29151,"2021","08","OK"
"4278","Love",6240,"2021","08","OK"
"4279","Major",4313,"2021","08","OK"
"4280","Marshall",8720,"2021","08","OK"
"4281","Mayes",22554,"2021","08","OK"
"4282","McClain",25557,"2021","08","OK"
"4283","McCurtain",16057,"2021","08","OK"
"4284","McIntosh",11808,"2021","08","OK"
"4285","Murray",7870,"2021","08","OK"
"4286","Muskogee",36447,"2021","08","OK"
"4287","Noble",6492,"2021","08","OK"
"4288","Nowata",5897,"2021","08","OK"
"4289","Okfuskee",5779,"2021","08","OK"
"4290","Oklahoma",426522,"2021","08","OK"
"4291","Okmulgee",20067,"2021","08","OK"
"4292","Osage",27531,"2021","08","OK"
"4293","Ottawa",17342,"2021","08","OK"
"4294","Pawnee",9085,"2021","08","OK"
"4295","Payne",41292,"2021","08","OK"
"4296","Pittsburg",26067,"2021","08","OK"
"4297","Pontotoc",21522,"2021","08","OK"
"4298","Pottawatomie",39425,"2021","08","OK"
"4299","Pushmataha",6702,"2021","08","OK"
"4300","Roger Mills",2321,"2021","08","OK"
"4301","Rogers",58408,"2021","08","OK"
"4302","Seminole",11984,"2021","08","OK"
"4303","Sequoyah",22395,"2021","08","OK"
"4304","Stephens",26634,"2021","08","OK"
"4305","Texas",8435,"2021","08","OK"
"4306","Tillman",3933,"2021","08","OK"
"4307","Tulsa",362872,"2021","08","OK"
"4308","Wagoner",46142,"2021","08","OK"
"4309","Washington",32946,"2021","08","OK"
"4310","Washita",6567,"2021","08","OK"
"4311","Woods",4752,"2021","08","OK"
"4312","Woodward",10875,"2021","08","OK"
"4313","Adair",10489,"2021","09","OK"
"4314","Alfalfa",2886,"2021","09","OK"
"4315","Atoka",7523,"2021","09","OK"
"4316","Beaver",2897,"2021","09","OK"
"4317","Beckham",11386,"2021","09","OK"
"4318","Blaine",5222,"2021","09","OK"
"4319","Bryan",23652,"2021","09","OK"
"4320","Caddo",13807,"2021","09","OK"
"4321","Canadian",88874,"2021","09","OK"
"4322","Carter",29698,"2021","09","OK"
"4323","Cherokee",25418,"2021","09","OK"
"4324","Choctaw",8564,"2021","09","OK"
"4325","Cimarron",1441,"2021","09","OK"
"4326","Cleveland",166761,"2021","09","OK"
"4327","Coal",3636,"2021","09","OK"
"4328","Comanche",57497,"2021","09","OK"
"4329","Cotton",3625,"2021","09","OK"
"4330","Craig",7997,"2021","09","OK"
"4331","Creek",41079,"2021","09","OK"
"4332","Custer",15385,"2021","09","OK"
"4333","Delaware",24204,"2021","09","OK"
"4334","Dewey",3014,"2021","09","OK"
"4335","Ellis",2461,"2021","09","OK"
"4336","Garfield",31566,"2021","09","OK"
"4337","Garvin",15612,"2021","09","OK"
"4338","Grady",33039,"2021","09","OK"
"4339","Grant",2847,"2021","09","OK"
"4340","Greer",2835,"2021","09","OK"
"4341","Harmon",1373,"2021","09","OK"
"4342","Harper",1873,"2021","09","OK"
"4343","Haskell",6767,"2021","09","OK"
"4344","Hughes",6810,"2021","09","OK"
"4345","Jackson",12066,"2021","09","OK"
"4346","Jefferson",3402,"2021","09","OK"
"4347","Johnston",5906,"2021","09","OK"
"4348","Kay",24465,"2021","09","OK"
"4349","Kingfisher",8388,"2021","09","OK"
"4350","Kiowa",4785,"2021","09","OK"
"4351","Latimer",5857,"2021","09","OK"
"4352","LeFlore",27247,"2021","09","OK"
"4353","Lincoln",20025,"2021","09","OK"
"4354","Logan",29227,"2021","09","OK"
"4355","Love",6259,"2021","09","OK"
"4356","Major",4316,"2021","09","OK"
"4357","Marshall",8745,"2021","09","OK"
"4358","Mayes",22601,"2021","09","OK"
"4359","McClain",25662,"2021","09","OK"
"4360","McCurtain",16110,"2021","09","OK"
"4361","McIntosh",11859,"2021","09","OK"
"4362","Murray",7884,"2021","09","OK"
"4363","Muskogee",36594,"2021","09","OK"
"4364","Noble",6510,"2021","09","OK"
"4365","Nowata",5930,"2021","09","OK"
"4366","Okfuskee",5809,"2021","09","OK"
"4367","Oklahoma",427802,"2021","09","OK"
"4368","Okmulgee",20122,"2021","09","OK"
"4369","Osage",27589,"2021","09","OK"
"4370","Ottawa",17395,"2021","09","OK"
"4371","Pawnee",9042,"2021","09","OK"
"4372","Payne",41432,"2021","09","OK"
"4373","Pittsburg",26169,"2021","09","OK"
"4374","Pontotoc",21579,"2021","09","OK"
"4375","Pottawatomie",39495,"2021","09","OK"
"4376","Pushmataha",6694,"2021","09","OK"
"4377","Roger Mills",2322,"2021","09","OK"
"4378","Rogers",58642,"2021","09","OK"
"4379","Seminole",12001,"2021","09","OK"
"4380","Sequoyah",22472,"2021","09","OK"
"4381","Stephens",26683,"2021","09","OK"
"4382","Texas",8439,"2021","09","OK"
"4383","Tillman",3937,"2021","09","OK"
"4384","Tulsa",364228,"2021","09","OK"
"4385","Wagoner",46370,"2021","09","OK"
"4386","Washington",33041,"2021","09","OK"
"4387","Washita",6569,"2021","09","OK"
"4388","Woods",4771,"2021","09","OK"
"4389","Woodward",10897,"2021","09","OK"
"4390","Adair",10508,"2021","10","OK"
"4391","Alfalfa",2895,"2021","10","OK"
"4392","Atoka",7542,"2021","10","OK"
"4393","Beaver",2899,"2021","10","OK"
"4394","Beckham",11397,"2021","10","OK"
"4395","Blaine",5225,"2021","10","OK"
"4396","Bryan",23908,"2021","10","OK"
"4397","Caddo",13782,"2021","10","OK"
"4398","Canadian",89206,"2021","10","OK"
"4399","Carter",29787,"2021","10","OK"
"4400","Cherokee",25491,"2021","10","OK"
"4401","Choctaw",8584,"2021","10","OK"
"4402","Cimarron",1441,"2021","10","OK"
"4403","Cleveland",167083,"2021","10","OK"
"4404","Coal",3633,"2021","10","OK"
"4405","Comanche",57528,"2021","10","OK"
"4406","Cotton",3627,"2021","10","OK"
"4407","Craig",8028,"2021","10","OK"
"4408","Creek",41155,"2021","10","OK"
"4409","Custer",15433,"2021","10","OK"
"4410","Delaware",24297,"2021","10","OK"
"4411","Dewey",3019,"2021","10","OK"
"4412","Ellis",2476,"2021","10","OK"
"4413","Garfield",31652,"2021","10","OK"
"4414","Garvin",15611,"2021","10","OK"
"4415","Grady",33150,"2021","10","OK"
"4416","Grant",2850,"2021","10","OK"
"4417","Greer",2837,"2021","10","OK"
"4418","Harmon",1376,"2021","10","OK"
"4419","Harper",1873,"2021","10","OK"
"4420","Haskell",6778,"2021","10","OK"
"4421","Hughes",6845,"2021","10","OK"
"4422","Jackson",12098,"2021","10","OK"
"4423","Jefferson",3415,"2021","10","OK"
"4424","Johnston",5911,"2021","10","OK"
"4425","Kay",24594,"2021","10","OK"
"4426","Kingfisher",8438,"2021","10","OK"
"4427","Kiowa",4801,"2021","10","OK"
"4428","Latimer",5865,"2021","10","OK"
"4429","LeFlore",27321,"2021","10","OK"
"4430","Lincoln",20039,"2021","10","OK"
"4431","Logan",29415,"2021","10","OK"
"4432","Love",6286,"2021","10","OK"
"4433","Major",4318,"2021","10","OK"
"4434","Marshall",8782,"2021","10","OK"
"4435","Mayes",22654,"2021","10","OK"
"4436","McClain",25786,"2021","10","OK"
"4437","McCurtain",16164,"2021","10","OK"
"4438","McIntosh",11907,"2021","10","OK"
"4439","Murray",7877,"2021","10","OK"
"4440","Muskogee",36526,"2021","10","OK"
"4441","Noble",6523,"2021","10","OK"
"4442","Nowata",5956,"2021","10","OK"
"4443","Okfuskee",5819,"2021","10","OK"
"4444","Oklahoma",430305,"2021","10","OK"
"4445","Okmulgee",20186,"2021","10","OK"
"4446","Osage",27697,"2021","10","OK"
"4447","Ottawa",17437,"2021","10","OK"
"4448","Pawnee",9029,"2021","10","OK"
"4449","Payne",41543,"2021","10","OK"
"4450","Pittsburg",26237,"2021","10","OK"
"4451","Pontotoc",21654,"2021","10","OK"
"4452","Pottawatomie",39555,"2021","10","OK"
"4453","Pushmataha",6723,"2021","10","OK"
"4454","Roger Mills",2320,"2021","10","OK"
"4455","Rogers",58888,"2021","10","OK"
"4456","Seminole",12027,"2021","10","OK"
"4457","Sequoyah",22569,"2021","10","OK"
"4458","Stephens",26732,"2021","10","OK"
"4459","Texas",8477,"2021","10","OK"
"4460","Tillman",3944,"2021","10","OK"
"4461","Tulsa",365419,"2021","10","OK"
"4462","Wagoner",46403,"2021","10","OK"
"4463","Washington",33109,"2021","10","OK"
"4464","Washita",6584,"2021","10","OK"
"4465","Woods",4793,"2021","10","OK"
"4466","Woodward",10919,"2021","10","OK"
"4467","Adair",10522,"2021","11","OK"
"4468","Alfalfa",2905,"2021","11","OK"
"4469","Atoka",7552,"2021","11","OK"
"4470","Beaver",2910,"2021","11","OK"
"4471","Beckham",11433,"2021","11","OK"
"4472","Blaine",5227,"2021","11","OK"
"4473","Bryan",23986,"2021","11","OK"
"4474","Caddo",13828,"2021","11","OK"
"4475","Canadian",89735,"2021","11","OK"
"4476","Carter",29851,"2021","11","OK"
"4477","Cherokee",25557,"2021","11","OK"
"4478","Choctaw",8605,"2021","11","OK"
"4479","Cimarron",1441,"2021","11","OK"
"4480","Cleveland",167518,"2021","11","OK"
"4481","Coal",3635,"2021","11","OK"
"4482","Comanche",57712,"2021","11","OK"
"4483","Cotton",3637,"2021","11","OK"
"4484","Craig",8037,"2021","11","OK"
"4485","Creek",41270,"2021","11","OK"
"4486","Custer",15469,"2021","11","OK"
"4487","Delaware",24398,"2021","11","OK"
"4488","Dewey",3016,"2021","11","OK"
"4489","Ellis",2481,"2021","11","OK"
"4490","Garfield",31720,"2021","11","OK"
"4491","Garvin",15662,"2021","11","OK"
"4492","Grady",33242,"2021","11","OK"
"4493","Grant",2859,"2021","11","OK"
"4494","Greer",2857,"2021","11","OK"
"4495","Harmon",1372,"2021","11","OK"
"4496","Harper",1890,"2021","11","OK"
"4497","Haskell",6784,"2021","11","OK"
"4498","Hughes",6872,"2021","11","OK"
"4499","Jackson",12133,"2021","11","OK"
"4500","Jefferson",3414,"2021","11","OK"
"4501","Johnston",5911,"2021","11","OK"
"4502","Kay",24675,"2021","11","OK"
"4503","Kingfisher",8449,"2021","11","OK"
"4504","Kiowa",4801,"2021","11","OK"
"4505","Latimer",5861,"2021","11","OK"
"4506","LeFlore",27397,"2021","11","OK"
"4507","Lincoln",20041,"2021","11","OK"
"4508","Logan",29546,"2021","11","OK"
"4509","Love",6304,"2021","11","OK"
"4510","Major",4330,"2021","11","OK"
"4511","Marshall",8805,"2021","11","OK"
"4512","Mayes",22771,"2021","11","OK"
"4513","McClain",25835,"2021","11","OK"
"4514","McCurtain",16186,"2021","11","OK"
"4515","McIntosh",11922,"2021","11","OK"
"4516","Murray",7883,"2021","11","OK"
"4517","Muskogee",36605,"2021","11","OK"
"4518","Noble",6525,"2021","11","OK"
"4519","Nowata",5961,"2021","11","OK"
"4520","Okfuskee",5802,"2021","11","OK"
"4521","Oklahoma",430988,"2021","11","OK"
"4522","Okmulgee",20232,"2021","11","OK"
"4523","Osage",27745,"2021","11","OK"
"4524","Ottawa",17502,"2021","11","OK"
"4525","Pawnee",9039,"2021","11","OK"
"4526","Payne",41626,"2021","11","OK"
"4527","Pittsburg",26298,"2021","11","OK"
"4528","Pontotoc",21754,"2021","11","OK"
"4529","Pottawatomie",39586,"2021","11","OK"
"4530","Pushmataha",6730,"2021","11","OK"
"4531","Roger Mills",2322,"2021","11","OK"
"4532","Rogers",59052,"2021","11","OK"
"4533","Seminole",12059,"2021","11","OK"
"4534","Sequoyah",22656,"2021","11","OK"
"4535","Stephens",26799,"2021","11","OK"
"4536","Texas",8522,"2021","11","OK"
"4537","Tillman",3949,"2021","11","OK"
"4538","Tulsa",366036,"2021","11","OK"
"4539","Wagoner",46634,"2021","11","OK"
"4540","Washington",33181,"2021","11","OK"
"4541","Washita",6581,"2021","11","OK"
"4542","Woods",4786,"2021","11","OK"
"4543","Woodward",10947,"2021","11","OK"
"4544","Adair",10531,"2021","12","OK"
"4545","Alfalfa",2908,"2021","12","OK"
"4546","Atoka",7580,"2021","12","OK"
"4547","Beaver",2921,"2021","12","OK"
"4548","Beckham",11459,"2021","12","OK"
"4549","Blaine",5233,"2021","12","OK"
"4550","Bryan",24138,"2021","12","OK"
"4551","Caddo",13863,"2021","12","OK"
"4552","Canadian",90120,"2021","12","OK"
"4553","Carter",29937,"2021","12","OK"
"4554","Cherokee",25637,"2021","12","OK"
"4555","Choctaw",8630,"2021","12","OK"
"4556","Cimarron",1444,"2021","12","OK"
"4557","Cleveland",168012,"2021","12","OK"
"4558","Coal",3634,"2021","12","OK"
"4559","Comanche",58028,"2021","12","OK"
"4560","Cotton",3650,"2021","12","OK"
"4561","Craig",8056,"2021","12","OK"
"4562","Creek",41400,"2021","12","OK"
"4563","Custer",15495,"2021","12","OK"
"4564","Delaware",24524,"2021","12","OK"
"4565","Dewey",3023,"2021","12","OK"
"4566","Ellis",2481,"2021","12","OK"
"4567","Garfield",31782,"2021","12","OK"
"4568","Garvin",15703,"2021","12","OK"
"4569","Grady",33298,"2021","12","OK"
"4570","Grant",2866,"2021","12","OK"
"4571","Greer",2866,"2021","12","OK"
"4572","Harmon",1375,"2021","12","OK"
"4573","Harper",1902,"2021","12","OK"
"4574","Haskell",6787,"2021","12","OK"
"4575","Hughes",6883,"2021","12","OK"
"4576","Jackson",12148,"2021","12","OK"
"4577","Jefferson",3427,"2021","12","OK"
"4578","Johnston",5923,"2021","12","OK"
"4579","Kay",24767,"2021","12","OK"
"4580","Kingfisher",8463,"2021","12","OK"
"4581","Kiowa",4807,"2021","12","OK"
"4582","Latimer",5876,"2021","12","OK"
"4583","LeFlore",27467,"2021","12","OK"
"4584","Lincoln",20071,"2021","12","OK"
"4585","Logan",29627,"2021","12","OK"
"4586","Love",6338,"2021","12","OK"
"4587","Major",4347,"2021","12","OK"
"4588","Marshall",8825,"2021","12","OK"
"4589","Mayes",22784,"2021","12","OK"
"4590","McClain",25902,"2021","12","OK"
"4591","McCurtain",16226,"2021","12","OK"
"4592","McIntosh",11955,"2021","12","OK"
"4593","Murray",7896,"2021","12","OK"
"4594","Muskogee",36532,"2021","12","OK"
"4595","Noble",6553,"2021","12","OK"
"4596","Nowata",5987,"2021","12","OK"
"4597","Okfuskee",5848,"2021","12","OK"
"4598","Oklahoma",432356,"2021","12","OK"
"4599","Okmulgee",20319,"2021","12","OK"
"4600","Osage",27846,"2021","12","OK"
"4601","Ottawa",17562,"2021","12","OK"
"4602","Pawnee",9038,"2021","12","OK"
"4603","Payne",41656,"2021","12","OK"
"4604","Pittsburg",26346,"2021","12","OK"
"4605","Pontotoc",21820,"2021","12","OK"
"4606","Pottawatomie",39634,"2021","12","OK"
"4607","Pushmataha",6735,"2021","12","OK"
"4608","Roger Mills",2329,"2021","12","OK"
"4609","Rogers",59262,"2021","12","OK"
"4610","Seminole",12091,"2021","12","OK"
"4611","Sequoyah",22730,"2021","12","OK"
"4612","Stephens",26824,"2021","12","OK"
"4613","Texas",8560,"2021","12","OK"
"4614","Tillman",3951,"2021","12","OK"
"4615","Tulsa",367274,"2021","12","OK"
"4616","Wagoner",46731,"2021","12","OK"
"4617","Washington",33310,"2021","12","OK"
"4618","Washita",6611,"2021","12","OK"
"4619","Woods",4797,"2021","12","OK"
"4620","Woodward",10964,"2021","12","OK"
"4621","Adair",10557,"2022","01","OK"
"4622","Alfalfa",2916,"2022","01","OK"
"4623","Atoka",7593,"2022","01","OK"
"4624","Beaver",2937,"2022","01","OK"
"4625","Beckham",11465,"2022","01","OK"
"4626","Blaine",5264,"2022","01","OK"
"4627","Bryan",24249,"2022","01","OK"
"4628","Caddo",13850,"2022","01","OK"
"4629","Canadian",90187,"2022","01","OK"
"4630","Carter",30026,"2022","01","OK"
"4631","Cherokee",25666,"2022","01","OK"
"4632","Choctaw",8636,"2022","01","OK"
"4633","Cimarron",1443,"2022","01","OK"
"4634","Cleveland",168124,"2022","01","OK"
"4635","Coal",3640,"2022","01","OK"
"4636","Comanche",58227,"2022","01","OK"
"4637","Cotton",3657,"2022","01","OK"
"4638","Craig",8064,"2022","01","OK"
"4639","Creek",41413,"2022","01","OK"
"4640","Custer",15500,"2022","01","OK"
"4641","Delaware",24617,"2022","01","OK"
"4642","Dewey",3022,"2022","01","OK"
"4643","Ellis",2482,"2022","01","OK"
"4644","Garfield",31830,"2022","01","OK"
"4645","Garvin",15738,"2022","01","OK"
"4646","Grady",33333,"2022","01","OK"
"4647","Grant",2863,"2022","01","OK"
"4648","Greer",2861,"2022","01","OK"
"4649","Harmon",1378,"2022","01","OK"
"4650","Harper",1904,"2022","01","OK"
"4651","Haskell",6794,"2022","01","OK"
"4652","Hughes",6893,"2022","01","OK"
"4653","Jackson",12179,"2022","01","OK"
"4654","Jefferson",3431,"2022","01","OK"
"4655","Johnston",5914,"2022","01","OK"
"4656","Kay",24809,"2022","01","OK"
"4657","Kingfisher",8478,"2022","01","OK"
"4658","Kiowa",4805,"2022","01","OK"
"4659","Latimer",5875,"2022","01","OK"
"4660","LeFlore",27539,"2022","01","OK"
"4661","Lincoln",20083,"2022","01","OK"
"4662","Logan",29657,"2022","01","OK"
"4663","Love",6344,"2022","01","OK"
"4664","Major",4337,"2022","01","OK"
"4665","Marshall",8868,"2022","01","OK"
"4666","Mayes",22821,"2022","01","OK"
"4667","McClain",25956,"2022","01","OK"
"4668","McCurtain",16245,"2022","01","OK"
"4669","McIntosh",11984,"2022","01","OK"
"4670","Murray",7885,"2022","01","OK"
"4671","Muskogee",36731,"2022","01","OK"
"4672","Noble",6561,"2022","01","OK"
"4673","Nowata",5994,"2022","01","OK"
"4674","Okfuskee",5847,"2022","01","OK"
"4675","Oklahoma",432648,"2022","01","OK"
"4676","Okmulgee",20348,"2022","01","OK"
"4677","Osage",27876,"2022","01","OK"
"4678","Ottawa",17587,"2022","01","OK"
"4679","Pawnee",9048,"2022","01","OK"
"4680","Payne",41757,"2022","01","OK"
"4681","Pittsburg",26355,"2022","01","OK"
"4682","Pontotoc",21826,"2022","01","OK"
"4683","Pottawatomie",39697,"2022","01","OK"
"4684","Pushmataha",6729,"2022","01","OK"
"4685","Roger Mills",2329,"2022","01","OK"
"4686","Rogers",59406,"2022","01","OK"
"4687","Seminole",12151,"2022","01","OK"
"4688","Sequoyah",22805,"2022","01","OK"
"4689","Stephens",26857,"2022","01","OK"
"4690","Texas",8601,"2022","01","OK"
"4691","Tillman",3953,"2022","01","OK"
"4692","Tulsa",367720,"2022","01","OK"
"4693","Wagoner",46777,"2022","01","OK"
"4694","Washington",33358,"2022","01","OK"
"4695","Washita",6629,"2022","01","OK"
"4696","Woods",4796,"2022","01","OK"
"4697","Woodward",10977,"2022","01","OK"
"4698","Adair",10563,"2022","02","OK"
"4699","Alfalfa",2914,"2022","02","OK"
"4700","Atoka",7600,"2022","02","OK"
"4701","Beaver",2944,"2022","02","OK"
"4702","Beckham",11471,"2022","02","OK"
"4703","Blaine",5270,"2022","02","OK"
"4704","Bryan",24353,"2022","02","OK"
"4705","Caddo",13910,"2022","02","OK"
"4706","Canadian",90602,"2022","02","OK"
"4707","Carter",30087,"2022","02","OK"
"4708","Cherokee",25733,"2022","02","OK"
"4709","Choctaw",8666,"2022","02","OK"
"4710","Cimarron",1444,"2022","02","OK"
"4711","Cleveland",168504,"2022","02","OK"
"4712","Coal",3650,"2022","02","OK"
"4713","Comanche",58236,"2022","02","OK"
"4714","Cotton",3643,"2022","02","OK"
"4715","Craig",8068,"2022","02","OK"
"4716","Creek",41516,"2022","02","OK"
"4717","Custer",15528,"2022","02","OK"
"4718","Delaware",24732,"2022","02","OK"
"4719","Dewey",3025,"2022","02","OK"
"4720","Ellis",2488,"2022","02","OK"
"4721","Garfield",31869,"2022","02","OK"
"4722","Garvin",15737,"2022","02","OK"
"4723","Grady",33436,"2022","02","OK"
"4724","Grant",2872,"2022","02","OK"
"4725","Greer",2860,"2022","02","OK"
"4726","Harmon",1379,"2022","02","OK"
"4727","Harper",1898,"2022","02","OK"
"4728","Haskell",6799,"2022","02","OK"
"4729","Hughes",6917,"2022","02","OK"
"4730","Jackson",12210,"2022","02","OK"
"4731","Jefferson",3441,"2022","02","OK"
"4732","Johnston",5926,"2022","02","OK"
"4733","Kay",24849,"2022","02","OK"
"4734","Kingfisher",8493,"2022","02","OK"
"4735","Kiowa",4802,"2022","02","OK"
"4736","Latimer",5906,"2022","02","OK"
"4737","LeFlore",27584,"2022","02","OK"
"4738","Lincoln",20126,"2022","02","OK"
"4739","Logan",29794,"2022","02","OK"
"4740","Love",6376,"2022","02","OK"
"4741","Major",4335,"2022","02","OK"
"4742","Marshall",8888,"2022","02","OK"
"4743","Mayes",22952,"2022","02","OK"
"4744","McClain",26097,"2022","02","OK"
"4745","McCurtain",16284,"2022","02","OK"
"4746","McIntosh",12019,"2022","02","OK"
"4747","Murray",7892,"2022","02","OK"
"4748","Muskogee",36879,"2022","02","OK"
"4749","Noble",6579,"2022","02","OK"
"4750","Nowata",6006,"2022","02","OK"
"4751","Okfuskee",5891,"2022","02","OK"
"4752","Oklahoma",434050,"2022","02","OK"
"4753","Okmulgee",20392,"2022","02","OK"
"4754","Osage",27908,"2022","02","OK"
"4755","Ottawa",17611,"2022","02","OK"
"4756","Pawnee",9044,"2022","02","OK"
"4757","Payne",41963,"2022","02","OK"
"4758","Pittsburg",26422,"2022","02","OK"
"4759","Pontotoc",21890,"2022","02","OK"
"4760","Pottawatomie",39774,"2022","02","OK"
"4761","Pushmataha",6732,"2022","02","OK"
"4762","Roger Mills",2334,"2022","02","OK"
"4763","Rogers",59556,"2022","02","OK"
"4764","Seminole",12168,"2022","02","OK"
"4765","Sequoyah",22890,"2022","02","OK"
"4766","Stephens",26889,"2022","02","OK"
"4767","Texas",8578,"2022","02","OK"
"4768","Tillman",3952,"2022","02","OK"
"4769","Tulsa",368674,"2022","02","OK"
"4770","Wagoner",46944,"2022","02","OK"
"4771","Washington",33390,"2022","02","OK"
"4772","Washita",6655,"2022","02","OK"
"4773","Woods",4792,"2022","02","OK"
"4774","Woodward",11002,"2022","02","OK"
"4775","Adair",10631,"2022","03","OK"
"4776","Alfalfa",2919,"2022","03","OK"
"4777","Atoka",7603,"2022","03","OK"
"4778","Beaver",2960,"2022","03","OK"
"4779","Beckham",11481,"2022","03","OK"
"4780","Blaine",5277,"2022","03","OK"
"4781","Bryan",24458,"2022","03","OK"
"4782","Caddo",13925,"2022","03","OK"
"4783","Canadian",90778,"2022","03","OK"
"4784","Carter",30167,"2022","03","OK"
"4785","Cherokee",25752,"2022","03","OK"
"4786","Choctaw",8696,"2022","03","OK"
"4787","Cimarron",1441,"2022","03","OK"
"4788","Cleveland",168743,"2022","03","OK"
"4789","Coal",3722,"2022","03","OK"
"4790","Comanche",58504,"2022","03","OK"
"4791","Cotton",3673,"2022","03","OK"
"4792","Craig",8105,"2022","03","OK"
"4793","Creek",41543,"2022","03","OK"
"4794","Custer",15551,"2022","03","OK"
"4795","Delaware",24895,"2022","03","OK"
"4796","Dewey",3035,"2022","03","OK"
"4797","Ellis",2490,"2022","03","OK"
"4798","Garfield",31946,"2022","03","OK"
"4799","Garvin",15753,"2022","03","OK"
"4800","Grady",33475,"2022","03","OK"
"4801","Grant",2877,"2022","03","OK"
"4802","Greer",2876,"2022","03","OK"
"4803","Harmon",1377,"2022","03","OK"
"4804","Harper",1901,"2022","03","OK"
"4805","Haskell",6801,"2022","03","OK"
"4806","Hughes",6919,"2022","03","OK"
"4807","Jackson",12266,"2022","03","OK"
"4808","Jefferson",3446,"2022","03","OK"
"4809","Johnston",5937,"2022","03","OK"
"4810","Kay",24919,"2022","03","OK"
"4811","Kingfisher",8494,"2022","03","OK"
"4812","Kiowa",4818,"2022","03","OK"
"4813","Latimer",5919,"2022","03","OK"
"4814","LeFlore",27650,"2022","03","OK"
"4815","Lincoln",20185,"2022","03","OK"
"4816","Logan",29840,"2022","03","OK"
"4817","Love",6399,"2022","03","OK"
"4818","Major",4341,"2022","03","OK"
"4819","Marshall",8914,"2022","03","OK"
"4820","Mayes",22965,"2022","03","OK"
"4821","McClain",26126,"2022","03","OK"
"4822","McCurtain",16330,"2022","03","OK"
"4823","McIntosh",12064,"2022","03","OK"
"4824","Murray",7892,"2022","03","OK"
"4825","Muskogee",36951,"2022","03","OK"
"4826","Noble",6592,"2022","03","OK"
"4827","Nowata",5997,"2022","03","OK"
"4828","Okfuskee",5886,"2022","03","OK"
"4829","Oklahoma",434758,"2022","03","OK"
"4830","Okmulgee",20412,"2022","03","OK"
"4831","Osage",27933,"2022","03","OK"
"4832","Ottawa",17655,"2022","03","OK"
"4833","Pawnee",9058,"2022","03","OK"
"4834","Payne",41959,"2022","03","OK"
"4835","Pittsburg",26491,"2022","03","OK"
"4836","Pontotoc",21910,"2022","03","OK"
"4837","Pottawatomie",39906,"2022","03","OK"
"4838","Pushmataha",6753,"2022","03","OK"
"4839","Roger Mills",2333,"2022","03","OK"
"4840","Rogers",59673,"2022","03","OK"
"4841","Seminole",12212,"2022","03","OK"
"4842","Sequoyah",22949,"2022","03","OK"
"4843","Stephens",26921,"2022","03","OK"
"4844","Texas",8635,"2022","03","OK"
"4845","Tillman",3957,"2022","03","OK"
"4846","Tulsa",369137,"2022","03","OK"
"4847","Wagoner",46900,"2022","03","OK"
"4848","Washington",33438,"2022","03","OK"
"4849","Washita",6598,"2022","03","OK"
"4850","Woods",4783,"2022","03","OK"
"4851","Woodward",11012,"2022","03","OK"
"4852","Adair",10750,"2022","04","OK"
"4853","Alfalfa",2932,"2022","04","OK"
"4854","Atoka",7625,"2022","04","OK"
"4855","Beaver",2972,"2022","04","OK"
"4856","Beckham",11531,"2022","04","OK"
"4857","Blaine",5280,"2022","04","OK"
"4858","Bryan",24585,"2022","04","OK"
"4859","Caddo",13974,"2022","04","OK"
"4860","Canadian",91402,"2022","04","OK"
"4861","Carter",30340,"2022","04","OK"
"4862","Cherokee",25965,"2022","04","OK"
"4863","Choctaw",8728,"2022","04","OK"
"4864","Cimarron",1437,"2022","04","OK"
"4865","Cleveland",169369,"2022","04","OK"
"4866","Coal",3733,"2022","04","OK"
"4867","Comanche",58553,"2022","04","OK"
"4868","Cotton",3703,"2022","04","OK"
"4869","Craig",8119,"2022","04","OK"
"4870","Creek",41825,"2022","04","OK"
"4871","Custer",15573,"2022","04","OK"
"4872","Delaware",25068,"2022","04","OK"
"4873","Dewey",3033,"2022","04","OK"
"4874","Ellis",2494,"2022","04","OK"
"4875","Garfield",32092,"2022","04","OK"
"4876","Garvin",15852,"2022","04","OK"
"4877","Grady",33678,"2022","04","OK"
"4878","Grant",2880,"2022","04","OK"
"4879","Greer",2874,"2022","04","OK"
"4880","Harmon",1375,"2022","04","OK"
"4881","Harper",1913,"2022","04","OK"
"4882","Haskell",6831,"2022","04","OK"
"4883","Hughes",6942,"2022","04","OK"
"4884","Jackson",12323,"2022","04","OK"
"4885","Jefferson",3439,"2022","04","OK"
"4886","Johnston",5965,"2022","04","OK"
"4887","Kay",24992,"2022","04","OK"
"4888","Kingfisher",8504,"2022","04","OK"
"4889","Kiowa",4795,"2022","04","OK"
"4890","Latimer",5962,"2022","04","OK"
"4891","LeFlore",27792,"2022","04","OK"
"4892","Lincoln",20273,"2022","04","OK"
"4893","Logan",30070,"2022","04","OK"
"4894","Love",6426,"2022","04","OK"
"4895","Major",4364,"2022","04","OK"
"4896","Marshall",8957,"2022","04","OK"
"4897","Mayes",23138,"2022","04","OK"
"4898","McClain",26303,"2022","04","OK"
"4899","McCurtain",16413,"2022","04","OK"
"4900","McIntosh",12125,"2022","04","OK"
"4901","Murray",7930,"2022","04","OK"
"4902","Muskogee",37097,"2022","04","OK"
"4903","Noble",6623,"2022","04","OK"
"4904","Nowata",6041,"2022","04","OK"
"4905","Okfuskee",5909,"2022","04","OK"
"4906","Oklahoma",435021,"2022","04","OK"
"4907","Okmulgee",20546,"2022","04","OK"
"4908","Osage",28086,"2022","04","OK"
"4909","Ottawa",17714,"2022","04","OK"
"4910","Pawnee",9331,"2022","04","OK"
"4911","Payne",42246,"2022","04","OK"
"4912","Pittsburg",26587,"2022","04","OK"
"4913","Pontotoc",22055,"2022","04","OK"
"4914","Pottawatomie",39823,"2022","04","OK"
"4915","Pushmataha",6750,"2022","04","OK"
"4916","Roger Mills",2355,"2022","04","OK"
"4917","Rogers",59996,"2022","04","OK"
"4918","Seminole",12244,"2022","04","OK"
"4919","Sequoyah",23024,"2022","04","OK"
"4920","Stephens",27050,"2022","04","OK"
"4921","Texas",8675,"2022","04","OK"
"4922","Tillman",3968,"2022","04","OK"
"4923","Tulsa",370547,"2022","04","OK"
"4924","Wagoner",47161,"2022","04","OK"
"4925","Washington",33636,"2022","04","OK"
"4926","Washita",6643,"2022","04","OK"
"4927","Woods",4821,"2022","04","OK"
"4928","Woodward",11057,"2022","04","OK"
"4929","Adair",10811,"2022","05","OK"
"4930","Alfalfa",2947,"2022","05","OK"
"4931","Atoka",7652,"2022","05","OK"
"4932","Beaver",2985,"2022","05","OK"
"4933","Beckham",11565,"2022","05","OK"
"4934","Blaine",5296,"2022","05","OK"
"4935","Bryan",24728,"2022","05","OK"
"4936","Caddo",14029,"2022","05","OK"
"4937","Canadian",91881,"2022","05","OK"
"4938","Carter",30445,"2022","05","OK"
"4939","Cherokee",26100,"2022","05","OK"
"4940","Choctaw",8759,"2022","05","OK"
"4941","Cimarron",1441,"2022","05","OK"
"4942","Cleveland",169951,"2022","05","OK"
"4943","Coal",3750,"2022","05","OK"
"4944","Comanche",58842,"2022","05","OK"
"4945","Cotton",3714,"2022","05","OK"
"4946","Craig",8134,"2022","05","OK"
"4947","Creek",41980,"2022","05","OK"
"4948","Custer",15518,"2022","05","OK"
"4949","Delaware",25218,"2022","05","OK"
"4950","Dewey",3031,"2022","05","OK"
"4951","Ellis",2498,"2022","05","OK"
"4952","Garfield",32184,"2022","05","OK"
"4953","Garvin",15873,"2022","05","OK"
"4954","Grady",33731,"2022","05","OK"
"4955","Grant",2893,"2022","05","OK"
"4956","Greer",2887,"2022","05","OK"
"4957","Harmon",1383,"2022","05","OK"
"4958","Harper",1922,"2022","05","OK"
"4959","Haskell",6861,"2022","05","OK"
"4960","Hughes",6960,"2022","05","OK"
"4961","Jackson",12364,"2022","05","OK"
"4962","Jefferson",3444,"2022","05","OK"
"4963","Johnston",5985,"2022","05","OK"
"4964","Kay",25060,"2022","05","OK"
"4965","Kingfisher",8532,"2022","05","OK"
"4966","Kiowa",4832,"2022","05","OK"
"4967","Latimer",5969,"2022","05","OK"
"4968","LeFlore",27946,"2022","05","OK"
"4969","Lincoln",20319,"2022","05","OK"
"4970","Logan",30245,"2022","05","OK"
"4971","Love",6439,"2022","05","OK"
"4972","Major",4396,"2022","05","OK"
"4973","Marshall",8982,"2022","05","OK"
"4974","Mayes",23255,"2022","05","OK"
"4975","McClain",26414,"2022","05","OK"
"4976","McCurtain",16463,"2022","05","OK"
"4977","McIntosh",12170,"2022","05","OK"
"4978","Murray",7966,"2022","05","OK"
"4979","Muskogee",37235,"2022","05","OK"
"4980","Noble",6646,"2022","05","OK"
"4981","Nowata",6056,"2022","05","OK"
"4982","Okfuskee",5923,"2022","05","OK"
"4983","Oklahoma",438087,"2022","05","OK"
"4984","Okmulgee",20595,"2022","05","OK"
"4985","Osage",28089,"2022","05","OK"
"4986","Ottawa",17752,"2022","05","OK"
"4987","Pawnee",9337,"2022","05","OK"
"4988","Payne",42302,"2022","05","OK"
"4989","Pittsburg",26690,"2022","05","OK"
"4990","Pontotoc",22137,"2022","05","OK"
"4991","Pottawatomie",40188,"2022","05","OK"
"4992","Pushmataha",6782,"2022","05","OK"
"4993","Roger Mills",2359,"2022","05","OK"
"4994","Rogers",60191,"2022","05","OK"
"4995","Seminole",12275,"2022","05","OK"
"4996","Sequoyah",23146,"2022","05","OK"
"4997","Stephens",27123,"2022","05","OK"
"4998","Texas",8710,"2022","05","OK"
"4999","Tillman",3968,"2022","05","OK"
"5000","Tulsa",371602,"2022","05","OK"
"5001","Wagoner",47448,"2022","05","OK"
"5002","Washington",33723,"2022","05","OK"
"5003","Washita",6645,"2022","05","OK"
"5004","Woods",4825,"2022","05","OK"
"5005","Woodward",11077,"2022","05","OK"
"5006","Adair",10876,"2022","06","OK"
"5007","Alfalfa",2943,"2022","06","OK"
"5008","Atoka",7687,"2022","06","OK"
"5009","Beaver",3000,"2022","06","OK"
"5010","Beckham",11554,"2022","06","OK"
"5011","Blaine",5314,"2022","06","OK"
"5012","Bryan",24780,"2022","06","OK"
"5013","Caddo",14016,"2022","06","OK"
"5014","Canadian",91992,"2022","06","OK"
"5015","Carter",30458,"2022","06","OK"
"5016","Cherokee",26131,"2022","06","OK"
"5017","Choctaw",8788,"2022","06","OK"
"5018","Cimarron",1438,"2022","06","OK"
"5019","Cleveland",169987,"2022","06","OK"
"5020","Coal",3765,"2022","06","OK"
"5021","Comanche",58817,"2022","06","OK"
"5022","Cotton",3719,"2022","06","OK"
"5023","Craig",8153,"2022","06","OK"
"5024","Creek",41953,"2022","06","OK"
"5025","Custer",15603,"2022","06","OK"
"5026","Delaware",25214,"2022","06","OK"
"5027","Dewey",3043,"2022","06","OK"
"5028","Ellis",2511,"2022","06","OK"
"5029","Garfield",32311,"2022","06","OK"
"5030","Garvin",15871,"2022","06","OK"
"5031","Grady",33768,"2022","06","OK"
"5032","Grant",2896,"2022","06","OK"
"5033","Greer",2896,"2022","06","OK"
"5034","Harmon",1393,"2022","06","OK"
"5035","Harper",1927,"2022","06","OK"
"5036","Haskell",6849,"2022","06","OK"
"5037","Hughes",6969,"2022","06","OK"
"5038","Jackson",12437,"2022","06","OK"
"5039","Jefferson",3464,"2022","06","OK"
"5040","Johnston",5989,"2022","06","OK"
"5041","Kay",25193,"2022","06","OK"
"5042","Kingfisher",8523,"2022","06","OK"
"5043","Kiowa",4831,"2022","06","OK"
"5044","Latimer",5993,"2022","06","OK"
"5045","LeFlore",28020,"2022","06","OK"
"5046","Lincoln",20281,"2022","06","OK"
"5047","Logan",30229,"2022","06","OK"
"5048","Love",6432,"2022","06","OK"
"5049","Major",4415,"2022","06","OK"
"5050","Marshall",9063,"2022","06","OK"
"5051","Mayes",23369,"2022","06","OK"
"5052","McClain",26455,"2022","06","OK"
"5053","McCurtain",16460,"2022","06","OK"
"5054","McIntosh",12161,"2022","06","OK"
"5055","Murray",8021,"2022","06","OK"
"5056","Muskogee",37244,"2022","06","OK"
"5057","Noble",6630,"2022","06","OK"
"5058","Nowata",6048,"2022","06","OK"
"5059","Okfuskee",5935,"2022","06","OK"
"5060","Oklahoma",440029,"2022","06","OK"
"5061","Okmulgee",20604,"2022","06","OK"
"5062","Osage",28089,"2022","06","OK"
"5063","Ottawa",17885,"2022","06","OK"
"5064","Pawnee",9331,"2022","06","OK"
"5065","Payne",42366,"2022","06","OK"
"5066","Pittsburg",26706,"2022","06","OK"
"5067","Pontotoc",22206,"2022","06","OK"
"5068","Pottawatomie",40153,"2022","06","OK"
"5069","Pushmataha",6798,"2022","06","OK"
"5070","Roger Mills",2365,"2022","06","OK"
"5071","Rogers",60636,"2022","06","OK"
"5072","Seminole",12330,"2022","06","OK"
"5073","Sequoyah",23267,"2022","06","OK"
"5074","Stephens",27103,"2022","06","OK"
"5075","Texas",8729,"2022","06","OK"
"5076","Tillman",3965,"2022","06","OK"
"5077","Tulsa",372058,"2022","06","OK"
"5078","Wagoner",47308,"2022","06","OK"
"5079","Washington",33743,"2022","06","OK"
"5080","Washita",6675,"2022","06","OK"
"5081","Woods",4825,"2022","06","OK"
"5082","Woodward",11117,"2022","06","OK"
"5083","Adair",10920,"2022","07","OK"
"5084","Alfalfa",2959,"2022","07","OK"
"5085","Atoka",7724,"2022","07","OK"
"5086","Beaver",3039,"2022","07","OK"
"5087","Beckham",11661,"2022","07","OK"
"5088","Blaine",5313,"2022","07","OK"
"5089","Bryan",25084,"2022","07","OK"
"5090","Caddo",14099,"2022","07","OK"
"5091","Canadian",93215,"2022","07","OK"
"5092","Carter",30684,"2022","07","OK"
"5093","Cherokee",26384,"2022","07","OK"
"5094","Choctaw",8798,"2022","07","OK"
"5095","Cimarron",1437,"2022","07","OK"
"5096","Cleveland",171171,"2022","07","OK"
"5097","Coal",3788,"2022","07","OK"
"5098","Comanche",59380,"2022","07","OK"
"5099","Cotton",3760,"2022","07","OK"
"5100","Craig",8212,"2022","07","OK"
"5101","Creek",42450,"2022","07","OK"
"5102","Custer",15707,"2022","07","OK"
"5103","Delaware",25501,"2022","07","OK"
"5104","Dewey",3042,"2022","07","OK"
"5105","Ellis",2519,"2022","07","OK"
"5106","Garfield",32456,"2022","07","OK"
"5107","Garvin",15960,"2022","07","OK"
"5108","Grady",34047,"2022","07","OK"
"5109","Grant",2897,"2022","07","OK"
"5110","Greer",2905,"2022","07","OK"
"5111","Harmon",1397,"2022","07","OK"
"5112","Harper",1935,"2022","07","OK"
"5113","Haskell",6886,"2022","07","OK"
"5114","Hughes",7022,"2022","07","OK"
"5115","Jackson",12509,"2022","07","OK"
"5116","Jefferson",3463,"2022","07","OK"
"5117","Johnston",6008,"2022","07","OK"
"5118","Kay",25279,"2022","07","OK"
"5119","Kingfisher",8609,"2022","07","OK"
"5120","Kiowa",4858,"2022","07","OK"
"5121","Latimer",6022,"2022","07","OK"
"5122","LeFlore",28164,"2022","07","OK"
"5123","Lincoln",20565,"2022","07","OK"
"5124","Logan",30526,"2022","07","OK"
"5125","Love",6473,"2022","07","OK"
"5126","Major",4420,"2022","07","OK"
"5127","Marshall",9088,"2022","07","OK"
"5128","Mayes",23488,"2022","07","OK"
"5129","McClain",26712,"2022","07","OK"
"5130","McCurtain",16584,"2022","07","OK"
"5131","McIntosh",12292,"2022","07","OK"
"5132","Murray",8054,"2022","07","OK"
"5133","Muskogee",37408,"2022","07","OK"
"5134","Noble",6683,"2022","07","OK"
"5135","Nowata",6095,"2022","07","OK"
"5136","Okfuskee",5956,"2022","07","OK"
"5137","Oklahoma",441511,"2022","07","OK"
"5138","Okmulgee",20799,"2022","07","OK"
"5139","Osage",28358,"2022","07","OK"
"5140","Ottawa",17882,"2022","07","OK"
"5141","Pawnee",9347,"2022","07","OK"
"5142","Payne",42840,"2022","07","OK"
"5143","Pittsburg",26872,"2022","07","OK"
"5144","Pontotoc",22289,"2022","07","OK"
"5145","Pottawatomie",40407,"2022","07","OK"
"5146","Pushmataha",6805,"2022","07","OK"
"5147","Roger Mills",2369,"2022","07","OK"
"5148","Rogers",60846,"2022","07","OK"
"5149","Seminole",12408,"2022","07","OK"
"5150","Sequoyah",23317,"2022","07","OK"
"5151","Stephens",27277,"2022","07","OK"
"5152","Texas",8752,"2022","07","OK"
"5153","Tillman",3983,"2022","07","OK"
"5154","Tulsa",374538,"2022","07","OK"
"5155","Wagoner",48081,"2022","07","OK"
"5156","Washington",34072,"2022","07","OK"
"5157","Washita",6698,"2022","07","OK"
"5158","Woods",4886,"2022","07","OK"
"5159","Woodward",11114,"2022","07","OK"
"5160","Adair",10962,"2022","08","OK"
"5161","Alfalfa",2965,"2022","08","OK"
"5162","Atoka",7753,"2022","08","OK"
"5163","Beaver",3044,"2022","08","OK"
"5164","Beckham",11712,"2022","08","OK"
"5165","Blaine",5347,"2022","08","OK"
"5166","Bryan",25279,"2022","08","OK"
"5167","Caddo",14107,"2022","08","OK"
"5168","Canadian",93341,"2022","08","OK"
"5169","Carter",30804,"2022","08","OK"
"5170","Cherokee",26485,"2022","08","OK"
"5171","Choctaw",8832,"2022","08","OK"
"5172","Cimarron",1437,"2022","08","OK"
"5173","Cleveland",172114,"2022","08","OK"
"5174","Coal",3804,"2022","08","OK"
"5175","Comanche",59645,"2022","08","OK"
"5176","Cotton",3781,"2022","08","OK"
"5177","Craig",8259,"2022","08","OK"
"5178","Creek",42549,"2022","08","OK"
"5179","Custer",15647,"2022","08","OK"
"5180","Delaware",25524,"2022","08","OK"
"5181","Dewey",3042,"2022","08","OK"
"5182","Ellis",2522,"2022","08","OK"
"5183","Garfield",32645,"2022","08","OK"
"5184","Garvin",15919,"2022","08","OK"
"5185","Grady",34245,"2022","08","OK"
"5186","Grant",2912,"2022","08","OK"
"5187","Greer",2914,"2022","08","OK"
"5188","Harmon",1403,"2022","08","OK"
"5189","Harper",1944,"2022","08","OK"
"5190","Haskell",6907,"2022","08","OK"
"5191","Hughes",7061,"2022","08","OK"
"5192","Jackson",12547,"2022","08","OK"
"5193","Jefferson",3469,"2022","08","OK"
"5194","Johnston",6012,"2022","08","OK"
"5195","Kay",25444,"2022","08","OK"
"5196","Kingfisher",8589,"2022","08","OK"
"5197","Kiowa",4866,"2022","08","OK"
"5198","Latimer",6050,"2022","08","OK"
"5199","LeFlore",28287,"2022","08","OK"
"5200","Lincoln",20605,"2022","08","OK"
"5201","Logan",30810,"2022","08","OK"
"5202","Love",6459,"2022","08","OK"
"5203","Major",4431,"2022","08","OK"
"5204","Marshall",9144,"2022","08","OK"
"5205","Mayes",23593,"2022","08","OK"
"5206","McClain",26827,"2022","08","OK"
"5207","McCurtain",16581,"2022","08","OK"
"5208","McIntosh",12279,"2022","08","OK"
"5209","Murray",8110,"2022","08","OK"
"5210","Muskogee",37382,"2022","08","OK"
"5211","Noble",6717,"2022","08","OK"
"5212","Nowata",6116,"2022","08","OK"
"5213","Okfuskee",5986,"2022","08","OK"
"5214","Oklahoma",441076,"2022","08","OK"
"5215","Okmulgee",20834,"2022","08","OK"
"5216","Osage",28424,"2022","08","OK"
"5217","Ottawa",17892,"2022","08","OK"
"5218","Pawnee",9358,"2022","08","OK"
"5219","Payne",42731,"2022","08","OK"
"5220","Pittsburg",26892,"2022","08","OK"
"5221","Pontotoc",22237,"2022","08","OK"
"5222","Pottawatomie",40654,"2022","08","OK"
"5223","Pushmataha",6796,"2022","08","OK"
"5224","Roger Mills",2386,"2022","08","OK"
"5225","Rogers",61277,"2022","08","OK"
"5226","Seminole",12410,"2022","08","OK"
"5227","Sequoyah",23416,"2022","08","OK"
"5228","Stephens",27354,"2022","08","OK"
"5229","Texas",8820,"2022","08","OK"
"5230","Tillman",3991,"2022","08","OK"
"5231","Tulsa",375857,"2022","08","OK"
"5232","Wagoner",48120,"2022","08","OK"
"5233","Washington",34135,"2022","08","OK"
"5234","Washita",6692,"2022","08","OK"
"5235","Woods",4910,"2022","08","OK"
"5236","Woodward",11143,"2022","08","OK"
"5237","Adair",10976,"2022","09","OK"
"5238","Alfalfa",2977,"2022","09","OK"
"5239","Atoka",7795,"2022","09","OK"
"5240","Beaver",3068,"2022","09","OK"
"5241","Beckham",11744,"2022","09","OK"
"5242","Blaine",5372,"2022","09","OK"
"5243","Bryan",25460,"2022","09","OK"
"5244","Caddo",14146,"2022","09","OK"
"5245","Canadian",94447,"2022","09","OK"
"5246","Carter",30886,"2022","09","OK"
"5247","Cherokee",26657,"2022","09","OK"
"5248","Choctaw",8854,"2022","09","OK"
"5249","Cimarron",1438,"2022","09","OK"
"5250","Cleveland",172779,"2022","09","OK"
"5251","Coal",3822,"2022","09","OK"
"5252","Comanche",59826,"2022","09","OK"
"5253","Cotton",3784,"2022","09","OK"
"5254","Craig",8288,"2022","09","OK"
"5255","Creek",42693,"2022","09","OK"
"5256","Custer",15736,"2022","09","OK"
"5257","Delaware",25780,"2022","09","OK"
"5258","Dewey",3063,"2022","09","OK"
"5259","Ellis",2530,"2022","09","OK"
"5260","Garfield",32742,"2022","09","OK"
"5261","Garvin",16038,"2022","09","OK"
"5262","Grady",34371,"2022","09","OK"
"5263","Grant",2907,"2022","09","OK"
"5264","Greer",2923,"2022","09","OK"
"5265","Harmon",1399,"2022","09","OK"
"5266","Harper",1943,"2022","09","OK"
"5267","Haskell",6912,"2022","09","OK"
"5268","Hughes",7087,"2022","09","OK"
"5269","Jackson",12614,"2022","09","OK"
"5270","Jefferson",3472,"2022","09","OK"
"5271","Johnston",6014,"2022","09","OK"
"5272","Kay",25483,"2022","09","OK"
"5273","Kingfisher",8643,"2022","09","OK"
"5274","Kiowa",4884,"2022","09","OK"
"5275","Latimer",6065,"2022","09","OK"
"5276","LeFlore",28415,"2022","09","OK"
"5277","Lincoln",20680,"2022","09","OK"
"5278","Logan",30867,"2022","09","OK"
"5279","Love",6530,"2022","09","OK"
"5280","Major",4454,"2022","09","OK"
"5281","Marshall",9185,"2022","09","OK"
"5282","Mayes",23704,"2022","09","OK"
"5283","McClain",27040,"2022","09","OK"
"5284","McCurtain",16734,"2022","09","OK"
"5285","McIntosh",12383,"2022","09","OK"
"5286","Murray",8130,"2022","09","OK"
"5287","Muskogee",37743,"2022","09","OK"
"5288","Noble",6737,"2022","09","OK"
"5289","Nowata",6174,"2022","09","OK"
"5290","Okfuskee",6025,"2022","09","OK"
"5291","Oklahoma",445054,"2022","09","OK"
"5292","Okmulgee",20954,"2022","09","OK"
"5293","Osage",28517,"2022","09","OK"
"5294","Ottawa",18042,"2022","09","OK"
"5295","Pawnee",9485,"2022","09","OK"
"5296","Payne",43282,"2022","09","OK"
"5297","Pittsburg",27093,"2022","09","OK"
"5298","Pontotoc",22479,"2022","09","OK"
"5299","Pottawatomie",40798,"2022","09","OK"
"5300","Pushmataha",6842,"2022","09","OK"
"5301","Roger Mills",2386,"2022","09","OK"
"5302","Rogers",61369,"2022","09","OK"
"5303","Seminole",12512,"2022","09","OK"
"5304","Sequoyah",23519,"2022","09","OK"
"5305","Stephens",27454,"2022","09","OK"
"5306","Texas",8853,"2022","09","OK"
"5307","Tillman",3986,"2022","09","OK"
"5308","Tulsa",377653,"2022","09","OK"
"5309","Wagoner",48300,"2022","09","OK"
"5310","Washington",34270,"2022","09","OK"
"5311","Washita",6705,"2022","09","OK"
"5312","Woods",4922,"2022","09","OK"
"5313","Woodward",11157,"2022","09","OK"
"5314","Adair",11001,"2022","10","OK"
"5315","Alfalfa",2987,"2022","10","OK"
"5316","Atoka",7842,"2022","10","OK"
"5317","Beaver",3077,"2022","10","OK"
"5318","Beckham",11786,"2022","10","OK"
"5319","Blaine",5371,"2022","10","OK"
"5320","Bryan",25631,"2022","10","OK"
"5321","Caddo",14154,"2022","10","OK"
"5322","Canadian",94939,"2022","10","OK"
"5323","Carter",30984,"2022","10","OK"
"5324","Cherokee",26744,"2022","10","OK"
"5325","Choctaw",8891,"2022","10","OK"
"5326","Cimarron",1435,"2022","10","OK"
"5327","Cleveland",173535,"2022","10","OK"
"5328","Coal",3824,"2022","10","OK"
"5329","Comanche",60050,"2022","10","OK"
"5330","Cotton",3788,"2022","10","OK"
"5331","Craig",8314,"2022","10","OK"
"5332","Creek",42911,"2022","10","OK"
"5333","Custer",15801,"2022","10","OK"
"5334","Delaware",25875,"2022","10","OK"
"5335","Dewey",3068,"2022","10","OK"
"5336","Ellis",2531,"2022","10","OK"
"5337","Garfield",32837,"2022","10","OK"
"5338","Garvin",16126,"2022","10","OK"
"5339","Grady",34501,"2022","10","OK"
"5340","Grant",2913,"2022","10","OK"
"5341","Greer",2925,"2022","10","OK"
"5342","Harmon",1398,"2022","10","OK"
"5343","Harper",1944,"2022","10","OK"
"5344","Haskell",6933,"2022","10","OK"
"5345","Hughes",7131,"2022","10","OK"
"5346","Jackson",12625,"2022","10","OK"
"5347","Jefferson",3495,"2022","10","OK"
"5348","Johnston",6038,"2022","10","OK"
"5349","Kay",25519,"2022","10","OK"
"5350","Kingfisher",8698,"2022","10","OK"
"5351","Kiowa",4902,"2022","10","OK"
"5352","Latimer",6079,"2022","10","OK"
"5353","LeFlore",28509,"2022","10","OK"
"5354","Lincoln",20670,"2022","10","OK"
"5355","Logan",31120,"2022","10","OK"
"5356","Love",6548,"2022","10","OK"
"5357","Major",4461,"2022","10","OK"
"5358","Marshall",9279,"2022","10","OK"
"5359","Mayes",23764,"2022","10","OK"
"5360","McClain",27232,"2022","10","OK"
"5361","McCurtain",16791,"2022","10","OK"
"5362","McIntosh",12366,"2022","10","OK"
"5363","Murray",8160,"2022","10","OK"
"5364","Muskogee",37842,"2022","10","OK"
"5365","Noble",6755,"2022","10","OK"
"5366","Nowata",6201,"2022","10","OK"
"5367","Okfuskee",6061,"2022","10","OK"
"5368","Oklahoma",447014,"2022","10","OK"
"5369","Okmulgee",21047,"2022","10","OK"
"5370","Osage",28624,"2022","10","OK"
"5371","Ottawa",18099,"2022","10","OK"
"5372","Pawnee",9550,"2022","10","OK"
"5373","Payne",43575,"2022","10","OK"
"5374","Pittsburg",27170,"2022","10","OK"
"5375","Pontotoc",22476,"2022","10","OK"
"5376","Pottawatomie",41084,"2022","10","OK"
"5377","Pushmataha",6874,"2022","10","OK"
"5378","Roger Mills",2382,"2022","10","OK"
"5379","Rogers",61677,"2022","10","OK"
"5380","Seminole",12587,"2022","10","OK"
"5381","Sequoyah",23603,"2022","10","OK"
"5382","Stephens",27523,"2022","10","OK"
"5383","Texas",8893,"2022","10","OK"
"5384","Tillman",3996,"2022","10","OK"
"5385","Tulsa",379321,"2022","10","OK"
"5386","Wagoner",48810,"2022","10","OK"
"5387","Washington",34348,"2022","10","OK"
"5388","Washita",6745,"2022","10","OK"
"5389","Woods",4957,"2022","10","OK"
"5390","Woodward",11189,"2022","10","OK"
"5391","Adair",11041,"2022","11","OK"
"5392","Alfalfa",2997,"2022","11","OK"
"5393","Atoka",7880,"2022","11","OK"
"5394","Beaver",3084,"2022","11","OK"
"5395","Beckham",11855,"2022","11","OK"
"5396","Blaine",5410,"2022","11","OK"
"5397","Bryan",25711,"2022","11","OK"
"5398","Caddo",14223,"2022","11","OK"
"5399","Canadian",95725,"2022","11","OK"
"5400","Carter",31118,"2022","11","OK"
"5401","Cherokee",26870,"2022","11","OK"
"5402","Choctaw",8928,"2022","11","OK"
"5403","Cimarron",1437,"2022","11","OK"
"5404","Cleveland",174381,"2022","11","OK"
"5405","Coal",3846,"2022","11","OK"
"5406","Comanche",60389,"2022","11","OK"
"5407","Cotton",3791,"2022","11","OK"
"5408","Craig",8345,"2022","11","OK"
"5409","Creek",43059,"2022","11","OK"
"5410","Custer",15798,"2022","11","OK"
"5411","Delaware",26051,"2022","11","OK"
"5412","Dewey",3085,"2022","11","OK"
"5413","Ellis",2548,"2022","11","OK"
"5414","Garfield",33052,"2022","11","OK"
"5415","Garvin",16239,"2022","11","OK"
"5416","Grady",34590,"2022","11","OK"
"5417","Grant",2914,"2022","11","OK"
"5418","Greer",2937,"2022","11","OK"
"5419","Harmon",1402,"2022","11","OK"
"5420","Harper",1953,"2022","11","OK"
"5421","Haskell",6955,"2022","11","OK"
"5422","Hughes",7121,"2022","11","OK"
"5423","Jackson",12704,"2022","11","OK"
"5424","Jefferson",3510,"2022","11","OK"
"5425","Johnston",6057,"2022","11","OK"
"5426","Kay",25615,"2022","11","OK"
"5427","Kingfisher",8752,"2022","11","OK"
"5428","Kiowa",4922,"2022","11","OK"
"5429","Latimer",6118,"2022","11","OK"
"5430","LeFlore",28647,"2022","11","OK"
"5431","Lincoln",20833,"2022","11","OK"
"5432","Logan",31425,"2022","11","OK"
"5433","Love",6568,"2022","11","OK"
"5434","Major",4483,"2022","11","OK"
"5435","Marshall",9372,"2022","11","OK"
"5436","Mayes",23971,"2022","11","OK"
"5437","McClain",27415,"2022","11","OK"
"5438","McCurtain",16843,"2022","11","OK"
"5439","McIntosh",12455,"2022","11","OK"
"5440","Murray",8197,"2022","11","OK"
"5441","Muskogee",37991,"2022","11","OK"
"5442","Noble",6781,"2022","11","OK"
"5443","Nowata",6253,"2022","11","OK"
"5444","Okfuskee",6027,"2022","11","OK"
"5445","Oklahoma",449060,"2022","11","OK"
"5446","Okmulgee",21166,"2022","11","OK"
"5447","Osage",28798,"2022","11","OK"
"5448","Ottawa",18153,"2022","11","OK"
"5449","Pawnee",9562,"2022","11","OK"
"5450","Payne",43707,"2022","11","OK"
"5451","Pittsburg",27314,"2022","11","OK"
"5452","Pontotoc",22651,"2022","11","OK"
"5453","Pottawatomie",41292,"2022","11","OK"
"5454","Pushmataha",6902,"2022","11","OK"
"5455","Roger Mills",2381,"2022","11","OK"
"5456","Rogers",62136,"2022","11","OK"
"5457","Seminole",12661,"2022","11","OK"
"5458","Sequoyah",23730,"2022","11","OK"
"5459","Stephens",27655,"2022","11","OK"
"5460","Texas",8934,"2022","11","OK"
"5461","Tillman",4010,"2022","11","OK"
"5462","Tulsa",380398,"2022","11","OK"
"5463","Wagoner",48961,"2022","11","OK"
"5464","Washington",34540,"2022","11","OK"
"5465","Washita",6765,"2022","11","OK"
"5466","Woods",4968,"2022","11","OK"
"5467","Woodward",11238,"2022","11","OK"
"5468","Adair",11075,"2022","12","OK"
"5469","Alfalfa",3000,"2022","12","OK"
"5470","Atoka",7900,"2022","12","OK"
"5471","Beaver",3089,"2022","12","OK"
"5472","Beckham",11877,"2022","12","OK"
"5473","Blaine",5401,"2022","12","OK"
"5474","Bryan",25955,"2022","12","OK"
"5475","Caddo",14218,"2022","12","OK"
"5476","Canadian",95677,"2022","12","OK"
"5477","Carter",31195,"2022","12","OK"
"5478","Cherokee",26878,"2022","12","OK"
"5479","Choctaw",8948,"2022","12","OK"
"5480","Cimarron",1440,"2022","12","OK"
"5481","Cleveland",174653,"2022","12","OK"
"5482","Coal",3853,"2022","12","OK"
"5483","Comanche",60567,"2022","12","OK"
"5484","Cotton",3795,"2022","12","OK"
"5485","Craig",8365,"2022","12","OK"
"5486","Creek",43146,"2022","12","OK"
"5487","Custer",15737,"2022","12","OK"
"5488","Delaware",26107,"2022","12","OK"
"5489","Dewey",3093,"2022","12","OK"
"5490","Ellis",2547,"2022","12","OK"
"5491","Garfield",33035,"2022","12","OK"
"5492","Garvin",16255,"2022","12","OK"
"5493","Grady",34748,"2022","12","OK"
"5494","Grant",2917,"2022","12","OK"
"5495","Greer",2941,"2022","12","OK"
"5496","Harmon",1403,"2022","12","OK"
"5497","Harper",1955,"2022","12","OK"
"5498","Haskell",6964,"2022","12","OK"
"5499","Hughes",7140,"2022","12","OK"
"5500","Jackson",12720,"2022","12","OK"
"5501","Jefferson",3522,"2022","12","OK"
"5502","Johnston",6060,"2022","12","OK"
"5503","Kay",25663,"2022","12","OK"
"5504","Kingfisher",8769,"2022","12","OK"
"5505","Kiowa",4904,"2022","12","OK"
"5506","Latimer",6128,"2022","12","OK"
"5507","LeFlore",28671,"2022","12","OK"
"5508","Lincoln",20856,"2022","12","OK"
"5509","Logan",31510,"2022","12","OK"
"5510","Love",6564,"2022","12","OK"
"5511","Major",4477,"2022","12","OK"
"5512","Marshall",9327,"2022","12","OK"
"5513","Mayes",23987,"2022","12","OK"
"5514","McClain",27543,"2022","12","OK"
"5515","McCurtain",16860,"2022","12","OK"
"5516","McIntosh",12496,"2022","12","OK"
"5517","Murray",8218,"2022","12","OK"
"5518","Muskogee",38076,"2022","12","OK"
"5519","Noble",6786,"2022","12","OK"
"5520","Nowata",6241,"2022","12","OK"
"5521","Okfuskee",6071,"2022","12","OK"
"5522","Oklahoma",449646,"2022","12","OK"
"5523","Okmulgee",21218,"2022","12","OK"
"5524","Osage",28827,"2022","12","OK"
"5525","Ottawa",18183,"2022","12","OK"
"5526","Pawnee",9638,"2022","12","OK"
"5527","Payne",43768,"2022","12","OK"
"5528","Pittsburg",27315,"2022","12","OK"
"5529","Pontotoc",22687,"2022","12","OK"
"5530","Pottawatomie",41285,"2022","12","OK"
"5531","Pushmataha",6906,"2022","12","OK"
"5532","Roger Mills",2382,"2022","12","OK"
"5533","Rogers",62308,"2022","12","OK"
"5534","Seminole",12692,"2022","12","OK"
"5535","Sequoyah",23781,"2022","12","OK"
"5536","Stephens",27671,"2022","12","OK"
"5537","Texas",8955,"2022","12","OK"
"5538","Tillman",4017,"2022","12","OK"
"5539","Tulsa",381722,"2022","12","OK"
"5540","Wagoner",49011,"2022","12","OK"
"5541","Washington",34586,"2022","12","OK"
"5542","Washita",6774,"2022","12","OK"
"5543","Woods",4975,"2022","12","OK"
"5544","Woodward",11255,"2022","12","OK"
"5545","Adair",10462,"2023","01","OK"
"5546","Alfalfa",2904,"2023","01","OK"
"5547","Atoka",7577,"2023","01","OK"
"5548","Beaver",2984,"2023","01","OK"
"5549","Beckham",11348,"2023","01","OK"
"5550","Blaine",5215,"2023","01","OK"
"5551","Bryan",24974,"2023","01","OK"
"5552","Caddo",13680,"2023","01","OK"
"5553","Canadian",93621,"2023","01","OK"
"5554","Carter",29706,"2023","01","OK"
"5555","Cherokee",25978,"2023","01","OK"
"5556","Choctaw",8555,"2023","01","OK"
"5557","Cimarron",1352,"2023","01","OK"
"5558","Cleveland",168912,"2023","01","OK"
"5559","Coal",3683,"2023","01","OK"
"5560","Comanche",57462,"2023","01","OK"
"5561","Cotton",3651,"2023","01","OK"
"5562","Craig",8096,"2023","01","OK"
"5563","Creek",41779,"2023","01","OK"
"5564","Custer",15024,"2023","01","OK"
"5565","Delaware",25302,"2023","01","OK"
"5566","Dewey",3003,"2023","01","OK"
"5567","Ellis",2458,"2023","01","OK"
"5568","Garfield",31911,"2023","01","OK"
"5569","Garvin",15537,"2023","01","OK"
"5570","Grady",33584,"2023","01","OK"
"5571","Grant",2816,"2023","01","OK"
"5572","Greer",2798,"2023","01","OK"
"5573","Harmon",1303,"2023","01","OK"
"5574","Harper",1896,"2023","01","OK"
"5575","Haskell",6744,"2023","01","OK"
"5576","Hughes",6867,"2023","01","OK"
"5577","Jackson",12302,"2023","01","OK"
"5578","Jefferson",3383,"2023","01","OK"
"5579","Johnston",5821,"2023","01","OK"
"5580","Kay",24828,"2023","01","OK"
"5581","Kingfisher",8562,"2023","01","OK"
"5582","Kiowa",4706,"2023","01","OK"
"5583","Latimer",5843,"2023","01","OK"
"5584","LeFlore",27501,"2023","01","OK"
"5585","Lincoln",20146,"2023","01","OK"
"5586","Logan",30572,"2023","01","OK"
"5587","Love",6231,"2023","01","OK"
"5588","Major",4383,"2023","01","OK"
"5589","Marshall",9028,"2023","01","OK"
"5590","Mayes",23278,"2023","01","OK"
"5591","McClain",26810,"2023","01","OK"
"5592","McCurtain",16138,"2023","01","OK"
"5593","McIntosh",11979,"2023","01","OK"
"5594","Murray",7971,"2023","01","OK"
"5595","Muskogee",36334,"2023","01","OK"
"5596","Noble",6592,"2023","01","OK"
"5597","Nowata",6036,"2023","01","OK"
"5598","Okfuskee",5866,"2023","01","OK"
"5599","Oklahoma",432771,"2023","01","OK"
"5600","Okmulgee",20373,"2023","01","OK"
"5601","Osage",27917,"2023","01","OK"
"5602","Ottawa",17321,"2023","01","OK"
"5603","Pawnee",9304,"2023","01","OK"
"5604","Payne",42146,"2023","01","OK"
"5605","Pittsburg",26060,"2023","01","OK"
"5606","Pontotoc",21738,"2023","01","OK"
"5607","Pottawatomie",39809,"2023","01","OK"
"5608","Pushmataha",6609,"2023","01","OK"
"5609","Roger Mills",2320,"2023","01","OK"
"5610","Rogers",60570,"2023","01","OK"
"5611","Seminole",12175,"2023","01","OK"
"5612","Sequoyah",22834,"2023","01","OK"
"5613","Stephens",26641,"2023","01","OK"
"5614","Texas",8523,"2023","01","OK"
"5615","Tillman",3824,"2023","01","OK"
"5616","Tulsa",369170,"2023","01","OK"
"5617","Wagoner",47959,"2023","01","OK"
"5618","Washington",33364,"2023","01","OK"
"5619","Washita",6480,"2023","01","OK"
"5620","Woods",4801,"2023","01","OK"
"5621","Woodward",10882,"2023","01","OK"
"5622","Adair",10487,"2023","02","OK"
"5623","Alfalfa",2909,"2023","02","OK"
"5624","Atoka",7578,"2023","02","OK"
"5625","Beaver",3001,"2023","02","OK"
"5626","Beckham",11362,"2023","02","OK"
"5627","Blaine",5224,"2023","02","OK"
"5628","Bryan",25031,"2023","02","OK"
"5629","Caddo",13694,"2023","02","OK"
"5630","Canadian",93844,"2023","02","OK"
"5631","Carter",29745,"2023","02","OK"
"5632","Cherokee",26034,"2023","02","OK"
"5633","Choctaw",8572,"2023","02","OK"
"5634","Cimarron",1359,"2023","02","OK"
"5635","Cleveland",169143,"2023","02","OK"
"5636","Coal",3682,"2023","02","OK"
"5637","Comanche",57541,"2023","02","OK"
"5638","Cotton",3657,"2023","02","OK"
"5639","Craig",8111,"2023","02","OK"
"5640","Creek",41832,"2023","02","OK"
"5641","Custer",15024,"2023","02","OK"
"5642","Delaware",25341,"2023","02","OK"
"5643","Dewey",3006,"2023","02","OK"
"5644","Ellis",2459,"2023","02","OK"
"5645","Garfield",31952,"2023","02","OK"
"5646","Garvin",15585,"2023","02","OK"
"5647","Grady",33615,"2023","02","OK"
"5648","Grant",2818,"2023","02","OK"
"5649","Greer",2815,"2023","02","OK"
"5650","Harmon",1309,"2023","02","OK"
"5651","Harper",1893,"2023","02","OK"
"5652","Haskell",6752,"2023","02","OK"
"5653","Hughes",6883,"2023","02","OK"
"5654","Jackson",12354,"2023","02","OK"
"5655","Jefferson",3390,"2023","02","OK"
"5656","Johnston",5831,"2023","02","OK"
"5657","Kay",24853,"2023","02","OK"
"5658","Kingfisher",8576,"2023","02","OK"
"5659","Kiowa",4708,"2023","02","OK"
"5660","Latimer",5852,"2023","02","OK"
"5661","LeFlore",27555,"2023","02","OK"
"5662","Lincoln",20186,"2023","02","OK"
"5663","Logan",30658,"2023","02","OK"
"5664","Love",6243,"2023","02","OK"
"5665","Major",4379,"2023","02","OK"
"5666","Marshall",9039,"2023","02","OK"
"5667","Mayes",23356,"2023","02","OK"
"5668","McClain",26843,"2023","02","OK"
"5669","McCurtain",16162,"2023","02","OK"
"5670","McIntosh",11987,"2023","02","OK"
"5671","Murray",7979,"2023","02","OK"
"5672","Muskogee",36370,"2023","02","OK"
"5673","Noble",6589,"2023","02","OK"
"5674","Nowata",6040,"2023","02","OK"
"5675","Okfuskee",5894,"2023","02","OK"
"5676","Oklahoma",433526,"2023","02","OK"
"5677","Okmulgee",20398,"2023","02","OK"
"5678","Osage",27941,"2023","02","OK"
"5679","Ottawa",17353,"2023","02","OK"
"5680","Pawnee",9333,"2023","02","OK"
"5681","Payne",42222,"2023","02","OK"
"5682","Pittsburg",26075,"2023","02","OK"
"5683","Pontotoc",21757,"2023","02","OK"
"5684","Pottawatomie",39851,"2023","02","OK"
"5685","Pushmataha",6612,"2023","02","OK"
"5686","Roger Mills",2318,"2023","02","OK"
"5687","Rogers",60755,"2023","02","OK"
"5688","Seminole",12194,"2023","02","OK"
"5689","Sequoyah",22883,"2023","02","OK"
"5690","Stephens",26686,"2023","02","OK"
"5691","Texas",8536,"2023","02","OK"
"5692","Tillman",3826,"2023","02","OK"
"5693","Tulsa",369775,"2023","02","OK"
"5694","Wagoner",48009,"2023","02","OK"
"5695","Washington",33431,"2023","02","OK"
"5696","Washita",6506,"2023","02","OK"
"5697","Woods",4800,"2023","02","OK"
"5698","Woodward",10886,"2023","02","OK"
"5699","Adair",10538,"2023","03","OK"
"5700","Alfalfa",2923,"2023","03","OK"
"5701","Atoka",7627,"2023","03","OK"
"5702","Beaver",3012,"2023","03","OK"
"5703","Beckham",11379,"2023","03","OK"
"5704","Blaine",5247,"2023","03","OK"
"5705","Bryan",25159,"2023","03","OK"
"5706","Caddo",13714,"2023","03","OK"
"5707","Canadian",94525,"2023","03","OK"
"5708","Carter",29839,"2023","03","OK"
"5709","Cherokee",26120,"2023","03","OK"
"5710","Choctaw",8594,"2023","03","OK"
"5711","Cimarron",1370,"2023","03","OK"
"5712","Cleveland",169614,"2023","03","OK"
"5713","Coal",3680,"2023","03","OK"
"5714","Comanche",57823,"2023","03","OK"
"5715","Cotton",3662,"2023","03","OK"
"5716","Craig",8175,"2023","03","OK"
"5717","Creek",41956,"2023","03","OK"
"5718","Custer",15047,"2023","03","OK"
"5719","Delaware",25438,"2023","03","OK"
"5720","Dewey",3008,"2023","03","OK"
"5721","Ellis",2466,"2023","03","OK"
"5722","Garfield",32088,"2023","03","OK"
"5723","Garvin",15588,"2023","03","OK"
"5724","Grady",33702,"2023","03","OK"
"5725","Grant",2820,"2023","03","OK"
"5726","Greer",2837,"2023","03","OK"
"5727","Harmon",1311,"2023","03","OK"
"5728","Harper",1898,"2023","03","OK"
"5729","Haskell",6776,"2023","03","OK"
"5730","Hughes",6906,"2023","03","OK"
"5731","Jackson",12408,"2023","03","OK"
"5732","Jefferson",3401,"2023","03","OK"
"5733","Johnston",5852,"2023","03","OK"
"5734","Kay",24950,"2023","03","OK"
"5735","Kingfisher",8592,"2023","03","OK"
"5736","Kiowa",4715,"2023","03","OK"
"5737","Latimer",5871,"2023","03","OK"
"5738","LeFlore",27766,"2023","03","OK"
"5739","Lincoln",20270,"2023","03","OK"
"5740","Logan",30853,"2023","03","OK"
"5741","Love",6283,"2023","03","OK"
"5742","Major",4388,"2023","03","OK"
"5743","Marshall",9103,"2023","03","OK"
"5744","Mayes",23397,"2023","03","OK"
"5745","McClain",26953,"2023","03","OK"
"5746","McCurtain",16196,"2023","03","OK"
"5747","McIntosh",12008,"2023","03","OK"
"5748","Murray",8023,"2023","03","OK"
"5749","Muskogee",36421,"2023","03","OK"
"5750","Noble",6595,"2023","03","OK"
"5751","Nowata",6066,"2023","03","OK"
"5752","Okfuskee",5918,"2023","03","OK"
"5753","Oklahoma",434508,"2023","03","OK"
"5754","Okmulgee",20474,"2023","03","OK"
"5755","Osage",28021,"2023","03","OK"
"5756","Ottawa",17398,"2023","03","OK"
"5757","Pawnee",9373,"2023","03","OK"
"5758","Payne",42501,"2023","03","OK"
"5759","Pittsburg",26170,"2023","03","OK"
"5760","Pontotoc",21869,"2023","03","OK"
"5761","Pottawatomie",40014,"2023","03","OK"
"5762","Pushmataha",6648,"2023","03","OK"
"5763","Roger Mills",2317,"2023","03","OK"
"5764","Rogers",60926,"2023","03","OK"
"5765","Seminole",12240,"2023","03","OK"
"5766","Sequoyah",22944,"2023","03","OK"
"5767","Stephens",26751,"2023","03","OK"
"5768","Texas",8570,"2023","03","OK"
"5769","Tillman",3840,"2023","03","OK"
"5770","Tulsa",370877,"2023","03","OK"
"5771","Wagoner",48267,"2023","03","OK"
"5772","Washington",33619,"2023","03","OK"
"5773","Washita",6500,"2023","03","OK"
"5774","Woods",4815,"2023","03","OK"
"5775","Woodward",10914,"2023","03","OK"
"5776","Adair",10606,"2023","04","OK"
"5777","Alfalfa",2944,"2023","04","OK"
"5778","Atoka",7664,"2023","04","OK"
"5779","Beaver",3037,"2023","04","OK"
"5780","Beckham",11433,"2023","04","OK"
"5781","Blaine",5293,"2023","04","OK"
"5782","Bryan",25386,"2023","04","OK"
"5783","Caddo",13804,"2023","04","OK"
"5784","Canadian",94974,"2023","04","OK"
"5785","Carter",29915,"2023","04","OK"
"5786","Cherokee",26279,"2023","04","OK"
"5787","Choctaw",8655,"2023","04","OK"
"5788","Cimarron",1376,"2023","04","OK"
"5789","Cleveland",169816,"2023","04","OK"
"5790","Coal",3695,"2023","04","OK"
"5791","Comanche",57998,"2023","04","OK"
"5792","Cotton",3671,"2023","04","OK"
"5793","Craig",8194,"2023","04","OK"
"5794","Creek",42144,"2023","04","OK"
"5795","Custer",14997,"2023","04","OK"
"5796","Delaware",25609,"2023","04","OK"
"5797","Dewey",3023,"2023","04","OK"
"5798","Ellis",2473,"2023","04","OK"
"5799","Garfield",32157,"2023","04","OK"
"5800","Garvin",15648,"2023","04","OK"
"5801","Grady",33842,"2023","04","OK"
"5802","Grant",2842,"2023","04","OK"
"5803","Greer",2841,"2023","04","OK"
"5804","Harmon",1321,"2023","04","OK"
"5805","Harper",1901,"2023","04","OK"
"5806","Haskell",6816,"2023","04","OK"
"5807","Hughes",6940,"2023","04","OK"
"5808","Jackson",12525,"2023","04","OK"
"5809","Jefferson",3414,"2023","04","OK"
"5810","Johnston",5851,"2023","04","OK"
"5811","Kay",25050,"2023","04","OK"
"5812","Kingfisher",8641,"2023","04","OK"
"5813","Kiowa",4726,"2023","04","OK"
"5814","Latimer",5893,"2023","04","OK"
"5815","LeFlore",27928,"2023","04","OK"
"5816","Lincoln",20320,"2023","04","OK"
"5817","Logan",31048,"2023","04","OK"
"5818","Love",6312,"2023","04","OK"
"5819","Major",4417,"2023","04","OK"
"5820","Marshall",9152,"2023","04","OK"
"5821","Mayes",23562,"2023","04","OK"
"5822","McClain",27078,"2023","04","OK"
"5823","McCurtain",16257,"2023","04","OK"
"5824","McIntosh",12093,"2023","04","OK"
"5825","Murray",8063,"2023","04","OK"
"5826","Muskogee",36609,"2023","04","OK"
"5827","Noble",6618,"2023","04","OK"
"5828","Nowata",6100,"2023","04","OK"
"5829","Okfuskee",5915,"2023","04","OK"
"5830","Oklahoma",436541,"2023","04","OK"
"5831","Okmulgee",20583,"2023","04","OK"
"5832","Osage",28131,"2023","04","OK"
"5833","Ottawa",17494,"2023","04","OK"
"5834","Pawnee",9412,"2023","04","OK"
"5835","Payne",42698,"2023","04","OK"
"5836","Pittsburg",26280,"2023","04","OK"
"5837","Pontotoc",21950,"2023","04","OK"
"5838","Pottawatomie",40165,"2023","04","OK"
"5839","Pushmataha",6664,"2023","04","OK"
"5840","Roger Mills",2325,"2023","04","OK"
"5841","Rogers",61252,"2023","04","OK"
"5842","Seminole",12292,"2023","04","OK"
"5843","Sequoyah",23086,"2023","04","OK"
"5844","Stephens",26859,"2023","04","OK"
"5845","Texas",8621,"2023","04","OK"
"5846","Tillman",3868,"2023","04","OK"
"5847","Tulsa",372210,"2023","04","OK"
"5848","Wagoner",48470,"2023","04","OK"
"5849","Washington",33634,"2023","04","OK"
"5850","Washita",6531,"2023","04","OK"
"5851","Woods",4834,"2023","04","OK"
"5852","Woodward",10925,"2023","04","OK"
"5853","Adair",10648,"2023","05","OK"
"5854","Alfalfa",2942,"2023","05","OK"
"5855","Atoka",7686,"2023","05","OK"
"5856","Beaver",3046,"2023","05","OK"
"5857","Beckham",11449,"2023","05","OK"
"5858","Blaine",5309,"2023","05","OK"
"5859","Bryan",25508,"2023","05","OK"
"5860","Caddo",13835,"2023","05","OK"
"5861","Canadian",95412,"2023","05","OK"
"5862","Carter",29994,"2023","05","OK"
"5863","Cherokee",26373,"2023","05","OK"
"5864","Choctaw",8659,"2023","05","OK"
"5865","Cimarron",1376,"2023","05","OK"
"5866","Cleveland",170459,"2023","05","OK"
"5867","Coal",3693,"2023","05","OK"
"5868","Comanche",58159,"2023","05","OK"
"5869","Cotton",3687,"2023","05","OK"
"5870","Craig",8225,"2023","05","OK"
"5871","Creek",42300,"2023","05","OK"
"5872","Custer",15058,"2023","05","OK"
"5873","Delaware",25679,"2023","05","OK"
"5874","Dewey",3027,"2023","05","OK"
"5875","Ellis",2485,"2023","05","OK"
"5876","Garfield",32322,"2023","05","OK"
"5877","Garvin",15667,"2023","05","OK"
"5878","Grady",33898,"2023","05","OK"
"5879","Grant",2845,"2023","05","OK"
"5880","Greer",2842,"2023","05","OK"
"5881","Harmon",1322,"2023","05","OK"
"5882","Harper",1905,"2023","05","OK"
"5883","Haskell",6827,"2023","05","OK"
"5884","Hughes",6963,"2023","05","OK"
"5885","Jackson",12548,"2023","05","OK"
"5886","Jefferson",3416,"2023","05","OK"
"5887","Johnston",5856,"2023","05","OK"
"5888","Kay",25109,"2023","05","OK"
"5889","Kingfisher",8631,"2023","05","OK"
"5890","Kiowa",4724,"2023","05","OK"
"5891","Latimer",5915,"2023","05","OK"
"5892","LeFlore",28030,"2023","05","OK"
"5893","Lincoln",20369,"2023","05","OK"
"5894","Logan",31199,"2023","05","OK"
"5895","Love",6345,"2023","05","OK"
"5896","Major",4424,"2023","05","OK"
"5897","Marshall",9173,"2023","05","OK"
"5898","Mayes",23670,"2023","05","OK"
"5899","McClain",27148,"2023","05","OK"
"5900","McCurtain",16349,"2023","05","OK"
"5901","McIntosh",12106,"2023","05","OK"
"5902","Murray",8087,"2023","05","OK"
"5903","Muskogee",36715,"2023","05","OK"
"5904","Noble",6639,"2023","05","OK"
"5905","Nowata",6115,"2023","05","OK"
"5906","Okfuskee",5944,"2023","05","OK"
"5907","Oklahoma",436867,"2023","05","OK"
"5908","Okmulgee",20623,"2023","05","OK"
"5909","Osage",28202,"2023","05","OK"
"5910","Ottawa",17555,"2023","05","OK"
"5911","Pawnee",9431,"2023","05","OK"
"5912","Payne",42924,"2023","05","OK"
"5913","Pittsburg",26338,"2023","05","OK"
"5914","Pontotoc",22038,"2023","05","OK"
"5915","Pottawatomie",40237,"2023","05","OK"
"5916","Pushmataha",6680,"2023","05","OK"
"5917","Roger Mills",2330,"2023","05","OK"
"5918","Rogers",61467,"2023","05","OK"
"5919","Seminole",12312,"2023","05","OK"
"5920","Sequoyah",23165,"2023","05","OK"
"5921","Stephens",26900,"2023","05","OK"
"5922","Texas",8643,"2023","05","OK"
"5923","Tillman",3887,"2023","05","OK"
"5924","Tulsa",372901,"2023","05","OK"
"5925","Wagoner",48619,"2023","05","OK"
"5926","Washington",33733,"2023","05","OK"
"5927","Washita",6531,"2023","05","OK"
"5928","Woods",4845,"2023","05","OK"
"5929","Woodward",10955,"2023","05","OK"
"5930","Adair",10667,"2023","06","OK"
"5931","Alfalfa",2941,"2023","06","OK"
"5932","Atoka",7703,"2023","06","OK"
"5933","Beaver",3068,"2023","06","OK"
"5934","Beckham",11445,"2023","06","OK"
"5935","Blaine",5308,"2023","06","OK"
"5936","Bryan",25624,"2023","06","OK"
"5937","Caddo",13856,"2023","06","OK"
"5938","Canadian",95693,"2023","06","OK"
"5939","Carter",30063,"2023","06","OK"
"5940","Cherokee",26406,"2023","06","OK"
"5941","Choctaw",8683,"2023","06","OK"
"5942","Cimarron",1377,"2023","06","OK"
"5943","Cleveland",170554,"2023","06","OK"
"5944","Coal",3702,"2023","06","OK"
"5945","Comanche",58243,"2023","06","OK"
"5946","Cotton",3696,"2023","06","OK"
"5947","Craig",8222,"2023","06","OK"
"5948","Creek",42362,"2023","06","OK"
"5949","Custer",15123,"2023","06","OK"
"5950","Delaware",25766,"2023","06","OK"
"5951","Dewey",3031,"2023","06","OK"
"5952","Ellis",2483,"2023","06","OK"
"5953","Garfield",32397,"2023","06","OK"
"5954","Garvin",15673,"2023","06","OK"
"5955","Grady",33962,"2023","06","OK"
"5956","Grant",2851,"2023","06","OK"
"5957","Greer",2838,"2023","06","OK"
"5958","Harmon",1321,"2023","06","OK"
"5959","Harper",1905,"2023","06","OK"
"5960","Haskell",6831,"2023","06","OK"
"5961","Hughes",6956,"2023","06","OK"
"5962","Jackson",12591,"2023","06","OK"
"5963","Jefferson",3426,"2023","06","OK"
"5964","Johnston",5868,"2023","06","OK"
"5965","Kay",25173,"2023","06","OK"
"5966","Kingfisher",8692,"2023","06","OK"
"5967","Kiowa",4741,"2023","06","OK"
"5968","Latimer",5921,"2023","06","OK"
"5969","LeFlore",28104,"2023","06","OK"
"5970","Lincoln",20367,"2023","06","OK"
"5971","Logan",31315,"2023","06","OK"
"5972","Love",6347,"2023","06","OK"
"5973","Major",4430,"2023","06","OK"
"5974","Marshall",9183,"2023","06","OK"
"5975","Mayes",23723,"2023","06","OK"
"5976","McClain",27190,"2023","06","OK"
"5977","McCurtain",16373,"2023","06","OK"
"5978","McIntosh",12127,"2023","06","OK"
"5979","Murray",8108,"2023","06","OK"
"5980","Muskogee",36716,"2023","06","OK"
"5981","Noble",6659,"2023","06","OK"
"5982","Nowata",6138,"2023","06","OK"
"5983","Okfuskee",5931,"2023","06","OK"
"5984","Oklahoma",438088,"2023","06","OK"
"5985","Okmulgee",20694,"2023","06","OK"
"5986","Osage",28255,"2023","06","OK"
"5987","Ottawa",17585,"2023","06","OK"
"5988","Pawnee",9445,"2023","06","OK"
"5989","Payne",43017,"2023","06","OK"
"5990","Pittsburg",26346,"2023","06","OK"
"5991","Pontotoc",22099,"2023","06","OK"
"5992","Pottawatomie",40373,"2023","06","OK"
"5993","Pushmataha",6679,"2023","06","OK"
"5994","Roger Mills",2319,"2023","06","OK"
"5995","Rogers",61513,"2023","06","OK"
"5996","Seminole",12367,"2023","06","OK"
"5997","Sequoyah",23219,"2023","06","OK"
"5998","Stephens",26962,"2023","06","OK"
"5999","Texas",8667,"2023","06","OK"
"6000","Tillman",3896,"2023","06","OK"
"6001","Tulsa",373422,"2023","06","OK"
"6002","Wagoner",48817,"2023","06","OK"
"6003","Washington",33814,"2023","06","OK"
"6004","Washita",6560,"2023","06","OK"
"6005","Woods",4865,"2023","06","OK"
"6006","Woodward",10957,"2023","06","OK"
"6007","Adair",10706,"2023","07","OK"
"6008","Alfalfa",2938,"2023","07","OK"
"6009","Atoka",7727,"2023","07","OK"
"6010","Beaver",3058,"2023","07","OK"
"6011","Beckham",11465,"2023","07","OK"
"6012","Blaine",5319,"2023","07","OK"
"6013","Bryan",25734,"2023","07","OK"
"6014","Caddo",13879,"2023","07","OK"
"6015","Canadian",96115,"2023","07","OK"
"6016","Carter",30148,"2023","07","OK"
"6017","Cherokee",26532,"2023","07","OK"
"6018","Choctaw",8706,"2023","07","OK"
"6019","Cimarron",1381,"2023","07","OK"
"6020","Cleveland",170877,"2023","07","OK"
"6021","Coal",3729,"2023","07","OK"
"6022","Comanche",58589,"2023","07","OK"
"6023","Cotton",3705,"2023","07","OK"
"6024","Craig",8244,"2023","07","OK"
"6025","Creek",42505,"2023","07","OK"
"6026","Custer",15131,"2023","07","OK"
"6027","Delaware",25816,"2023","07","OK"
"6028","Dewey",3024,"2023","07","OK"
"6029","Ellis",2493,"2023","07","OK"
"6030","Garfield",32436,"2023","07","OK"
"6031","Garvin",15694,"2023","07","OK"
"6032","Grady",34046,"2023","07","OK"
"6033","Grant",2852,"2023","07","OK"
"6034","Greer",2832,"2023","07","OK"
"6035","Harmon",1325,"2023","07","OK"
"6036","Harper",1907,"2023","07","OK"
"6037","Haskell",6855,"2023","07","OK"
"6038","Hughes",6995,"2023","07","OK"
"6039","Jackson",12654,"2023","07","OK"
"6040","Jefferson",3426,"2023","07","OK"
"6041","Johnston",5889,"2023","07","OK"
"6042","Kay",25267,"2023","07","OK"
"6043","Kingfisher",8714,"2023","07","OK"
"6044","Kiowa",4751,"2023","07","OK"
"6045","Latimer",5936,"2023","07","OK"
"6046","LeFlore",28221,"2023","07","OK"
"6047","Lincoln",20424,"2023","07","OK"
"6048","Logan",31420,"2023","07","OK"
"6049","Love",6363,"2023","07","OK"
"6050","Major",4449,"2023","07","OK"
"6051","Marshall",9179,"2023","07","OK"
"6052","Mayes",23796,"2023","07","OK"
"6053","McClain",27270,"2023","07","OK"
"6054","McCurtain",16414,"2023","07","OK"
"6055","McIntosh",12140,"2023","07","OK"
"6056","Murray",8136,"2023","07","OK"
"6057","Muskogee",36731,"2023","07","OK"
"6058","Noble",6674,"2023","07","OK"
"6059","Nowata",6157,"2023","07","OK"
"6060","Okfuskee",5931,"2023","07","OK"
"6061","Oklahoma",438669,"2023","07","OK"
"6062","Okmulgee",20743,"2023","07","OK"
"6063","Osage",28396,"2023","07","OK"
"6064","Ottawa",17630,"2023","07","OK"
"6065","Pawnee",9494,"2023","07","OK"
"6066","Payne",42841,"2023","07","OK"
"6067","Pittsburg",26487,"2023","07","OK"
"6068","Pontotoc",22184,"2023","07","OK"
"6069","Pottawatomie",40522,"2023","07","OK"
"6070","Pushmataha",6705,"2023","07","OK"
"6071","Roger Mills",2330,"2023","07","OK"
"6072","Rogers",61725,"2023","07","OK"
"6073","Seminole",12414,"2023","07","OK"
"6074","Sequoyah",23276,"2023","07","OK"
"6075","Stephens",27018,"2023","07","OK"
"6076","Texas",8680,"2023","07","OK"
"6077","Tillman",3901,"2023","07","OK"
"6078","Tulsa",373691,"2023","07","OK"
"6079","Wagoner",48840,"2023","07","OK"
"6080","Washington",33928,"2023","07","OK"
"6081","Washita",6554,"2023","07","OK"
"6082","Woods",4865,"2023","07","OK"
"6083","Woodward",10980,"2023","07","OK"
"6084","Adair",10729,"2023","08","OK"
"6085","Alfalfa",2950,"2023","08","OK"
"6086","Atoka",7763,"2023","08","OK"
"6087","Beaver",3081,"2023","08","OK"
"6088","Beckham",11498,"2023","08","OK"
"6089","Blaine",5330,"2023","08","OK"
"6090","Bryan",25951,"2023","08","OK"
"6091","Caddo",13916,"2023","08","OK"
"6092","Canadian",96460,"2023","08","OK"
"6093","Carter",30251,"2023","08","OK"
"6094","Cherokee",26589,"2023","08","OK"
"6095","Choctaw",8746,"2023","08","OK"
"6096","Cimarron",1384,"2023","08","OK"
"6097","Cleveland",171556,"2023","08","OK"
"6098","Coal",3718,"2023","08","OK"
"6099","Comanche",58642,"2023","08","OK"
"6100","Cotton",3712,"2023","08","OK"
"6101","Craig",8260,"2023","08","OK"
"6102","Creek",42647,"2023","08","OK"
"6103","Custer",15150,"2023","08","OK"
"6104","Delaware",25903,"2023","08","OK"
"6105","Dewey",3038,"2023","08","OK"
"6106","Ellis",2494,"2023","08","OK"
"6107","Garfield",32545,"2023","08","OK"
"6108","Garvin",15755,"2023","08","OK"
"6109","Grady",34179,"2023","08","OK"
"6110","Grant",2862,"2023","08","OK"
"6111","Greer",2835,"2023","08","OK"
"6112","Harmon",1335,"2023","08","OK"
"6113","Harper",1915,"2023","08","OK"
"6114","Haskell",6854,"2023","08","OK"
"6115","Hughes",6991,"2023","08","OK"
"6116","Jackson",12699,"2023","08","OK"
"6117","Jefferson",3438,"2023","08","OK"
"6118","Johnston",5919,"2023","08","OK"
"6119","Kay",25296,"2023","08","OK"
"6120","Kingfisher",8776,"2023","08","OK"
"6121","Kiowa",4769,"2023","08","OK"
"6122","Latimer",5966,"2023","08","OK"
"6123","LeFlore",28322,"2023","08","OK"
"6124","Lincoln",20491,"2023","08","OK"
"6125","Logan",31575,"2023","08","OK"
"6126","Love",6386,"2023","08","OK"
"6127","Major",4469,"2023","08","OK"
"6128","Marshall",9271,"2023","08","OK"
"6129","Mayes",23891,"2023","08","OK"
"6130","McClain",27415,"2023","08","OK"
"6131","McCurtain",16440,"2023","08","OK"
"6132","McIntosh",12169,"2023","08","OK"
"6133","Murray",8189,"2023","08","OK"
"6134","Muskogee",36834,"2023","08","OK"
"6135","Noble",6692,"2023","08","OK"
"6136","Nowata",6203,"2023","08","OK"
"6137","Okfuskee",5967,"2023","08","OK"
"6138","Oklahoma",440260,"2023","08","OK"
"6139","Okmulgee",20869,"2023","08","OK"
"6140","Osage",28462,"2023","08","OK"
"6141","Ottawa",17716,"2023","08","OK"
"6142","Pawnee",9506,"2023","08","OK"
"6143","Payne",43194,"2023","08","OK"
"6144","Pittsburg",26499,"2023","08","OK"
"6145","Pontotoc",22272,"2023","08","OK"
"6146","Pottawatomie",40672,"2023","08","OK"
"6147","Pushmataha",6723,"2023","08","OK"
"6148","Roger Mills",2331,"2023","08","OK"
"6149","Rogers",61994,"2023","08","OK"
"6150","Seminole",12446,"2023","08","OK"
"6151","Sequoyah",23356,"2023","08","OK"
"6152","Stephens",27208,"2023","08","OK"
"6153","Texas",8692,"2023","08","OK"
"6154","Tillman",3923,"2023","08","OK"
"6155","Tulsa",375864,"2023","08","OK"
"6156","Wagoner",49043,"2023","08","OK"
"6157","Washington",34047,"2023","08","OK"
"6158","Washita",6574,"2023","08","OK"
"6159","Woods",4904,"2023","08","OK"
"6160","Woodward",11006,"2023","08","OK"
"6161","Adair",10790,"2023","09","OK"
"6162","Alfalfa",2957,"2023","09","OK"
"6163","Atoka",7768,"2023","09","OK"
"6164","Beaver",3083,"2023","09","OK"
"6165","Beckham",11501,"2023","09","OK"
"6166","Blaine",5339,"2023","09","OK"
"6167","Bryan",26084,"2023","09","OK"
"6168","Caddo",13950,"2023","09","OK"
"6169","Canadian",97237,"2023","09","OK"
"6170","Carter",30329,"2023","09","OK"
"6171","Cherokee",26673,"2023","09","OK"
"6172","Choctaw",8775,"2023","09","OK"
"6173","Cimarron",1378,"2023","09","OK"
"6174","Cleveland",171989,"2023","09","OK"
"6175","Coal",3734,"2023","09","OK"
"6176","Comanche",58873,"2023","09","OK"
"6177","Cotton",3716,"2023","09","OK"
"6178","Craig",8279,"2023","09","OK"
"6179","Creek",42805,"2023","09","OK"
"6180","Custer",15295,"2023","09","OK"
"6181","Delaware",26043,"2023","09","OK"
"6182","Dewey",3043,"2023","09","OK"
"6183","Ellis",2494,"2023","09","OK"
"6184","Garfield",32622,"2023","09","OK"
"6185","Garvin",15826,"2023","09","OK"
"6186","Grady",34293,"2023","09","OK"
"6187","Grant",2864,"2023","09","OK"
"6188","Greer",2850,"2023","09","OK"
"6189","Harmon",1338,"2023","09","OK"
"6190","Harper",1918,"2023","09","OK"
"6191","Haskell",6878,"2023","09","OK"
"6192","Hughes",6993,"2023","09","OK"
"6193","Jackson",12750,"2023","09","OK"
"6194","Jefferson",3462,"2023","09","OK"
"6195","Johnston",5942,"2023","09","OK"
"6196","Kay",25341,"2023","09","OK"
"6197","Kingfisher",8808,"2023","09","OK"
"6198","Kiowa",4775,"2023","09","OK"
"6199","Latimer",5975,"2023","09","OK"
"6200","LeFlore",28447,"2023","09","OK"
"6201","Lincoln",20553,"2023","09","OK"
"6202","Logan",31713,"2023","09","OK"
"6203","Love",6413,"2023","09","OK"
"6204","Major",4490,"2023","09","OK"
"6205","Marshall",9311,"2023","09","OK"
"6206","Mayes",23972,"2023","09","OK"
"6207","McClain",27506,"2023","09","OK"
"6208","McCurtain",16515,"2023","09","OK"
"6209","McIntosh",12217,"2023","09","OK"
"6210","Murray",8221,"2023","09","OK"
"6211","Muskogee",36862,"2023","09","OK"
"6212","Noble",6716,"2023","09","OK"
"6213","Nowata",6219,"2023","09","OK"
"6214","Okfuskee",5954,"2023","09","OK"
"6215","Oklahoma",441134,"2023","09","OK"
"6216","Okmulgee",20945,"2023","09","OK"
"6217","Osage",28444,"2023","09","OK"
"6218","Ottawa",17754,"2023","09","OK"
"6219","Pawnee",9522,"2023","09","OK"
"6220","Payne",43401,"2023","09","OK"
"6221","Pittsburg",26639,"2023","09","OK"
"6222","Pontotoc",22294,"2023","09","OK"
"6223","Pottawatomie",40846,"2023","09","OK"
"6224","Pushmataha",6741,"2023","09","OK"
"6225","Roger Mills",2330,"2023","09","OK"
"6226","Rogers",62098,"2023","09","OK"
"6227","Seminole",12483,"2023","09","OK"
"6228","Sequoyah",23412,"2023","09","OK"
"6229","Stephens",27260,"2023","09","OK"
"6230","Texas",8725,"2023","09","OK"
"6231","Tillman",3931,"2023","09","OK"
"6232","Tulsa",376774,"2023","09","OK"
"6233","Wagoner",49165,"2023","09","OK"
"6234","Washington",34049,"2023","09","OK"
"6235","Washita",6583,"2023","09","OK"
"6236","Woods",4908,"2023","09","OK"
"6237","Woodward",11010,"2023","09","OK"
"6238","Adair",10817,"2023","10","OK"
"6239","Alfalfa",2958,"2023","10","OK"
"6240","Atoka",7787,"2023","10","OK"
"6241","Beaver",3080,"2023","10","OK"
"6242","Beckham",11524,"2023","10","OK"
"6243","Blaine",5358,"2023","10","OK"
"6244","Bryan",26222,"2023","10","OK"
"6245","Caddo",14020,"2023","10","OK"
"6246","Canadian",97712,"2023","10","OK"
"6247","Carter",30425,"2023","10","OK"
"6248","Cherokee",26788,"2023","10","OK"
"6249","Choctaw",8794,"2023","10","OK"
"6250","Cimarron",1376,"2023","10","OK"
"6251","Cleveland",172644,"2023","10","OK"
"6252","Coal",3736,"2023","10","OK"
"6253","Comanche",59317,"2023","10","OK"
"6254","Cotton",3726,"2023","10","OK"
"6255","Craig",8299,"2023","10","OK"
"6256","Creek",42899,"2023","10","OK"
"6257","Custer",15246,"2023","10","OK"
"6258","Delaware",26127,"2023","10","OK"
"6259","Dewey",3035,"2023","10","OK"
"6260","Ellis",2496,"2023","10","OK"
"6261","Garfield",32702,"2023","10","OK"
"6262","Garvin",15846,"2023","10","OK"
"6263","Grady",34408,"2023","10","OK"
"6264","Grant",2869,"2023","10","OK"
"6265","Greer",2837,"2023","10","OK"
"6266","Harmon",1338,"2023","10","OK"
"6267","Harper",1911,"2023","10","OK"
"6268","Haskell",6879,"2023","10","OK"
"6269","Hughes",7006,"2023","10","OK"
"6270","Jackson",12786,"2023","10","OK"
"6271","Jefferson",3469,"2023","10","OK"
"6272","Johnston",5956,"2023","10","OK"
"6273","Kay",25398,"2023","10","OK"
"6274","Kingfisher",8815,"2023","10","OK"
"6275","Kiowa",4784,"2023","10","OK"
"6276","Latimer",5987,"2023","10","OK"
"6277","LeFlore",28523,"2023","10","OK"
"6278","Lincoln",20615,"2023","10","OK"
"6279","Logan",31897,"2023","10","OK"
"6280","Love",6435,"2023","10","OK"
"6281","Major",4493,"2023","10","OK"
"6282","Marshall",9335,"2023","10","OK"
"6283","Mayes",24053,"2023","10","OK"
"6284","McClain",27672,"2023","10","OK"
"6285","McCurtain",16546,"2023","10","OK"
"6286","McIntosh",12223,"2023","10","OK"
"6287","Murray",8259,"2023","10","OK"
"6288","Muskogee",36985,"2023","10","OK"
"6289","Noble",6729,"2023","10","OK"
"6290","Nowata",6230,"2023","10","OK"
"6291","Okfuskee",5991,"2023","10","OK"
"6292","Oklahoma",443059,"2023","10","OK"
"6293","Okmulgee",21005,"2023","10","OK"
"6294","Osage",28500,"2023","10","OK"
"6295","Ottawa",17822,"2023","10","OK"
"6296","Pawnee",9545,"2023","10","OK"
"6297","Payne",43701,"2023","10","OK"
"6298","Pittsburg",26649,"2023","10","OK"
"6299","Pontotoc",22401,"2023","10","OK"
"6300","Pottawatomie",40962,"2023","10","OK"
"6301","Pushmataha",6769,"2023","10","OK"
"6302","Roger Mills",2344,"2023","10","OK"
"6303","Rogers",62399,"2023","10","OK"
"6304","Seminole",12554,"2023","10","OK"
"6305","Sequoyah",23498,"2023","10","OK"
"6306","Stephens",27347,"2023","10","OK"
"6307","Texas",8735,"2023","10","OK"
"6308","Tillman",3939,"2023","10","OK"
"6309","Tulsa",377802,"2023","10","OK"
"6310","Wagoner",49330,"2023","10","OK"
"6311","Washington",34209,"2023","10","OK"
"6312","Washita",6605,"2023","10","OK"
"6313","Woods",4929,"2023","10","OK"
"6314","Woodward",11033,"2023","10","OK"
"6315","Adair",10846,"2023","11","OK"
"6316","Alfalfa",2959,"2023","11","OK"
"6317","Atoka",7813,"2023","11","OK"
"6318","Beaver",3102,"2023","11","OK"
"6319","Beckham",11535,"2023","11","OK"
"6320","Blaine",5378,"2023","11","OK"
"6321","Bryan",26360,"2023","11","OK"
"6322","Caddo",14029,"2023","11","OK"
"6323","Canadian",98037,"2023","11","OK"
"6324","Carter",30455,"2023","11","OK"
"6325","Cherokee",26870,"2023","11","OK"
"6326","Choctaw",8810,"2023","11","OK"
"6327","Cimarron",1379,"2023","11","OK"
"6328","Cleveland",173103,"2023","11","OK"
"6329","Coal",3736,"2023","11","OK"
"6330","Comanche",59372,"2023","11","OK"
"6331","Cotton",3734,"2023","11","OK"
"6332","Craig",8302,"2023","11","OK"
"6333","Creek",43041,"2023","11","OK"
"6334","Custer",15263,"2023","11","OK"
"6335","Delaware",26241,"2023","11","OK"
"6336","Dewey",3043,"2023","11","OK"
"6337","Ellis",2492,"2023","11","OK"
"6338","Garfield",32830,"2023","11","OK"
"6339","Garvin",15886,"2023","11","OK"
"6340","Grady",34554,"2023","11","OK"
"6341","Grant",2871,"2023","11","OK"
"6342","Greer",2844,"2023","11","OK"
"6343","Harmon",1336,"2023","11","OK"
"6344","Harper",1911,"2023","11","OK"
"6345","Haskell",6891,"2023","11","OK"
"6346","Hughes",7003,"2023","11","OK"
"6347","Jackson",12840,"2023","11","OK"
"6348","Jefferson",3474,"2023","11","OK"
"6349","Johnston",5952,"2023","11","OK"
"6350","Kay",25458,"2023","11","OK"
"6351","Kingfisher",8853,"2023","11","OK"
"6352","Kiowa",4797,"2023","11","OK"
"6353","Latimer",5996,"2023","11","OK"
"6354","LeFlore",28587,"2023","11","OK"
"6355","Lincoln",20662,"2023","11","OK"
"6356","Logan",32041,"2023","11","OK"
"6357","Love",6458,"2023","11","OK"
"6358","Major",4496,"2023","11","OK"
"6359","Marshall",9375,"2023","11","OK"
"6360","Mayes",24122,"2023","11","OK"
"6361","McClain",27774,"2023","11","OK"
"6362","McCurtain",16569,"2023","11","OK"
"6363","McIntosh",12265,"2023","11","OK"
"6364","Murray",8289,"2023","11","OK"
"6365","Muskogee",37082,"2023","11","OK"
"6366","Noble",6747,"2023","11","OK"
"6367","Nowata",6249,"2023","11","OK"
"6368","Okfuskee",6069,"2023","11","OK"
"6369","Oklahoma",443885,"2023","11","OK"
"6370","Okmulgee",21063,"2023","11","OK"
"6371","Osage",28578,"2023","11","OK"
"6372","Ottawa",17877,"2023","11","OK"
"6373","Pawnee",9564,"2023","11","OK"
"6374","Payne",43558,"2023","11","OK"
"6375","Pittsburg",26697,"2023","11","OK"
"6376","Pontotoc",22482,"2023","11","OK"
"6377","Pottawatomie",41156,"2023","11","OK"
"6378","Pushmataha",6785,"2023","11","OK"
"6379","Roger Mills",2355,"2023","11","OK"
"6380","Rogers",62569,"2023","11","OK"
"6381","Seminole",12575,"2023","11","OK"
"6382","Sequoyah",23590,"2023","11","OK"
"6383","Stephens",27408,"2023","11","OK"
"6384","Texas",8770,"2023","11","OK"
"6385","Tillman",3945,"2023","11","OK"
"6386","Tulsa",378876,"2023","11","OK"
"6387","Wagoner",49469,"2023","11","OK"
"6388","Washington",34256,"2023","11","OK"
"6389","Washita",6609,"2023","11","OK"
"6390","Woods",4948,"2023","11","OK"
"6391","Woodward",11069,"2023","11","OK"
"6392","Adair",10882,"2023","12","OK"
"6393","Alfalfa",2970,"2023","12","OK"
"6394","Atoka",7834,"2023","12","OK"
"6395","Beaver",3101,"2023","12","OK"
"6396","Beckham",11525,"2023","12","OK"
"6397","Blaine",5387,"2023","12","OK"
"6398","Bryan",26502,"2023","12","OK"
"6399","Caddo",14082,"2023","12","OK"
"6400","Canadian",98495,"2023","12","OK"
"6401","Carter",30506,"2023","12","OK"
"6402","Cherokee",26925,"2023","12","OK"
"6403","Choctaw",8828,"2023","12","OK"
"6404","Cimarron",1378,"2023","12","OK"
"6405","Cleveland",173432,"2023","12","OK"
"6406","Coal",3739,"2023","12","OK"
"6407","Comanche",59547,"2023","12","OK"
"6408","Cotton",3738,"2023","12","OK"
"6409","Craig",8337,"2023","12","OK"
"6410","Creek",43229,"2023","12","OK"
"6411","Custer",15323,"2023","12","OK"
"6412","Delaware",26288,"2023","12","OK"
"6413","Dewey",3039,"2023","12","OK"
"6414","Ellis",2499,"2023","12","OK"
"6415","Garfield",32866,"2023","12","OK"
"6416","Garvin",15915,"2023","12","OK"
"6417","Grady",34612,"2023","12","OK"
"6418","Grant",2874,"2023","12","OK"
"6419","Greer",2856,"2023","12","OK"
"6420","Harmon",1334,"2023","12","OK"
"6421","Harper",1915,"2023","12","OK"
"6422","Haskell",6924,"2023","12","OK"
"6423","Hughes",7015,"2023","12","OK"
"6424","Jackson",12874,"2023","12","OK"
"6425","Jefferson",3480,"2023","12","OK"
"6426","Johnston",5956,"2023","12","OK"
"6427","Kay",25550,"2023","12","OK"
"6428","Kingfisher",8843,"2023","12","OK"
"6429","Kiowa",4781,"2023","12","OK"
"6430","Latimer",5992,"2023","12","OK"
"6431","LeFlore",28651,"2023","12","OK"
"6432","Lincoln",20690,"2023","12","OK"
"6433","Logan",32081,"2023","12","OK"
"6434","Love",6480,"2023","12","OK"
"6435","Major",4510,"2023","12","OK"
"6436","Marshall",9404,"2023","12","OK"
"6437","Mayes",24198,"2023","12","OK"
"6438","McClain",27833,"2023","12","OK"
"6439","McCurtain",16600,"2023","12","OK"
"6440","McIntosh",12295,"2023","12","OK"
"6441","Murray",8309,"2023","12","OK"
"6442","Muskogee",37177,"2023","12","OK"
"6443","Noble",6764,"2023","12","OK"
"6444","Nowata",6260,"2023","12","OK"
"6445","Okfuskee",6066,"2023","12","OK"
"6446","Oklahoma",444889,"2023","12","OK"
"6447","Okmulgee",21104,"2023","12","OK"
"6448","Osage",28598,"2023","12","OK"
"6449","Ottawa",17926,"2023","12","OK"
"6450","Pawnee",9610,"2023","12","OK"
"6451","Payne",43665,"2023","12","OK"
"6452","Pittsburg",26755,"2023","12","OK"
"6453","Pontotoc",22533,"2023","12","OK"
"6454","Pottawatomie",41134,"2023","12","OK"
"6455","Pushmataha",6805,"2023","12","OK"
"6456","Roger Mills",2362,"2023","12","OK"
"6457","Rogers",62657,"2023","12","OK"
"6458","Seminole",12590,"2023","12","OK"
"6459","Sequoyah",23631,"2023","12","OK"
"6460","Stephens",27438,"2023","12","OK"
"6461","Texas",8781,"2023","12","OK"
"6462","Tillman",3950,"2023","12","OK"
"6463","Tulsa",379622,"2023","12","OK"
"6464","Wagoner",49575,"2023","12","OK"
"6465","Washington",34307,"2023","12","OK"
"6466","Washita",6623,"2023","12","OK"
"6467","Woods",4962,"2023","12","OK"
"6468","Woodward",11081,"2023","12","OK"
"6469","Adair",10936,"2024","01","OK"
"6470","Alfalfa",2967,"2024","01","OK"
"6471","Atoka",7871,"2024","01","OK"
"6472","Beaver",3114,"2024","01","OK"
"6473","Beckham",11584,"2024","01","OK"
"6474","Blaine",5405,"2024","01","OK"
"6475","Bryan",26687,"2024","01","OK"
"6476","Caddo",14121,"2024","01","OK"
"6477","Canadian",99071,"2024","01","OK"
"6478","Carter",30611,"2024","01","OK"
"6479","Cherokee",27074,"2024","01","OK"
"6480","Choctaw",8877,"2024","01","OK"
"6481","Cimarron",1380,"2024","01","OK"
"6482","Cleveland",174017,"2024","01","OK"
"6483","Coal",3748,"2024","01","OK"
"6484","Comanche",59852,"2024","01","OK"
"6485","Cotton",3744,"2024","01","OK"
"6486","Craig",8361,"2024","01","OK"
"6487","Creek",43317,"2024","01","OK"
"6488","Custer",15273,"2024","01","OK"
"6489","Delaware",26444,"2024","01","OK"
"6490","Dewey",3046,"2024","01","OK"
"6491","Ellis",2499,"2024","01","OK"
"6492","Garfield",32943,"2024","01","OK"
"6493","Garvin",15942,"2024","01","OK"
"6494","Grady",34757,"2024","01","OK"
"6495","Grant",2887,"2024","01","OK"
"6496","Greer",2885,"2024","01","OK"
"6497","Harmon",1335,"2024","01","OK"
"6498","Harper",1926,"2024","01","OK"
"6499","Haskell",6915,"2024","01","OK"
"6500","Hughes",7038,"2024","01","OK"
"6501","Jackson",12940,"2024","01","OK"
"6502","Jefferson",3495,"2024","01","OK"
"6503","Johnston",5982,"2024","01","OK"
"6504","Kay",25548,"2024","01","OK"
"6505","Kingfisher",8900,"2024","01","OK"
"6506","Kiowa",4799,"2024","01","OK"
"6507","Latimer",6013,"2024","01","OK"
"6508","LeFlore",28723,"2024","01","OK"
"6509","Lincoln",20844,"2024","01","OK"
"6510","Logan",32265,"2024","01","OK"
"6511","Love",6517,"2024","01","OK"
"6512","Major",4513,"2024","01","OK"
"6513","Marshall",9469,"2024","01","OK"
"6514","Mayes",24325,"2024","01","OK"
"6515","McClain",27986,"2024","01","OK"
"6516","McCurtain",16654,"2024","01","OK"
"6517","McIntosh",12345,"2024","01","OK"
"6518","Murray",8368,"2024","01","OK"
"6519","Muskogee",37276,"2024","01","OK"
"6520","Noble",6800,"2024","01","OK"
"6521","Nowata",6297,"2024","01","OK"
"6522","Okfuskee",6076,"2024","01","OK"
"6523","Oklahoma",446627,"2024","01","OK"
"6524","Okmulgee",21152,"2024","01","OK"
"6525","Osage",28680,"2024","01","OK"
"6526","Ottawa",17980,"2024","01","OK"
"6527","Pawnee",9603,"2024","01","OK"
"6528","Payne",43743,"2024","01","OK"
"6529","Pittsburg",26821,"2024","01","OK"
"6530","Pontotoc",22599,"2024","01","OK"
"6531","Pottawatomie",41319,"2024","01","OK"
"6532","Pushmataha",6826,"2024","01","OK"
"6533","Roger Mills",2368,"2024","01","OK"
"6534","Rogers",62935,"2024","01","OK"
"6535","Seminole",12599,"2024","01","OK"
"6536","Sequoyah",23711,"2024","01","OK"
"6537","Stephens",27550,"2024","01","OK"
"6538","Texas",8853,"2024","01","OK"
"6539","Tillman",3964,"2024","01","OK"
"6540","Tulsa",380539,"2024","01","OK"
"6541","Wagoner",49944,"2024","01","OK"
"6542","Washington",34435,"2024","01","OK"
"6543","Washita",6658,"2024","01","OK"
"6544","Woods",4966,"2024","01","OK"
"6545","Woodward",11111,"2024","01","OK"
"6546","Adair",10963,"2024","02","OK"
"6547","Alfalfa",2969,"2024","02","OK"
"6548","Atoka",7885,"2024","02","OK"
"6549","Beaver",3122,"2024","02","OK"
"6550","Beckham",11573,"2024","02","OK"
"6551","Blaine",5395,"2024","02","OK"
"6552","Bryan",26810,"2024","02","OK"
"6553","Caddo",14147,"2024","02","OK"
"6554","Canadian",99108,"2024","02","OK"
"6555","Carter",30636,"2024","02","OK"
"6556","Cherokee",27084,"2024","02","OK"
"6557","Choctaw",8916,"2024","02","OK"
"6558","Cimarron",1378,"2024","02","OK"
"6559","Cleveland",174306,"2024","02","OK"
"6560","Coal",3755,"2024","02","OK"
"6561","Comanche",59891,"2024","02","OK"
"6562","Cotton",3750,"2024","02","OK"
"6563","Craig",8362,"2024","02","OK"
"6564","Creek",43491,"2024","02","OK"
"6565","Custer",15293,"2024","02","OK"
"6566","Delaware",26475,"2024","02","OK"
"6567","Dewey",3045,"2024","02","OK"
"6568","Ellis",2490,"2024","02","OK"
"6569","Garfield",32953,"2024","02","OK"
"6570","Garvin",15997,"2024","02","OK"
"6571","Grady",34808,"2024","02","OK"
"6572","Grant",2886,"2024","02","OK"
"6573","Greer",2888,"2024","02","OK"
"6574","Harmon",1344,"2024","02","OK"
"6575","Harper",1926,"2024","02","OK"
"6576","Haskell",6921,"2024","02","OK"
"6577","Hughes",7054,"2024","02","OK"
"6578","Jackson",12957,"2024","02","OK"
"6579","Jefferson",3496,"2024","02","OK"
"6580","Johnston",5982,"2024","02","OK"
"6581","Kay",25603,"2024","02","OK"
"6582","Kingfisher",8913,"2024","02","OK"
"6583","Kiowa",4810,"2024","02","OK"
"6584","Latimer",6013,"2024","02","OK"
"6585","LeFlore",28822,"2024","02","OK"
"6586","Lincoln",20862,"2024","02","OK"
"6587","Logan",32359,"2024","02","OK"
"6588","Love",6538,"2024","02","OK"
"6589","Major",4512,"2024","02","OK"
"6590","Marshall",9483,"2024","02","OK"
"6591","Mayes",24333,"2024","02","OK"
"6592","McClain",28033,"2024","02","OK"
"6593","McCurtain",16697,"2024","02","OK"
"6594","McIntosh",12354,"2024","02","OK"
"6595","Murray",8372,"2024","02","OK"
"6596","Muskogee",37342,"2024","02","OK"
"6597","Noble",6801,"2024","02","OK"
"6598","Nowata",6318,"2024","02","OK"
"6599","Okfuskee",6105,"2024","02","OK"
"6600","Oklahoma",447465,"2024","02","OK"
"6601","Okmulgee",21191,"2024","02","OK"
"6602","Osage",28666,"2024","02","OK"
"6603","Ottawa",17999,"2024","02","OK"
"6604","Pawnee",9649,"2024","02","OK"
"6605","Payne",43714,"2024","02","OK"
"6606","Pittsburg",26815,"2024","02","OK"
"6607","Pontotoc",22600,"2024","02","OK"
"6608","Pottawatomie",41335,"2024","02","OK"
"6609","Pushmataha",6868,"2024","02","OK"
"6610","Roger Mills",2369,"2024","02","OK"
"6611","Rogers",63168,"2024","02","OK"
"6612","Seminole",12615,"2024","02","OK"
"6613","Sequoyah",23765,"2024","02","OK"
"6614","Stephens",27557,"2024","02","OK"
"6615","Texas",8871,"2024","02","OK"
"6616","Tillman",3961,"2024","02","OK"
"6617","Tulsa",381405,"2024","02","OK"
"6618","Wagoner",49979,"2024","02","OK"
"6619","Washington",34445,"2024","02","OK"
"6620","Washita",6665,"2024","02","OK"
"6621","Woods",4969,"2024","02","OK"
"6622","Woodward",11120,"2024","02","OK"
"6623","Adair",11020,"2024","03","OK"
"6624","Alfalfa",2976,"2024","03","OK"
"6625","Atoka",7928,"2024","03","OK"
"6626","Beaver",3148,"2024","03","OK"
"6627","Beckham",11620,"2024","03","OK"
"6628","Blaine",5431,"2024","03","OK"
"6629","Bryan",27125,"2024","03","OK"
"6630","Caddo",14224,"2024","03","OK"
"6631","Canadian",99997,"2024","03","OK"
"6632","Carter",30763,"2024","03","OK"
"6633","Cherokee",27213,"2024","03","OK"
"6634","Choctaw",8975,"2024","03","OK"
"6635","Cimarron",1379,"2024","03","OK"
"6636","Cleveland",175345,"2024","03","OK"
"6637","Coal",3785,"2024","03","OK"
"6638","Comanche",60335,"2024","03","OK"
"6639","Cotton",3760,"2024","03","OK"
"6640","Craig",8368,"2024","03","OK"
"6641","Creek",43494,"2024","03","OK"
"6642","Custer",15402,"2024","03","OK"
"6643","Delaware",26620,"2024","03","OK"
"6644","Dewey",3057,"2024","03","OK"
"6645","Ellis",2514,"2024","03","OK"
"6646","Garfield",33146,"2024","03","OK"
"6647","Garvin",16057,"2024","03","OK"
"6648","Grady",34966,"2024","03","OK"
"6649","Grant",2884,"2024","03","OK"
"6650","Greer",2891,"2024","03","OK"
"6651","Harmon",1364,"2024","03","OK"
"6652","Harper",1931,"2024","03","OK"
"6653","Haskell",6966,"2024","03","OK"
"6654","Hughes",7075,"2024","03","OK"
"6655","Jackson",13052,"2024","03","OK"
"6656","Jefferson",3502,"2024","03","OK"
"6657","Johnston",6037,"2024","03","OK"
"6658","Kay",25843,"2024","03","OK"
"6659","Kingfisher",8951,"2024","03","OK"
"6660","Kiowa",4835,"2024","03","OK"
"6661","Latimer",6067,"2024","03","OK"
"6662","LeFlore",29003,"2024","03","OK"
"6663","Lincoln",21009,"2024","03","OK"
"6664","Logan",32563,"2024","03","OK"
"6665","Love",6570,"2024","03","OK"
"6666","Major",4530,"2024","03","OK"
"6667","Marshall",9592,"2024","03","OK"
"6668","Mayes",24524,"2024","03","OK"
"6669","McClain",28228,"2024","03","OK"
"6670","McCurtain",16796,"2024","03","OK"
"6671","McIntosh",12427,"2024","03","OK"
"6672","Murray",8402,"2024","03","OK"
"6673","Muskogee",37513,"2024","03","OK"
"6674","Noble",6822,"2024","03","OK"
"6675","Nowata",6351,"2024","03","OK"
"6676","Okfuskee",6123,"2024","03","OK"
"6677","Oklahoma",449649,"2024","03","OK"
"6678","Okmulgee",21299,"2024","03","OK"
"6679","Osage",28879,"2024","03","OK"
"6680","Ottawa",18087,"2024","03","OK"
"6681","Pawnee",9720,"2024","03","OK"
"6682","Payne",44016,"2024","03","OK"
"6683","Pittsburg",26967,"2024","03","OK"
"6684","Pontotoc",22723,"2024","03","OK"
"6685","Pottawatomie",41495,"2024","03","OK"
"6686","Pushmataha",6919,"2024","03","OK"
"6687","Roger Mills",2382,"2024","03","OK"
"6688","Rogers",63441,"2024","03","OK"
"6689","Seminole",12676,"2024","03","OK"
"6690","Sequoyah",23898,"2024","03","OK"
"6691","Stephens",27710,"2024","03","OK"
"6692","Texas",8925,"2024","03","OK"
"6693","Tillman",3972,"2024","03","OK"
"6694","Tulsa",383131,"2024","03","OK"
"6695","Wagoner",50408,"2024","03","OK"
"6696","Washington",34582,"2024","03","OK"
"6697","Washita",6703,"2024","03","OK"
"6698","Woods",4973,"2024","03","OK"
"6699","Woodward",11171,"2024","03","OK"
"6700","Adair",11164,"2024","04","OK"
"6701","Alfalfa",2986,"2024","04","OK"
"6702","Atoka",7984,"2024","04","OK"
"6703","Beaver",3164,"2024","04","OK"
"6704","Beckham",11699,"2024","04","OK"
"6705","Blaine",5465,"2024","04","OK"
"6706","Bryan",27351,"2024","04","OK"
"6707","Caddo",14276,"2024","04","OK"
"6708","Canadian",100707,"2024","04","OK"
"6709","Carter",30952,"2024","04","OK"
"6710","Cherokee",27468,"2024","04","OK"
"6711","Choctaw",9028,"2024","04","OK"
"6712","Cimarron",1385,"2024","04","OK"
"6713","Cleveland",175992,"2024","04","OK"
"6714","Coal",3807,"2024","04","OK"
"6715","Comanche",60652,"2024","04","OK"
"6716","Cotton",3782,"2024","04","OK"
"6717","Craig",8373,"2024","04","OK"
"6718","Creek",43799,"2024","04","OK"
"6719","Custer",15397,"2024","04","OK"
"6720","Delaware",26877,"2024","04","OK"
"6721","Dewey",3068,"2024","04","OK"
"6722","Ellis",2513,"2024","04","OK"
"6723","Garfield",33373,"2024","04","OK"
"6724","Garvin",16085,"2024","04","OK"
"6725","Grady",35143,"2024","04","OK"
"6726","Grant",2898,"2024","04","OK"
"6727","Greer",2890,"2024","04","OK"
"6728","Harmon",1372,"2024","04","OK"
"6729","Harper",1927,"2024","04","OK"
"6730","Haskell",6986,"2024","04","OK"
"6731","Hughes",7104,"2024","04","OK"
"6732","Jackson",13112,"2024","04","OK"
"6733","Jefferson",3514,"2024","04","OK"
"6734","Johnston",6058,"2024","04","OK"
"6735","Kay",25844,"2024","04","OK"
"6736","Kingfisher",9017,"2024","04","OK"
"6737","Kiowa",4852,"2024","04","OK"
"6738","Latimer",6079,"2024","04","OK"
"6739","LeFlore",29178,"2024","04","OK"
"6740","Lincoln",21170,"2024","04","OK"
"6741","Logan",32820,"2024","04","OK"
"6742","Love",6627,"2024","04","OK"
"6743","Major",4551,"2024","04","OK"
"6744","Marshall",9635,"2024","04","OK"
"6745","Mayes",24631,"2024","04","OK"
"6746","McClain",28417,"2024","04","OK"
"6747","McCurtain",16934,"2024","04","OK"
"6748","McIntosh",12510,"2024","04","OK"
"6749","Murray",8447,"2024","04","OK"
"6750","Muskogee",37716,"2024","04","OK"
"6751","Noble",6878,"2024","04","OK"
"6752","Nowata",6426,"2024","04","OK"
"6753","Okfuskee",6121,"2024","04","OK"
"6754","Oklahoma",451353,"2024","04","OK"
"6755","Okmulgee",21388,"2024","04","OK"
"6756","Osage",28998,"2024","04","OK"
"6757","Ottawa",18196,"2024","04","OK"
"6758","Pawnee",9751,"2024","04","OK"
"6759","Payne",44479,"2024","04","OK"
"6760","Pittsburg",27108,"2024","04","OK"
"6761","Pontotoc",22832,"2024","04","OK"
"6762","Pottawatomie",41819,"2024","04","OK"
"6763","Pushmataha",6935,"2024","04","OK"
"6764","Roger Mills",2388,"2024","04","OK"
"6765","Rogers",63845,"2024","04","OK"
"6766","Seminole",12707,"2024","04","OK"
"6767","Sequoyah",24070,"2024","04","OK"
"6768","Stephens",27791,"2024","04","OK"
"6769","Texas",9006,"2024","04","OK"
"6770","Tillman",3984,"2024","04","OK"
"6771","Tulsa",384751,"2024","04","OK"
"6772","Wagoner",50736,"2024","04","OK"
"6773","Washington",34752,"2024","04","OK"
"6774","Washita",6748,"2024","04","OK"
"6775","Woods",4985,"2024","04","OK"
"6776","Woodward",11233,"2024","04","OK"
"6777","Adair",11195,"2024","05","OK"
"6778","Alfalfa",2999,"2024","05","OK"
"6779","Atoka",8001,"2024","05","OK"
"6780","Beaver",3175,"2024","05","OK"
"6781","Beckham",11739,"2024","05","OK"
"6782","Blaine",5481,"2024","05","OK"
"6783","Bryan",27506,"2024","05","OK"
"6784","Caddo",14287,"2024","05","OK"
"6785","Canadian",101093,"2024","05","OK"
"6786","Carter",31091,"2024","05","OK"
"6787","Cherokee",27520,"2024","05","OK"
"6788","Choctaw",9054,"2024","05","OK"
"6789","Cimarron",1385,"2024","05","OK"
"6790","Cleveland",176310,"2024","05","OK"
"6791","Coal",3832,"2024","05","OK"
"6792","Comanche",60907,"2024","05","OK"
"6793","Cotton",3798,"2024","05","OK"
"6794","Craig",8421,"2024","05","OK"
"6795","Creek",43970,"2024","05","OK"
"6796","Custer",15464,"2024","05","OK"
"6797","Delaware",27004,"2024","05","OK"
"6798","Dewey",3071,"2024","05","OK"
"6799","Ellis",2514,"2024","05","OK"
"6800","Garfield",33430,"2024","05","OK"
"6801","Garvin",16162,"2024","05","OK"
"6802","Grady",35290,"2024","05","OK"
"6803","Grant",2916,"2024","05","OK"
"6804","Greer",2900,"2024","05","OK"
"6805","Harmon",1385,"2024","05","OK"
"6806","Harper",1928,"2024","05","OK"
"6807","Haskell",7010,"2024","05","OK"
"6808","Hughes",7109,"2024","05","OK"
"6809","Jackson",13154,"2024","05","OK"
"6810","Jefferson",3530,"2024","05","OK"
"6811","Johnston",6071,"2024","05","OK"
"6812","Kay",25881,"2024","05","OK"
"6813","Kingfisher",9057,"2024","05","OK"
"6814","Kiowa",4877,"2024","05","OK"
"6815","Latimer",6101,"2024","05","OK"
"6816","LeFlore",29250,"2024","05","OK"
"6817","Lincoln",21226,"2024","05","OK"
"6818","Logan",32933,"2024","05","OK"
"6819","Love",6638,"2024","05","OK"
"6820","Major",4581,"2024","05","OK"
"6821","Marshall",9681,"2024","05","OK"
"6822","Mayes",24732,"2024","05","OK"
"6823","McClain",28522,"2024","05","OK"
"6824","McCurtain",17009,"2024","05","OK"
"6825","McIntosh",12561,"2024","05","OK"
"6826","Murray",8454,"2024","05","OK"
"6827","Muskogee",37835,"2024","05","OK"
"6828","Noble",6896,"2024","05","OK"
"6829","Nowata",6453,"2024","05","OK"
"6830","Okfuskee",6160,"2024","05","OK"
"6831","Oklahoma",452577,"2024","05","OK"
"6832","Okmulgee",21435,"2024","05","OK"
"6833","Osage",29102,"2024","05","OK"
"6834","Ottawa",18287,"2024","05","OK"
"6835","Pawnee",9792,"2024","05","OK"
"6836","Payne",44678,"2024","05","OK"
"6837","Pittsburg",27226,"2024","05","OK"
"6838","Pontotoc",22896,"2024","05","OK"
"6839","Pottawatomie",41994,"2024","05","OK"
"6840","Pushmataha",6963,"2024","05","OK"
"6841","Roger Mills",2406,"2024","05","OK"
"6842","Rogers",64010,"2024","05","OK"
"6843","Seminole",12747,"2024","05","OK"
"6844","Sequoyah",24152,"2024","05","OK"
"6845","Stephens",27837,"2024","05","OK"
"6846","Texas",9034,"2024","05","OK"
"6847","Tillman",3999,"2024","05","OK"
"6848","Tulsa",386242,"2024","05","OK"
"6849","Wagoner",51006,"2024","05","OK"
"6850","Washington",34785,"2024","05","OK"
"6851","Washita",6765,"2024","05","OK"
"6852","Woods",5005,"2024","05","OK"
"6853","Woodward",11249,"2024","05","OK"
"6854","Adair",11257,"2024","06","OK"
"6855","Alfalfa",3003,"2024","06","OK"
"6856","Atoka",8064,"2024","06","OK"
"6857","Beaver",3203,"2024","06","OK"
"6858","Beckham",11774,"2024","06","OK"
"6859","Blaine",5500,"2024","06","OK"
"6860","Bryan",27776,"2024","06","OK"
"6861","Caddo",14370,"2024","06","OK"
"6862","Canadian",101811,"2024","06","OK"
"6863","Carter",31223,"2024","06","OK"
"6864","Cherokee",27703,"2024","06","OK"
"6865","Choctaw",9099,"2024","06","OK"
"6866","Cimarron",1382,"2024","06","OK"
"6867","Cleveland",177076,"2024","06","OK"
"6868","Coal",3838,"2024","06","OK"
"6869","Comanche",61408,"2024","06","OK"
"6870","Cotton",3810,"2024","06","OK"
"6871","Craig",8481,"2024","06","OK"
"6872","Creek",44095,"2024","06","OK"
"6873","Custer",15475,"2024","06","OK"
"6874","Delaware",27153,"2024","06","OK"
"6875","Dewey",3081,"2024","06","OK"
"6876","Ellis",2521,"2024","06","OK"
"6877","Garfield",33559,"2024","06","OK"
"6878","Garvin",16239,"2024","06","OK"
"6879","Grady",35502,"2024","06","OK"
"6880","Grant",2925,"2024","06","OK"
"6881","Greer",2907,"2024","06","OK"
"6882","Harmon",1390,"2024","06","OK"
"6883","Harper",1923,"2024","06","OK"
"6884","Haskell",7042,"2024","06","OK"
"6885","Hughes",7129,"2024","06","OK"
"6886","Jackson",13154,"2024","06","OK"
"6887","Jefferson",3547,"2024","06","OK"
"6888","Johnston",6114,"2024","06","OK"
"6889","Kay",25986,"2024","06","OK"
"6890","Kingfisher",9114,"2024","06","OK"
"6891","Kiowa",4881,"2024","06","OK"
"6892","Latimer",6136,"2024","06","OK"
"6893","LeFlore",29387,"2024","06","OK"
"6894","Lincoln",21351,"2024","06","OK"
"6895","Logan",33210,"2024","06","OK"
"6896","Love",6674,"2024","06","OK"
"6897","Major",4605,"2024","06","OK"
"6898","Marshall",9761,"2024","06","OK"
"6899","Mayes",24867,"2024","06","OK"
"6900","McClain",28763,"2024","06","OK"
"6901","McCurtain",17113,"2024","06","OK"
"6902","McIntosh",12624,"2024","06","OK"
"6903","Murray",8508,"2024","06","OK"
"6904","Muskogee",38013,"2024","06","OK"
"6905","Noble",6942,"2024","06","OK"
"6906","Nowata",6484,"2024","06","OK"
"6907","Okfuskee",6160,"2024","06","OK"
"6908","Oklahoma",454732,"2024","06","OK"
"6909","Okmulgee",21507,"2024","06","OK"
"6910","Osage",29195,"2024","06","OK"
"6911","Ottawa",18345,"2024","06","OK"
"6912","Pawnee",9859,"2024","06","OK"
"6913","Payne",45000,"2024","06","OK"
"6914","Pittsburg",27344,"2024","06","OK"
"6915","Pontotoc",23007,"2024","06","OK"
"6916","Pottawatomie",42297,"2024","06","OK"
"6917","Pushmataha",6996,"2024","06","OK"
"6918","Roger Mills",2418,"2024","06","OK"
"6919","Rogers",64025,"2024","06","OK"
"6920","Seminole",12800,"2024","06","OK"
"6921","Sequoyah",24297,"2024","06","OK"
"6922","Stephens",27952,"2024","06","OK"
"6923","Texas",9067,"2024","06","OK"
"6924","Tillman",4016,"2024","06","OK"
"6925","Tulsa",387843,"2024","06","OK"
"6926","Wagoner",51474,"2024","06","OK"
"6927","Washington",34942,"2024","06","OK"
"6928","Washita",6813,"2024","06","OK"
"6929","Woods",5028,"2024","06","OK"
"6930","Woodward",11267,"2024","06","OK"
"6931","Adair",11321,"2024","07","OK"
"6932","Alfalfa",3014,"2024","07","OK"
"6933","Atoka",8103,"2024","07","OK"
"6934","Beaver",3231,"2024","07","OK"
"6935","Beckham",11850,"2024","07","OK"
"6936","Blaine",5539,"2024","07","OK"
"6937","Bryan",28040,"2024","07","OK"
"6938","Caddo",14422,"2024","07","OK"
"6939","Canadian",103107,"2024","07","OK"
"6940","Carter",31420,"2024","07","OK"
"6941","Cherokee",27885,"2024","07","OK"
"6942","Choctaw",9131,"2024","07","OK"
"6943","Cimarron",1382,"2024","07","OK"
"6944","Cleveland",178270,"2024","07","OK"
"6945","Coal",3862,"2024","07","OK"
"6946","Comanche",61740,"2024","07","OK"
"6947","Cotton",3818,"2024","07","OK"
"6948","Craig",8487,"2024","07","OK"
"6949","Creek",44390,"2024","07","OK"
"6950","Custer",15526,"2024","07","OK"
"6951","Delaware",27322,"2024","07","OK"
"6952","Dewey",3077,"2024","07","OK"
"6953","Ellis",2537,"2024","07","OK"
"6954","Garfield",33801,"2024","07","OK"
"6955","Garvin",16273,"2024","07","OK"
"6956","Grady",35680,"2024","07","OK"
"6957","Grant",2942,"2024","07","OK"
"6958","Greer",2915,"2024","07","OK"
"6959","Harmon",1386,"2024","07","OK"
"6960","Harper",1925,"2024","07","OK"
"6961","Haskell",7064,"2024","07","OK"
"6962","Hughes",7133,"2024","07","OK"
"6963","Jackson",13310,"2024","07","OK"
"6964","Jefferson",3555,"2024","07","OK"
"6965","Johnston",6154,"2024","07","OK"
"6966","Kay",26073,"2024","07","OK"
"6967","Kingfisher",9148,"2024","07","OK"
"6968","Kiowa",4890,"2024","07","OK"
"6969","Latimer",6155,"2024","07","OK"
"6970","LeFlore",29519,"2024","07","OK"
"6971","Lincoln",21479,"2024","07","OK"
"6972","Logan",33476,"2024","07","OK"
"6973","Love",6711,"2024","07","OK"
"6974","Major",4619,"2024","07","OK"
"6975","Marshall",9832,"2024","07","OK"
"6976","Mayes",24994,"2024","07","OK"
"6977","McClain",28917,"2024","07","OK"
"6978","McCurtain",17236,"2024","07","OK"
"6979","McIntosh",12743,"2024","07","OK"
"6980","Murray",8530,"2024","07","OK"
"6981","Muskogee",38205,"2024","07","OK"
"6982","Noble",6974,"2024","07","OK"
"6983","Nowata",6537,"2024","07","OK"
"6984","Okfuskee",6212,"2024","07","OK"
"6985","Oklahoma",457168,"2024","07","OK"
"6986","Okmulgee",21655,"2024","07","OK"
"6987","Osage",29391,"2024","07","OK"
"6988","Ottawa",18413,"2024","07","OK"
"6989","Pawnee",9916,"2024","07","OK"
"6990","Payne",44794,"2024","07","OK"
"6991","Pittsburg",27497,"2024","07","OK"
"6992","Pontotoc",23203,"2024","07","OK"
"6993","Pottawatomie",42516,"2024","07","OK"
"6994","Pushmataha",7035,"2024","07","OK"
"6995","Roger Mills",2410,"2024","07","OK"
"6996","Rogers",64606,"2024","07","OK"
"6997","Seminole",12808,"2024","07","OK"
"6998","Sequoyah",24496,"2024","07","OK"
"6999","Stephens",28138,"2024","07","OK"
"7000","Texas",9111,"2024","07","OK"
"7001","Tillman",4029,"2024","07","OK"
"7002","Tulsa",390343,"2024","07","OK"
"7003","Wagoner",51828,"2024","07","OK"
"7004","Washington",35125,"2024","07","OK"
"7005","Washita",6793,"2024","07","OK"
"7006","Woods",5028,"2024","07","OK"
"7007","Woodward",11302,"2024","07","OK"
"7008","Adair",11403,"2024","08","OK"
"7009","Alfalfa",3032,"2024","08","OK"
"7010","Atoka",8167,"2024","08","OK"
"7011","Beaver",3209,"2024","08","OK"
"7012","Beckham",11902,"2024","08","OK"
"7013","Blaine",5568,"2024","08","OK"
"7014","Bryan",28282,"2024","08","OK"
"7015","Caddo",14512,"2024","08","OK"
"7016","Canadian",103898,"2024","08","OK"
"7017","Carter",31587,"2024","08","OK"
"7018","Cherokee",28081,"2024","08","OK"
"7019","Choctaw",9180,"2024","08","OK"
"7020","Cimarron",1388,"2024","08","OK"
"7021","Cleveland",178584,"2024","08","OK"
"7022","Coal",3880,"2024","08","OK"
"7023","Comanche",62388,"2024","08","OK"
"7024","Cotton",3836,"2024","08","OK"
"7025","Craig",8589,"2024","08","OK"
"7026","Creek",44629,"2024","08","OK"
"7027","Custer",15622,"2024","08","OK"
"7028","Delaware",27552,"2024","08","OK"
"7029","Dewey",3086,"2024","08","OK"
"7030","Ellis",2561,"2024","08","OK"
"7031","Garfield",34074,"2024","08","OK"
"7032","Garvin",16440,"2024","08","OK"
"7033","Grady",36039,"2024","08","OK"
"7034","Grant",2944,"2024","08","OK"
"7035","Greer",2930,"2024","08","OK"
"7036","Harmon",1400,"2024","08","OK"
"7037","Harper",1938,"2024","08","OK"
"7038","Haskell",7091,"2024","08","OK"
"7039","Hughes",7177,"2024","08","OK"
"7040","Jackson",13334,"2024","08","OK"
"7041","Jefferson",3585,"2024","08","OK"
"7042","Johnston",6188,"2024","08","OK"
"7043","Kay",26250,"2024","08","OK"
"7044","Kingfisher",9130,"2024","08","OK"
"7045","Kiowa",4901,"2024","08","OK"
"7046","Latimer",6183,"2024","08","OK"
"7047","LeFlore",29690,"2024","08","OK"
"7048","Lincoln",21517,"2024","08","OK"
"7049","Logan",33804,"2024","08","OK"
"7050","Love",6740,"2024","08","OK"
"7051","Major",4643,"2024","08","OK"
"7052","Marshall",9943,"2024","08","OK"
"7053","Mayes",25164,"2024","08","OK"
"7054","McClain",28950,"2024","08","OK"
"7055","McCurtain",17382,"2024","08","OK"
"7056","McIntosh",12779,"2024","08","OK"
"7057","Murray",8593,"2024","08","OK"
"7058","Muskogee",38485,"2024","08","OK"
"7059","Noble",7008,"2024","08","OK"
"7060","Nowata",6572,"2024","08","OK"
"7061","Okfuskee",6221,"2024","08","OK"
"7062","Oklahoma",458734,"2024","08","OK"
"7063","Okmulgee",21840,"2024","08","OK"
"7064","Osage",29635,"2024","08","OK"
"7065","Ottawa",18550,"2024","08","OK"
"7066","Pawnee",10000,"2024","08","OK"
"7067","Payne",45420,"2024","08","OK"
"7068","Pittsburg",27648,"2024","08","OK"
"7069","Pontotoc",23344,"2024","08","OK"
"7070","Pottawatomie",42472,"2024","08","OK"
"7071","Pushmataha",7080,"2024","08","OK"
"7072","Roger Mills",2432,"2024","08","OK"
"7073","Rogers",64946,"2024","08","OK"
"7074","Seminole",12912,"2024","08","OK"
"7075","Sequoyah",24678,"2024","08","OK"
"7076","Stephens",28333,"2024","08","OK"
"7077","Texas",9178,"2024","08","OK"
"7078","Tillman",4053,"2024","08","OK"
"7079","Tulsa",391377,"2024","08","OK"
"7080","Wagoner",52072,"2024","08","OK"
"7081","Washington",35341,"2024","08","OK"
"7082","Washita",6778,"2024","08","OK"
"7083","Woods",5052,"2024","08","OK"
"7084","Woodward",11349,"2024","08","OK"
"7085","Adair",11540,"2024","09","OK"
"7086","Alfalfa",3043,"2024","09","OK"
"7087","Atoka",8246,"2024","09","OK"
"7088","Beaver",3237,"2024","09","OK"
"7089","Beckham",11993,"2024","09","OK"
"7090","Blaine",5602,"2024","09","OK"
"7091","Bryan",28769,"2024","09","OK"
"7092","Caddo",14657,"2024","09","OK"
"7093","Canadian",105483,"2024","09","OK"
"7094","Carter",31863,"2024","09","OK"
"7095","Cherokee",28467,"2024","09","OK"
"7096","Choctaw",9259,"2024","09","OK"
"7097","Cimarron",1394,"2024","09","OK"
"7098","Cleveland",181109,"2024","09","OK"
"7099","Coal",3938,"2024","09","OK"
"7100","Comanche",62989,"2024","09","OK"
"7101","Cotton",3848,"2024","09","OK"
"7102","Craig",8661,"2024","09","OK"
"7103","Creek",45366,"2024","09","OK"
"7104","Custer",15791,"2024","09","OK"
"7105","Delaware",27925,"2024","09","OK"
"7106","Dewey",3091,"2024","09","OK"
"7107","Ellis",2583,"2024","09","OK"
"7108","Garfield",34418,"2024","09","OK"
"7109","Garvin",16515,"2024","09","OK"
"7110","Grady",36389,"2024","09","OK"
"7111","Grant",2942,"2024","09","OK"
"7112","Greer",2949,"2024","09","OK"
"7113","Harmon",1406,"2024","09","OK"
"7114","Harper",1958,"2024","09","OK"
"7115","Haskell",7171,"2024","09","OK"
"7116","Hughes",7230,"2024","09","OK"
"7117","Jackson",13581,"2024","09","OK"
"7118","Jefferson",3605,"2024","09","OK"
"7119","Johnston",6272,"2024","09","OK"
"7120","Kay",26510,"2024","09","OK"
"7121","Kingfisher",9307,"2024","09","OK"
"7122","Kiowa",4932,"2024","09","OK"
"7123","Latimer",6242,"2024","09","OK"
"7124","LeFlore",29984,"2024","09","OK"
"7125","Lincoln",21952,"2024","09","OK"
"7126","Logan",34252,"2024","09","OK"
"7127","Love",6823,"2024","09","OK"
"7128","Major",4684,"2024","09","OK"
"7129","Marshall",10052,"2024","09","OK"
"7130","Mayes",25443,"2024","09","OK"
"7131","McClain",29603,"2024","09","OK"
"7132","McCurtain",17598,"2024","09","OK"
"7133","McIntosh",12958,"2024","09","OK"
"7134","Murray",8693,"2024","09","OK"
"7135","Muskogee",38779,"2024","09","OK"
"7136","Noble",7058,"2024","09","OK"
"7137","Nowata",6640,"2024","09","OK"
"7138","Okfuskee",6296,"2024","09","OK"
"7139","Oklahoma",466336,"2024","09","OK"
"7140","Okmulgee",22009,"2024","09","OK"
"7141","Osage",29899,"2024","09","OK"
"7142","Ottawa",18740,"2024","09","OK"
"7143","Pawnee",10066,"2024","09","OK"
"7144","Payne",45863,"2024","09","OK"
"7145","Pittsburg",27938,"2024","09","OK"
"7146","Pontotoc",23593,"2024","09","OK"
"7147","Pottawatomie",43503,"2024","09","OK"
"7148","Pushmataha",7144,"2024","09","OK"
"7149","Roger Mills",2433,"2024","09","OK"
"7150","Rogers",65701,"2024","09","OK"
"7151","Seminole",13088,"2024","09","OK"
"7152","Sequoyah",24922,"2024","09","OK"
"7153","Stephens",28533,"2024","09","OK"
"7154","Texas",9250,"2024","09","OK"
"7155","Tillman",4092,"2024","09","OK"
"7156","Tulsa",396508,"2024","09","OK"
"7157","Wagoner",53386,"2024","09","OK"
"7158","Washington",35697,"2024","09","OK"
"7159","Washita",6845,"2024","09","OK"
"7160","Woods",5109,"2024","09","OK"
"7161","Woodward",11404,"2024","09","OK"
"7162","Adair",11667,"2024","10","OK"
"7163","Alfalfa",3065,"2024","10","OK"
"7164","Atoka",8331,"2024","10","OK"
"7165","Beaver",3254,"2024","10","OK"
"7166","Beckham",12082,"2024","10","OK"
"7167","Blaine",5621,"2024","10","OK"
"7168","Bryan",29178,"2024","10","OK"
"7169","Caddo",14716,"2024","10","OK"
"7170","Canadian",107072,"2024","10","OK"
"7171","Carter",32101,"2024","10","OK"
"7172","Cherokee",28909,"2024","10","OK"
"7173","Choctaw",9355,"2024","10","OK"
"7174","Cimarron",1406,"2024","10","OK"
"7175","Cleveland",183522,"2024","10","OK"
"7176","Coal",3945,"2024","10","OK"
"7177","Comanche",63933,"2024","10","OK"
"7178","Cotton",3883,"2024","10","OK"
"7179","Craig",8800,"2024","10","OK"
"7180","Creek",45861,"2024","10","OK"
"7181","Custer",15949,"2024","10","OK"
"7182","Delaware",28200,"2024","10","OK"
"7183","Dewey",3108,"2024","10","OK"
"7184","Ellis",2603,"2024","10","OK"
"7185","Garfield",34703,"2024","10","OK"
"7186","Garvin",16683,"2024","10","OK"
"7187","Grady",36895,"2024","10","OK"
"7188","Grant",2954,"2024","10","OK"
"7189","Greer",2954,"2024","10","OK"
"7190","Harmon",1425,"2024","10","OK"
"7191","Harper",1961,"2024","10","OK"
"7192","Haskell",7240,"2024","10","OK"
"7193","Hughes",7286,"2024","10","OK"
"7194","Jackson",13789,"2024","10","OK"
"7195","Jefferson",3645,"2024","10","OK"
"7196","Johnston",6324,"2024","10","OK"
"7197","Kay",26794,"2024","10","OK"
"7198","Kingfisher",9421,"2024","10","OK"
"7199","Kiowa",4975,"2024","10","OK"
"7200","Latimer",6292,"2024","10","OK"
"7201","LeFlore",30315,"2024","10","OK"
"7202","Lincoln",22196,"2024","10","OK"
"7203","Logan",34849,"2024","10","OK"
"7204","Love",6890,"2024","10","OK"
"7205","Major",4716,"2024","10","OK"
"7206","Marshall",10169,"2024","10","OK"
"7207","Mayes",25684,"2024","10","OK"
"7208","McClain",29967,"2024","10","OK"
"7209","McCurtain",17754,"2024","10","OK"
"7210","McIntosh",13054,"2024","10","OK"
"7211","Murray",8760,"2024","10","OK"
"7212","Muskogee",39147,"2024","10","OK"
"7213","Noble",7135,"2024","10","OK"
"7214","Nowata",6705,"2024","10","OK"
"7215","Okfuskee",6353,"2024","10","OK"
"7216","Oklahoma",471129,"2024","10","OK"
"7217","Okmulgee",22238,"2024","10","OK"
"7218","Osage",30264,"2024","10","OK"
"7219","Ottawa",18947,"2024","10","OK"
"7220","Pawnee",10219,"2024","10","OK"
"7221","Payne",46729,"2024","10","OK"
"7222","Pittsburg",28116,"2024","10","OK"
"7223","Pontotoc",23956,"2024","10","OK"
"7224","Pottawatomie",43772,"2024","10","OK"
"7225","Pushmataha",7222,"2024","10","OK"
"7226","Roger Mills",2428,"2024","10","OK"
"7227","Rogers",66543,"2024","10","OK"
"7228","Seminole",13184,"2024","10","OK"
"7229","Sequoyah",25238,"2024","10","OK"
"7230","Stephens",28707,"2024","10","OK"
"7231","Texas",9352,"2024","10","OK"
"7232","Tillman",4114,"2024","10","OK"
"7233","Tulsa",402547,"2024","10","OK"
"7234","Wagoner",54510,"2024","10","OK"
"7235","Washington",35916,"2024","10","OK"
"7236","Washita",6905,"2024","10","OK"
"7237","Woods",5139,"2024","10","OK"
"7238","Woodward",11440,"2024","10","OK"
"7239","Adair",11843,"2024","11","OK"
"7240","Alfalfa",3087,"2024","11","OK"
"7241","Atoka",8421,"2024","11","OK"
"7242","Beaver",3271,"2024","11","OK"
"7243","Beckham",12190,"2024","11","OK"
"7244","Blaine",5663,"2024","11","OK"
"7245","Bryan",29665,"2024","11","OK"
"7246","Caddo",14802,"2024","11","OK"
"7247","Canadian",108477,"2024","11","OK"
"7248","Carter",32451,"2024","11","OK"
"7249","Cherokee",29027,"2024","11","OK"
"7250","Choctaw",9452,"2024","11","OK"
"7251","Cimarron",1411,"2024","11","OK"
"7252","Cleveland",184262,"2024","11","OK"
"7253","Coal",3993,"2024","11","OK"
"7254","Comanche",64130,"2024","11","OK"
"7255","Cotton",3918,"2024","11","OK"
"7256","Craig",8857,"2024","11","OK"
"7257","Creek",46408,"2024","11","OK"
"7258","Custer",16086,"2024","11","OK"
"7259","Delaware",28534,"2024","11","OK"
"7260","Dewey",3135,"2024","11","OK"
"7261","Ellis",2612,"2024","11","OK"
"7262","Garfield",35115,"2024","11","OK"
"7263","Garvin",16844,"2024","11","OK"
"7264","Grady",37219,"2024","11","OK"
"7265","Grant",2961,"2024","11","OK"
"7266","Greer",2982,"2024","11","OK"
"7267","Harmon",1435,"2024","11","OK"
"7268","Harper",1978,"2024","11","OK"
"7269","Haskell",7319,"2024","11","OK"
"7270","Hughes",7336,"2024","11","OK"
"7271","Jackson",13966,"2024","11","OK"
"7272","Jefferson",3680,"2024","11","OK"
"7273","Johnston",6408,"2024","11","OK"
"7274","Kay",26984,"2024","11","OK"
"7275","Kingfisher",9499,"2024","11","OK"
"7276","Kiowa",5016,"2024","11","OK"
"7277","Latimer",6350,"2024","11","OK"
"7278","LeFlore",30595,"2024","11","OK"
"7279","Lincoln",22446,"2024","11","OK"
"7280","Logan",35217,"2024","11","OK"
"7281","Love",6956,"2024","11","OK"
"7282","Major",4750,"2024","11","OK"
"7283","Marshall",10302,"2024","11","OK"
"7284","Mayes",25950,"2024","11","OK"
"7285","McClain",30386,"2024","11","OK"
"7286","McCurtain",17957,"2024","11","OK"
"7287","McIntosh",13177,"2024","11","OK"
"7288","Murray",8879,"2024","11","OK"
"7289","Muskogee",39565,"2024","11","OK"
"7290","Noble",7181,"2024","11","OK"
"7291","Nowata",6758,"2024","11","OK"
"7292","Okfuskee",6418,"2024","11","OK"
"7293","Oklahoma",475356,"2024","11","OK"
"7294","Okmulgee",22487,"2024","11","OK"
"7295","Osage",30388,"2024","11","OK"
"7296","Ottawa",19203,"2024","11","OK"
"7297","Pawnee",10279,"2024","11","OK"
"7298","Payne",46695,"2024","11","OK"
"7299","Pittsburg",28376,"2024","11","OK"
"7300","Pontotoc",24011,"2024","11","OK"
"7301","Pottawatomie",44499,"2024","11","OK"
"7302","Pushmataha",7289,"2024","11","OK"
"7303","Roger Mills",2438,"2024","11","OK"
"7304","Rogers",67330,"2024","11","OK"
"7305","Seminole",13313,"2024","11","OK"
"7306","Sequoyah",25598,"2024","11","OK"
"7307","Stephens",28914,"2024","11","OK"
"7308","Texas",9457,"2024","11","OK"
"7309","Tillman",4150,"2024","11","OK"
"7310","Tulsa",405373,"2024","11","OK"
"7311","Wagoner",54742,"2024","11","OK"
"7312","Washington",36217,"2024","11","OK"
"7313","Washita",6933,"2024","11","OK"
"7314","Woods",5157,"2024","11","OK"
"7315","Woodward",11545,"2024","11","OK"
"7316","Adair",11865,"2024","12","OK"
"7317","Alfalfa",3092,"2024","12","OK"
"7318","Atoka",8505,"2024","12","OK"
"7319","Beaver",3242,"2024","12","OK"
"7320","Beckham",12199,"2024","12","OK"
"7321","Blaine",5666,"2024","12","OK"
"7322","Bryan",29750,"2024","12","OK"
"7323","Caddo",14815,"2024","12","OK"
"7324","Canadian",108894,"2024","12","OK"
"7325","Carter",32533,"2024","12","OK"
"7326","Cherokee",29022,"2024","12","OK"
"7327","Choctaw",9483,"2024","12","OK"
"7328","Cimarron",1412,"2024","12","OK"
"7329","Cleveland",185214,"2024","12","OK"
"7330","Coal",3974,"2024","12","OK"
"7331","Comanche",64670,"2024","12","OK"
"7332","Cotton",3922,"2024","12","OK"
"7333","Craig",8869,"2024","12","OK"
"7334","Creek",46445,"2024","12","OK"
"7335","Custer",16123,"2024","12","OK"
"7336","Delaware",28585,"2024","12","OK"
"7337","Dewey",3139,"2024","12","OK"
"7338","Ellis",2609,"2024","12","OK"
"7339","Garfield",35061,"2024","12","OK"
"7340","Garvin",16873,"2024","12","OK"
"7341","Grady",37308,"2024","12","OK"
"7342","Grant",2962,"2024","12","OK"
"7343","Greer",2981,"2024","12","OK"
"7344","Harmon",1435,"2024","12","OK"
"7345","Harper",1973,"2024","12","OK"
"7346","Haskell",7295,"2024","12","OK"
"7347","Hughes",7383,"2024","12","OK"
"7348","Jackson",14029,"2024","12","OK"
"7349","Jefferson",3685,"2024","12","OK"
"7350","Johnston",6408,"2024","12","OK"
"7351","Kay",27023,"2024","12","OK"
"7352","Kingfisher",9497,"2024","12","OK"
"7353","Kiowa",5021,"2024","12","OK"
"7354","Latimer",6357,"2024","12","OK"
"7355","LeFlore",30640,"2024","12","OK"
"7356","Lincoln",22463,"2024","12","OK"
"7357","Logan",35377,"2024","12","OK"
"7358","Love",6972,"2024","12","OK"
"7359","Major",4733,"2024","12","OK"
"7360","Marshall",10340,"2024","12","OK"
"7361","Mayes",25992,"2024","12","OK"
"7362","McClain",30424,"2024","12","OK"
"7363","McCurtain",18009,"2024","12","OK"
"7364","McIntosh",13208,"2024","12","OK"
"7365","Murray",8884,"2024","12","OK"
"7366","Muskogee",39550,"2024","12","OK"
"7367","Noble",7185,"2024","12","OK"
"7368","Nowata",6776,"2024","12","OK"
"7369","Okfuskee",6419,"2024","12","OK"
"7370","Oklahoma",474621,"2024","12","OK"
"7371","Okmulgee",22524,"2024","12","OK"
"7372","Osage",30604,"2024","12","OK"
"7373","Ottawa",19229,"2024","12","OK"
"7374","Pawnee",10265,"2024","12","OK"
"7375","Payne",46621,"2024","12","OK"
"7376","Pittsburg",28379,"2024","12","OK"
"7377","Pontotoc",24091,"2024","12","OK"
"7378","Pottawatomie",44318,"2024","12","OK"
"7379","Pushmataha",7319,"2024","12","OK"
"7380","Roger Mills",2445,"2024","12","OK"
"7381","Rogers",67359,"2024","12","OK"
"7382","Seminole",13308,"2024","12","OK"
"7383","Sequoyah",25624,"2024","12","OK"
"7384","Stephens",28911,"2024","12","OK"
"7385","Texas",9450,"2024","12","OK"
"7386","Tillman",4152,"2024","12","OK"
"7387","Tulsa",405916,"2024","12","OK"
"7388","Wagoner",55058,"2024","12","OK"
"7389","Washington",36212,"2024","12","OK"
"7390","Washita",6939,"2024","12","OK"
"7391","Woods",5164,"2024","12","OK"
"7392","Woodward",11548,"2024","12","OK"
"7393","Adair",11125,"2025","01","OK"
"7394","Alfalfa",2968,"2025","01","OK"
"7395","Atoka",8045,"2025","01","OK"
"7396","Beaver",3115,"2025","01","OK"
"7397","Beckham",11505,"2025","01","OK"
"7398","Blaine",5440,"2025","01","OK"
"7399","Bryan",28364,"2025","01","OK"
"7400","Caddo",14008,"2025","01","OK"
"7401","Canadian",105071,"2025","01","OK"
"7402","Carter",30385,"2025","01","OK"
"7403","Cherokee",27453,"2025","01","OK"
"7404","Choctaw",8944,"2025","01","OK"
"7405","Cimarron",1332,"2025","01","OK"
"7406","Cleveland",175846,"2025","01","OK"
"7407","Coal",3726,"2025","01","OK"
"7408","Comanche",59616,"2025","01","OK"
"7409","Cotton",3717,"2025","01","OK"
"7410","Craig",8429,"2025","01","OK"
"7411","Creek",44380,"2025","01","OK"
"7412","Custer",14986,"2025","01","OK"
"7413","Delaware",27268,"2025","01","OK"
"7414","Dewey",3006,"2025","01","OK"
"7415","Ellis",2480,"2025","01","OK"
"7416","Garfield",33332,"2025","01","OK"
"7417","Garvin",15999,"2025","01","OK"
"7418","Grady",35573,"2025","01","OK"
"7419","Grant",2857,"2025","01","OK"
"7420","Greer",2813,"2025","01","OK"
"7421","Harmon",1366,"2025","01","OK"
"7422","Harper",1903,"2025","01","OK"
"7423","Haskell",6958,"2025","01","OK"
"7424","Hughes",6957,"2025","01","OK"
"7425","Jackson",13101,"2025","01","OK"
"7426","Jefferson",3475,"2025","01","OK"
"7427","Johnston",6044,"2025","01","OK"
"7428","Kay",25508,"2025","01","OK"
"7429","Kingfisher",9163,"2025","01","OK"
"7430","Kiowa",4777,"2025","01","OK"
"7431","Latimer",5996,"2025","01","OK"
"7432","LeFlore",28964,"2025","01","OK"
"7433","Lincoln",21487,"2025","01","OK"
"7434","Logan",33939,"2025","01","OK"
"7435","Love",6472,"2025","01","OK"
"7436","Major",4581,"2025","01","OK"
"7437","Marshall",9851,"2025","01","OK"
"7438","Mayes",24835,"2025","01","OK"
"7439","McClain",29341,"2025","01","OK"
"7440","McCurtain",17004,"2025","01","OK"
"7441","McIntosh",12540,"2025","01","OK"
"7442","Murray",8431,"2025","01","OK"
"7443","Muskogee",37458,"2025","01","OK"
"7444","Noble",6852,"2025","01","OK"
"7445","Nowata",6481,"2025","01","OK"
"7446","Okfuskee",5977,"2025","01","OK"
"7447","Oklahoma",448355,"2025","01","OK"
"7448","Okmulgee",21393,"2025","01","OK"
"7449","Osage",29179,"2025","01","OK"
"7450","Ottawa",18010,"2025","01","OK"
"7451","Pawnee",9840,"2025","01","OK"
"7452","Payne",43909,"2025","01","OK"
"7453","Pittsburg",26849,"2025","01","OK"
"7454","Pontotoc",22835,"2025","01","OK"
"7455","Pottawatomie",42247,"2025","01","OK"
"7456","Pushmataha",6933,"2025","01","OK"
"7457","Roger Mills",2351,"2025","01","OK"
"7458","Rogers",64753,"2025","01","OK"
"7459","Seminole",12553,"2025","01","OK"
"7460","Sequoyah",24112,"2025","01","OK"
"7461","Stephens",27456,"2025","01","OK"
"7462","Texas",8755,"2025","01","OK"
"7463","Tillman",3869,"2025","01","OK"
"7464","Tulsa",385165,"2025","01","OK"
"7465","Wagoner",53089,"2025","01","OK"
"7466","Washington",34001,"2025","01","OK"
"7467","Washita",6597,"2025","01","OK"
"7468","Woods",4949,"2025","01","OK"
"7469","Woodward",10936,"2025","01","OK"
"7470","Adair",11156,"2025","02","OK"
"7471","Alfalfa",2963,"2025","02","OK"
"7472","Atoka",8061,"2025","02","OK"
"7473","Beaver",3117,"2025","02","OK"
"7474","Beckham",11525,"2025","02","OK"
"7475","Blaine",5447,"2025","02","OK"
"7476","Bryan",28415,"2025","02","OK"
"7477","Caddo",14068,"2025","02","OK"
"7478","Canadian",105481,"2025","02","OK"
"7479","Carter",30449,"2025","02","OK"
"7480","Cherokee",27535,"2025","02","OK"
"7481","Choctaw",8953,"2025","02","OK"
"7482","Cimarron",1330,"2025","02","OK"
"7483","Cleveland",175961,"2025","02","OK"
"7484","Coal",3740,"2025","02","OK"
"7485","Comanche",59827,"2025","02","OK"
"7486","Cotton",3726,"2025","02","OK"
"7487","Craig",8436,"2025","02","OK"
"7488","Creek",44454,"2025","02","OK"
"7489","Custer",15055,"2025","02","OK"
"7490","Delaware",27371,"2025","02","OK"
"7491","Dewey",3000,"2025","02","OK"
"7492","Ellis",2478,"2025","02","OK"
"7493","Garfield",33391,"2025","02","OK"
"7494","Garvin",16045,"2025","02","OK"
"7495","Grady",35676,"2025","02","OK"
"7496","Grant",2852,"2025","02","OK"
"7497","Greer",2824,"2025","02","OK"
"7498","Harmon",1368,"2025","02","OK"
"7499","Harper",1898,"2025","02","OK"
"7500","Haskell",6987,"2025","02","OK"
"7501","Hughes",6959,"2025","02","OK"
"7502","Jackson",13178,"2025","02","OK"
"7503","Jefferson",3473,"2025","02","OK"
"7504","Johnston",6067,"2025","02","OK"
"7505","Kay",25582,"2025","02","OK"
"7506","Kingfisher",9173,"2025","02","OK"
"7507","Kiowa",4783,"2025","02","OK"
"7508","Latimer",6034,"2025","02","OK"
"7509","LeFlore",29092,"2025","02","OK"
"7510","Lincoln",21547,"2025","02","OK"
"7511","Logan",34065,"2025","02","OK"
"7512","Love",6488,"2025","02","OK"
"7513","Major",4590,"2025","02","OK"
"7514","Marshall",9881,"2025","02","OK"
"7515","Mayes",24924,"2025","02","OK"
"7516","McClain",29412,"2025","02","OK"
"7517","McCurtain",17038,"2025","02","OK"
"7518","McIntosh",12519,"2025","02","OK"
"7519","Murray",8436,"2025","02","OK"
"7520","Muskogee",37535,"2025","02","OK"
"7521","Noble",6858,"2025","02","OK"
"7522","Nowata",6493,"2025","02","OK"
"7523","Okfuskee",6005,"2025","02","OK"
"7524","Oklahoma",449362,"2025","02","OK"
"7525","Okmulgee",21401,"2025","02","OK"
"7526","Osage",29243,"2025","02","OK"
"7527","Ottawa",18058,"2025","02","OK"
"7528","Pawnee",9856,"2025","02","OK"
"7529","Payne",43990,"2025","02","OK"
"7530","Pittsburg",26894,"2025","02","OK"
"7531","Pontotoc",22915,"2025","02","OK"
"7532","Pottawatomie",42383,"2025","02","OK"
"7533","Pushmataha",6962,"2025","02","OK"
"7534","Roger Mills",2348,"2025","02","OK"
"7535","Rogers",64911,"2025","02","OK"
"7536","Seminole",12597,"2025","02","OK"
"7537","Sequoyah",24222,"2025","02","OK"
"7538","Stephens",27490,"2025","02","OK"
"7539","Texas",8781,"2025","02","OK"
"7540","Tillman",3894,"2025","02","OK"
"7541","Tulsa",385908,"2025","02","OK"
"7542","Wagoner",53401,"2025","02","OK"
"7543","Washington",34045,"2025","02","OK"
"7544","Washita",6597,"2025","02","OK"
"7545","Woods",4943,"2025","02","OK"
"7546","Woodward",10951,"2025","02","OK"
"7547","Adair",11144,"2025","03","OK"
"7548","Alfalfa",2960,"2025","03","OK"
"7549","Atoka",8085,"2025","03","OK"
"7550","Beaver",3119,"2025","03","OK"
"7551","Beckham",11519,"2025","03","OK"
"7552","Blaine",5443,"2025","03","OK"
"7553","Bryan",28639,"2025","03","OK"
"7554","Caddo",14081,"2025","03","OK"
"7555","Canadian",105606,"2025","03","OK"
"7556","Carter",30453,"2025","03","OK"
"7557","Cherokee",27517,"2025","03","OK"
"7558","Choctaw",8952,"2025","03","OK"
"7559","Cimarron",1335,"2025","03","OK"
"7560","Cleveland",176525,"2025","03","OK"
"7561","Coal",3751,"2025","03","OK"
"7562","Comanche",59944,"2025","03","OK"
"7563","Cotton",3735,"2025","03","OK"
"7564","Craig",8447,"2025","03","OK"
"7565","Creek",44481,"2025","03","OK"
"7566","Custer",15120,"2025","03","OK"
"7567","Delaware",27377,"2025","03","OK"
"7568","Dewey",3001,"2025","03","OK"
"7569","Ellis",2502,"2025","03","OK"
"7570","Garfield",33434,"2025","03","OK"
"7571","Garvin",16046,"2025","03","OK"
"7572","Grady",35662,"2025","03","OK"
"7573","Grant",2848,"2025","03","OK"
"7574","Greer",2828,"2025","03","OK"
"7575","Harmon",1369,"2025","03","OK"
"7576","Harper",1898,"2025","03","OK"
"7577","Haskell",6990,"2025","03","OK"
"7578","Hughes",6974,"2025","03","OK"
"7579","Jackson",13211,"2025","03","OK"
"7580","Jefferson",3470,"2025","03","OK"
"7581","Johnston",6066,"2025","03","OK"
"7582","Kay",25567,"2025","03","OK"
"7583","Kingfisher",9196,"2025","03","OK"
"7584","Kiowa",4780,"2025","03","OK"
"7585","Latimer",6032,"2025","03","OK"
"7586","LeFlore",29105,"2025","03","OK"
"7587","Lincoln",21532,"2025","03","OK"
"7588","Logan",34078,"2025","03","OK"
"7589","Love",6492,"2025","03","OK"
"7590","Major",4583,"2025","03","OK"
"7591","Marshall",9874,"2025","03","OK"
"7592","Mayes",24933,"2025","03","OK"
"7593","McClain",29429,"2025","03","OK"
"7594","McCurtain",17044,"2025","03","OK"
"7595","McIntosh",12543,"2025","03","OK"
"7596","Murray",8447,"2025","03","OK"
"7597","Muskogee",37544,"2025","03","OK"
"7598","Noble",6861,"2025","03","OK"
"7599","Nowata",6497,"2025","03","OK"
"7600","Okfuskee",6028,"2025","03","OK"
"7601","Oklahoma",450111,"2025","03","OK"
"7602","Okmulgee",21469,"2025","03","OK"
"7603","Osage",29237,"2025","03","OK"
"7604","Ottawa",18084,"2025","03","OK"
"7605","Pawnee",9838,"2025","03","OK"
"7606","Payne",43991,"2025","03","OK"
"7607","Pittsburg",26904,"2025","03","OK"
"7608","Pontotoc",22963,"2025","03","OK"
"7609","Pottawatomie",42318,"2025","03","OK"
"7610","Pushmataha",6958,"2025","03","OK"
"7611","Roger Mills",2349,"2025","03","OK"
"7612","Rogers",64923,"2025","03","OK"
"7613","Seminole",12578,"2025","03","OK"
"7614","Sequoyah",24216,"2025","03","OK"
"7615","Stephens",27457,"2025","03","OK"
"7616","Texas",8795,"2025","03","OK"
"7617","Tillman",3894,"2025","03","OK"
"7618","Tulsa",386498,"2025","03","OK"
"7619","Wagoner",53463,"2025","03","OK"
"7620","Washington",34105,"2025","03","OK"
"7621","Washita",6624,"2025","03","OK"
"7622","Woods",4943,"2025","03","OK"
"7623","Woodward",10944,"2025","03","OK"
"7624","Adair",11209,"2025","04","OK"
"7625","Alfalfa",2966,"2025","04","OK"
"7626","Atoka",8115,"2025","04","OK"
"7627","Beaver",3138,"2025","04","OK"
"7628","Beckham",11569,"2025","04","OK"
"7629","Blaine",5490,"2025","04","OK"
"7630","Bryan",28820,"2025","04","OK"
"7631","Caddo",14130,"2025","04","OK"
"7632","Canadian",106373,"2025","04","OK"
"7633","Carter",30660,"2025","04","OK"
"7634","Cherokee",27671,"2025","04","OK"
"7635","Choctaw",9006,"2025","04","OK"
"7636","Cimarron",1333,"2025","04","OK"
"7637","Cleveland",177053,"2025","04","OK"
"7638","Coal",3768,"2025","04","OK"
"7639","Comanche",60182,"2025","04","OK"
"7640","Cotton",3734,"2025","04","OK"
"7641","Craig",8477,"2025","04","OK"
"7642","Creek",44644,"2025","04","OK"
"7643","Custer",15137,"2025","04","OK"
"7644","Delaware",27597,"2025","04","OK"
"7645","Dewey",3004,"2025","04","OK"
"7646","Ellis",2522,"2025","04","OK"
"7647","Garfield",33583,"2025","04","OK"
"7648","Garvin",16155,"2025","04","OK"
"7649","Grady",35862,"2025","04","OK"
"7650","Grant",2854,"2025","04","OK"
"7651","Greer",2842,"2025","04","OK"
"7652","Harmon",1364,"2025","04","OK"
"7653","Harper",1905,"2025","04","OK"
"7654","Haskell",6992,"2025","04","OK"
"7655","Hughes",6995,"2025","04","OK"
"7656","Jackson",13247,"2025","04","OK"
"7657","Jefferson",3486,"2025","04","OK"
"7658","Johnston",6097,"2025","04","OK"
"7659","Kay",25684,"2025","04","OK"
"7660","Kingfisher",9237,"2025","04","OK"
"7661","Kiowa",4807,"2025","04","OK"
"7662","Latimer",6025,"2025","04","OK"
"7663","LeFlore",29340,"2025","04","OK"
"7664","Lincoln",21646,"2025","04","OK"
"7665","Logan",34317,"2025","04","OK"
"7666","Love",6545,"2025","04","OK"
"7667","Major",4607,"2025","04","OK"
"7668","Marshall",9944,"2025","04","OK"
"7669","Mayes",25024,"2025","04","OK"
"7670","McClain",29579,"2025","04","OK"
"7671","McCurtain",17119,"2025","04","OK"
"7672","McIntosh",12594,"2025","04","OK"
"7673","Murray",8516,"2025","04","OK"
"7674","Muskogee",37734,"2025","04","OK"
"7675","Noble",6881,"2025","04","OK"
"7676","Nowata",6567,"2025","04","OK"
"7677","Okfuskee",6039,"2025","04","OK"
"7678","Oklahoma",452096,"2025","04","OK"
"7679","Okmulgee",21561,"2025","04","OK"
"7680","Osage",29376,"2025","04","OK"
"7681","Ottawa",18179,"2025","04","OK"
"7682","Pawnee",9876,"2025","04","OK"
"7683","Payne",44243,"2025","04","OK"
"7684","Pittsburg",27023,"2025","04","OK"
"7685","Pontotoc",23017,"2025","04","OK"
"7686","Pottawatomie",42532,"2025","04","OK"
"7687","Pushmataha",6987,"2025","04","OK"
"7688","Roger Mills",2358,"2025","04","OK"
"7689","Rogers",65260,"2025","04","OK"
"7690","Seminole",12622,"2025","04","OK"
"7691","Sequoyah",24382,"2025","04","OK"
"7692","Stephens",27548,"2025","04","OK"
"7693","Texas",8831,"2025","04","OK"
"7694","Tillman",3924,"2025","04","OK"
"7695","Tulsa",387643,"2025","04","OK"
"7696","Wagoner",53904,"2025","04","OK"
"7697","Washington",34225,"2025","04","OK"
"7698","Washita",6597,"2025","04","OK"
"7699","Woods",4955,"2025","04","OK"
"7700","Woodward",10969,"2025","04","OK"
"7701","Adair",11226,"2025","05","OK"
"7702","Alfalfa",2969,"2025","05","OK"
"7703","Atoka",8134,"2025","05","OK"
"7704","Beaver",3155,"2025","05","OK"
"7705","Beckham",11584,"2025","05","OK"
"7706","Blaine",5494,"2025","05","OK"
"7707","Bryan",28975,"2025","05","OK"
"7708","Caddo",14133,"2025","05","OK"
"7709","Canadian",106750,"2025","05","OK"
"7710","Carter",30743,"2025","05","OK"
"7711","Cherokee",27768,"2025","05","OK"
"7712","Choctaw",9030,"2025","05","OK"
"7713","Cimarron",1330,"2025","05","OK"
"7714","Cleveland",177307,"2025","05","OK"
"7715","Coal",3762,"2025","05","OK"
"7716","Comanche",60417,"2025","05","OK"
"7717","Cotton",3732,"2025","05","OK"
"7718","Craig",8500,"2025","05","OK"
"7719","Creek",44839,"2025","05","OK"
"7720","Custer",15157,"2025","05","OK"
"7721","Delaware",27708,"2025","05","OK"
"7722","Dewey",3016,"2025","05","OK"
"7723","Ellis",2519,"2025","05","OK"
"7724","Garfield",33662,"2025","05","OK"
"7725","Garvin",16197,"2025","05","OK"
"7726","Grady",35990,"2025","05","OK"
"7727","Grant",2857,"2025","05","OK"
"7728","Greer",2838,"2025","05","OK"
"7729","Harmon",1364,"2025","05","OK"
"7730","Harper",1904,"2025","05","OK"
"7731","Haskell",6990,"2025","05","OK"
"7732","Hughes",7027,"2025","05","OK"
"7733","Jackson",13320,"2025","05","OK"
"7734","Jefferson",3490,"2025","05","OK"
"7735","Johnston",6105,"2025","05","OK"
"7736","Kay",25709,"2025","05","OK"
"7737","Kingfisher",9248,"2025","05","OK"
"7738","Kiowa",4806,"2025","05","OK"
"7739","Latimer",6037,"2025","05","OK"
"7740","LeFlore",29412,"2025","05","OK"
"7741","Lincoln",21701,"2025","05","OK"
"7742","Logan",34458,"2025","05","OK"
"7743","Love",6571,"2025","05","OK"
"7744","Major",4608,"2025","05","OK"
"7745","Marshall",9974,"2025","05","OK"
"7746","Mayes",25063,"2025","05","OK"
"7747","McClain",29636,"2025","05","OK"
"7748","McCurtain",17156,"2025","05","OK"
"7749","McIntosh",12638,"2025","05","OK"
"7750","Murray",8545,"2025","05","OK"
"7751","Muskogee",37840,"2025","05","OK"
"7752","Noble",6892,"2025","05","OK"
"7753","Nowata",6586,"2025","05","OK"
"7754","Okfuskee",6066,"2025","05","OK"
"7755","Oklahoma",453210,"2025","05","OK"
"7756","Okmulgee",21614,"2025","05","OK"
"7757","Osage",29438,"2025","05","OK"
"7758","Ottawa",18224,"2025","05","OK"
"7759","Pawnee",9885,"2025","05","OK"
"7760","Payne",44369,"2025","05","OK"
"7761","Pittsburg",27113,"2025","05","OK"
"7762","Pontotoc",23096,"2025","05","OK"
"7763","Pottawatomie",42656,"2025","05","OK"
"7764","Pushmataha",7004,"2025","05","OK"
"7765","Roger Mills",2357,"2025","05","OK"
"7766","Rogers",65481,"2025","05","OK"
"7767","Seminole",12624,"2025","05","OK"
"7768","Sequoyah",24412,"2025","05","OK"
"7769","Stephens",27573,"2025","05","OK"
"7770","Texas",8854,"2025","05","OK"
"7771","Tillman",3925,"2025","05","OK"
"7772","Tulsa",388877,"2025","05","OK"
"7773","Wagoner",53880,"2025","05","OK"
"7774","Washington",34288,"2025","05","OK"
"7775","Washita",6654,"2025","05","OK"
"7776","Woods",4965,"2025","05","OK"
"7777","Woodward",10971,"2025","05","OK"
"7778","Adair",11261,"2025","06","OK"
"7779","Alfalfa",2970,"2025","06","OK"
"7780","Atoka",8165,"2025","06","OK"
"7781","Beaver",3160,"2025","06","OK"
"7782","Beckham",11606,"2025","06","OK"
"7783","Blaine",5502,"2025","06","OK"
"7784","Bryan",29104,"2025","06","OK"
"7785","Caddo",14171,"2025","06","OK"
"7786","Canadian",107204,"2025","06","OK"
"7787","Carter",30828,"2025","06","OK"
"7788","Cherokee",27834,"2025","06","OK"
"7789","Choctaw",9036,"2025","06","OK"
"7790","Cimarron",1328,"2025","06","OK"
"7791","Cleveland",177568,"2025","06","OK"
"7792","Coal",3765,"2025","06","OK"
"7793","Comanche",60654,"2025","06","OK"
"7794","Cotton",3734,"2025","06","OK"
"7795","Craig",8509,"2025","06","OK"
"7796","Creek",44835,"2025","06","OK"
"7797","Custer",15191,"2025","06","OK"
"7798","Delaware",27762,"2025","06","OK"
"7799","Dewey",3019,"2025","06","OK"
"7800","Ellis",2530,"2025","06","OK"
"7801","Garfield",33745,"2025","06","OK"
"7802","Garvin",16211,"2025","06","OK"
"7803","Grady",35987,"2025","06","OK"
"7804","Grant",2855,"2025","06","OK"
"7805","Greer",2845,"2025","06","OK"
"7806","Harmon",1363,"2025","06","OK"
"7807","Harper",1902,"2025","06","OK"
"7808","Haskell",7002,"2025","06","OK"
"7809","Hughes",7025,"2025","06","OK"
"7810","Jackson",13366,"2025","06","OK"
"7811","Jefferson",3492,"2025","06","OK"
"7812","Johnston",6104,"2025","06","OK"
"7813","Kay",25777,"2025","06","OK"
"7814","Kingfisher",9284,"2025","06","OK"
"7815","Kiowa",4809,"2025","06","OK"
"7816","Latimer",6046,"2025","06","OK"
"7817","LeFlore",29475,"2025","06","OK"
"7818","Lincoln",21718,"2025","06","OK"
"7819","Logan",34538,"2025","06","OK"
"7820","Love",6599,"2025","06","OK"
"7821","Major",4610,"2025","06","OK"
"7822","Marshall",10004,"2025","06","OK"
"7823","Mayes",25155,"2025","06","OK"
"7824","McClain",29761,"2025","06","OK"
"7825","McCurtain",17172,"2025","06","OK"
"7826","McIntosh",12656,"2025","06","OK"
"7827","Murray",8568,"2025","06","OK"
"7828","Muskogee",37824,"2025","06","OK"
"7829","Noble",6894,"2025","06","OK"
"7830","Nowata",6609,"2025","06","OK"
"7831","Okfuskee",6056,"2025","06","OK"
"7832","Oklahoma",454332,"2025","06","OK"
"7833","Okmulgee",21666,"2025","06","OK"
"7834","Osage",29434,"2025","06","OK"
"7835","Ottawa",18237,"2025","06","OK"
"7836","Pawnee",9903,"2025","06","OK"
"7837","Payne",44441,"2025","06","OK"
"7838","Pittsburg",27201,"2025","06","OK"
"7839","Pontotoc",23127,"2025","06","OK"
"7840","Pottawatomie",42759,"2025","06","OK"
"7841","Pushmataha",7001,"2025","06","OK"
"7842","Roger Mills",2350,"2025","06","OK"
"7843","Rogers",65537,"2025","06","OK"
"7844","Seminole",12638,"2025","06","OK"
"7845","Sequoyah",24490,"2025","06","OK"
"7846","Stephens",27605,"2025","06","OK"
"7847","Texas",8874,"2025","06","OK"
"7848","Tillman",3938,"2025","06","OK"
"7849","Tulsa",389660,"2025","06","OK"
"7850","Wagoner",54088,"2025","06","OK"
"7851","Washington",34346,"2025","06","OK"
"7852","Washita",6673,"2025","06","OK"
"7853","Woods",4972,"2025","06","OK"
"7854","Woodward",10981,"2025","06","OK"
"7855","Adair",11283,"2025","07","OK"
"7856","Alfalfa",2969,"2025","07","OK"
"7857","Atoka",8187,"2025","07","OK"
"7858","Beaver",3157,"2025","07","OK"
"7859","Beckham",11640,"2025","07","OK"
"7860","Blaine",5517,"2025","07","OK"
"7861","Bryan",29221,"2025","07","OK"
"7862","Caddo",14170,"2025","07","OK"
"7863","Canadian",107686,"2025","07","OK"
"7864","Carter",30923,"2025","07","OK"
"7865","Cherokee",27883,"2025","07","OK"
"7866","Choctaw",9047,"2025","07","OK"
"7867","Cimarron",1326,"2025","07","OK"
"7868","Cleveland",177929,"2025","07","OK"
"7869","Coal",3770,"2025","07","OK"
"7870","Comanche",60851,"2025","07","OK"
"7871","Cotton",3736,"2025","07","OK"
"7872","Craig",8527,"2025","07","OK"
"7873","Creek",44886,"2025","07","OK"
"7874","Custer",15193,"2025","07","OK"
"7875","Delaware",27823,"2025","07","OK"
"7876","Dewey",3027,"2025","07","OK"
"7877","Ellis",2522,"2025","07","OK"
"7878","Garfield",33831,"2025","07","OK"
"7879","Garvin",16227,"2025","07","OK"
"7880","Grady",36060,"2025","07","OK"
"7881","Grant",2864,"2025","07","OK"
"7882","Greer",2861,"2025","07","OK"
"7883","Harmon",1363,"2025","07","OK"
"7884","Harper",1903,"2025","07","OK"
"7885","Haskell",7011,"2025","07","OK"
"7886","Hughes",7049,"2025","07","OK"
"7887","Jackson",13370,"2025","07","OK"
"7888","Jefferson",3498,"2025","07","OK"
"7889","Johnston",6115,"2025","07","OK"
"7890","Kay",25838,"2025","07","OK"
"7891","Kingfisher",9313,"2025","07","OK"
"7892","Kiowa",4819,"2025","07","OK"
"7893","Latimer",6061,"2025","07","OK"
"7894","LeFlore",29517,"2025","07","OK"
"7895","Lincoln",21734,"2025","07","OK"
"7896","Logan",34658,"2025","07","OK"
"7897","Love",6623,"2025","07","OK"
"7898","Major",4611,"2025","07","OK"
"7899","Marshall",10056,"2025","07","OK"
"7900","Mayes",25189,"2025","07","OK"
"7901","McClain",29831,"2025","07","OK"
"7902","McCurtain",17188,"2025","07","OK"
"7903","McIntosh",12685,"2025","07","OK"
"7904","Murray",8577,"2025","07","OK"
"7905","Muskogee",37958,"2025","07","OK"
"7906","Noble",6897,"2025","07","OK"
"7907","Nowata",6599,"2025","07","OK"
"7908","Okfuskee",6061,"2025","07","OK"
"7909","Oklahoma",455305,"2025","07","OK"
"7910","Okmulgee",21721,"2025","07","OK"
"7911","Osage",29531,"2025","07","OK"
"7912","Ottawa",18307,"2025","07","OK"
"7913","Pawnee",9930,"2025","07","OK"
"7914","Payne",44582,"2025","07","OK"
"7915","Pittsburg",27220,"2025","07","OK"
"7916","Pontotoc",23188,"2025","07","OK"
"7917","Pottawatomie",42848,"2025","07","OK"
"7918","Pushmataha",7024,"2025","07","OK"
"7919","Roger Mills",2345,"2025","07","OK"
"7920","Rogers",65761,"2025","07","OK"
"7921","Seminole",12651,"2025","07","OK"
"7922","Sequoyah",24493,"2025","07","OK"
"7923","Stephens",27654,"2025","07","OK"
"7924","Texas",8900,"2025","07","OK"
"7925","Tillman",3954,"2025","07","OK"
"7926","Tulsa",390712,"2025","07","OK"
"7927","Wagoner",54100,"2025","07","OK"
"7928","Washington",34382,"2025","07","OK"
"7929","Washita",6663,"2025","07","OK"
"7930","Woods",4979,"2025","07","OK"
"7931","Woodward",11013,"2025","07","OK"
"7932","Adair",11333,"2025","08","OK"
"7933","Alfalfa",2972,"2025","08","OK"
"7934","Atoka",8205,"2025","08","OK"
"7935","Beaver",3156,"2025","08","OK"
"7936","Beckham",11667,"2025","08","OK"
"7937","Blaine",5530,"2025","08","OK"
"7938","Bryan",29332,"2025","08","OK"
"7939","Caddo",14228,"2025","08","OK"
"7940","Canadian",108391,"2025","08","OK"
"7941","Carter",31001,"2025","08","OK"
"7942","Cherokee",27980,"2025","08","OK"
"7943","Choctaw",9080,"2025","08","OK"
"7944","Cimarron",1332,"2025","08","OK"
"7945","Cleveland",178532,"2025","08","OK"
"7946","Coal",3794,"2025","08","OK"
"7947","Comanche",61093,"2025","08","OK"
"7948","Cotton",3739,"2025","08","OK"
"7949","Craig",8521,"2025","08","OK"
"7950","Creek",45038,"2025","08","OK"
"7951","Custer",15186,"2025","08","OK"
"7952","Delaware",27967,"2025","08","OK"
"7953","Dewey",3033,"2025","08","OK"
"7954","Ellis",2527,"2025","08","OK"
"7955","Garfield",33924,"2025","08","OK"
"7956","Garvin",16293,"2025","08","OK"
"7957","Grady",36221,"2025","08","OK"
"7958","Grant",2867,"2025","08","OK"
"7959","Greer",2873,"2025","08","OK"
"7960","Harmon",1365,"2025","08","OK"
"7961","Harper",1909,"2025","08","OK"
"7962","Haskell",7013,"2025","08","OK"
"7963","Hughes",7073,"2025","08","OK"
"7964","Jackson",13406,"2025","08","OK"
"7965","Jefferson",3519,"2025","08","OK"
"7966","Johnston",6135,"2025","08","OK"
"7967","Kay",25944,"2025","08","OK"
"7968","Kingfisher",9325,"2025","08","OK"
"7969","Kiowa",4846,"2025","08","OK"
"7970","Latimer",6079,"2025","08","OK"
"7971","LeFlore",29627,"2025","08","OK"
"7972","Lincoln",21795,"2025","08","OK"
"7973","Logan",34798,"2025","08","OK"
"7974","Love",6663,"2025","08","OK"
"7975","Major",4618,"2025","08","OK"
"7976","Marshall",10135,"2025","08","OK"
"7977","Mayes",25300,"2025","08","OK"
"7978","McClain",30009,"2025","08","OK"
"7979","McCurtain",17256,"2025","08","OK"
"7980","McIntosh",12759,"2025","08","OK"
"7981","Murray",8598,"2025","08","OK"
"7982","Muskogee",38015,"2025","08","OK"
"7983","Noble",6926,"2025","08","OK"
"7984","Nowata",6646,"2025","08","OK"
"7985","Okfuskee",6076,"2025","08","OK"
"7986","Oklahoma",457147,"2025","08","OK"
"7987","Okmulgee",21778,"2025","08","OK"
"7988","Osage",29599,"2025","08","OK"
"7989","Ottawa",18367,"2025","08","OK"
"7990","Pawnee",9976,"2025","08","OK"
"7991","Payne",44721,"2025","08","OK"
"7992","Pittsburg",27313,"2025","08","OK"
"7993","Pontotoc",23265,"2025","08","OK"
"7994","Pottawatomie",43020,"2025","08","OK"
"7995","Pushmataha",7044,"2025","08","OK"
"7996","Roger Mills",2353,"2025","08","OK"
"7997","Rogers",65948,"2025","08","OK"
"7998","Seminole",12657,"2025","08","OK"
"7999","Sequoyah",24566,"2025","08","OK"
"8000","Stephens",27730,"2025","08","OK"
"8001","Texas",8922,"2025","08","OK"
"8002","Tillman",3965,"2025","08","OK"
"8003","Tulsa",392271,"2025","08","OK"
"8004","Wagoner",54392,"2025","08","OK"
"8005","Washington",34485,"2025","08","OK"
"8006","Washita",6685,"2025","08","OK"
"8007","Woods",4988,"2025","08","OK"
"8008","Woodward",11028,"2025","08","OK"
"8009","Adair",11349,"2025","09","OK"
"8010","Alfalfa",2982,"2025","09","OK"
"8011","Atoka",8206,"2025","09","OK"
"8012","Beaver",3162,"2025","09","OK"
"8013","Beckham",11659,"2025","09","OK"
"8014","Blaine",5534,"2025","09","OK"
"8015","Bryan",29473,"2025","09","OK"
"8016","Caddo",14215,"2025","09","OK"
"8017","Canadian",108562,"2025","09","OK"
"8018","Carter",31064,"2025","09","OK"
"8019","Cherokee",28107,"2025","09","OK"
"8020","Choctaw",9085,"2025","09","OK"
"8021","Cimarron",1333,"2025","09","OK"
"8022","Cleveland",178652,"2025","09","OK"
"8023","Coal",3788,"2025","09","OK"
"8024","Comanche",61259,"2025","09","OK"
"8025","Cotton",3738,"2025","09","OK"
"8026","Craig",8517,"2025","09","OK"
"8027","Creek",45059,"2025","09","OK"
"8028","Custer",15231,"2025","09","OK"
"8029","Delaware",28012,"2025","09","OK"
"8030","Dewey",3032,"2025","09","OK"
"8031","Ellis",2529,"2025","09","OK"
"8032","Garfield",33953,"2025","09","OK"
"8033","Garvin",16304,"2025","09","OK"
"8034","Grady",36232,"2025","09","OK"
"8035","Grant",2865,"2025","09","OK"
"8036","Greer",2878,"2025","09","OK"
"8037","Harmon",1362,"2025","09","OK"
"8038","Harper",1907,"2025","09","OK"
"8039","Haskell",7004,"2025","09","OK"
"8040","Hughes",7098,"2025","09","OK"
"8041","Jackson",13417,"2025","09","OK"
"8042","Jefferson",3519,"2025","09","OK"
"8043","Johnston",6129,"2025","09","OK"
"8044","Kay",25976,"2025","09","OK"
"8045","Kingfisher",9331,"2025","09","OK"
"8046","Kiowa",4819,"2025","09","OK"
"8047","Latimer",6073,"2025","09","OK"
"8048","LeFlore",29697,"2025","09","OK"
"8049","Lincoln",21811,"2025","09","OK"
"8050","Logan",34848,"2025","09","OK"
"8051","Love",6690,"2025","09","OK"
"8052","Major",4630,"2025","09","OK"
"8053","Marshall",10187,"2025","09","OK"
"8054","Mayes",25244,"2025","09","OK"
"8055","McClain",30066,"2025","09","OK"
"8056","McCurtain",17355,"2025","09","OK"
"8057","McIntosh",12730,"2025","09","OK"
"8058","Murray",8611,"2025","09","OK"
"8059","Muskogee",38111,"2025","09","OK"
"8060","Noble",6922,"2025","09","OK"
"8061","Nowata",6665,"2025","09","OK"
"8062","Okfuskee",6071,"2025","09","OK"
"8063","Oklahoma",458005,"2025","09","OK"
"8064","Okmulgee",21832,"2025","09","OK"
"8065","Osage",29652,"2025","09","OK"
"8066","Ottawa",18425,"2025","09","OK"
"8067","Pawnee",9976,"2025","09","OK"
"8068","Payne",44913,"2025","09","OK"
"8069","Pittsburg",27342,"2025","09","OK"
"8070","Pontotoc",23328,"2025","09","OK"
"8071","Pottawatomie",43105,"2025","09","OK"
"8072","Pushmataha",7054,"2025","09","OK"
"8073","Roger Mills",2351,"2025","09","OK"
"8074","Rogers",66130,"2025","09","OK"
"8075","Seminole",12669,"2025","09","OK"
"8076","Sequoyah",24586,"2025","09","OK"
"8077","Stephens",27807,"2025","09","OK"
"8078","Texas",8937,"2025","09","OK"
"8079","Tillman",3958,"2025","09","OK"
"8080","Tulsa",393296,"2025","09","OK"
"8081","Wagoner",54540,"2025","09","OK"
"8082","Washington",34571,"2025","09","OK"
"8083","Washita",6660,"2025","09","OK"
"8084","Woods",4988,"2025","09","OK"
"8085","Woodward",11027,"2025","09","OK"
"8086","Adair",11354,"2025","10","OK"
"8087","Alfalfa",2981,"2025","10","OK"
"8088","Atoka",8232,"2025","10","OK"
"8089","Beaver",3167,"2025","10","OK"
"8090","Beckham",11694,"2025","10","OK"
"8091","Blaine",5565,"2025","10","OK"
"8092","Bryan",29616,"2025","10","OK"
"8093","Caddo",14301,"2025","10","OK"
"8094","Canadian",108972,"2025","10","OK"
"8095","Carter",31175,"2025","10","OK"
"8096","Cherokee",28228,"2025","10","OK"
"8097","Choctaw",9106,"2025","10","OK"
"8098","Cimarron",1338,"2025","10","OK"
"8099","Cleveland",178975,"2025","10","OK"
"8100","Coal",3794,"2025","10","OK"
"8101","Comanche",61479,"2025","10","OK"
"8102","Cotton",3743,"2025","10","OK"
"8103","Craig",8531,"2025","10","OK"
"8104","Creek",45146,"2025","10","OK"
"8105","Custer",15289,"2025","10","OK"
"8106","Delaware",28114,"2025","10","OK"
"8107","Dewey",3039,"2025","10","OK"
"8108","Ellis",2532,"2025","10","OK"
"8109","Garfield",34032,"2025","10","OK"
"8110","Garvin",16355,"2025","10","OK"
"8111","Grady",36329,"2025","10","OK"
"8112","Grant",2879,"2025","10","OK"
"8113","Greer",2893,"2025","10","OK"
"8114","Harmon",1375,"2025","10","OK"
"8115","Harper",1907,"2025","10","OK"
"8116","Haskell",7004,"2025","10","OK"
"8117","Hughes",7101,"2025","10","OK"
"8118","Jackson",13455,"2025","10","OK"
"8119","Jefferson",3527,"2025","10","OK"
"8120","Johnston",6127,"2025","10","OK"
"8121","Kay",26012,"2025","10","OK"
"8122","Kingfisher",9363,"2025","10","OK"
"8123","Kiowa",4824,"2025","10","OK"
"8124","Latimer",6086,"2025","10","OK"
"8125","LeFlore",29866,"2025","10","OK"
"8126","Lincoln",21866,"2025","10","OK"
"8127","Logan",34988,"2025","10","OK"
"8128","Love",6718,"2025","10","OK"
"8129","Major",4635,"2025","10","OK"
"8130","Marshall",10234,"2025","10","OK"
"8131","Mayes",25310,"2025","10","OK"
"8132","McClain",30184,"2025","10","OK"
"8133","McCurtain",17410,"2025","10","OK"
"8134","McIntosh",12805,"2025","10","OK"
"8135","Murray",8607,"2025","10","OK"
"8136","Muskogee",38188,"2025","10","OK"
"8137","Noble",6939,"2025","10","OK"
"8138","Nowata",6672,"2025","10","OK"
"8139","Okfuskee",6071,"2025","10","OK"
"8140","Oklahoma",459321,"2025","10","OK"
"8141","Okmulgee",21903,"2025","10","OK"
"8142","Osage",29708,"2025","10","OK"
"8143","Ottawa",18484,"2025","10","OK"
"8144","Pawnee",9991,"2025","10","OK"
"8145","Payne",44987,"2025","10","OK"
"8146","Pittsburg",27403,"2025","10","OK"
"8147","Pontotoc",23358,"2025","10","OK"
"8148","Pottawatomie",43219,"2025","10","OK"
"8149","Pushmataha",7094,"2025","10","OK"
"8150","Roger Mills",2347,"2025","10","OK"
"8151","Rogers",66198,"2025","10","OK"
"8152","Seminole",12657,"2025","10","OK"
"8153","Sequoyah",24667,"2025","10","OK"
"8154","Stephens",27845,"2025","10","OK"
"8155","Texas",8956,"2025","10","OK"
"8156","Tillman",3968,"2025","10","OK"
"8157","Tulsa",393948,"2025","10","OK"
"8158","Wagoner",54542,"2025","10","OK"
"8159","Washington",34605,"2025","10","OK"
"8160","Washita",6698,"2025","10","OK"
"8161","Woods",4991,"2025","10","OK"
"8162","Woodward",11051,"2025","10","OK"
