"","county","count","year","month","state"
"1","Aurora","1882","2017","January","SD"
"2","Beadle","10144","2017","January","SD"
"3","Bennett","1918","2017","January","SD"
"4","Bon Homme","4004","2017","January","SD"
"5","Brookings","18378","2017","January","SD"
"6","Brown","23476","2017","January","SD"
"7","Brule","3367","2017","January","SD"
"8","Buffalo","944","2017","January","SD"
"9","Butte","6743","2017","January","SD"
"10","Campbell","1149","2017","January","SD"
"11","Charles Mix","5464","2017","January","SD"
"12","Clark","2555","2017","January","SD"
"13","Clay","7775","2017","January","SD"
"14","Codington","16778","2017","January","SD"
"15","Corson","2382","2017","January","SD"
"16","Custer","6401","2017","January","SD"
"17","Davison","11563","2017","January","SD"
"18","Day","4138","2017","January","SD"
"19","Deuel","2885","2017","January","SD"
"20","Dewey","3379","2017","January","SD"
"21","Douglas","2120","2017","January","SD"
"22","Edmunds","2810","2017","January","SD"
"23","Fall River","5141","2017","January","SD"
"24","Faulk","1547","2017","January","SD"
"25","Grant","4878","2017","January","SD"
"26","Gregory","2832","2017","January","SD"
"27","Haakon","1380","2017","January","SD"
"28","Hamlin","3848","2017","January","SD"
"29","Hand","2450","2017","January","SD"
"30","Hanson","3405","2017","January","SD"
"31","Harding","970","2017","January","SD"
"32","Hughes","11156","2017","January","SD"
"33","Hutchinson","4856","2017","January","SD"
"34","Hyde","1005","2017","January","SD"
"35","Jackson","1883","2017","January","SD"
"36","Jerauld","1275","2017","January","SD"
"37","Jones","710","2017","January","SD"
"38","Kingsbury","  3482","2017","January","SD"
"39","Lake"," 10173","2017","January","SD"
"40","Lawrence"," 17139","2017","January","SD"
"41","Lincoln"," 35134","2017","January","SD"
"42","Lyman","  2282","2017","January","SD"
"43","Marshall","  2804","2017","January","SD"
"44","McCook","  3652","2017","January","SD"
"45","McPherson","  1849","2017","January","SD"
"46","Meade"," 16497","2017","January","SD"
"47","Mellette","  1170","2017","January","SD"
"48","Miner","  1556","2017","January","SD"
"49","Minnehaha","116065","2017","January","SD"
"50","Moody","  4213","2017","January","SD"
"51","Oglala Lakota","  8067","2017","January","SD"
"52","Pennington"," 71949","2017","January","SD"
"53","Perkins","  2192","2017","January","SD"
"54","Potter","  1867","2017","January","SD"
"55","Roberts","  6559","2017","January","SD"
"56","Sanborn","  1600","2017","January","SD"
"57","Spink","  4254","2017","January","SD"
"58","Stanley","  2150","2017","January","SD"
"59","Sully","  1111","2017","January","SD"
"60","Todd","  4704","2017","January","SD"
"61","Tripp","  3762","2017","January","SD"
"62","Turner","  5622","2017","January","SD"
"63","Union"," 11313","2017","January","SD"
"64","Walworth","  3746","2017","January","SD"
"65","Yankton"," 13729","2017","January","SD"
"66","Ziebach","  1601","2017","January","SD"
"67","Aurora","1825","2017","October","SD"
"68","Beadle","9795","2017","October","SD"
"69","Bennett","1787","2017","October","SD"
"70","Bon Homme","3870","2017","October","SD"
"71","Brookings","17523","2017","October","SD"
"72","Brown","22430","2017","October","SD"
"73","Brule","3191","2017","October","SD"
"74","Buffalo","895","2017","October","SD"
"75","Butte","5987","2017","October","SD"
"76","Campbell","1086","2017","October","SD"
"77","Charles Mix","5483","2017","October","SD"
"78","Clark","2464","2017","October","SD"
"79","Clay","7278","2017","October","SD"
"80","Codington","16274","2017","October","SD"
"81","Corson","2246","2017","October","SD"
"82","Custer","6314","2017","October","SD"
"83","Davison","11039","2017","October","SD"
"84","Day","3969","2017","October","SD"
"85","Deuel","2908","2017","October","SD"
"86","Dewey","3300","2017","October","SD"
"87","Douglas","2050","2017","October","SD"
"88","Edmunds","2680","2017","October","SD"
"89","Fall River","4934","2017","October","SD"
"90","Faulk","1557","2017","October","SD"
"91","Grant","4712","2017","October","SD"
"92","Gregory","2722","2017","October","SD"
"93","Haakon","1368","2017","October","SD"
"94","Hamlin","3673","2017","October","SD"
"95","Hand","2361","2017","October","SD"
"96","Hanson","3038","2017","October","SD"
"97","Harding","930","2017","October","SD"
"98","Hughes","10907","2017","October","SD"
"99","Hutchinson","4905","2017","October","SD"
"100","Hyde","999","2017","October","SD"
"101","Jackson","1889","2017","October","SD"
"102","Jerauld","1261","2017","October","SD"
"103","Jones","677","2017","October","SD"
"104","Kingsbury","  3356","2017","October","SD"
"105","Lake","  9699","2017","October","SD"
"106","Lawrence"," 16086","2017","October","SD"
"107","Lincoln"," 34696","2017","October","SD"
"108","Lyman","  2202","2017","October","SD"
"109","Marshall","  2740","2017","October","SD"
"110","McCook","  3548","2017","October","SD"
"111","McPherson","  1741","2017","October","SD"
"112","Meade"," 16066","2017","October","SD"
"113","Mellette","  1092","2017","October","SD"
"114","Miner","  1484","2017","October","SD"
"115","Minnehaha","115389","2017","October","SD"
"116","Moody","  3995","2017","October","SD"
"117","Oglala Lakota","  7852","2017","October","SD"
"118","Pennington"," 71665","2017","October","SD"
"119","Perkins","  2131","2017","October","SD"
"120","Potter","  1728","2017","October","SD"
"121","Roberts","  6243","2017","October","SD"
"122","Sanborn","  1541","2017","October","SD"
"123","Spink","  4218","2017","October","SD"
"124","Stanley","  2039","2017","October","SD"
"125","Sully","  1080","2017","October","SD"
"126","Todd","  4489","2017","October","SD"
"127","Tripp","  3635","2017","October","SD"
"128","Turner","  5527","2017","October","SD"
"129","Union"," 10865","2017","October","SD"
"130","Walworth","  3711","2017","October","SD"
"131","Yankton"," 13198","2017","October","SD"
"132","Ziebach","  1531","2017","October","SD"
"133","Aurora","1822","2017","November","SD"
"134","Beadle","9802","2017","November","SD"
"135","Bennett","1789","2017","November","SD"
"136","Bon Homme","3853","2017","November","SD"
"137","Brookings","17575","2017","November","SD"
"138","Brown","22452","2017","November","SD"
"139","Brule","3195","2017","November","SD"
"140","Buffalo","895","2017","November","SD"
"141","Butte","5995","2017","November","SD"
"142","Campbell","1086","2017","November","SD"
"143","Charles Mix","5474","2017","November","SD"
"144","Clark","2463","2017","November","SD"
"145","Clay","7299","2017","November","SD"
"146","Codington","16142","2017","November","SD"
"147","Corson","2252","2017","November","SD"
"148","Custer","6296","2017","November","SD"
"149","Davison","11044","2017","November","SD"
"150","Day","3960","2017","November","SD"
"151","Deuel","2907","2017","November","SD"
"152","Dewey","3293","2017","November","SD"
"153","Douglas","2050","2017","November","SD"
"154","Edmunds","2675","2017","November","SD"
"155","Fall River","4936","2017","November","SD"
"156","Faulk","1554","2017","November","SD"
"157","Grant","4708","2017","November","SD"
"158","Gregory","2717","2017","November","SD"
"159","Haakon","1365","2017","November","SD"
"160","Hamlin","3674","2017","November","SD"
"161","Hand","2366","2017","November","SD"
"162","Hanson","3035","2017","November","SD"
"163","Harding","932","2017","November","SD"
"164","Hughes","10921","2017","November","SD"
"165","Hutchinson","4905","2017","November","SD"
"166","Hyde","948","2017","November","SD"
"167","Jackson","1862","2017","November","SD"
"168","Jerauld","1262","2017","November","SD"
"169","Jones","674","2017","November","SD"
"170","Kingsbury","  3359","2017","November","SD"
"171","Lake","  9738","2017","November","SD"
"172","Lawrence"," 16130","2017","November","SD"
"173","Lincoln"," 34318","2017","November","SD"
"174","Lyman","  2199","2017","November","SD"
"175","Marshall","  2741","2017","November","SD"
"176","McCook","  3538","2017","November","SD"
"177","McPherson","  1733","2017","November","SD"
"178","Meade"," 16112","2017","November","SD"
"179","Mellette","  1089","2017","November","SD"
"180","Miner","  1480","2017","November","SD"
"181","Minnehaha","115903","2017","November","SD"
"182","Moody","  3992","2017","November","SD"
"183","Oglala Lakota","  7718","2017","November","SD"
"184","Pennington"," 71734","2017","November","SD"
"185","Perkins","  2133","2017","November","SD"
"186","Potter","  1726","2017","November","SD"
"187","Roberts","  6242","2017","November","SD"
"188","Sanborn","  1537","2017","November","SD"
"189","Spink","  4123","2017","November","SD"
"190","Stanley","  2034","2017","November","SD"
"191","Sully","  1077","2017","November","SD"
"192","Todd","  4495","2017","November","SD"
"193","Tripp","  3635","2017","November","SD"
"194","Turner","  5531","2017","November","SD"
"195","Union"," 10852","2017","November","SD"
"196","Walworth","  3724","2017","November","SD"
"197","Yankton"," 13203","2017","November","SD"
"198","Ziebach","  1534","2017","November","SD"
"199","Aurora","1821","2017","December","SD"
"200","Beadle","9810","2017","December","SD"
"201","Bennett","1782","2017","December","SD"
"202","Bon Homme","3842","2017","December","SD"
"203","Brookings","17604","2017","December","SD"
"204","Brown","22463","2017","December","SD"
"205","Brule","3197","2017","December","SD"
"206","Buffalo","898","2017","December","SD"
"207","Butte","6003","2017","December","SD"
"208","Campbell","1080","2017","December","SD"
"209","Charles Mix","5480","2017","December","SD"
"210","Clark","2452","2017","December","SD"
"211","Clay","7298","2017","December","SD"
"212","Codington","16169","2017","December","SD"
"213","Corson","2254","2017","December","SD"
"214","Custer","6259","2017","December","SD"
"215","Davison","10911","2017","December","SD"
"216","Day","3951","2017","December","SD"
"217","Deuel","2859","2017","December","SD"
"218","Dewey","3294","2017","December","SD"
"219","Douglas","2053","2017","December","SD"
"220","Edmunds","2680","2017","December","SD"
"221","Fall River","4943","2017","December","SD"
"222","Faulk","1553","2017","December","SD"
"223","Grant","4632","2017","December","SD"
"224","Gregory","2721","2017","December","SD"
"225","Haakon","1364","2017","December","SD"
"226","Hamlin","3683","2017","December","SD"
"227","Hand","2355","2017","December","SD"
"228","Hanson","3030","2017","December","SD"
"229","Harding","933","2017","December","SD"
"230","Hughes","10919","2017","December","SD"
"231","Hutchinson","4897","2017","December","SD"
"232","Hyde","949","2017","December","SD"
"233","Jackson","1860","2017","December","SD"
"234","Jerauld","1276","2017","December","SD"
"235","Jones","674","2017","December","SD"
"236","Kingsbury","  3364","2017","December","SD"
"237","Lake","  9745","2017","December","SD"
"238","Lawrence"," 16166","2017","December","SD"
"239","Lincoln"," 34411","2017","December","SD"
"240","Lyman","  2197","2017","December","SD"
"241","Marshall","  2735","2017","December","SD"
"242","McCook","  3530","2017","December","SD"
"243","McPherson","  1738","2017","December","SD"
"244","Meade"," 16154","2017","December","SD"
"245","Mellette","  1087","2017","December","SD"
"246","Miner","  1479","2017","December","SD"
"247","Minnehaha","116345","2017","December","SD"
"248","Moody","  4001","2017","December","SD"
"249","Oglala Lakota","  7706","2017","December","SD"
"250","Pennington"," 67644","2017","December","SD"
"251","Perkins","  2134","2017","December","SD"
"252","Potter","  1726","2017","December","SD"
"253","Roberts","  6245","2017","December","SD"
"254","Sanborn","  1539","2017","December","SD"
"255","Spink","  4107","2017","December","SD"
"256","Stanley","  2035","2017","December","SD"
"257","Sully","  1078","2017","December","SD"
"258","Todd","  4513","2017","December","SD"
"259","Tripp","  3638","2017","December","SD"
"260","Turner","  5524","2017","December","SD"
"261","Union"," 10845","2017","December","SD"
"262","Walworth","  3723","2017","December","SD"
"263","Yankton"," 13221","2017","December","SD"
"264","Ziebach","  1530","2017","December","SD"
"265","Aurora","1878","2017","February","SD"
"266","Beadle","10130","2017","February","SD"
"267","Bennett","1911","2017","February","SD"
"268","Bon Homme","4006","2017","February","SD"
"269","Brookings","18427","2017","February","SD"
"270","Brown","23480","2017","February","SD"
"271","Brule","3365","2017","February","SD"
"272","Buffalo","944","2017","February","SD"
"273","Butte","6747","2017","February","SD"
"274","Campbell","1146","2017","February","SD"
"275","Charles Mix","5448","2017","February","SD"
"276","Clark","2558","2017","February","SD"
"277","Clay","7774","2017","February","SD"
"278","Codington","16788","2017","February","SD"
"279","Corson","2376","2017","February","SD"
"280","Custer","6405","2017","February","SD"
"281","Davison","11571","2017","February","SD"
"282","Day","4132","2017","February","SD"
"283","Deuel","2888","2017","February","SD"
"284","Dewey","3367","2017","February","SD"
"285","Douglas","2114","2017","February","SD"
"286","Edmunds","2814","2017","February","SD"
"287","Fall River","5139","2017","February","SD"
"288","Faulk","1544","2017","February","SD"
"289","Grant","4876","2017","February","SD"
"290","Gregory","2825","2017","February","SD"
"291","Haakon","1382","2017","February","SD"
"292","Hamlin","3846","2017","February","SD"
"293","Hand","2442","2017","February","SD"
"294","Hanson","3403","2017","February","SD"
"295","Harding","968","2017","February","SD"
"296","Hughes","11157","2017","February","SD"
"297","Hutchinson","4861","2017","February","SD"
"298","Hyde","1005","2017","February","SD"
"299","Jackson","1888","2017","February","SD"
"300","Jerauld","1275","2017","February","SD"
"301","Jones","711","2017","February","SD"
"302","Kingsbury","  3485","2017","February","SD"
"303","Lake"," 10185","2017","February","SD"
"304","Lawrence"," 17160","2017","February","SD"
"305","Lincoln"," 35177","2017","February","SD"
"306","Lyman","  2277","2017","February","SD"
"307","Marshall","  2805","2017","February","SD"
"308","McCook","  3655","2017","February","SD"
"309","McPherson","  1844","2017","February","SD"
"310","Meade"," 16524","2017","February","SD"
"311","Mellette","  1164","2017","February","SD"
"312","Miner","  1554","2017","February","SD"
"313","Minnehaha","116543","2017","February","SD"
"314","Moody","  4207","2017","February","SD"
"315","Oglala Lakota","  8166","2017","February","SD"
"316","Pennington"," 71927","2017","February","SD"
"317","Perkins","  2201","2017","February","SD"
"318","Potter","  1867","2017","February","SD"
"319","Roberts","  6563","2017","February","SD"
"320","Sanborn","  1603","2017","February","SD"
"321","Spink","  4259","2017","February","SD"
"322","Stanley","  2151","2017","February","SD"
"323","Sully","  1107","2017","February","SD"
"324","Todd","  4703","2017","February","SD"
"325","Tripp","  3750","2017","February","SD"
"326","Turner","  5625","2017","February","SD"
"327","Union"," 11343","2017","February","SD"
"328","Walworth","  3750","2017","February","SD"
"329","Yankton"," 13723","2017","February","SD"
"330","Ziebach","  1596","2017","February","SD"
"331","Aurora","1878","2017","March","SD"
"332","Beadle","10128","2017","March","SD"
"333","Bennett","1906","2017","March","SD"
"334","Bon Homme","4006","2017","March","SD"
"335","Brookings","18456","2017","March","SD"
"336","Brown","23486","2017","March","SD"
"337","Brule","3362","2017","March","SD"
"338","Buffalo","941","2017","March","SD"
"339","Butte","6749","2017","March","SD"
"340","Campbell","1146","2017","March","SD"
"341","Charles Mix","5450","2017","March","SD"
"342","Clark","2555","2017","March","SD"
"343","Clay","7783","2017","March","SD"
"344","Codington","16814","2017","March","SD"
"345","Corson","2373","2017","March","SD"
"346","Custer","6415","2017","March","SD"
"347","Davison","11570","2017","March","SD"
"348","Day","4151","2017","March","SD"
"349","Deuel","2890","2017","March","SD"
"350","Dewey","3372","2017","March","SD"
"351","Douglas","2110","2017","March","SD"
"352","Edmunds","2811","2017","March","SD"
"353","Fall River","5149","2017","March","SD"
"354","Faulk","1543","2017","March","SD"
"355","Grant","4874","2017","March","SD"
"356","Gregory","2821","2017","March","SD"
"357","Haakon","1382","2017","March","SD"
"358","Hamlin","3850","2017","March","SD"
"359","Hand","2442","2017","March","SD"
"360","Hanson","3411","2017","March","SD"
"361","Harding","969","2017","March","SD"
"362","Hughes","11172","2017","March","SD"
"363","Hutchinson","4863","2017","March","SD"
"364","Hyde","1006","2017","March","SD"
"365","Jackson","1891","2017","March","SD"
"366","Jerauld","1274","2017","March","SD"
"367","Jones","708","2017","March","SD"
"368","Kingsbury","  3487","2017","March","SD"
"369","Lake"," 10190","2017","March","SD"
"370","Lawrence"," 17168","2017","March","SD"
"371","Lincoln"," 35265","2017","March","SD"
"372","Lyman","  2283","2017","March","SD"
"373","Marshall","  2809","2017","March","SD"
"374","McCook","  3664","2017","March","SD"
"375","McPherson","  1846","2017","March","SD"
"376","Meade"," 16559","2017","March","SD"
"377","Mellette","  1162","2017","March","SD"
"378","Miner","  1551","2017","March","SD"
"379","Minnehaha","116345","2017","March","SD"
"380","Moody","  4201","2017","March","SD"
"381","Oglala Lakota","  8158","2017","March","SD"
"382","Pennington"," 71957","2017","March","SD"
"383","Perkins","  2200","2017","March","SD"
"384","Potter","  1870","2017","March","SD"
"385","Roberts","  6563","2017","March","SD"
"386","Sanborn","  1604","2017","March","SD"
"387","Spink","  4255","2017","March","SD"
"388","Stanley","  2154","2017","March","SD"
"389","Sully","  1107","2017","March","SD"
"390","Todd","  4705","2017","March","SD"
"391","Tripp","  3774","2017","March","SD"
"392","Turner","  5631","2017","March","SD"
"393","Union"," 11340","2017","March","SD"
"394","Walworth","  3747","2017","March","SD"
"395","Yankton"," 13734","2017","March","SD"
"396","Ziebach","  1595","2017","March","SD"
"397","Aurora","1883","2017","April","SD"
"398","Beadle","10144","2017","April","SD"
"399","Bennett","1909","2017","April","SD"
"400","Bon Homme","4008","2017","April","SD"
"401","Brookings","18489","2017","April","SD"
"402","Brown","23516","2017","April","SD"
"403","Brule","3356","2017","April","SD"
"404","Buffalo","941","2017","April","SD"
"405","Butte","6751","2017","April","SD"
"406","Campbell","1148","2017","April","SD"
"407","Charles Mix","5471","2017","April","SD"
"408","Clark","2563","2017","April","SD"
"409","Clay","7772","2017","April","SD"
"410","Codington","16856","2017","April","SD"
"411","Corson","2371","2017","April","SD"
"412","Custer","6423","2017","April","SD"
"413","Davison","11583","2017","April","SD"
"414","Day","4151","2017","April","SD"
"415","Deuel","2896","2017","April","SD"
"416","Dewey","3375","2017","April","SD"
"417","Douglas","2105","2017","April","SD"
"418","Edmunds","2813","2017","April","SD"
"419","Fall River","5167","2017","April","SD"
"420","Faulk","1588","2017","April","SD"
"421","Grant","4871","2017","April","SD"
"422","Gregory","2819","2017","April","SD"
"423","Haakon","1389","2017","April","SD"
"424","Hamlin","3856","2017","April","SD"
"425","Hand","2435","2017","April","SD"
"426","Hanson","3411","2017","April","SD"
"427","Harding","968","2017","April","SD"
"428","Hughes","11202","2017","April","SD"
"429","Hutchinson","4889","2017","April","SD"
"430","Hyde","1005","2017","April","SD"
"431","Jackson","1891","2017","April","SD"
"432","Jerauld","1266","2017","April","SD"
"433","Jones","707","2017","April","SD"
"434","Kingsbury","  3490","2017","April","SD"
"435","Lake"," 10177","2017","April","SD"
"436","Lawrence"," 17177","2017","April","SD"
"437","Lincoln"," 35301","2017","April","SD"
"438","Lyman","  2283","2017","April","SD"
"439","Marshall","  2820","2017","April","SD"
"440","McCook","  3667","2017","April","SD"
"441","McPherson","  1845","2017","April","SD"
"442","Meade"," 16607","2017","April","SD"
"443","Mellette","  1160","2017","April","SD"
"444","Miner","  1545","2017","April","SD"
"445","Minnehaha","116706","2017","April","SD"
"446","Moody","  4199","2017","April","SD"
"447","Oglala Lakota","  8157","2017","April","SD"
"448","Pennington"," 71487","2017","April","SD"
"449","Perkins","  2200","2017","April","SD"
"450","Potter","  1867","2017","April","SD"
"451","Roberts","  6570","2017","April","SD"
"452","Sanborn","  1604","2017","April","SD"
"453","Spink","  4256","2017","April","SD"
"454","Stanley","  2149","2017","April","SD"
"455","Sully","  1110","2017","April","SD"
"456","Todd","  4694","2017","April","SD"
"457","Tripp","  3757","2017","April","SD"
"458","Turner","  5626","2017","April","SD"
"459","Union"," 11373","2017","April","SD"
"460","Walworth","  3759","2017","April","SD"
"461","Yankton"," 13756","2017","April","SD"
"462","Ziebach","  1594","2017","April","SD"
"463","Aurora","1881","2017","May","SD"
"464","Beadle","10171","2017","May","SD"
"465","Bennett","1911","2017","May","SD"
"466","Bon Homme","4009","2017","May","SD"
"467","Brookings","18534","2017","May","SD"
"468","Brown","23546","2017","May","SD"
"469","Brule","3352","2017","May","SD"
"470","Buffalo","939","2017","May","SD"
"471","Butte","6752","2017","May","SD"
"472","Campbell","1145","2017","May","SD"
"473","Charles Mix","5486","2017","May","SD"
"474","Clark","2563","2017","May","SD"
"475","Clay","7791","2017","May","SD"
"476","Codington","16858","2017","May","SD"
"477","Corson","2374","2017","May","SD"
"478","Custer","6437","2017","May","SD"
"479","Davison","11564","2017","May","SD"
"480","Day","4164","2017","May","SD"
"481","Deuel","2893","2017","May","SD"
"482","Dewey","3377","2017","May","SD"
"483","Douglas","2102","2017","May","SD"
"484","Edmunds","2814","2017","May","SD"
"485","Fall River","5164","2017","May","SD"
"486","Faulk","1593","2017","May","SD"
"487","Grant","4874","2017","May","SD"
"488","Gregory","2817","2017","May","SD"
"489","Haakon","1394","2017","May","SD"
"490","Hamlin","3862","2017","May","SD"
"491","Hand","2440","2017","May","SD"
"492","Hanson","3412","2017","May","SD"
"493","Harding","966","2017","May","SD"
"494","Hughes","11207","2017","May","SD"
"495","Hutchinson","4894","2017","May","SD"
"496","Hyde","1002","2017","May","SD"
"497","Jackson","1891","2017","May","SD"
"498","Jerauld","1266","2017","May","SD"
"499","Jones","705","2017","May","SD"
"500","Kingsbury","  3491","2017","May","SD"
"501","Lake"," 10215","2017","May","SD"
"502","Lawrence"," 17203","2017","May","SD"
"503","Lincoln"," 35347","2017","May","SD"
"504","Lyman","  2282","2017","May","SD"
"505","Marshall","  2819","2017","May","SD"
"506","McCook","  3665","2017","May","SD"
"507","McPherson","  1845","2017","May","SD"
"508","Meade"," 16632","2017","May","SD"
"509","Mellette","  1159","2017","May","SD"
"510","Miner","  1545","2017","May","SD"
"511","Minnehaha","116677","2017","May","SD"
"512","Moody","  4193","2017","May","SD"
"513","Oglala Lakota","  8144","2017","May","SD"
"514","Pennington"," 71492","2017","May","SD"
"515","Perkins","  2202","2017","May","SD"
"516","Potter","  1864","2017","May","SD"
"517","Roberts","  6567","2017","May","SD"
"518","Sanborn","  1601","2017","May","SD"
"519","Spink","  4260","2017","May","SD"
"520","Stanley","  2157","2017","May","SD"
"521","Sully","  1111","2017","May","SD"
"522","Todd","  4690","2017","May","SD"
"523","Tripp","  3772","2017","May","SD"
"524","Turner","  5623","2017","May","SD"
"525","Union"," 11392","2017","May","SD"
"526","Walworth","  3761","2017","May","SD"
"527","Yankton"," 13797","2017","May","SD"
"528","Ziebach","  1592","2017","May","SD"
"529","Aurora","1884","2017","June","SD"
"530","Beadle","10174","2017","June","SD"
"531","Bennett","1909","2017","June","SD"
"532","Bon Homme","4010","2017","June","SD"
"533","Brookings","18558","2017","June","SD"
"534","Brown","23573","2017","June","SD"
"535","Brule","3354","2017","June","SD"
"536","Buffalo","938","2017","June","SD"
"537","Butte","6770","2017","June","SD"
"538","Campbell","1143","2017","June","SD"
"539","Charles Mix","5547","2017","June","SD"
"540","Clark","2565","2017","June","SD"
"541","Clay","7804","2017","June","SD"
"542","Codington","16903","2017","June","SD"
"543","Corson","2373","2017","June","SD"
"544","Custer","6450","2017","June","SD"
"545","Davison","11580","2017","June","SD"
"546","Day","4167","2017","June","SD"
"547","Deuel","2893","2017","June","SD"
"548","Dewey","3384","2017","June","SD"
"549","Douglas","2099","2017","June","SD"
"550","Edmunds","2811","2017","June","SD"
"551","Fall River","5187","2017","June","SD"
"552","Faulk","1593","2017","June","SD"
"553","Grant","4872","2017","June","SD"
"554","Gregory","2818","2017","June","SD"
"555","Haakon","1389","2017","June","SD"
"556","Hamlin","3865","2017","June","SD"
"557","Hand","2441","2017","June","SD"
"558","Hanson","3416","2017","June","SD"
"559","Harding","963","2017","June","SD"
"560","Hughes","11227","2017","June","SD"
"561","Hutchinson","4899","2017","June","SD"
"562","Hyde","1000","2017","June","SD"
"563","Jackson","1890","2017","June","SD"
"564","Jerauld","1266","2017","June","SD"
"565","Jones","703","2017","June","SD"
"566","Kingsbury","  3486","2017","June","SD"
"567","Lake"," 10271","2017","June","SD"
"568","Lawrence"," 17220","2017","June","SD"
"569","Lincoln"," 35453","2017","June","SD"
"570","Lyman","  2286","2017","June","SD"
"571","Marshall","  2817","2017","June","SD"
"572","McCook","  3668","2017","June","SD"
"573","McPherson","  1837","2017","June","SD"
"574","Meade"," 16670","2017","June","SD"
"575","Mellette","  1157","2017","June","SD"
"576","Miner","  1543","2017","June","SD"
"577","Minnehaha","116742","2017","June","SD"
"578","Moody","  4194","2017","June","SD"
"579","Oglala Lakota","  8139","2017","June","SD"
"580","Pennington"," 71548","2017","June","SD"
"581","Perkins","  2207","2017","June","SD"
"582","Potter","  1861","2017","June","SD"
"583","Roberts","  6559","2017","June","SD"
"584","Sanborn","  1599","2017","June","SD"
"585","Spink","  4253","2017","June","SD"
"586","Stanley","  2161","2017","June","SD"
"587","Sully","  1118","2017","June","SD"
"588","Todd","  4745","2017","June","SD"
"589","Tripp","  3769","2017","June","SD"
"590","Turner","  5616","2017","June","SD"
"591","Union"," 11411","2017","June","SD"
"592","Walworth","  3717","2017","June","SD"
"593","Yankton"," 13807","2017","June","SD"
"594","Ziebach","  1599","2017","June","SD"
"595","Aurora","1876","2017","July","SD"
"596","Beadle","10179","2017","July","SD"
"597","Bennett","1906","2017","July","SD"
"598","Bon Homme","4007","2017","July","SD"
"599","Brookings","18588","2017","July","SD"
"600","Brown","23520","2017","July","SD"
"601","Brule","3356","2017","July","SD"
"602","Buffalo","944","2017","July","SD"
"603","Butte","6771","2017","July","SD"
"604","Campbell","1143","2017","July","SD"
"605","Charles Mix","5545","2017","July","SD"
"606","Clark","2570","2017","July","SD"
"607","Clay","7809","2017","July","SD"
"608","Codington","16973","2017","July","SD"
"609","Corson","2373","2017","July","SD"
"610","Custer","6475","2017","July","SD"
"611","Davison","11612","2017","July","SD"
"612","Day","4170","2017","July","SD"
"613","Deuel","2911","2017","July","SD"
"614","Dewey","3377","2017","July","SD"
"615","Douglas","2098","2017","July","SD"
"616","Edmunds","2808","2017","July","SD"
"617","Fall River","5202","2017","July","SD"
"618","Faulk","1589","2017","July","SD"
"619","Grant","4876","2017","July","SD"
"620","Gregory","2812","2017","July","SD"
"621","Haakon","1388","2017","July","SD"
"622","Hamlin","3878","2017","July","SD"
"623","Hand","2444","2017","July","SD"
"624","Hanson","3420","2017","July","SD"
"625","Harding","963","2017","July","SD"
"626","Hughes","11245","2017","July","SD"
"627","Hutchinson","4895","2017","July","SD"
"628","Hyde","1001","2017","July","SD"
"629","Jackson","1890","2017","July","SD"
"630","Jerauld","1259","2017","July","SD"
"631","Jones","699","2017","July","SD"
"632","Kingsbury","  3482","2017","July","SD"
"633","Lake"," 10277","2017","July","SD"
"634","Lawrence"," 17291","2017","July","SD"
"635","Lincoln"," 35643","2017","July","SD"
"636","Lyman","  2285","2017","July","SD"
"637","Marshall","  2820","2017","July","SD"
"638","McCook","  3675","2017","July","SD"
"639","McPherson","  1838","2017","July","SD"
"640","Meade"," 16717","2017","July","SD"
"641","Mellette","  1157","2017","July","SD"
"642","Miner","  1537","2017","July","SD"
"643","Minnehaha","116868","2017","July","SD"
"644","Moody","  4187","2017","July","SD"
"645","Oglala Lakota","  8136","2017","July","SD"
"646","Pennington"," 71950","2017","July","SD"
"647","Perkins","  2212","2017","July","SD"
"648","Potter","  1862","2017","July","SD"
"649","Roberts","  6575","2017","July","SD"
"650","Sanborn","  1602","2017","July","SD"
"651","Spink","  4251","2017","July","SD"
"652","Stanley","  2162","2017","July","SD"
"653","Sully","  1124","2017","July","SD"
"654","Todd","  4745","2017","July","SD"
"655","Tripp","  3765","2017","July","SD"
"656","Turner","  5621","2017","July","SD"
"657","Union"," 11452","2017","July","SD"
"658","Walworth","  3716","2017","July","SD"
"659","Yankton"," 13816","2017","July","SD"
"660","Ziebach","  1604","2017","July","SD"
"661","Aurora","1863","2017","August","SD"
"662","Beadle","10190","2017","August","SD"
"663","Bennett","1896","2017","August","SD"
"664","Bon Homme","4009","2017","August","SD"
"665","Brookings","18352","2017","August","SD"
"666","Brown","23281","2017","August","SD"
"667","Brule","3361","2017","August","SD"
"668","Buffalo","943","2017","August","SD"
"669","Butte","6672","2017","August","SD"
"670","Campbell","1145","2017","August","SD"
"671","Charles Mix","5550","2017","August","SD"
"672","Clark","2570","2017","August","SD"
"673","Clay","7815","2017","August","SD"
"674","Codington","16997","2017","August","SD"
"675","Corson","2345","2017","August","SD"
"676","Custer","6410","2017","August","SD"
"677","Davison","11589","2017","August","SD"
"678","Day","4150","2017","August","SD"
"679","Deuel","2909","2017","August","SD"
"680","Dewey","3366","2017","August","SD"
"681","Douglas","2102","2017","August","SD"
"682","Edmunds","2798","2017","August","SD"
"683","Fall River","5137","2017","August","SD"
"684","Faulk","1586","2017","August","SD"
"685","Grant","4875","2017","August","SD"
"686","Gregory","2790","2017","August","SD"
"687","Haakon","1384","2017","August","SD"
"688","Hamlin","3840","2017","August","SD"
"689","Hand","2425","2017","August","SD"
"690","Hanson","3087","2017","August","SD"
"691","Harding","962","2017","August","SD"
"692","Hughes","11196","2017","August","SD"
"693","Hutchinson","4893","2017","August","SD"
"694","Hyde","1000","2017","August","SD"
"695","Jackson","1897","2017","August","SD"
"696","Jerauld","1257","2017","August","SD"
"697","Jones","694","2017","August","SD"
"698","Kingsbury","  3472","2017","August","SD"
"699","Lake"," 10382","2017","August","SD"
"700","Lawrence"," 17177","2017","August","SD"
"701","Lincoln"," 35755","2017","August","SD"
"702","Lyman","  2266","2017","August","SD"
"703","Marshall","  2805","2017","August","SD"
"704","McCook","  3644","2017","August","SD"
"705","McPherson","  1842","2017","August","SD"
"706","Meade"," 16581","2017","August","SD"
"707","Mellette","  1149","2017","August","SD"
"708","Miner","  1514","2017","August","SD"
"709","Minnehaha","116938","2017","August","SD"
"710","Moody","  4150","2017","August","SD"
"711","Oglala Lakota","  8101","2017","August","SD"
"712","Pennington"," 72067","2017","August","SD"
"713","Perkins","  2189","2017","August","SD"
"714","Potter","  1846","2017","August","SD"
"715","Roberts","  6487","2017","August","SD"
"716","Sanborn","  1585","2017","August","SD"
"717","Spink","  4243","2017","August","SD"
"718","Stanley","  2154","2017","August","SD"
"719","Sully","  1089","2017","August","SD"
"720","Todd","  4746","2017","August","SD"
"721","Tripp","  3766","2017","August","SD"
"722","Turner","  5596","2017","August","SD"
"723","Union"," 11229","2017","August","SD"
"724","Walworth","  3723","2017","August","SD"
"725","Yankton"," 13829","2017","August","SD"
"726","Ziebach","  1576","2017","August","SD"
"727","Aurora","1824","2017","September","SD"
"728","Beadle","10097","2017","September","SD"
"729","Bennett","1798","2017","September","SD"
"730","Bon Homme","3874","2017","September","SD"
"731","Brookings","17474","2017","September","SD"
"732","Brown","22059","2017","September","SD"
"733","Brule","3185","2017","September","SD"
"734","Buffalo","934","2017","September","SD"
"735","Butte","6170","2017","September","SD"
"736","Campbell","1088","2017","September","SD"
"737","Charles Mix","5486","2017","September","SD"
"738","Clark","2467","2017","September","SD"
"739","Clay","7242","2017","September","SD"
"740","Codington","16250","2017","September","SD"
"741","Corson","2251","2017","September","SD"
"742","Custer","6351","2017","September","SD"
"743","Davison","11044","2017","September","SD"
"744","Day","4101","2017","September","SD"
"745","Deuel","2913","2017","September","SD"
"746","Dewey","3308","2017","September","SD"
"747","Douglas","2055","2017","September","SD"
"748","Edmunds","2683","2017","September","SD"
"749","Fall River","4928","2017","September","SD"
"750","Faulk","1553","2017","September","SD"
"751","Grant","4705","2017","September","SD"
"752","Gregory","2722","2017","September","SD"
"753","Haakon","1371","2017","September","SD"
"754","Hamlin","3673","2017","September","SD"
"755","Hand","2366","2017","September","SD"
"756","Hanson","3048","2017","September","SD"
"757","Harding","932","2017","September","SD"
"758","Hughes","10898","2017","September","SD"
"759","Hutchinson","4902","2017","September","SD"
"760","Hyde","997","2017","September","SD"
"761","Jackson","1891","2017","September","SD"
"762","Jerauld","1260","2017","September","SD"
"763","Jones","677","2017","September","SD"
"764","Kingsbury","  3345","2017","September","SD"
"765","Lake","  9615","2017","September","SD"
"766","Lawrence"," 16042","2017","September","SD"
"767","Lincoln"," 35734","2017","September","SD"
"768","Lyman","  2204","2017","September","SD"
"769","Marshall","  2744","2017","September","SD"
"770","McCook","  3552","2017","September","SD"
"771","McPherson","  1757","2017","September","SD"
"772","Meade"," 16486","2017","September","SD"
"773","Mellette","  1096","2017","September","SD"
"774","Miner","  1487","2017","September","SD"
"775","Minnehaha","117660","2017","September","SD"
"776","Moody","  3997","2017","September","SD"
"777","Oglala Lakota","  7855","2017","September","SD"
"778","Pennington"," 71417","2017","September","SD"
"779","Perkins","  2132","2017","September","SD"
"780","Potter","  1743","2017","September","SD"
"781","Roberts","  6237","2017","September","SD"
"782","Sanborn","  1561","2017","September","SD"
"783","Spink","  4215","2017","September","SD"
"784","Stanley","  2042","2017","September","SD"
"785","Sully","  1080","2017","September","SD"
"786","Todd","  4493","2017","September","SD"
"787","Tripp","  3639","2017","September","SD"
"788","Turner","  5486","2017","September","SD"
"789","Union"," 10849","2017","September","SD"
"790","Walworth","  3707","2017","September","SD"
"791","Yankton"," 13188","2017","September","SD"
"792","Ziebach","  1535","2017","September","SD"
"793","Aurora","1809","2018","August","SD"
"794","Beadle","9767","2018","August","SD"
"795","Bennett","1804","2018","August","SD"
"796","Bon Homme","3905","2018","August","SD"
"797","Brookings","17973","2018","August","SD"
"798","Brown","22677","2018","August","SD"
"799","Brule","3216","2018","August","SD"
"800","Buffalo","902","2018","August","SD"
"801","Butte","6128","2018","August","SD"
"802","Campbell","1106","2018","August","SD"
"803","Charles Mix","5518","2018","August","SD"
"804","Clark","2465","2018","August","SD"
"805","Clay","7413","2018","August","SD"
"806","Codington","16469","2018","August","SD"
"807","Corson","2280","2018","August","SD"
"808","Custer","6392","2018","August","SD"
"809","Davison","11116","2018","August","SD"
"810","Day","3965","2018","August","SD"
"811","Deuel","2839","2018","August","SD"
"812","Dewey","3272","2018","August","SD"
"813","Douglas","2077","2018","August","SD"
"814","Edmunds","2687","2018","August","SD"
"815","Fall River","5079","2018","August","SD"
"816","Faulk","1560","2018","August","SD"
"817","Grant","4637","2018","August","SD"
"818","Gregory","2752","2018","August","SD"
"819","Haakon","1369","2018","August","SD"
"820","Hamlin","3802","2018","August","SD"
"821","Hand","2341","2018","August","SD"
"822","Hanson","3083","2018","August","SD"
"823","Harding","938","2018","August","SD"
"824","Hughes","11109","2018","August","SD"
"825","Hutchinson","4996","2018","August","SD"
"826","Hyde","962","2018","August","SD"
"827","Jackson","1762","2018","August","SD"
"828","Jerauld","1290","2018","August","SD"
"829","Jones","684","2018","August","SD"
"830","Kingsbury","3432","2018","August","SD"
"831","Lake","10041","2018","August","SD"
"832","Lawrence","16479","2018","August","SD"
"833","Lincoln","35776","2018","August","SD"
"834","Lyman","2202","2018","August","SD"
"835","Marshall","2763","2018","August","SD"
"836","McCook","3567","2018","August","SD"
"837","McPherson","1761","2018","August","SD"
"838","Meade","16642","2018","August","SD"
"839","Mellette","1101","2018","August","SD"
"840","Miner","  1497","2018","August","SD"
"841","Minnehaha","112359","2018","August","SD"
"842","Moody","  4057","2018","August","SD"
"843","Oglala Lakota","  7766","2018","August","SD"
"844","Pennington"," 69968","2018","August","SD"
"845","Perkins","  2143","2018","August","SD"
"846","Potter","  1740","2018","August","SD"
"847","Roberts","  6299","2018","August","SD"
"848","Sanborn","  1545","2018","August","SD"
"849","Spink","  4102","2018","August","SD"
"850","Stanley","  2056","2018","August","SD"
"851","Sully","  1085","2018","August","SD"
"852","Todd","  4475","2018","August","SD"
"853","Tripp","  3664","2018","August","SD"
"854","Turner","  5574","2018","August","SD"
"855","Union"," 11211","2018","August","SD"
"856","Walworth","  3665","2018","August","SD"
"857","Yankton"," 13502","2018","August","SD"
"858","Ziebach","  1536","2018","August","SD"
"859","Aurora","1811","2018","September","SD"
"860","Beadle","9768","2018","September","SD"
"861","Bennett","1816","2018","September","SD"
"862","Bon Homme","3903","2018","September","SD"
"863","Brookings","18044","2018","September","SD"
"864","Brown","22749","2018","September","SD"
"865","Brule","3214","2018","September","SD"
"866","Buffalo","897","2018","September","SD"
"867","Butte","6137","2018","September","SD"
"868","Campbell","1105","2018","September","SD"
"869","Charles Mix","5514","2018","September","SD"
"870","Clark","2469","2018","September","SD"
"871","Clay","7436","2018","September","SD"
"872","Codington","16515","2018","September","SD"
"873","Corson","2283","2018","September","SD"
"874","Custer","6427","2018","September","SD"
"875","Davison","11143","2018","September","SD"
"876","Day","3959","2018","September","SD"
"877","Deuel","2848","2018","September","SD"
"878","Dewey","3278","2018","September","SD"
"879","Douglas","2075","2018","September","SD"
"880","Edmunds","2687","2018","September","SD"
"881","Fall River","5098","2018","September","SD"
"882","Faulk","1556","2018","September","SD"
"883","Grant","4660","2018","September","SD"
"884","Gregory","2768","2018","September","SD"
"885","Haakon","1370","2018","September","SD"
"886","Hamlin","3807","2018","September","SD"
"887","Hand","2339","2018","September","SD"
"888","Hanson","3116","2018","September","SD"
"889","Harding","946","2018","September","SD"
"890","Hughes","11124","2018","September","SD"
"891","Hutchinson","4999","2018","September","SD"
"892","Hyde","962","2018","September","SD"
"893","Jackson","1772","2018","September","SD"
"894","Jerauld","1285","2018","September","SD"
"895","Jones","683","2018","September","SD"
"896","Kingsbury","3437","2018","September","SD"
"897","Lake","9917","2018","September","SD"
"898","Lawrence","16547","2018","September","SD"
"899","Lincoln","35986","2018","September","SD"
"900","Lyman","2207","2018","September","SD"
"901","Marshall","2771","2018","September","SD"
"902","McCook","3589","2018","September","SD"
"903","McPherson","1758","2018","September","SD"
"904","Meade","16681","2018","September","SD"
"905","Mellette","1104","2018","September","SD"
"906","Miner","1506","2018","September","SD"
"907","Minnehaha","113264","2018","September","SD"
"908","Moody","4058","2018","September","SD"
"909","Oglala Lakota","7780","2018","September","SD"
"910","Pennington","70490","2018","September","SD"
"911","Perkins","2140","2018","September","SD"
"912","Potter","1743","2018","September","SD"
"913","Roberts","6292","2018","September","SD"
"914","Sanborn","1545","2018","September","SD"
"915","Spink","4104","2018","September","SD"
"916","Stanley","2061","2018","September","SD"
"917","Sully","1085","2018","September","SD"
"918","Todd","4506","2018","September","SD"
"919","Tripp","3667","2018","September","SD"
"920","Turner","5572","2018","September","SD"
"921","Union","11293","2018","September","SD"
"922","Walworth","3670","2018","September","SD"
"923","Yankton","13541","2018","September","SD"
"924","Ziebach","1536","2018","September","SD"
"925","Aurora","1820","2018","January","SD"
"926","Beadle","9806","2018","January","SD"
"927","Bennett","1787","2018","January","SD"
"928","Bon Homme","3839","2018","January","SD"
"929","Brookings","17647","2018","January","SD"
"930","Brown","22445","2018","January","SD"
"931","Brule","3169","2018","January","SD"
"932","Buffalo","897","2018","January","SD"
"933","Butte","6014","2018","January","SD"
"934","Campbell","1079","2018","January","SD"
"935","Charles Mix","5491","2018","January","SD"
"936","Clark","2455","2018","January","SD"
"937","Clay","7302","2018","January","SD"
"938","Codington","16191","2018","January","SD"
"939","Corson","2256","2018","January","SD"
"940","Custer","6237","2018","January","SD"
"941","Davison","10916","2018","January","SD"
"942","Day","3958","2018","January","SD"
"943","Deuel","2806","2018","January","SD"
"944","Dewey","3288","2018","January","SD"
"945","Douglas","2052","2018","January","SD"
"946","Edmunds","2679","2018","January","SD"
"947","Fall River","4957","2018","January","SD"
"948","Faulk","1553","2018","January","SD"
"949","Grant","4634","2018","January","SD"
"950","Gregory","2720","2018","January","SD"
"951","Haakon","1364","2018","January","SD"
"952","Hamlin","3688","2018","January","SD"
"953","Hand","2351","2018","January","SD"
"954","Hanson","3030","2018","January","SD"
"955","Harding","932","2018","January","SD"
"956","Hughes","10931","2018","January","SD"
"957","Hutchinson","4897","2018","January","SD"
"958","Hyde","952","2018","January","SD"
"959","Jackson","1858","2018","January","SD"
"960","Jerauld","1277","2018","January","SD"
"961","Jones","674","2018","January","SD"
"962","Kingsbury","  3362","2018","January","SD"
"963","Lake","  9750","2018","January","SD"
"964","Lawrence"," 16197","2018","January","SD"
"965","Lincoln"," 34506","2018","January","SD"
"966","Lyman","  2198","2018","January","SD"
"967","Marshall","  2748","2018","January","SD"
"968","McCook","  3538","2018","January","SD"
"969","McPherson","  1738","2018","January","SD"
"970","Meade"," 16184","2018","January","SD"
"971","Mellette","  1088","2018","January","SD"
"972","Miner","  1480","2018","January","SD"
"973","Minnehaha","114962","2018","January","SD"
"974","Moody","  4001","2018","January","SD"
"975","Oglala Lakota","  7713","2018","January","SD"
"976","Pennington"," 67801","2018","January","SD"
"977","Perkins","  2139","2018","January","SD"
"978","Potter","  1727","2018","January","SD"
"979","Roberts","  6252","2018","January","SD"
"980","Sanborn","  1540","2018","January","SD"
"981","Spink","  4102","2018","January","SD"
"982","Stanley","  2037","2018","January","SD"
"983","Sully","  1077","2018","January","SD"
"984","Todd","  4431","2018","January","SD"
"985","Tripp","  3615","2018","January","SD"
"986","Turner","  5527","2018","January","SD"
"987","Union"," 10904","2018","January","SD"
"988","Walworth","  3728","2018","January","SD"
"989","Yankton"," 13242","2018","January","SD"
"990","Ziebach","  1531","2018","January","SD"
"991","Aurora","1807","2018","October","SD"
"992","Beadle","9787","2018","October","SD"
"993","Bennett","1827","2018","October","SD"
"994","Bon Homme","3914","2018","October","SD"
"995","Brookings","18149","2018","October","SD"
"996","Brown","22844","2018","October","SD"
"997","Brule","3227","2018","October","SD"
"998","Buffalo","900","2018","October","SD"
"999","Butte","6158","2018","October","SD"
"1000","Campbell","1107","2018","October","SD"
"1001","Charles Mix","5530","2018","October","SD"
"1002","Clark","2473","2018","October","SD"
"1003","Clay","7493","2018","October","SD"
"1004","Codington","16552","2018","October","SD"
"1005","Corson","2285","2018","October","SD"
"1006","Custer","6467","2018","October","SD"
"1007","Davison","11171","2018","October","SD"
"1008","Day","3970","2018","October","SD"
"1009","Deuel","2850","2018","October","SD"
"1010","Dewey","3290","2018","October","SD"
"1011","Douglas","2077","2018","October","SD"
"1012","Edmunds","2683","2018","October","SD"
"1013","Fall River","5129","2018","October","SD"
"1014","Faulk","1562","2018","October","SD"
"1015","Grant","4668","2018","October","SD"
"1016","Gregory","2789","2018","October","SD"
"1017","Haakon","1365","2018","October","SD"
"1018","Hamlin","3823","2018","October","SD"
"1019","Hand","2337","2018","October","SD"
"1020","Hanson","3144","2018","October","SD"
"1021","Harding","953","2018","October","SD"
"1022","Hughes","11176","2018","October","SD"
"1023","Hutchinson","4999","2018","October","SD"
"1024","Hyde","964","2018","October","SD"
"1025","Jackson","1769","2018","October","SD"
"1026","Jerauld","1283","2018","October","SD"
"1027","Jones","683","2018","October","SD"
"1028","Kingsbury","3443","2018","October","SD"
"1029","Lake","9772","2018","October","SD"
"1030","Lawrence","16633","2018","October","SD"
"1031","Lincoln","36286","2018","October","SD"
"1032","Lyman","2209","2018","October","SD"
"1033","Marshall","2776","2018","October","SD"
"1034","McCook","3602","2018","October","SD"
"1035","McPherson","1756","2018","October","SD"
"1036","Meade","16776","2018","October","SD"
"1037","Mellette","1110","2018","October","SD"
"1038","Miner","1520","2018","October","SD"
"1039","Minnehaha","113668","2018","October","SD"
"1040","Moody","4023","2018","October","SD"
"1041","Oglala Lakota","7808","2018","October","SD"
"1042","Pennington","71116","2018","October","SD"
"1043","Perkins","2139","2018","October","SD"
"1044","Potter","1754","2018","October","SD"
"1045","Roberts","6306","2018","October","SD"
"1046","Sanborn","1542","2018","October","SD"
"1047","Spink","4119","2018","October","SD"
"1048","Stanley","2075","2018","October","SD"
"1049","Sully","1087","2018","October","SD"
"1050","Todd","4523","2018","October","SD"
"1051","Tripp","3681","2018","October","SD"
"1052","Turner","5588","2018","October","SD"
"1053","Union","11347","2018","October","SD"
"1054","Walworth","3685","2018","October","SD"
"1055","Yankton","13609","2018","October","SD"
"1056","Ziebach","1540","2018","October","SD"
"1057","Aurora","1805","2018","November","SD"
"1058","Beadle","9831","2018","November","SD"
"1059","Bennett","1844","2018","November","SD"
"1060","Bon Homme","3936","2018","November","SD"
"1061","Brookings","18384","2018","November","SD"
"1062","Brown","23044","2018","November","SD"
"1063","Brule","3238","2018","November","SD"
"1064","Buffalo","936","2018","November","SD"
"1065","Butte","6206","2018","November","SD"
"1066","Campbell","1112","2018","November","SD"
"1067","Charles Mix","5682","2018","November","SD"
"1068","Clark","2485","2018","November","SD"
"1069","Clay","7651","2018","November","SD"
"1070","Codington","16687","2018","November","SD"
"1071","Corson","2328","2018","November","SD"
"1072","Custer","6529","2018","November","SD"
"1073","Davison","11265","2018","November","SD"
"1074","Day","3980","2018","November","SD"
"1075","Deuel","2865","2018","November","SD"
"1076","Dewey","3388","2018","November","SD"
"1077","Douglas","2103","2018","November","SD"
"1078","Edmunds","2691","2018","November","SD"
"1079","Fall River","5189","2018","November","SD"
"1080","Faulk","1571","2018","November","SD"
"1081","Grant","4699","2018","November","SD"
"1082","Gregory","2808","2018","November","SD"
"1083","Haakon","1385","2018","November","SD"
"1084","Hamlin","3835","2018","November","SD"
"1085","Hand","2333","2018","November","SD"
"1086","Hanson","3174","2018","November","SD"
"1087","Harding","960","2018","November","SD"
"1088","Hughes","11271","2018","November","SD"
"1089","Hutchinson","5031","2018","November","SD"
"1090","Hyde","971","2018","November","SD"
"1091","Jackson","1802","2018","November","SD"
"1092","Jerauld","1290","2018","November","SD"
"1093","Jones","688","2018","November","SD"
"1094","Kingsbury","3483","2018","November","SD"
"1095","Lake","9652","2018","November","SD"
"1096","Lawrence","16908","2018","November","SD"
"1097","Lincoln","36809","2018","November","SD"
"1098","Lyman","2234","2018","November","SD"
"1099","Marshall","2790","2018","November","SD"
"1100","McCook","3624","2018","November","SD"
"1101","McPherson","1760","2018","November","SD"
"1102","Meade","16971","2018","November","SD"
"1103","Mellette","1126","2018","November","SD"
"1104","Miner","1559","2018","November","SD"
"1105","Minnehaha","115726","2018","November","SD"
"1106","Moody","4077","2018","November","SD"
"1107","Oglala Lakota","7914","2018","November","SD"
"1108","Pennington","72089","2018","November","SD"
"1109","Perkins","2139","2018","November","SD"
"1110","Potter","1754","2018","November","SD"
"1111","Roberts","6395","2018","November","SD"
"1112","Sanborn","1545","2018","November","SD"
"1113","Spink","4144","2018","November","SD"
"1114","Stanley","2104","2018","November","SD"
"1115","Sully","1088","2018","November","SD"
"1116","Todd","4607","2018","November","SD"
"1117","Tripp","3705","2018","November","SD"
"1118","Turner","5642","2018","November","SD"
"1119","Union","11396","2018","November","SD"
"1120","Walworth","3699","2018","November","SD"
"1121","Yankton","13742","2018","November","SD"
"1122","Ziebach","1610","2018","November","SD"
"1123","Aurora","1810","2018","December","SD"
"1124","Beadle","9869","2018","December","SD"
"1125","Bennett","1847","2018","December","SD"
"1126","Bon Homme","3948","2018","December","SD"
"1127","Brookings","18453","2018","December","SD"
"1128","Brown","23151","2018","December","SD"
"1129","Brule","3249","2018","December","SD"
"1130","Buffalo","935","2018","December","SD"
"1131","Butte","6247","2018","December","SD"
"1132","Campbell","1111","2018","December","SD"
"1133","Charles Mix","5689","2018","December","SD"
"1134","Clark","2493","2018","December","SD"
"1135","Clay","7693","2018","December","SD"
"1136","Codington","16754","2018","December","SD"
"1137","Corson","2334","2018","December","SD"
"1138","Custer","6578","2018","December","SD"
"1139","Davison","11322","2018","December","SD"
"1140","Day","3987","2018","December","SD"
"1141","Deuel","2873","2018","December","SD"
"1142","Dewey","3438","2018","December","SD"
"1143","Douglas","2101","2018","December","SD"
"1144","Edmunds","2692","2018","December","SD"
"1145","Fall River","5179","2018","December","SD"
"1146","Faulk","1574","2018","December","SD"
"1147","Grant","4697","2018","December","SD"
"1148","Gregory","2821","2018","December","SD"
"1149","Haakon","1387","2018","December","SD"
"1150","Hamlin","3839","2018","December","SD"
"1151","Hand","2329","2018","December","SD"
"1152","Hanson","3171","2018","December","SD"
"1153","Harding","959","2018","December","SD"
"1154","Hughes","11319","2018","December","SD"
"1155","Hutchinson","5030","2018","December","SD"
"1156","Hyde","975","2018","December","SD"
"1157","Jackson","1800","2018","December","SD"
"1158","Jerauld","1286","2018","December","SD"
"1159","Jones","686","2018","December","SD"
"1160","Kingsbury","3485","2018","December","SD"
"1161","Lake","9512","2018","December","SD"
"1162","Lawrence","17024","2018","December","SD"
"1163","Lincoln","37226","2018","December","SD"
"1164","Lyman","2238","2018","December","SD"
"1165","Marshall","2785","2018","December","SD"
"1166","McCook","3647","2018","December","SD"
"1167","McPherson","1771","2018","December","SD"
"1168","Meade","17065","2018","December","SD"
"1169","Mellette","1136","2018","December","SD"
"1170","Miner","1567","2018","December","SD"
"1171","Minnehaha","115748","2018","December","SD"
"1172","Moody","4102","2018","December","SD"
"1173","Oglala Lakota","7937","2018","December","SD"
"1174","Pennington","72596","2018","December","SD"
"1175","Perkins","2145","2018","December","SD"
"1176","Potter","1754","2018","December","SD"
"1177","Roberts","6414","2018","December","SD"
"1178","Sanborn","1544","2018","December","SD"
"1179","Spink","4151","2018","December","SD"
"1180","Stanley","2100","2018","December","SD"
"1181","Sully","1091","2018","December","SD"
"1182","Todd","4669","2018","December","SD"
"1183","Tripp","3705","2018","December","SD"
"1184","Turner","5672","2018","December","SD"
"1185","Union","11479","2018","December","SD"
"1186","Walworth","3703","2018","December","SD"
"1187","Yankton","13844","2018","December","SD"
"1188","Ziebach","1615","2018","December","SD"
"1189","Aurora","1816","2018","February","SD"
"1190","Beadle","9824","2018","February","SD"
"1191","Bennett","1795","2018","February","SD"
"1192","Bon Homme","3843","2018","February","SD"
"1193","Brookings","17662","2018","February","SD"
"1194","Brown","22461","2018","February","SD"
"1195","Brule","3170","2018","February","SD"
"1196","Buffalo","899","2018","February","SD"
"1197","Butte","6035","2018","February","SD"
"1198","Campbell","1083","2018","February","SD"
"1199","Charles Mix","5504","2018","February","SD"
"1200","Clark","2454","2018","February","SD"
"1201","Clay","7322","2018","February","SD"
"1202","Codington","16244","2018","February","SD"
"1203","Corson","2247","2018","February","SD"
"1204","Custer","6244","2018","February","SD"
"1205","Davison","10940","2018","February","SD"
"1206","Day","3952","2018","February","SD"
"1207","Deuel","2805","2018","February","SD"
"1208","Dewey","3288","2018","February","SD"
"1209","Douglas","2051","2018","February","SD"
"1210","Edmunds","2677","2018","February","SD"
"1211","Fall River","4959","2018","February","SD"
"1212","Faulk","1551","2018","February","SD"
"1213","Grant","4632","2018","February","SD"
"1214","Gregory","2716","2018","February","SD"
"1215","Haakon","1362","2018","February","SD"
"1216","Hamlin","3695","2018","February","SD"
"1217","Hand","2348","2018","February","SD"
"1218","Hanson","3023","2018","February","SD"
"1219","Harding","931","2018","February","SD"
"1220","Hughes","10942","2018","February","SD"
"1221","Hutchinson","4903","2018","February","SD"
"1222","Hyde","953","2018","February","SD"
"1223","Jackson","1849","2018","February","SD"
"1224","Jerauld","1292","2018","February","SD"
"1225","Jones","673","2018","February","SD"
"1226","Kingsbury","  3370","2018","February","SD"
"1227","Lake","  9767","2018","February","SD"
"1228","Lawrence"," 16216","2018","February","SD"
"1229","Lincoln"," 34635","2018","February","SD"
"1230","Lyman","  2195","2018","February","SD"
"1231","Marshall","  2752","2018","February","SD"
"1232","McCook","  3542","2018","February","SD"
"1233","McPherson","  1742","2018","February","SD"
"1234","Meade"," 16228","2018","February","SD"
"1235","Mellette","  1082","2018","February","SD"
"1236","Miner","  1480","2018","February","SD"
"1237","Minnehaha","112520","2018","February","SD"
"1238","Moody","  4008","2018","February","SD"
"1239","Oglala Lakota","  7704","2018","February","SD"
"1240","Pennington"," 67973","2018","February","SD"
"1241","Perkins","  2137","2018","February","SD"
"1242","Potter","  1731","2018","February","SD"
"1243","Roberts","  6271","2018","February","SD"
"1244","Sanborn","  1542","2018","February","SD"
"1245","Spink","  4062","2018","February","SD"
"1246","Stanley","  2045","2018","February","SD"
"1247","Sully","  1070","2018","February","SD"
"1248","Todd","  4431","2018","February","SD"
"1249","Tripp","  3619","2018","February","SD"
"1250","Turner","  5532","2018","February","SD"
"1251","Union"," 10931","2018","February","SD"
"1252","Walworth","  3667","2018","February","SD"
"1253","Yankton"," 13274","2018","February","SD"
"1254","Ziebach","  1529","2018","February","SD"
"1255","Aurora","1810","2018","March","SD"
"1256","Beadle","9833","2018","March","SD"
"1257","Bennett","1796","2018","March","SD"
"1258","Bon Homme","3855","2018","March","SD"
"1259","Brookings","17731","2018","March","SD"
"1260","Brown","22487","2018","March","SD"
"1261","Brule","3171","2018","March","SD"
"1262","Buffalo","899","2018","March","SD"
"1263","Butte","6048","2018","March","SD"
"1264","Campbell","1090","2018","March","SD"
"1265","Charles Mix","5505","2018","March","SD"
"1266","Clark","2451","2018","March","SD"
"1267","Clay","7342","2018","March","SD"
"1268","Codington","16249","2018","March","SD"
"1269","Corson","2248","2018","March","SD"
"1270","Custer","6252","2018","March","SD"
"1271","Davison","10950","2018","March","SD"
"1272","Day","3962","2018","March","SD"
"1273","Deuel","2800","2018","March","SD"
"1274","Dewey","3275","2018","March","SD"
"1275","Douglas","2052","2018","March","SD"
"1276","Edmunds","2676","2018","March","SD"
"1277","Fall River","4976","2018","March","SD"
"1278","Faulk","1552","2018","March","SD"
"1279","Grant","4629","2018","March","SD"
"1280","Gregory","2722","2018","March","SD"
"1281","Haakon","1361","2018","March","SD"
"1282","Hamlin","3698","2018","March","SD"
"1283","Hand","2342","2018","March","SD"
"1284","Hanson","3013","2018","March","SD"
"1285","Harding","928","2018","March","SD"
"1286","Hughes","10954","2018","March","SD"
"1287","Hutchinson","4902","2018","March","SD"
"1288","Hyde","952","2018","March","SD"
"1289","Jackson","1846","2018","March","SD"
"1290","Jerauld","1291","2018","March","SD"
"1291","Jones","674","2018","March","SD"
"1292","Kingsbury","  3373","2018","March","SD"
"1293","Lake","  9785","2018","March","SD"
"1294","Lawrence"," 16267","2018","March","SD"
"1295","Lincoln"," 34770","2018","March","SD"
"1296","Lyman","  2196","2018","March","SD"
"1297","Marshall","  2754","2018","March","SD"
"1298","McCook","  3554","2018","March","SD"
"1299","McPherson","  1740","2018","March","SD"
"1300","Meade"," 16290","2018","March","SD"
"1301","Mellette","  1081","2018","March","SD"
"1302","Miner","  1482","2018","March","SD"
"1303","Minnehaha","111807","2018","March","SD"
"1304","Moody","  4017","2018","March","SD"
"1305","Oglala Lakota","  7708","2018","March","SD"
"1306","Pennington"," 68125","2018","March","SD"
"1307","Perkins","  2134","2018","March","SD"
"1308","Potter","  1734","2018","March","SD"
"1309","Roberts","  6268","2018","March","SD"
"1310","Sanborn","  1535","2018","March","SD"
"1311","Spink","  4065","2018","March","SD"
"1312","Stanley","  2051","2018","March","SD"
"1313","Sully","  1072","2018","March","SD"
"1314","Todd","  4436","2018","March","SD"
"1315","Tripp","  3631","2018","March","SD"
"1316","Turner","  5545","2018","March","SD"
"1317","Union"," 10958","2018","March","SD"
"1318","Walworth","  3665","2018","March","SD"
"1319","Yankton"," 13297","2018","March","SD"
"1320","Ziebach","  1528","2018","March","SD"
"1321","Aurora","1810","2018","April","SD"
"1322","Beadle","9828","2018","April","SD"
"1323","Bennett","1791","2018","April","SD"
"1324","Bon Homme","3875","2018","April","SD"
"1325","Brookings","17756","2018","April","SD"
"1326","Brown","22528","2018","April","SD"
"1327","Brule","3178","2018","April","SD"
"1328","Buffalo","900","2018","April","SD"
"1329","Butte","6073","2018","April","SD"
"1330","Campbell","1090","2018","April","SD"
"1331","Charles Mix","5493","2018","April","SD"
"1332","Clark","2453","2018","April","SD"
"1333","Clay","7358","2018","April","SD"
"1334","Codington","16267","2018","April","SD"
"1335","Corson","2246","2018","April","SD"
"1336","Custer","6277","2018","April","SD"
"1337","Davison","10950","2018","April","SD"
"1338","Day","3974","2018","April","SD"
"1339","Deuel","2815","2018","April","SD"
"1340","Dewey","3276","2018","April","SD"
"1341","Douglas","2050","2018","April","SD"
"1342","Edmunds","2673","2018","April","SD"
"1343","Fall River","4997","2018","April","SD"
"1344","Faulk","1561","2018","April","SD"
"1345","Grant","4634","2018","April","SD"
"1346","Gregory","2726","2018","April","SD"
"1347","Haakon","1361","2018","April","SD"
"1348","Hamlin","3704","2018","April","SD"
"1349","Hand","2335","2018","April","SD"
"1350","Hanson","3015","2018","April","SD"
"1351","Harding","925","2018","April","SD"
"1352","Hughes","10968","2018","April","SD"
"1353","Hutchinson","4955","2018","April","SD"
"1354","Hyde","967","2018","April","SD"
"1355","Jackson","1764","2018","April","SD"
"1356","Jerauld","1293","2018","April","SD"
"1357","Jones","675","2018","April","SD"
"1358","Kingsbury","  3389","2018","April","SD"
"1359","Lake","  9804","2018","April","SD"
"1360","Lawrence"," 16305","2018","April","SD"
"1361","Lincoln"," 34930","2018","April","SD"
"1362","Lyman","  2196","2018","April","SD"
"1363","Marshall","  2758","2018","April","SD"
"1364","McCook","  3553","2018","April","SD"
"1365","McPherson","  1743","2018","April","SD"
"1366","Meade"," 16354","2018","April","SD"
"1367","Mellette","  1079","2018","April","SD"
"1368","Miner","  1483","2018","April","SD"
"1369","Minnehaha","111141","2018","April","SD"
"1370","Moody","  4026","2018","April","SD"
"1371","Oglala Lakota","  7703","2018","April","SD"
"1372","Pennington"," 68400","2018","April","SD"
"1373","Perkins","  2135","2018","April","SD"
"1374","Potter","  1730","2018","April","SD"
"1375","Roberts","  6273","2018","April","SD"
"1376","Sanborn","  1535","2018","April","SD"
"1377","Spink","  4078","2018","April","SD"
"1378","Stanley","  2052","2018","April","SD"
"1379","Sully","  1073","2018","April","SD"
"1380","Todd","  4442","2018","April","SD"
"1381","Tripp","  3650","2018","April","SD"
"1382","Turner","  5563","2018","April","SD"
"1383","Union"," 11008","2018","April","SD"
"1384","Walworth","  3661","2018","April","SD"
"1385","Yankton"," 13321","2018","April","SD"
"1386","Ziebach","  1532","2018","April","SD"
"1387","Aurora","1812","2018","May","SD"
"1388","Beadle","9833","2018","May","SD"
"1389","Bennett","1799","2018","May","SD"
"1390","Bon Homme","3901","2018","May","SD"
"1391","Brookings","17812","2018","May","SD"
"1392","Brown","22556","2018","May","SD"
"1393","Brule","3190","2018","May","SD"
"1394","Buffalo","900","2018","May","SD"
"1395","Butte","6089","2018","May","SD"
"1396","Campbell","1094","2018","May","SD"
"1397","Charles Mix","5507","2018","May","SD"
"1398","Clark","2454","2018","May","SD"
"1399","Clay","7355","2018","May","SD"
"1400","Codington","16302","2018","May","SD"
"1401","Corson","2255","2018","May","SD"
"1402","Custer","6293","2018","May","SD"
"1403","Davison","10974","2018","May","SD"
"1404","Day","3966","2018","May","SD"
"1405","Deuel","2822","2018","May","SD"
"1406","Dewey","3276","2018","May","SD"
"1407","Douglas","2057","2018","May","SD"
"1408","Edmunds","2675","2018","May","SD"
"1409","Fall River","5005","2018","May","SD"
"1410","Faulk","1560","2018","May","SD"
"1411","Grant","4637","2018","May","SD"
"1412","Gregory","2724","2018","May","SD"
"1413","Haakon","1367","2018","May","SD"
"1414","Hamlin","3716","2018","May","SD"
"1415","Hand","2340","2018","May","SD"
"1416","Hanson","3011","2018","May","SD"
"1417","Harding","923","2018","May","SD"
"1418","Hughes","10984","2018","May","SD"
"1419","Hutchinson","4974","2018","May","SD"
"1420","Hyde","969","2018","May","SD"
"1421","Jackson","1762","2018","May","SD"
"1422","Jerauld","1293","2018","May","SD"
"1423","Jones","679","2018","May","SD"
"1424","Kingsbury","3412","2018","May","SD"
"1425","Lake","9852","2018","May","SD"
"1426","Lawrence","16327","2018","May","SD"
"1427","Lincoln","35103","2018","May","SD"
"1428","Lyman","2201","2018","May","SD"
"1429","Marshall","2751","2018","May","SD"
"1430","McCook","3553","2018","May","SD"
"1431","McPherson","1748","2018","May","SD"
"1432","Meade","16423","2018","May","SD"
"1433","Mellette","1077","2018","May","SD"
"1434","Miner","1481","2018","May","SD"
"1435","Minnehaha","111417","2018","May","SD"
"1436","Moody","4032","2018","May","SD"
"1437","Oglala Lakota","7707","2018","May","SD"
"1438","Pennington","68671","2018","May","SD"
"1439","Perkins","2141","2018","May","SD"
"1440","Potter","1729","2018","May","SD"
"1441","Roberts","6273","2018","May","SD"
"1442","Sanborn","1538","2018","May","SD"
"1443","Spink","4081","2018","May","SD"
"1444","Stanley","2043","2018","May","SD"
"1445","Sully","1081","2018","May","SD"
"1446","Todd","4439","2018","May","SD"
"1447","Tripp","3652","2018","May","SD"
"1448","Turner","5551","2018","May","SD"
"1449","Union","11042","2018","May","SD"
"1450","Walworth","3658","2018","May","SD"
"1451","Yankton","13362","2018","May","SD"
"1452","Ziebach","1536","2018","May","SD"
"1453","Aurora","1812","2018","June","SD"
"1454","Beadle","9866","2018","June","SD"
"1455","Bennett","1811","2018","June","SD"
"1456","Bon Homme","3911","2018","June","SD"
"1457","Brookings","17845","2018","June","SD"
"1458","Brown","22592","2018","June","SD"
"1459","Brule","3202","2018","June","SD"
"1460","Buffalo","901","2018","June","SD"
"1461","Butte","6104","2018","June","SD"
"1462","Campbell","1099","2018","June","SD"
"1463","Charles Mix","5513","2018","June","SD"
"1464","Clark","2464","2018","June","SD"
"1465","Clay","7373","2018","June","SD"
"1466","Codington","16383","2018","June","SD"
"1467","Corson","2260","2018","June","SD"
"1468","Custer","6309","2018","June","SD"
"1469","Davison","11028","2018","June","SD"
"1470","Day","3969","2018","June","SD"
"1471","Deuel","2823","2018","June","SD"
"1472","Dewey","3275","2018","June","SD"
"1473","Douglas","2066","2018","June","SD"
"1474","Edmunds","2675","2018","June","SD"
"1475","Fall River","5043","2018","June","SD"
"1476","Faulk","1571","2018","June","SD"
"1477","Grant","4638","2018","June","SD"
"1478","Gregory","2732","2018","June","SD"
"1479","Haakon","1372","2018","June","SD"
"1480","Hamlin","3777","2018","June","SD"
"1481","Hand","2337","2018","June","SD"
"1482","Hanson","3045","2018","June","SD"
"1483","Harding","937","2018","June","SD"
"1484","Hughes","11025","2018","June","SD"
"1485","Hutchinson","4972","2018","June","SD"
"1486","Hyde","962","2018","June","SD"
"1487","Jackson","1759","2018","June","SD"
"1488","Jerauld","1291","2018","June","SD"
"1489","Jones","687","2018","June","SD"
"1490","Kingsbury","  3436","2018","June","SD"
"1491","Lake","  9897","2018","June","SD"
"1492","Lawrence"," 16390","2018","June","SD"
"1493","Lincoln"," 35310","2018","June","SD"
"1494","Lyman","  2197","2018","June","SD"
"1495","Marshall","  2756","2018","June","SD"
"1496","McCook","  3573","2018","June","SD"
"1497","McPherson","  1755","2018","June","SD"
"1498","Meade"," 16478","2018","June","SD"
"1499","Mellette","  1087","2018","June","SD"
"1500","Miner","  1489","2018","June","SD"
"1501","Minnehaha","111891","2018","June","SD"
"1502","Moody","  4037","2018","June","SD"
"1503","Oglala Lakota","  7730","2018","June","SD"
"1504","Pennington"," 69120","2018","June","SD"
"1505","Perkins","  2140","2018","June","SD"
"1506","Potter","  1733","2018","June","SD"
"1507","Roberts","  6287","2018","June","SD"
"1508","Sanborn","  1542","2018","June","SD"
"1509","Spink","  4104","2018","June","SD"
"1510","Stanley","  2049","2018","June","SD"
"1511","Sully","  1080","2018","June","SD"
"1512","Todd","  4449","2018","June","SD"
"1513","Tripp","  3651","2018","June","SD"
"1514","Turner","  5562","2018","June","SD"
"1515","Union"," 11086","2018","June","SD"
"1516","Walworth","  3669","2018","June","SD"
"1517","Yankton"," 13443","2018","June","SD"
"1518","Ziebach","  1528","2018","June","SD"
"1519","Aurora","1810","2018","July","SD"
"1520","Beadle","9881","2018","July","SD"
"1521","Bennett","1808","2018","July","SD"
"1522","Bon Homme","3914","2018","July","SD"
"1523","Brookings","17920","2018","July","SD"
"1524","Brown","22664","2018","July","SD"
"1525","Brule","3210","2018","July","SD"
"1526","Buffalo","901","2018","July","SD"
"1527","Butte","6126","2018","July","SD"
"1528","Campbell","1106","2018","July","SD"
"1529","Charles Mix","5524","2018","July","SD"
"1530","Clark","2466","2018","July","SD"
"1531","Clay","7409","2018","July","SD"
"1532","Codington","16442","2018","July","SD"
"1533","Corson","2272","2018","July","SD"
"1534","Custer","6370","2018","July","SD"
"1535","Davison","11067","2018","July","SD"
"1536","Day","3963","2018","July","SD"
"1537","Deuel","2834","2018","July","SD"
"1538","Dewey","3277","2018","July","SD"
"1539","Douglas","2076","2018","July","SD"
"1540","Edmunds","2688","2018","July","SD"
"1541","Fall River","5068","2018","July","SD"
"1542","Faulk","1570","2018","July","SD"
"1543","Grant","4634","2018","July","SD"
"1544","Gregory","2749","2018","July","SD"
"1545","Haakon","1368","2018","July","SD"
"1546","Hamlin","3791","2018","July","SD"
"1547","Hand","2342","2018","July","SD"
"1548","Hanson","3072","2018","July","SD"
"1549","Harding","938","2018","July","SD"
"1550","Hughes","11097","2018","July","SD"
"1551","Hutchinson","4988","2018","July","SD"
"1552","Hyde","959","2018","July","SD"
"1553","Jackson","1758","2018","July","SD"
"1554","Jerauld","1290","2018","July","SD"
"1555","Jones","688","2018","July","SD"
"1556","Kingsbury","  3436","2018","July","SD"
"1557","Lake","  9975","2018","July","SD"
"1558","Lawrence"," 16455","2018","July","SD"
"1559","Lincoln"," 35576","2018","July","SD"
"1560","Lyman","  2201","2018","July","SD"
"1561","Marshall","  2758","2018","July","SD"
"1562","McCook","  3588","2018","July","SD"
"1563","McPherson","  1760","2018","July","SD"
"1564","Meade"," 16589","2018","July","SD"
"1565","Mellette","  1090","2018","July","SD"
"1566","Miner","  1491","2018","July","SD"
"1567","Minnehaha","111796","2018","July","SD"
"1568","Moody","  4054","2018","July","SD"
"1569","Oglala Lakota","  7761","2018","July","SD"
"1570","Pennington"," 69589","2018","July","SD"
"1571","Perkins","  2138","2018","July","SD"
"1572","Potter","  1739","2018","July","SD"
"1573","Roberts","  6297","2018","July","SD"
"1574","Sanborn","  1540","2018","July","SD"
"1575","Spink","  4104","2018","July","SD"
"1576","Stanley","  2050","2018","July","SD"
"1577","Sully","  1083","2018","July","SD"
"1578","Todd","  4471","2018","July","SD"
"1579","Tripp","  3663","2018","July","SD"
"1580","Turner","  5573","2018","July","SD"
"1581","Union"," 11123","2018","July","SD"
"1582","Walworth","  3669","2018","July","SD"
"1583","Yankton"," 13480","2018","July","SD"
"1584","Ziebach","  1529","2018","July","SD"
"1585","Aurora","1807","2019","January","SD"
"1586","Beadle","9867","2019","January","SD"
"1587","Bennett","1842","2019","January","SD"
"1588","Bon Homme","3953","2019","January","SD"
"1589","Brookings","18488","2019","January","SD"
"1590","Brown","23152","2019","January","SD"
"1591","Brule","3251","2019","January","SD"
"1592","Buffalo","934","2019","January","SD"
"1593","Butte","6244","2019","January","SD"
"1594","Campbell","1115","2019","January","SD"
"1595","Charles Mix","5684","2019","January","SD"
"1596","Clark","2495","2019","January","SD"
"1597","Clay","7694","2019","January","SD"
"1598","Codington","16757","2019","January","SD"
"1599","Corson","2337","2019","January","SD"
"1600","Custer","6586","2019","January","SD"
"1601","Davison","11319","2019","January","SD"
"1602","Day","3982","2019","January","SD"
"1603","Deuel","2869","2019","January","SD"
"1604","Dewey","3432","2019","January","SD"
"1605","Douglas","2105","2019","January","SD"
"1606","Edmunds","2692","2019","January","SD"
"1607","Fall River","5210","2019","January","SD"
"1608","Faulk","1576","2019","January","SD"
"1609","Grant","4696","2019","January","SD"
"1610","Gregory","2818","2019","January","SD"
"1611","Haakon","1387","2019","January","SD"
"1612","Hamlin","3837","2019","January","SD"
"1613","Hand","2328","2019","January","SD"
"1614","Hanson","3173","2019","January","SD"
"1615","Harding","960","2019","January","SD"
"1616","Hughes","11320","2019","January","SD"
"1617","Hutchinson","5031","2019","January","SD"
"1618","Hyde","977","2019","January","SD"
"1619","Jackson","1799","2019","January","SD"
"1620","Jerauld","1287","2019","January","SD"
"1621","Jones","685","2019","January","SD"
"1622","Kingsbury","3493","2019","January","SD"
"1623","Lake","9513","2019","January","SD"
"1624","Lawrence","17035","2019","January","SD"
"1625","Lincoln","37312","2019","January","SD"
"1626","Lyman","2231","2019","January","SD"
"1627","Marshall","2797","2019","January","SD"
"1628","McCook","3641","2019","January","SD"
"1629","McPherson","1769","2019","January","SD"
"1630","Meade","17099","2019","January","SD"
"1631","Mellette","1138","2019","January","SD"
"1632","Miner","1567","2019","January","SD"
"1633","Minnehaha","115946","2019","January","SD"
"1634","Moody","4103","2019","January","SD"
"1635","Oglala Lakota","8048","2019","January","SD"
"1636","Pennington","72735","2019","January","SD"
"1637","Perkins","2144","2019","January","SD"
"1638","Potter","1756","2019","January","SD"
"1639","Roberts","6417","2019","January","SD"
"1640","Sanborn","1545","2019","January","SD"
"1641","Spink","4148","2019","January","SD"
"1642","Stanley","2109","2019","January","SD"
"1643","Sully","1087","2019","January","SD"
"1644","Todd","4680","2019","January","SD"
"1645","Tripp","3706","2019","January","SD"
"1646","Turner","5672","2019","January","SD"
"1647","Union","11498","2019","January","SD"
"1648","Walworth","3697","2019","January","SD"
"1649","Yankton","13879","2019","January","SD"
"1650","Ziebach","1616","2019","January","SD"
"1651","Aurora","1782","2019","October","SD"
"1652","Beadle","9813","2019","October","SD"
"1653","Bennett","1786","2019","October","SD"
"1654","Bon Homme","3832","2019","October","SD"
"1655","Brookings","18294","2019","October","SD"
"1656","Brown","22836","2019","October","SD"
"1657","Brule","3175","2019","October","SD"
"1658","Buffalo","896","2019","October","SD"
"1659","Butte","6015","2019","October","SD"
"1660","Campbell","1089","2019","October","SD"
"1661","Charles Mix","5442","2019","October","SD"
"1662","Clark","2443","2019","October","SD"
"1663","Clay","7358","2019","October","SD"
"1664","Codington","16635","2019","October","SD"
"1665","Corson","2284","2019","October","SD"
"1666","Custer","6459","2019","October","SD"
"1667","Davison","11186","2019","October","SD"
"1668","Day","3829","2019","October","SD"
"1669","Deuel","2905","2019","October","SD"
"1670","Dewey","3279","2019","October","SD"
"1671","Douglas","2086","2019","October","SD"
"1672","Edmunds","2604","2019","October","SD"
"1673","Fall River","5091","2019","October","SD"
"1674","Faulk","1530","2019","October","SD"
"1675","Grant","4591","2019","October","SD"
"1676","Gregory","2816","2019","October","SD"
"1677","Haakon","1383","2019","October","SD"
"1678","Hamlin","3729","2019","October","SD"
"1679","Hand","2258","2019","October","SD"
"1680","Hanson","3132","2019","October","SD"
"1681","Harding","942","2019","October","SD"
"1682","Hughes","11389","2019","October","SD"
"1683","Hutchinson","5010","2019","October","SD"
"1684","Hyde","955","2019","October","SD"
"1685","Jackson","1810","2019","October","SD"
"1686","Jerauld","1219","2019","October","SD"
"1687","Jones","686","2019","October","SD"
"1688","Kingsbury","3484","2019","October","SD"
"1689","Lake","9052","2019","October","SD"
"1690","Lawrence","16909","2019","October","SD"
"1691","Lincoln","37380","2019","October","SD"
"1692","Lyman","2180","2019","October","SD"
"1693","Marshall","2727","2019","October","SD"
"1694","McCook","3581","2019","October","SD"
"1695","McPherson","1755","2019","October","SD"
"1696","Meade","16913","2019","October","SD"
"1697","Mellette","1127","2019","October","SD"
"1698","Miner","1530","2019","October","SD"
"1699","Minnehaha","118743","2019","October","SD"
"1700","Moody","4067","2019","October","SD"
"1701","Oglala Lakota","7706","2019","October","SD"
"1702","Pennington","75048","2019","October","SD"
"1703","Perkins","2098","2019","October","SD"
"1704","Potter","1678","2019","October","SD"
"1705","Roberts","6364","2019","October","SD"
"1706","Sanborn","1505","2019","October","SD"
"1707","Spink","4106","2019","October","SD"
"1708","Stanley","2105","2019","October","SD"
"1709","Sully","1057","2019","October","SD"
"1710","Todd","4479","2019","October","SD"
"1711","Tripp","3592","2019","October","SD"
"1712","Turner","5605","2019","October","SD"
"1713","Union","11490","2019","October","SD"
"1714","Walworth","3726","2019","October","SD"
"1715","Yankton","13856","2019","October","SD"
"1716","Ziebach","1566","2019","October","SD"
"1717","Aurora","1780","2019","November","SD"
"1718","Beadle","9674","2019","November","SD"
"1719","Bennett","1787","2019","November","SD"
"1720","Bon Homme","3828","2019","November","SD"
"1721","Brookings","18327","2019","November","SD"
"1722","Brown","22761","2019","November","SD"
"1723","Brule","3167","2019","November","SD"
"1724","Buffalo","892","2019","November","SD"
"1725","Butte","6037","2019","November","SD"
"1726","Campbell","1090","2019","November","SD"
"1727","Charles Mix","5306","2019","November","SD"
"1728","Clark","2419","2019","November","SD"
"1729","Clay","7366","2019","November","SD"
"1730","Codington","16531","2019","November","SD"
"1731","Corson","2287","2019","November","SD"
"1732","Custer","6461","2019","November","SD"
"1733","Davison","11161","2019","November","SD"
"1734","Day","3830","2019","November","SD"
"1735","Deuel","2916","2019","November","SD"
"1736","Dewey","3280","2019","November","SD"
"1737","Douglas","2091","2019","November","SD"
"1738","Edmunds","2603","2019","November","SD"
"1739","Fall River","5118","2019","November","SD"
"1740","Faulk","1522","2019","November","SD"
"1741","Grant","4592","2019","November","SD"
"1742","Gregory","2822","2019","November","SD"
"1743","Haakon","1340","2019","November","SD"
"1744","Hamlin","3737","2019","November","SD"
"1745","Hand","2258","2019","November","SD"
"1746","Hanson","3145","2019","November","SD"
"1747","Harding","950","2019","November","SD"
"1748","Hughes","11389","2019","November","SD"
"1749","Hutchinson","5011","2019","November","SD"
"1750","Hyde","959","2019","November","SD"
"1751","Jackson","1796","2019","November","SD"
"1752","Jerauld","1217","2019","November","SD"
"1753","Jones","681","2019","November","SD"
"1754","Kingsbury","3485","2019","November","SD"
"1755","Lake","8740","2019","November","SD"
"1756","Lawrence","16870","2019","November","SD"
"1757","Lincoln","37529","2019","November","SD"
"1758","Lyman","2175","2019","November","SD"
"1759","Marshall","2722","2019","November","SD"
"1760","McCook","3579","2019","November","SD"
"1761","McPherson","1711","2019","November","SD"
"1762","Meade","16941","2019","November","SD"
"1763","Mellette","1122","2019","November","SD"
"1764","Miner","1526","2019","November","SD"
"1765","Minnehaha","119360","2019","November","SD"
"1766","Moody","4019","2019","November","SD"
"1767","Oglala Lakota","7635","2019","November","SD"
"1768","Pennington","75213","2019","November","SD"
"1769","Perkins","2104","2019","November","SD"
"1770","Potter","1681","2019","November","SD"
"1771","Roberts","6377","2019","November","SD"
"1772","Sanborn","1505","2019","November","SD"
"1773","Spink","4065","2019","November","SD"
"1774","Stanley","2044","2019","November","SD"
"1775","Sully","1057","2019","November","SD"
"1776","Todd","4448","2019","November","SD"
"1777","Tripp","3564","2019","November","SD"
"1778","Turner","5604","2019","November","SD"
"1779","Union","11533","2019","November","SD"
"1780","Walworth","3733","2019","November","SD"
"1781","Yankton","13731","2019","November","SD"
"1782","Ziebach","1563","2019","November","SD"
"1783","Aurora","1777","2019","December","SD"
"1784","Beadle","9694","2019","December","SD"
"1785","Bennett","1783","2019","December","SD"
"1786","Bon Homme","3830","2019","December","SD"
"1787","Brookings","18330","2019","December","SD"
"1788","Brown","22778","2019","December","SD"
"1789","Brule","3169","2019","December","SD"
"1790","Buffalo","889","2019","December","SD"
"1791","Butte","6051","2019","December","SD"
"1792","Campbell","1094","2019","December","SD"
"1793","Charles Mix","5311","2019","December","SD"
"1794","Clark","2419","2019","December","SD"
"1795","Clay","7380","2019","December","SD"
"1796","Codington","16558","2019","December","SD"
"1797","Corson","2286","2019","December","SD"
"1798","Custer","6485","2019","December","SD"
"1799","Davison","11166","2019","December","SD"
"1800","Day","3828","2019","December","SD"
"1801","Deuel","2916","2019","December","SD"
"1802","Dewey","3275","2019","December","SD"
"1803","Douglas","2089","2019","December","SD"
"1804","Edmunds","2601","2019","December","SD"
"1805","Fall River","5132","2019","December","SD"
"1806","Faulk","1520","2019","December","SD"
"1807","Grant","4601","2019","December","SD"
"1808","Gregory","2823","2019","December","SD"
"1809","Haakon","1336","2019","December","SD"
"1810","Hamlin","3737","2019","December","SD"
"1811","Hand","2251","2019","December","SD"
"1812","Hanson","3159","2019","December","SD"
"1813","Harding","953","2019","December","SD"
"1814","Hughes","11389","2019","December","SD"
"1815","Hutchinson","5012","2019","December","SD"
"1816","Hyde","955","2019","December","SD"
"1817","Jackson","1794","2019","December","SD"
"1818","Jerauld","1219","2019","December","SD"
"1819","Jones","683","2019","December","SD"
"1820","Kingsbury","3481","2019","December","SD"
"1821","Lake","8730","2019","December","SD"
"1822","Lawrence","16902","2019","December","SD"
"1823","Lincoln","37317","2019","December","SD"
"1824","Lyman","2169","2019","December","SD"
"1825","Marshall","2722","2019","December","SD"
"1826","McCook","3586","2019","December","SD"
"1827","McPherson","1706","2019","December","SD"
"1828","Meade","16997","2019","December","SD"
"1829","Mellette","1121","2019","December","SD"
"1830","Miner","1527","2019","December","SD"
"1831","Minnehaha","119970","2019","December","SD"
"1832","Moody","4018","2019","December","SD"
"1833","Oglala Lakota","7647","2019","December","SD"
"1834","Pennington","74135","2019","December","SD"
"1835","Perkins","2114","2019","December","SD"
"1836","Potter","1684","2019","December","SD"
"1837","Roberts","6374","2019","December","SD"
"1838","Sanborn","1500","2019","December","SD"
"1839","Spink","4063","2019","December","SD"
"1840","Stanley","2040","2019","December","SD"
"1841","Sully","1061","2019","December","SD"
"1842","Todd","4452","2019","December","SD"
"1843","Tripp","3559","2019","December","SD"
"1844","Turner","5601","2019","December","SD"
"1845","Union","11567","2019","December","SD"
"1846","Walworth","3734","2019","December","SD"
"1847","Yankton","13772","2019","December","SD"
"1848","Ziebach","1558","2019","December","SD"
"1849","Aurora","1811","2019","February","SD"
"1850","Beadle","9875","2019","February","SD"
"1851","Bennett","1853","2019","February","SD"
"1852","Bon Homme","3953","2019","February","SD"
"1853","Brookings","18515","2019","February","SD"
"1854","Brown","23141","2019","February","SD"
"1855","Brule","3252","2019","February","SD"
"1856","Buffalo","935","2019","February","SD"
"1857","Butte","6237","2019","February","SD"
"1858","Campbell","1113","2019","February","SD"
"1859","Charles Mix","5450","2019","February","SD"
"1860","Clark","2491","2019","February","SD"
"1861","Clay","7696","2019","February","SD"
"1862","Codington","16754","2019","February","SD"
"1863","Corson","2338","2019","February","SD"
"1864","Custer","6600","2019","February","SD"
"1865","Davison","11319","2019","February","SD"
"1866","Day","3981","2019","February","SD"
"1867","Deuel","2868","2019","February","SD"
"1868","Dewey","3427","2019","February","SD"
"1869","Douglas","2098","2019","February","SD"
"1870","Edmunds","2696","2019","February","SD"
"1871","Fall River","5219","2019","February","SD"
"1872","Faulk","1572","2019","February","SD"
"1873","Grant","4708","2019","February","SD"
"1874","Gregory","2826","2019","February","SD"
"1875","Haakon","1393","2019","February","SD"
"1876","Hamlin","3840","2019","February","SD"
"1877","Hand","2328","2019","February","SD"
"1878","Hanson","3176","2019","February","SD"
"1879","Harding","961","2019","February","SD"
"1880","Hughes","11327","2019","February","SD"
"1881","Hutchinson","5026","2019","February","SD"
"1882","Hyde","975","2019","February","SD"
"1883","Jackson","1812","2019","February","SD"
"1884","Jerauld","1283","2019","February","SD"
"1885","Jones","686","2019","February","SD"
"1886","Kingsbury","3500","2019","February","SD"
"1887","Lake","9606","2019","February","SD"
"1888","Lawrence","17061","2019","February","SD"
"1889","Lincoln","37371","2019","February","SD"
"1890","Lyman","2235","2019","February","SD"
"1891","Marshall","2800","2019","February","SD"
"1892","McCook","3642","2019","February","SD"
"1893","McPherson","1772","2019","February","SD"
"1894","Meade","17140","2019","February","SD"
"1895","Mellette","1141","2019","February","SD"
"1896","Miner","1567","2019","February","SD"
"1897","Minnehaha","116815","2019","February","SD"
"1898","Moody","4109","2019","February","SD"
"1899","Oglala Lakota","8031","2019","February","SD"
"1900","Pennington","72901","2019","February","SD"
"1901","Perkins","2142","2019","February","SD"
"1902","Potter","1754","2019","February","SD"
"1903","Roberts","6418","2019","February","SD"
"1904","Sanborn","1543","2019","February","SD"
"1905","Spink","4157","2019","February","SD"
"1906","Stanley","2110","2019","February","SD"
"1907","Sully","1087","2019","February","SD"
"1908","Todd","4672","2019","February","SD"
"1909","Tripp","3699","2019","February","SD"
"1910","Turner","5652","2019","February","SD"
"1911","Union","11534","2019","February","SD"
"1912","Walworth","3708","2019","February","SD"
"1913","Yankton","13895","2019","February","SD"
"1914","Ziebach","1616","2019","February","SD"
"1915","Aurora","1810","2019","March","SD"
"1916","Beadle","9874","2019","March","SD"
"1917","Bennett","1853","2019","March","SD"
"1918","Bon Homme","3950","2019","March","SD"
"1919","Brookings","18519","2019","March","SD"
"1920","Brown","23139","2019","March","SD"
"1921","Brule","3255","2019","March","SD"
"1922","Buffalo","935","2019","March","SD"
"1923","Butte","6289","2019","March","SD"
"1924","Campbell","1114","2019","March","SD"
"1925","Charles Mix","5447","2019","March","SD"
"1926","Clark","2490","2019","March","SD"
"1927","Clay","7701","2019","March","SD"
"1928","Codington","16755","2019","March","SD"
"1929","Corson","2357","2019","March","SD"
"1930","Custer","6597","2019","March","SD"
"1931","Davison","11311","2019","March","SD"
"1932","Day","3977","2019","March","SD"
"1933","Deuel","2871","2019","March","SD"
"1934","Dewey","3421","2019","March","SD"
"1935","Douglas","2102","2019","March","SD"
"1936","Edmunds","2695","2019","March","SD"
"1937","Fall River","5216","2019","March","SD"
"1938","Faulk","1570","2019","March","SD"
"1939","Grant","4702","2019","March","SD"
"1940","Gregory","2822","2019","March","SD"
"1941","Haakon","1390","2019","March","SD"
"1942","Hamlin","3840","2019","March","SD"
"1943","Hand","2325","2019","March","SD"
"1944","Hanson","3184","2019","March","SD"
"1945","Harding","961","2019","March","SD"
"1946","Hughes","11325","2019","March","SD"
"1947","Hutchinson","5025","2019","March","SD"
"1948","Hyde","975","2019","March","SD"
"1949","Jackson","1810","2019","March","SD"
"1950","Jerauld","1282","2019","March","SD"
"1951","Jones","686","2019","March","SD"
"1952","Kingsbury","3497","2019","March","SD"
"1953","Lake","9584","2019","March","SD"
"1954","Lawrence","17077","2019","March","SD"
"1955","Lincoln","37441","2019","March","SD"
"1956","Lyman","2235","2019","March","SD"
"1957","Marshall","2800","2019","March","SD"
"1958","McCook","3641","2019","March","SD"
"1959","McPherson","1776","2019","March","SD"
"1960","Meade","17169","2019","March","SD"
"1961","Mellette","1145","2019","March","SD"
"1962","Miner","1567","2019","March","SD"
"1963","Minnehaha","116936","2019","March","SD"
"1964","Moody","4109","2019","March","SD"
"1965","Oglala Lakota","8026","2019","March","SD"
"1966","Pennington","72991","2019","March","SD"
"1967","Perkins","2142","2019","March","SD"
"1968","Potter","1758","2019","March","SD"
"1969","Roberts","6425","2019","March","SD"
"1970","Sanborn","1539","2019","March","SD"
"1971","Spink","4159","2019","March","SD"
"1972","Stanley","2105","2019","March","SD"
"1973","Sully","1085","2019","March","SD"
"1974","Todd","4677","2019","March","SD"
"1975","Tripp","3699","2019","March","SD"
"1976","Turner","5661","2019","March","SD"
"1977","Union","11566","2019","March","SD"
"1978","Walworth","3710","2019","March","SD"
"1979","Yankton","13898","2019","March","SD"
"1980","Ziebach","1617","2019","March","SD"
"1981","Aurora","1813","2019","April","SD"
"1982","Beadle","9884","2019","April","SD"
"1983","Bennett","1850","2019","April","SD"
"1984","Bon Homme","3948","2019","April","SD"
"1985","Brookings","18574","2019","April","SD"
"1986","Brown","23162","2019","April","SD"
"1987","Brule","3245","2019","April","SD"
"1988","Buffalo","934","2019","April","SD"
"1989","Butte","6290","2019","April","SD"
"1990","Campbell","1111","2019","April","SD"
"1991","Charles Mix","5448","2019","April","SD"
"1992","Clark","2486","2019","April","SD"
"1993","Clay","7713","2019","April","SD"
"1994","Codington","16770","2019","April","SD"
"1995","Corson","2372","2019","April","SD"
"1996","Custer","6586","2019","April","SD"
"1997","Davison","11326","2019","April","SD"
"1998","Day","3977","2019","April","SD"
"1999","Deuel","2873","2019","April","SD"
"2000","Dewey","3419","2019","April","SD"
"2001","Douglas","2101","2019","April","SD"
"2002","Edmunds","2697","2019","April","SD"
"2003","Fall River","5237","2019","April","SD"
"2004","Faulk","1566","2019","April","SD"
"2005","Grant","4707","2019","April","SD"
"2006","Gregory","2816","2019","April","SD"
"2007","Haakon","1394","2019","April","SD"
"2008","Hamlin","3840","2019","April","SD"
"2009","Hand","2326","2019","April","SD"
"2010","Hanson","3202","2019","April","SD"
"2011","Harding","961","2019","April","SD"
"2012","Hughes","11336","2019","April","SD"
"2013","Hutchinson","5023","2019","April","SD"
"2014","Hyde","972","2019","April","SD"
"2015","Jackson","1810","2019","April","SD"
"2016","Jerauld","1280","2019","April","SD"
"2017","Jones","689","2019","April","SD"
"2018","Kingsbury","3505","2019","April","SD"
"2019","Lake","9570","2019","April","SD"
"2020","Lawrence","17087","2019","April","SD"
"2021","Lincoln","37526","2019","April","SD"
"2022","Lyman","2231","2019","April","SD"
"2023","Marshall","2801","2019","April","SD"
"2024","McCook","3646","2019","April","SD"
"2025","McPherson","1776","2019","April","SD"
"2026","Meade","17219","2019","April","SD"
"2027","Mellette","1132","2019","April","SD"
"2028","Miner","1564","2019","April","SD"
"2029","Minnehaha","117265","2019","April","SD"
"2030","Moody","4108","2019","April","SD"
"2031","Oglala Lakota","8029","2019","April","SD"
"2032","Pennington","73182","2019","April","SD"
"2033","Perkins","2141","2019","April","SD"
"2034","Potter","1757","2019","April","SD"
"2035","Roberts","6426","2019","April","SD"
"2036","Sanborn","1538","2019","April","SD"
"2037","Spink","4161","2019","April","SD"
"2038","Stanley","2109","2019","April","SD"
"2039","Sully","1087","2019","April","SD"
"2040","Todd","4683","2019","April","SD"
"2041","Tripp","3713","2019","April","SD"
"2042","Turner","5672","2019","April","SD"
"2043","Union","11608","2019","April","SD"
"2044","Walworth","3714","2019","April","SD"
"2045","Yankton","13901","2019","April","SD"
"2046","Ziebach","1616","2019","April","SD"
"2047","Aurora","1814","2019","May","SD"
"2048","Beadle","9887","2019","May","SD"
"2049","Bennett","1841","2019","May","SD"
"2050","Bon Homme","3944","2019","May","SD"
"2051","Brookings","18620","2019","May","SD"
"2052","Brown","23171","2019","May","SD"
"2053","Brule","3245","2019","May","SD"
"2054","Buffalo","936","2019","May","SD"
"2055","Butte","6277","2019","May","SD"
"2056","Campbell","1112","2019","May","SD"
"2057","Charles Mix","5448","2019","May","SD"
"2058","Clark","2482","2019","May","SD"
"2059","Clay","7716","2019","May","SD"
"2060","Codington","16788","2019","May","SD"
"2061","Corson","2370","2019","May","SD"
"2062","Custer","6592","2019","May","SD"
"2063","Davison","11330","2019","May","SD"
"2064","Day","3978","2019","May","SD"
"2065","Deuel","2871","2019","May","SD"
"2066","Dewey","3416","2019","May","SD"
"2067","Douglas","2104","2019","May","SD"
"2068","Edmunds","2695","2019","May","SD"
"2069","Fall River","5253","2019","May","SD"
"2070","Faulk","1568","2019","May","SD"
"2071","Grant","4702","2019","May","SD"
"2072","Gregory","2810","2019","May","SD"
"2073","Haakon","1391","2019","May","SD"
"2074","Hamlin","3839","2019","May","SD"
"2075","Hand","2324","2019","May","SD"
"2076","Hanson","3207","2019","May","SD"
"2077","Harding","964","2019","May","SD"
"2078","Hughes","11346","2019","May","SD"
"2079","Hutchinson","5021","2019","May","SD"
"2080","Hyde","968","2019","May","SD"
"2081","Jackson","1810","2019","May","SD"
"2082","Jerauld","1278","2019","May","SD"
"2083","Jones","691","2019","May","SD"
"2084","Kingsbury","3506","2019","May","SD"
"2085","Lake","9546","2019","May","SD"
"2086","Lawrence","17123","2019","May","SD"
"2087","Lincoln","37642","2019","May","SD"
"2088","Lyman","2234","2019","May","SD"
"2089","Marshall","2800","2019","May","SD"
"2090","McCook","3643","2019","May","SD"
"2091","McPherson","1769","2019","May","SD"
"2092","Meade","17252","2019","May","SD"
"2093","Mellette","1137","2019","May","SD"
"2094","Miner","1566","2019","May","SD"
"2095","Minnehaha","117396","2019","May","SD"
"2096","Moody","4108","2019","May","SD"
"2097","Oglala Lakota","8030","2019","May","SD"
"2098","Pennington","73435","2019","May","SD"
"2099","Perkins","2141","2019","May","SD"
"2100","Potter","1755","2019","May","SD"
"2101","Roberts","6422","2019","May","SD"
"2102","Sanborn","1545","2019","May","SD"
"2103","Spink","4162","2019","May","SD"
"2104","Stanley","2107","2019","May","SD"
"2105","Sully","1087","2019","May","SD"
"2106","Todd","4685","2019","May","SD"
"2107","Tripp","3717","2019","May","SD"
"2108","Turner","5688","2019","May","SD"
"2109","Union","11629","2019","May","SD"
"2110","Walworth","3716","2019","May","SD"
"2111","Yankton","13918","2019","May","SD"
"2112","Ziebach","1618","2019","May","SD"
"2113","Aurora","1815","2019","June","SD"
"2114","Beadle","9900","2019","June","SD"
"2115","Bennett","1840","2019","June","SD"
"2116","Bon Homme","3932","2019","June","SD"
"2117","Brookings","18644","2019","June","SD"
"2118","Brown","23199","2019","June","SD"
"2119","Brule","3246","2019","June","SD"
"2120","Buffalo","930","2019","June","SD"
"2121","Butte","6305","2019","June","SD"
"2122","Campbell","1111","2019","June","SD"
"2123","Charles Mix","5446","2019","June","SD"
"2124","Clark","2484","2019","June","SD"
"2125","Clay","7728","2019","June","SD"
"2126","Codington","16804","2019","June","SD"
"2127","Corson","2372","2019","June","SD"
"2128","Custer","6609","2019","June","SD"
"2129","Davison","11349","2019","June","SD"
"2130","Day","3972","2019","June","SD"
"2131","Deuel","2876","2019","June","SD"
"2132","Dewey","3414","2019","June","SD"
"2133","Douglas","2113","2019","June","SD"
"2134","Edmunds","2690","2019","June","SD"
"2135","Fall River","5272","2019","June","SD"
"2136","Faulk","1567","2019","June","SD"
"2137","Grant","4702","2019","June","SD"
"2138","Gregory","2811","2019","June","SD"
"2139","Haakon","1392","2019","June","SD"
"2140","Hamlin","3838","2019","June","SD"
"2141","Hand","2321","2019","June","SD"
"2142","Hanson","3213","2019","June","SD"
"2143","Harding","968","2019","June","SD"
"2144","Hughes","11352","2019","June","SD"
"2145","Hutchinson","5024","2019","June","SD"
"2146","Hyde","967","2019","June","SD"
"2147","Jackson","1807","2019","June","SD"
"2148","Jerauld","1275","2019","June","SD"
"2149","Jones","689","2019","June","SD"
"2150","Kingsbury","3506","2019","June","SD"
"2151","Lake","9518","2019","June","SD"
"2152","Lawrence","17157","2019","June","SD"
"2153","Lincoln","37772","2019","June","SD"
"2154","Lyman","2238","2019","June","SD"
"2155","Marshall","2797","2019","June","SD"
"2156","McCook","3646","2019","June","SD"
"2157","McPherson","1764","2019","June","SD"
"2158","Meade","17286","2019","June","SD"
"2159","Mellette","1140","2019","June","SD"
"2160","Miner","1563","2019","June","SD"
"2161","Minnehaha","117964","2019","June","SD"
"2162","Moody","4106","2019","June","SD"
"2163","Oglala Lakota","8010","2019","June","SD"
"2164","Pennington","73675","2019","June","SD"
"2165","Perkins","2155","2019","June","SD"
"2166","Potter","1751","2019","June","SD"
"2167","Roberts","6432","2019","June","SD"
"2168","Sanborn","1539","2019","June","SD"
"2169","Spink","4162","2019","June","SD"
"2170","Stanley","2103","2019","June","SD"
"2171","Sully","1087","2019","June","SD"
"2172","Todd","4684","2019","June","SD"
"2173","Tripp","3708","2019","June","SD"
"2174","Turner","5677","2019","June","SD"
"2175","Union","11679","2019","June","SD"
"2176","Walworth","3722","2019","June","SD"
"2177","Yankton","13935","2019","June","SD"
"2178","Ziebach","1615","2019","June","SD"
"2179","Aurora","1818","2019","July","SD"
"2180","Beadle","9901","2019","July","SD"
"2181","Bennett","1845","2019","July","SD"
"2182","Bon Homme","3937","2019","July","SD"
"2183","Brookings","18688","2019","July","SD"
"2184","Brown","23264","2019","July","SD"
"2185","Brule","3254","2019","July","SD"
"2186","Buffalo","923","2019","July","SD"
"2187","Butte","6225","2019","July","SD"
"2188","Campbell","1116","2019","July","SD"
"2189","Charles Mix","5458","2019","July","SD"
"2190","Clark","2488","2019","July","SD"
"2191","Clay","7739","2019","July","SD"
"2192","Codington","16798","2019","July","SD"
"2193","Corson","2378","2019","July","SD"
"2194","Custer","6620","2019","July","SD"
"2195","Davison","11358","2019","July","SD"
"2196","Day","3979","2019","July","SD"
"2197","Deuel","2875","2019","July","SD"
"2198","Dewey","3411","2019","July","SD"
"2199","Douglas","2113","2019","July","SD"
"2200","Edmunds","2697","2019","July","SD"
"2201","Fall River","5281","2019","July","SD"
"2202","Faulk","1565","2019","July","SD"
"2203","Grant","4709","2019","July","SD"
"2204","Gregory","2815","2019","July","SD"
"2205","Haakon","1391","2019","July","SD"
"2206","Hamlin","3841","2019","July","SD"
"2207","Hand","2322","2019","July","SD"
"2208","Hanson","3238","2019","July","SD"
"2209","Harding","969","2019","July","SD"
"2210","Hughes","11360","2019","July","SD"
"2211","Hutchinson","5015","2019","July","SD"
"2212","Hyde","965","2019","July","SD"
"2213","Jackson","1808","2019","July","SD"
"2214","Jerauld","1273","2019","July","SD"
"2215","Jones","690","2019","July","SD"
"2216","Kingsbury","3503","2019","July","SD"
"2217","Lake","9492","2019","July","SD"
"2218","Lawrence","17208","2019","July","SD"
"2219","Lincoln","37928","2019","July","SD"
"2220","Lyman","2238","2019","July","SD"
"2221","Marshall","2798","2019","July","SD"
"2222","McCook","3645","2019","July","SD"
"2223","McPherson","1760","2019","July","SD"
"2224","Meade","17349","2019","July","SD"
"2225","Mellette","1137","2019","July","SD"
"2226","Miner","1565","2019","July","SD"
"2227","Minnehaha","118559","2019","July","SD"
"2228","Moody","4110","2019","July","SD"
"2229","Oglala Lakota","8022","2019","July","SD"
"2230","Pennington","74421","2019","July","SD"
"2231","Perkins","2161","2019","July","SD"
"2232","Potter","1752","2019","July","SD"
"2233","Roberts","6437","2019","July","SD"
"2234","Sanborn","1535","2019","July","SD"
"2235","Spink","4157","2019","July","SD"
"2236","Stanley","2101","2019","July","SD"
"2237","Sully","1088","2019","July","SD"
"2238","Todd","4699","2019","July","SD"
"2239","Tripp","3705","2019","July","SD"
"2240","Turner","5679","2019","July","SD"
"2241","Union","11722","2019","July","SD"
"2242","Walworth","3727","2019","July","SD"
"2243","Yankton","13964","2019","July","SD"
"2244","Ziebach","1618","2019","July","SD"
"2245","Aurora","1818","2019","August","SD"
"2246","Beadle","9902","2019","August","SD"
"2247","Bennett","1849","2019","August","SD"
"2248","Bon Homme","3937","2019","August","SD"
"2249","Brookings","18757","2019","August","SD"
"2250","Brown","23321","2019","August","SD"
"2251","Brule","3253","2019","August","SD"
"2252","Buffalo","920","2019","August","SD"
"2253","Butte","6235","2019","August","SD"
"2254","Campbell","1119","2019","August","SD"
"2255","Charles Mix","5461","2019","August","SD"
"2256","Clark","2494","2019","August","SD"
"2257","Clay","7769","2019","August","SD"
"2258","Codington","16818","2019","August","SD"
"2259","Corson","2385","2019","August","SD"
"2260","Custer","6641","2019","August","SD"
"2261","Davison","11391","2019","August","SD"
"2262","Day","3966","2019","August","SD"
"2263","Deuel","2885","2019","August","SD"
"2264","Dewey","3417","2019","August","SD"
"2265","Douglas","2111","2019","August","SD"
"2266","Edmunds","2705","2019","August","SD"
"2267","Fall River","5301","2019","August","SD"
"2268","Faulk","1562","2019","August","SD"
"2269","Grant","4707","2019","August","SD"
"2270","Gregory","2820","2019","August","SD"
"2271","Haakon","1394","2019","August","SD"
"2272","Hamlin","3848","2019","August","SD"
"2273","Hand","2326","2019","August","SD"
"2274","Hanson","3243","2019","August","SD"
"2275","Harding","969","2019","August","SD"
"2276","Hughes","11370","2019","August","SD"
"2277","Hutchinson","5016","2019","August","SD"
"2278","Hyde","966","2019","August","SD"
"2279","Jackson","1812","2019","August","SD"
"2280","Jerauld","1270","2019","August","SD"
"2281","Jones","695","2019","August","SD"
"2282","Kingsbury","3508","2019","August","SD"
"2283","Lake","9475","2019","August","SD"
"2284","Lawrence","17269","2019","August","SD"
"2285","Lincoln","38078","2019","August","SD"
"2286","Lyman","2238","2019","August","SD"
"2287","Marshall","2798","2019","August","SD"
"2288","McCook","3647","2019","August","SD"
"2289","McPherson","1762","2019","August","SD"
"2290","Meade","17405","2019","August","SD"
"2291","Mellette","1134","2019","August","SD"
"2292","Miner","1565","2019","August","SD"
"2293","Minnehaha","118812","2019","August","SD"
"2294","Moody","4097","2019","August","SD"
"2295","Oglala Lakota","8028","2019","August","SD"
"2296","Pennington","74913","2019","August","SD"
"2297","Perkins","2161","2019","August","SD"
"2298","Potter","1757","2019","August","SD"
"2299","Roberts","6436","2019","August","SD"
"2300","Sanborn","1535","2019","August","SD"
"2301","Spink","4153","2019","August","SD"
"2302","Stanley","2099","2019","August","SD"
"2303","Sully","1088","2019","August","SD"
"2304","Todd","4720","2019","August","SD"
"2305","Tripp","3704","2019","August","SD"
"2306","Turner","5691","2019","August","SD"
"2307","Union","11773","2019","August","SD"
"2308","Walworth","3735","2019","August","SD"
"2309","Yankton","13986","2019","August","SD"
"2310","Ziebach","1617","2019","August","SD"
"2311","Aurora","1811","2019","September","SD"
"2312","Beadle","9901","2019","September","SD"
"2313","Bennett","1853","2019","September","SD"
"2314","Bon Homme","3922","2019","September","SD"
"2315","Brookings","18689","2019","September","SD"
"2316","Brown","23248","2019","September","SD"
"2317","Brule","3249","2019","September","SD"
"2318","Buffalo","920","2019","September","SD"
"2319","Butte","6211","2019","September","SD"
"2320","Campbell","1119","2019","September","SD"
"2321","Charles Mix","5456","2019","September","SD"
"2322","Clark","2480","2019","September","SD"
"2323","Clay","7770","2019","September","SD"
"2324","Codington","16793","2019","September","SD"
"2325","Corson","2371","2019","September","SD"
"2326","Custer","6651","2019","September","SD"
"2327","Davison","11360","2019","September","SD"
"2328","Day","3947","2019","September","SD"
"2329","Deuel","2901","2019","September","SD"
"2330","Dewey","3400","2019","September","SD"
"2331","Douglas","2113","2019","September","SD"
"2332","Edmunds","2687","2019","September","SD"
"2333","Fall River","5262","2019","September","SD"
"2334","Faulk","1564","2019","September","SD"
"2335","Grant","4716","2019","September","SD"
"2336","Gregory","2816","2019","September","SD"
"2337","Haakon","1393","2019","September","SD"
"2338","Hamlin","3831","2019","September","SD"
"2339","Hand","2320","2019","September","SD"
"2340","Hanson","3256","2019","September","SD"
"2341","Harding","971","2019","September","SD"
"2342","Hughes","11371","2019","September","SD"
"2343","Hutchinson","5021","2019","September","SD"
"2344","Hyde","962","2019","September","SD"
"2345","Jackson","1806","2019","September","SD"
"2346","Jerauld","1267","2019","September","SD"
"2347","Jones","683","2019","September","SD"
"2348","Kingsbury","3507","2019","September","SD"
"2349","Lake","9399","2019","September","SD"
"2350","Lawrence","17297","2019","September","SD"
"2351","Lincoln","38083","2019","September","SD"
"2352","Lyman","2238","2019","September","SD"
"2353","Marshall","2788","2019","September","SD"
"2354","McCook","3639","2019","September","SD"
"2355","McPherson","1772","2019","September","SD"
"2356","Meade","17471","2019","September","SD"
"2357","Mellette","1134","2019","September","SD"
"2358","Miner","1564","2019","September","SD"
"2359","Minnehaha","119080","2019","September","SD"
"2360","Moody","4098","2019","September","SD"
"2361","Oglala Lakota","8026","2019","September","SD"
"2362","Pennington","75502","2019","September","SD"
"2363","Perkins","2149","2019","September","SD"
"2364","Potter","1729","2019","September","SD"
"2365","Roberts","6421","2019","September","SD"
"2366","Sanborn","1540","2019","September","SD"
"2367","Spink","4155","2019","September","SD"
"2368","Stanley","2108","2019","September","SD"
"2369","Sully","1092","2019","September","SD"
"2370","Todd","4706","2019","September","SD"
"2371","Tripp","3671","2019","September","SD"
"2372","Turner","5677","2019","September","SD"
"2373","Union","11787","2019","September","SD"
"2374","Walworth","3730","2019","September","SD"
"2375","Yankton","14007","2019","September","SD"
"2376","Ziebach","1612","2019","September","SD"
"2377","Aurora","1778","2020","January","SD"
"2378","Beadle","9685","2020","January","SD"
"2379","Bennett","1784","2020","January","SD"
"2380","Bon Homme","3827","2020","January","SD"
"2381","Brookings","18349","2020","January","SD"
"2382","Brown","22789","2020","January","SD"
"2383","Brule","3145","2020","January","SD"
"2384","Buffalo","885","2020","January","SD"
"2385","Butte","6056","2020","January","SD"
"2386","Campbell","1096","2020","January","SD"
"2387","Charles Mix","5250","2020","January","SD"
"2388","Clark","2418","2020","January","SD"
"2389","Clay","7401","2020","January","SD"
"2390","Codington","16570","2020","January","SD"
"2391","Corson","2287","2020","January","SD"
"2392","Custer","6500","2020","January","SD"
"2393","Davison","11184","2020","January","SD"
"2394","Day","3840","2020","January","SD"
"2395","Deuel","2914","2020","January","SD"
"2396","Dewey","3278","2020","January","SD"
"2397","Douglas","2086","2020","January","SD"
"2398","Edmunds","2600","2020","January","SD"
"2399","Fall River","5102","2020","January","SD"
"2400","Faulk","1517","2020","January","SD"
"2401","Grant","4605","2020","January","SD"
"2402","Gregory","2834","2020","January","SD"
"2403","Haakon","1337","2020","January","SD"
"2404","Hamlin","3742","2020","January","SD"
"2405","Hand","2253","2020","January","SD"
"2406","Hanson","3162","2020","January","SD"
"2407","Harding","957","2020","January","SD"
"2408","Hughes","11402","2020","January","SD"
"2409","Hutchinson","5019","2020","January","SD"
"2410","Hyde","952","2020","January","SD"
"2411","Jackson","1792","2020","January","SD"
"2412","Jerauld","1220","2020","January","SD"
"2413","Jones","685","2020","January","SD"
"2414","Kingsbury","3484","2020","January","SD"
"2415","Lake","8729","2020","January","SD"
"2416","Lawrence","16955","2020","January","SD"
"2417","Lincoln","37454","2020","January","SD"
"2418","Lyman","2171","2020","January","SD"
"2419","Marshall","2717","2020","January","SD"
"2420","McCook","3591","2020","January","SD"
"2421","McPherson","1706","2020","January","SD"
"2422","Meade","17029","2020","January","SD"
"2423","Mellette","1127","2020","January","SD"
"2424","Miner","1528","2020","January","SD"
"2425","Minnehaha","115748","2020","January","SD"
"2426","Moody","4016","2020","January","SD"
"2427","Oglala Lakota","7634","2020","January","SD"
"2428","Pennington","74271","2020","January","SD"
"2429","Perkins","2115","2020","January","SD"
"2430","Potter","1689","2020","January","SD"
"2431","Roberts","6210","2020","January","SD"
"2432","Sanborn","1505","2020","January","SD"
"2433","Spink","4061","2020","January","SD"
"2434","Stanley","2039","2020","January","SD"
"2435","Sully","1063","2020","January","SD"
"2436","Todd","4443","2020","January","SD"
"2437","Tripp","3555","2020","January","SD"
"2438","Turner","5596","2020","January","SD"
"2439","Union","11585","2020","January","SD"
"2440","Walworth","3741","2020","January","SD"
"2441","Yankton","13721","2020","January","SD"
"2442","Ziebach","1557","2020","January","SD"
"2443","Aurora","1791","2020","October","SD"
"2444","Beadle","9819","2020","October","SD"
"2445","Bennett","1826","2020","October","SD"
"2446","Bon Homme","3897","2020","October","SD"
"2447","Brookings","19246","2020","October","SD"
"2448","Brown","23463","2020","October","SD"
"2449","Brule","3224","2020","October","SD"
"2450","Buffalo","903","2020","October","SD"
"2451","Butte","6214","2020","October","SD"
"2452","Campbell","1105","2020","October","SD"
"2453","Charles Mix","5319","2020","October","SD"
"2454","Clark","2446","2020","October","SD"
"2455","Clay","7728","2020","October","SD"
"2456","Codington","17140","2020","October","SD"
"2457","Corson","2312","2020","October","SD"
"2458","Custer","6827","2020","October","SD"
"2459","Davison","11606","2020","October","SD"
"2460","Day","3880","2020","October","SD"
"2461","Deuel","2936","2020","October","SD"
"2462","Dewey","3367","2020","October","SD"
"2463","Douglas","2097","2020","October","SD"
"2464","Edmunds","2653","2020","October","SD"
"2465","Fall River","5350","2020","October","SD"
"2466","Faulk","1515","2020","October","SD"
"2467","Grant","4721","2020","October","SD"
"2468","Gregory","2885","2020","October","SD"
"2469","Haakon","1370","2020","October","SD"
"2470","Hamlin","3835","2020","October","SD"
"2471","Hand","2291","2020","October","SD"
"2472","Hanson","3343","2020","October","SD"
"2473","Harding","982","2020","October","SD"
"2474","Hughes","11654","2020","October","SD"
"2475","Hutchinson","5069","2020","October","SD"
"2476","Hyde","962","2020","October","SD"
"2477","Jackson","1833","2020","October","SD"
"2478","Jerauld","1238","2020","October","SD"
"2479","Jones","696","2020","October","SD"
"2480","Kingsbury","3570","2020","October","SD"
"2481","Lake","8503","2020","October","SD"
"2482","Lawrence","17739","2020","October","SD"
"2483","Lincoln","39927","2020","October","SD"
"2484","Lyman","2207","2020","October","SD"
"2485","Marshall","2770","2020","October","SD"
"2486","McCook","3696","2020","October","SD"
"2487","McPherson","1760","2020","October","SD"
"2488","Meade","18028","2020","October","SD"
"2489","Mellette","1149","2020","October","SD"
"2490","Miner","1555","2020","October","SD"
"2491","Minnehaha","121448","2020","October","SD"
"2492","Moody","4127","2020","October","SD"
"2493","Oglala Lakota","7790","2020","October","SD"
"2494","Pennington","79048","2020","October","SD"
"2495","Perkins","2140","2020","October","SD"
"2496","Potter","1716","2020","October","SD"
"2497","Roberts","6314","2020","October","SD"
"2498","Sanborn","1535","2020","October","SD"
"2499","Spink","4123","2020","October","SD"
"2500","Stanley","2084","2020","October","SD"
"2501","Sully","1091","2020","October","SD"
"2502","Todd","4512","2020","October","SD"
"2503","Tripp","3599","2020","October","SD"
"2504","Turner","5740","2020","October","SD"
"2505","Union","12019","2020","October","SD"
"2506","Walworth","3801","2020","October","SD"
"2507","Yankton","14189","2020","October","SD"
"2508","Ziebach","1590","2020","October","SD"
"2509","Aurora","1813","2020","November","SD"
"2510","Beadle","9976","2020","November","SD"
"2511","Bennett","1845","2020","November","SD"
"2512","Bon Homme","3960","2020","November","SD"
"2513","Brookings","19684","2020","November","SD"
"2514","Brown","23901","2020","November","SD"
"2515","Brule","3273","2020","November","SD"
"2516","Buffalo","933","2020","November","SD"
"2517","Butte","6417","2020","November","SD"
"2518","Campbell","1120","2020","November","SD"
"2519","Charles Mix","5412","2020","November","SD"
"2520","Clark","2487","2020","November","SD"
"2521","Clay","8017","2020","November","SD"
"2522","Codington","17477","2020","November","SD"
"2523","Corson","2379","2020","November","SD"
"2524","Custer","6985","2020","November","SD"
"2525","Davison","11827","2020","November","SD"
"2526","Day","3912","2020","November","SD"
"2527","Deuel","2998","2020","November","SD"
"2528","Dewey","3456","2020","November","SD"
"2529","Douglas","2122","2020","November","SD"
"2530","Edmunds","2670","2020","November","SD"
"2531","Fall River","5484","2020","November","SD"
"2532","Faulk","1534","2020","November","SD"
"2533","Grant","4788","2020","November","SD"
"2534","Gregory","2911","2020","November","SD"
"2535","Haakon","1390","2020","November","SD"
"2536","Hamlin","3883","2020","November","SD"
"2537","Hand","2301","2020","November","SD"
"2538","Hanson","3384","2020","November","SD"
"2539","Harding","984","2020","November","SD"
"2540","Hughes","11791","2020","November","SD"
"2541","Hutchinson","5135","2020","November","SD"
"2542","Hyde","966","2020","November","SD"
"2543","Jackson","1891","2020","November","SD"
"2544","Jerauld","1253","2020","November","SD"
"2545","Jones","706","2020","November","SD"
"2546","Kingsbury","3613","2020","November","SD"
"2547","Lake","8575","2020","November","SD"
"2548","Lawrence","18209","2020","November","SD"
"2549","Lincoln","41173","2020","November","SD"
"2550","Lyman","2246","2020","November","SD"
"2551","Marshall","2821","2020","November","SD"
"2552","McCook","3753","2020","November","SD"
"2553","McPherson","1776","2020","November","SD"
"2554","Meade","18572","2020","November","SD"
"2555","Mellette","1162","2020","November","SD"
"2556","Miner","1574","2020","November","SD"
"2557","Minnehaha","125534","2020","November","SD"
"2558","Moody","4171","2020","November","SD"
"2559","Oglala Lakota","7954","2020","November","SD"
"2560","Pennington","80855","2020","November","SD"
"2561","Perkins","2156","2020","November","SD"
"2562","Potter","1735","2020","November","SD"
"2563","Roberts","6410","2020","November","SD"
"2564","Sanborn","1558","2020","November","SD"
"2565","Spink","4198","2020","November","SD"
"2566","Stanley","2111","2020","November","SD"
"2567","Sully","1103","2020","November","SD"
"2568","Todd","4623","2020","November","SD"
"2569","Tripp","3651","2020","November","SD"
"2570","Turner","5816","2020","November","SD"
"2571","Union","12285","2020","November","SD"
"2572","Walworth","3835","2020","November","SD"
"2573","Yankton","14469","2020","November","SD"
"2574","Ziebach","1653","2020","November","SD"
"2575","Aurora","1809","2020","December","SD"
"2576","Beadle","9967","2020","December","SD"
"2577","Bennett","1871","2020","December","SD"
"2578","Bon Homme","3964","2020","December","SD"
"2579","Brookings","19730","2020","December","SD"
"2580","Brown","24062","2020","December","SD"
"2581","Brule","3280","2020","December","SD"
"2582","Buffalo","931","2020","December","SD"
"2583","Butte","6440","2020","December","SD"
"2584","Campbell","1121","2020","December","SD"
"2585","Charles Mix","5427","2020","December","SD"
"2586","Clark","2508","2020","December","SD"
"2587","Clay","8048","2020","December","SD"
"2588","Codington","17580","2020","December","SD"
"2589","Corson","2383","2020","December","SD"
"2590","Custer","7021","2020","December","SD"
"2591","Davison","11855","2020","December","SD"
"2592","Day","3912","2020","December","SD"
"2593","Deuel","2992","2020","December","SD"
"2594","Dewey","3477","2020","December","SD"
"2595","Douglas","2126","2020","December","SD"
"2596","Edmunds","2689","2020","December","SD"
"2597","Fall River","5501","2020","December","SD"
"2598","Faulk","1523","2020","December","SD"
"2599","Grant","4796","2020","December","SD"
"2600","Gregory","2898","2020","December","SD"
"2601","Haakon","1392","2020","December","SD"
"2602","Hamlin","3876","2020","December","SD"
"2603","Hand","2307","2020","December","SD"
"2604","Hanson","3407","2020","December","SD"
"2605","Harding","984","2020","December","SD"
"2606","Hughes","11839","2020","December","SD"
"2607","Hutchinson","5148","2020","December","SD"
"2608","Hyde","967","2020","December","SD"
"2609","Jackson","1902","2020","December","SD"
"2610","Jerauld","1243","2020","December","SD"
"2611","Jones","708","2020","December","SD"
"2612","Kingsbury","3624","2020","December","SD"
"2613","Lake","8572","2020","December","SD"
"2614","Lawrence","18348","2020","December","SD"
"2615","Lincoln","41453","2020","December","SD"
"2616","Lyman","2251","2020","December","SD"
"2617","Marshall","2820","2020","December","SD"
"2618","McCook","3767","2020","December","SD"
"2619","McPherson","1783","2020","December","SD"
"2620","Meade","18742","2020","December","SD"
"2621","Mellette","1155","2020","December","SD"
"2622","Miner","1579","2020","December","SD"
"2623","Minnehaha","125371","2020","December","SD"
"2624","Moody","4160","2020","December","SD"
"2625","Oglala Lakota","7996","2020","December","SD"
"2626","Pennington","81273","2020","December","SD"
"2627","Perkins","2153","2020","December","SD"
"2628","Potter","1745","2020","December","SD"
"2629","Roberts","6424","2020","December","SD"
"2630","Sanborn","1566","2020","December","SD"
"2631","Spink","4174","2020","December","SD"
"2632","Stanley","2103","2020","December","SD"
"2633","Sully","1105","2020","December","SD"
"2634","Todd","4674","2020","December","SD"
"2635","Tripp","3662","2020","December","SD"
"2636","Turner","5827","2020","December","SD"
"2637","Union","12315","2020","December","SD"
"2638","Walworth","3834","2020","December","SD"
"2639","Yankton","14527","2020","December","SD"
"2640","Ziebach","1655","2020","December","SD"
"2641","Aurora","1779","2020","February","SD"
"2642","Beadle","9685","2020","February","SD"
"2643","Bennett","1789","2020","February","SD"
"2644","Bon Homme","3832","2020","February","SD"
"2645","Brookings","18406","2020","February","SD"
"2646","Brown","22819","2020","February","SD"
"2647","Brule","3152","2020","February","SD"
"2648","Buffalo","883","2020","February","SD"
"2649","Butte","6057","2020","February","SD"
"2650","Campbell","1095","2020","February","SD"
"2651","Charles Mix","5256","2020","February","SD"
"2652","Clark","2412","2020","February","SD"
"2653","Clay","7423","2020","February","SD"
"2654","Codington","16596","2020","February","SD"
"2655","Corson","2279","2020","February","SD"
"2656","Custer","6515","2020","February","SD"
"2657","Davison","11215","2020","February","SD"
"2658","Day","3835","2020","February","SD"
"2659","Deuel","2896","2020","February","SD"
"2660","Dewey","3284","2020","February","SD"
"2661","Douglas","2087","2020","February","SD"
"2662","Edmunds","2599","2020","February","SD"
"2663","Fall River","5112","2020","February","SD"
"2664","Faulk","1518","2020","February","SD"
"2665","Grant","4605","2020","February","SD"
"2666","Gregory","2828","2020","February","SD"
"2667","Haakon","1338","2020","February","SD"
"2668","Hamlin","3755","2020","February","SD"
"2669","Hand","2253","2020","February","SD"
"2670","Hanson","3173","2020","February","SD"
"2671","Harding","959","2020","February","SD"
"2672","Hughes","11411","2020","February","SD"
"2673","Hutchinson","5023","2020","February","SD"
"2674","Hyde","949","2020","February","SD"
"2675","Jackson","1791","2020","February","SD"
"2676","Jerauld","1223","2020","February","SD"
"2677","Jones","686","2020","February","SD"
"2678","Kingsbury","3492","2020","February","SD"
"2679","Lake","8715","2020","February","SD"
"2680","Lawrence","16997","2020","February","SD"
"2681","Lincoln","37654","2020","February","SD"
"2682","Lyman","2172","2020","February","SD"
"2683","Marshall","2727","2020","February","SD"
"2684","McCook","3589","2020","February","SD"
"2685","McPherson","1707","2020","February","SD"
"2686","Meade","17132","2020","February","SD"
"2687","Mellette","1126","2020","February","SD"
"2688","Miner","1525","2020","February","SD"
"2689","Minnehaha","116458","2020","February","SD"
"2690","Moody","4028","2020","February","SD"
"2691","Oglala Lakota","7639","2020","February","SD"
"2692","Pennington","74674","2020","February","SD"
"2693","Perkins","2112","2020","February","SD"
"2694","Potter","1689","2020","February","SD"
"2695","Roberts","6210","2020","February","SD"
"2696","Sanborn","1512","2020","February","SD"
"2697","Spink","4058","2020","February","SD"
"2698","Stanley","2042","2020","February","SD"
"2699","Sully","1062","2020","February","SD"
"2700","Todd","4437","2020","February","SD"
"2701","Tripp","3555","2020","February","SD"
"2702","Turner","5601","2020","February","SD"
"2703","Union","11629","2020","February","SD"
"2704","Walworth","3746","2020","February","SD"
"2705","Yankton","13808","2020","February","SD"
"2706","Ziebach","1557","2020","February","SD"
"2707","Aurora","1781","2020","March","SD"
"2708","Beadle","9695","2020","March","SD"
"2709","Bennett","1791","2020","March","SD"
"2710","Bon Homme","3835","2020","March","SD"
"2711","Brookings","18487","2020","March","SD"
"2712","Brown","22867","2020","March","SD"
"2713","Brule","3159","2020","March","SD"
"2714","Buffalo","881","2020","March","SD"
"2715","Butte","6049","2020","March","SD"
"2716","Campbell","1098","2020","March","SD"
"2717","Charles Mix","5262","2020","March","SD"
"2718","Clark","2421","2020","March","SD"
"2719","Clay","7447","2020","March","SD"
"2720","Codington","16620","2020","March","SD"
"2721","Corson","2276","2020","March","SD"
"2722","Custer","6536","2020","March","SD"
"2723","Davison","11261","2020","March","SD"
"2724","Day","3843","2020","March","SD"
"2725","Deuel","2894","2020","March","SD"
"2726","Dewey","3291","2020","March","SD"
"2727","Douglas","2090","2020","March","SD"
"2728","Edmunds","2595","2020","March","SD"
"2729","Fall River","5117","2020","March","SD"
"2730","Faulk","1519","2020","March","SD"
"2731","Grant","4611","2020","March","SD"
"2732","Gregory","2829","2020","March","SD"
"2733","Haakon","1341","2020","March","SD"
"2734","Hamlin","3762","2020","March","SD"
"2735","Hand","2255","2020","March","SD"
"2736","Hanson","3185","2020","March","SD"
"2737","Harding","959","2020","March","SD"
"2738","Hughes","11420","2020","March","SD"
"2739","Hutchinson","5032","2020","March","SD"
"2740","Hyde","950","2020","March","SD"
"2741","Jackson","1803","2020","March","SD"
"2742","Jerauld","1228","2020","March","SD"
"2743","Jones","690","2020","March","SD"
"2744","Kingsbury","3493","2020","March","SD"
"2745","Lake","8684","2020","March","SD"
"2746","Lawrence","17045","2020","March","SD"
"2747","Lincoln","37836","2020","March","SD"
"2748","Lyman","2171","2020","March","SD"
"2749","Marshall","2728","2020","March","SD"
"2750","McCook","3604","2020","March","SD"
"2751","McPherson","1707","2020","March","SD"
"2752","Meade","17219","2020","March","SD"
"2753","Mellette","1130","2020","March","SD"
"2754","Miner","1526","2020","March","SD"
"2755","Minnehaha","116909","2020","March","SD"
"2756","Moody","4028","2020","March","SD"
"2757","Oglala Lakota","7635","2020","March","SD"
"2758","Pennington","74974","2020","March","SD"
"2759","Perkins","2115","2020","March","SD"
"2760","Potter","1690","2020","March","SD"
"2761","Roberts","6214","2020","March","SD"
"2762","Sanborn","1510","2020","March","SD"
"2763","Spink","4070","2020","March","SD"
"2764","Stanley","2047","2020","March","SD"
"2765","Sully","1060","2020","March","SD"
"2766","Todd","4463","2020","March","SD"
"2767","Tripp","3567","2020","March","SD"
"2768","Turner","5616","2020","March","SD"
"2769","Union","11680","2020","March","SD"
"2770","Walworth","3759","2020","March","SD"
"2771","Yankton","13868","2020","March","SD"
"2772","Ziebach","1559","2020","March","SD"
"2773","Aurora","1780","2020","April","SD"
"2774","Beadle","9705","2020","April","SD"
"2775","Bennett","1802","2020","April","SD"
"2776","Bon Homme","3846","2020","April","SD"
"2777","Brookings","18567","2020","April","SD"
"2778","Brown","22905","2020","April","SD"
"2779","Brule","3161","2020","April","SD"
"2780","Buffalo","881","2020","April","SD"
"2781","Butte","6059","2020","April","SD"
"2782","Campbell","1099","2020","April","SD"
"2783","Charles Mix","5268","2020","April","SD"
"2784","Clark","2424","2020","April","SD"
"2785","Clay","7463","2020","April","SD"
"2786","Codington","16638","2020","April","SD"
"2787","Corson","2282","2020","April","SD"
"2788","Custer","6555","2020","April","SD"
"2789","Davison","11263","2020","April","SD"
"2790","Day","3851","2020","April","SD"
"2791","Deuel","2890","2020","April","SD"
"2792","Dewey","3297","2020","April","SD"
"2793","Douglas","2088","2020","April","SD"
"2794","Edmunds","2602","2020","April","SD"
"2795","Fall River","5116","2020","April","SD"
"2796","Faulk","1518","2020","April","SD"
"2797","Grant","4614","2020","April","SD"
"2798","Gregory","2853","2020","April","SD"
"2799","Haakon","1343","2020","April","SD"
"2800","Hamlin","3762","2020","April","SD"
"2801","Hand","2256","2020","April","SD"
"2802","Hanson","3183","2020","April","SD"
"2803","Harding","957","2020","April","SD"
"2804","Hughes","11418","2020","April","SD"
"2805","Hutchinson","5033","2020","April","SD"
"2806","Hyde","953","2020","April","SD"
"2807","Jackson","1809","2020","April","SD"
"2808","Jerauld","1229","2020","April","SD"
"2809","Jones","692","2020","April","SD"
"2810","Kingsbury","3505","2020","April","SD"
"2811","Lake","8672","2020","April","SD"
"2812","Lawrence","17062","2020","April","SD"
"2813","Lincoln","37978","2020","April","SD"
"2814","Lyman","2167","2020","April","SD"
"2815","Marshall","2725","2020","April","SD"
"2816","McCook","3605","2020","April","SD"
"2817","McPherson","1710","2020","April","SD"
"2818","Meade","17271","2020","April","SD"
"2819","Mellette","1131","2020","April","SD"
"2820","Miner","1525","2020","April","SD"
"2821","Minnehaha","117464","2020","April","SD"
"2822","Moody","4041","2020","April","SD"
"2823","Oglala Lakota","7635","2020","April","SD"
"2824","Pennington","75385","2020","April","SD"
"2825","Perkins","2115","2020","April","SD"
"2826","Potter","1690","2020","April","SD"
"2827","Roberts","6228","2020","April","SD"
"2828","Sanborn","1516","2020","April","SD"
"2829","Spink","4083","2020","April","SD"
"2830","Stanley","2046","2020","April","SD"
"2831","Sully","1063","2020","April","SD"
"2832","Todd","4473","2020","April","SD"
"2833","Tripp","3576","2020","April","SD"
"2834","Turner","5614","2020","April","SD"
"2835","Union","11708","2020","April","SD"
"2836","Walworth","3761","2020","April","SD"
"2837","Yankton","13871","2020","April","SD"
"2838","Ziebach","1557","2020","April","SD"
"2839","Aurora","1779","2020","May","SD"
"2840","Beadle","9697","2020","May","SD"
"2841","Bennett","1808","2020","May","SD"
"2842","Bon Homme","3835","2020","May","SD"
"2843","Brookings","18562","2020","May","SD"
"2844","Brown","22920","2020","May","SD"
"2845","Brule","3165","2020","May","SD"
"2846","Buffalo","881","2020","May","SD"
"2847","Butte","6049","2020","May","SD"
"2848","Campbell","1096","2020","May","SD"
"2849","Charles Mix","5265","2020","May","SD"
"2850","Clark","2413","2020","May","SD"
"2851","Clay","7471","2020","May","SD"
"2852","Codington","16641","2020","May","SD"
"2853","Corson","2281","2020","May","SD"
"2854","Custer","6548","2020","May","SD"
"2855","Davison","11276","2020","May","SD"
"2856","Day","3846","2020","May","SD"
"2857","Deuel","2877","2020","May","SD"
"2858","Dewey","3303","2020","May","SD"
"2859","Douglas","2083","2020","May","SD"
"2860","Edmunds","2599","2020","May","SD"
"2861","Fall River","5121","2020","May","SD"
"2862","Faulk","1514","2020","May","SD"
"2863","Grant","4617","2020","May","SD"
"2864","Gregory","2846","2020","May","SD"
"2865","Haakon","1347","2020","May","SD"
"2866","Hamlin","3761","2020","May","SD"
"2867","Hand","2264","2020","May","SD"
"2868","Hanson","3184","2020","May","SD"
"2869","Harding","957","2020","May","SD"
"2870","Hughes","11424","2020","May","SD"
"2871","Hutchinson","5036","2020","May","SD"
"2872","Hyde","952","2020","May","SD"
"2873","Jackson","1807","2020","May","SD"
"2874","Jerauld","1227","2020","May","SD"
"2875","Jones","691","2020","May","SD"
"2876","Kingsbury","3507","2020","May","SD"
"2877","Lake","8637","2020","May","SD"
"2878","Lawrence","17086","2020","May","SD"
"2879","Lincoln","38039","2020","May","SD"
"2880","Lyman","2166","2020","May","SD"
"2881","Marshall","2718","2020","May","SD"
"2882","McCook","3600","2020","May","SD"
"2883","McPherson","1718","2020","May","SD"
"2884","Meade","17334","2020","May","SD"
"2885","Mellette","1131","2020","May","SD"
"2886","Miner","1524","2020","May","SD"
"2887","Minnehaha","117568","2020","May","SD"
"2888","Moody","4057","2020","May","SD"
"2889","Oglala Lakota","7646","2020","May","SD"
"2890","Pennington","75465","2020","May","SD"
"2891","Perkins","2106","2020","May","SD"
"2892","Potter","1688","2020","May","SD"
"2893","Roberts","6235","2020","May","SD"
"2894","Sanborn","1517","2020","May","SD"
"2895","Spink","4079","2020","May","SD"
"2896","Stanley","2036","2020","May","SD"
"2897","Sully","1063","2020","May","SD"
"2898","Todd","4477","2020","May","SD"
"2899","Tripp","3569","2020","May","SD"
"2900","Turner","5612","2020","May","SD"
"2901","Union","11718","2020","May","SD"
"2902","Walworth","3757","2020","May","SD"
"2903","Yankton","13875","2020","May","SD"
"2904","Ziebach","1555","2020","May","SD"
"2905","Aurora","1774","2020","June","SD"
"2906","Beadle","9701","2020","June","SD"
"2907","Bennett","1813","2020","June","SD"
"2908","Bon Homme","3821","2020","June","SD"
"2909","Brookings","18590","2020","June","SD"
"2910","Brown","22915","2020","June","SD"
"2911","Brule","3155","2020","June","SD"
"2912","Buffalo","884","2020","June","SD"
"2913","Butte","6073","2020","June","SD"
"2914","Campbell","1096","2020","June","SD"
"2915","Charles Mix","5294","2020","June","SD"
"2916","Clark","2415","2020","June","SD"
"2917","Clay","7486","2020","June","SD"
"2918","Codington","16648","2020","June","SD"
"2919","Corson","2288","2020","June","SD"
"2920","Custer","6549","2020","June","SD"
"2921","Davison","11295","2020","June","SD"
"2922","Day","3850","2020","June","SD"
"2923","Deuel","2875","2020","June","SD"
"2924","Dewey","3293","2020","June","SD"
"2925","Douglas","2093","2020","June","SD"
"2926","Edmunds","2607","2020","June","SD"
"2927","Fall River","5127","2020","June","SD"
"2928","Faulk","1520","2020","June","SD"
"2929","Grant","4617","2020","June","SD"
"2930","Gregory","2848","2020","June","SD"
"2931","Haakon","1351","2020","June","SD"
"2932","Hamlin","3767","2020","June","SD"
"2933","Hand","2260","2020","June","SD"
"2934","Hanson","3193","2020","June","SD"
"2935","Harding","956","2020","June","SD"
"2936","Hughes","11435","2020","June","SD"
"2937","Hutchinson","5037","2020","June","SD"
"2938","Hyde","956","2020","June","SD"
"2939","Jackson","1815","2020","June","SD"
"2940","Jerauld","1230","2020","June","SD"
"2941","Jones","692","2020","June","SD"
"2942","Kingsbury","3513","2020","June","SD"
"2943","Lake","8618","2020","June","SD"
"2944","Lawrence","17101","2020","June","SD"
"2945","Lincoln","38116","2020","June","SD"
"2946","Lyman","2168","2020","June","SD"
"2947","Marshall","2725","2020","June","SD"
"2948","McCook","3592","2020","June","SD"
"2949","McPherson","1720","2020","June","SD"
"2950","Meade","17367","2020","June","SD"
"2951","Mellette","1139","2020","June","SD"
"2952","Miner","1526","2020","June","SD"
"2953","Minnehaha","117826","2020","June","SD"
"2954","Moody","4067","2020","June","SD"
"2955","Oglala Lakota","7654","2020","June","SD"
"2956","Pennington","75576","2020","June","SD"
"2957","Perkins","2104","2020","June","SD"
"2958","Potter","1687","2020","June","SD"
"2959","Roberts","6244","2020","June","SD"
"2960","Sanborn","1515","2020","June","SD"
"2961","Spink","4083","2020","June","SD"
"2962","Stanley","2043","2020","June","SD"
"2963","Sully","1067","2020","June","SD"
"2964","Todd","4483","2020","June","SD"
"2965","Tripp","3583","2020","June","SD"
"2966","Turner","5634","2020","June","SD"
"2967","Union","11712","2020","June","SD"
"2968","Walworth","3762","2020","June","SD"
"2969","Yankton","13880","2020","June","SD"
"2970","Ziebach","1562","2020","June","SD"
"2971","Aurora","1778","2020","July","SD"
"2972","Beadle","9699","2020","July","SD"
"2973","Bennett","1829","2020","July","SD"
"2974","Bon Homme","3834","2020","July","SD"
"2975","Brookings","18732","2020","July","SD"
"2976","Brown","22952","2020","July","SD"
"2977","Brule","3166","2020","July","SD"
"2978","Buffalo","887","2020","July","SD"
"2979","Butte","6058","2020","July","SD"
"2980","Campbell","1096","2020","July","SD"
"2981","Charles Mix","5290","2020","July","SD"
"2982","Clark","2420","2020","July","SD"
"2983","Clay","7522","2020","July","SD"
"2984","Codington","16738","2020","July","SD"
"2985","Corson","2307","2020","July","SD"
"2986","Custer","6569","2020","July","SD"
"2987","Davison","11337","2020","July","SD"
"2988","Day","3853","2020","July","SD"
"2989","Deuel","2887","2020","July","SD"
"2990","Dewey","3303","2020","July","SD"
"2991","Douglas","2091","2020","July","SD"
"2992","Edmunds","2617","2020","July","SD"
"2993","Fall River","5144","2020","July","SD"
"2994","Faulk","1513","2020","July","SD"
"2995","Grant","4634","2020","July","SD"
"2996","Gregory","2856","2020","July","SD"
"2997","Haakon","1348","2020","July","SD"
"2998","Hamlin","3776","2020","July","SD"
"2999","Hand","2270","2020","July","SD"
"3000","Hanson","3220","2020","July","SD"
"3001","Harding","961","2020","July","SD"
"3002","Hughes","11474","2020","July","SD"
"3003","Hutchinson","5043","2020","July","SD"
"3004","Hyde","954","2020","July","SD"
"3005","Jackson","1818","2020","July","SD"
"3006","Jerauld","1225","2020","July","SD"
"3007","Jones","696","2020","July","SD"
"3008","Kingsbury","3531","2020","July","SD"
"3009","Lake","8602","2020","July","SD"
"3010","Lawrence","17201","2020","July","SD"
"3011","Lincoln","38453","2020","July","SD"
"3012","Lyman","2169","2020","July","SD"
"3013","Marshall","2737","2020","July","SD"
"3014","McCook","3608","2020","July","SD"
"3015","McPherson","1726","2020","July","SD"
"3016","Meade","17466","2020","July","SD"
"3017","Mellette","1137","2020","July","SD"
"3018","Miner","1532","2020","July","SD"
"3019","Minnehaha","117711","2020","July","SD"
"3020","Moody","4068","2020","July","SD"
"3021","Oglala Lakota","7674","2020","July","SD"
"3022","Pennington","76159","2020","July","SD"
"3023","Perkins","2115","2020","July","SD"
"3024","Potter","1691","2020","July","SD"
"3025","Roberts","6235","2020","July","SD"
"3026","Sanborn","1520","2020","July","SD"
"3027","Spink","4091","2020","July","SD"
"3028","Stanley","2051","2020","July","SD"
"3029","Sully","1069","2020","July","SD"
"3030","Todd","4506","2020","July","SD"
"3031","Tripp","3580","2020","July","SD"
"3032","Turner","5643","2020","July","SD"
"3033","Union","11728","2020","July","SD"
"3034","Walworth","3770","2020","July","SD"
"3035","Yankton","13923","2020","July","SD"
"3036","Ziebach","1566","2020","July","SD"
"3037","Aurora","1777","2020","August","SD"
"3038","Beadle","9691","2020","August","SD"
"3039","Bennett","1823","2020","August","SD"
"3040","Bon Homme","3829","2020","August","SD"
"3041","Brookings","18809","2020","August","SD"
"3042","Brown","23016","2020","August","SD"
"3043","Brule","3182","2020","August","SD"
"3044","Buffalo","888","2020","August","SD"
"3045","Butte","6109","2020","August","SD"
"3046","Campbell","1098","2020","August","SD"
"3047","Charles Mix","5287","2020","August","SD"
"3048","Clark","2422","2020","August","SD"
"3049","Clay","7557","2020","August","SD"
"3050","Codington","16799","2020","August","SD"
"3051","Corson","2302","2020","August","SD"
"3052","Custer","6622","2020","August","SD"
"3053","Davison","11379","2020","August","SD"
"3054","Day","3854","2020","August","SD"
"3055","Deuel","2900","2020","August","SD"
"3056","Dewey","3316","2020","August","SD"
"3057","Douglas","2087","2020","August","SD"
"3058","Edmunds","2622","2020","August","SD"
"3059","Fall River","5178","2020","August","SD"
"3060","Faulk","1514","2020","August","SD"
"3061","Grant","4644","2020","August","SD"
"3062","Gregory","2870","2020","August","SD"
"3063","Haakon","1351","2020","August","SD"
"3064","Hamlin","3776","2020","August","SD"
"3065","Hand","2275","2020","August","SD"
"3066","Hanson","3248","2020","August","SD"
"3067","Harding","967","2020","August","SD"
"3068","Hughes","11505","2020","August","SD"
"3069","Hutchinson","5044","2020","August","SD"
"3070","Hyde","957","2020","August","SD"
"3071","Jackson","1829","2020","August","SD"
"3072","Jerauld","1227","2020","August","SD"
"3073","Jones","701","2020","August","SD"
"3074","Kingsbury","3537","2020","August","SD"
"3075","Lake","8584","2020","August","SD"
"3076","Lawrence","17296","2020","August","SD"
"3077","Lincoln","38744","2020","August","SD"
"3078","Lyman","2171","2020","August","SD"
"3079","Marshall","2734","2020","August","SD"
"3080","McCook","3620","2020","August","SD"
"3081","McPherson","1728","2020","August","SD"
"3082","Meade","17560","2020","August","SD"
"3083","Mellette","1137","2020","August","SD"
"3084","Miner","1533","2020","August","SD"
"3085","Minnehaha","118213","2020","August","SD"
"3086","Moody","4088","2020","August","SD"
"3087","Oglala Lakota","7676","2020","August","SD"
"3088","Pennington","76754","2020","August","SD"
"3089","Perkins","2114","2020","August","SD"
"3090","Potter","1692","2020","August","SD"
"3091","Roberts","6257","2020","August","SD"
"3092","Sanborn","1524","2020","August","SD"
"3093","Spink","4093","2020","August","SD"
"3094","Stanley","2066","2020","August","SD"
"3095","Sully","1074","2020","August","SD"
"3096","Todd","4502","2020","August","SD"
"3097","Tripp","3587","2020","August","SD"
"3098","Turner","5660","2020","August","SD"
"3099","Union","11774","2020","August","SD"
"3100","Walworth","3774","2020","August","SD"
"3101","Yankton","13952","2020","August","SD"
"3102","Ziebach","1564","2020","August","SD"
"3103","Aurora","1783","2020","September","SD"
"3104","Beadle","9737","2020","September","SD"
"3105","Bennett","1825","2020","September","SD"
"3106","Bon Homme","3857","2020","September","SD"
"3107","Brookings","18929","2020","September","SD"
"3108","Brown","23203","2020","September","SD"
"3109","Brule","3187","2020","September","SD"
"3110","Buffalo","896","2020","September","SD"
"3111","Butte","6145","2020","September","SD"
"3112","Campbell","1099","2020","September","SD"
"3113","Charles Mix","5291","2020","September","SD"
"3114","Clark","2423","2020","September","SD"
"3115","Clay","7579","2020","September","SD"
"3116","Codington","16920","2020","September","SD"
"3117","Corson","2301","2020","September","SD"
"3118","Custer","6655","2020","September","SD"
"3119","Davison","11447","2020","September","SD"
"3120","Day","3856","2020","September","SD"
"3121","Deuel","2901","2020","September","SD"
"3122","Dewey","3329","2020","September","SD"
"3123","Douglas","2084","2020","September","SD"
"3124","Edmunds","2626","2020","September","SD"
"3125","Fall River","5227","2020","September","SD"
"3126","Faulk","1513","2020","September","SD"
"3127","Grant","4657","2020","September","SD"
"3128","Gregory","2873","2020","September","SD"
"3129","Haakon","1363","2020","September","SD"
"3130","Hamlin","3797","2020","September","SD"
"3131","Hand","2280","2020","September","SD"
"3132","Hanson","3277","2020","September","SD"
"3133","Harding","971","2020","September","SD"
"3134","Hughes","11553","2020","September","SD"
"3135","Hutchinson","5045","2020","September","SD"
"3136","Hyde","955","2020","September","SD"
"3137","Jackson","1838","2020","September","SD"
"3138","Jerauld","1231","2020","September","SD"
"3139","Jones","702","2020","September","SD"
"3140","Kingsbury","3543","2020","September","SD"
"3141","Lake","8562","2020","September","SD"
"3142","Lawrence","17423","2020","September","SD"
"3143","Lincoln","39113","2020","September","SD"
"3144","Lyman","2186","2020","September","SD"
"3145","Marshall","2745","2020","September","SD"
"3146","McCook","3639","2020","September","SD"
"3147","McPherson","1735","2020","September","SD"
"3148","Meade","17689","2020","September","SD"
"3149","Mellette","1138","2020","September","SD"
"3150","Miner","1541","2020","September","SD"
"3151","Minnehaha","119568","2020","September","SD"
"3152","Moody","4087","2020","September","SD"
"3153","Oglala Lakota","7691","2020","September","SD"
"3154","Pennington","77546","2020","September","SD"
"3155","Perkins","2124","2020","September","SD"
"3156","Potter","1702","2020","September","SD"
"3157","Roberts","6264","2020","September","SD"
"3158","Sanborn","1526","2020","September","SD"
"3159","Spink","4112","2020","September","SD"
"3160","Stanley","2064","2020","September","SD"
"3161","Sully","1084","2020","September","SD"
"3162","Todd","4497","2020","September","SD"
"3163","Tripp","3597","2020","September","SD"
"3164","Turner","5698","2020","September","SD"
"3165","Union","11878","2020","September","SD"
"3166","Walworth","3790","2020","September","SD"
"3167","Yankton","14037","2020","September","SD"
"3168","Ziebach","1575","2020","September","SD"
"3169","Aurora","1807","2021","January","SD"
"3170","Beadle","10019","2021","January","SD"
"3171","Bennett","1872","2021","January","SD"
"3172","Bon Homme","3958","2021","January","SD"
"3173","Brookings","19836","2021","January","SD"
"3174","Brown","24028","2021","January","SD"
"3175","Brule","3272","2021","January","SD"
"3176","Buffalo","927","2021","January","SD"
"3177","Butte","6480","2021","January","SD"
"3178","Campbell","1130","2021","January","SD"
"3179","Charles Mix","5428","2021","January","SD"
"3180","Clark","2503","2021","January","SD"
"3181","Clay","8054","2021","January","SD"
"3182","Codington","17579","2021","January","SD"
"3183","Corson","2394","2021","January","SD"
"3184","Custer","7026","2021","January","SD"
"3185","Davison","11850","2021","January","SD"
"3186","Day","3891","2021","January","SD"
"3187","Deuel","2997","2021","January","SD"
"3188","Dewey","3476","2021","January","SD"
"3189","Douglas","2126","2021","January","SD"
"3190","Edmunds","2690","2021","January","SD"
"3191","Fall River","5500","2021","January","SD"
"3192","Faulk","1525","2021","January","SD"
"3193","Grant","4786","2021","January","SD"
"3194","Gregory","2895","2021","January","SD"
"3195","Haakon","1396","2021","January","SD"
"3196","Hamlin","3878","2021","January","SD"
"3197","Hand","2303","2021","January","SD"
"3198","Hanson","3414","2021","January","SD"
"3199","Harding","985","2021","January","SD"
"3200","Hughes","11835","2021","January","SD"
"3201","Hutchinson","5134","2021","January","SD"
"3202","Hyde","968","2021","January","SD"
"3203","Jackson","1900","2021","January","SD"
"3204","Jerauld","1241","2021","January","SD"
"3205","Jones","706","2021","January","SD"
"3206","Kingsbury","3617","2021","January","SD"
"3207","Lake","8558","2021","January","SD"
"3208","Lawrence","18381","2021","January","SD"
"3209","Lincoln","41622","2021","January","SD"
"3210","Lyman","2249","2021","January","SD"
"3211","Marshall","2819","2021","January","SD"
"3212","McCook","3768","2021","January","SD"
"3213","McPherson","1783","2021","January","SD"
"3214","Meade","18784","2021","January","SD"
"3215","Mellette","1151","2021","January","SD"
"3216","Miner","1578","2021","January","SD"
"3217","Minnehaha","125727","2021","January","SD"
"3218","Moody","4187","2021","January","SD"
"3219","Oglala Lakota","8034","2021","January","SD"
"3220","Pennington","81468","2021","January","SD"
"3221","Perkins","2138","2021","January","SD"
"3222","Potter","1744","2021","January","SD"
"3223","Roberts","6421","2021","January","SD"
"3224","Sanborn","1565","2021","January","SD"
"3225","Spink","4196","2021","January","SD"
"3226","Stanley","2127","2021","January","SD"
"3227","Sully","1115","2021","January","SD"
"3228","Todd","4677","2021","January","SD"
"3229","Tripp","3650","2021","January","SD"
"3230","Turner","5812","2021","January","SD"
"3231","Union","12363","2021","January","SD"
"3232","Walworth","3842","2021","January","SD"
"3233","Yankton","14517","2021","January","SD"
"3234","Ziebach","1652","2021","January","SD"
"3235","Aurora","1780","2021","October","SD"
"3236","Beadle","9868","2021","October","SD"
"3237","Bennett","1797","2021","October","SD"
"3238","Bon Homme","3851","2021","October","SD"
"3239","Brookings","19910","2021","October","SD"
"3240","Brown","24106","2021","October","SD"
"3241","Brule","3205","2021","October","SD"
"3242","Buffalo","922","2021","October","SD"
"3243","Butte","6526","2021","October","SD"
"3244","Campbell","1134","2021","October","SD"
"3245","Charles Mix","5424","2021","October","SD"
"3246","Clark","2471","2021","October","SD"
"3247","Clay","7976","2021","October","SD"
"3248","Codington","17194","2021","October","SD"
"3249","Corson","2333","2021","October","SD"
"3250","Custer","7031","2021","October","SD"
"3251","Davison","11797","2021","October","SD"
"3252","Day","3901","2021","October","SD"
"3253","Deuel","2962","2021","October","SD"
"3254","Dewey","3432","2021","October","SD"
"3255","Douglas","2100","2021","October","SD"
"3256","Edmunds","2661","2021","October","SD"
"3257","Fall River","5625","2021","October","SD"
"3258","Faulk","1502","2021","October","SD"
"3259","Grant","4691","2021","October","SD"
"3260","Gregory","2822","2021","October","SD"
"3261","Haakon","1384","2021","October","SD"
"3262","Hamlin","3926","2021","October","SD"
"3263","Hand","2242","2021","October","SD"
"3264","Hanson","3229","2021","October","SD"
"3265","Harding","967","2021","October","SD"
"3266","Hughes","11439","2021","October","SD"
"3267","Hutchinson","4743","2021","October","SD"
"3268","Hyde","959","2021","October","SD"
"3269","Jackson","1827","2021","October","SD"
"3270","Jerauld","1209","2021","October","SD"
"3271","Jones","687","2021","October","SD"
"3272","Kingsbury","3640","2021","October","SD"
"3273","Lake","8264","2021","October","SD"
"3274","Lawrence","18855","2021","October","SD"
"3275","Lincoln","41589","2021","October","SD"
"3276","Lyman","2191","2021","October","SD"
"3277","Marshall","2815","2021","October","SD"
"3278","McCook","3715","2021","October","SD"
"3279","McPherson","1766","2021","October","SD"
"3280","Meade","18896","2021","October","SD"
"3281","Mellette","1116","2021","October","SD"
"3282","Miner","1519","2021","October","SD"
"3283","Minnehaha","127484","2021","October","SD"
"3284","Moody","4074","2021","October","SD"
"3285","Oglala Lakota","7971","2021","October","SD"
"3286","Pennington","83346","2021","October","SD"
"3287","Perkins","2108","2021","October","SD"
"3288","Potter","1699","2021","October","SD"
"3289","Roberts","6366","2021","October","SD"
"3290","Sanborn","1563","2021","October","SD"
"3291","Spink","4221","2021","October","SD"
"3292","Stanley","2135","2021","October","SD"
"3293","Sully","1112","2021","October","SD"
"3294","Todd","4545","2021","October","SD"
"3295","Tripp","3538","2021","October","SD"
"3296","Turner","5707","2021","October","SD"
"3297","Union","12229","2021","October","SD"
"3298","Walworth","3698","2021","October","SD"
"3299","Yankton","14398","2021","October","SD"
"3300","Ziebach","1593","2021","October","SD"
"3301","Aurora","1777","2021","November","SD"
"3302","Beadle","9869","2021","November","SD"
"3303","Bennett","1793","2021","November","SD"
"3304","Bon Homme","3832","2021","November","SD"
"3305","Brookings","19573","2021","November","SD"
"3306","Brown","24123","2021","November","SD"
"3307","Brule","3198","2021","November","SD"
"3308","Buffalo","921","2021","November","SD"
"3309","Butte","6376","2021","November","SD"
"3310","Campbell","1111","2021","November","SD"
"3311","Charles Mix","5342","2021","November","SD"
"3312","Clark","2471","2021","November","SD"
"3313","Clay","7985","2021","November","SD"
"3314","Codington","17210","2021","November","SD"
"3315","Corson","2296","2021","November","SD"
"3316","Custer","7068","2021","November","SD"
"3317","Davison","11666","2021","November","SD"
"3318","Day","3894","2021","November","SD"
"3319","Deuel","2959","2021","November","SD"
"3320","Dewey","3383","2021","November","SD"
"3321","Douglas","2101","2021","November","SD"
"3322","Edmunds","2616","2021","November","SD"
"3323","Fall River","5629","2021","November","SD"
"3324","Faulk","1499","2021","November","SD"
"3325","Grant","4689","2021","November","SD"
"3326","Gregory","2774","2021","November","SD"
"3327","Haakon","1364","2021","November","SD"
"3328","Hamlin","3933","2021","November","SD"
"3329","Hand","2243","2021","November","SD"
"3330","Hanson","3226","2021","November","SD"
"3331","Harding","959","2021","November","SD"
"3332","Hughes","11436","2021","November","SD"
"3333","Hutchinson","4744","2021","November","SD"
"3334","Hyde","944","2021","November","SD"
"3335","Jackson","1819","2021","November","SD"
"3336","Jerauld","1209","2021","November","SD"
"3337","Jones","685","2021","November","SD"
"3338","Kingsbury","3634","2021","November","SD"
"3339","Lake","7779","2021","November","SD"
"3340","Lawrence","18494","2021","November","SD"
"3341","Lincoln","41516","2021","November","SD"
"3342","Lyman","2189","2021","November","SD"
"3343","Marshall","2758","2021","November","SD"
"3344","McCook","3709","2021","November","SD"
"3345","McPherson","1704","2021","November","SD"
"3346","Meade","18941","2021","November","SD"
"3347","Mellette","1111","2021","November","SD"
"3348","Miner","1514","2021","November","SD"
"3349","Minnehaha","125019","2021","November","SD"
"3350","Moody","4061","2021","November","SD"
"3351","Oglala Lakota","7937","2021","November","SD"
"3352","Pennington","83657","2021","November","SD"
"3353","Perkins","2075","2021","November","SD"
"3354","Potter","1695","2021","November","SD"
"3355","Roberts","6359","2021","November","SD"
"3356","Sanborn","1543","2021","November","SD"
"3357","Spink","4104","2021","November","SD"
"3358","Stanley","2063","2021","November","SD"
"3359","Sully","1109","2021","November","SD"
"3360","Todd","4523","2021","November","SD"
"3361","Tripp","3531","2021","November","SD"
"3362","Turner","5699","2021","November","SD"
"3363","Union","11838","2021","November","SD"
"3364","Walworth","3681","2021","November","SD"
"3365","Yankton","14163","2021","November","SD"
"3366","Ziebach","1584","2021","November","SD"
"3367","Aurora","1805","2021","February","SD"
"3368","Beadle","10026","2021","February","SD"
"3369","Bennett","1868","2021","February","SD"
"3370","Bon Homme","3950","2021","February","SD"
"3371","Brookings","19853","2021","February","SD"
"3372","Brown","24019","2021","February","SD"
"3373","Brule","3272","2021","February","SD"
"3374","Buffalo","927","2021","February","SD"
"3375","Butte","6504","2021","February","SD"
"3376","Campbell","1132","2021","February","SD"
"3377","Charles Mix","5426","2021","February","SD"
"3378","Clark","2503","2021","February","SD"
"3379","Clay","8059","2021","February","SD"
"3380","Codington","17602","2021","February","SD"
"3381","Corson","2385","2021","February","SD"
"3382","Custer","7052","2021","February","SD"
"3383","Davison","11861","2021","February","SD"
"3384","Day","3896","2021","February","SD"
"3385","Deuel","3007","2021","February","SD"
"3386","Dewey","3470","2021","February","SD"
"3387","Douglas","2121","2021","February","SD"
"3388","Edmunds","2693","2021","February","SD"
"3389","Fall River","5551","2021","February","SD"
"3390","Faulk","1524","2021","February","SD"
"3391","Grant","4783","2021","February","SD"
"3392","Gregory","2900","2021","February","SD"
"3393","Haakon","1398","2021","February","SD"
"3394","Hamlin","3872","2021","February","SD"
"3395","Hand","2297","2021","February","SD"
"3396","Hanson","3411","2021","February","SD"
"3397","Harding","987","2021","February","SD"
"3398","Hughes","11841","2021","February","SD"
"3399","Hutchinson","5127","2021","February","SD"
"3400","Hyde","966","2021","February","SD"
"3401","Jackson","1891","2021","February","SD"
"3402","Jerauld","1238","2021","February","SD"
"3403","Jones","706","2021","February","SD"
"3404","Kingsbury","3615","2021","February","SD"
"3405","Lake","8547","2021","February","SD"
"3406","Lawrence","18418","2021","February","SD"
"3407","Lincoln","41639","2021","February","SD"
"3408","Lyman","2246","2021","February","SD"
"3409","Marshall","2816","2021","February","SD"
"3410","McCook","3760","2021","February","SD"
"3411","McPherson","1783","2021","February","SD"
"3412","Meade","18792","2021","February","SD"
"3413","Mellette","1150","2021","February","SD"
"3414","Miner","1576","2021","February","SD"
"3415","Minnehaha","126751","2021","February","SD"
"3416","Moody","4170","2021","February","SD"
"3417","Oglala Lakota","8052","2021","February","SD"
"3418","Pennington","81653","2021","February","SD"
"3419","Perkins","2143","2021","February","SD"
"3420","Potter","1740","2021","February","SD"
"3421","Roberts","6422","2021","February","SD"
"3422","Sanborn","1562","2021","February","SD"
"3423","Spink","4201","2021","February","SD"
"3424","Stanley","2131","2021","February","SD"
"3425","Sully","1113","2021","February","SD"
"3426","Todd","4677","2021","February","SD"
"3427","Tripp","3648","2021","February","SD"
"3428","Turner","5815","2021","February","SD"
"3429","Union","12378","2021","February","SD"
"3430","Walworth","3840","2021","February","SD"
"3431","Yankton","14521","2021","February","SD"
"3432","Ziebach","1642","2021","February","SD"
"3433","Aurora","1809","2021","March","SD"
"3434","Beadle","10023","2021","March","SD"
"3435","Bennett","1863","2021","March","SD"
"3436","Bon Homme","3948","2021","March","SD"
"3437","Brookings","19857","2021","March","SD"
"3438","Brown","24020","2021","March","SD"
"3439","Brule","3271","2021","March","SD"
"3440","Buffalo","922","2021","March","SD"
"3441","Butte","6521","2021","March","SD"
"3442","Campbell","1134","2021","March","SD"
"3443","Charles Mix","5423","2021","March","SD"
"3444","Clark","2509","2021","March","SD"
"3445","Clay","8057","2021","March","SD"
"3446","Codington","17593","2021","March","SD"
"3447","Corson","2384","2021","March","SD"
"3448","Custer","7078","2021","March","SD"
"3449","Davison","11863","2021","March","SD"
"3450","Day","3903","2021","March","SD"
"3451","Deuel","3009","2021","March","SD"
"3452","Dewey","3471","2021","March","SD"
"3453","Douglas","2120","2021","March","SD"
"3454","Edmunds","2690","2021","March","SD"
"3455","Fall River","5551","2021","March","SD"
"3456","Faulk","1523","2021","March","SD"
"3457","Grant","4784","2021","March","SD"
"3458","Gregory","2901","2021","March","SD"
"3459","Haakon","1396","2021","March","SD"
"3460","Hamlin","3886","2021","March","SD"
"3461","Hand","2295","2021","March","SD"
"3462","Hanson","3414","2021","March","SD"
"3463","Harding","991","2021","March","SD"
"3464","Hughes","11842","2021","March","SD"
"3465","Hutchinson","4856","2021","March","SD"
"3466","Hyde","964","2021","March","SD"
"3467","Jackson","1887","2021","March","SD"
"3468","Jerauld","1240","2021","March","SD"
"3469","Jones","707","2021","March","SD"
"3470","Kingsbury","3613","2021","March","SD"
"3471","Lake","8586","2021","March","SD"
"3472","Lawrence","18430","2021","March","SD"
"3473","Lincoln","41719","2021","March","SD"
"3474","Lyman","2244","2021","March","SD"
"3475","Marshall","2815","2021","March","SD"
"3476","McCook","3771","2021","March","SD"
"3477","McPherson","1786","2021","March","SD"
"3478","Meade","18828","2021","March","SD"
"3479","Mellette","1154","2021","March","SD"
"3480","Miner","1573","2021","March","SD"
"3481","Minnehaha","126936","2021","March","SD"
"3482","Moody","4185","2021","March","SD"
"3483","Oglala Lakota","8051","2021","March","SD"
"3484","Pennington","81699","2021","March","SD"
"3485","Perkins","2142","2021","March","SD"
"3486","Potter","1735","2021","March","SD"
"3487","Roberts","6424","2021","March","SD"
"3488","Sanborn","1573","2021","March","SD"
"3489","Spink","4200","2021","March","SD"
"3490","Stanley","2132","2021","March","SD"
"3491","Sully","1114","2021","March","SD"
"3492","Todd","4672","2021","March","SD"
"3493","Tripp","3657","2021","March","SD"
"3494","Turner","5823","2021","March","SD"
"3495","Union","12401","2021","March","SD"
"3496","Walworth","3844","2021","March","SD"
"3497","Yankton","14521","2021","March","SD"
"3498","Ziebach","1642","2021","March","SD"
"3499","Aurora","1816","2021","April","SD"
"3500","Beadle","10035","2021","April","SD"
"3501","Bennett","1863","2021","April","SD"
"3502","Bon Homme","3949","2021","April","SD"
"3503","Brookings","19924","2021","April","SD"
"3504","Brown","24033","2021","April","SD"
"3505","Brule","3277","2021","April","SD"
"3506","Buffalo","926","2021","April","SD"
"3507","Butte","6539","2021","April","SD"
"3508","Campbell","1134","2021","April","SD"
"3509","Charles Mix","5428","2021","April","SD"
"3510","Clark","2513","2021","April","SD"
"3511","Clay","8067","2021","April","SD"
"3512","Codington","17605","2021","April","SD"
"3513","Corson","2392","2021","April","SD"
"3514","Custer","7090","2021","April","SD"
"3515","Davison","11907","2021","April","SD"
"3516","Day","3904","2021","April","SD"
"3517","Deuel","3009","2021","April","SD"
"3518","Dewey","3463","2021","April","SD"
"3519","Douglas","2122","2021","April","SD"
"3520","Edmunds","2691","2021","April","SD"
"3521","Fall River","5564","2021","April","SD"
"3522","Faulk","1520","2021","April","SD"
"3523","Grant","4776","2021","April","SD"
"3524","Gregory","2905","2021","April","SD"
"3525","Haakon","1396","2021","April","SD"
"3526","Hamlin","3893","2021","April","SD"
"3527","Hand","2296","2021","April","SD"
"3528","Hanson","3426","2021","April","SD"
"3529","Harding","996","2021","April","SD"
"3530","Hughes","11839","2021","April","SD"
"3531","Hutchinson","4870","2021","April","SD"
"3532","Hyde","962","2021","April","SD"
"3533","Jackson","1885","2021","April","SD"
"3534","Jerauld","1240","2021","April","SD"
"3535","Jones","705","2021","April","SD"
"3536","Kingsbury","3622","2021","April","SD"
"3537","Lake","8591","2021","April","SD"
"3538","Lawrence","18465","2021","April","SD"
"3539","Lincoln","41843","2021","April","SD"
"3540","Lyman","2244","2021","April","SD"
"3541","Marshall","2829","2021","April","SD"
"3542","McCook","3778","2021","April","SD"
"3543","McPherson","1787","2021","April","SD"
"3544","Meade","18840","2021","April","SD"
"3545","Mellette","1152","2021","April","SD"
"3546","Miner","1571","2021","April","SD"
"3547","Minnehaha","127057","2021","April","SD"
"3548","Moody","4173","2021","April","SD"
"3549","Oglala Lakota","8043","2021","April","SD"
"3550","Pennington","81852","2021","April","SD"
"3551","Perkins","2146","2021","April","SD"
"3552","Potter","1737","2021","April","SD"
"3553","Roberts","6412","2021","April","SD"
"3554","Sanborn","1575","2021","April","SD"
"3555","Spink","4201","2021","April","SD"
"3556","Stanley","2138","2021","April","SD"
"3557","Sully","1116","2021","April","SD"
"3558","Todd","4657","2021","April","SD"
"3559","Tripp","3682","2021","April","SD"
"3560","Turner","5820","2021","April","SD"
"3561","Union","12423","2021","April","SD"
"3562","Walworth","3829","2021","April","SD"
"3563","Yankton","14526","2021","April","SD"
"3564","Ziebach","1644","2021","April","SD"
"3565","Aurora","1819","2021","May","SD"
"3566","Beadle","10028","2021","May","SD"
"3567","Bennett","1863","2021","May","SD"
"3568","Bon Homme","3953","2021","May","SD"
"3569","Brookings","19945","2021","May","SD"
"3570","Brown","24053","2021","May","SD"
"3571","Brule","3278","2021","May","SD"
"3572","Buffalo","925","2021","May","SD"
"3573","Butte","6569","2021","May","SD"
"3574","Campbell","1133","2021","May","SD"
"3575","Charles Mix","5438","2021","May","SD"
"3576","Clark","2517","2021","May","SD"
"3577","Clay","8079","2021","May","SD"
"3578","Codington","17615","2021","May","SD"
"3579","Corson","2391","2021","May","SD"
"3580","Custer","7113","2021","May","SD"
"3581","Davison","11923","2021","May","SD"
"3582","Day","3917","2021","May","SD"
"3583","Deuel","3011","2021","May","SD"
"3584","Dewey","3458","2021","May","SD"
"3585","Douglas","2123","2021","May","SD"
"3586","Edmunds","2698","2021","May","SD"
"3587","Fall River","5580","2021","May","SD"
"3588","Faulk","1521","2021","May","SD"
"3589","Grant","4788","2021","May","SD"
"3590","Gregory","2899","2021","May","SD"
"3591","Haakon","1397","2021","May","SD"
"3592","Hamlin","3893","2021","May","SD"
"3593","Hand","2293","2021","May","SD"
"3594","Hanson","3434","2021","May","SD"
"3595","Harding","996","2021","May","SD"
"3596","Hughes","11847","2021","May","SD"
"3597","Hutchinson","4873","2021","May","SD"
"3598","Hyde","963","2021","May","SD"
"3599","Jackson","1884","2021","May","SD"
"3600","Jerauld","1239","2021","May","SD"
"3601","Jones","704","2021","May","SD"
"3602","Kingsbury","3619","2021","May","SD"
"3603","Lake","8582","2021","May","SD"
"3604","Lawrence","18515","2021","May","SD"
"3605","Lincoln","41916","2021","May","SD"
"3606","Lyman","2241","2021","May","SD"
"3607","Marshall","2834","2021","May","SD"
"3608","McCook","3775","2021","May","SD"
"3609","McPherson","1783","2021","May","SD"
"3610","Meade","18881","2021","May","SD"
"3611","Mellette","1154","2021","May","SD"
"3612","Miner","1571","2021","May","SD"
"3613","Minnehaha","127267","2021","May","SD"
"3614","Moody","4172","2021","May","SD"
"3615","Oglala Lakota","8022","2021","May","SD"
"3616","Pennington","82020","2021","May","SD"
"3617","Perkins","2144","2021","May","SD"
"3618","Potter","1732","2021","May","SD"
"3619","Roberts","6422","2021","May","SD"
"3620","Sanborn","1576","2021","May","SD"
"3621","Spink","4204","2021","May","SD"
"3622","Stanley","2141","2021","May","SD"
"3623","Sully","1116","2021","May","SD"
"3624","Todd","4647","2021","May","SD"
"3625","Tripp","3685","2021","May","SD"
"3626","Turner","5814","2021","May","SD"
"3627","Union","12444","2021","May","SD"
"3628","Walworth","3826","2021","May","SD"
"3629","Yankton","14537","2021","May","SD"
"3630","Ziebach","1642","2021","May","SD"
"3631","Aurora","1820","2021","June","SD"
"3632","Beadle","10058","2021","June","SD"
"3633","Bennett","1857","2021","June","SD"
"3634","Bon Homme","3955","2021","June","SD"
"3635","Brookings","19971","2021","June","SD"
"3636","Brown","24050","2021","June","SD"
"3637","Brule","3277","2021","June","SD"
"3638","Buffalo","924","2021","June","SD"
"3639","Butte","6580","2021","June","SD"
"3640","Campbell","1132","2021","June","SD"
"3641","Charles Mix","5438","2021","June","SD"
"3642","Clark","2520","2021","June","SD"
"3643","Clay","8105","2021","June","SD"
"3644","Codington","17634","2021","June","SD"
"3645","Corson","2395","2021","June","SD"
"3646","Custer","7155","2021","June","SD"
"3647","Davison","11946","2021","June","SD"
"3648","Day","3913","2021","June","SD"
"3649","Deuel","3008","2021","June","SD"
"3650","Dewey","3452","2021","June","SD"
"3651","Douglas","2128","2021","June","SD"
"3652","Edmunds","2699","2021","June","SD"
"3653","Fall River","5591","2021","June","SD"
"3654","Faulk","1519","2021","June","SD"
"3655","Grant","4799","2021","June","SD"
"3656","Gregory","2898","2021","June","SD"
"3657","Haakon","1398","2021","June","SD"
"3658","Hamlin","3900","2021","June","SD"
"3659","Hand","2293","2021","June","SD"
"3660","Hanson","3444","2021","June","SD"
"3661","Harding","994","2021","June","SD"
"3662","Hughes","11858","2021","June","SD"
"3663","Hutchinson","4883","2021","June","SD"
"3664","Hyde","966","2021","June","SD"
"3665","Jackson","1870","2021","June","SD"
"3666","Jerauld","1241","2021","June","SD"
"3667","Jones","704","2021","June","SD"
"3668","Kingsbury","3626","2021","June","SD"
"3669","Lake","8596","2021","June","SD"
"3670","Lawrence","18548","2021","June","SD"
"3671","Lincoln","41991","2021","June","SD"
"3672","Lyman","2238","2021","June","SD"
"3673","Marshall","2836","2021","June","SD"
"3674","McCook","3785","2021","June","SD"
"3675","McPherson","1782","2021","June","SD"
"3676","Meade","18902","2021","June","SD"
"3677","Mellette","1153","2021","June","SD"
"3678","Miner","1565","2021","June","SD"
"3679","Minnehaha","127293","2021","June","SD"
"3680","Moody","4180","2021","June","SD"
"3681","Oglala Lakota","8022","2021","June","SD"
"3682","Pennington","82352","2021","June","SD"
"3683","Perkins","2147","2021","June","SD"
"3684","Potter","1734","2021","June","SD"
"3685","Roberts","6434","2021","June","SD"
"3686","Sanborn","1572","2021","June","SD"
"3687","Spink","4205","2021","June","SD"
"3688","Stanley","2141","2021","June","SD"
"3689","Sully","1117","2021","June","SD"
"3690","Todd","4647","2021","June","SD"
"3691","Tripp","3682","2021","June","SD"
"3692","Turner","5813","2021","June","SD"
"3693","Union","12462","2021","June","SD"
"3694","Walworth","3851","2021","June","SD"
"3695","Yankton","14556","2021","June","SD"
"3696","Ziebach","1638","2021","June","SD"
"3697","Aurora","1825","2021","July","SD"
"3698","Beadle","10052","2021","July","SD"
"3699","Bennett","1858","2021","July","SD"
"3700","Bon Homme","3958","2021","July","SD"
"3701","Brookings","20008","2021","July","SD"
"3702","Brown","24069","2021","July","SD"
"3703","Brule","3282","2021","July","SD"
"3704","Buffalo","921","2021","July","SD"
"3705","Butte","6613","2021","July","SD"
"3706","Campbell","1135","2021","July","SD"
"3707","Charles Mix","5434","2021","July","SD"
"3708","Clark","2514","2021","July","SD"
"3709","Clay","8128","2021","July","SD"
"3710","Codington","17679","2021","July","SD"
"3711","Corson","2395","2021","July","SD"
"3712","Custer","7188","2021","July","SD"
"3713","Davison","11969","2021","July","SD"
"3714","Day","3917","2021","July","SD"
"3715","Deuel","3015","2021","July","SD"
"3716","Dewey","3451","2021","July","SD"
"3717","Douglas","2128","2021","July","SD"
"3718","Edmunds","2698","2021","July","SD"
"3719","Fall River","5605","2021","July","SD"
"3720","Faulk","1520","2021","July","SD"
"3721","Grant","4805","2021","July","SD"
"3722","Gregory","2897","2021","July","SD"
"3723","Haakon","1395","2021","July","SD"
"3724","Hamlin","3922","2021","July","SD"
"3725","Hand","2291","2021","July","SD"
"3726","Hanson","3450","2021","July","SD"
"3727","Harding","995","2021","July","SD"
"3728","Hughes","11863","2021","July","SD"
"3729","Hutchinson","4929","2021","July","SD"
"3730","Hyde","966","2021","July","SD"
"3731","Jackson","1861","2021","July","SD"
"3732","Jerauld","1241","2021","July","SD"
"3733","Jones","704","2021","July","SD"
"3734","Kingsbury","3628","2021","July","SD"
"3735","Lake","8592","2021","July","SD"
"3736","Lawrence","18632","2021","July","SD"
"3737","Lincoln","42130","2021","July","SD"
"3738","Lyman","2238","2021","July","SD"
"3739","Marshall","2832","2021","July","SD"
"3740","McCook","3784","2021","July","SD"
"3741","McPherson","1783","2021","July","SD"
"3742","Meade","18942","2021","July","SD"
"3743","Mellette","1155","2021","July","SD"
"3744","Miner","1562","2021","July","SD"
"3745","Minnehaha","127929","2021","July","SD"
"3746","Moody","4181","2021","July","SD"
"3747","Oglala Lakota","8030","2021","July","SD"
"3748","Pennington","82965","2021","July","SD"
"3749","Perkins","2150","2021","July","SD"
"3750","Potter","1731","2021","July","SD"
"3751","Roberts","6434","2021","July","SD"
"3752","Sanborn","1571","2021","July","SD"
"3753","Spink","4215","2021","July","SD"
"3754","Stanley","2144","2021","July","SD"
"3755","Sully","1120","2021","July","SD"
"3756","Todd","4642","2021","July","SD"
"3757","Tripp","3682","2021","July","SD"
"3758","Turner","5814","2021","July","SD"
"3759","Union","12464","2021","July","SD"
"3760","Walworth","3854","2021","July","SD"
"3761","Yankton","14567","2021","July","SD"
"3762","Ziebach","1637","2021","July","SD"
"3763","Aurora","1821","2021","August","SD"
"3764","Beadle","10068","2021","August","SD"
"3765","Bennett","1856","2021","August","SD"
"3766","Bon Homme","3946","2021","August","SD"
"3767","Brookings","20035","2021","August","SD"
"3768","Brown","24112","2021","August","SD"
"3769","Brule","3278","2021","August","SD"
"3770","Buffalo","923","2021","August","SD"
"3771","Butte","6606","2021","August","SD"
"3772","Campbell","1136","2021","August","SD"
"3773","Charles Mix","5425","2021","August","SD"
"3774","Clark","2527","2021","August","SD"
"3775","Clay","8161","2021","August","SD"
"3776","Codington","17639","2021","August","SD"
"3777","Corson","2394","2021","August","SD"
"3778","Custer","7186","2021","August","SD"
"3779","Davison","11994","2021","August","SD"
"3780","Day","3912","2021","August","SD"
"3781","Deuel","3030","2021","August","SD"
"3782","Dewey","3450","2021","August","SD"
"3783","Douglas","2124","2021","August","SD"
"3784","Edmunds","2701","2021","August","SD"
"3785","Fall River","5618","2021","August","SD"
"3786","Faulk","1519","2021","August","SD"
"3787","Grant","4804","2021","August","SD"
"3788","Gregory","2879","2021","August","SD"
"3789","Haakon","1398","2021","August","SD"
"3790","Hamlin","3928","2021","August","SD"
"3791","Hand","2288","2021","August","SD"
"3792","Hanson","3448","2021","August","SD"
"3793","Harding","996","2021","August","SD"
"3794","Hughes","11725","2021","August","SD"
"3795","Hutchinson","4931","2021","August","SD"
"3796","Hyde","969","2021","August","SD"
"3797","Jackson","1850","2021","August","SD"
"3798","Jerauld","1244","2021","August","SD"
"3799","Jones","702","2021","August","SD"
"3800","Kingsbury","3624","2021","August","SD"
"3801","Lake","8579","2021","August","SD"
"3802","Lawrence","18745","2021","August","SD"
"3803","Lincoln","42290","2021","August","SD"
"3804","Lyman","2238","2021","August","SD"
"3805","Marshall","2833","2021","August","SD"
"3806","McCook","3783","2021","August","SD"
"3807","McPherson","1783","2021","August","SD"
"3808","Meade","19021","2021","August","SD"
"3809","Mellette","1153","2021","August","SD"
"3810","Miner","1560","2021","August","SD"
"3811","Minnehaha","128336","2021","August","SD"
"3812","Moody","4165","2021","August","SD"
"3813","Oglala Lakota","8040","2021","August","SD"
"3814","Pennington","83445","2021","August","SD"
"3815","Perkins","2150","2021","August","SD"
"3816","Potter","1729","2021","August","SD"
"3817","Roberts","6439","2021","August","SD"
"3818","Sanborn","1571","2021","August","SD"
"3819","Spink","4221","2021","August","SD"
"3820","Stanley","2141","2021","August","SD"
"3821","Sully","1122","2021","August","SD"
"3822","Todd","4636","2021","August","SD"
"3823","Tripp","3651","2021","August","SD"
"3824","Turner","5821","2021","August","SD"
"3825","Union","12499","2021","August","SD"
"3826","Walworth","3821","2021","August","SD"
"3827","Yankton","14556","2021","August","SD"
"3828","Ziebach","1636","2021","August","SD"
"3829","Aurora","1818","2021","September","SD"
"3830","Beadle","10033","2021","September","SD"
"3831","Bennett","1856","2021","September","SD"
"3832","Bon Homme","3939","2021","September","SD"
"3833","Brookings","20073","2021","September","SD"
"3834","Brown","24149","2021","September","SD"
"3835","Brule","3286","2021","September","SD"
"3836","Buffalo","922","2021","September","SD"
"3837","Butte","6642","2021","September","SD"
"3838","Campbell","1142","2021","September","SD"
"3839","Charles Mix","5424","2021","September","SD"
"3840","Clark","2533","2021","September","SD"
"3841","Clay","8177","2021","September","SD"
"3842","Codington","17660","2021","September","SD"
"3843","Corson","2387","2021","September","SD"
"3844","Custer","7214","2021","September","SD"
"3845","Davison","11934","2021","September","SD"
"3846","Day","3925","2021","September","SD"
"3847","Deuel","3030","2021","September","SD"
"3848","Dewey","3442","2021","September","SD"
"3849","Douglas","2114","2021","September","SD"
"3850","Edmunds","2696","2021","September","SD"
"3851","Fall River","5645","2021","September","SD"
"3852","Faulk","1518","2021","September","SD"
"3853","Grant","4778","2021","September","SD"
"3854","Gregory","2875","2021","September","SD"
"3855","Haakon","1398","2021","September","SD"
"3856","Hamlin","3945","2021","September","SD"
"3857","Hand","2279","2021","September","SD"
"3858","Hanson","3461","2021","September","SD"
"3859","Harding","998","2021","September","SD"
"3860","Hughes","11445","2021","September","SD"
"3861","Hutchinson","4931","2021","September","SD"
"3862","Hyde","967","2021","September","SD"
"3863","Jackson","1847","2021","September","SD"
"3864","Jerauld","1246","2021","September","SD"
"3865","Jones","701","2021","September","SD"
"3866","Kingsbury","3625","2021","September","SD"
"3867","Lake","8596","2021","September","SD"
"3868","Lawrence","18761","2021","September","SD"
"3869","Lincoln","42275","2021","September","SD"
"3870","Lyman","2237","2021","September","SD"
"3871","Marshall","2836","2021","September","SD"
"3872","McCook","3787","2021","September","SD"
"3873","McPherson","1769","2021","September","SD"
"3874","Meade","18980","2021","September","SD"
"3875","Mellette","1150","2021","September","SD"
"3876","Miner","1562","2021","September","SD"
"3877","Minnehaha","128757","2021","September","SD"
"3878","Moody","4160","2021","September","SD"
"3879","Oglala Lakota","8033","2021","September","SD"
"3880","Pennington","83949","2021","September","SD"
"3881","Perkins","2139","2021","September","SD"
"3882","Potter","1728","2021","September","SD"
"3883","Roberts","6425","2021","September","SD"
"3884","Sanborn","1576","2021","September","SD"
"3885","Spink","4220","2021","September","SD"
"3886","Stanley","2138","2021","September","SD"
"3887","Sully","1130","2021","September","SD"
"3888","Todd","4612","2021","September","SD"
"3889","Tripp","3648","2021","September","SD"
"3890","Turner","5804","2021","September","SD"
"3891","Union","12354","2021","September","SD"
"3892","Walworth","3801","2021","September","SD"
"3893","Yankton","14490","2021","September","SD"
"3894","Ziebach","1633","2021","September","SD"
"3895","Aurora","1776","2021","December","SD"
"3896","Beadle","9775","2021","December","SD"
"3897","Bennett","1794","2021","December","SD"
"3898","Bon Homme","3837","2021","December","SD"
"3899","Brookings","19574","2021","December","SD"
"3900","Brown","24110","2021","December","SD"
"3901","Brule","3196","2021","December","SD"
"3902","Buffalo","920","2021","December","SD"
"3903","Butte","6384","2021","December","SD"
"3904","Campbell","1112","2021","December","SD"
"3905","Charles Mix","5332","2021","December","SD"
"3906","Clark","2479","2021","December","SD"
"3907","Clay","7990","2021","December","SD"
"3908","Codington","17242","2021","December","SD"
"3909","Corson","2296","2021","December","SD"
"3910","Custer","7096","2021","December","SD"
"3911","Davison","11668","2021","December","SD"
"3912","Day","3896","2021","December","SD"
"3913","Deuel","2956","2021","December","SD"
"3914","Dewey","3338","2021","December","SD"
"3915","Douglas","2100","2021","December","SD"
"3916","Edmunds","2618","2021","December","SD"
"3917","Fall River","5663","2021","December","SD"
"3918","Faulk","1498","2021","December","SD"
"3919","Grant","4693","2021","December","SD"
"3920","Gregory","2767","2021","December","SD"
"3921","Haakon","1363","2021","December","SD"
"3922","Hamlin","3943","2021","December","SD"
"3923","Hand","2233","2021","December","SD"
"3924","Hanson","3222","2021","December","SD"
"3925","Harding","964","2021","December","SD"
"3926","Hughes","11456","2021","December","SD"
"3927","Hutchinson","4749","2021","December","SD"
"3928","Hyde","941","2021","December","SD"
"3929","Jackson","1810","2021","December","SD"
"3930","Jerauld","1209","2021","December","SD"
"3931","Jones","684","2021","December","SD"
"3932","Kingsbury","3497","2021","December","SD"
"3933","Lake","7792","2021","December","SD"
"3934","Lawrence","18565","2021","December","SD"
"3935","Lincoln","41663","2021","December","SD"
"3936","Lyman","2186","2021","December","SD"
"3937","Marshall","2754","2021","December","SD"
"3938","McCook","3704","2021","December","SD"
"3939","McPherson","1697","2021","December","SD"
"3940","Meade","18961","2021","December","SD"
"3941","Mellette","1116","2021","December","SD"
"3942","Miner","1514","2021","December","SD"
"3943","Minnehaha","125243","2021","December","SD"
"3944","Moody","4070","2021","December","SD"
"3945","Oglala Lakota","7919","2021","December","SD"
"3946","Pennington","81969","2021","December","SD"
"3947","Perkins","2074","2021","December","SD"
"3948","Potter","1703","2021","December","SD"
"3949","Roberts","6371","2021","December","SD"
"3950","Sanborn","1544","2021","December","SD"
"3951","Spink","4094","2021","December","SD"
"3952","Stanley","2070","2021","December","SD"
"3953","Sully","1104","2021","December","SD"
"3954","Todd","4515","2021","December","SD"
"3955","Tripp","3537","2021","December","SD"
"3956","Turner","5695","2021","December","SD"
"3957","Union","11857","2021","December","SD"
"3958","Walworth","3514","2021","December","SD"
"3959","Yankton","14175","2021","December","SD"
"3960","Ziebach","1583","2021","December","SD"
"3961","Aurora","1777","2022","January","SD"
"3962","Beadle","9769","2022","January","SD"
"3963","Bennett","1798","2022","January","SD"
"3964","Bon Homme","3833","2022","January","SD"
"3965","Brookings","19622","2022","January","SD"
"3966","Brown","24140","2022","January","SD"
"3967","Brule","3191","2022","January","SD"
"3968","Buffalo","920","2022","January","SD"
"3969","Butte","6389","2022","January","SD"
"3970","Campbell","1110","2022","January","SD"
"3971","Charles Mix","5328","2022","January","SD"
"3972","Clark","2485","2022","January","SD"
"3973","Clay","7996","2022","January","SD"
"3974","Codington","17263","2022","January","SD"
"3975","Corson","2295","2022","January","SD"
"3976","Custer","7111","2022","January","SD"
"3977","Davison","11695","2022","January","SD"
"3978","Day","3904","2022","January","SD"
"3979","Deuel","2957","2022","January","SD"
"3980","Dewey","3335","2022","January","SD"
"3981","Douglas","2101","2022","January","SD"
"3982","Edmunds","2620","2022","January","SD"
"3983","Fall River","5660","2022","January","SD"
"3984","Faulk","1502","2022","January","SD"
"3985","Grant","4699","2022","January","SD"
"3986","Gregory","2768","2022","January","SD"
"3987","Haakon","1361","2022","January","SD"
"3988","Hamlin","3959","2022","January","SD"
"3989","Hand","2228","2022","January","SD"
"3990","Hanson","3223","2022","January","SD"
"3991","Harding","961","2022","January","SD"
"3992","Hughes","11466","2022","January","SD"
"3993","Hutchinson","4752","2022","January","SD"
"3994","Hyde","939","2022","January","SD"
"3995","Jackson","1810","2022","January","SD"
"3996","Jerauld","1204","2022","January","SD"
"3997","Jones","681","2022","January","SD"
"3998","Kingsbury","3507","2022","January","SD"
"3999","Lake","7792","2022","January","SD"
"4000","Lawrence","18646","2022","January","SD"
"4001","Lincoln","41801","2022","January","SD"
"4002","Lyman","2182","2022","January","SD"
"4003","Marshall","2753","2022","January","SD"
"4004","McCook","3702","2022","January","SD"
"4005","McPherson","1699","2022","January","SD"
"4006","Meade","19044","2022","January","SD"
"4007","Mellette","1116","2022","January","SD"
"4008","Miner","1515","2022","January","SD"
"4009","Minnehaha","125607","2022","January","SD"
"4010","Moody","4086","2022","January","SD"
"4011","Oglala Lakota","7911","2022","January","SD"
"4012","Pennington","82041","2022","January","SD"
"4013","Perkins","2075","2022","January","SD"
"4014","Potter","1703","2022","January","SD"
"4015","Roberts","6186","2022","January","SD"
"4016","Sanborn","1541","2022","January","SD"
"4017","Spink","4093","2022","January","SD"
"4018","Stanley","2065","2022","January","SD"
"4019","Sully","1106","2022","January","SD"
"4020","Todd","4500","2022","January","SD"
"4021","Tripp","3531","2022","January","SD"
"4022","Turner","5696","2022","January","SD"
"4023","Union","11869","2022","January","SD"
"4024","Walworth","3509","2022","January","SD"
"4025","Yankton","14187","2022","January","SD"
"4026","Ziebach","1584","2022","January","SD"
"4027","Aurora","1785","2022","February","SD"
"4028","Beadle","9764","2022","February","SD"
"4029","Bennett","1797","2022","February","SD"
"4030","Bon Homme","3835","2022","February","SD"
"4031","Brookings","19637","2022","February","SD"
"4032","Brown","24126","2022","February","SD"
"4033","Brule","3186","2022","February","SD"
"4034","Buffalo","920","2022","February","SD"
"4035","Butte","6397","2022","February","SD"
"4036","Campbell","1106","2022","February","SD"
"4037","Charles Mix","5325","2022","February","SD"
"4038","Clark","2491","2022","February","SD"
"4039","Clay","8002","2022","February","SD"
"4040","Codington","17276","2022","February","SD"
"4041","Corson","2295","2022","February","SD"
"4042","Custer","7145","2022","February","SD"
"4043","Davison","11712","2022","February","SD"
"4044","Day","3903","2022","February","SD"
"4045","Deuel","2962","2022","February","SD"
"4046","Dewey","3335","2022","February","SD"
"4047","Douglas","2094","2022","February","SD"
"4048","Edmunds","2618","2022","February","SD"
"4049","Fall River","5684","2022","February","SD"
"4050","Faulk","1504","2022","February","SD"
"4051","Grant","4699","2022","February","SD"
"4052","Gregory","2763","2022","February","SD"
"4053","Haakon","1361","2022","February","SD"
"4054","Hamlin","3978","2022","February","SD"
"4055","Hand","2228","2022","February","SD"
"4056","Hanson","3224","2022","February","SD"
"4057","Harding","960","2022","February","SD"
"4058","Hughes","11462","2022","February","SD"
"4059","Hutchinson","4760","2022","February","SD"
"4060","Hyde","941","2022","February","SD"
"4061","Jackson","1810","2022","February","SD"
"4062","Jerauld","1206","2022","February","SD"
"4063","Jones","676","2022","February","SD"
"4064","Kingsbury","3512","2022","February","SD"
"4065","Lake","7797","2022","February","SD"
"4066","Lawrence","18708","2022","February","SD"
"4067","Lincoln","41921","2022","February","SD"
"4068","Lyman","2179","2022","February","SD"
"4069","Marshall","2751","2022","February","SD"
"4070","McCook","3706","2022","February","SD"
"4071","McPherson","1703","2022","February","SD"
"4072","Meade","19087","2022","February","SD"
"4073","Mellette","1118","2022","February","SD"
"4074","Miner","1512","2022","February","SD"
"4075","Minnehaha","125907","2022","February","SD"
"4076","Moody","4078","2022","February","SD"
"4077","Oglala Lakota","7911","2022","February","SD"
"4078","Pennington","82267","2022","February","SD"
"4079","Perkins","2081","2022","February","SD"
"4080","Potter","1706","2022","February","SD"
"4081","Roberts","6176","2022","February","SD"
"4082","Sanborn","1551","2022","February","SD"
"4083","Spink","4098","2022","February","SD"
"4084","Stanley","2072","2022","February","SD"
"4085","Sully","1106","2022","February","SD"
"4086","Todd","4488","2022","February","SD"
"4087","Tripp","3522","2022","February","SD"
"4088","Turner","5701","2022","February","SD"
"4089","Union","11890","2022","February","SD"
"4090","Walworth","3514","2022","February","SD"
"4091","Yankton","14188","2022","February","SD"
"4092","Ziebach","1579","2022","February","SD"
"4093","Aurora","1784","2022","March","SD"
"4094","Beadle","9771","2022","March","SD"
"4095","Bennett","1797","2022","March","SD"
"4096","Bon Homme","3835","2022","March","SD"
"4097","Brookings","19668","2022","March","SD"
"4098","Brown","24136","2022","March","SD"
"4099","Brule","3188","2022","March","SD"
"4100","Buffalo","915","2022","March","SD"
"4101","Butte","6425","2022","March","SD"
"4102","Campbell","1106","2022","March","SD"
"4103","Charles Mix","5318","2022","March","SD"
"4104","Clark","2496","2022","March","SD"
"4105","Clay","8005","2022","March","SD"
"4106","Codington","17303","2022","March","SD"
"4107","Corson","2291","2022","March","SD"
"4108","Custer","7177","2022","March","SD"
"4109","Davison","11712","2022","March","SD"
"4110","Day","3896","2022","March","SD"
"4111","Deuel","2974","2022","March","SD"
"4112","Dewey","3327","2022","March","SD"
"4113","Douglas","2093","2022","March","SD"
"4114","Edmunds","2622","2022","March","SD"
"4115","Fall River","5707","2022","March","SD"
"4116","Faulk","1504","2022","March","SD"
"4117","Grant","4690","2022","March","SD"
"4118","Gregory","2756","2022","March","SD"
"4119","Haakon","1362","2022","March","SD"
"4120","Hamlin","3984","2022","March","SD"
"4121","Hand","2226","2022","March","SD"
"4122","Hanson","3228","2022","March","SD"
"4123","Harding","963","2022","March","SD"
"4124","Hughes","11481","2022","March","SD"
"4125","Hutchinson","4777","2022","March","SD"
"4126","Hyde","937","2022","March","SD"
"4127","Jackson","1806","2022","March","SD"
"4128","Jerauld","1205","2022","March","SD"
"4129","Jones","673","2022","March","SD"
"4130","Kingsbury","3519","2022","March","SD"
"4131","Lake","7811","2022","March","SD"
"4132","Lawrence","18761","2022","March","SD"
"4133","Lincoln","42037","2022","March","SD"
"4134","Lyman","2184","2022","March","SD"
"4135","Marshall","2748","2022","March","SD"
"4136","McCook","3711","2022","March","SD"
"4137","McPherson","1701","2022","March","SD"
"4138","Meade","19171","2022","March","SD"
"4139","Mellette","1116","2022","March","SD"
"4140","Miner","1509","2022","March","SD"
"4141","Minnehaha","126085","2022","March","SD"
"4142","Moody","4075","2022","March","SD"
"4143","Oglala Lakota","7905","2022","March","SD"
"4144","Pennington","82388","2022","March","SD"
"4145","Perkins","2077","2022","March","SD"
"4146","Potter","1696","2022","March","SD"
"4147","Roberts","6172","2022","March","SD"
"4148","Sanborn","1553","2022","March","SD"
"4149","Spink","4095","2022","March","SD"
"4150","Stanley","2074","2022","March","SD"
"4151","Sully","1105","2022","March","SD"
"4152","Todd","4487","2022","March","SD"
"4153","Tripp","3524","2022","March","SD"
"4154","Turner","5721","2022","March","SD"
"4155","Union","11905","2022","March","SD"
"4156","Walworth","3513","2022","March","SD"
"4157","Yankton","14208","2022","March","SD"
"4158","Ziebach","1581","2022","March","SD"
"4159","Aurora","1785","2022","April","SD"
"4160","Beadle","9799","2022","April","SD"
"4161","Bennett","1802","2022","April","SD"
"4162","Bon Homme","3846","2022","April","SD"
"4163","Brookings","19733","2022","April","SD"
"4164","Brown","24180","2022","April","SD"
"4165","Brule","3190","2022","April","SD"
"4166","Buffalo","918","2022","April","SD"
"4167","Butte","6451","2022","April","SD"
"4168","Campbell","1107","2022","April","SD"
"4169","Charles Mix","5326","2022","April","SD"
"4170","Clark","2494","2022","April","SD"
"4171","Clay","8024","2022","April","SD"
"4172","Codington","17338","2022","April","SD"
"4173","Corson","2284","2022","April","SD"
"4174","Custer","7202","2022","April","SD"
"4175","Davison","11733","2022","April","SD"
"4176","Day","3906","2022","April","SD"
"4177","Deuel","2974","2022","April","SD"
"4178","Dewey","3320","2022","April","SD"
"4179","Douglas","2091","2022","April","SD"
"4180","Edmunds","2626","2022","April","SD"
"4181","Fall River","5729","2022","April","SD"
"4182","Faulk","1502","2022","April","SD"
"4183","Grant","4687","2022","April","SD"
"4184","Gregory","2758","2022","April","SD"
"4185","Haakon","1362","2022","April","SD"
"4186","Hamlin","3988","2022","April","SD"
"4187","Hand","2225","2022","April","SD"
"4188","Hanson","3224","2022","April","SD"
"4189","Harding","966","2022","April","SD"
"4190","Hughes","11461","2022","April","SD"
"4191","Hutchinson","4784","2022","April","SD"
"4192","Hyde","936","2022","April","SD"
"4193","Jackson","1813","2022","April","SD"
"4194","Jerauld","1217","2022","April","SD"
"4195","Jones","672","2022","April","SD"
"4196","Kingsbury","3535","2022","April","SD"
"4197","Lake","7829","2022","April","SD"
"4198","Lawrence","18874","2022","April","SD"
"4199","Lincoln","42235","2022","April","SD"
"4200","Lyman","2196","2022","April","SD"
"4201","Marshall","2746","2022","April","SD"
"4202","McCook","3714","2022","April","SD"
"4203","McPherson","1706","2022","April","SD"
"4204","Meade","19198","2022","April","SD"
"4205","Mellette","1114","2022","April","SD"
"4206","Miner","1504","2022","April","SD"
"4207","Minnehaha","126475","2022","April","SD"
"4208","Moody","4075","2022","April","SD"
"4209","Oglala Lakota","7901","2022","April","SD"
"4210","Pennington","82663","2022","April","SD"
"4211","Perkins","2092","2022","April","SD"
"4212","Potter","1701","2022","April","SD"
"4213","Roberts","6167","2022","April","SD"
"4214","Sanborn","1552","2022","April","SD"
"4215","Spink","4108","2022","April","SD"
"4216","Stanley","2088","2022","April","SD"
"4217","Sully","1106","2022","April","SD"
"4218","Todd","4501","2022","April","SD"
"4219","Tripp","3543","2022","April","SD"
"4220","Turner","5729","2022","April","SD"
"4221","Union","11952","2022","April","SD"
"4222","Walworth","3518","2022","April","SD"
"4223","Yankton","14247","2022","April","SD"
"4224","Ziebach","1579","2022","April","SD"
"4225","Aurora","1789","2022","May","SD"
"4226","Beadle","9806","2022","May","SD"
"4227","Bennett","1804","2022","May","SD"
"4228","Bon Homme","3850","2022","May","SD"
"4229","Brookings","19769","2022","May","SD"
"4230","Brown","24217","2022","May","SD"
"4231","Brule","3203","2022","May","SD"
"4232","Buffalo","919","2022","May","SD"
"4233","Butte","6425","2022","May","SD"
"4234","Campbell","1112","2022","May","SD"
"4235","Charles Mix","5328","2022","May","SD"
"4236","Clark","2498","2022","May","SD"
"4237","Clay","8035","2022","May","SD"
"4238","Codington","17360","2022","May","SD"
"4239","Corson","2277","2022","May","SD"
"4240","Custer","7237","2022","May","SD"
"4241","Davison","11754","2022","May","SD"
"4242","Day","3907","2022","May","SD"
"4243","Deuel","2971","2022","May","SD"
"4244","Dewey","3290","2022","May","SD"
"4245","Douglas","2092","2022","May","SD"
"4246","Edmunds","2631","2022","May","SD"
"4247","Fall River","5749","2022","May","SD"
"4248","Faulk","1498","2022","May","SD"
"4249","Grant","4704","2022","May","SD"
"4250","Gregory","2760","2022","May","SD"
"4251","Haakon","1367","2022","May","SD"
"4252","Hamlin","3997","2022","May","SD"
"4253","Hand","2224","2022","May","SD"
"4254","Hanson","3218","2022","May","SD"
"4255","Harding","969","2022","May","SD"
"4256","Hughes","11456","2022","May","SD"
"4257","Hutchinson","4800","2022","May","SD"
"4258","Hyde","935","2022","May","SD"
"4259","Jackson","1817","2022","May","SD"
"4260","Jerauld","1215","2022","May","SD"
"4261","Jones","674","2022","May","SD"
"4262","Kingsbury","3562","2022","May","SD"
"4263","Lake","7849","2022","May","SD"
"4264","Lawrence","18969","2022","May","SD"
"4265","Lincoln","42435","2022","May","SD"
"4266","Lyman","2185","2022","May","SD"
"4267","Marshall","2747","2022","May","SD"
"4268","McCook","3723","2022","May","SD"
"4269","McPherson","1712","2022","May","SD"
"4270","Meade","19289","2022","May","SD"
"4271","Mellette","1112","2022","May","SD"
"4272","Miner","1503","2022","May","SD"
"4273","Minnehaha","126872","2022","May","SD"
"4274","Moody","4079","2022","May","SD"
"4275","Oglala Lakota","7908","2022","May","SD"
"4276","Pennington","82953","2022","May","SD"
"4277","Perkins","2086","2022","May","SD"
"4278","Potter","1705","2022","May","SD"
"4279","Roberts","6174","2022","May","SD"
"4280","Sanborn","1554","2022","May","SD"
"4281","Spink","4106","2022","May","SD"
"4282","Stanley","2092","2022","May","SD"
"4283","Sully","1108","2022","May","SD"
"4284","Todd","4503","2022","May","SD"
"4285","Tripp","3542","2022","May","SD"
"4286","Turner","5727","2022","May","SD"
"4287","Union","11971","2022","May","SD"
"4288","Walworth","3521","2022","May","SD"
"4289","Yankton","14292","2022","May","SD"
"4290","Ziebach","1579","2022","May","SD"
"4291","Aurora","1796","2022","June","SD"
"4292","Beadle","9833","2022","June","SD"
"4293","Bennett","1801","2022","June","SD"
"4294","Bon Homme","3857","2022","June","SD"
"4295","Brookings","19779","2022","June","SD"
"4296","Brown","24264","2022","June","SD"
"4297","Brule","3228","2022","June","SD"
"4298","Buffalo","924","2022","June","SD"
"4299","Butte","6418","2022","June","SD"
"4300","Campbell","1105","2022","June","SD"
"4301","Charles Mix","5349","2022","June","SD"
"4302","Clark","2516","2022","June","SD"
"4303","Clay","8073","2022","June","SD"
"4304","Codington","17373","2022","June","SD"
"4305","Corson","2281","2022","June","SD"
"4306","Custer","7273","2022","June","SD"
"4307","Davison","11782","2022","June","SD"
"4308","Day","3902","2022","June","SD"
"4309","Deuel","2970","2022","June","SD"
"4310","Dewey","3279","2022","June","SD"
"4311","Douglas","2099","2022","June","SD"
"4312","Edmunds","2648","2022","June","SD"
"4313","Fall River","5800","2022","June","SD"
"4314","Faulk","1517","2022","June","SD"
"4315","Grant","4719","2022","June","SD"
"4316","Gregory","2768","2022","June","SD"
"4317","Haakon","1378","2022","June","SD"
"4318","Hamlin","4015","2022","June","SD"
"4319","Hand","2238","2022","June","SD"
"4320","Hanson","3202","2022","June","SD"
"4321","Harding","966","2022","June","SD"
"4322","Hughes","11535","2022","June","SD"
"4323","Hutchinson","4823","2022","June","SD"
"4324","Hyde","947","2022","June","SD"
"4325","Jackson","1824","2022","June","SD"
"4326","Jerauld","1215","2022","June","SD"
"4327","Jones","663","2022","June","SD"
"4328","Kingsbury","3573","2022","June","SD"
"4329","Lake","7873","2022","June","SD"
"4330","Lawrence","19077","2022","June","SD"
"4331","Lincoln","42589","2022","June","SD"
"4332","Lyman","2203","2022","June","SD"
"4333","Marshall","2770","2022","June","SD"
"4334","McCook","3772","2022","June","SD"
"4335","McPherson","1725","2022","June","SD"
"4336","Meade","19412","2022","June","SD"
"4337","Mellette","1117","2022","June","SD"
"4338","Miner","1523","2022","June","SD"
"4339","Minnehaha","127168","2022","June","SD"
"4340","Moody","4086","2022","June","SD"
"4341","Oglala Lakota","7877","2022","June","SD"
"4342","Pennington","83369","2022","June","SD"
"4343","Perkins","2096","2022","June","SD"
"4344","Potter","1710","2022","June","SD"
"4345","Roberts","6175","2022","June","SD"
"4346","Sanborn","1556","2022","June","SD"
"4347","Spink","4128","2022","June","SD"
"4348","Stanley","2105","2022","June","SD"
"4349","Sully","1106","2022","June","SD"
"4350","Todd","4513","2022","June","SD"
"4351","Tripp","3545","2022","June","SD"
"4352","Turner","5750","2022","June","SD"
"4353","Union","11991","2022","June","SD"
"4354","Walworth","3520","2022","June","SD"
"4355","Yankton","14359","2022","June","SD"
"4356","Ziebach","1583","2022","June","SD"
"4357","Aurora","1793","2022","July","SD"
"4358","Beadle","9862","2022","July","SD"
"4359","Bennett","1809","2022","July","SD"
"4360","Bon Homme","3865","2022","July","SD"
"4361","Brookings","19851","2022","July","SD"
"4362","Brown","24315","2022","July","SD"
"4363","Brule","3230","2022","July","SD"
"4364","Buffalo","923","2022","July","SD"
"4365","Butte","6457","2022","July","SD"
"4366","Campbell","1113","2022","July","SD"
"4367","Charles Mix","5359","2022","July","SD"
"4368","Clark","2526","2022","July","SD"
"4369","Clay","8105","2022","July","SD"
"4370","Codington","17417","2022","July","SD"
"4371","Corson","2282","2022","July","SD"
"4372","Custer","7338","2022","July","SD"
"4373","Davison","11808","2022","July","SD"
"4374","Day","3914","2022","July","SD"
"4375","Deuel","2979","2022","July","SD"
"4376","Dewey","3290","2022","July","SD"
"4377","Douglas","2097","2022","July","SD"
"4378","Edmunds","2654","2022","July","SD"
"4379","Fall River","5835","2022","July","SD"
"4380","Faulk","1519","2022","July","SD"
"4381","Grant","4724","2022","July","SD"
"4382","Gregory","2773","2022","July","SD"
"4383","Haakon","1375","2022","July","SD"
"4384","Hamlin","4035","2022","July","SD"
"4385","Hand","2244","2022","July","SD"
"4386","Hanson","3219","2022","July","SD"
"4387","Harding","971","2022","July","SD"
"4388","Hughes","11550","2022","July","SD"
"4389","Hutchinson","4844","2022","July","SD"
"4390","Hyde","945","2022","July","SD"
"4391","Jackson","1822","2022","July","SD"
"4392","Jerauld","1217","2022","July","SD"
"4393","Jones","665","2022","July","SD"
"4394","Kingsbury","3577","2022","July","SD"
"4395","Lake","7862","2022","July","SD"
"4396","Lawrence","19280","2022","July","SD"
"4397","Lincoln","42852","2022","July","SD"
"4398","Lyman","2206","2022","July","SD"
"4399","Marshall","2777","2022","July","SD"
"4400","McCook","3785","2022","July","SD"
"4401","McPherson","1728","2022","July","SD"
"4402","Meade","19563","2022","July","SD"
"4403","Mellette","1122","2022","July","SD"
"4404","Miner","1525","2022","July","SD"
"4405","Minnehaha","127722","2022","July","SD"
"4406","Moody","4104","2022","July","SD"
"4407","Oglala Lakota","7900","2022","July","SD"
"4408","Pennington","83967","2022","July","SD"
"4409","Perkins","2097","2022","July","SD"
"4410","Potter","1710","2022","July","SD"
"4411","Roberts","6186","2022","July","SD"
"4412","Sanborn","1554","2022","July","SD"
"4413","Spink","4129","2022","July","SD"
"4414","Stanley","2100","2022","July","SD"
"4415","Sully","1113","2022","July","SD"
"4416","Todd","4509","2022","July","SD"
"4417","Tripp","3552","2022","July","SD"
"4418","Turner","5762","2022","July","SD"
"4419","Union","12051","2022","July","SD"
"4420","Walworth","3515","2022","July","SD"
"4421","Yankton","14411","2022","July","SD"
"4422","Ziebach","1589","2022","July","SD"
"4423","Aurora","1795","2022","August","SD"
"4424","Beadle","9871","2022","August","SD"
"4425","Bennett","1815","2022","August","SD"
"4426","Bon Homme","3862","2022","August","SD"
"4427","Brookings","19900","2022","August","SD"
"4428","Brown","24362","2022","August","SD"
"4429","Brule","3233","2022","August","SD"
"4430","Buffalo","922","2022","August","SD"
"4431","Butte","6490","2022","August","SD"
"4432","Campbell","1115","2022","August","SD"
"4433","Charles Mix","5350","2022","August","SD"
"4434","Clark","2525","2022","August","SD"
"4435","Clay","8136","2022","August","SD"
"4436","Codington","17456","2022","August","SD"
"4437","Corson","2283","2022","August","SD"
"4438","Custer","7392","2022","August","SD"
"4439","Davison","11833","2022","August","SD"
"4440","Day","3926","2022","August","SD"
"4441","Deuel","2987","2022","August","SD"
"4442","Dewey","3297","2022","August","SD"
"4443","Douglas","2102","2022","August","SD"
"4444","Edmunds","2654","2022","August","SD"
"4445","Fall River","5851","2022","August","SD"
"4446","Faulk","1517","2022","August","SD"
"4447","Grant","4746","2022","August","SD"
"4448","Gregory","2778","2022","August","SD"
"4449","Haakon","1383","2022","August","SD"
"4450","Hamlin","4045","2022","August","SD"
"4451","Hand","2243","2022","August","SD"
"4452","Hanson","3228","2022","August","SD"
"4453","Harding","972","2022","August","SD"
"4454","Hughes","11557","2022","August","SD"
"4455","Hutchinson","4854","2022","August","SD"
"4456","Hyde","942","2022","August","SD"
"4457","Jackson","1822","2022","August","SD"
"4458","Jerauld","1223","2022","August","SD"
"4459","Jones","664","2022","August","SD"
"4460","Kingsbury","3592","2022","August","SD"
"4461","Lake","7844","2022","August","SD"
"4462","Lawrence","19440","2022","August","SD"
"4463","Lincoln","43075","2022","August","SD"
"4464","Lyman","2209","2022","August","SD"
"4465","Marshall","2775","2022","August","SD"
"4466","McCook","3794","2022","August","SD"
"4467","McPherson","1722","2022","August","SD"
"4468","Meade","19610","2022","August","SD"
"4469","Mellette","1122","2022","August","SD"
"4470","Miner","1527","2022","August","SD"
"4471","Minnehaha","128355","2022","August","SD"
"4472","Moody","4106","2022","August","SD"
"4473","Oglala Lakota","7900","2022","August","SD"
"4474","Pennington","84429","2022","August","SD"
"4475","Perkins","2096","2022","August","SD"
"4476","Potter","1706","2022","August","SD"
"4477","Roberts","6189","2022","August","SD"
"4478","Sanborn","1554","2022","August","SD"
"4479","Spink","4129","2022","August","SD"
"4480","Stanley","2110","2022","August","SD"
"4481","Sully","1116","2022","August","SD"
"4482","Todd","4531","2022","August","SD"
"4483","Tripp","3546","2022","August","SD"
"4484","Turner","5769","2022","August","SD"
"4485","Union","12098","2022","August","SD"
"4486","Walworth","3514","2022","August","SD"
"4487","Yankton","14456","2022","August","SD"
"4488","Ziebach","1592","2022","August","SD"
"4489","Aurora","1795","2022","September","SD"
"4490","Beadle","9891","2022","September","SD"
"4491","Bennett","1817","2022","September","SD"
"4492","Bon Homme","3853","2022","September","SD"
"4493","Brookings","19958","2022","September","SD"
"4494","Brown","24412","2022","September","SD"
"4495","Brule","3258","2022","September","SD"
"4496","Buffalo","922","2022","September","SD"
"4497","Butte","6503","2022","September","SD"
"4498","Campbell","1117","2022","September","SD"
"4499","Charles Mix","5355","2022","September","SD"
"4500","Clark","2531","2022","September","SD"
"4501","Clay","8221","2022","September","SD"
"4502","Codington","17519","2022","September","SD"
"4503","Corson","2285","2022","September","SD"
"4504","Custer","7407","2022","September","SD"
"4505","Davison","11873","2022","September","SD"
"4506","Day","3921","2022","September","SD"
"4507","Deuel","2997","2022","September","SD"
"4508","Dewey","3306","2022","September","SD"
"4509","Douglas","2099","2022","September","SD"
"4510","Edmunds","2659","2022","September","SD"
"4511","Fall River","5877","2022","September","SD"
"4512","Faulk","1523","2022","September","SD"
"4513","Grant","4753","2022","September","SD"
"4514","Gregory","2783","2022","September","SD"
"4515","Haakon","1380","2022","September","SD"
"4516","Hamlin","4059","2022","September","SD"
"4517","Hand","2245","2022","September","SD"
"4518","Hanson","3237","2022","September","SD"
"4519","Harding","972","2022","September","SD"
"4520","Hughes","11577","2022","September","SD"
"4521","Hutchinson","4858","2022","September","SD"
"4522","Hyde","940","2022","September","SD"
"4523","Jackson","1828","2022","September","SD"
"4524","Jerauld","1222","2022","September","SD"
"4525","Jones","667","2022","September","SD"
"4526","Kingsbury","3600","2022","September","SD"
"4527","Lake","7845","2022","September","SD"
"4528","Lawrence","19609","2022","September","SD"
"4529","Lincoln","43372","2022","September","SD"
"4530","Lyman","2211","2022","September","SD"
"4531","Marshall","2779","2022","September","SD"
"4532","McCook","3804","2022","September","SD"
"4533","McPherson","1724","2022","September","SD"
"4534","Meade","19648","2022","September","SD"
"4535","Mellette","1120","2022","September","SD"
"4536","Miner","1543","2022","September","SD"
"4537","Minnehaha","129052","2022","September","SD"
"4538","Moody","4102","2022","September","SD"
"4539","Oglala Lakota","7905","2022","September","SD"
"4540","Pennington","84919","2022","September","SD"
"4541","Perkins","2100","2022","September","SD"
"4542","Potter","1700","2022","September","SD"
"4543","Roberts","6160","2022","September","SD"
"4544","Sanborn","1559","2022","September","SD"
"4545","Spink","4130","2022","September","SD"
"4546","Stanley","2124","2022","September","SD"
"4547","Sully","1118","2022","September","SD"
"4548","Todd","4529","2022","September","SD"
"4549","Tripp","3554","2022","September","SD"
"4550","Turner","5786","2022","September","SD"
"4551","Union","12164","2022","September","SD"
"4552","Walworth","3502","2022","September","SD"
"4553","Yankton","14489","2022","September","SD"
"4554","Ziebach","1595","2022","September","SD"
"4555","Aurora","1793","2022","October","SD"
"4556","Beadle","9919","2022","October","SD"
"4557","Bennett","1815","2022","October","SD"
"4558","Bon Homme","3849","2022","October","SD"
"4559","Brookings","20099","2022","October","SD"
"4560","Brown","24485","2022","October","SD"
"4561","Brule","3261","2022","October","SD"
"4562","Buffalo","918","2022","October","SD"
"4563","Butte","6554","2022","October","SD"
"4564","Campbell","1119","2022","October","SD"
"4565","Charles Mix","5351","2022","October","SD"
"4566","Clark","2539","2022","October","SD"
"4567","Clay","8276","2022","October","SD"
"4568","Codington","17606","2022","October","SD"
"4569","Corson","2296","2022","October","SD"
"4570","Custer","7454","2022","October","SD"
"4571","Davison","11981","2022","October","SD"
"4572","Day","3928","2022","October","SD"
"4573","Deuel","3004","2022","October","SD"
"4574","Dewey","3315","2022","October","SD"
"4575","Douglas","2105","2022","October","SD"
"4576","Edmunds","2669","2022","October","SD"
"4577","Fall River","5918","2022","October","SD"
"4578","Faulk","1527","2022","October","SD"
"4579","Grant","4757","2022","October","SD"
"4580","Gregory","2804","2022","October","SD"
"4581","Haakon","1390","2022","October","SD"
"4582","Hamlin","4066","2022","October","SD"
"4583","Hand","2252","2022","October","SD"
"4584","Hanson","3256","2022","October","SD"
"4585","Harding","972","2022","October","SD"
"4586","Hughes","11591","2022","October","SD"
"4587","Hutchinson","4865","2022","October","SD"
"4588","Hyde","938","2022","October","SD"
"4589","Jackson","1829","2022","October","SD"
"4590","Jerauld","1226","2022","October","SD"
"4591","Jones","665","2022","October","SD"
"4592","Kingsbury","3605","2022","October","SD"
"4593","Lake","7922","2022","October","SD"
"4594","Lawrence","19795","2022","October","SD"
"4595","Lincoln","43781","2022","October","SD"
"4596","Lyman","2212","2022","October","SD"
"4597","Marshall","2775","2022","October","SD"
"4598","McCook","3805","2022","October","SD"
"4599","McPherson","1731","2022","October","SD"
"4600","Meade","19840","2022","October","SD"
"4601","Mellette","1112","2022","October","SD"
"4602","Miner","1541","2022","October","SD"
"4603","Minnehaha","129831","2022","October","SD"
"4604","Moody","4111","2022","October","SD"
"4605","Oglala Lakota","7916","2022","October","SD"
"4606","Pennington","85544","2022","October","SD"
"4607","Perkins","2101","2022","October","SD"
"4608","Potter","1708","2022","October","SD"
"4609","Roberts","6158","2022","October","SD"
"4610","Sanborn","1559","2022","October","SD"
"4611","Spink","4138","2022","October","SD"
"4612","Stanley","2130","2022","October","SD"
"4613","Sully","1119","2022","October","SD"
"4614","Todd","4529","2022","October","SD"
"4615","Tripp","3559","2022","October","SD"
"4616","Turner","5811","2022","October","SD"
"4617","Union","12202","2022","October","SD"
"4618","Walworth","3509","2022","October","SD"
"4619","Yankton","14517","2022","October","SD"
"4620","Ziebach","1589","2022","October","SD"
"4621","Aurora","1801","2022","November","SD"
"4622","Beadle","9975","2022","November","SD"
"4623","Bennett","1824","2022","November","SD"
"4624","Bon Homme","3881","2022","November","SD"
"4625","Brookings","20291","2022","November","SD"
"4626","Brown","24625","2022","November","SD"
"4627","Brule","3281","2022","November","SD"
"4628","Buffalo","923","2022","November","SD"
"4629","Butte","6604","2022","November","SD"
"4630","Campbell","1128","2022","November","SD"
"4631","Charles Mix","5393","2022","November","SD"
"4632","Clark","2542","2022","November","SD"
"4633","Clay","8426","2022","November","SD"
"4634","Codington","17737","2022","November","SD"
"4635","Corson","2291","2022","November","SD"
"4636","Custer","7514","2022","November","SD"
"4637","Davison","12061","2022","November","SD"
"4638","Day","3946","2022","November","SD"
"4639","Deuel","3023","2022","November","SD"
"4640","Dewey","3330","2022","November","SD"
"4641","Douglas","2131","2022","November","SD"
"4642","Edmunds","2681","2022","November","SD"
"4643","Fall River","5967","2022","November","SD"
"4644","Faulk","1542","2022","November","SD"
"4645","Grant","4777","2022","November","SD"
"4646","Gregory","2837","2022","November","SD"
"4647","Haakon","1392","2022","November","SD"
"4648","Hamlin","4086","2022","November","SD"
"4649","Hand","2268","2022","November","SD"
"4650","Hanson","3263","2022","November","SD"
"4651","Harding","986","2022","November","SD"
"4652","Hughes","11635","2022","November","SD"
"4653","Hutchinson","4874","2022","November","SD"
"4654","Hyde","946","2022","November","SD"
"4655","Jackson","1835","2022","November","SD"
"4656","Jerauld","1241","2022","November","SD"
"4657","Jones","664","2022","November","SD"
"4658","Kingsbury","3632","2022","November","SD"
"4659","Lake","7969","2022","November","SD"
"4660","Lawrence","19993","2022","November","SD"
"4661","Lincoln","44231","2022","November","SD"
"4662","Lyman","2222","2022","November","SD"
"4663","Marshall","2805","2022","November","SD"
"4664","McCook","3839","2022","November","SD"
"4665","McPherson","1740","2022","November","SD"
"4666","Meade","19952","2022","November","SD"
"4667","Mellette","1123","2022","November","SD"
"4668","Miner","1583","2022","November","SD"
"4669","Minnehaha","130849","2022","November","SD"
"4670","Moody","4164","2022","November","SD"
"4671","Oglala Lakota","7977","2022","November","SD"
"4672","Pennington","86298","2022","November","SD"
"4673","Perkins","2117","2022","November","SD"
"4674","Potter","1706","2022","November","SD"
"4675","Roberts","6179","2022","November","SD"
"4676","Sanborn","1575","2022","November","SD"
"4677","Spink","4155","2022","November","SD"
"4678","Stanley","2155","2022","November","SD"
"4679","Sully","1128","2022","November","SD"
"4680","Todd","4569","2022","November","SD"
"4681","Tripp","3575","2022","November","SD"
"4682","Turner","5853","2022","November","SD"
"4683","Union","12247","2022","November","SD"
"4684","Walworth","3563","2022","November","SD"
"4685","Yankton","14622","2022","November","SD"
"4686","Ziebach","1606","2022","November","SD"
"4687","Aurora","1807","2022","December","SD"
"4688","Beadle","10024","2022","December","SD"
"4689","Bennett","1855","2022","December","SD"
"4690","Bon Homme","3886","2022","December","SD"
"4691","Brookings","20413","2022","December","SD"
"4692","Brown","24682","2022","December","SD"
"4693","Brule","3283","2022","December","SD"
"4694","Buffalo","921","2022","December","SD"
"4695","Butte","6651","2022","December","SD"
"4696","Campbell","1130","2022","December","SD"
"4697","Charles Mix","5408","2022","December","SD"
"4698","Clark","2555","2022","December","SD"
"4699","Clay","8477","2022","December","SD"
"4700","Codington","17815","2022","December","SD"
"4701","Corson","2319","2022","December","SD"
"4702","Custer","7572","2022","December","SD"
"4703","Davison","12133","2022","December","SD"
"4704","Day","3955","2022","December","SD"
"4705","Deuel","3027","2022","December","SD"
"4706","Dewey","3350","2022","December","SD"
"4707","Douglas","2134","2022","December","SD"
"4708","Edmunds","2685","2022","December","SD"
"4709","Fall River","5969","2022","December","SD"
"4710","Faulk","1545","2022","December","SD"
"4711","Grant","4774","2022","December","SD"
"4712","Gregory","2850","2022","December","SD"
"4713","Haakon","1394","2022","December","SD"
"4714","Hamlin","4095","2022","December","SD"
"4715","Hand","2268","2022","December","SD"
"4716","Hanson","3275","2022","December","SD"
"4717","Harding","991","2022","December","SD"
"4718","Hughes","11693","2022","December","SD"
"4719","Hutchinson","4895","2022","December","SD"
"4720","Hyde","950","2022","December","SD"
"4721","Jackson","1842","2022","December","SD"
"4722","Jerauld","1247","2022","December","SD"
"4723","Jones","664","2022","December","SD"
"4724","Kingsbury","3628","2022","December","SD"
"4725","Lake","7956","2022","December","SD"
"4726","Lawrence","20145","2022","December","SD"
"4727","Lincoln","44565","2022","December","SD"
"4728","Lyman","2222","2022","December","SD"
"4729","Marshall","2809","2022","December","SD"
"4730","McCook","3860","2022","December","SD"
"4731","McPherson","1745","2022","December","SD"
"4732","Meade","20072","2022","December","SD"
"4733","Mellette","1133","2022","December","SD"
"4734","Miner","1583","2022","December","SD"
"4735","Minnehaha","131540","2022","December","SD"
"4736","Moody","4177","2022","December","SD"
"4737","Oglala Lakota","7958","2022","December","SD"
"4738","Pennington","86712","2022","December","SD"
"4739","Perkins","2110","2022","December","SD"
"4740","Potter","1709","2022","December","SD"
"4741","Roberts","6221","2022","December","SD"
"4742","Sanborn","1576","2022","December","SD"
"4743","Spink","4166","2022","December","SD"
"4744","Stanley","2151","2022","December","SD"
"4745","Sully","1134","2022","December","SD"
"4746","Todd","4567","2022","December","SD"
"4747","Tripp","3568","2022","December","SD"
"4748","Turner","5882","2022","December","SD"
"4749","Union","12336","2022","December","SD"
"4750","Walworth","3569","2022","December","SD"
"4751","Yankton","14634","2022","December","SD"
"4752","Ziebach","1611","2022","December","SD"
"4753","Aurora","1820","2023","October","SD"
"4754","Beadle","10166","2023","October","SD"
"4755","Bennett","1877","2023","October","SD"
"4756","Bon Homme","3885","2023","October","SD"
"4757","Brookings","20678","2023","October","SD"
"4758","Brown","24747","2023","October","SD"
"4759","Brule","3286","2023","October","SD"
"4760","Buffalo","910","2023","October","SD"
"4761","Butte","6884","2023","October","SD"
"4762","Campbell","1121","2023","October","SD"
"4763","Charles Mix","5441","2023","October","SD"
"4764","Clark","2563","2023","October","SD"
"4765","Clay","8715","2023","October","SD"
"4766","Codington","17797","2023","October","SD"
"4767","Corson","2321","2023","October","SD"
"4768","Custer","7798","2023","October","SD"
"4769","Davison","12469","2023","October","SD"
"4770","Day","3947","2023","October","SD"
"4771","Deuel","3033","2023","October","SD"
"4772","Dewey","3344","2023","October","SD"
"4773","Douglas","2144","2023","October","SD"
"4774","Edmunds","2676","2023","October","SD"
"4775","Fall River","6139","2023","October","SD"
"4776","Faulk","1531","2023","October","SD"
"4777","Grant","4804","2023","October","SD"
"4778","Gregory","2861","2023","October","SD"
"4779","Haakon","1390","2023","October","SD"
"4780","Hamlin","4193","2023","October","SD"
"4781","Hand","2251","2023","October","SD"
"4782","Hanson","3345","2023","October","SD"
"4783","Harding","1008","2023","October","SD"
"4784","Hughes","11760","2023","October","SD"
"4785","Hutchinson","4996","2023","October","SD"
"4786","Hyde","916","2023","October","SD"
"4787","Jackson","1859","2023","October","SD"
"4788","Jerauld","1228","2023","October","SD"
"4789","Jones","671","2023","October","SD"
"4790","Kingsbury","3675","2023","October","SD"
"4791","Lake","8017","2023","October","SD"
"4792","Lawrence","20989","2023","October","SD"
"4793","Lincoln","46234","2023","October","SD"
"4794","Lyman","2233","2023","October","SD"
"4795","Marshall","2827","2023","October","SD"
"4796","McCook","3898","2023","October","SD"
"4797","McPherson","1739","2023","October","SD"
"4798","Meade","20448","2023","October","SD"
"4799","Mellette","1146","2023","October","SD"
"4800","Miner","1607","2023","October","SD"
"4801","Minnehaha","133581","2023","October","SD"
"4802","Moody","4220","2023","October","SD"
"4803","Oglala Lakota","8032","2023","October","SD"
"4804","Pennington","88995","2023","October","SD"
"4805","Perkins","2152","2023","October","SD"
"4806","Potter","1720","2023","October","SD"
"4807","Roberts","6250","2023","October","SD"
"4808","Sanborn","1612","2023","October","SD"
"4809","Spink","4173","2023","October","SD"
"4810","Stanley","2181","2023","October","SD"
"4811","Sully","1147","2023","October","SD"
"4812","Todd","4662","2023","October","SD"
"4813","Tripp","3571","2023","October","SD"
"4814","Turner","5918","2023","October","SD"
"4815","Union","12445","2023","October","SD"
"4816","Walworth","3668","2023","October","SD"
"4817","Yankton","14618","2023","October","SD"
"4818","Ziebach","1618","2023","October","SD"
"4819","Aurora","1802","2023","November","SD"
"4820","Beadle","10042","2023","November","SD"
"4821","Bennett","1874","2023","November","SD"
"4822","Bon Homme","3835","2023","November","SD"
"4823","Brookings","20291","2023","November","SD"
"4824","Brown","24844","2023","November","SD"
"4825","Brule","3225","2023","November","SD"
"4826","Buffalo","910","2023","November","SD"
"4827","Butte","6673","2023","November","SD"
"4828","Campbell","1115","2023","November","SD"
"4829","Charles Mix","5431","2023","November","SD"
"4830","Clark","2534","2023","November","SD"
"4831","Clay","7956","2023","November","SD"
"4832","Codington","17581","2023","November","SD"
"4833","Corson","2224","2023","November","SD"
"4834","Custer","7669","2023","November","SD"
"4835","Davison","12292","2023","November","SD"
"4836","Day","3835","2023","November","SD"
"4837","Deuel","3029","2023","November","SD"
"4838","Dewey","3245","2023","November","SD"
"4839","Douglas","2145","2023","November","SD"
"4840","Edmunds","2634","2023","November","SD"
"4841","Fall River","6135","2023","November","SD"
"4842","Faulk","1508","2023","November","SD"
"4843","Grant","4762","2023","November","SD"
"4844","Gregory","2813","2023","November","SD"
"4845","Haakon","1380","2023","November","SD"
"4846","Hamlin","4197","2023","November","SD"
"4847","Hand","2253","2023","November","SD"
"4848","Hanson","3208","2023","November","SD"
"4849","Harding","994","2023","November","SD"
"4850","Hughes","11750","2023","November","SD"
"4851","Hutchinson","4867","2023","November","SD"
"4852","Hyde","908","2023","November","SD"
"4853","Jackson","1863","2023","November","SD"
"4854","Jerauld","1194","2023","November","SD"
"4855","Jones","658","2023","November","SD"
"4856","Kingsbury","3644","2023","November","SD"
"4857","Lake","7961","2023","November","SD"
"4858","Lawrence","20477","2023","November","SD"
"4859","Lincoln","45507","2023","November","SD"
"4860","Lyman","2167","2023","November","SD"
"4861","Marshall","2770","2023","November","SD"
"4862","McCook","3824","2023","November","SD"
"4863","McPherson","1696","2023","November","SD"
"4864","Meade","20239","2023","November","SD"
"4865","Mellette","1117","2023","November","SD"
"4866","Miner","1587","2023","November","SD"
"4867","Minnehaha","132850","2023","November","SD"
"4868","Moody","4233","2023","November","SD"
"4869","Oglala Lakota","7891","2023","November","SD"
"4870","Pennington","88468","2023","November","SD"
"4871","Perkins","2163","2023","November","SD"
"4872","Potter","1675","2023","November","SD"
"4873","Roberts","6158","2023","November","SD"
"4874","Sanborn","1608","2023","November","SD"
"4875","Spink","4175","2023","November","SD"
"4876","Stanley","2179","2023","November","SD"
"4877","Sully","1127","2023","November","SD"
"4878","Todd","4501","2023","November","SD"
"4879","Tripp","3485","2023","November","SD"
"4880","Turner","5821","2023","November","SD"
"4881","Union","12076","2023","November","SD"
"4882","Walworth","3665","2023","November","SD"
"4883","Yankton","14304","2023","November","SD"
"4884","Ziebach","1581","2023","November","SD"
"4885","Aurora","1808","2023","December","SD"
"4886","Beadle","9908","2023","December","SD"
"4887","Bennett","1873","2023","December","SD"
"4888","Bon Homme","3840","2023","December","SD"
"4889","Brookings","20277","2023","December","SD"
"4890","Brown","24881","2023","December","SD"
"4891","Brule","3228","2023","December","SD"
"4892","Buffalo","910","2023","December","SD"
"4893","Butte","6679","2023","December","SD"
"4894","Campbell","1120","2023","December","SD"
"4895","Charles Mix","5253","2023","December","SD"
"4896","Clark","2534","2023","December","SD"
"4897","Clay","7978","2023","December","SD"
"4898","Codington","17628","2023","December","SD"
"4899","Corson","2229","2023","December","SD"
"4900","Custer","7690","2023","December","SD"
"4901","Davison","12329","2023","December","SD"
"4902","Day","3838","2023","December","SD"
"4903","Deuel","3029","2023","December","SD"
"4904","Dewey","3253","2023","December","SD"
"4905","Douglas","2074","2023","December","SD"
"4906","Edmunds","2638","2023","December","SD"
"4907","Fall River","6140","2023","December","SD"
"4908","Faulk","1506","2023","December","SD"
"4909","Grant","4730","2023","December","SD"
"4910","Gregory","2808","2023","December","SD"
"4911","Haakon","1380","2023","December","SD"
"4912","Hamlin","4047","2023","December","SD"
"4913","Hand","2256","2023","December","SD"
"4914","Hanson","3227","2023","December","SD"
"4915","Harding","997","2023","December","SD"
"4916","Hughes","11435","2023","December","SD"
"4917","Hutchinson","4872","2023","December","SD"
"4918","Hyde","912","2023","December","SD"
"4919","Jackson","1873","2023","December","SD"
"4920","Jerauld","1197","2023","December","SD"
"4921","Jones","664","2023","December","SD"
"4922","Kingsbury","3635","2023","December","SD"
"4923","Lake","7982","2023","December","SD"
"4924","Lawrence","20531","2023","December","SD"
"4925","Lincoln","45481","2023","December","SD"
"4926","Lyman","2161","2023","December","SD"
"4927","Marshall","2762","2023","December","SD"
"4928","McCook","3826","2023","December","SD"
"4929","McPherson","1695","2023","December","SD"
"4930","Meade","19715","2023","December","SD"
"4931","Mellette","1120","2023","December","SD"
"4932","Miner","1586","2023","December","SD"
"4933","Minnehaha","131004","2023","December","SD"
"4934","Moody","4246","2023","December","SD"
"4935","Oglala Lakota","7885","2023","December","SD"
"4936","Pennington","86678","2023","December","SD"
"4937","Perkins","2152","2023","December","SD"
"4938","Potter","1678","2023","December","SD"
"4939","Roberts","6150","2023","December","SD"
"4940","Sanborn","1605","2023","December","SD"
"4941","Spink","4098","2023","December","SD"
"4942","Stanley","2186","2023","December","SD"
"4943","Sully","1128","2023","December","SD"
"4944","Todd","4392","2023","December","SD"
"4945","Tripp","3493","2023","December","SD"
"4946","Turner","5823","2023","December","SD"
"4947","Union","12069","2023","December","SD"
"4948","Walworth","3665","2023","December","SD"
"4949","Yankton","14312","2023","December","SD"
"4950","Ziebach","1581","2023","December","SD"
"4951","Aurora","1818","2023","February","SD"
"4952","Beadle","10082","2023","February","SD"
"4953","Bennett","1859","2023","February","SD"
"4954","Bon Homme","3890","2023","February","SD"
"4955","Brookings","20513","2023","February","SD"
"4956","Brown","24755","2023","February","SD"
"4957","Brule","3292","2023","February","SD"
"4958","Buffalo","919","2023","February","SD"
"4959","Butte","6759","2023","February","SD"
"4960","Campbell","1128","2023","February","SD"
"4961","Charles Mix","5415","2023","February","SD"
"4962","Clark","2563","2023","February","SD"
"4963","Clay","8516","2023","February","SD"
"4964","Codington","17835","2023","February","SD"
"4965","Corson","2317","2023","February","SD"
"4966","Custer","7598","2023","February","SD"
"4967","Davison","12229","2023","February","SD"
"4968","Day","3954","2023","February","SD"
"4969","Deuel","3033","2023","February","SD"
"4970","Dewey","3344","2023","February","SD"
"4971","Douglas","2135","2023","February","SD"
"4972","Edmunds","2685","2023","February","SD"
"4973","Fall River","5998","2023","February","SD"
"4974","Faulk","1550","2023","February","SD"
"4975","Grant","4805","2023","February","SD"
"4976","Gregory","2854","2023","February","SD"
"4977","Haakon","1390","2023","February","SD"
"4978","Hamlin","4096","2023","February","SD"
"4979","Hand","2276","2023","February","SD"
"4980","Hanson","3290","2023","February","SD"
"4981","Harding","992","2023","February","SD"
"4982","Hughes","11722","2023","February","SD"
"4983","Hutchinson","4922","2023","February","SD"
"4984","Hyde","942","2023","February","SD"
"4985","Jackson","1840","2023","February","SD"
"4986","Jerauld","1247","2023","February","SD"
"4987","Jones","666","2023","February","SD"
"4988","Kingsbury","3619","2023","February","SD"
"4989","Lake","7939","2023","February","SD"
"4990","Lawrence","20294","2023","February","SD"
"4991","Lincoln","44863","2023","February","SD"
"4992","Lyman","2226","2023","February","SD"
"4993","Marshall","2813","2023","February","SD"
"4994","McCook","3860","2023","February","SD"
"4995","McPherson","1738","2023","February","SD"
"4996","Meade","20190","2023","February","SD"
"4997","Mellette","1135","2023","February","SD"
"4998","Miner","1588","2023","February","SD"
"4999","Minnehaha","131984","2023","February","SD"
"5000","Moody","4189","2023","February","SD"
"5001","Oglala Lakota","8020","2023","February","SD"
"5002","Pennington","87016","2023","February","SD"
"5003","Perkins","2128","2023","February","SD"
"5004","Potter","1712","2023","February","SD"
"5005","Roberts","6211","2023","February","SD"
"5006","Sanborn","1584","2023","February","SD"
"5007","Spink","4170","2023","February","SD"
"5008","Stanley","2161","2023","February","SD"
"5009","Sully","1135","2023","February","SD"
"5010","Todd","4558","2023","February","SD"
"5011","Tripp","3556","2023","February","SD"
"5012","Turner","5878","2023","February","SD"
"5013","Union","12379","2023","February","SD"
"5014","Walworth","3577","2023","February","SD"
"5015","Yankton","14655","2023","February","SD"
"5016","Ziebach","1612","2023","February","SD"
"5017","Aurora","1823","2023","March","SD"
"5018","Beadle","10086","2023","March","SD"
"5019","Bennett","1859","2023","March","SD"
"5020","Bon Homme","3891","2023","March","SD"
"5021","Brookings","20552","2023","March","SD"
"5022","Brown","24765","2023","March","SD"
"5023","Brule","3285","2023","March","SD"
"5024","Buffalo","917","2023","March","SD"
"5025","Butte","6771","2023","March","SD"
"5026","Campbell","1131","2023","March","SD"
"5027","Charles Mix","5416","2023","March","SD"
"5028","Clark","2565","2023","March","SD"
"5029","Clay","8541","2023","March","SD"
"5030","Codington","17847","2023","March","SD"
"5031","Corson","2318","2023","March","SD"
"5032","Custer","7621","2023","March","SD"
"5033","Davison","12246","2023","March","SD"
"5034","Day","3947","2023","March","SD"
"5035","Deuel","3029","2023","March","SD"
"5036","Dewey","3337","2023","March","SD"
"5037","Douglas","2136","2023","March","SD"
"5038","Edmunds","2686","2023","March","SD"
"5039","Fall River","6014","2023","March","SD"
"5040","Faulk","1550","2023","March","SD"
"5041","Grant","4809","2023","March","SD"
"5042","Gregory","2856","2023","March","SD"
"5043","Haakon","1391","2023","March","SD"
"5044","Hamlin","4111","2023","March","SD"
"5045","Hand","2273","2023","March","SD"
"5046","Hanson","3301","2023","March","SD"
"5047","Harding","993","2023","March","SD"
"5048","Hughes","11723","2023","March","SD"
"5049","Hutchinson","4939","2023","March","SD"
"5050","Hyde","945","2023","March","SD"
"5051","Jackson","1848","2023","March","SD"
"5052","Jerauld","1244","2023","March","SD"
"5053","Jones","669","2023","March","SD"
"5054","Kingsbury","3623","2023","March","SD"
"5055","Lake","7935","2023","March","SD"
"5056","Lawrence","20342","2023","March","SD"
"5057","Lincoln","45047","2023","March","SD"
"5058","Lyman","2227","2023","March","SD"
"5059","Marshall","2812","2023","March","SD"
"5060","McCook","3860","2023","March","SD"
"5061","McPherson","1738","2023","March","SD"
"5062","Meade","20232","2023","March","SD"
"5063","Mellette","1137","2023","March","SD"
"5064","Miner","1595","2023","March","SD"
"5065","Minnehaha","132215","2023","March","SD"
"5066","Moody","4193","2023","March","SD"
"5067","Oglala Lakota","8028","2023","March","SD"
"5068","Pennington","87135","2023","March","SD"
"5069","Perkins","2130","2023","March","SD"
"5070","Potter","1717","2023","March","SD"
"5071","Roberts","6223","2023","March","SD"
"5072","Sanborn","1589","2023","March","SD"
"5073","Spink","4179","2023","March","SD"
"5074","Stanley","2164","2023","March","SD"
"5075","Sully","1137","2023","March","SD"
"5076","Todd","4556","2023","March","SD"
"5077","Tripp","3573","2023","March","SD"
"5078","Turner","5876","2023","March","SD"
"5079","Union","12402","2023","March","SD"
"5080","Walworth","3590","2023","March","SD"
"5081","Yankton","14667","2023","March","SD"
"5082","Ziebach","1613","2023","March","SD"
"5083","Aurora","1825","2023","April","SD"
"5084","Beadle","10140","2023","April","SD"
"5085","Bennett","1865","2023","April","SD"
"5086","Bon Homme","3900","2023","April","SD"
"5087","Brookings","20586","2023","April","SD"
"5088","Brown","25062","2023","April","SD"
"5089","Brule","3289","2023","April","SD"
"5090","Buffalo","916","2023","April","SD"
"5091","Butte","6769","2023","April","SD"
"5092","Campbell","1132","2023","April","SD"
"5093","Charles Mix","5415","2023","April","SD"
"5094","Clark","2569","2023","April","SD"
"5095","Clay","8573","2023","April","SD"
"5096","Codington","17856","2023","April","SD"
"5097","Corson","2321","2023","April","SD"
"5098","Custer","7657","2023","April","SD"
"5099","Davison","12261","2023","April","SD"
"5100","Day","3960","2023","April","SD"
"5101","Deuel","3035","2023","April","SD"
"5102","Dewey","3336","2023","April","SD"
"5103","Douglas","2139","2023","April","SD"
"5104","Edmunds","2685","2023","April","SD"
"5105","Fall River","6035","2023","April","SD"
"5106","Faulk","1546","2023","April","SD"
"5107","Grant","4794","2023","April","SD"
"5108","Gregory","2857","2023","April","SD"
"5109","Haakon","1393","2023","April","SD"
"5110","Hamlin","4121","2023","April","SD"
"5111","Hand","2264","2023","April","SD"
"5112","Hanson","3307","2023","April","SD"
"5113","Harding","995","2023","April","SD"
"5114","Hughes","11734","2023","April","SD"
"5115","Hutchinson","4946","2023","April","SD"
"5116","Hyde","948","2023","April","SD"
"5117","Jackson","1861","2023","April","SD"
"5118","Jerauld","1242","2023","April","SD"
"5119","Jones","672","2023","April","SD"
"5120","Kingsbury","3630","2023","April","SD"
"5121","Lake","7927","2023","April","SD"
"5122","Lawrence","20414","2023","April","SD"
"5123","Lincoln","45210","2023","April","SD"
"5124","Lyman","2227","2023","April","SD"
"5125","Marshall","2807","2023","April","SD"
"5126","McCook","3865","2023","April","SD"
"5127","McPherson","1738","2023","April","SD"
"5128","Meade","20302","2023","April","SD"
"5129","Mellette","1136","2023","April","SD"
"5130","Miner","1595","2023","April","SD"
"5131","Minnehaha","132458","2023","April","SD"
"5132","Moody","4196","2023","April","SD"
"5133","Oglala Lakota","8008","2023","April","SD"
"5134","Pennington","87319","2023","April","SD"
"5135","Perkins","2129","2023","April","SD"
"5136","Potter","1715","2023","April","SD"
"5137","Roberts","6227","2023","April","SD"
"5138","Sanborn","1595","2023","April","SD"
"5139","Spink","4185","2023","April","SD"
"5140","Stanley","2163","2023","April","SD"
"5141","Sully","1141","2023","April","SD"
"5142","Todd","4608","2023","April","SD"
"5143","Tripp","3572","2023","April","SD"
"5144","Turner","5893","2023","April","SD"
"5145","Union","12425","2023","April","SD"
"5146","Walworth","3602","2023","April","SD"
"5147","Yankton","14661","2023","April","SD"
"5148","Ziebach","1615","2023","April","SD"
"5149","Aurora","1828","2023","May","SD"
"5150","Beadle","10153","2023","May","SD"
"5151","Bennett","1869","2023","May","SD"
"5152","Bon Homme","3899","2023","May","SD"
"5153","Brookings","20612","2023","May","SD"
"5154","Brown","24945","2023","May","SD"
"5155","Brule","3292","2023","May","SD"
"5156","Buffalo","916","2023","May","SD"
"5157","Butte","6778","2023","May","SD"
"5158","Campbell","1133","2023","May","SD"
"5159","Charles Mix","5418","2023","May","SD"
"5160","Clark","2563","2023","May","SD"
"5161","Clay","8574","2023","May","SD"
"5162","Codington","17871","2023","May","SD"
"5163","Corson","2316","2023","May","SD"
"5164","Custer","7664","2023","May","SD"
"5165","Davison","12308","2023","May","SD"
"5166","Day","3964","2023","May","SD"
"5167","Deuel","3035","2023","May","SD"
"5168","Dewey","3333","2023","May","SD"
"5169","Douglas","2140","2023","May","SD"
"5170","Edmunds","2684","2023","May","SD"
"5171","Fall River","6042","2023","May","SD"
"5172","Faulk","1541","2023","May","SD"
"5173","Grant","4805","2023","May","SD"
"5174","Gregory","2853","2023","May","SD"
"5175","Haakon","1393","2023","May","SD"
"5176","Hamlin","4124","2023","May","SD"
"5177","Hand","2253","2023","May","SD"
"5178","Hanson","3310","2023","May","SD"
"5179","Harding","1002","2023","May","SD"
"5180","Hughes","11756","2023","May","SD"
"5181","Hutchinson","4949","2023","May","SD"
"5182","Hyde","940","2023","May","SD"
"5183","Jackson","1854","2023","May","SD"
"5184","Jerauld","1239","2023","May","SD"
"5185","Jones","669","2023","May","SD"
"5186","Kingsbury","3641","2023","May","SD"
"5187","Lake","7919","2023","May","SD"
"5188","Lawrence","20504","2023","May","SD"
"5189","Lincoln","45298","2023","May","SD"
"5190","Lyman","2226","2023","May","SD"
"5191","Marshall","2804","2023","May","SD"
"5192","McCook","3875","2023","May","SD"
"5193","McPherson","1741","2023","May","SD"
"5194","Meade","20332","2023","May","SD"
"5195","Mellette","1133","2023","May","SD"
"5196","Miner","1599","2023","May","SD"
"5197","Minnehaha","132817","2023","May","SD"
"5198","Moody","4198","2023","May","SD"
"5199","Oglala Lakota","8008","2023","May","SD"
"5200","Pennington","87481","2023","May","SD"
"5201","Perkins","2132","2023","May","SD"
"5202","Potter","1712","2023","May","SD"
"5203","Roberts","6230","2023","May","SD"
"5204","Sanborn","1594","2023","May","SD"
"5205","Spink","4190","2023","May","SD"
"5206","Stanley","2166","2023","May","SD"
"5207","Sully","1138","2023","May","SD"
"5208","Todd","4625","2023","May","SD"
"5209","Tripp","3598","2023","May","SD"
"5210","Turner","5906","2023","May","SD"
"5211","Union","12445","2023","May","SD"
"5212","Walworth","3613","2023","May","SD"
"5213","Yankton","14670","2023","May","SD"
"5214","Ziebach","1622","2023","May","SD"
"5215","Aurora","1827","2023","June","SD"
"5216","Beadle","10164","2023","June","SD"
"5217","Bennett","1866","2023","June","SD"
"5218","Bon Homme","3907","2023","June","SD"
"5219","Brookings","20647","2023","June","SD"
"5220","Brown","24773","2023","June","SD"
"5221","Brule","3302","2023","June","SD"
"5222","Buffalo","916","2023","June","SD"
"5223","Butte","6803","2023","June","SD"
"5224","Campbell","1137","2023","June","SD"
"5225","Charles Mix","5421","2023","June","SD"
"5226","Clark","2564","2023","June","SD"
"5227","Clay","8586","2023","June","SD"
"5228","Codington","17902","2023","June","SD"
"5229","Corson","2310","2023","June","SD"
"5230","Custer","7686","2023","June","SD"
"5231","Davison","12399","2023","June","SD"
"5232","Day","3969","2023","June","SD"
"5233","Deuel","3040","2023","June","SD"
"5234","Dewey","3339","2023","June","SD"
"5235","Douglas","2149","2023","June","SD"
"5236","Edmunds","2684","2023","June","SD"
"5237","Fall River","6044","2023","June","SD"
"5238","Faulk","1542","2023","June","SD"
"5239","Grant","4805","2023","June","SD"
"5240","Gregory","2858","2023","June","SD"
"5241","Haakon","1396","2023","June","SD"
"5242","Hamlin","4155","2023","June","SD"
"5243","Hand","2232","2023","June","SD"
"5244","Hanson","3320","2023","June","SD"
"5245","Harding","1005","2023","June","SD"
"5246","Hughes","11773","2023","June","SD"
"5247","Hutchinson","4970","2023","June","SD"
"5248","Hyde","944","2023","June","SD"
"5249","Jackson","1860","2023","June","SD"
"5250","Jerauld","1238","2023","June","SD"
"5251","Jones","669","2023","June","SD"
"5252","Kingsbury","3646","2023","June","SD"
"5253","Lake","7946","2023","June","SD"
"5254","Lawrence","20607","2023","June","SD"
"5255","Lincoln","45536","2023","June","SD"
"5256","Lyman","2225","2023","June","SD"
"5257","Marshall","2806","2023","June","SD"
"5258","McCook","3886","2023","June","SD"
"5259","McPherson","1742","2023","June","SD"
"5260","Meade","20372","2023","June","SD"
"5261","Mellette","1135","2023","June","SD"
"5262","Miner","1600","2023","June","SD"
"5263","Minnehaha","133071","2023","June","SD"
"5264","Moody","4200","2023","June","SD"
"5265","Oglala Lakota","8009","2023","June","SD"
"5266","Pennington","87737","2023","June","SD"
"5267","Perkins","2139","2023","June","SD"
"5268","Potter","1707","2023","June","SD"
"5269","Roberts","6234","2023","June","SD"
"5270","Sanborn","1600","2023","June","SD"
"5271","Spink","4189","2023","June","SD"
"5272","Stanley","2169","2023","June","SD"
"5273","Sully","1140","2023","June","SD"
"5274","Todd","4652","2023","June","SD"
"5275","Tripp","3598","2023","June","SD"
"5276","Turner","5916","2023","June","SD"
"5277","Union","12474","2023","June","SD"
"5278","Walworth","3630","2023","June","SD"
"5279","Yankton","14702","2023","June","SD"
"5280","Ziebach","1623","2023","June","SD"
"5281","Aurora","1834","2023","July","SD"
"5282","Beadle","10162","2023","July","SD"
"5283","Bennett","1871","2023","July","SD"
"5284","Bon Homme","3908","2023","July","SD"
"5285","Brookings","20707","2023","July","SD"
"5286","Brown","24784","2023","July","SD"
"5287","Brule","3309","2023","July","SD"
"5288","Buffalo","913","2023","July","SD"
"5289","Butte","6826","2023","July","SD"
"5290","Campbell","1138","2023","July","SD"
"5291","Charles Mix","5428","2023","July","SD"
"5292","Clark","2565","2023","July","SD"
"5293","Clay","8620","2023","July","SD"
"5294","Codington","17918","2023","July","SD"
"5295","Corson","2313","2023","July","SD"
"5296","Custer","7734","2023","July","SD"
"5297","Davison","12460","2023","July","SD"
"5298","Day","3981","2023","July","SD"
"5299","Deuel","3032","2023","July","SD"
"5300","Dewey","3338","2023","July","SD"
"5301","Douglas","2149","2023","July","SD"
"5302","Edmunds","2685","2023","July","SD"
"5303","Fall River","6064","2023","July","SD"
"5304","Faulk","1541","2023","July","SD"
"5305","Grant","4804","2023","July","SD"
"5306","Gregory","2864","2023","July","SD"
"5307","Haakon","1401","2023","July","SD"
"5308","Hamlin","4172","2023","July","SD"
"5309","Hand","2234","2023","July","SD"
"5310","Hanson","3326","2023","July","SD"
"5311","Harding","1004","2023","July","SD"
"5312","Hughes","11791","2023","July","SD"
"5313","Hutchinson","4985","2023","July","SD"
"5314","Hyde","943","2023","July","SD"
"5315","Jackson","1861","2023","July","SD"
"5316","Jerauld","1236","2023","July","SD"
"5317","Jones","667","2023","July","SD"
"5318","Kingsbury","3655","2023","July","SD"
"5319","Lake","8042","2023","July","SD"
"5320","Lawrence","20726","2023","July","SD"
"5321","Lincoln","45736","2023","July","SD"
"5322","Lyman","2229","2023","July","SD"
"5323","Marshall","2812","2023","July","SD"
"5324","McCook","3895","2023","July","SD"
"5325","McPherson","1745","2023","July","SD"
"5326","Meade","20444","2023","July","SD"
"5327","Mellette","1144","2023","July","SD"
"5328","Miner","1606","2023","July","SD"
"5329","Minnehaha","133785","2023","July","SD"
"5330","Moody","4202","2023","July","SD"
"5331","Oglala Lakota","8015","2023","July","SD"
"5332","Pennington","88228","2023","July","SD"
"5333","Perkins","2141","2023","July","SD"
"5334","Potter","1725","2023","July","SD"
"5335","Roberts","6242","2023","July","SD"
"5336","Sanborn","1601","2023","July","SD"
"5337","Spink","4192","2023","July","SD"
"5338","Stanley","2172","2023","July","SD"
"5339","Sully","1142","2023","July","SD"
"5340","Todd","4653","2023","July","SD"
"5341","Tripp","3597","2023","July","SD"
"5342","Turner","5925","2023","July","SD"
"5343","Union","12505","2023","July","SD"
"5344","Walworth","3638","2023","July","SD"
"5345","Yankton","14724","2023","July","SD"
"5346","Ziebach","1624","2023","July","SD"
"5347","Aurora","1833","2023","August","SD"
"5348","Beadle","10160","2023","August","SD"
"5349","Bennett","1869","2023","August","SD"
"5350","Bon Homme","3900","2023","August","SD"
"5351","Brookings","20705","2023","August","SD"
"5352","Brown","24780","2023","August","SD"
"5353","Brule","3299","2023","August","SD"
"5354","Buffalo","914","2023","August","SD"
"5355","Butte","6845","2023","August","SD"
"5356","Campbell","1137","2023","August","SD"
"5357","Charles Mix","5428","2023","August","SD"
"5358","Clark","2563","2023","August","SD"
"5359","Clay","8641","2023","August","SD"
"5360","Codington","17881","2023","August","SD"
"5361","Corson","2314","2023","August","SD"
"5362","Custer","7753","2023","August","SD"
"5363","Davison","12455","2023","August","SD"
"5364","Day","3987","2023","August","SD"
"5365","Deuel","3037","2023","August","SD"
"5366","Dewey","3335","2023","August","SD"
"5367","Douglas","2148","2023","August","SD"
"5368","Edmunds","2689","2023","August","SD"
"5369","Fall River","6098","2023","August","SD"
"5370","Faulk","1537","2023","August","SD"
"5371","Grant","4797","2023","August","SD"
"5372","Gregory","2857","2023","August","SD"
"5373","Haakon","1399","2023","August","SD"
"5374","Hamlin","4174","2023","August","SD"
"5375","Hand","2241","2023","August","SD"
"5376","Hanson","3320","2023","August","SD"
"5377","Harding","1005","2023","August","SD"
"5378","Hughes","11801","2023","August","SD"
"5379","Hutchinson","4988","2023","August","SD"
"5380","Hyde","944","2023","August","SD"
"5381","Jackson","1861","2023","August","SD"
"5382","Jerauld","1234","2023","August","SD"
"5383","Jones","669","2023","August","SD"
"5384","Kingsbury","3660","2023","August","SD"
"5385","Lake","8005","2023","August","SD"
"5386","Lawrence","20780","2023","August","SD"
"5387","Lincoln","45857","2023","August","SD"
"5388","Lyman","2226","2023","August","SD"
"5389","Marshall","2815","2023","August","SD"
"5390","McCook","3894","2023","August","SD"
"5391","McPherson","1739","2023","August","SD"
"5392","Meade","20403","2023","August","SD"
"5393","Mellette","1149","2023","August","SD"
"5394","Miner","1604","2023","August","SD"
"5395","Minnehaha","133853","2023","August","SD"
"5396","Moody","4198","2023","August","SD"
"5397","Oglala Lakota","8020","2023","August","SD"
"5398","Pennington","88422","2023","August","SD"
"5399","Perkins","2143","2023","August","SD"
"5400","Potter","1727","2023","August","SD"
"5401","Roberts","6229","2023","August","SD"
"5402","Sanborn","1606","2023","August","SD"
"5403","Spink","4187","2023","August","SD"
"5404","Stanley","2176","2023","August","SD"
"5405","Sully","1143","2023","August","SD"
"5406","Todd","4661","2023","August","SD"
"5407","Tripp","3588","2023","August","SD"
"5408","Turner","5927","2023","August","SD"
"5409","Union","12400","2023","August","SD"
"5410","Walworth","3649","2023","August","SD"
"5411","Yankton","14669","2023","August","SD"
"5412","Ziebach","1621","2023","August","SD"
"5413","Aurora","1838","2023","September","SD"
"5414","Beadle","10188","2023","September","SD"
"5415","Bennett","1873","2023","September","SD"
"5416","Bon Homme","3910","2023","September","SD"
"5417","Brookings","20728","2023","September","SD"
"5418","Brown","24710","2023","September","SD"
"5419","Brule","3302","2023","September","SD"
"5420","Buffalo","912","2023","September","SD"
"5421","Butte","6866","2023","September","SD"
"5422","Campbell","1133","2023","September","SD"
"5423","Charles Mix","5433","2023","September","SD"
"5424","Clark","2568","2023","September","SD"
"5425","Clay","8690","2023","September","SD"
"5426","Codington","17933","2023","September","SD"
"5427","Corson","2316","2023","September","SD"
"5428","Custer","7777","2023","September","SD"
"5429","Davison","12526","2023","September","SD"
"5430","Day","3987","2023","September","SD"
"5431","Deuel","3043","2023","September","SD"
"5432","Dewey","3343","2023","September","SD"
"5433","Douglas","2144","2023","September","SD"
"5434","Edmunds","2688","2023","September","SD"
"5435","Fall River","6112","2023","September","SD"
"5436","Faulk","1535","2023","September","SD"
"5437","Grant","4806","2023","September","SD"
"5438","Gregory","2862","2023","September","SD"
"5439","Haakon","1390","2023","September","SD"
"5440","Hamlin","4182","2023","September","SD"
"5441","Hand","2244","2023","September","SD"
"5442","Hanson","3331","2023","September","SD"
"5443","Harding","1007","2023","September","SD"
"5444","Hughes","11781","2023","September","SD"
"5445","Hutchinson","4996","2023","September","SD"
"5446","Hyde","941","2023","September","SD"
"5447","Jackson","1862","2023","September","SD"
"5448","Jerauld","1230","2023","September","SD"
"5449","Jones","671","2023","September","SD"
"5450","Kingsbury","3661","2023","September","SD"
"5451","Lake","8024","2023","September","SD"
"5452","Lawrence","20917","2023","September","SD"
"5453","Lincoln","46088","2023","September","SD"
"5454","Lyman","2234","2023","September","SD"
"5455","Marshall","2825","2023","September","SD"
"5456","McCook","3897","2023","September","SD"
"5457","McPherson","1741","2023","September","SD"
"5458","Meade","20401","2023","September","SD"
"5459","Mellette","1143","2023","September","SD"
"5460","Miner","1606","2023","September","SD"
"5461","Minnehaha","133971","2023","September","SD"
"5462","Moody","4211","2023","September","SD"
"5463","Oglala Lakota","8020","2023","September","SD"
"5464","Pennington","88744","2023","September","SD"
"5465","Perkins","2151","2023","September","SD"
"5466","Potter","1723","2023","September","SD"
"5467","Roberts","6238","2023","September","SD"
"5468","Sanborn","1616","2023","September","SD"
"5469","Spink","4182","2023","September","SD"
"5470","Stanley","2178","2023","September","SD"
"5471","Sully","1145","2023","September","SD"
"5472","Todd","4663","2023","September","SD"
"5473","Tripp","3590","2023","September","SD"
"5474","Turner","5937","2023","September","SD"
"5475","Union","12450","2023","September","SD"
"5476","Walworth","3657","2023","September","SD"
"5477","Yankton","14690","2023","September","SD"
"5478","Ziebach","1622","2023","September","SD"
"5479","Aurora","1810","2023","January","SD"
"5480","Beadle","10028","2023","January","SD"
"5481","Bennett","1866","2023","January","SD"
"5482","Bon Homme","3886","2023","January","SD"
"5483","Brookings","20466","2023","January","SD"
"5484","Brown","24722","2023","January","SD"
"5485","Brule","3284","2023","January","SD"
"5486","Buffalo","920","2023","January","SD"
"5487","Butte","6692","2023","January","SD"
"5488","Campbell","1128","2023","January","SD"
"5489","Charles Mix","5412","2023","January","SD"
"5490","Clark","2559","2023","January","SD"
"5491","Clay","8479","2023","January","SD"
"5492","Codington","17817","2023","January","SD"
"5493","Corson","2320","2023","January","SD"
"5494","Custer","7576","2023","January","SD"
"5495","Davison","12163","2023","January","SD"
"5496","Day","3951","2023","January","SD"
"5497","Deuel","3029","2023","January","SD"
"5498","Dewey","3349","2023","January","SD"
"5499","Douglas","2135","2023","January","SD"
"5500","Edmunds","2688","2023","January","SD"
"5501","Fall River","5985","2023","January","SD"
"5502","Faulk","1549","2023","January","SD"
"5503","Grant","4792","2023","January","SD"
"5504","Gregory","2853","2023","January","SD"
"5505","Haakon","1391","2023","January","SD"
"5506","Hamlin","4099","2023","January","SD"
"5507","Hand","2273","2023","January","SD"
"5508","Hanson","3284","2023","January","SD"
"5509","Harding","993","2023","January","SD"
"5510","Hughes","11690","2023","January","SD"
"5511","Hutchinson","4908","2023","January","SD"
"5512","Hyde","945","2023","January","SD"
"5513","Jackson","1838","2023","January","SD"
"5514","Jerauld","1248","2023","January","SD"
"5515","Jones","665","2023","January","SD"
"5516","Kingsbury","3624","2023","January","SD"
"5517","Lake","7947","2023","January","SD"
"5518","Lawrence","20238","2023","January","SD"
"5519","Lincoln","44689","2023","January","SD"
"5520","Lyman","2220","2023","January","SD"
"5521","Marshall","2809","2023","January","SD"
"5522","McCook","3860","2023","January","SD"
"5523","McPherson","1739","2023","January","SD"
"5524","Meade","20124","2023","January","SD"
"5525","Mellette","1134","2023","January","SD"
"5526","Miner","1585","2023","January","SD"
"5527","Minnehaha","131716","2023","January","SD"
"5528","Moody","4178","2023","January","SD"
"5529","Oglala Lakota","8015","2023","January","SD"
"5530","Pennington","86947","2023","January","SD"
"5531","Perkins","2124","2023","January","SD"
"5532","Potter","1711","2023","January","SD"
"5533","Roberts","6212","2023","January","SD"
"5534","Sanborn","1578","2023","January","SD"
"5535","Spink","4166","2023","January","SD"
"5536","Stanley","2155","2023","January","SD"
"5537","Sully","1136","2023","January","SD"
"5538","Todd","4560","2023","January","SD"
"5539","Tripp","3562","2023","January","SD"
"5540","Turner","5880","2023","January","SD"
"5541","Union","12368","2023","January","SD"
"5542","Walworth","3571","2023","January","SD"
"5543","Aurora","1808","2024","January","SD"
"5544","Beadle","9937","2024","January","SD"
"5545","Bennett","1872","2024","January","SD"
"5546","Bon Homme","3848","2024","January","SD"
"5547","Brookings","20330","2024","January","SD"
"5548","Brown","24894","2024","January","SD"
"5549","Brule","3226","2024","January","SD"
"5550","Buffalo","907","2024","January","SD"
"5551","Butte","6695","2024","January","SD"
"5552","Campbell","1119","2024","January","SD"
"5553","Charles Mix","5253","2024","January","SD"
"5554","Clark","2539","2024","January","SD"
"5555","Clay","8008","2024","January","SD"
"5556","Codington","17681","2024","January","SD"
"5557","Corson","2228","2024","January","SD"
"5558","Custer","7712","2024","January","SD"
"5559","Davison","12368","2024","January","SD"
"5560","Day","3837","2024","January","SD"
"5561","Deuel","3031","2024","January","SD"
"5562","Dewey","3249","2024","January","SD"
"5563","Douglas","2073","2024","January","SD"
"5564","Edmunds","2641","2024","January","SD"
"5565","Fall River","6147","2024","January","SD"
"5566","Faulk","1508","2024","January","SD"
"5567","Grant","4731","2024","January","SD"
"5568","Gregory","2808","2024","January","SD"
"5569","Haakon","1382","2024","January","SD"
"5570","Hamlin","4045","2024","January","SD"
"5571","Hand","2260","2024","January","SD"
"5572","Hanson","3236","2024","January","SD"
"5573","Harding","998","2024","January","SD"
"5574","Hughes","11438","2024","January","SD"
"5575","Hutchinson","4877","2024","January","SD"
"5576","Hyde","913","2024","January","SD"
"5577","Jackson","1869","2024","January","SD"
"5578","Jerauld","1199","2024","January","SD"
"5579","Jones","663","2024","January","SD"
"5580","Kingsbury","3659","2024","January","SD"
"5581","Lake","7607","2024","January","SD"
"5582","Lawrence","20616","2024","January","SD"
"5583","Lincoln","45657","2024","January","SD"
"5584","Lyman","2162","2024","January","SD"
"5585","Marshall","2759","2024","January","SD"
"5586","McCook","3833","2024","January","SD"
"5587","McPherson","1687","2024","January","SD"
"5588","Meade","19765","2024","January","SD"
"5589","Mellette","1124","2024","January","SD"
"5590","Miner","1588","2024","January","SD"
"5591","Minnehaha","131262","2024","January","SD"
"5592","Moody","4247","2024","January","SD"
"5593","Oglala Lakota","7892","2024","January","SD"
"5594","Pennington","86055","2024","January","SD"
"5595","Perkins","2133","2024","January","SD"
"5596","Potter","1681","2024","January","SD"
"5597","Roberts","6027","2024","January","SD"
"5598","Sanborn","1611","2024","January","SD"
"5599","Spink","4095","2024","January","SD"
"5600","Stanley","2124","2024","January","SD"
"5601","Sully","1124","2024","January","SD"
"5602","Todd","4392","2024","January","SD"
"5603","Tripp","3495","2024","January","SD"
"5604","Turner","5838","2024","January","SD"
"5605","Union","12069","2024","January","SD"
"5606","Walworth","3658","2024","January","SD"
"5607","Yankton","14323","2024","January","SD"
"5608","Ziebach","1574","2024","January","SD"
"5609","Aurora","1817","2024","October","SD"
"5610","Beadle","10093","2024","October","SD"
"5611","Bennett","1825","2024","October","SD"
"5612","Bon Homme","3954","2024","October","SD"
"5613","Brookings","21258","2024","October","SD"
"5614","Brown","25561","2024","October","SD"
"5615","Brule","3327","2024","October","SD"
"5616","Buffalo","835","2024","October","SD"
"5617","Butte","6868","2024","October","SD"
"5618","Campbell","1132","2024","October","SD"
"5619","Charles Mix","5353","2024","October","SD"
"5620","Clark","2593","2024","October","SD"
"5621","Clay","8320","2024","October","SD"
"5622","Codington","18587","2024","October","SD"
"5623","Corson","2259","2024","October","SD"
"5624","Custer","7915","2024","October","SD"
"5625","Davison","12921","2024","October","SD"
"5626","Day","3896","2024","October","SD"
"5627","Deuel","3087","2024","October","SD"
"5628","Dewey","3306","2024","October","SD"
"5629","Douglas","2088","2024","October","SD"
"5630","Edmunds","2713","2024","October","SD"
"5631","Fall River","6377","2024","October","SD"
"5632","Faulk","1567","2024","October","SD"
"5633","Grant","4813","2024","October","SD"
"5634","Gregory","2860","2024","October","SD"
"5635","Haakon","1398","2024","October","SD"
"5636","Hamlin","4203","2024","October","SD"
"5637","Hand","2298","2024","October","SD"
"5638","Hanson","3332","2024","October","SD"
"5639","Harding","1016","2024","October","SD"
"5640","Hughes","11766","2024","October","SD"
"5641","Hutchinson","5022","2024","October","SD"
"5642","Hyde","922","2024","October","SD"
"5643","Jackson","1820","2024","October","SD"
"5644","Jerauld","1238","2024","October","SD"
"5645","Jones","669","2024","October","SD"
"5646","Kingsbury","3677","2024","October","SD"
"5647","Lake","7710","2024","October","SD"
"5648","Lawrence","21906","2024","October","SD"
"5649","Lincoln","47905","2024","October","SD"
"5650","Lyman","2186","2024","October","SD"
"5651","Marshall","2799","2024","October","SD"
"5652","McCook","3930","2024","October","SD"
"5653","McPherson","1724","2024","October","SD"
"5654","Meade","20421","2024","October","SD"
"5655","Mellette","1151","2024","October","SD"
"5656","Miner","1593","2024","October","SD"
"5657","Minnehaha","134918","2024","October","SD"
"5658","Moody","4311","2024","October","SD"
"5659","Oglala Lakota","7988","2024","October","SD"
"5660","Pennington","89226","2024","October","SD"
"5661","Perkins","2165","2024","October","SD"
"5662","Potter","1688","2024","October","SD"
"5663","Roberts","6129","2024","October","SD"
"5664","Sanborn","1634","2024","October","SD"
"5665","Spink","4185","2024","October","SD"
"5666","Stanley","2178","2024","October","SD"
"5667","Sully","1136","2024","October","SD"
"5668","Todd","4478","2024","October","SD"
"5669","Tripp","3568","2024","October","SD"
"5670","Turner","5987","2024","October","SD"
"5671","Union","12497","2024","October","SD"
"5672","Walworth","3613","2024","October","SD"
"5673","Yankton","14753","2024","October","SD"
"5674","Ziebach","1591","2024","October","SD"
"5675","Aurora","1834","2024","November","SD"
"5676","Beadle","10188","2024","November","SD"
"5677","Bennett","1823","2024","November","SD"
"5678","Bon Homme","3980","2024","November","SD"
"5679","Brookings","21585","2024","November","SD"
"5680","Brown","25776","2024","November","SD"
"5681","Brule","3347","2024","November","SD"
"5682","Buffalo","856","2024","November","SD"
"5683","Butte","6945","2024","November","SD"
"5684","Campbell","1130","2024","November","SD"
"5685","Charles Mix","5442","2024","November","SD"
"5686","Clark","2604","2024","November","SD"
"5687","Clay","8558","2024","November","SD"
"5688","Codington","18846","2024","November","SD"
"5689","Corson","2284","2024","November","SD"
"5690","Custer","7993","2024","November","SD"
"5691","Davison","13083","2024","November","SD"
"5692","Day","3942","2024","November","SD"
"5693","Deuel","3125","2024","November","SD"
"5694","Dewey","3352","2024","November","SD"
"5695","Douglas","2108","2024","November","SD"
"5696","Edmunds","2729","2024","November","SD"
"5697","Fall River","6427","2024","November","SD"
"5698","Faulk","1579","2024","November","SD"
"5699","Grant","4859","2024","November","SD"
"5700","Gregory","2903","2024","November","SD"
"5701","Haakon","1403","2024","November","SD"
"5702","Hamlin","4241","2024","November","SD"
"5703","Hand","2300","2024","November","SD"
"5704","Hanson","3355","2024","November","SD"
"5705","Harding","1022","2024","November","SD"
"5706","Hughes","11892","2024","November","SD"
"5707","Hutchinson","5016","2024","November","SD"
"5708","Hyde","931","2024","November","SD"
"5709","Jackson","1836","2024","November","SD"
"5710","Jerauld","1258","2024","November","SD"
"5711","Jones","677","2024","November","SD"
"5712","Kingsbury","3682","2024","November","SD"
"5713","Lake","7826","2024","November","SD"
"5714","Lawrence","22219","2024","November","SD"
"5715","Lincoln","48746","2024","November","SD"
"5716","Lyman","2192","2024","November","SD"
"5717","Marshall","2827","2024","November","SD"
"5718","McCook","3987","2024","November","SD"
"5719","McPherson","1730","2024","November","SD"
"5720","Meade","20760","2024","November","SD"
"5721","Mellette","1157","2024","November","SD"
"5722","Miner","1627","2024","November","SD"
"5723","Minnehaha","136835","2024","November","SD"
"5724","Moody","4388","2024","November","SD"
"5725","Oglala Lakota","8061","2024","November","SD"
"5726","Pennington","90604","2024","November","SD"
"5727","Perkins","2182","2024","November","SD"
"5728","Potter","1684","2024","November","SD"
"5729","Roberts","6195","2024","November","SD"
"5730","Sanborn","1645","2024","November","SD"
"5731","Spink","4247","2024","November","SD"
"5732","Stanley","2213","2024","November","SD"
"5733","Sully","1134","2024","November","SD"
"5734","Todd","4555","2024","November","SD"
"5735","Tripp","3592","2024","November","SD"
"5736","Turner","6058","2024","November","SD"
"5737","Union","12618","2024","November","SD"
"5738","Walworth","3660","2024","November","SD"
"5739","Yankton","14903","2024","November","SD"
"5740","Ziebach","1608","2024","November","SD"
"5741","Aurora","1841","2024","December","SD"
"5742","Beadle","10209","2024","December","SD"
"5743","Bennett","1840","2024","December","SD"
"5744","Bon Homme","3991","2024","December","SD"
"5745","Brookings","21713","2024","December","SD"
"5746","Brown","25899","2024","December","SD"
"5747","Brule","3362","2024","December","SD"
"5748","Buffalo","868","2024","December","SD"
"5749","Butte","6985","2024","December","SD"
"5750","Campbell","1133","2024","December","SD"
"5751","Charles Mix","5447","2024","December","SD"
"5752","Clark","2613","2024","December","SD"
"5753","Clay","8594","2024","December","SD"
"5754","Codington","18965","2024","December","SD"
"5755","Corson","2310","2024","December","SD"
"5756","Custer","8058","2024","December","SD"
"5757","Davison","13115","2024","December","SD"
"5758","Day","3946","2024","December","SD"
"5759","Deuel","3141","2024","December","SD"
"5760","Dewey","3403","2024","December","SD"
"5761","Douglas","2111","2024","December","SD"
"5762","Edmunds","2740","2024","December","SD"
"5763","Fall River","6412","2024","December","SD"
"5764","Faulk","1580","2024","December","SD"
"5765","Grant","4853","2024","December","SD"
"5766","Gregory","2910","2024","December","SD"
"5767","Haakon","1407","2024","December","SD"
"5768","Hamlin","4267","2024","December","SD"
"5769","Hand","2308","2024","December","SD"
"5770","Hanson","3351","2024","December","SD"
"5771","Harding","1030","2024","December","SD"
"5772","Hughes","11942","2024","December","SD"
"5773","Hutchinson","5039","2024","December","SD"
"5774","Hyde","932","2024","December","SD"
"5775","Jackson","1836","2024","December","SD"
"5776","Jerauld","1264","2024","December","SD"
"5777","Jones","676","2024","December","SD"
"5778","Kingsbury","3675","2024","December","SD"
"5779","Lake","7874","2024","December","SD"
"5780","Lawrence","22427","2024","December","SD"
"5781","Lincoln","48977","2024","December","SD"
"5782","Lyman","2189","2024","December","SD"
"5783","Marshall","2824","2024","December","SD"
"5784","McCook","4005","2024","December","SD"
"5785","McPherson","1733","2024","December","SD"
"5786","Meade","20933","2024","December","SD"
"5787","Mellette","1169","2024","December","SD"
"5788","Miner","1618","2024","December","SD"
"5789","Minnehaha","137784","2024","December","SD"
"5790","Moody","4389","2024","December","SD"
"5791","Oglala Lakota","8045","2024","December","SD"
"5792","Pennington","91025","2024","December","SD"
"5793","Perkins","2180","2024","December","SD"
"5794","Potter","1683","2024","December","SD"
"5795","Roberts","6231","2024","December","SD"
"5796","Sanborn","1649","2024","December","SD"
"5797","Spink","4248","2024","December","SD"
"5798","Stanley","2214","2024","December","SD"
"5799","Sully","1143","2024","December","SD"
"5800","Todd","4553","2024","December","SD"
"5801","Tripp","3591","2024","December","SD"
"5802","Turner","6093","2024","December","SD"
"5803","Union","12725","2024","December","SD"
"5804","Walworth","3661","2024","December","SD"
"5805","Yankton","14957","2024","December","SD"
"5806","Ziebach","1604","2024","December","SD"
"5807","Aurora","1806","2024","February","SD"
"5808","Beadle","9960","2024","February","SD"
"5809","Bennett","1878","2024","February","SD"
"5810","Bon Homme","3855","2024","February","SD"
"5811","Brookings","20389","2024","February","SD"
"5812","Brown","24919","2024","February","SD"
"5813","Brule","3236","2024","February","SD"
"5814","Buffalo","906","2024","February","SD"
"5815","Butte","6720","2024","February","SD"
"5816","Campbell","1118","2024","February","SD"
"5817","Charles Mix","5272","2024","February","SD"
"5818","Clark","2531","2024","February","SD"
"5819","Clay","8025","2024","February","SD"
"5820","Codington","17737","2024","February","SD"
"5821","Corson","2237","2024","February","SD"
"5822","Custer","7717","2024","February","SD"
"5823","Davison","12393","2024","February","SD"
"5824","Day","3841","2024","February","SD"
"5825","Deuel","3029","2024","February","SD"
"5826","Dewey","3252","2024","February","SD"
"5827","Douglas","2071","2024","February","SD"
"5828","Edmunds","2646","2024","February","SD"
"5829","Fall River","6178","2024","February","SD"
"5830","Faulk","1514","2024","February","SD"
"5831","Grant","4725","2024","February","SD"
"5832","Gregory","2811","2024","February","SD"
"5833","Haakon","1375","2024","February","SD"
"5834","Hamlin","4057","2024","February","SD"
"5835","Hand","2262","2024","February","SD"
"5836","Hanson","3242","2024","February","SD"
"5837","Harding","1001","2024","February","SD"
"5838","Hughes","11454","2024","February","SD"
"5839","Hutchinson","4878","2024","February","SD"
"5840","Hyde","911","2024","February","SD"
"5841","Jackson","1860","2024","February","SD"
"5842","Jerauld","1196","2024","February","SD"
"5843","Jones","662","2024","February","SD"
"5844","Kingsbury","3665","2024","February","SD"
"5845","Lake","7612","2024","February","SD"
"5846","Lawrence","20700","2024","February","SD"
"5847","Lincoln","45780","2024","February","SD"
"5848","Lyman","2168","2024","February","SD"
"5849","Marshall","2760","2024","February","SD"
"5850","McCook","3835","2024","February","SD"
"5851","McPherson","1690","2024","February","SD"
"5852","Meade","19836","2024","February","SD"
"5853","Mellette","1127","2024","February","SD"
"5854","Miner","1592","2024","February","SD"
"5855","Minnehaha","131690","2024","February","SD"
"5856","Moody","4252","2024","February","SD"
"5857","Oglala Lakota","7883","2024","February","SD"
"5858","Pennington","86171","2024","February","SD"
"5859","Perkins","2139","2024","February","SD"
"5860","Potter","1675","2024","February","SD"
"5861","Roberts","6028","2024","February","SD"
"5862","Sanborn","1614","2024","February","SD"
"5863","Spink","4103","2024","February","SD"
"5864","Stanley","2128","2024","February","SD"
"5865","Sully","1126","2024","February","SD"
"5866","Todd","4398","2024","February","SD"
"5867","Tripp","3501","2024","February","SD"
"5868","Turner","5848","2024","February","SD"
"5869","Union","12104","2024","February","SD"
"5870","Walworth","3677","2024","February","SD"
"5871","Yankton","14349","2024","February","SD"
"5872","Ziebach","1571","2024","February","SD"
"5873","Aurora","1801","2024","March","SD"
"5874","Beadle","10010","2024","March","SD"
"5875","Bennett","1879","2024","March","SD"
"5876","Bon Homme","3861","2024","March","SD"
"5877","Brookings","20508","2024","March","SD"
"5878","Brown","25000","2024","March","SD"
"5879","Brule","3236","2024","March","SD"
"5880","Buffalo","905","2024","March","SD"
"5881","Butte","6735","2024","March","SD"
"5882","Campbell","1118","2024","March","SD"
"5883","Charles Mix","5285","2024","March","SD"
"5884","Clark","2539","2024","March","SD"
"5885","Clay","8043","2024","March","SD"
"5886","Codington","17892","2024","March","SD"
"5887","Corson","2232","2024","March","SD"
"5888","Custer","7732","2024","March","SD"
"5889","Davison","12432","2024","March","SD"
"5890","Day","3853","2024","March","SD"
"5891","Deuel","3032","2024","March","SD"
"5892","Dewey","3253","2024","March","SD"
"5893","Douglas","2065","2024","March","SD"
"5894","Edmunds","2674","2024","March","SD"
"5895","Fall River","6178","2024","March","SD"
"5896","Faulk","1520","2024","March","SD"
"5897","Grant","4721","2024","March","SD"
"5898","Gregory","2816","2024","March","SD"
"5899","Haakon","1368","2024","March","SD"
"5900","Hamlin","4060","2024","March","SD"
"5901","Hand","2262","2024","March","SD"
"5902","Hanson","3243","2024","March","SD"
"5903","Harding","1003","2024","March","SD"
"5904","Hughes","11461","2024","March","SD"
"5905","Hutchinson","4885","2024","March","SD"
"5906","Hyde","913","2024","March","SD"
"5907","Jackson","1810","2024","March","SD"
"5908","Jerauld","1205","2024","March","SD"
"5909","Jones","662","2024","March","SD"
"5910","Kingsbury","3662","2024","March","SD"
"5911","Lake","7621","2024","March","SD"
"5912","Lawrence","20826","2024","March","SD"
"5913","Lincoln","45884","2024","March","SD"
"5914","Lyman","2173","2024","March","SD"
"5915","Marshall","2762","2024","March","SD"
"5916","McCook","3848","2024","March","SD"
"5917","McPherson","1695","2024","March","SD"
"5918","Meade","19881","2024","March","SD"
"5919","Mellette","1128","2024","March","SD"
"5920","Miner","1590","2024","March","SD"
"5921","Minnehaha","132694","2024","March","SD"
"5922","Moody","4243","2024","March","SD"
"5923","Oglala Lakota","7877","2024","March","SD"
"5924","Pennington","86564","2024","March","SD"
"5925","Perkins","2150","2024","March","SD"
"5926","Potter","1675","2024","March","SD"
"5927","Roberts","6027","2024","March","SD"
"5928","Sanborn","1607","2024","March","SD"
"5929","Spink","4107","2024","March","SD"
"5930","Stanley","2130","2024","March","SD"
"5931","Sully","1120","2024","March","SD"
"5932","Todd","4404","2024","March","SD"
"5933","Tripp","3507","2024","March","SD"
"5934","Turner","5857","2024","March","SD"
"5935","Union","12136","2024","March","SD"
"5936","Walworth","3571","2024","March","SD"
"5937","Yankton","14413","2024","March","SD"
"5938","Ziebach","1574","2024","March","SD"
"5939","Aurora","1803","2024","April","SD"
"5940","Beadle","10011","2024","April","SD"
"5941","Bennett","1885","2024","April","SD"
"5942","Bon Homme","3875","2024","April","SD"
"5943","Brookings","20600","2024","April","SD"
"5944","Brown","25063","2024","April","SD"
"5945","Brule","3249","2024","April","SD"
"5946","Buffalo","828","2024","April","SD"
"5947","Butte","6767","2024","April","SD"
"5948","Campbell","1121","2024","April","SD"
"5949","Charles Mix","5279","2024","April","SD"
"5950","Clark","2547","2024","April","SD"
"5951","Clay","8079","2024","April","SD"
"5952","Codington","17965","2024","April","SD"
"5953","Corson","2233","2024","April","SD"
"5954","Custer","7761","2024","April","SD"
"5955","Davison","12481","2024","April","SD"
"5956","Day","3857","2024","April","SD"
"5957","Deuel","3038","2024","April","SD"
"5958","Dewey","3263","2024","April","SD"
"5959","Douglas","2063","2024","April","SD"
"5960","Edmunds","2689","2024","April","SD"
"5961","Fall River","6200","2024","April","SD"
"5962","Faulk","1548","2024","April","SD"
"5963","Grant","4739","2024","April","SD"
"5964","Gregory","2826","2024","April","SD"
"5965","Haakon","1372","2024","April","SD"
"5966","Hamlin","4081","2024","April","SD"
"5967","Hand","2265","2024","April","SD"
"5968","Hanson","3248","2024","April","SD"
"5969","Harding","1000","2024","April","SD"
"5970","Hughes","11480","2024","April","SD"
"5971","Hutchinson","4901","2024","April","SD"
"5972","Hyde","917","2024","April","SD"
"5973","Jackson","1802","2024","April","SD"
"5974","Jerauld","1210","2024","April","SD"
"5975","Jones","669","2024","April","SD"
"5976","Kingsbury","3647","2024","April","SD"
"5977","Lake","7616","2024","April","SD"
"5978","Lawrence","20891","2024","April","SD"
"5979","Lincoln","46094","2024","April","SD"
"5980","Lyman","2171","2024","April","SD"
"5981","Marshall","2767","2024","April","SD"
"5982","McCook","3851","2024","April","SD"
"5983","McPherson","1703","2024","April","SD"
"5984","Meade","19987","2024","April","SD"
"5985","Mellette","1131","2024","April","SD"
"5986","Miner","1587","2024","April","SD"
"5987","Minnehaha","130762","2024","April","SD"
"5988","Moody","4257","2024","April","SD"
"5989","Oglala Lakota","7883","2024","April","SD"
"5990","Pennington","86818","2024","April","SD"
"5991","Perkins","2156","2024","April","SD"
"5992","Potter","1674","2024","April","SD"
"5993","Roberts","6048","2024","April","SD"
"5994","Sanborn","1609","2024","April","SD"
"5995","Spink","4110","2024","April","SD"
"5996","Stanley","2130","2024","April","SD"
"5997","Sully","1125","2024","April","SD"
"5998","Todd","4415","2024","April","SD"
"5999","Tripp","3514","2024","April","SD"
"6000","Turner","5862","2024","April","SD"
"6001","Union","12166","2024","April","SD"
"6002","Walworth","3573","2024","April","SD"
"6003","Yankton","14412","2024","April","SD"
"6004","Ziebach","1569","2024","April","SD"
"6005","Aurora","1803","2024","May","SD"
"6006","Beadle","10025","2024","May","SD"
"6007","Bennett","1887","2024","May","SD"
"6008","Bon Homme","3890","2024","May","SD"
"6009","Brookings","20668","2024","May","SD"
"6010","Brown","25118","2024","May","SD"
"6011","Brule","3264","2024","May","SD"
"6012","Buffalo","835","2024","May","SD"
"6013","Butte","6791","2024","May","SD"
"6014","Campbell","1120","2024","May","SD"
"6015","Charles Mix","5296","2024","May","SD"
"6016","Clark","2550","2024","May","SD"
"6017","Clay","8108","2024","May","SD"
"6018","Codington","18031","2024","May","SD"
"6019","Corson","2237","2024","May","SD"
"6020","Custer","7797","2024","May","SD"
"6021","Davison","12555","2024","May","SD"
"6022","Day","3852","2024","May","SD"
"6023","Deuel","3064","2024","May","SD"
"6024","Dewey","3272","2024","May","SD"
"6025","Douglas","2062","2024","May","SD"
"6026","Edmunds","2692","2024","May","SD"
"6027","Fall River","6222","2024","May","SD"
"6028","Faulk","1548","2024","May","SD"
"6029","Grant","4750","2024","May","SD"
"6030","Gregory","2819","2024","May","SD"
"6031","Haakon","1373","2024","May","SD"
"6032","Hamlin","4097","2024","May","SD"
"6033","Hand","2279","2024","May","SD"
"6034","Hanson","3268","2024","May","SD"
"6035","Harding","1006","2024","May","SD"
"6036","Hughes","11499","2024","May","SD"
"6037","Hutchinson","4925","2024","May","SD"
"6038","Hyde","915","2024","May","SD"
"6039","Jackson","1806","2024","May","SD"
"6040","Jerauld","1212","2024","May","SD"
"6041","Jones","668","2024","May","SD"
"6042","Kingsbury","3654","2024","May","SD"
"6043","Lake","7642","2024","May","SD"
"6044","Lawrence","21004","2024","May","SD"
"6045","Lincoln","46227","2024","May","SD"
"6046","Lyman","2184","2024","May","SD"
"6047","Marshall","2769","2024","May","SD"
"6048","McCook","3854","2024","May","SD"
"6049","McPherson","1705","2024","May","SD"
"6050","Meade","20111","2024","May","SD"
"6051","Mellette","1129","2024","May","SD"
"6052","Miner","1585","2024","May","SD"
"6053","Minnehaha","130912","2024","May","SD"
"6054","Moody","4273","2024","May","SD"
"6055","Oglala Lakota","7876","2024","May","SD"
"6056","Pennington","86973","2024","May","SD"
"6057","Perkins","2163","2024","May","SD"
"6058","Potter","1670","2024","May","SD"
"6059","Roberts","6063","2024","May","SD"
"6060","Sanborn","1610","2024","May","SD"
"6061","Spink","4123","2024","May","SD"
"6062","Stanley","2142","2024","May","SD"
"6063","Sully","1126","2024","May","SD"
"6064","Todd","4441","2024","May","SD"
"6065","Tripp","3533","2024","May","SD"
"6066","Turner","5887","2024","May","SD"
"6067","Union","12215","2024","May","SD"
"6068","Walworth","3591","2024","May","SD"
"6069","Yankton","14450","2024","May","SD"
"6070","Ziebach","1574","2024","May","SD"
"6071","Aurora","1809","2024","June","SD"
"6072","Beadle","10033","2024","June","SD"
"6073","Bennett","1885","2024","June","SD"
"6074","Bon Homme","3898","2024","June","SD"
"6075","Brookings","20697","2024","June","SD"
"6076","Brown","25152","2024","June","SD"
"6077","Brule","3262","2024","June","SD"
"6078","Buffalo","833","2024","June","SD"
"6079","Butte","6801","2024","June","SD"
"6080","Campbell","1121","2024","June","SD"
"6081","Charles Mix","5299","2024","June","SD"
"6082","Clark","2556","2024","June","SD"
"6083","Clay","8129","2024","June","SD"
"6084","Codington","18103","2024","June","SD"
"6085","Corson","2237","2024","June","SD"
"6086","Custer","7822","2024","June","SD"
"6087","Davison","12622","2024","June","SD"
"6088","Day","3858","2024","June","SD"
"6089","Deuel","3061","2024","June","SD"
"6090","Dewey","3282","2024","June","SD"
"6091","Douglas","2070","2024","June","SD"
"6092","Edmunds","2694","2024","June","SD"
"6093","Fall River","6251","2024","June","SD"
"6094","Faulk","1552","2024","June","SD"
"6095","Grant","4760","2024","June","SD"
"6096","Gregory","2825","2024","June","SD"
"6097","Haakon","1387","2024","June","SD"
"6098","Hamlin","4118","2024","June","SD"
"6099","Hand","2276","2024","June","SD"
"6100","Hanson","3276","2024","June","SD"
"6101","Harding","1004","2024","June","SD"
"6102","Hughes","11509","2024","June","SD"
"6103","Hutchinson","4946","2024","June","SD"
"6104","Hyde","921","2024","June","SD"
"6105","Jackson","1811","2024","June","SD"
"6106","Jerauld","1213","2024","June","SD"
"6107","Jones","661","2024","June","SD"
"6108","Kingsbury","3660","2024","June","SD"
"6109","Lake","7653","2024","June","SD"
"6110","Lawrence","21072","2024","June","SD"
"6111","Lincoln","46454","2024","June","SD"
"6112","Lyman","2186","2024","June","SD"
"6113","Marshall","2766","2024","June","SD"
"6114","McCook","3840","2024","June","SD"
"6115","McPherson","1706","2024","June","SD"
"6116","Meade","20185","2024","June","SD"
"6117","Mellette","1130","2024","June","SD"
"6118","Miner","1588","2024","June","SD"
"6119","Minnehaha","131465","2024","June","SD"
"6120","Moody","4266","2024","June","SD"
"6121","Oglala Lakota","7899","2024","June","SD"
"6122","Pennington","87228","2024","June","SD"
"6123","Perkins","2167","2024","June","SD"
"6124","Potter","1682","2024","June","SD"
"6125","Roberts","6084","2024","June","SD"
"6126","Sanborn","1609","2024","June","SD"
"6127","Spink","4137","2024","June","SD"
"6128","Stanley","2153","2024","June","SD"
"6129","Sully","1128","2024","June","SD"
"6130","Todd","4436","2024","June","SD"
"6131","Tripp","3533","2024","June","SD"
"6132","Turner","5920","2024","June","SD"
"6133","Union","12241","2024","June","SD"
"6134","Walworth","3611","2024","June","SD"
"6135","Yankton","14484","2024","June","SD"
"6136","Ziebach","1575","2024","June","SD"
"6137","Aurora","1811","2024","July","SD"
"6138","Beadle","10054","2024","July","SD"
"6139","Bennett","1885","2024","July","SD"
"6140","Bon Homme","3920","2024","July","SD"
"6141","Brookings","20785","2024","July","SD"
"6142","Brown","25212","2024","July","SD"
"6143","Brule","3276","2024","July","SD"
"6144","Buffalo","833","2024","July","SD"
"6145","Butte","6820","2024","July","SD"
"6146","Campbell","1126","2024","July","SD"
"6147","Charles Mix","5311","2024","July","SD"
"6148","Clark","2562","2024","July","SD"
"6149","Clay","8182","2024","July","SD"
"6150","Codington","18232","2024","July","SD"
"6151","Corson","2250","2024","July","SD"
"6152","Custer","7848","2024","July","SD"
"6153","Davison","12698","2024","July","SD"
"6154","Day","3863","2024","July","SD"
"6155","Deuel","3061","2024","July","SD"
"6156","Dewey","3264","2024","July","SD"
"6157","Douglas","2070","2024","July","SD"
"6158","Edmunds","2697","2024","July","SD"
"6159","Fall River","6270","2024","July","SD"
"6160","Faulk","1556","2024","July","SD"
"6161","Grant","4753","2024","July","SD"
"6162","Gregory","2826","2024","July","SD"
"6163","Haakon","1392","2024","July","SD"
"6164","Hamlin","4138","2024","July","SD"
"6165","Hand","2283","2024","July","SD"
"6166","Hanson","3278","2024","July","SD"
"6167","Harding","1011","2024","July","SD"
"6168","Hughes","11544","2024","July","SD"
"6169","Hutchinson","4939","2024","July","SD"
"6170","Hyde","921","2024","July","SD"
"6171","Jackson","1811","2024","July","SD"
"6172","Jerauld","1214","2024","July","SD"
"6173","Jones","663","2024","July","SD"
"6174","Kingsbury","3659","2024","July","SD"
"6175","Lake","7688","2024","July","SD"
"6176","Lawrence","21277","2024","July","SD"
"6177","Lincoln","46714","2024","July","SD"
"6178","Lyman","2176","2024","July","SD"
"6179","Marshall","2761","2024","July","SD"
"6180","McCook","3862","2024","July","SD"
"6181","McPherson","1707","2024","July","SD"
"6182","Meade","20230","2024","July","SD"
"6183","Mellette","1137","2024","July","SD"
"6184","Miner","1590","2024","July","SD"
"6185","Minnehaha","132058","2024","July","SD"
"6186","Moody","4258","2024","July","SD"
"6187","Oglala Lakota","7923","2024","July","SD"
"6188","Pennington","87772","2024","July","SD"
"6189","Perkins","2169","2024","July","SD"
"6190","Potter","1678","2024","July","SD"
"6191","Roberts","6089","2024","July","SD"
"6192","Sanborn","1615","2024","July","SD"
"6193","Spink","4147","2024","July","SD"
"6194","Stanley","2146","2024","July","SD"
"6195","Sully","1130","2024","July","SD"
"6196","Todd","4429","2024","July","SD"
"6197","Tripp","3531","2024","July","SD"
"6198","Turner","5936","2024","July","SD"
"6199","Union","12294","2024","July","SD"
"6200","Walworth","3623","2024","July","SD"
"6201","Yankton","14542","2024","July","SD"
"6202","Ziebach","1580","2024","July","SD"
"6203","Aurora","1816","2024","August","SD"
"6204","Beadle","10060","2024","August","SD"
"6205","Bennett","1876","2024","August","SD"
"6206","Bon Homme","3929","2024","August","SD"
"6207","Brookings","20831","2024","August","SD"
"6208","Brown","25268","2024","August","SD"
"6209","Brule","3277","2024","August","SD"
"6210","Buffalo","833","2024","August","SD"
"6211","Butte","6834","2024","August","SD"
"6212","Campbell","1130","2024","August","SD"
"6213","Charles Mix","5318","2024","August","SD"
"6214","Clark","2577","2024","August","SD"
"6215","Clay","8216","2024","August","SD"
"6216","Codington","18336","2024","August","SD"
"6217","Corson","2253","2024","August","SD"
"6218","Custer","7883","2024","August","SD"
"6219","Davison","12735","2024","August","SD"
"6220","Day","3868","2024","August","SD"
"6221","Deuel","3087","2024","August","SD"
"6222","Dewey","3266","2024","August","SD"
"6223","Douglas","2075","2024","August","SD"
"6224","Edmunds","2693","2024","August","SD"
"6225","Fall River","6292","2024","August","SD"
"6226","Faulk","1555","2024","August","SD"
"6227","Grant","4760","2024","August","SD"
"6228","Gregory","2832","2024","August","SD"
"6229","Haakon","1400","2024","August","SD"
"6230","Hamlin","4150","2024","August","SD"
"6231","Hand","2289","2024","August","SD"
"6232","Hanson","3299","2024","August","SD"
"6233","Harding","1013","2024","August","SD"
"6234","Hughes","11621","2024","August","SD"
"6235","Hutchinson","4985","2024","August","SD"
"6236","Hyde","921","2024","August","SD"
"6237","Jackson","1813","2024","August","SD"
"6238","Jerauld","1219","2024","August","SD"
"6239","Jones","661","2024","August","SD"
"6240","Kingsbury","3673","2024","August","SD"
"6241","Lake","7710","2024","August","SD"
"6242","Lawrence","21421","2024","August","SD"
"6243","Lincoln","47085","2024","August","SD"
"6244","Lyman","2190","2024","August","SD"
"6245","Marshall","2777","2024","August","SD"
"6246","McCook","3881","2024","August","SD"
"6247","McPherson","1696","2024","August","SD"
"6248","Meade","20295","2024","August","SD"
"6249","Mellette","1138","2024","August","SD"
"6250","Miner","1590","2024","August","SD"
"6251","Minnehaha","132556","2024","August","SD"
"6252","Moody","4255","2024","August","SD"
"6253","Oglala Lakota","7922","2024","August","SD"
"6254","Pennington","88239","2024","August","SD"
"6255","Perkins","2168","2024","August","SD"
"6256","Potter","1682","2024","August","SD"
"6257","Roberts","6100","2024","August","SD"
"6258","Sanborn","1610","2024","August","SD"
"6259","Spink","4161","2024","August","SD"
"6260","Stanley","2160","2024","August","SD"
"6261","Sully","1133","2024","August","SD"
"6262","Todd","4452","2024","August","SD"
"6263","Tripp","3547","2024","August","SD"
"6264","Turner","5945","2024","August","SD"
"6265","Union","12352","2024","August","SD"
"6266","Walworth","3627","2024","August","SD"
"6267","Yankton","14574","2024","August","SD"
"6268","Ziebach","1583","2024","August","SD"
"6269","Aurora","1812","2024","September","SD"
"6270","Beadle","10008","2024","September","SD"
"6271","Bennett","1793","2024","September","SD"
"6272","Bon Homme","3939","2024","September","SD"
"6273","Brookings","21004","2024","September","SD"
"6274","Brown","25431","2024","September","SD"
"6275","Brule","3295","2024","September","SD"
"6276","Buffalo","823","2024","September","SD"
"6277","Butte","6838","2024","September","SD"
"6278","Campbell","1134","2024","September","SD"
"6279","Charles Mix","5328","2024","September","SD"
"6280","Clark","2584","2024","September","SD"
"6281","Clay","8265","2024","September","SD"
"6282","Codington","18447","2024","September","SD"
"6283","Corson","2239","2024","September","SD"
"6284","Custer","7853","2024","September","SD"
"6285","Davison","12841","2024","September","SD"
"6286","Day","3885","2024","September","SD"
"6287","Deuel","3075","2024","September","SD"
"6288","Dewey","3275","2024","September","SD"
"6289","Douglas","2080","2024","September","SD"
"6290","Edmunds","2694","2024","September","SD"
"6291","Fall River","6324","2024","September","SD"
"6292","Faulk","1556","2024","September","SD"
"6293","Grant","4777","2024","September","SD"
"6294","Gregory","2844","2024","September","SD"
"6295","Haakon","1399","2024","September","SD"
"6296","Hamlin","4171","2024","September","SD"
"6297","Hand","2295","2024","September","SD"
"6298","Hanson","3299","2024","September","SD"
"6299","Harding","1015","2024","September","SD"
"6300","Hughes","11691","2024","September","SD"
"6301","Hutchinson","4983","2024","September","SD"
"6302","Hyde","917","2024","September","SD"
"6303","Jackson","1819","2024","September","SD"
"6304","Jerauld","1237","2024","September","SD"
"6305","Jones","668","2024","September","SD"
"6306","Kingsbury","3694","2024","September","SD"
"6307","Lake","7678","2024","September","SD"
"6308","Lawrence","21628","2024","September","SD"
"6309","Lincoln","47376","2024","September","SD"
"6310","Lyman","2181","2024","September","SD"
"6311","Marshall","2784","2024","September","SD"
"6312","McCook","3912","2024","September","SD"
"6313","McPherson","1706","2024","September","SD"
"6314","Meade","20230","2024","September","SD"
"6315","Mellette","1142","2024","September","SD"
"6316","Miner","1590","2024","September","SD"
"6317","Minnehaha","133428","2024","September","SD"
"6318","Moody","4286","2024","September","SD"
"6319","Oglala Lakota","7954","2024","September","SD"
"6320","Pennington","88385","2024","September","SD"
"6321","Perkins","2163","2024","September","SD"
"6322","Potter","1680","2024","September","SD"
"6323","Roberts","6080","2024","September","SD"
"6324","Sanborn","1598","2024","September","SD"
"6325","Spink","4177","2024","September","SD"
"6326","Stanley","2166","2024","September","SD"
"6327","Sully","1134","2024","September","SD"
"6328","Todd","4456","2024","September","SD"
"6329","Tripp","3569","2024","September","SD"
"6330","Turner","5956","2024","September","SD"
"6331","Union","12397","2024","September","SD"
"6332","Walworth","3593","2024","September","SD"
"6333","Yankton","14624","2024","September","SD"
"6334","Ziebach","1584","2024","September","SD"
"6335","Aurora","1843","2025","January","SD"
"6336","Beadle","10247","2025","January","SD"
"6337","Bennett","1838","2025","January","SD"
"6338","Bon Homme","3990","2025","January","SD"
"6339","Brookings","21728","2025","January","SD"
"6340","Brown","25902","2025","January","SD"
"6341","Brule","3359","2025","January","SD"
"6342","Buffalo","869","2025","January","SD"
"6343","Butte","7013","2025","January","SD"
"6344","Campbell","1139","2025","January","SD"
"6345","Charles Mix","5452","2025","January","SD"
"6346","Clark","2614","2025","January","SD"
"6347","Clay","8602","2025","January","SD"
"6348","Codington","18989","2025","January","SD"
"6349","Corson","2315","2025","January","SD"
"6350","Custer","8066","2025","January","SD"
"6351","Davison","13143","2025","January","SD"
"6352","Day","3940","2025","January","SD"
"6353","Deuel","3141","2025","January","SD"
"6354","Dewey","3405","2025","January","SD"
"6355","Douglas","2111","2025","January","SD"
"6356","Edmunds","2738","2025","January","SD"
"6357","Fall River","6473","2025","January","SD"
"6358","Faulk","1576","2025","January","SD"
"6359","Grant","4851","2025","January","SD"
"6360","Gregory","2909","2025","January","SD"
"6361","Haakon","1405","2025","January","SD"
"6362","Hamlin","4278","2025","January","SD"
"6363","Hand","2314","2025","January","SD"
"6364","Hanson","3348","2025","January","SD"
"6365","Harding","1030","2025","January","SD"
"6366","Hughes","11933","2025","January","SD"
"6367","Hutchinson","5039","2025","January","SD"
"6368","Hyde","935","2025","January","SD"
"6369","Jackson","1827","2025","January","SD"
"6370","Jerauld","1264","2025","January","SD"
"6371","Jones","675","2025","January","SD"
"6372","Kingsbury","3702","2025","January","SD"
"6373","Lake","7886","2025","January","SD"
"6374","Lawrence","22464","2025","January","SD"
"6375","Lincoln","49330","2025","January","SD"
"6376","Lyman","2191","2025","January","SD"
"6377","Marshall","2824","2025","January","SD"
"6378","McCook","4009","2025","January","SD"
"6379","McPherson","1731","2025","January","SD"
"6380","Meade","20946","2025","January","SD"
"6381","Mellette","1169","2025","January","SD"
"6382","Miner","1624","2025","January","SD"
"6383","Minnehaha","137996","2025","January","SD"
"6384","Moody","4422","2025","January","SD"
"6385","Oglala Lakota","8139","2025","January","SD"
"6386","Pennington","91286","2025","January","SD"
"6387","Perkins","2180","2025","January","SD"
"6388","Potter","1681","2025","January","SD"
"6389","Roberts","6221","2025","January","SD"
"6390","Sanborn","1647","2025","January","SD"
"6391","Spink","4253","2025","January","SD"
"6392","Stanley","2242","2025","January","SD"
"6393","Sully","1146","2025","January","SD"
"6394","Todd","4545","2025","January","SD"
"6395","Tripp","3587","2025","January","SD"
"6396","Turner","6094","2025","January","SD"
"6397","Union","12739","2025","January","SD"
"6398","Walworth","3667","2025","January","SD"
"6399","Yankton","14947","2025","January","SD"
"6400","Ziebach","1607","2025","January","SD"
"6401","Aurora","1847","2025","October","SD"
"6402","Beadle","10344","2025","October","SD"
"6403","Bennett","1796","2025","October","SD"
"6404","Bon Homme","4042","2025","October","SD"
"6405","Brookings","22073","2025","October","SD"
"6406","Brown","25874","2025","October","SD"
"6407","Brule","3352","2025","October","SD"
"6408","Buffalo","873","2025","October","SD"
"6409","Butte","7058","2025","October","SD"
"6410","Campbell","1137","2025","October","SD"
"6411","Charles Mix","5473","2025","October","SD"
"6412","Clark","2634","2025","October","SD"
"6413","Clay","8707","2025","October","SD"
"6414","Codington","19297","2025","October","SD"
"6415","Corson","2327","2025","October","SD"
"6416","Custer","8169","2025","October","SD"
"6417","Davison","13307","2025","October","SD"
"6418","Day","3939","2025","October","SD"
"6419","Deuel","3184","2025","October","SD"
"6420","Dewey","3455","2025","October","SD"
"6421","Douglas","2119","2025","October","SD"
"6422","Edmunds","2764","2025","October","SD"
"6423","Fall River","6614","2025","October","SD"
"6424","Faulk","1560","2025","October","SD"
"6425","Grant","4892","2025","October","SD"
"6426","Gregory","2940","2025","October","SD"
"6427","Haakon","1398","2025","October","SD"
"6428","Hamlin","4319","2025","October","SD"
"6429","Hand","2249","2025","October","SD"
"6430","Hanson","3404","2025","October","SD"
"6431","Harding","1021","2025","October","SD"
"6432","Hughes","12094","2025","October","SD"
"6433","Hutchinson","5035","2025","October","SD"
"6434","Hyde","941","2025","October","SD"
"6435","Jackson","1847","2025","October","SD"
"6436","Jerauld","1278","2025","October","SD"
"6437","Jones","672","2025","October","SD"
"6438","Kingsbury","3715","2025","October","SD"
"6439","Lake","7905","2025","October","SD"
"6440","Lawrence","23040","2025","October","SD"
"6441","Lincoln","50271","2025","October","SD"
"6442","Lyman","2212","2025","October","SD"
"6443","Marshall","2837","2025","October","SD"
"6444","McCook","4002","2025","October","SD"
"6445","McPherson","1692","2025","October","SD"
"6446","Meade","21130","2025","October","SD"
"6447","Mellette","1187","2025","October","SD"
"6448","Miner","1624","2025","October","SD"
"6449","Minnehaha","139840","2025","October","SD"
"6450","Moody","4454","2025","October","SD"
"6451","Oglala Lakota","8156","2025","October","SD"
"6452","Pennington","92506","2025","October","SD"
"6453","Perkins","2197","2025","October","SD"
"6454","Potter","1696","2025","October","SD"
"6455","Roberts","6297","2025","October","SD"
"6456","Sanborn","1660","2025","October","SD"
"6457","Spink","4245","2025","October","SD"
"6458","Stanley","2258","2025","October","SD"
"6459","Sully","1162","2025","October","SD"
"6460","Todd","4608","2025","October","SD"
"6461","Tripp","3592","2025","October","SD"
"6462","Turner","6119","2025","October","SD"
"6463","Union","12751","2025","October","SD"
"6464","Walworth","3720","2025","October","SD"
"6465","Yankton","14934","2025","October","SD"
"6466","Ziebach","1597","2025","October","SD"
"6467","Aurora","1815","2025","November","SD"
"6468","Beadle","10280","2025","November","SD"
"6469","Bennett","1784","2025","November","SD"
"6470","Bon Homme","4009","2025","November","SD"
"6471","Brookings","21990","2025","November","SD"
"6472","Brown","23677","2025","November","SD"
"6473","Brule","3260","2025","November","SD"
"6474","Buffalo","870","2025","November","SD"
"6475","Butte","7035","2025","November","SD"
"6476","Campbell","1103","2025","November","SD"
"6477","Charles Mix","5479","2025","November","SD"
"6478","Clark","2599","2025","November","SD"
"6479","Clay","8241","2025","November","SD"
"6480","Codington","19055","2025","November","SD"
"6481","Corson","2242","2025","November","SD"
"6482","Custer","8157","2025","November","SD"
"6483","Davison","13210","2025","November","SD"
"6484","Day","3938","2025","November","SD"
"6485","Deuel","3157","2025","November","SD"
"6486","Dewey","3424","2025","November","SD"
"6487","Douglas","2117","2025","November","SD"
"6488","Edmunds","2760","2025","November","SD"
"6489","Fall River","6589","2025","November","SD"
"6490","Faulk","1513","2025","November","SD"
"6491","Grant","4844","2025","November","SD"
"6492","Gregory","2907","2025","November","SD"
"6493","Haakon","1377","2025","November","SD"
"6494","Hamlin","4234","2025","November","SD"
"6495","Hand","2247","2025","November","SD"
"6496","Hanson","3071","2025","November","SD"
"6497","Harding","1014","2025","November","SD"
"6498","Hughes","12054","2025","November","SD"
"6499","Hutchinson","4977","2025","November","SD"
"6500","Hyde","941","2025","November","SD"
"6501","Jackson","1851","2025","November","SD"
"6502","Jerauld","1284","2025","November","SD"
"6503","Jones","659","2025","November","SD"
"6504","Kingsbury","3653","2025","November","SD"
"6505","Lake","7846","2025","November","SD"
"6506","Lawrence","22906","2025","November","SD"
"6507","Lincoln","49653","2025","November","SD"
"6508","Lyman","2198","2025","November","SD"
"6509","Marshall","2809","2025","November","SD"
"6510","McCook","3935","2025","November","SD"
"6511","McPherson","1656","2025","November","SD"
"6512","Meade","20983","2025","November","SD"
"6513","Mellette","1174","2025","November","SD"
"6514","Miner","1587","2025","November","SD"
"6515","Minnehaha","137865","2025","November","SD"
"6516","Moody","4460","2025","November","SD"
"6517","Oglala Lakota","8104","2025","November","SD"
"6518","Pennington","91481","2025","November","SD"
"6519","Perkins","2130","2025","November","SD"
"6520","Potter","1702","2025","November","SD"
"6521","Roberts","6149","2025","November","SD"
"6522","Sanborn","1627","2025","November","SD"
"6523","Spink","4220","2025","November","SD"
"6524","Stanley","2262","2025","November","SD"
"6525","Sully","1151","2025","November","SD"
"6526","Todd","4486","2025","November","SD"
"6527","Tripp","3556","2025","November","SD"
"6528","Turner","6035","2025","November","SD"
"6529","Union","12626","2025","November","SD"
"6530","Walworth","3686","2025","November","SD"
"6531","Yankton","14666","2025","November","SD"
"6532","Ziebach","1596","2025","November","SD"
"6533","Aurora","1843","2025","February","SD"
"6534","Beadle","10254","2025","February","SD"
"6535","Bennett","1836","2025","February","SD"
"6536","Bon Homme","3996","2025","February","SD"
"6537","Brookings","21761","2025","February","SD"
"6538","Brown","25925","2025","February","SD"
"6539","Brule","3364","2025","February","SD"
"6540","Buffalo","869","2025","February","SD"
"6541","Butte","7009","2025","February","SD"
"6542","Campbell","1138","2025","February","SD"
"6543","Charles Mix","5451","2025","February","SD"
"6544","Clark","2606","2025","February","SD"
"6545","Clay","8612","2025","February","SD"
"6546","Codington","19026","2025","February","SD"
"6547","Corson","2322","2025","February","SD"
"6548","Custer","8085","2025","February","SD"
"6549","Davison","13144","2025","February","SD"
"6550","Day","3936","2025","February","SD"
"6551","Deuel","3142","2025","February","SD"
"6552","Dewey","3396","2025","February","SD"
"6553","Douglas","2109","2025","February","SD"
"6554","Edmunds","2735","2025","February","SD"
"6555","Fall River","6488","2025","February","SD"
"6556","Faulk","1573","2025","February","SD"
"6557","Grant","4852","2025","February","SD"
"6558","Gregory","2906","2025","February","SD"
"6559","Haakon","1407","2025","February","SD"
"6560","Hamlin","4286","2025","February","SD"
"6561","Hand","2311","2025","February","SD"
"6562","Hanson","3352","2025","February","SD"
"6563","Harding","1030","2025","February","SD"
"6564","Hughes","11970","2025","February","SD"
"6565","Hutchinson","5039","2025","February","SD"
"6566","Hyde","931","2025","February","SD"
"6567","Jackson","1823","2025","February","SD"
"6568","Jerauld","1262","2025","February","SD"
"6569","Jones","672","2025","February","SD"
"6570","Kingsbury","3699","2025","February","SD"
"6571","Lake","7892","2025","February","SD"
"6572","Lawrence","22499","2025","February","SD"
"6573","Lincoln","49455","2025","February","SD"
"6574","Lyman","2196","2025","February","SD"
"6575","Marshall","2825","2025","February","SD"
"6576","McCook","4002","2025","February","SD"
"6577","McPherson","1733","2025","February","SD"
"6578","Meade","21005","2025","February","SD"
"6579","Mellette","1170","2025","February","SD"
"6580","Miner","1627","2025","February","SD"
"6581","Minnehaha","138159","2025","February","SD"
"6582","Moody","4414","2025","February","SD"
"6583","Oglala Lakota","8164","2025","February","SD"
"6584","Pennington","91368","2025","February","SD"
"6585","Perkins","2183","2025","February","SD"
"6586","Potter","1685","2025","February","SD"
"6587","Roberts","6236","2025","February","SD"
"6588","Sanborn","1645","2025","February","SD"
"6589","Spink","4259","2025","February","SD"
"6590","Stanley","2246","2025","February","SD"
"6591","Sully","1147","2025","February","SD"
"6592","Todd","4538","2025","February","SD"
"6593","Tripp","3576","2025","February","SD"
"6594","Turner","6093","2025","February","SD"
"6595","Union","12740","2025","February","SD"
"6596","Walworth","3669","2025","February","SD"
"6597","Yankton","14953","2025","February","SD"
"6598","Ziebach","1608","2025","February","SD"
"6599","Aurora","1840","2025","March","SD"
"6600","Beadle","10283","2025","March","SD"
"6601","Bennett","1838","2025","March","SD"
"6602","Bon Homme","3999","2025","March","SD"
"6603","Brookings","21786","2025","March","SD"
"6604","Brown","25896","2025","March","SD"
"6605","Brule","3357","2025","March","SD"
"6606","Buffalo","869","2025","March","SD"
"6607","Butte","7013","2025","March","SD"
"6608","Campbell","1144","2025","March","SD"
"6609","Charles Mix","5450","2025","March","SD"
"6610","Clark","2606","2025","March","SD"
"6611","Clay","8625","2025","March","SD"
"6612","Codington","19040","2025","March","SD"
"6613","Corson","2311","2025","March","SD"
"6614","Custer","8099","2025","March","SD"
"6615","Davison","13166","2025","March","SD"
"6616","Day","3932","2025","March","SD"
"6617","Deuel","3146","2025","March","SD"
"6618","Dewey","3413","2025","March","SD"
"6619","Douglas","2109","2025","March","SD"
"6620","Edmunds","2734","2025","March","SD"
"6621","Fall River","6496","2025","March","SD"
"6622","Faulk","1574","2025","March","SD"
"6623","Grant","4889","2025","March","SD"
"6624","Gregory","2904","2025","March","SD"
"6625","Haakon","1414","2025","March","SD"
"6626","Hamlin","4291","2025","March","SD"
"6627","Hand","2306","2025","March","SD"
"6628","Hanson","3354","2025","March","SD"
"6629","Harding","1029","2025","March","SD"
"6630","Hughes","11982","2025","March","SD"
"6631","Hutchinson","5039","2025","March","SD"
"6632","Hyde","933","2025","March","SD"
"6633","Jackson","1822","2025","March","SD"
"6634","Jerauld","1257","2025","March","SD"
"6635","Jones","673","2025","March","SD"
"6636","Kingsbury","3698","2025","March","SD"
"6637","Lake","7887","2025","March","SD"
"6638","Lawrence","22523","2025","March","SD"
"6639","Lincoln","49534","2025","March","SD"
"6640","Lyman","2205","2025","March","SD"
"6641","Marshall","2821","2025","March","SD"
"6642","McCook","4001","2025","March","SD"
"6643","McPherson","1734","2025","March","SD"
"6644","Meade","21034","2025","March","SD"
"6645","Mellette","1173","2025","March","SD"
"6646","Miner","1630","2025","March","SD"
"6647","Minnehaha","138203","2025","March","SD"
"6648","Moody","4410","2025","March","SD"
"6649","Oglala Lakota","8167","2025","March","SD"
"6650","Pennington","91424","2025","March","SD"
"6651","Perkins","2184","2025","March","SD"
"6652","Potter","1690","2025","March","SD"
"6653","Roberts","6236","2025","March","SD"
"6654","Sanborn","1642","2025","March","SD"
"6655","Spink","4264","2025","March","SD"
"6656","Stanley","2246","2025","March","SD"
"6657","Sully","1147","2025","March","SD"
"6658","Todd","4537","2025","March","SD"
"6659","Tripp","3610","2025","March","SD"
"6660","Turner","6097","2025","March","SD"
"6661","Union","12743","2025","March","SD"
"6662","Walworth","3675","2025","March","SD"
"6663","Yankton","14961","2025","March","SD"
"6664","Ziebach","1606","2025","March","SD"
"6665","Aurora","1847","2025","April","SD"
"6666","Beadle","10313","2025","April","SD"
"6667","Bennett","1831","2025","April","SD"
"6668","Bon Homme","4019","2025","April","SD"
"6669","Brookings","21805","2025","April","SD"
"6670","Brown","25903","2025","April","SD"
"6671","Brule","3354","2025","April","SD"
"6672","Buffalo","868","2025","April","SD"
"6673","Butte","7016","2025","April","SD"
"6674","Campbell","1144","2025","April","SD"
"6675","Charles Mix","5457","2025","April","SD"
"6676","Clark","2614","2025","April","SD"
"6677","Clay","8636","2025","April","SD"
"6678","Codington","19070","2025","April","SD"
"6679","Corson","2315","2025","April","SD"
"6680","Custer","8117","2025","April","SD"
"6681","Davison","13186","2025","April","SD"
"6682","Day","3942","2025","April","SD"
"6683","Deuel","3154","2025","April","SD"
"6684","Dewey","3407","2025","April","SD"
"6685","Douglas","2109","2025","April","SD"
"6686","Edmunds","2744","2025","April","SD"
"6687","Fall River","6509","2025","April","SD"
"6688","Faulk","1572","2025","April","SD"
"6689","Grant","4882","2025","April","SD"
"6690","Gregory","2913","2025","April","SD"
"6691","Haakon","1406","2025","April","SD"
"6692","Hamlin","4289","2025","April","SD"
"6693","Hand","2303","2025","April","SD"
"6694","Hanson","3369","2025","April","SD"
"6695","Harding","1030","2025","April","SD"
"6696","Hughes","11992","2025","April","SD"
"6697","Hutchinson","5042","2025","April","SD"
"6698","Hyde","934","2025","April","SD"
"6699","Jackson","1836","2025","April","SD"
"6700","Jerauld","1261","2025","April","SD"
"6701","Jones","671","2025","April","SD"
"6702","Kingsbury","3701","2025","April","SD"
"6703","Lake","7897","2025","April","SD"
"6704","Lawrence","22550","2025","April","SD"
"6705","Lincoln","49659","2025","April","SD"
"6706","Lyman","2201","2025","April","SD"
"6707","Marshall","2823","2025","April","SD"
"6708","McCook","4002","2025","April","SD"
"6709","McPherson","1720","2025","April","SD"
"6710","Meade","21069","2025","April","SD"
"6711","Mellette","1172","2025","April","SD"
"6712","Miner","1628","2025","April","SD"
"6713","Minnehaha","138425","2025","April","SD"
"6714","Moody","4416","2025","April","SD"
"6715","Oglala Lakota","8162","2025","April","SD"
"6716","Pennington","91570","2025","April","SD"
"6717","Perkins","2194","2025","April","SD"
"6718","Potter","1696","2025","April","SD"
"6719","Roberts","6240","2025","April","SD"
"6720","Sanborn","1641","2025","April","SD"
"6721","Spink","4256","2025","April","SD"
"6722","Stanley","2244","2025","April","SD"
"6723","Sully","1148","2025","April","SD"
"6724","Todd","4611","2025","April","SD"
"6725","Tripp","3608","2025","April","SD"
"6726","Turner","6087","2025","April","SD"
"6727","Union","12769","2025","April","SD"
"6728","Walworth","3688","2025","April","SD"
"6729","Yankton","14956","2025","April","SD"
"6730","Ziebach","1603","2025","April","SD"
"6731","Aurora","1847","2025","May","SD"
"6732","Beadle","10323","2025","May","SD"
"6733","Bennett","1830","2025","May","SD"
"6734","Bon Homme","4037","2025","May","SD"
"6735","Brookings","21851","2025","May","SD"
"6736","Brown","25894","2025","May","SD"
"6737","Brule","3349","2025","May","SD"
"6738","Buffalo","870","2025","May","SD"
"6739","Butte","7020","2025","May","SD"
"6740","Campbell","1141","2025","May","SD"
"6741","Charles Mix","5468","2025","May","SD"
"6742","Clark","2622","2025","May","SD"
"6743","Clay","8651","2025","May","SD"
"6744","Codington","19096","2025","May","SD"
"6745","Corson","2315","2025","May","SD"
"6746","Custer","8126","2025","May","SD"
"6747","Davison","13184","2025","May","SD"
"6748","Day","3936","2025","May","SD"
"6749","Deuel","3156","2025","May","SD"
"6750","Dewey","3413","2025","May","SD"
"6751","Douglas","2110","2025","May","SD"
"6752","Edmunds","2753","2025","May","SD"
"6753","Fall River","6513","2025","May","SD"
"6754","Faulk","1568","2025","May","SD"
"6755","Grant","4903","2025","May","SD"
"6756","Gregory","2915","2025","May","SD"
"6757","Haakon","1405","2025","May","SD"
"6758","Hamlin","4296","2025","May","SD"
"6759","Hand","2301","2025","May","SD"
"6760","Hanson","3395","2025","May","SD"
"6761","Harding","1028","2025","May","SD"
"6762","Hughes","12009","2025","May","SD"
"6763","Hutchinson","5047","2025","May","SD"
"6764","Hyde","937","2025","May","SD"
"6765","Jackson","1847","2025","May","SD"
"6766","Jerauld","1265","2025","May","SD"
"6767","Jones","672","2025","May","SD"
"6768","Kingsbury","3714","2025","May","SD"
"6769","Lake","7899","2025","May","SD"
"6770","Lawrence","22683","2025","May","SD"
"6771","Lincoln","49779","2025","May","SD"
"6772","Lyman","2206","2025","May","SD"
"6773","Marshall","2825","2025","May","SD"
"6774","McCook","4003","2025","May","SD"
"6775","McPherson","1719","2025","May","SD"
"6776","Meade","21122","2025","May","SD"
"6777","Mellette","1171","2025","May","SD"
"6778","Miner","1627","2025","May","SD"
"6779","Minnehaha","138612","2025","May","SD"
"6780","Moody","4440","2025","May","SD"
"6781","Oglala Lakota","8158","2025","May","SD"
"6782","Pennington","91690","2025","May","SD"
"6783","Perkins","2193","2025","May","SD"
"6784","Potter","1699","2025","May","SD"
"6785","Roberts","6248","2025","May","SD"
"6786","Sanborn","1646","2025","May","SD"
"6787","Spink","4254","2025","May","SD"
"6788","Stanley","2245","2025","May","SD"
"6789","Sully","1149","2025","May","SD"
"6790","Todd","4613","2025","May","SD"
"6791","Tripp","3599","2025","May","SD"
"6792","Turner","6096","2025","May","SD"
"6793","Union","12812","2025","May","SD"
"6794","Walworth","3693","2025","May","SD"
"6795","Yankton","14945","2025","May","SD"
"6796","Ziebach","1600","2025","May","SD"
"6797","Aurora","1847","2025","June","SD"
"6798","Beadle","10314","2025","June","SD"
"6799","Bennett","1807","2025","June","SD"
"6800","Bon Homme","4039","2025","June","SD"
"6801","Brookings","21903","2025","June","SD"
"6802","Brown","25863","2025","June","SD"
"6803","Brule","3359","2025","June","SD"
"6804","Buffalo","869","2025","June","SD"
"6805","Butte","7024","2025","June","SD"
"6806","Campbell","1142","2025","June","SD"
"6807","Charles Mix","5471","2025","June","SD"
"6808","Clark","2628","2025","June","SD"
"6809","Clay","8656","2025","June","SD"
"6810","Codington","19174","2025","June","SD"
"6811","Corson","2328","2025","June","SD"
"6812","Custer","8133","2025","June","SD"
"6813","Davison","13208","2025","June","SD"
"6814","Day","3933","2025","June","SD"
"6815","Deuel","3165","2025","June","SD"
"6816","Dewey","3418","2025","June","SD"
"6817","Douglas","2115","2025","June","SD"
"6818","Edmunds","2759","2025","June","SD"
"6819","Fall River","6530","2025","June","SD"
"6820","Faulk","1565","2025","June","SD"
"6821","Grant","4907","2025","June","SD"
"6822","Gregory","2910","2025","June","SD"
"6823","Haakon","1404","2025","June","SD"
"6824","Hamlin","4302","2025","June","SD"
"6825","Hand","2276","2025","June","SD"
"6826","Hanson","3395","2025","June","SD"
"6827","Harding","1026","2025","June","SD"
"6828","Hughes","12018","2025","June","SD"
"6829","Hutchinson","5053","2025","June","SD"
"6830","Hyde","939","2025","June","SD"
"6831","Jackson","1843","2025","June","SD"
"6832","Jerauld","1268","2025","June","SD"
"6833","Jones","673","2025","June","SD"
"6834","Kingsbury","3716","2025","June","SD"
"6835","Lake","7901","2025","June","SD"
"6836","Lawrence","22759","2025","June","SD"
"6837","Lincoln","49928","2025","June","SD"
"6838","Lyman","2209","2025","June","SD"
"6839","Marshall","2832","2025","June","SD"
"6840","McCook","4006","2025","June","SD"
"6841","McPherson","1717","2025","June","SD"
"6842","Meade","21141","2025","June","SD"
"6843","Mellette","1177","2025","June","SD"
"6844","Miner","1625","2025","June","SD"
"6845","Minnehaha","138815","2025","June","SD"
"6846","Moody","4448","2025","June","SD"
"6847","Oglala Lakota","8156","2025","June","SD"
"6848","Pennington","91787","2025","June","SD"
"6849","Perkins","2193","2025","June","SD"
"6850","Potter","1701","2025","June","SD"
"6851","Roberts","6253","2025","June","SD"
"6852","Sanborn","1648","2025","June","SD"
"6853","Spink","4259","2025","June","SD"
"6854","Stanley","2249","2025","June","SD"
"6855","Sully","1151","2025","June","SD"
"6856","Todd","4618","2025","June","SD"
"6857","Tripp","3604","2025","June","SD"
"6858","Turner","6099","2025","June","SD"
"6859","Union","12829","2025","June","SD"
"6860","Walworth","3706","2025","June","SD"
"6861","Yankton","14940","2025","June","SD"
"6862","Ziebach","1600","2025","June","SD"
"6863","Aurora","1849","2025","July","SD"
"6864","Beadle","10344","2025","July","SD"
"6865","Bennett","1798","2025","July","SD"
"6866","Bon Homme","4042","2025","July","SD"
"6867","Brookings","21905","2025","July","SD"
"6868","Brown","25902","2025","July","SD"
"6869","Brule","3364","2025","July","SD"
"6870","Buffalo","868","2025","July","SD"
"6871","Butte","7031","2025","July","SD"
"6872","Campbell","1141","2025","July","SD"
"6873","Charles Mix","5468","2025","July","SD"
"6874","Clark","2626","2025","July","SD"
"6875","Clay","8658","2025","July","SD"
"6876","Codington","19231","2025","July","SD"
"6877","Corson","2329","2025","July","SD"
"6878","Custer","8170","2025","July","SD"
"6879","Davison","13246","2025","July","SD"
"6880","Day","3934","2025","July","SD"
"6881","Deuel","3160","2025","July","SD"
"6882","Dewey","3432","2025","July","SD"
"6883","Douglas","2119","2025","July","SD"
"6884","Edmunds","2756","2025","July","SD"
"6885","Fall River","6553","2025","July","SD"
"6886","Faulk","1566","2025","July","SD"
"6887","Grant","4912","2025","July","SD"
"6888","Gregory","2921","2025","July","SD"
"6889","Haakon","1399","2025","July","SD"
"6890","Hamlin","4316","2025","July","SD"
"6891","Hand","2273","2025","July","SD"
"6892","Hanson","3402","2025","July","SD"
"6893","Harding","1027","2025","July","SD"
"6894","Hughes","12037","2025","July","SD"
"6895","Hutchinson","5055","2025","July","SD"
"6896","Hyde","940","2025","July","SD"
"6897","Jackson","1848","2025","July","SD"
"6898","Jerauld","1271","2025","July","SD"
"6899","Jones","674","2025","July","SD"
"6900","Kingsbury","3722","2025","July","SD"
"6901","Lake","7914","2025","July","SD"
"6902","Lawrence","22869","2025","July","SD"
"6903","Lincoln","50057","2025","July","SD"
"6904","Lyman","2208","2025","July","SD"
"6905","Marshall","2839","2025","July","SD"
"6906","McCook","4008","2025","July","SD"
"6907","McPherson","1686","2025","July","SD"
"6908","Meade","21204","2025","July","SD"
"6909","Mellette","1183","2025","July","SD"
"6910","Miner","1626","2025","July","SD"
"6911","Minnehaha","139072","2025","July","SD"
"6912","Moody","4442","2025","July","SD"
"6913","Oglala Lakota","8157","2025","July","SD"
"6914","Pennington","92069","2025","July","SD"
"6915","Perkins","2196","2025","July","SD"
"6916","Potter","1694","2025","July","SD"
"6917","Roberts","6259","2025","July","SD"
"6918","Sanborn","1649","2025","July","SD"
"6919","Spink","4254","2025","July","SD"
"6920","Stanley","2252","2025","July","SD"
"6921","Sully","1161","2025","July","SD"
"6922","Todd","4614","2025","July","SD"
"6923","Tripp","3601","2025","July","SD"
"6924","Turner","6120","2025","July","SD"
"6925","Union","12820","2025","July","SD"
"6926","Walworth","3712","2025","July","SD"
"6927","Yankton","14950","2025","July","SD"
"6928","Ziebach","1600","2025","July","SD"
"6929","Aurora","1843","2025","August","SD"
"6930","Beadle","10348","2025","August","SD"
"6931","Bennett","1796","2025","August","SD"
"6932","Bon Homme","4049","2025","August","SD"
"6933","Brookings","21955","2025","August","SD"
"6934","Brown","25898","2025","August","SD"
"6935","Brule","3359","2025","August","SD"
"6936","Buffalo","872","2025","August","SD"
"6937","Butte","7042","2025","August","SD"
"6938","Campbell","1135","2025","August","SD"
"6939","Charles Mix","5466","2025","August","SD"
"6940","Clark","2631","2025","August","SD"
"6941","Clay","8664","2025","August","SD"
"6942","Codington","19276","2025","August","SD"
"6943","Corson","2324","2025","August","SD"
"6944","Custer","8174","2025","August","SD"
"6945","Davison","13245","2025","August","SD"
"6946","Day","3928","2025","August","SD"
"6947","Deuel","3174","2025","August","SD"
"6948","Dewey","3442","2025","August","SD"
"6949","Douglas","2118","2025","August","SD"
"6950","Edmunds","2762","2025","August","SD"
"6951","Fall River","6573","2025","August","SD"
"6952","Faulk","1558","2025","August","SD"
"6953","Grant","4912","2025","August","SD"
"6954","Gregory","2921","2025","August","SD"
"6955","Haakon","1399","2025","August","SD"
"6956","Hamlin","4308","2025","August","SD"
"6957","Hand","2261","2025","August","SD"
"6958","Hanson","3403","2025","August","SD"
"6959","Harding","1026","2025","August","SD"
"6960","Hughes","12047","2025","August","SD"
"6961","Hutchinson","5053","2025","August","SD"
"6962","Hyde","939","2025","August","SD"
"6963","Jackson","1854","2025","August","SD"
"6964","Jerauld","1274","2025","August","SD"
"6965","Jones","671","2025","August","SD"
"6966","Kingsbury","3721","2025","August","SD"
"6967","Lake","7922","2025","August","SD"
"6968","Lawrence","22930","2025","August","SD"
"6969","Lincoln","50195","2025","August","SD"
"6970","Lyman","2213","2025","August","SD"
"6971","Marshall","2833","2025","August","SD"
"6972","McCook","3999","2025","August","SD"
"6973","McPherson","1695","2025","August","SD"
"6974","Meade","21245","2025","August","SD"
"6975","Mellette","1184","2025","August","SD"
"6976","Miner","1625","2025","August","SD"
"6977","Minnehaha","139353","2025","August","SD"
"6978","Moody","4442","2025","August","SD"
"6979","Oglala Lakota","8145","2025","August","SD"
"6980","Pennington","92149","2025","August","SD"
"6981","Perkins","2198","2025","August","SD"
"6982","Potter","1700","2025","August","SD"
"6983","Roberts","6291","2025","August","SD"
"6984","Sanborn","1663","2025","August","SD"
"6985","Spink","4257","2025","August","SD"
"6986","Stanley","2255","2025","August","SD"
"6987","Sully","1159","2025","August","SD"
"6988","Todd","4618","2025","August","SD"
"6989","Tripp","3602","2025","August","SD"
"6990","Turner","6106","2025","August","SD"
"6991","Union","12737","2025","August","SD"
"6992","Walworth","3719","2025","August","SD"
"6993","Yankton","14969","2025","August","SD"
"6994","Ziebach","1597","2025","August","SD"
"6995","Aurora","1847","2025","September","SD"
"6996","Beadle","10346","2025","September","SD"
"6997","Bennett","1798","2025","September","SD"
"6998","Bon Homme","4042","2025","September","SD"
"6999","Brookings","21978","2025","September","SD"
"7000","Brown","25836","2025","September","SD"
"7001","Brule","3352","2025","September","SD"
"7002","Buffalo","874","2025","September","SD"
"7003","Butte","7039","2025","September","SD"
"7004","Campbell","1135","2025","September","SD"
"7005","Charles Mix","5465","2025","September","SD"
"7006","Clark","2630","2025","September","SD"
"7007","Clay","8682","2025","September","SD"
"7008","Codington","19267","2025","September","SD"
"7009","Corson","2326","2025","September","SD"
"7010","Custer","8156","2025","September","SD"
"7011","Davison","13276","2025","September","SD"
"7012","Day","3933","2025","September","SD"
"7013","Deuel","3180","2025","September","SD"
"7014","Dewey","3450","2025","September","SD"
"7015","Douglas","2124","2025","September","SD"
"7016","Edmunds","2759","2025","September","SD"
"7017","Fall River","6582","2025","September","SD"
"7018","Faulk","1555","2025","September","SD"
"7019","Grant","4896","2025","September","SD"
"7020","Gregory","2929","2025","September","SD"
"7021","Haakon","1398","2025","September","SD"
"7022","Hamlin","4313","2025","September","SD"
"7023","Hand","2251","2025","September","SD"
"7024","Hanson","3402","2025","September","SD"
"7025","Harding","1022","2025","September","SD"
"7026","Hughes","12061","2025","September","SD"
"7027","Hutchinson","5034","2025","September","SD"
"7028","Hyde","940","2025","September","SD"
"7029","Jackson","1855","2025","September","SD"
"7030","Jerauld","1280","2025","September","SD"
"7031","Jones","668","2025","September","SD"
"7032","Kingsbury","3722","2025","September","SD"
"7033","Lake","7921","2025","September","SD"
"7034","Lawrence","22914","2025","September","SD"
"7035","Lincoln","50175","2025","September","SD"
"7036","Lyman","2211","2025","September","SD"
"7037","Marshall","2837","2025","September","SD"
"7038","McCook","4000","2025","September","SD"
"7039","McPherson","1694","2025","September","SD"
"7040","Meade","21119","2025","September","SD"
"7041","Mellette","1186","2025","September","SD"
"7042","Miner","1623","2025","September","SD"
"7043","Minnehaha","139521","2025","September","SD"
"7044","Moody","4452","2025","September","SD"
"7045","Oglala Lakota","8145","2025","September","SD"
"7046","Pennington","92281","2025","September","SD"
"7047","Perkins","2198","2025","September","SD"
"7048","Potter","1699","2025","September","SD"
"7049","Roberts","6292","2025","September","SD"
"7050","Sanborn","1659","2025","September","SD"
"7051","Spink","4248","2025","September","SD"
"7052","Stanley","2257","2025","September","SD"
"7053","Sully","1156","2025","September","SD"
"7054","Todd","4615","2025","September","SD"
"7055","Tripp","3601","2025","September","SD"
"7056","Turner","6115","2025","September","SD"
"7057","Union","12739","2025","September","SD"
"7058","Walworth","3709","2025","September","SD"
"7059","Yankton","14901","2025","September","SD"
"7060","Ziebach","1597","2025","September","SD"
