"","county","count","year","month","state"
"1","Locality: 001 ACCOMACK COUNTY",22364,"2017","02","VA"
"17","Locality: 003 ALBEMARLE COUNTY",70587,"2017","02","VA"
"45","Locality: 005 ALLEGHANY COUNTY",10031,"2017","02","VA"
"57","Locality: 007 AMELIA COUNTY",8840,"2017","02","VA"
"62","Locality: 009 AMHERST COUNTY",20118,"2017","02","VA"
"73","Locality: 011 APPOMATTOX COUNTY",10357,"2017","02","VA"
"82","Locality: 013 ARLINGTON COUNTY",150315,"2017","02","VA"
"134","Locality: 015 AUGUSTA COUNTY",46002,"2017","02","VA"
"159","Locality: 017 BATH COUNTY",3097,"2017","02","VA"
"166","Locality: 019 BEDFORD COUNTY",53021,"2017","02","VA"
"197","Locality: 021 BLAND COUNTY",4344,"2017","02","VA"
"204","Locality: 023 BOTETOURT COUNTY",23087,"2017","02","VA"
"214","Locality: 025 BRUNSWICK COUNTY",10290,"2017","02","VA"
"227","Locality: 027 BUCHANAN COUNTY",14884,"2017","02","VA"
"244","Locality: 029 BUCKINGHAM COUNTY",9855,"2017","02","VA"
"254","Locality: 031 CAMPBELL COUNTY",35704,"2017","02","VA"
"270","Locality: 033 CAROLINE COUNTY",18687,"2017","02","VA"
"282","Locality: 035 CARROLL COUNTY",18369,"2017","02","VA"
"300","Locality: 036 CHARLES CITY COUNTY",5256,"2017","02","VA"
"303","Locality: 037 CHARLOTTE COUNTY",7841,"2017","02","VA"
"310","Locality: 041 CHESTERFIELD COUNTY",221057,"2017","02","VA"
"385","Locality: 043 CLARKE COUNTY",10174,"2017","02","VA"
"392","Locality: 045 CRAIG COUNTY",3658,"2017","02","VA"
"400","Locality: 047 CULPEPER COUNTY",29510,"2017","02","VA"
"415","Locality: 049 CUMBERLAND COUNTY",6505,"2017","02","VA"
"420","Locality: 051 DICKENSON COUNTY",9854,"2017","02","VA"
"430","Locality: 053 DINWIDDIE COUNTY",18084,"2017","02","VA"
"443","Locality: 057 ESSEX COUNTY",7279,"2017","02","VA"
"447","Locality: 059 FAIRFAX COUNTY",693876,"2017","02","VA"
"690","Locality: 061 FAUQUIER COUNTY",46853,"2017","02","VA"
"710","Locality: 063 FLOYD COUNTY",10385,"2017","02","VA"
"715","Locality: 065 FLUVANNA COUNTY",17081,"2017","02","VA"
"720","Locality: 067 FRANKLIN COUNTY",34449,"2017","02","VA"
"743","Locality: 069 FREDERICK COUNTY",53202,"2017","02","VA"
"764","Locality: 071 GILES COUNTY",10805,"2017","02","VA"
"773","Locality: 073 GLOUCESTER COUNTY",25851,"2017","02","VA"
"784","Locality: 075 GOOCHLAND COUNTY",16790,"2017","02","VA"
"794","Locality: 077 GRAYSON COUNTY",9902,"2017","02","VA"
"809","Locality: 079 GREENE COUNTY",12393,"2017","02","VA"
"814","Locality: 081 GREENSVILLE COUNTY",6146,"2017","02","VA"
"823","Locality: 083 HALIFAX COUNTY",22816,"2017","02","VA"
"844","Locality: 085 HANOVER COUNTY",74016,"2017","02","VA"
"880","Locality: 087 HENRICO COUNTY",206189,"2017","02","VA"
"973","Locality: 089 HENRY COUNTY",33408,"2017","02","VA"
"997","Locality: 091 HIGHLAND COUNTY",1761,"2017","02","VA"
"1003","Locality: 093 ISLE OF WIGHT COUNTY",26098,"2017","02","VA"
"1017","Locality: 095 JAMES CITY COUNTY",52853,"2017","02","VA"
"1036","Locality: 097 KING & QUEEN COUNTY",4779,"2017","02","VA"
"1041","Locality: 099 KING GEORGE COUNTY",15585,"2017","02","VA"
"1046","Locality: 101 KING WILLIAM COUNTY",11425,"2017","02","VA"
"1052","Locality: 103 LANCASTER COUNTY",8290,"2017","02","VA"
"1058","Locality: 105 LEE COUNTY",14433,"2017","02","VA"
"1074","Locality: 107 LOUDOUN COUNTY",226295,"2017","02","VA"
"1167","Locality: 109 LOUISA COUNTY",22641,"2017","02","VA"
"1182","Locality: 111 LUNENBURG COUNTY",7435,"2017","02","VA"
"1193","Locality: 113 MADISON COUNTY",8769,"2017","02","VA"
"1202","Locality: 115 MATHEWS COUNTY",6675,"2017","02","VA"
"1205","Locality: 117 MECKLENBURG COUNTY",20256,"2017","02","VA"
"1228","Locality: 119 MIDDLESEX COUNTY",7586,"2017","02","VA"
"1234","Locality: 121 MONTGOMERY COUNTY",55238,"2017","02","VA"
"1258","Locality: 125 NELSON COUNTY",10517,"2017","02","VA"
"1267","Locality: 127 NEW KENT COUNTY",14513,"2017","02","VA"
"1277","Locality: 131 NORTHAMPTON COUNTY",8587,"2017","02","VA"
"1282","Locality: 133 NORTHUMBERLAND COUNTY",9231,"2017","02","VA"
"1288","Locality: 135 NOTTOWAY COUNTY",8656,"2017","02","VA"
"1297","Locality: 137 ORANGE COUNTY",22468,"2017","02","VA"
"1307","Locality: 139 PAGE COUNTY",14815,"2017","02","VA"
"1312","Locality: 141 PATRICK COUNTY",11547,"2017","02","VA"
"1325","Locality: 143 PITTSYLVANIA COUNTY",41218,"2017","02","VA"
"1354","Locality: 145 POWHATAN COUNTY",20026,"2017","02","VA"
"1366","Locality: 147 PRINCE EDWARD COUNTY",12640,"2017","02","VA"
"1376","Locality: 149 PRINCE GEORGE COUNTY",21033,"2017","02","VA"
"1386","Locality: 153 PRINCE WILLIAM COUNTY",254188,"2017","02","VA"
"1477","Locality: 155 PULASKI COUNTY",20847,"2017","02","VA"
"1489","Locality: 157 RAPPAHANNOCK COUNTY",5564,"2017","02","VA"
"1495","Locality: 159 RICHMOND COUNTY",4866,"2017","02","VA"
"1500","Locality: 161 ROANOKE COUNTY",65222,"2017","02","VA"
"1532","Locality: 163 ROCKBRIDGE COUNTY",13887,"2017","02","VA"
"1549","Locality: 165 ROCKINGHAM COUNTY",47150,"2017","02","VA"
"1579","Locality: 167 RUSSELL COUNTY",17984,"2017","02","VA"
"1594","Locality: 169 SCOTT COUNTY",14496,"2017","02","VA"
"1611","Locality: 171 SHENANDOAH COUNTY",26693,"2017","02","VA"
"1623","Locality: 173 SMYTH COUNTY",18165,"2017","02","VA"
"1637","Locality: 175 SOUTHAMPTON COUNTY",11695,"2017","02","VA"
"1650","Locality: 177 SPOTSYLVANIA COUNTY",81915,"2017","02","VA"
"1676","Locality: 179 STAFFORD COUNTY",84812,"2017","02","VA"
"1703","Locality: 181 SURRY COUNTY",5250,"2017","02","VA"
"1710","Locality: 183 SUSSEX COUNTY",6600,"2017","02","VA"
"1721","Locality: 185 TAZEWELL COUNTY",26460,"2017","02","VA"
"1745","Locality: 187 WARREN COUNTY",23962,"2017","02","VA"
"1756","Locality: 191 WASHINGTON COUNTY",34437,"2017","02","VA"
"1775","Locality: 193 WESTMORELAND COUNTY",11501,"2017","02","VA"
"1783","Locality: 195 WISE COUNTY",21900,"2017","02","VA"
"1795","Locality: 197 WYTHE COUNTY",18028,"2017","02","VA"
"1806","Locality: 199 YORK COUNTY",42022,"2017","02","VA"
"1819","Locality: 510 ALEXANDRIA CITY",93453,"2017","02","VA"
"1846","Locality: 520 BRISTOL CITY",10203,"2017","02","VA"
"1850","Locality: 530 BUENA VISTA CITY",3658,"2017","02","VA"
"1852","Locality: 540 CHARLOTTESVILLE CITY",29524,"2017","02","VA"
"1861","Locality: 550 CHESAPEAKE CITY",144697,"2017","02","VA"
"1924","Locality: 570 COLONIAL HEIGHTS CITY",11489,"2017","02","VA"
"1929","Locality: 580 COVINGTON CITY",3432,"2017","02","VA"
"1934","Locality: 590 DANVILLE CITY",26096,"2017","02","VA"
"1950","Locality: 595 EMPORIA CITY",3462,"2017","02","VA"
"1957","Locality: 600 FAIRFAX CITY",15001,"2017","02","VA"
"1963","Locality: 610 FALLS CHURCH CITY",9334,"2017","02","VA"
"1966","Locality: 620 FRANKLIN CITY",5264,"2017","02","VA"
"1972","Locality: 630 FREDERICKSBURG CITY",15289,"2017","02","VA"
"1977","Locality: 640 GALAX CITY",3409,"2017","02","VA"
"1980","Locality: 650 HAMPTON CITY",84603,"2017","02","VA"
"2010","Locality: 660 HARRISONBURG CITY",23219,"2017","02","VA"
"2018","Locality: 670 HOPEWELL CITY",12991,"2017","02","VA"
"2025","Locality: 678 LEXINGTON CITY",3700,"2017","02","VA"
"2026","Locality: 680 LYNCHBURG CITY",48780,"2017","02","VA"
"2044","Locality: 683 MANASSAS CITY",20424,"2017","02","VA"
"2049","Locality: 685 MANASSAS PARK CITY",7059,"2017","02","VA"
"2052","Locality: 690 MARTINSVILLE CITY",8151,"2017","02","VA"
"2058","Locality: 700 NEWPORT NEWS CITY",105693,"2017","02","VA"
"2103","Locality: 710 NORFOLK CITY",113821,"2017","02","VA"
"2152","Locality: 720 NORTON CITY",2178,"2017","02","VA"
"2153","Locality: 730 PETERSBURG CITY",19494,"2017","02","VA"
"2160","Locality: 735 POQUOSON CITY",8622,"2017","02","VA"
"2163","Locality: 740 PORTSMOUTH CITY",58411,"2017","02","VA"
"2194","Locality: 750 RADFORD CITY",8449,"2017","02","VA"
"2197","Locality: 760 RICHMOND CITY",134151,"2017","02","VA"
"2262","Locality: 770 ROANOKE CITY",54038,"2017","02","VA"
"2283","Locality: 775 SALEM CITY",15929,"2017","02","VA"
"2293","Locality: 790 STAUNTON CITY",15026,"2017","02","VA"
"2298","Locality: 800 SUFFOLK CITY",56590,"2017","02","VA"
"2326","Locality: 810 VIRGINIA BEACH CITY",279443,"2017","02","VA"
"2424","Locality: 820 WAYNESBORO CITY",12210,"2017","02","VA"
"2428","Locality: 830 WILLIAMSBURG CITY",9418,"2017","02","VA"
"2430","Locality: 840 WINCHESTER CITY",14534,"2017","02","VA"
"2436","Locality: 001 ACCOMACK COUNTY",22524,"2017","03","VA"
"2452","Locality: 003 ALBEMARLE COUNTY",70747,"2017","03","VA"
"2480","Locality: 005 ALLEGHANY COUNTY",10051,"2017","03","VA"
"2492","Locality: 007 AMELIA COUNTY",8830,"2017","03","VA"
"2497","Locality: 009 AMHERST COUNTY",20136,"2017","03","VA"
"2508","Locality: 011 APPOMATTOX COUNTY",10373,"2017","03","VA"
"2517","Locality: 013 ARLINGTON COUNTY",150894,"2017","03","VA"
"2569","Locality: 015 AUGUSTA COUNTY",46080,"2017","03","VA"
"2594","Locality: 017 BATH COUNTY",3097,"2017","03","VA"
"2601","Locality: 019 BEDFORD COUNTY",53117,"2017","03","VA"
"2632","Locality: 021 BLAND COUNTY",4349,"2017","03","VA"
"2639","Locality: 023 BOTETOURT COUNTY",23053,"2017","03","VA"
"2649","Locality: 025 BRUNSWICK COUNTY",10297,"2017","03","VA"
"2662","Locality: 027 BUCHANAN COUNTY",14868,"2017","03","VA"
"2679","Locality: 029 BUCKINGHAM COUNTY",9862,"2017","03","VA"
"2689","Locality: 031 CAMPBELL COUNTY",35782,"2017","03","VA"
"2705","Locality: 033 CAROLINE COUNTY",18732,"2017","03","VA"
"2717","Locality: 035 CARROLL COUNTY",18397,"2017","03","VA"
"2735","Locality: 036 CHARLES CITY COUNTY",5273,"2017","03","VA"
"2738","Locality: 037 CHARLOTTE COUNTY",7868,"2017","03","VA"
"2745","Locality: 041 CHESTERFIELD COUNTY",222211,"2017","03","VA"
"2820","Locality: 043 CLARKE COUNTY",10220,"2017","03","VA"
"2827","Locality: 045 CRAIG COUNTY",3671,"2017","03","VA"
"2835","Locality: 047 CULPEPER COUNTY",29612,"2017","03","VA"
"2850","Locality: 049 CUMBERLAND COUNTY",6499,"2017","03","VA"
"2855","Locality: 051 DICKENSON COUNTY",9872,"2017","03","VA"
"2865","Locality: 053 DINWIDDIE COUNTY",18112,"2017","03","VA"
"2878","Locality: 057 ESSEX COUNTY",7276,"2017","03","VA"
"2882","Locality: 059 FAIRFAX COUNTY",694492,"2017","03","VA"
"3125","Locality: 061 FAUQUIER COUNTY",46896,"2017","03","VA"
"3145","Locality: 063 FLOYD COUNTY",10382,"2017","03","VA"
"3150","Locality: 065 FLUVANNA COUNTY",17141,"2017","03","VA"
"3155","Locality: 067 FRANKLIN COUNTY",34508,"2017","03","VA"
"3178","Locality: 069 FREDERICK COUNTY",53618,"2017","03","VA"
"3199","Locality: 071 GILES COUNTY",10817,"2017","03","VA"
"3208","Locality: 073 GLOUCESTER COUNTY",25891,"2017","03","VA"
"3219","Locality: 075 GOOCHLAND COUNTY",16817,"2017","03","VA"
"3229","Locality: 077 GRAYSON COUNTY",9905,"2017","03","VA"
"3244","Locality: 079 GREENE COUNTY",12446,"2017","03","VA"
"3249","Locality: 081 GREENSVILLE COUNTY",6154,"2017","03","VA"
"3258","Locality: 083 HALIFAX COUNTY",22832,"2017","03","VA"
"3279","Locality: 085 HANOVER COUNTY",74122,"2017","03","VA"
"3315","Locality: 087 HENRICO COUNTY",206619,"2017","03","VA"
"3408","Locality: 089 HENRY COUNTY",33440,"2017","03","VA"
"3432","Locality: 091 HIGHLAND COUNTY",1764,"2017","03","VA"
"3438","Locality: 093 ISLE OF WIGHT COUNTY",26207,"2017","03","VA"
"3452","Locality: 095 JAMES CITY COUNTY",52944,"2017","03","VA"
"3471","Locality: 097 KING & QUEEN COUNTY",4782,"2017","03","VA"
"3476","Locality: 099 KING GEORGE COUNTY",15637,"2017","03","VA"
"3481","Locality: 101 KING WILLIAM COUNTY",11447,"2017","03","VA"
"3487","Locality: 103 LANCASTER COUNTY",8301,"2017","03","VA"
"3493","Locality: 105 LEE COUNTY",14423,"2017","03","VA"
"3509","Locality: 107 LOUDOUN COUNTY",227813,"2017","03","VA"
"3602","Locality: 109 LOUISA COUNTY",22684,"2017","03","VA"
"3617","Locality: 111 LUNENBURG COUNTY",7445,"2017","03","VA"
"3628","Locality: 113 MADISON COUNTY",8794,"2017","03","VA"
"3637","Locality: 115 MATHEWS COUNTY",6677,"2017","03","VA"
"3640","Locality: 117 MECKLENBURG COUNTY",20281,"2017","03","VA"
"3663","Locality: 119 MIDDLESEX COUNTY",7597,"2017","03","VA"
"3669","Locality: 121 MONTGOMERY COUNTY",55294,"2017","03","VA"
"3693","Locality: 125 NELSON COUNTY",10530,"2017","03","VA"
"3702","Locality: 127 NEW KENT COUNTY",14557,"2017","03","VA"
"3712","Locality: 131 NORTHAMPTON COUNTY",8669,"2017","03","VA"
"3717","Locality: 133 NORTHUMBERLAND COUNTY",9221,"2017","03","VA"
"3723","Locality: 135 NOTTOWAY COUNTY",8669,"2017","03","VA"
"3732","Locality: 137 ORANGE COUNTY",22550,"2017","03","VA"
"3742","Locality: 139 PAGE COUNTY",14833,"2017","03","VA"
"3747","Locality: 141 PATRICK COUNTY",11557,"2017","03","VA"
"3760","Locality: 143 PITTSYLVANIA COUNTY",41231,"2017","03","VA"
"3789","Locality: 145 POWHATAN COUNTY",20067,"2017","03","VA"
"3801","Locality: 147 PRINCE EDWARD COUNTY",12645,"2017","03","VA"
"3811","Locality: 149 PRINCE GEORGE COUNTY",21041,"2017","03","VA"
"3821","Locality: 153 PRINCE WILLIAM COUNTY",255253,"2017","03","VA"
"3912","Locality: 155 PULASKI COUNTY",20871,"2017","03","VA"
"3924","Locality: 157 RAPPAHANNOCK COUNTY",5579,"2017","03","VA"
"3930","Locality: 159 RICHMOND COUNTY",4902,"2017","03","VA"
"3935","Locality: 161 ROANOKE COUNTY",65268,"2017","03","VA"
"3967","Locality: 163 ROCKBRIDGE COUNTY",13916,"2017","03","VA"
"3984","Locality: 165 ROCKINGHAM COUNTY",47208,"2017","03","VA"
"4014","Locality: 167 RUSSELL COUNTY",17972,"2017","03","VA"
"4029","Locality: 169 SCOTT COUNTY",14465,"2017","03","VA"
"4046","Locality: 171 SHENANDOAH COUNTY",26775,"2017","03","VA"
"4058","Locality: 173 SMYTH COUNTY",18193,"2017","03","VA"
"4072","Locality: 175 SOUTHAMPTON COUNTY",11674,"2017","03","VA"
"4085","Locality: 177 SPOTSYLVANIA COUNTY",82160,"2017","03","VA"
"4111","Locality: 179 STAFFORD COUNTY",85101,"2017","03","VA"
"4138","Locality: 181 SURRY COUNTY",5242,"2017","03","VA"
"4145","Locality: 183 SUSSEX COUNTY",6601,"2017","03","VA"
"4156","Locality: 185 TAZEWELL COUNTY",26533,"2017","03","VA"
"4180","Locality: 187 WARREN COUNTY",24014,"2017","03","VA"
"4191","Locality: 191 WASHINGTON COUNTY",34449,"2017","03","VA"
"4210","Locality: 193 WESTMORELAND COUNTY",11526,"2017","03","VA"
"4218","Locality: 195 WISE COUNTY",21920,"2017","03","VA"
"4230","Locality: 197 WYTHE COUNTY",18057,"2017","03","VA"
"4241","Locality: 199 YORK COUNTY",42092,"2017","03","VA"
"4254","Locality: 510 ALEXANDRIA CITY",93660,"2017","03","VA"
"4281","Locality: 520 BRISTOL CITY",10172,"2017","03","VA"
"4285","Locality: 530 BUENA VISTA CITY",3663,"2017","03","VA"
"4287","Locality: 540 CHARLOTTESVILLE CITY",29514,"2017","03","VA"
"4296","Locality: 550 CHESAPEAKE CITY",145196,"2017","03","VA"
"4359","Locality: 570 COLONIAL HEIGHTS CITY",11504,"2017","03","VA"
"4364","Locality: 580 COVINGTON CITY",3433,"2017","03","VA"
"4369","Locality: 590 DANVILLE CITY",26120,"2017","03","VA"
"4385","Locality: 595 EMPORIA CITY",3477,"2017","03","VA"
"4392","Locality: 600 FAIRFAX CITY",15059,"2017","03","VA"
"4398","Locality: 610 FALLS CHURCH CITY",9365,"2017","03","VA"
"4401","Locality: 620 FRANKLIN CITY",5267,"2017","03","VA"
"4407","Locality: 630 FREDERICKSBURG CITY",15382,"2017","03","VA"
"4412","Locality: 640 GALAX CITY",3405,"2017","03","VA"
"4415","Locality: 650 HAMPTON CITY",84734,"2017","03","VA"
"4445","Locality: 660 HARRISONBURG CITY",23227,"2017","03","VA"
"4453","Locality: 670 HOPEWELL CITY",13024,"2017","03","VA"
"4460","Locality: 678 LEXINGTON CITY",3698,"2017","03","VA"
"4461","Locality: 680 LYNCHBURG CITY",48795,"2017","03","VA"
"4479","Locality: 683 MANASSAS CITY",20432,"2017","03","VA"
"4485","Locality: 685 MANASSAS PARK CITY",7092,"2017","03","VA"
"4488","Locality: 690 MARTINSVILLE CITY",8158,"2017","03","VA"
"4494","Locality: 700 NEWPORT NEWS CITY",106221,"2017","03","VA"
"4539","Locality: 710 NORFOLK CITY",114179,"2017","03","VA"
"4588","Locality: 720 NORTON CITY",2174,"2017","03","VA"
"4589","Locality: 730 PETERSBURG CITY",19546,"2017","03","VA"
"4596","Locality: 735 POQUOSON CITY",8623,"2017","03","VA"
"4599","Locality: 740 PORTSMOUTH CITY",58535,"2017","03","VA"
"4630","Locality: 750 RADFORD CITY",8448,"2017","03","VA"
"4633","Locality: 760 RICHMOND CITY",134163,"2017","03","VA"
"4698","Locality: 770 ROANOKE CITY",54316,"2017","03","VA"
"4719","Locality: 775 SALEM CITY",15948,"2017","03","VA"
"4729","Locality: 790 STAUNTON CITY",15105,"2017","03","VA"
"4734","Locality: 800 SUFFOLK CITY",56732,"2017","03","VA"
"4761","Locality: 810 VIRGINIA BEACH CITY",279760,"2017","03","VA"
"4859","Locality: 820 WAYNESBORO CITY",12250,"2017","03","VA"
"4863","Locality: 830 WILLIAMSBURG CITY",9431,"2017","03","VA"
"4865","Locality: 840 WINCHESTER CITY",14615,"2017","03","VA"
"4871","Locality: 001 ACCOMACK COUNTY",22584,"2017","04","VA"
"4887","Locality: 003 ALBEMARLE COUNTY",70741,"2017","04","VA"
"4915","Locality: 005 ALLEGHANY COUNTY",10083,"2017","04","VA"
"4927","Locality: 007 AMELIA COUNTY",8857,"2017","04","VA"
"4932","Locality: 009 AMHERST COUNTY",20183,"2017","04","VA"
"4943","Locality: 011 APPOMATTOX COUNTY",10398,"2017","04","VA"
"4952","Locality: 013 ARLINGTON COUNTY",151558,"2017","04","VA"
"5006","Locality: 015 AUGUSTA COUNTY",46119,"2017","04","VA"
"5031","Locality: 017 BATH COUNTY",3100,"2017","04","VA"
"5038","Locality: 019 BEDFORD COUNTY",53194,"2017","04","VA"
"5069","Locality: 021 BLAND COUNTY",4340,"2017","04","VA"
"5076","Locality: 023 BOTETOURT COUNTY",23098,"2017","04","VA"
"5086","Locality: 025 BRUNSWICK COUNTY",10304,"2017","04","VA"
"5099","Locality: 027 BUCHANAN COUNTY",14848,"2017","04","VA"
"5116","Locality: 029 BUCKINGHAM COUNTY",9863,"2017","04","VA"
"5126","Locality: 031 CAMPBELL COUNTY",35801,"2017","04","VA"
"5142","Locality: 033 CAROLINE COUNTY",18820,"2017","04","VA"
"5154","Locality: 035 CARROLL COUNTY",18417,"2017","04","VA"
"5172","Locality: 036 CHARLES CITY COUNTY",5284,"2017","04","VA"
"5175","Locality: 037 CHARLOTTE COUNTY",7879,"2017","04","VA"
"5182","Locality: 041 CHESTERFIELD COUNTY",222118,"2017","04","VA"
"5257","Locality: 043 CLARKE COUNTY",10208,"2017","04","VA"
"5264","Locality: 045 CRAIG COUNTY",3684,"2017","04","VA"
"5272","Locality: 047 CULPEPER COUNTY",29698,"2017","04","VA"
"5287","Locality: 049 CUMBERLAND COUNTY",6532,"2017","04","VA"
"5292","Locality: 051 DICKENSON COUNTY",9853,"2017","04","VA"
"5302","Locality: 053 DINWIDDIE COUNTY",18163,"2017","04","VA"
"5315","Locality: 057 ESSEX COUNTY",7294,"2017","04","VA"
"5319","Locality: 059 FAIRFAX COUNTY",696025,"2017","04","VA"
"5562","Locality: 061 FAUQUIER COUNTY",46987,"2017","04","VA"
"5582","Locality: 063 FLOYD COUNTY",10393,"2017","04","VA"
"5587","Locality: 065 FLUVANNA COUNTY",17173,"2017","04","VA"
"5592","Locality: 067 FRANKLIN COUNTY",34535,"2017","04","VA"
"5615","Locality: 069 FREDERICK COUNTY",53811,"2017","04","VA"
"5636","Locality: 071 GILES COUNTY",10850,"2017","04","VA"
"5645","Locality: 073 GLOUCESTER COUNTY",25966,"2017","04","VA"
"5656","Locality: 075 GOOCHLAND COUNTY",16864,"2017","04","VA"
"5666","Locality: 077 GRAYSON COUNTY",9909,"2017","04","VA"
"5681","Locality: 079 GREENE COUNTY",12480,"2017","04","VA"
"5686","Locality: 081 GREENSVILLE COUNTY",6156,"2017","04","VA"
"5695","Locality: 083 HALIFAX COUNTY",22875,"2017","04","VA"
"5716","Locality: 085 HANOVER COUNTY",74201,"2017","04","VA"
"5752","Locality: 087 HENRICO COUNTY",207132,"2017","04","VA"
"5845","Locality: 089 HENRY COUNTY",33531,"2017","04","VA"
"5869","Locality: 091 HIGHLAND COUNTY",1756,"2017","04","VA"
"5875","Locality: 093 ISLE OF WIGHT COUNTY",26310,"2017","04","VA"
"5889","Locality: 095 JAMES CITY COUNTY",53124,"2017","04","VA"
"5908","Locality: 097 KING & QUEEN COUNTY",4793,"2017","04","VA"
"5913","Locality: 099 KING GEORGE COUNTY",15685,"2017","04","VA"
"5918","Locality: 101 KING WILLIAM COUNTY",11441,"2017","04","VA"
"5924","Locality: 103 LANCASTER COUNTY",8307,"2017","04","VA"
"5930","Locality: 105 LEE COUNTY",14394,"2017","04","VA"
"5946","Locality: 107 LOUDOUN COUNTY",229319,"2017","04","VA"
"6039","Locality: 109 LOUISA COUNTY",22760,"2017","04","VA"
"6054","Locality: 111 LUNENBURG COUNTY",7465,"2017","04","VA"
"6065","Locality: 113 MADISON COUNTY",8802,"2017","04","VA"
"6074","Locality: 115 MATHEWS COUNTY",6673,"2017","04","VA"
"6077","Locality: 117 MECKLENBURG COUNTY",20319,"2017","04","VA"
"6100","Locality: 119 MIDDLESEX COUNTY",7611,"2017","04","VA"
"6106","Locality: 121 MONTGOMERY COUNTY",55318,"2017","04","VA"
"6130","Locality: 125 NELSON COUNTY",10566,"2017","04","VA"
"6139","Locality: 127 NEW KENT COUNTY",14617,"2017","04","VA"
"6149","Locality: 131 NORTHAMPTON COUNTY",8659,"2017","04","VA"
"6154","Locality: 133 NORTHUMBERLAND COUNTY",9221,"2017","04","VA"
"6160","Locality: 135 NOTTOWAY COUNTY",8694,"2017","04","VA"
"6169","Locality: 137 ORANGE COUNTY",22636,"2017","04","VA"
"6179","Locality: 139 PAGE COUNTY",14856,"2017","04","VA"
"6184","Locality: 141 PATRICK COUNTY",11564,"2017","04","VA"
"6197","Locality: 143 PITTSYLVANIA COUNTY",41313,"2017","04","VA"
"6226","Locality: 145 POWHATAN COUNTY",20113,"2017","04","VA"
"6238","Locality: 147 PRINCE EDWARD COUNTY",12632,"2017","04","VA"
"6248","Locality: 149 PRINCE GEORGE COUNTY",21105,"2017","04","VA"
"6258","Locality: 153 PRINCE WILLIAM COUNTY",256497,"2017","04","VA"
"6349","Locality: 155 PULASKI COUNTY",20904,"2017","04","VA"
"6361","Locality: 157 RAPPAHANNOCK COUNTY",5590,"2017","04","VA"
"6367","Locality: 159 RICHMOND COUNTY",4902,"2017","04","VA"
"6372","Locality: 161 ROANOKE COUNTY",65404,"2017","04","VA"
"6404","Locality: 163 ROCKBRIDGE COUNTY",13926,"2017","04","VA"
"6421","Locality: 165 ROCKINGHAM COUNTY",47308,"2017","04","VA"
"6451","Locality: 167 RUSSELL COUNTY",17959,"2017","04","VA"
"6466","Locality: 169 SCOTT COUNTY",14467,"2017","04","VA"
"6483","Locality: 171 SHENANDOAH COUNTY",26864,"2017","04","VA"
"6495","Locality: 173 SMYTH COUNTY",18254,"2017","04","VA"
"6509","Locality: 175 SOUTHAMPTON COUNTY",11656,"2017","04","VA"
"6522","Locality: 177 SPOTSYLVANIA COUNTY",82364,"2017","04","VA"
"6548","Locality: 179 STAFFORD COUNTY",85509,"2017","04","VA"
"6575","Locality: 181 SURRY COUNTY",5245,"2017","04","VA"
"6582","Locality: 183 SUSSEX COUNTY",6618,"2017","04","VA"
"6593","Locality: 185 TAZEWELL COUNTY",26550,"2017","04","VA"
"6617","Locality: 187 WARREN COUNTY",24126,"2017","04","VA"
"6628","Locality: 191 WASHINGTON COUNTY",34467,"2017","04","VA"
"6647","Locality: 193 WESTMORELAND COUNTY",11562,"2017","04","VA"
"6655","Locality: 195 WISE COUNTY",21940,"2017","04","VA"
"6667","Locality: 197 WYTHE COUNTY",18047,"2017","04","VA"
"6678","Locality: 199 YORK COUNTY",42115,"2017","04","VA"
"6691","Locality: 510 ALEXANDRIA CITY",94014,"2017","04","VA"
"6718","Locality: 520 BRISTOL CITY",10193,"2017","04","VA"
"6722","Locality: 530 BUENA VISTA CITY",3687,"2017","04","VA"
"6724","Locality: 540 CHARLOTTESVILLE CITY",29561,"2017","04","VA"
"6733","Locality: 550 CHESAPEAKE CITY",145711,"2017","04","VA"
"6796","Locality: 570 COLONIAL HEIGHTS CITY",11528,"2017","04","VA"
"6801","Locality: 580 COVINGTON CITY",3437,"2017","04","VA"
"6806","Locality: 590 DANVILLE CITY",26218,"2017","04","VA"
"6822","Locality: 595 EMPORIA CITY",3491,"2017","04","VA"
"6829","Locality: 600 FAIRFAX CITY",15092,"2017","04","VA"
"6835","Locality: 610 FALLS CHURCH CITY",9395,"2017","04","VA"
"6838","Locality: 620 FRANKLIN CITY",5272,"2017","04","VA"
"6844","Locality: 630 FREDERICKSBURG CITY",15452,"2017","04","VA"
"6849","Locality: 640 GALAX CITY",3419,"2017","04","VA"
"6852","Locality: 650 HAMPTON CITY",84930,"2017","04","VA"
"6882","Locality: 660 HARRISONBURG CITY",23238,"2017","04","VA"
"6890","Locality: 670 HOPEWELL CITY",13076,"2017","04","VA"
"6897","Locality: 678 LEXINGTON CITY",3690,"2017","04","VA"
"6898","Locality: 680 LYNCHBURG CITY",48968,"2017","04","VA"
"6916","Locality: 683 MANASSAS CITY",20459,"2017","04","VA"
"6922","Locality: 685 MANASSAS PARK CITY",7136,"2017","04","VA"
"6925","Locality: 690 MARTINSVILLE CITY",8185,"2017","04","VA"
"6931","Locality: 700 NEWPORT NEWS CITY",106718,"2017","04","VA"
"6976","Locality: 710 NORFOLK CITY",114498,"2017","04","VA"
"7025","Locality: 720 NORTON CITY",2163,"2017","04","VA"
"7026","Locality: 730 PETERSBURG CITY",19625,"2017","04","VA"
"7033","Locality: 735 POQUOSON CITY",8641,"2017","04","VA"
"7036","Locality: 740 PORTSMOUTH CITY",58498,"2017","04","VA"
"7067","Locality: 750 RADFORD CITY",8422,"2017","04","VA"
"7070","Locality: 760 RICHMOND CITY",134794,"2017","04","VA"
"7135","Locality: 770 ROANOKE CITY",54524,"2017","04","VA"
"7156","Locality: 775 SALEM CITY",15980,"2017","04","VA"
"7166","Locality: 790 STAUNTON CITY",15126,"2017","04","VA"
"7171","Locality: 800 SUFFOLK CITY",56918,"2017","04","VA"
"7198","Locality: 810 VIRGINIA BEACH CITY",280331,"2017","04","VA"
"7296","Locality: 820 WAYNESBORO CITY",12321,"2017","04","VA"
"7300","Locality: 830 WILLIAMSBURG CITY",9437,"2017","04","VA"
"7302","Locality: 840 WINCHESTER CITY",14650,"2017","04","VA"
"7308","Locality: 001 ACCOMACK COUNTY",22619,"2017","05","VA"
"7324","Locality: 003 ALBEMARLE COUNTY",71097,"2017","05","VA"
"7352","Locality: 005 ALLEGHANY COUNTY",10110,"2017","05","VA"
"7364","Locality: 007 AMELIA COUNTY",8877,"2017","05","VA"
"7369","Locality: 009 AMHERST COUNTY",20209,"2017","05","VA"
"7380","Locality: 011 APPOMATTOX COUNTY",10415,"2017","05","VA"
"7389","Locality: 013 ARLINGTON COUNTY",151995,"2017","05","VA"
"7443","Locality: 015 AUGUSTA COUNTY",46192,"2017","05","VA"
"7468","Locality: 017 BATH COUNTY",3098,"2017","05","VA"
"7475","Locality: 019 BEDFORD COUNTY",53276,"2017","05","VA"
"7506","Locality: 021 BLAND COUNTY",4354,"2017","05","VA"
"7513","Locality: 023 BOTETOURT COUNTY",23086,"2017","05","VA"
"7523","Locality: 025 BRUNSWICK COUNTY",10349,"2017","05","VA"
"7536","Locality: 027 BUCHANAN COUNTY",14848,"2017","05","VA"
"7553","Locality: 029 BUCKINGHAM COUNTY",9910,"2017","05","VA"
"7563","Locality: 031 CAMPBELL COUNTY",35903,"2017","05","VA"
"7579","Locality: 033 CAROLINE COUNTY",18884,"2017","05","VA"
"7591","Locality: 035 CARROLL COUNTY",18508,"2017","05","VA"
"7609","Locality: 036 CHARLES CITY COUNTY",5285,"2017","05","VA"
"7612","Locality: 037 CHARLOTTE COUNTY",7884,"2017","05","VA"
"7619","Locality: 041 CHESTERFIELD COUNTY",223102,"2017","05","VA"
"7694","Locality: 043 CLARKE COUNTY",10215,"2017","05","VA"
"7701","Locality: 045 CRAIG COUNTY",3682,"2017","05","VA"
"7709","Locality: 047 CULPEPER COUNTY",29810,"2017","05","VA"
"7724","Locality: 049 CUMBERLAND COUNTY",6539,"2017","05","VA"
"7729","Locality: 051 DICKENSON COUNTY",9878,"2017","05","VA"
"7739","Locality: 053 DINWIDDIE COUNTY",18206,"2017","05","VA"
"7752","Locality: 057 ESSEX COUNTY",7312,"2017","05","VA"
"7756","Locality: 059 FAIRFAX COUNTY",697765,"2017","05","VA"
"7999","Locality: 061 FAUQUIER COUNTY",47116,"2017","05","VA"
"8019","Locality: 063 FLOYD COUNTY",10409,"2017","05","VA"
"8024","Locality: 065 FLUVANNA COUNTY",17267,"2017","05","VA"
"8029","Locality: 067 FRANKLIN COUNTY",34636,"2017","05","VA"
"8052","Locality: 069 FREDERICK COUNTY",54045,"2017","05","VA"
"8073","Locality: 071 GILES COUNTY",10890,"2017","05","VA"
"8082","Locality: 073 GLOUCESTER COUNTY",26005,"2017","05","VA"
"8093","Locality: 075 GOOCHLAND COUNTY",16942,"2017","05","VA"
"8103","Locality: 077 GRAYSON COUNTY",9917,"2017","05","VA"
"8118","Locality: 079 GREENE COUNTY",12507,"2017","05","VA"
"8123","Locality: 081 GREENSVILLE COUNTY",6165,"2017","05","VA"
"8132","Locality: 083 HALIFAX COUNTY",22894,"2017","05","VA"
"8153","Locality: 085 HANOVER COUNTY",74552,"2017","05","VA"
"8189","Locality: 087 HENRICO COUNTY",207735,"2017","05","VA"
"8280","Locality: 089 HENRY COUNTY",33608,"2017","05","VA"
"8304","Locality: 091 HIGHLAND COUNTY",1759,"2017","05","VA"
"8310","Locality: 093 ISLE OF WIGHT COUNTY",26351,"2017","05","VA"
"8324","Locality: 095 JAMES CITY COUNTY",53289,"2017","05","VA"
"8343","Locality: 097 KING & QUEEN COUNTY",4801,"2017","05","VA"
"8348","Locality: 099 KING GEORGE COUNTY",15708,"2017","05","VA"
"8353","Locality: 101 KING WILLIAM COUNTY",11485,"2017","05","VA"
"8359","Locality: 103 LANCASTER COUNTY",8326,"2017","05","VA"
"8365","Locality: 105 LEE COUNTY",14416,"2017","05","VA"
"8381","Locality: 107 LOUDOUN COUNTY",230294,"2017","05","VA"
"8474","Locality: 109 LOUISA COUNTY",22906,"2017","05","VA"
"8489","Locality: 111 LUNENBURG COUNTY",7474,"2017","05","VA"
"8500","Locality: 113 MADISON COUNTY",8814,"2017","05","VA"
"8509","Locality: 115 MATHEWS COUNTY",6741,"2017","05","VA"
"8512","Locality: 117 MECKLENBURG COUNTY",20379,"2017","05","VA"
"8535","Locality: 119 MIDDLESEX COUNTY",7610,"2017","05","VA"
"8541","Locality: 121 MONTGOMERY COUNTY",55337,"2017","05","VA"
"8565","Locality: 125 NELSON COUNTY",10585,"2017","05","VA"
"8574","Locality: 127 NEW KENT COUNTY",14667,"2017","05","VA"
"8584","Locality: 131 NORTHAMPTON COUNTY",8672,"2017","05","VA"
"8589","Locality: 133 NORTHUMBERLAND COUNTY",9232,"2017","05","VA"
"8595","Locality: 135 NOTTOWAY COUNTY",8705,"2017","05","VA"
"8604","Locality: 137 ORANGE COUNTY",22733,"2017","05","VA"
"8614","Locality: 139 PAGE COUNTY",14885,"2017","05","VA"
"8619","Locality: 141 PATRICK COUNTY",11591,"2017","05","VA"
"8632","Locality: 143 PITTSYLVANIA COUNTY",41387,"2017","05","VA"
"8661","Locality: 145 POWHATAN COUNTY",20149,"2017","05","VA"
"8673","Locality: 147 PRINCE EDWARD COUNTY",12641,"2017","05","VA"
"8683","Locality: 149 PRINCE GEORGE COUNTY",21137,"2017","05","VA"
"8693","Locality: 153 PRINCE WILLIAM COUNTY",257485,"2017","05","VA"
"8784","Locality: 155 PULASKI COUNTY",20947,"2017","05","VA"
"8796","Locality: 157 RAPPAHANNOCK COUNTY",5594,"2017","05","VA"
"8802","Locality: 159 RICHMOND COUNTY",4917,"2017","05","VA"
"8807","Locality: 161 ROANOKE COUNTY",65592,"2017","05","VA"
"8839","Locality: 163 ROCKBRIDGE COUNTY",13946,"2017","05","VA"
"8856","Locality: 165 ROCKINGHAM COUNTY",47363,"2017","05","VA"
"8886","Locality: 167 RUSSELL COUNTY",17972,"2017","05","VA"
"8901","Locality: 169 SCOTT COUNTY",14479,"2017","05","VA"
"8918","Locality: 171 SHENANDOAH COUNTY",26935,"2017","05","VA"
"8930","Locality: 173 SMYTH COUNTY",18262,"2017","05","VA"
"8944","Locality: 175 SOUTHAMPTON COUNTY",11683,"2017","05","VA"
"8957","Locality: 177 SPOTSYLVANIA COUNTY",82685,"2017","05","VA"
"8983","Locality: 179 STAFFORD COUNTY",85902,"2017","05","VA"
"9010","Locality: 181 SURRY COUNTY",5252,"2017","05","VA"
"9017","Locality: 183 SUSSEX COUNTY",6632,"2017","05","VA"
"9028","Locality: 185 TAZEWELL COUNTY",26587,"2017","05","VA"
"9052","Locality: 187 WARREN COUNTY",24187,"2017","05","VA"
"9063","Locality: 191 WASHINGTON COUNTY",34619,"2017","05","VA"
"9082","Locality: 193 WESTMORELAND COUNTY",11578,"2017","05","VA"
"9090","Locality: 195 WISE COUNTY",21963,"2017","05","VA"
"9102","Locality: 197 WYTHE COUNTY",18074,"2017","05","VA"
"9113","Locality: 199 YORK COUNTY",42247,"2017","05","VA"
"9126","Locality: 510 ALEXANDRIA CITY",94355,"2017","05","VA"
"9153","Locality: 520 BRISTOL CITY",10221,"2017","05","VA"
"9157","Locality: 530 BUENA VISTA CITY",3696,"2017","05","VA"
"9159","Locality: 540 CHARLOTTESVILLE CITY",29566,"2017","05","VA"
"9168","Locality: 550 CHESAPEAKE CITY",146024,"2017","05","VA"
"9231","Locality: 570 COLONIAL HEIGHTS CITY",11549,"2017","05","VA"
"9236","Locality: 580 COVINGTON CITY",3446,"2017","05","VA"
"9241","Locality: 590 DANVILLE CITY",26266,"2017","05","VA"
"9257","Locality: 595 EMPORIA CITY",3502,"2017","05","VA"
"9264","Locality: 600 FAIRFAX CITY",15138,"2017","05","VA"
"9270","Locality: 610 FALLS CHURCH CITY",9464,"2017","05","VA"
"9273","Locality: 620 FRANKLIN CITY",5288,"2017","05","VA"
"9279","Locality: 630 FREDERICKSBURG CITY",15526,"2017","05","VA"
"9284","Locality: 640 GALAX CITY",3435,"2017","05","VA"
"9287","Locality: 650 HAMPTON CITY",85174,"2017","05","VA"
"9317","Locality: 660 HARRISONBURG CITY",23229,"2017","05","VA"
"9325","Locality: 670 HOPEWELL CITY",13147,"2017","05","VA"
"9332","Locality: 678 LEXINGTON CITY",3704,"2017","05","VA"
"9333","Locality: 680 LYNCHBURG CITY",48973,"2017","05","VA"
"9351","Locality: 683 MANASSAS CITY",20464,"2017","05","VA"
"9357","Locality: 685 MANASSAS PARK CITY",7182,"2017","05","VA"
"9360","Locality: 690 MARTINSVILLE CITY",8213,"2017","05","VA"
"9366","Locality: 700 NEWPORT NEWS CITY",107114,"2017","05","VA"
"9411","Locality: 710 NORFOLK CITY",114983,"2017","05","VA"
"9460","Locality: 720 NORTON CITY",2177,"2017","05","VA"
"9461","Locality: 730 PETERSBURG CITY",19649,"2017","05","VA"
"9468","Locality: 735 POQUOSON CITY",8649,"2017","05","VA"
"9471","Locality: 740 PORTSMOUTH CITY",58762,"2017","05","VA"
"9502","Locality: 750 RADFORD CITY",8431,"2017","05","VA"
"9505","Locality: 760 RICHMOND CITY",135162,"2017","05","VA"
"9570","Locality: 770 ROANOKE CITY",54878,"2017","05","VA"
"9591","Locality: 775 SALEM CITY",16034,"2017","05","VA"
"9601","Locality: 790 STAUNTON CITY",15202,"2017","05","VA"
"9606","Locality: 800 SUFFOLK CITY",57085,"2017","05","VA"
"9633","Locality: 810 VIRGINIA BEACH CITY",281068,"2017","05","VA"
"9731","Locality: 820 WAYNESBORO CITY",12356,"2017","05","VA"
"9735","Locality: 830 WILLIAMSBURG CITY",9440,"2017","05","VA"
"9737","Locality: 840 WINCHESTER CITY",14696,"2017","05","VA"
"9743","Locality: 001 ACCOMACK COUNTY",22645,"2017","06","VA"
"9759","Locality: 003 ALBEMARLE COUNTY",71320,"2017","06","VA"
"9787","Locality: 005 ALLEGHANY COUNTY",10135,"2017","06","VA"
"9799","Locality: 007 AMELIA COUNTY",8886,"2017","06","VA"
"9804","Locality: 009 AMHERST COUNTY",20242,"2017","06","VA"
"9815","Locality: 011 APPOMATTOX COUNTY",10452,"2017","06","VA"
"9824","Locality: 013 ARLINGTON COUNTY",152296,"2017","06","VA"
"9878","Locality: 015 AUGUSTA COUNTY",46302,"2017","06","VA"
"9903","Locality: 017 BATH COUNTY",3094,"2017","06","VA"
"9910","Locality: 019 BEDFORD COUNTY",53381,"2017","06","VA"
"9941","Locality: 021 BLAND COUNTY",4356,"2017","06","VA"
"9948","Locality: 023 BOTETOURT COUNTY",23122,"2017","06","VA"
"9958","Locality: 025 BRUNSWICK COUNTY",10354,"2017","06","VA"
"9971","Locality: 027 BUCHANAN COUNTY",14843,"2017","06","VA"
"9988","Locality: 029 BUCKINGHAM COUNTY",9925,"2017","06","VA"
"9998","Locality: 031 CAMPBELL COUNTY",35958,"2017","06","VA"
"10014","Locality: 033 CAROLINE COUNTY",18905,"2017","06","VA"
"10026","Locality: 035 CARROLL COUNTY",18534,"2017","06","VA"
"10044","Locality: 036 CHARLES CITY COUNTY",5295,"2017","06","VA"
"10047","Locality: 037 CHARLOTTE COUNTY",7891,"2017","06","VA"
"10054","Locality: 041 CHESTERFIELD COUNTY",223914,"2017","06","VA"
"10129","Locality: 043 CLARKE COUNTY",10244,"2017","06","VA"
"10136","Locality: 045 CRAIG COUNTY",3682,"2017","06","VA"
"10144","Locality: 047 CULPEPER COUNTY",29886,"2017","06","VA"
"10159","Locality: 049 CUMBERLAND COUNTY",6554,"2017","06","VA"
"10164","Locality: 051 DICKENSON COUNTY",9852,"2017","06","VA"
"10174","Locality: 053 DINWIDDIE COUNTY",18206,"2017","06","VA"
"10187","Locality: 057 ESSEX COUNTY",7329,"2017","06","VA"
"10191","Locality: 059 FAIRFAX COUNTY",699657,"2017","06","VA"
"10434","Locality: 061 FAUQUIER COUNTY",47342,"2017","06","VA"
"10454","Locality: 063 FLOYD COUNTY",10448,"2017","06","VA"
"10459","Locality: 065 FLUVANNA COUNTY",17331,"2017","06","VA"
"10464","Locality: 067 FRANKLIN COUNTY",34672,"2017","06","VA"
"10487","Locality: 069 FREDERICK COUNTY",54194,"2017","06","VA"
"10508","Locality: 071 GILES COUNTY",10909,"2017","06","VA"
"10517","Locality: 073 GLOUCESTER COUNTY",26075,"2017","06","VA"
"10528","Locality: 075 GOOCHLAND COUNTY",16978,"2017","06","VA"
"10538","Locality: 077 GRAYSON COUNTY",9920,"2017","06","VA"
"10553","Locality: 079 GREENE COUNTY",12535,"2017","06","VA"
"10558","Locality: 081 GREENSVILLE COUNTY",6172,"2017","06","VA"
"10567","Locality: 083 HALIFAX COUNTY",22912,"2017","06","VA"
"10588","Locality: 085 HANOVER COUNTY",74720,"2017","06","VA"
"10624","Locality: 087 HENRICO COUNTY",208570,"2017","06","VA"
"10715","Locality: 089 HENRY COUNTY",33604,"2017","06","VA"
"10739","Locality: 091 HIGHLAND COUNTY",1763,"2017","06","VA"
"10745","Locality: 093 ISLE OF WIGHT COUNTY",26415,"2017","06","VA"
"10759","Locality: 095 JAMES CITY COUNTY",53447,"2017","06","VA"
"10778","Locality: 097 KING & QUEEN COUNTY",4806,"2017","06","VA"
"10783","Locality: 099 KING GEORGE COUNTY",15729,"2017","06","VA"
"10788","Locality: 101 KING WILLIAM COUNTY",11503,"2017","06","VA"
"10794","Locality: 103 LANCASTER COUNTY",8331,"2017","06","VA"
"10800","Locality: 105 LEE COUNTY",14409,"2017","06","VA"
"10816","Locality: 107 LOUDOUN COUNTY",231143,"2017","06","VA"
"10909","Locality: 109 LOUISA COUNTY",22993,"2017","06","VA"
"10924","Locality: 111 LUNENBURG COUNTY",7499,"2017","06","VA"
"10935","Locality: 113 MADISON COUNTY",8838,"2017","06","VA"
"10944","Locality: 115 MATHEWS COUNTY",6752,"2017","06","VA"
"10947","Locality: 117 MECKLENBURG COUNTY",20387,"2017","06","VA"
"10970","Locality: 119 MIDDLESEX COUNTY",7615,"2017","06","VA"
"10976","Locality: 121 MONTGOMERY COUNTY",55248,"2017","06","VA"
"11000","Locality: 125 NELSON COUNTY",10648,"2017","06","VA"
"11009","Locality: 127 NEW KENT COUNTY",14703,"2017","06","VA"
"11019","Locality: 131 NORTHAMPTON COUNTY",8688,"2017","06","VA"
"11024","Locality: 133 NORTHUMBERLAND COUNTY",9255,"2017","06","VA"
"11030","Locality: 135 NOTTOWAY COUNTY",8708,"2017","06","VA"
"11039","Locality: 137 ORANGE COUNTY",22787,"2017","06","VA"
"11049","Locality: 139 PAGE COUNTY",14917,"2017","06","VA"
"11054","Locality: 141 PATRICK COUNTY",11602,"2017","06","VA"
"11067","Locality: 143 PITTSYLVANIA COUNTY",41390,"2017","06","VA"
"11096","Locality: 145 POWHATAN COUNTY",20228,"2017","06","VA"
"11108","Locality: 147 PRINCE EDWARD COUNTY",12614,"2017","06","VA"
"11118","Locality: 149 PRINCE GEORGE COUNTY",21155,"2017","06","VA"
"11128","Locality: 153 PRINCE WILLIAM COUNTY",258366,"2017","06","VA"
"11219","Locality: 155 PULASKI COUNTY",20957,"2017","06","VA"
"11231","Locality: 157 RAPPAHANNOCK COUNTY",5602,"2017","06","VA"
"11237","Locality: 159 RICHMOND COUNTY",4927,"2017","06","VA"
"11242","Locality: 161 ROANOKE COUNTY",65621,"2017","06","VA"
"11274","Locality: 163 ROCKBRIDGE COUNTY",13978,"2017","06","VA"
"11291","Locality: 165 ROCKINGHAM COUNTY",47454,"2017","06","VA"
"11321","Locality: 167 RUSSELL COUNTY",17963,"2017","06","VA"
"11336","Locality: 169 SCOTT COUNTY",14474,"2017","06","VA"
"11353","Locality: 171 SHENANDOAH COUNTY",26957,"2017","06","VA"
"11365","Locality: 173 SMYTH COUNTY",18232,"2017","06","VA"
"11379","Locality: 175 SOUTHAMPTON COUNTY",11693,"2017","06","VA"
"11392","Locality: 177 SPOTSYLVANIA COUNTY",83064,"2017","06","VA"
"11418","Locality: 179 STAFFORD COUNTY",86218,"2017","06","VA"
"11445","Locality: 181 SURRY COUNTY",5281,"2017","06","VA"
"11452","Locality: 183 SUSSEX COUNTY",6700,"2017","06","VA"
"11463","Locality: 185 TAZEWELL COUNTY",26572,"2017","06","VA"
"11487","Locality: 187 WARREN COUNTY",24258,"2017","06","VA"
"11498","Locality: 191 WASHINGTON COUNTY",34611,"2017","06","VA"
"11517","Locality: 193 WESTMORELAND COUNTY",11615,"2017","06","VA"
"11525","Locality: 195 WISE COUNTY",21958,"2017","06","VA"
"11537","Locality: 197 WYTHE COUNTY",18099,"2017","06","VA"
"11548","Locality: 199 YORK COUNTY",42406,"2017","06","VA"
"11561","Locality: 510 ALEXANDRIA CITY",94672,"2017","06","VA"
"11588","Locality: 520 BRISTOL CITY",10217,"2017","06","VA"
"11592","Locality: 530 BUENA VISTA CITY",3697,"2017","06","VA"
"11594","Locality: 540 CHARLOTTESVILLE CITY",29582,"2017","06","VA"
"11603","Locality: 550 CHESAPEAKE CITY",146402,"2017","06","VA"
"11666","Locality: 570 COLONIAL HEIGHTS CITY",11580,"2017","06","VA"
"11671","Locality: 580 COVINGTON CITY",3456,"2017","06","VA"
"11676","Locality: 590 DANVILLE CITY",26293,"2017","06","VA"
"11692","Locality: 595 EMPORIA CITY",3513,"2017","06","VA"
"11699","Locality: 600 FAIRFAX CITY",15227,"2017","06","VA"
"11705","Locality: 610 FALLS CHURCH CITY",9526,"2017","06","VA"
"11708","Locality: 620 FRANKLIN CITY",5310,"2017","06","VA"
"11714","Locality: 630 FREDERICKSBURG CITY",15593,"2017","06","VA"
"11719","Locality: 640 GALAX CITY",3444,"2017","06","VA"
"11722","Locality: 650 HAMPTON CITY",85382,"2017","06","VA"
"11752","Locality: 660 HARRISONBURG CITY",23164,"2017","06","VA"
"11760","Locality: 670 HOPEWELL CITY",13178,"2017","06","VA"
"11767","Locality: 678 LEXINGTON CITY",3709,"2017","06","VA"
"11768","Locality: 680 LYNCHBURG CITY",49014,"2017","06","VA"
"11786","Locality: 683 MANASSAS CITY",20461,"2017","06","VA"
"11792","Locality: 685 MANASSAS PARK CITY",7228,"2017","06","VA"
"11795","Locality: 690 MARTINSVILLE CITY",8199,"2017","06","VA"
"11801","Locality: 700 NEWPORT NEWS CITY",107427,"2017","06","VA"
"11846","Locality: 710 NORFOLK CITY",115417,"2017","06","VA"
"11895","Locality: 720 NORTON CITY",2174,"2017","06","VA"
"11896","Locality: 730 PETERSBURG CITY",19712,"2017","06","VA"
"11903","Locality: 735 POQUOSON CITY",8679,"2017","06","VA"
"11906","Locality: 740 PORTSMOUTH CITY",58844,"2017","06","VA"
"11937","Locality: 750 RADFORD CITY",8419,"2017","06","VA"
"11940","Locality: 760 RICHMOND CITY",135211,"2017","06","VA"
"12005","Locality: 770 ROANOKE CITY",55032,"2017","06","VA"
"12026","Locality: 775 SALEM CITY",16024,"2017","06","VA"
"12036","Locality: 790 STAUNTON CITY",15205,"2017","06","VA"
"12041","Locality: 800 SUFFOLK CITY",57307,"2017","06","VA"
"12068","Locality: 810 VIRGINIA BEACH CITY",281901,"2017","06","VA"
"12166","Locality: 820 WAYNESBORO CITY",12372,"2017","06","VA"
"12170","Locality: 830 WILLIAMSBURG CITY",9409,"2017","06","VA"
"12172","Locality: 840 WINCHESTER CITY",14742,"2017","06","VA"
"12178","Locality: 001 ACCOMACK COUNTY",22667,"2017","07","VA"
"12194","Locality: 003 ALBEMARLE COUNTY",71312,"2017","07","VA"
"12222","Locality: 005 ALLEGHANY COUNTY",10119,"2017","07","VA"
"12234","Locality: 007 AMELIA COUNTY",8916,"2017","07","VA"
"12239","Locality: 009 AMHERST COUNTY",20255,"2017","07","VA"
"12250","Locality: 011 APPOMATTOX COUNTY",10480,"2017","07","VA"
"12259","Locality: 013 ARLINGTON COUNTY",152556,"2017","07","VA"
"12313","Locality: 015 AUGUSTA COUNTY",46339,"2017","07","VA"
"12338","Locality: 017 BATH COUNTY",3094,"2017","07","VA"
"12345","Locality: 019 BEDFORD COUNTY",53469,"2017","07","VA"
"12376","Locality: 021 BLAND COUNTY",4366,"2017","07","VA"
"12383","Locality: 023 BOTETOURT COUNTY",23192,"2017","07","VA"
"12393","Locality: 025 BRUNSWICK COUNTY",10381,"2017","07","VA"
"12406","Locality: 027 BUCHANAN COUNTY",14833,"2017","07","VA"
"12423","Locality: 029 BUCKINGHAM COUNTY",9940,"2017","07","VA"
"12433","Locality: 031 CAMPBELL COUNTY",35960,"2017","07","VA"
"12449","Locality: 033 CAROLINE COUNTY",18970,"2017","07","VA"
"12461","Locality: 035 CARROLL COUNTY",18552,"2017","07","VA"
"12479","Locality: 036 CHARLES CITY COUNTY",5288,"2017","07","VA"
"12482","Locality: 037 CHARLOTTE COUNTY",7903,"2017","07","VA"
"12489","Locality: 041 CHESTERFIELD COUNTY",224790,"2017","07","VA"
"12564","Locality: 043 CLARKE COUNTY",10279,"2017","07","VA"
"12571","Locality: 045 CRAIG COUNTY",3684,"2017","07","VA"
"12579","Locality: 047 CULPEPER COUNTY",30020,"2017","07","VA"
"12594","Locality: 049 CUMBERLAND COUNTY",6546,"2017","07","VA"
"12599","Locality: 051 DICKENSON COUNTY",9840,"2017","07","VA"
"12609","Locality: 053 DINWIDDIE COUNTY",18207,"2017","07","VA"
"12622","Locality: 057 ESSEX COUNTY",7350,"2017","07","VA"
"12626","Locality: 059 FAIRFAX COUNTY",698635,"2017","07","VA"
"12869","Locality: 061 FAUQUIER COUNTY",47254,"2017","07","VA"
"12889","Locality: 063 FLOYD COUNTY",10447,"2017","07","VA"
"12894","Locality: 065 FLUVANNA COUNTY",17395,"2017","07","VA"
"12899","Locality: 067 FRANKLIN COUNTY",34737,"2017","07","VA"
"12922","Locality: 069 FREDERICK COUNTY",54487,"2017","07","VA"
"12943","Locality: 071 GILES COUNTY",10929,"2017","07","VA"
"12952","Locality: 073 GLOUCESTER COUNTY",26134,"2017","07","VA"
"12963","Locality: 075 GOOCHLAND COUNTY",17059,"2017","07","VA"
"12973","Locality: 077 GRAYSON COUNTY",9935,"2017","07","VA"
"12988","Locality: 079 GREENE COUNTY",12592,"2017","07","VA"
"12993","Locality: 081 GREENSVILLE COUNTY",6173,"2017","07","VA"
"13002","Locality: 083 HALIFAX COUNTY",22945,"2017","07","VA"
"13023","Locality: 085 HANOVER COUNTY",74974,"2017","07","VA"
"13059","Locality: 087 HENRICO COUNTY",209025,"2017","07","VA"
"13150","Locality: 089 HENRY COUNTY",33623,"2017","07","VA"
"13174","Locality: 091 HIGHLAND COUNTY",1763,"2017","07","VA"
"13180","Locality: 093 ISLE OF WIGHT COUNTY",26477,"2017","07","VA"
"13194","Locality: 095 JAMES CITY COUNTY",53725,"2017","07","VA"
"13213","Locality: 097 KING & QUEEN COUNTY",4819,"2017","07","VA"
"13218","Locality: 099 KING GEORGE COUNTY",15772,"2017","07","VA"
"13223","Locality: 101 KING WILLIAM COUNTY",11537,"2017","07","VA"
"13229","Locality: 103 LANCASTER COUNTY",8377,"2017","07","VA"
"13235","Locality: 105 LEE COUNTY",14440,"2017","07","VA"
"13251","Locality: 107 LOUDOUN COUNTY",231447,"2017","07","VA"
"13344","Locality: 109 LOUISA COUNTY",23066,"2017","07","VA"
"13359","Locality: 111 LUNENBURG COUNTY",7522,"2017","07","VA"
"13370","Locality: 113 MADISON COUNTY",8858,"2017","07","VA"
"13379","Locality: 115 MATHEWS COUNTY",6748,"2017","07","VA"
"13382","Locality: 117 MECKLENBURG COUNTY",20383,"2017","07","VA"
"13405","Locality: 119 MIDDLESEX COUNTY",7632,"2017","07","VA"
"13411","Locality: 121 MONTGOMERY COUNTY",54992,"2017","07","VA"
"13435","Locality: 125 NELSON COUNTY",10682,"2017","07","VA"
"13444","Locality: 127 NEW KENT COUNTY",14773,"2017","07","VA"
"13454","Locality: 131 NORTHAMPTON COUNTY",8696,"2017","07","VA"
"13459","Locality: 133 NORTHUMBERLAND COUNTY",9279,"2017","07","VA"
"13465","Locality: 135 NOTTOWAY COUNTY",8744,"2017","07","VA"
"13474","Locality: 137 ORANGE COUNTY",22903,"2017","07","VA"
"13484","Locality: 139 PAGE COUNTY",14951,"2017","07","VA"
"13489","Locality: 141 PATRICK COUNTY",11608,"2017","07","VA"
"13502","Locality: 143 PITTSYLVANIA COUNTY",41393,"2017","07","VA"
"13531","Locality: 145 POWHATAN COUNTY",20276,"2017","07","VA"
"13543","Locality: 147 PRINCE EDWARD COUNTY",12597,"2017","07","VA"
"13553","Locality: 149 PRINCE GEORGE COUNTY",21221,"2017","07","VA"
"13563","Locality: 153 PRINCE WILLIAM COUNTY",258482,"2017","07","VA"
"13654","Locality: 155 PULASKI COUNTY",20996,"2017","07","VA"
"13666","Locality: 157 RAPPAHANNOCK COUNTY",5608,"2017","07","VA"
"13672","Locality: 159 RICHMOND COUNTY",4941,"2017","07","VA"
"13677","Locality: 161 ROANOKE COUNTY",65472,"2017","07","VA"
"13709","Locality: 163 ROCKBRIDGE COUNTY",14012,"2017","07","VA"
"13726","Locality: 165 ROCKINGHAM COUNTY",47602,"2017","07","VA"
"13756","Locality: 167 RUSSELL COUNTY",17963,"2017","07","VA"
"13771","Locality: 169 SCOTT COUNTY",14487,"2017","07","VA"
"13788","Locality: 171 SHENANDOAH COUNTY",27010,"2017","07","VA"
"13800","Locality: 173 SMYTH COUNTY",18257,"2017","07","VA"
"13814","Locality: 175 SOUTHAMPTON COUNTY",11730,"2017","07","VA"
"13827","Locality: 177 SPOTSYLVANIA COUNTY",83245,"2017","07","VA"
"13853","Locality: 179 STAFFORD COUNTY",86502,"2017","07","VA"
"13880","Locality: 181 SURRY COUNTY",5289,"2017","07","VA"
"13887","Locality: 183 SUSSEX COUNTY",6719,"2017","07","VA"
"13898","Locality: 185 TAZEWELL COUNTY",26503,"2017","07","VA"
"13922","Locality: 187 WARREN COUNTY",24337,"2017","07","VA"
"13933","Locality: 191 WASHINGTON COUNTY",34630,"2017","07","VA"
"13952","Locality: 193 WESTMORELAND COUNTY",11629,"2017","07","VA"
"13960","Locality: 195 WISE COUNTY",21996,"2017","07","VA"
"13972","Locality: 197 WYTHE COUNTY",18131,"2017","07","VA"
"13983","Locality: 199 YORK COUNTY",42486,"2017","07","VA"
"13996","Locality: 510 ALEXANDRIA CITY",95230,"2017","07","VA"
"14023","Locality: 520 BRISTOL CITY",10255,"2017","07","VA"
"14027","Locality: 530 BUENA VISTA CITY",3681,"2017","07","VA"
"14029","Locality: 540 CHARLOTTESVILLE CITY",29547,"2017","07","VA"
"14038","Locality: 550 CHESAPEAKE CITY",146714,"2017","07","VA"
"14101","Locality: 570 COLONIAL HEIGHTS CITY",11596,"2017","07","VA"
"14106","Locality: 580 COVINGTON CITY",3467,"2017","07","VA"
"14111","Locality: 590 DANVILLE CITY",26292,"2017","07","VA"
"14127","Locality: 595 EMPORIA CITY",3519,"2017","07","VA"
"14134","Locality: 600 FAIRFAX CITY",15221,"2017","07","VA"
"14140","Locality: 610 FALLS CHURCH CITY",9528,"2017","07","VA"
"14143","Locality: 620 FRANKLIN CITY",5310,"2017","07","VA"
"14149","Locality: 630 FREDERICKSBURG CITY",15611,"2017","07","VA"
"14154","Locality: 640 GALAX CITY",3455,"2017","07","VA"
"14157","Locality: 650 HAMPTON CITY",85778,"2017","07","VA"
"14187","Locality: 660 HARRISONBURG CITY",22899,"2017","07","VA"
"14195","Locality: 670 HOPEWELL CITY",13198,"2017","07","VA"
"14202","Locality: 678 LEXINGTON CITY",3709,"2017","07","VA"
"14203","Locality: 680 LYNCHBURG CITY",49025,"2017","07","VA"
"14221","Locality: 683 MANASSAS CITY",20485,"2017","07","VA"
"14227","Locality: 685 MANASSAS PARK CITY",7288,"2017","07","VA"
"14230","Locality: 690 MARTINSVILLE CITY",8236,"2017","07","VA"
"14236","Locality: 700 NEWPORT NEWS CITY",107311,"2017","07","VA"
"14281","Locality: 710 NORFOLK CITY",115810,"2017","07","VA"
"14330","Locality: 720 NORTON CITY",2183,"2017","07","VA"
"14331","Locality: 730 PETERSBURG CITY",19754,"2017","07","VA"
"14338","Locality: 735 POQUOSON CITY",8688,"2017","07","VA"
"14341","Locality: 740 PORTSMOUTH CITY",59015,"2017","07","VA"
"14372","Locality: 750 RADFORD CITY",8343,"2017","07","VA"
"14375","Locality: 760 RICHMOND CITY",134588,"2017","07","VA"
"14440","Locality: 770 ROANOKE CITY",55208,"2017","07","VA"
"14461","Locality: 775 SALEM CITY",16033,"2017","07","VA"
"14471","Locality: 790 STAUNTON CITY",15259,"2017","07","VA"
"14476","Locality: 800 SUFFOLK CITY",57494,"2017","07","VA"
"14503","Locality: 810 VIRGINIA BEACH CITY",281244,"2017","07","VA"
"14601","Locality: 820 WAYNESBORO CITY",12458,"2017","07","VA"
"14605","Locality: 830 WILLIAMSBURG CITY",9357,"2017","07","VA"
"14607","Locality: 840 WINCHESTER CITY",14753,"2017","07","VA"
"14613","Locality: 001 ACCOMACK COUNTY",22632,"2017","08","VA"
"14629","Locality: 003 ALBEMARLE COUNTY",70669,"2017","08","VA"
"14657","Locality: 005 ALLEGHANY COUNTY",10112,"2017","08","VA"
"14669","Locality: 007 AMELIA COUNTY",8921,"2017","08","VA"
"14674","Locality: 009 AMHERST COUNTY",20269,"2017","08","VA"
"14685","Locality: 011 APPOMATTOX COUNTY",10473,"2017","08","VA"
"14694","Locality: 013 ARLINGTON COUNTY",152019,"2017","08","VA"
"14748","Locality: 015 AUGUSTA COUNTY",46370,"2017","08","VA"
"14773","Locality: 017 BATH COUNTY",3089,"2017","08","VA"
"14780","Locality: 019 BEDFORD COUNTY",53493,"2017","08","VA"
"14811","Locality: 021 BLAND COUNTY",4348,"2017","08","VA"
"14818","Locality: 023 BOTETOURT COUNTY",23191,"2017","08","VA"
"14828","Locality: 025 BRUNSWICK COUNTY",10349,"2017","08","VA"
"14841","Locality: 027 BUCHANAN COUNTY",14820,"2017","08","VA"
"14858","Locality: 029 BUCKINGHAM COUNTY",9928,"2017","08","VA"
"14868","Locality: 031 CAMPBELL COUNTY",35927,"2017","08","VA"
"14884","Locality: 033 CAROLINE COUNTY",18999,"2017","08","VA"
"14896","Locality: 035 CARROLL COUNTY",18568,"2017","08","VA"
"14914","Locality: 036 CHARLES CITY COUNTY",5287,"2017","08","VA"
"14917","Locality: 037 CHARLOTTE COUNTY",7839,"2017","08","VA"
"14924","Locality: 041 CHESTERFIELD COUNTY",224673,"2017","08","VA"
"14999","Locality: 043 CLARKE COUNTY",10292,"2017","08","VA"
"15006","Locality: 045 CRAIG COUNTY",3682,"2017","08","VA"
"15014","Locality: 047 CULPEPER COUNTY",30085,"2017","08","VA"
"15029","Locality: 049 CUMBERLAND COUNTY",6538,"2017","08","VA"
"15034","Locality: 051 DICKENSON COUNTY",9829,"2017","08","VA"
"15044","Locality: 053 DINWIDDIE COUNTY",18204,"2017","08","VA"
"15057","Locality: 057 ESSEX COUNTY",7336,"2017","08","VA"
"15061","Locality: 059 FAIRFAX COUNTY",696641,"2017","08","VA"
"15304","Locality: 061 FAUQUIER COUNTY",47403,"2017","08","VA"
"15324","Locality: 063 FLOYD COUNTY",10460,"2017","08","VA"
"15329","Locality: 065 FLUVANNA COUNTY",17401,"2017","08","VA"
"15334","Locality: 067 FRANKLIN COUNTY",34670,"2017","08","VA"
"15357","Locality: 069 FREDERICK COUNTY",54440,"2017","08","VA"
"15378","Locality: 071 GILES COUNTY",10913,"2017","08","VA"
"15387","Locality: 073 GLOUCESTER COUNTY",26082,"2017","08","VA"
"15398","Locality: 075 GOOCHLAND COUNTY",17070,"2017","08","VA"
"15408","Locality: 077 GRAYSON COUNTY",9924,"2017","08","VA"
"15423","Locality: 079 GREENE COUNTY",12556,"2017","08","VA"
"15428","Locality: 081 GREENSVILLE COUNTY",6168,"2017","08","VA"
"15437","Locality: 083 HALIFAX COUNTY",22925,"2017","08","VA"
"15458","Locality: 085 HANOVER COUNTY",75090,"2017","08","VA"
"15494","Locality: 087 HENRICO COUNTY",208958,"2017","08","VA"
"15585","Locality: 089 HENRY COUNTY",33565,"2017","08","VA"
"15609","Locality: 091 HIGHLAND COUNTY",1755,"2017","08","VA"
"15615","Locality: 093 ISLE OF WIGHT COUNTY",26498,"2017","08","VA"
"15629","Locality: 095 JAMES CITY COUNTY",53648,"2017","08","VA"
"15648","Locality: 097 KING & QUEEN COUNTY",4829,"2017","08","VA"
"15653","Locality: 099 KING GEORGE COUNTY",15803,"2017","08","VA"
"15658","Locality: 101 KING WILLIAM COUNTY",11542,"2017","08","VA"
"15664","Locality: 103 LANCASTER COUNTY",8352,"2017","08","VA"
"15670","Locality: 105 LEE COUNTY",14437,"2017","08","VA"
"15686","Locality: 107 LOUDOUN COUNTY",233275,"2017","08","VA"
"15779","Locality: 109 LOUISA COUNTY",23107,"2017","08","VA"
"15794","Locality: 111 LUNENBURG COUNTY",7522,"2017","08","VA"
"15805","Locality: 113 MADISON COUNTY",8855,"2017","08","VA"
"15814","Locality: 115 MATHEWS COUNTY",6755,"2017","08","VA"
"15817","Locality: 117 MECKLENBURG COUNTY",20382,"2017","08","VA"
"15840","Locality: 119 MIDDLESEX COUNTY",7631,"2017","08","VA"
"15846","Locality: 121 MONTGOMERY COUNTY",54775,"2017","08","VA"
"15870","Locality: 125 NELSON COUNTY",10659,"2017","08","VA"
"15879","Locality: 127 NEW KENT COUNTY",14797,"2017","08","VA"
"15889","Locality: 131 NORTHAMPTON COUNTY",8672,"2017","08","VA"
"15894","Locality: 133 NORTHUMBERLAND COUNTY",9282,"2017","08","VA"
"15900","Locality: 135 NOTTOWAY COUNTY",8737,"2017","08","VA"
"15909","Locality: 137 ORANGE COUNTY",22966,"2017","08","VA"
"15919","Locality: 139 PAGE COUNTY",14879,"2017","08","VA"
"15924","Locality: 141 PATRICK COUNTY",11621,"2017","08","VA"
"15937","Locality: 143 PITTSYLVANIA COUNTY",41396,"2017","08","VA"
"15966","Locality: 145 POWHATAN COUNTY",20301,"2017","08","VA"
"15978","Locality: 147 PRINCE EDWARD COUNTY",12574,"2017","08","VA"
"15988","Locality: 149 PRINCE GEORGE COUNTY",21225,"2017","08","VA"
"15998","Locality: 153 PRINCE WILLIAM COUNTY",259567,"2017","08","VA"
"16089","Locality: 155 PULASKI COUNTY",20963,"2017","08","VA"
"16101","Locality: 157 RAPPAHANNOCK COUNTY",5606,"2017","08","VA"
"16107","Locality: 159 RICHMOND COUNTY",4927,"2017","08","VA"
"16112","Locality: 161 ROANOKE COUNTY",65735,"2017","08","VA"
"16144","Locality: 163 ROCKBRIDGE COUNTY",13995,"2017","08","VA"
"16161","Locality: 165 ROCKINGHAM COUNTY",47603,"2017","08","VA"
"16191","Locality: 167 RUSSELL COUNTY",17923,"2017","08","VA"
"16206","Locality: 169 SCOTT COUNTY",14472,"2017","08","VA"
"16223","Locality: 171 SHENANDOAH COUNTY",27046,"2017","08","VA"
"16235","Locality: 173 SMYTH COUNTY",18260,"2017","08","VA"
"16249","Locality: 175 SOUTHAMPTON COUNTY",11722,"2017","08","VA"
"16262","Locality: 177 SPOTSYLVANIA COUNTY",83467,"2017","08","VA"
"16288","Locality: 179 STAFFORD COUNTY",86610,"2017","08","VA"
"16315","Locality: 181 SURRY COUNTY",5280,"2017","08","VA"
"16322","Locality: 183 SUSSEX COUNTY",6681,"2017","08","VA"
"16333","Locality: 185 TAZEWELL COUNTY",26437,"2017","08","VA"
"16357","Locality: 187 WARREN COUNTY",24366,"2017","08","VA"
"16368","Locality: 191 WASHINGTON COUNTY",34610,"2017","08","VA"
"16387","Locality: 193 WESTMORELAND COUNTY",11617,"2017","08","VA"
"16395","Locality: 195 WISE COUNTY",22014,"2017","08","VA"
"16407","Locality: 197 WYTHE COUNTY",18137,"2017","08","VA"
"16418","Locality: 199 YORK COUNTY",42524,"2017","08","VA"
"16431","Locality: 510 ALEXANDRIA CITY",94783,"2017","08","VA"
"16459","Locality: 520 BRISTOL CITY",10225,"2017","08","VA"
"16463","Locality: 530 BUENA VISTA CITY",3666,"2017","08","VA"
"16465","Locality: 540 CHARLOTTESVILLE CITY",29384,"2017","08","VA"
"16474","Locality: 550 CHESAPEAKE CITY",147113,"2017","08","VA"
"16537","Locality: 570 COLONIAL HEIGHTS CITY",11567,"2017","08","VA"
"16542","Locality: 580 COVINGTON CITY",3458,"2017","08","VA"
"16547","Locality: 590 DANVILLE CITY",26075,"2017","08","VA"
"16563","Locality: 595 EMPORIA CITY",3503,"2017","08","VA"
"16570","Locality: 600 FAIRFAX CITY",15200,"2017","08","VA"
"16576","Locality: 610 FALLS CHURCH CITY",9497,"2017","08","VA"
"16579","Locality: 620 FRANKLIN CITY",5304,"2017","08","VA"
"16585","Locality: 630 FREDERICKSBURG CITY",15594,"2017","08","VA"
"16590","Locality: 640 GALAX CITY",3448,"2017","08","VA"
"16593","Locality: 650 HAMPTON CITY",85887,"2017","08","VA"
"16623","Locality: 660 HARRISONBURG CITY",22780,"2017","08","VA"
"16631","Locality: 670 HOPEWELL CITY",13214,"2017","08","VA"
"16638","Locality: 678 LEXINGTON CITY",3612,"2017","08","VA"
"16639","Locality: 680 LYNCHBURG CITY",48510,"2017","08","VA"
"16657","Locality: 683 MANASSAS CITY",20450,"2017","08","VA"
"16663","Locality: 685 MANASSAS PARK CITY",7302,"2017","08","VA"
"16666","Locality: 690 MARTINSVILLE CITY",8232,"2017","08","VA"
"16672","Locality: 700 NEWPORT NEWS CITY",107569,"2017","08","VA"
"16717","Locality: 710 NORFOLK CITY",115648,"2017","08","VA"
"16766","Locality: 720 NORTON CITY",2175,"2017","08","VA"
"16767","Locality: 730 PETERSBURG CITY",19657,"2017","08","VA"
"16774","Locality: 735 POQUOSON CITY",8658,"2017","08","VA"
"16777","Locality: 740 PORTSMOUTH CITY",58974,"2017","08","VA"
"16808","Locality: 750 RADFORD CITY",8275,"2017","08","VA"
"16811","Locality: 760 RICHMOND CITY",135649,"2017","08","VA"
"16876","Locality: 770 ROANOKE CITY",55241,"2017","08","VA"
"16897","Locality: 775 SALEM CITY",15993,"2017","08","VA"
"16907","Locality: 790 STAUNTON CITY",15194,"2017","08","VA"
"16912","Locality: 800 SUFFOLK CITY",57638,"2017","08","VA"
"16939","Locality: 810 VIRGINIA BEACH CITY",281197,"2017","08","VA"
"17037","Locality: 820 WAYNESBORO CITY",12479,"2017","08","VA"
"17041","Locality: 830 WILLIAMSBURG CITY",9307,"2017","08","VA"
"17043","Locality: 840 WINCHESTER CITY",14734,"2017","08","VA"
"17049","Locality: 001 ACCOMACK COUNTY",21884,"2017","09","VA"
"17065","Locality: 003 ALBEMARLE COUNTY",69316,"2017","09","VA"
"17093","Locality: 005 ALLEGHANY COUNTY",9900,"2017","09","VA"
"17105","Locality: 007 AMELIA COUNTY",8776,"2017","09","VA"
"17110","Locality: 009 AMHERST COUNTY",19747,"2017","09","VA"
"17121","Locality: 011 APPOMATTOX COUNTY",10263,"2017","09","VA"
"17130","Locality: 013 ARLINGTON COUNTY",144090,"2017","09","VA"
"17184","Locality: 015 AUGUSTA COUNTY",45471,"2017","09","VA"
"17209","Locality: 017 BATH COUNTY",3030,"2017","09","VA"
"17216","Locality: 019 BEDFORD COUNTY",52507,"2017","09","VA"
"17247","Locality: 021 BLAND COUNTY",4150,"2017","09","VA"
"17254","Locality: 023 BOTETOURT COUNTY",22802,"2017","09","VA"
"17264","Locality: 025 BRUNSWICK COUNTY",10099,"2017","09","VA"
"17277","Locality: 027 BUCHANAN COUNTY",14425,"2017","09","VA"
"17294","Locality: 029 BUCKINGHAM COUNTY",9670,"2017","09","VA"
"17304","Locality: 031 CAMPBELL COUNTY",35101,"2017","09","VA"
"17320","Locality: 033 CAROLINE COUNTY",18573,"2017","09","VA"
"17332","Locality: 035 CARROLL COUNTY",18165,"2017","09","VA"
"17350","Locality: 036 CHARLES CITY COUNTY",5205,"2017","09","VA"
"17353","Locality: 037 CHARLOTTE COUNTY",7726,"2017","09","VA"
"17360","Locality: 041 CHESTERFIELD COUNTY",219982,"2017","09","VA"
"17435","Locality: 043 CLARKE COUNTY",10028,"2017","09","VA"
"17442","Locality: 045 CRAIG COUNTY",3588,"2017","09","VA"
"17450","Locality: 047 CULPEPER COUNTY",29289,"2017","09","VA"
"17465","Locality: 049 CUMBERLAND COUNTY",6383,"2017","09","VA"
"17470","Locality: 051 DICKENSON COUNTY",9509,"2017","09","VA"
"17480","Locality: 053 DINWIDDIE COUNTY",17761,"2017","09","VA"
"17493","Locality: 057 ESSEX COUNTY",6779,"2017","09","VA"
"17497","Locality: 059 FAIRFAX COUNTY",677112,"2017","09","VA"
"17740","Locality: 061 FAUQUIER COUNTY",46516,"2017","09","VA"
"17760","Locality: 063 FLOYD COUNTY",10273,"2017","09","VA"
"17765","Locality: 065 FLUVANNA COUNTY",17120,"2017","09","VA"
"17770","Locality: 067 FRANKLIN COUNTY",34026,"2017","09","VA"
"17793","Locality: 069 FREDERICK COUNTY",52797,"2017","09","VA"
"17814","Locality: 071 GILES COUNTY",10616,"2017","09","VA"
"17823","Locality: 073 GLOUCESTER COUNTY",25685,"2017","09","VA"
"17834","Locality: 075 GOOCHLAND COUNTY",16854,"2017","09","VA"
"17844","Locality: 077 GRAYSON COUNTY",9620,"2017","09","VA"
"17859","Locality: 079 GREENE COUNTY",11679,"2017","09","VA"
"17864","Locality: 081 GREENSVILLE COUNTY",6001,"2017","09","VA"
"17873","Locality: 083 HALIFAX COUNTY",22409,"2017","09","VA"
"17894","Locality: 085 HANOVER COUNTY",73823,"2017","09","VA"
"17930","Locality: 087 HENRICO COUNTY",204380,"2017","09","VA"
"18021","Locality: 089 HENRY COUNTY",32655,"2017","09","VA"
"18045","Locality: 091 HIGHLAND COUNTY",1736,"2017","09","VA"
"18051","Locality: 093 ISLE OF WIGHT COUNTY",25938,"2017","09","VA"
"18065","Locality: 095 JAMES CITY COUNTY",52461,"2017","09","VA"
"18084","Locality: 097 KING & QUEEN COUNTY",4740,"2017","09","VA"
"18089","Locality: 099 KING GEORGE COUNTY",15383,"2017","09","VA"
"18094","Locality: 101 KING WILLIAM COUNTY",11381,"2017","09","VA"
"18100","Locality: 103 LANCASTER COUNTY",8216,"2017","09","VA"
"18106","Locality: 105 LEE COUNTY",13675,"2017","09","VA"
"18122","Locality: 107 LOUDOUN COUNTY",227625,"2017","09","VA"
"18218","Locality: 109 LOUISA COUNTY",22610,"2017","09","VA"
"18233","Locality: 111 LUNENBURG COUNTY",7380,"2017","09","VA"
"18244","Locality: 113 MADISON COUNTY",8718,"2017","09","VA"
"18253","Locality: 115 MATHEWS COUNTY",6620,"2017","09","VA"
"18256","Locality: 117 MECKLENBURG COUNTY",19903,"2017","09","VA"
"18279","Locality: 119 MIDDLESEX COUNTY",7497,"2017","09","VA"
"18285","Locality: 121 MONTGOMERY COUNTY",52796,"2017","09","VA"
"18309","Locality: 125 NELSON COUNTY",10473,"2017","09","VA"
"18318","Locality: 127 NEW KENT COUNTY",14589,"2017","09","VA"
"18328","Locality: 131 NORTHAMPTON COUNTY",8498,"2017","09","VA"
"18333","Locality: 133 NORTHUMBERLAND COUNTY",9057,"2017","09","VA"
"18339","Locality: 135 NOTTOWAY COUNTY",8543,"2017","09","VA"
"18348","Locality: 137 ORANGE COUNTY",22469,"2017","09","VA"
"18358","Locality: 139 PAGE COUNTY",14641,"2017","09","VA"
"18363","Locality: 141 PATRICK COUNTY",11311,"2017","09","VA"
"18376","Locality: 143 PITTSYLVANIA COUNTY",40539,"2017","09","VA"
"18405","Locality: 145 POWHATAN COUNTY",19990,"2017","09","VA"
"18417","Locality: 147 PRINCE EDWARD COUNTY",12151,"2017","09","VA"
"18427","Locality: 149 PRINCE GEORGE COUNTY",20529,"2017","09","VA"
"18437","Locality: 153 PRINCE WILLIAM COUNTY",251453,"2017","09","VA"
"18528","Locality: 155 PULASKI COUNTY",20486,"2017","09","VA"
"18540","Locality: 157 RAPPAHANNOCK COUNTY",5502,"2017","09","VA"
"18546","Locality: 159 RICHMOND COUNTY",4842,"2017","09","VA"
"18551","Locality: 161 ROANOKE COUNTY",64170,"2017","09","VA"
"18583","Locality: 163 ROCKBRIDGE COUNTY",13652,"2017","09","VA"
"18600","Locality: 165 ROCKINGHAM COUNTY",46576,"2017","09","VA"
"18630","Locality: 167 RUSSELL COUNTY",17438,"2017","09","VA"
"18645","Locality: 169 SCOTT COUNTY",14033,"2017","09","VA"
"18662","Locality: 171 SHENANDOAH COUNTY",26469,"2017","09","VA"
"18674","Locality: 173 SMYTH COUNTY",17763,"2017","09","VA"
"18688","Locality: 175 SOUTHAMPTON COUNTY",11454,"2017","09","VA"
"18701","Locality: 177 SPOTSYLVANIA COUNTY",81193,"2017","09","VA"
"18727","Locality: 179 STAFFORD COUNTY",84185,"2017","09","VA"
"18754","Locality: 181 SURRY COUNTY",5169,"2017","09","VA"
"18761","Locality: 183 SUSSEX COUNTY",6564,"2017","09","VA"
"18772","Locality: 185 TAZEWELL COUNTY",24623,"2017","09","VA"
"18796","Locality: 187 WARREN COUNTY",23792,"2017","09","VA"
"18807","Locality: 191 WASHINGTON COUNTY",33763,"2017","09","VA"
"18826","Locality: 193 WESTMORELAND COUNTY",11341,"2017","09","VA"
"18834","Locality: 195 WISE COUNTY",21318,"2017","09","VA"
"18846","Locality: 197 WYTHE COUNTY",17596,"2017","09","VA"
"18857","Locality: 199 YORK COUNTY",41435,"2017","09","VA"
"18870","Locality: 510 ALEXANDRIA CITY",89491,"2017","09","VA"
"18898","Locality: 520 BRISTOL CITY",9890,"2017","09","VA"
"18902","Locality: 530 BUENA VISTA CITY",3505,"2017","09","VA"
"18904","Locality: 540 CHARLOTTESVILLE CITY",27878,"2017","09","VA"
"18913","Locality: 550 CHESAPEAKE CITY",142440,"2017","09","VA"
"18976","Locality: 570 COLONIAL HEIGHTS CITY",11217,"2017","09","VA"
"18981","Locality: 580 COVINGTON CITY",3346,"2017","09","VA"
"18986","Locality: 590 DANVILLE CITY",25491,"2017","09","VA"
"19002","Locality: 595 EMPORIA CITY",3382,"2017","09","VA"
"19009","Locality: 600 FAIRFAX CITY",14756,"2017","09","VA"
"19015","Locality: 610 FALLS CHURCH CITY",9262,"2017","09","VA"
"19018","Locality: 620 FRANKLIN CITY",5158,"2017","09","VA"
"19024","Locality: 630 FREDERICKSBURG CITY",14816,"2017","09","VA"
"19029","Locality: 640 GALAX CITY",3337,"2017","09","VA"
"19032","Locality: 650 HAMPTON CITY",81948,"2017","09","VA"
"19062","Locality: 660 HARRISONBURG CITY",20071,"2017","09","VA"
"19070","Locality: 670 HOPEWELL CITY",12747,"2017","09","VA"
"19077","Locality: 678 LEXINGTON CITY",3436,"2017","09","VA"
"19078","Locality: 680 LYNCHBURG CITY",46229,"2017","09","VA"
"19096","Locality: 683 MANASSAS CITY",19288,"2017","09","VA"
"19102","Locality: 685 MANASSAS PARK CITY",7009,"2017","09","VA"
"19105","Locality: 690 MARTINSVILLE CITY",7935,"2017","09","VA"
"19111","Locality: 700 NEWPORT NEWS CITY",102157,"2017","09","VA"
"19156","Locality: 710 NORFOLK CITY",110104,"2017","09","VA"
"19205","Locality: 720 NORTON CITY",2111,"2017","09","VA"
"19206","Locality: 730 PETERSBURG CITY",19143,"2017","09","VA"
"19213","Locality: 735 POQUOSON CITY",8492,"2017","09","VA"
"19216","Locality: 740 PORTSMOUTH CITY",57184,"2017","09","VA"
"19247","Locality: 750 RADFORD CITY",8020,"2017","09","VA"
"19250","Locality: 760 RICHMOND CITY",130068,"2017","09","VA"
"19315","Locality: 770 ROANOKE CITY",53765,"2017","09","VA"
"19336","Locality: 775 SALEM CITY",15604,"2017","09","VA"
"19346","Locality: 790 STAUNTON CITY",14686,"2017","09","VA"
"19351","Locality: 800 SUFFOLK CITY",55974,"2017","09","VA"
"19378","Locality: 810 VIRGINIA BEACH CITY",270631,"2017","09","VA"
"19476","Locality: 820 WAYNESBORO CITY",12108,"2017","09","VA"
"19480","Locality: 830 WILLIAMSBURG CITY",8749,"2017","09","VA"
"19482","Locality: 840 WINCHESTER CITY",14281,"2017","09","VA"
"19488","Locality: 001 ACCOMACK COUNTY",21900,"2017","10","VA"
"19504","Locality: 003 ALBEMARLE COUNTY",70702,"2017","10","VA"
"19532","Locality: 005 ALLEGHANY COUNTY",9893,"2017","10","VA"
"19544","Locality: 007 AMELIA COUNTY",8803,"2017","10","VA"
"19549","Locality: 009 AMHERST COUNTY",19789,"2017","10","VA"
"19560","Locality: 011 APPOMATTOX COUNTY",10275,"2017","10","VA"
"19569","Locality: 013 ARLINGTON COUNTY",144838,"2017","10","VA"
"19623","Locality: 015 AUGUSTA COUNTY",45587,"2017","10","VA"
"19648","Locality: 017 BATH COUNTY",3031,"2017","10","VA"
"19655","Locality: 019 BEDFORD COUNTY",52636,"2017","10","VA"
"19686","Locality: 021 BLAND COUNTY",4133,"2017","10","VA"
"19693","Locality: 023 BOTETOURT COUNTY",22809,"2017","10","VA"
"19703","Locality: 025 BRUNSWICK COUNTY",10101,"2017","10","VA"
"19716","Locality: 027 BUCHANAN COUNTY",14405,"2017","10","VA"
"19733","Locality: 029 BUCKINGHAM COUNTY",9661,"2017","10","VA"
"19743","Locality: 031 CAMPBELL COUNTY",35178,"2017","10","VA"
"19759","Locality: 033 CAROLINE COUNTY",18634,"2017","10","VA"
"19771","Locality: 035 CARROLL COUNTY",18203,"2017","10","VA"
"19789","Locality: 036 CHARLES CITY COUNTY",5216,"2017","10","VA"
"19792","Locality: 037 CHARLOTTE COUNTY",7747,"2017","10","VA"
"19799","Locality: 041 CHESTERFIELD COUNTY",220746,"2017","10","VA"
"19874","Locality: 043 CLARKE COUNTY",10042,"2017","10","VA"
"19881","Locality: 045 CRAIG COUNTY",3585,"2017","10","VA"
"19889","Locality: 047 CULPEPER COUNTY",29391,"2017","10","VA"
"19904","Locality: 049 CUMBERLAND COUNTY",6398,"2017","10","VA"
"19909","Locality: 051 DICKENSON COUNTY",9491,"2017","10","VA"
"19919","Locality: 053 DINWIDDIE COUNTY",17817,"2017","10","VA"
"19932","Locality: 057 ESSEX COUNTY",6789,"2017","10","VA"
"19936","Locality: 059 FAIRFAX COUNTY",681887,"2017","10","VA"
"20179","Locality: 061 FAUQUIER COUNTY",46631,"2017","10","VA"
"20199","Locality: 063 FLOYD COUNTY",10277,"2017","10","VA"
"20204","Locality: 065 FLUVANNA COUNTY",17132,"2017","10","VA"
"20209","Locality: 067 FRANKLIN COUNTY",34095,"2017","10","VA"
"20232","Locality: 069 FREDERICK COUNTY",53034,"2017","10","VA"
"20253","Locality: 071 GILES COUNTY",10634,"2017","10","VA"
"20262","Locality: 073 GLOUCESTER COUNTY",25756,"2017","10","VA"
"20273","Locality: 075 GOOCHLAND COUNTY",16860,"2017","10","VA"
"20283","Locality: 077 GRAYSON COUNTY",9640,"2017","10","VA"
"20298","Locality: 079 GREENE COUNTY",11724,"2017","10","VA"
"20303","Locality: 081 GREENSVILLE COUNTY",6003,"2017","10","VA"
"20312","Locality: 083 HALIFAX COUNTY",22422,"2017","10","VA"
"20332","Locality: 085 HANOVER COUNTY",73979,"2017","10","VA"
"20368","Locality: 087 HENRICO COUNTY",204711,"2017","10","VA"
"20459","Locality: 089 HENRY COUNTY",32693,"2017","10","VA"
"20483","Locality: 091 HIGHLAND COUNTY",1737,"2017","10","VA"
"20489","Locality: 093 ISLE OF WIGHT COUNTY",26023,"2017","10","VA"
"20503","Locality: 095 JAMES CITY COUNTY",52707,"2017","10","VA"
"20522","Locality: 097 KING & QUEEN COUNTY",4755,"2017","10","VA"
"20527","Locality: 099 KING GEORGE COUNTY",15441,"2017","10","VA"
"20532","Locality: 101 KING WILLIAM COUNTY",11396,"2017","10","VA"
"20538","Locality: 103 LANCASTER COUNTY",8221,"2017","10","VA"
"20544","Locality: 105 LEE COUNTY",13667,"2017","10","VA"
"20560","Locality: 107 LOUDOUN COUNTY",228561,"2017","10","VA"
"20656","Locality: 109 LOUISA COUNTY",22712,"2017","10","VA"
"20671","Locality: 111 LUNENBURG COUNTY",7387,"2017","10","VA"
"20682","Locality: 113 MADISON COUNTY",8736,"2017","10","VA"
"20691","Locality: 115 MATHEWS COUNTY",6621,"2017","10","VA"
"20694","Locality: 117 MECKLENBURG COUNTY",19978,"2017","10","VA"
"20717","Locality: 119 MIDDLESEX COUNTY",7510,"2017","10","VA"
"20723","Locality: 121 MONTGOMERY COUNTY",54290,"2017","10","VA"
"20747","Locality: 125 NELSON COUNTY",10488,"2017","10","VA"
"20756","Locality: 127 NEW KENT COUNTY",14671,"2017","10","VA"
"20766","Locality: 131 NORTHAMPTON COUNTY",8502,"2017","10","VA"
"20771","Locality: 133 NORTHUMBERLAND COUNTY",9089,"2017","10","VA"
"20777","Locality: 135 NOTTOWAY COUNTY",8552,"2017","10","VA"
"20786","Locality: 137 ORANGE COUNTY",22558,"2017","10","VA"
"20796","Locality: 139 PAGE COUNTY",14675,"2017","10","VA"
"20801","Locality: 141 PATRICK COUNTY",11329,"2017","10","VA"
"20814","Locality: 143 PITTSYLVANIA COUNTY",40581,"2017","10","VA"
"20843","Locality: 145 POWHATAN COUNTY",20007,"2017","10","VA"
"20855","Locality: 147 PRINCE EDWARD COUNTY",12263,"2017","10","VA"
"20865","Locality: 149 PRINCE GEORGE COUNTY",20655,"2017","10","VA"
"20875","Locality: 153 PRINCE WILLIAM COUNTY",252566,"2017","10","VA"
"20966","Locality: 155 PULASKI COUNTY",20533,"2017","10","VA"
"20978","Locality: 157 RAPPAHANNOCK COUNTY",5492,"2017","10","VA"
"20984","Locality: 159 RICHMOND COUNTY",4847,"2017","10","VA"
"20989","Locality: 161 ROANOKE COUNTY",64259,"2017","10","VA"
"21021","Locality: 163 ROCKBRIDGE COUNTY",13684,"2017","10","VA"
"21038","Locality: 165 ROCKINGHAM COUNTY",46816,"2017","10","VA"
"21068","Locality: 167 RUSSELL COUNTY",17431,"2017","10","VA"
"21083","Locality: 169 SCOTT COUNTY",14014,"2017","10","VA"
"21100","Locality: 171 SHENANDOAH COUNTY",26528,"2017","10","VA"
"21112","Locality: 173 SMYTH COUNTY",17793,"2017","10","VA"
"21126","Locality: 175 SOUTHAMPTON COUNTY",11486,"2017","10","VA"
"21139","Locality: 177 SPOTSYLVANIA COUNTY",81521,"2017","10","VA"
"21165","Locality: 179 STAFFORD COUNTY",84498,"2017","10","VA"
"21192","Locality: 181 SURRY COUNTY",5171,"2017","10","VA"
"21199","Locality: 183 SUSSEX COUNTY",6557,"2017","10","VA"
"21210","Locality: 185 TAZEWELL COUNTY",24679,"2017","10","VA"
"21234","Locality: 187 WARREN COUNTY",23879,"2017","10","VA"
"21245","Locality: 191 WASHINGTON COUNTY",33829,"2017","10","VA"
"21264","Locality: 193 WESTMORELAND COUNTY",11389,"2017","10","VA"
"21272","Locality: 195 WISE COUNTY",21310,"2017","10","VA"
"21284","Locality: 197 WYTHE COUNTY",17659,"2017","10","VA"
"21295","Locality: 199 YORK COUNTY",41543,"2017","10","VA"
"21308","Locality: 510 ALEXANDRIA CITY",89983,"2017","10","VA"
"21336","Locality: 520 BRISTOL CITY",9886,"2017","10","VA"
"21340","Locality: 530 BUENA VISTA CITY",3527,"2017","10","VA"
"21342","Locality: 540 CHARLOTTESVILLE CITY",28249,"2017","10","VA"
"21351","Locality: 550 CHESAPEAKE CITY",143089,"2017","10","VA"
"21414","Locality: 570 COLONIAL HEIGHTS CITY",11249,"2017","10","VA"
"21419","Locality: 580 COVINGTON CITY",3360,"2017","10","VA"
"21424","Locality: 590 DANVILLE CITY",25551,"2017","10","VA"
"21440","Locality: 595 EMPORIA CITY",3388,"2017","10","VA"
"21447","Locality: 600 FAIRFAX CITY",14786,"2017","10","VA"
"21453","Locality: 610 FALLS CHURCH CITY",9301,"2017","10","VA"
"21456","Locality: 620 FRANKLIN CITY",5165,"2017","10","VA"
"21462","Locality: 630 FREDERICKSBURG CITY",15153,"2017","10","VA"
"21467","Locality: 640 GALAX CITY",3347,"2017","10","VA"
"21470","Locality: 650 HAMPTON CITY",82606,"2017","10","VA"
"21500","Locality: 660 HARRISONBURG CITY",21352,"2017","10","VA"
"21508","Locality: 670 HOPEWELL CITY",12822,"2017","10","VA"
"21515","Locality: 678 LEXINGTON CITY",3452,"2017","10","VA"
"21516","Locality: 680 LYNCHBURG CITY",46415,"2017","10","VA"
"21534","Locality: 683 MANASSAS CITY",19319,"2017","10","VA"
"21540","Locality: 685 MANASSAS PARK CITY",7045,"2017","10","VA"
"21543","Locality: 690 MARTINSVILLE CITY",7957,"2017","10","VA"
"21549","Locality: 700 NEWPORT NEWS CITY",102884,"2017","10","VA"
"21594","Locality: 710 NORFOLK CITY",111160,"2017","10","VA"
"21643","Locality: 720 NORTON CITY",2113,"2017","10","VA"
"21644","Locality: 730 PETERSBURG CITY",19249,"2017","10","VA"
"21651","Locality: 735 POQUOSON CITY",8474,"2017","10","VA"
"21654","Locality: 740 PORTSMOUTH CITY",57484,"2017","10","VA"
"21685","Locality: 750 RADFORD CITY",8527,"2017","10","VA"
"21688","Locality: 760 RICHMOND CITY",133416,"2017","10","VA"
"21754","Locality: 770 ROANOKE CITY",54000,"2017","10","VA"
"21775","Locality: 775 SALEM CITY",15684,"2017","10","VA"
"21785","Locality: 790 STAUNTON CITY",14756,"2017","10","VA"
"21790","Locality: 800 SUFFOLK CITY",56150,"2017","10","VA"
"21817","Locality: 810 VIRGINIA BEACH CITY",271512,"2017","10","VA"
"21915","Locality: 820 WAYNESBORO CITY",12180,"2017","10","VA"
"21919","Locality: 830 WILLIAMSBURG CITY",9210,"2017","10","VA"
"21921","Locality: 840 WINCHESTER CITY",14396,"2017","10","VA"
"21927","Locality: 001 ACCOMACK COUNTY",21943,"2017","11","VA"
"21943","Locality: 003 ALBEMARLE COUNTY",71242,"2017","11","VA"
"21971","Locality: 005 ALLEGHANY COUNTY",9903,"2017","11","VA"
"21983","Locality: 007 AMELIA COUNTY",8820,"2017","11","VA"
"21988","Locality: 009 AMHERST COUNTY",19827,"2017","11","VA"
"21999","Locality: 011 APPOMATTOX COUNTY",10308,"2017","11","VA"
"22008","Locality: 013 ARLINGTON COUNTY",145880,"2017","11","VA"
"22062","Locality: 015 AUGUSTA COUNTY",45711,"2017","11","VA"
"22087","Locality: 017 BATH COUNTY",3029,"2017","11","VA"
"22094","Locality: 019 BEDFORD COUNTY",52836,"2017","11","VA"
"22125","Locality: 021 BLAND COUNTY",4135,"2017","11","VA"
"22132","Locality: 023 BOTETOURT COUNTY",22830,"2017","11","VA"
"22142","Locality: 025 BRUNSWICK COUNTY",10132,"2017","11","VA"
"22155","Locality: 027 BUCHANAN COUNTY",14405,"2017","11","VA"
"22172","Locality: 029 BUCKINGHAM COUNTY",9668,"2017","11","VA"
"22182","Locality: 031 CAMPBELL COUNTY",35319,"2017","11","VA"
"22198","Locality: 033 CAROLINE COUNTY",18688,"2017","11","VA"
"22210","Locality: 035 CARROLL COUNTY",18219,"2017","11","VA"
"22228","Locality: 036 CHARLES CITY COUNTY",5231,"2017","11","VA"
"22231","Locality: 037 CHARLOTTE COUNTY",7765,"2017","11","VA"
"22238","Locality: 041 CHESTERFIELD COUNTY",221730,"2017","11","VA"
"22313","Locality: 043 CLARKE COUNTY",10101,"2017","11","VA"
"22320","Locality: 045 CRAIG COUNTY",3592,"2017","11","VA"
"22328","Locality: 047 CULPEPER COUNTY",29503,"2017","11","VA"
"22343","Locality: 049 CUMBERLAND COUNTY",6417,"2017","11","VA"
"22348","Locality: 051 DICKENSON COUNTY",9496,"2017","11","VA"
"22358","Locality: 053 DINWIDDIE COUNTY",17837,"2017","11","VA"
"22371","Locality: 057 ESSEX COUNTY",6825,"2017","11","VA"
"22375","Locality: 059 FAIRFAX COUNTY",684035,"2017","11","VA"
"22618","Locality: 061 FAUQUIER COUNTY",46768,"2017","11","VA"
"22638","Locality: 063 FLOYD COUNTY",10301,"2017","11","VA"
"22643","Locality: 065 FLUVANNA COUNTY",17200,"2017","11","VA"
"22648","Locality: 067 FRANKLIN COUNTY",34163,"2017","11","VA"
"22671","Locality: 069 FREDERICK COUNTY",53222,"2017","11","VA"
"22692","Locality: 071 GILES COUNTY",10651,"2017","11","VA"
"22701","Locality: 073 GLOUCESTER COUNTY",25825,"2017","11","VA"
"22712","Locality: 075 GOOCHLAND COUNTY",16936,"2017","11","VA"
"22722","Locality: 077 GRAYSON COUNTY",9655,"2017","11","VA"
"22737","Locality: 079 GREENE COUNTY",11781,"2017","11","VA"
"22742","Locality: 081 GREENSVILLE COUNTY",6015,"2017","11","VA"
"22751","Locality: 083 HALIFAX COUNTY",22423,"2017","11","VA"
"22771","Locality: 085 HANOVER COUNTY",74189,"2017","11","VA"
"22807","Locality: 087 HENRICO COUNTY",205960,"2017","11","VA"
"22898","Locality: 089 HENRY COUNTY",32683,"2017","11","VA"
"22922","Locality: 091 HIGHLAND COUNTY",1743,"2017","11","VA"
"22928","Locality: 093 ISLE OF WIGHT COUNTY",26113,"2017","11","VA"
"22942","Locality: 095 JAMES CITY COUNTY",52876,"2017","11","VA"
"22961","Locality: 097 KING & QUEEN COUNTY",4767,"2017","11","VA"
"22966","Locality: 099 KING GEORGE COUNTY",15498,"2017","11","VA"
"22971","Locality: 101 KING WILLIAM COUNTY",11432,"2017","11","VA"
"22977","Locality: 103 LANCASTER COUNTY",8239,"2017","11","VA"
"22983","Locality: 105 LEE COUNTY",13694,"2017","11","VA"
"22999","Locality: 107 LOUDOUN COUNTY",229441,"2017","11","VA"
"23095","Locality: 109 LOUISA COUNTY",22826,"2017","11","VA"
"23110","Locality: 111 LUNENBURG COUNTY",7395,"2017","11","VA"
"23121","Locality: 113 MADISON COUNTY",8770,"2017","11","VA"
"23130","Locality: 115 MATHEWS COUNTY",6656,"2017","11","VA"
"23133","Locality: 117 MECKLENBURG COUNTY",20022,"2017","11","VA"
"23156","Locality: 119 MIDDLESEX COUNTY",7543,"2017","11","VA"
"23162","Locality: 121 MONTGOMERY COUNTY",55205,"2017","11","VA"
"23186","Locality: 125 NELSON COUNTY",10520,"2017","11","VA"
"23195","Locality: 127 NEW KENT COUNTY",14716,"2017","11","VA"
"23205","Locality: 131 NORTHAMPTON COUNTY",8520,"2017","11","VA"
"23210","Locality: 133 NORTHUMBERLAND COUNTY",9107,"2017","11","VA"
"23216","Locality: 135 NOTTOWAY COUNTY",8553,"2017","11","VA"
"23225","Locality: 137 ORANGE COUNTY",22678,"2017","11","VA"
"23235","Locality: 139 PAGE COUNTY",14719,"2017","11","VA"
"23240","Locality: 141 PATRICK COUNTY",11347,"2017","11","VA"
"23253","Locality: 143 PITTSYLVANIA COUNTY",40659,"2017","11","VA"
"23282","Locality: 145 POWHATAN COUNTY",20098,"2017","11","VA"
"23294","Locality: 147 PRINCE EDWARD COUNTY",12418,"2017","11","VA"
"23304","Locality: 149 PRINCE GEORGE COUNTY",20713,"2017","11","VA"
"23314","Locality: 153 PRINCE WILLIAM COUNTY",253198,"2017","11","VA"
"23405","Locality: 155 PULASKI COUNTY",20610,"2017","11","VA"
"23417","Locality: 157 RAPPAHANNOCK COUNTY",5498,"2017","11","VA"
"23423","Locality: 159 RICHMOND COUNTY",4866,"2017","11","VA"
"23428","Locality: 161 ROANOKE COUNTY",64378,"2017","11","VA"
"23460","Locality: 163 ROCKBRIDGE COUNTY",13712,"2017","11","VA"
"23477","Locality: 165 ROCKINGHAM COUNTY",47004,"2017","11","VA"
"23507","Locality: 167 RUSSELL COUNTY",17449,"2017","11","VA"
"23522","Locality: 169 SCOTT COUNTY",14023,"2017","11","VA"
"23539","Locality: 171 SHENANDOAH COUNTY",26596,"2017","11","VA"
"23551","Locality: 173 SMYTH COUNTY",17824,"2017","11","VA"
"23565","Locality: 175 SOUTHAMPTON COUNTY",11516,"2017","11","VA"
"23578","Locality: 177 SPOTSYLVANIA COUNTY",81752,"2017","11","VA"
"23604","Locality: 179 STAFFORD COUNTY",84866,"2017","11","VA"
"23631","Locality: 181 SURRY COUNTY",5171,"2017","11","VA"
"23638","Locality: 183 SUSSEX COUNTY",6563,"2017","11","VA"
"23649","Locality: 185 TAZEWELL COUNTY",24707,"2017","11","VA"
"23673","Locality: 187 WARREN COUNTY",24028,"2017","11","VA"
"23684","Locality: 191 WASHINGTON COUNTY",33893,"2017","11","VA"
"23703","Locality: 193 WESTMORELAND COUNTY",11433,"2017","11","VA"
"23711","Locality: 195 WISE COUNTY",21325,"2017","11","VA"
"23723","Locality: 197 WYTHE COUNTY",17723,"2017","11","VA"
"23734","Locality: 199 YORK COUNTY",41702,"2017","11","VA"
"23747","Locality: 510 ALEXANDRIA CITY",90563,"2017","11","VA"
"23775","Locality: 520 BRISTOL CITY",9929,"2017","11","VA"
"23779","Locality: 530 BUENA VISTA CITY",3545,"2017","11","VA"
"23781","Locality: 540 CHARLOTTESVILLE CITY",28807,"2017","11","VA"
"23790","Locality: 550 CHESAPEAKE CITY",143713,"2017","11","VA"
"23853","Locality: 570 COLONIAL HEIGHTS CITY",11300,"2017","11","VA"
"23858","Locality: 580 COVINGTON CITY",3367,"2017","11","VA"
"23863","Locality: 590 DANVILLE CITY",25612,"2017","11","VA"
"23879","Locality: 595 EMPORIA CITY",3411,"2017","11","VA"
"23886","Locality: 600 FAIRFAX CITY",14827,"2017","11","VA"
"23892","Locality: 610 FALLS CHURCH CITY",9385,"2017","11","VA"
"23895","Locality: 620 FRANKLIN CITY",5205,"2017","11","VA"
"23901","Locality: 630 FREDERICKSBURG CITY",15264,"2017","11","VA"
"23906","Locality: 640 GALAX CITY",3353,"2017","11","VA"
"23909","Locality: 650 HAMPTON CITY",83202,"2017","11","VA"
"23939","Locality: 660 HARRISONBURG CITY",21898,"2017","11","VA"
"23947","Locality: 670 HOPEWELL CITY",12905,"2017","11","VA"
"23954","Locality: 678 LEXINGTON CITY",3470,"2017","11","VA"
"23955","Locality: 680 LYNCHBURG CITY",47923,"2017","11","VA"
"23973","Locality: 683 MANASSAS CITY",19383,"2017","11","VA"
"23979","Locality: 685 MANASSAS PARK CITY",7102,"2017","11","VA"
"23982","Locality: 690 MARTINSVILLE CITY",7987,"2017","11","VA"
"23988","Locality: 700 NEWPORT NEWS CITY",103242,"2017","11","VA"
"24033","Locality: 710 NORFOLK CITY",112325,"2017","11","VA"
"24082","Locality: 720 NORTON CITY",2124,"2017","11","VA"
"24083","Locality: 730 PETERSBURG CITY",19372,"2017","11","VA"
"24090","Locality: 735 POQUOSON CITY",8484,"2017","11","VA"
"24093","Locality: 740 PORTSMOUTH CITY",57757,"2017","11","VA"
"24124","Locality: 750 RADFORD CITY",8764,"2017","11","VA"
"24127","Locality: 760 RICHMOND CITY",134914,"2017","11","VA"
"24193","Locality: 770 ROANOKE CITY",54341,"2017","11","VA"
"24214","Locality: 775 SALEM CITY",15772,"2017","11","VA"
"24224","Locality: 790 STAUNTON CITY",14807,"2017","11","VA"
"24229","Locality: 800 SUFFOLK CITY",56348,"2017","11","VA"
"24256","Locality: 810 VIRGINIA BEACH CITY",272580,"2017","11","VA"
"24354","Locality: 820 WAYNESBORO CITY",12231,"2017","11","VA"
"24358","Locality: 830 WILLIAMSBURG CITY",9315,"2017","11","VA"
"24360","Locality: 840 WINCHESTER CITY",14457,"2017","11","VA"
"24366","Locality: 001 ACCOMACK COUNTY",22023,"2017","12","VA"
"24382","Locality: 003 ALBEMARLE COUNTY",71390,"2017","12","VA"
"24410","Locality: 005 ALLEGHANY COUNTY",9919,"2017","12","VA"
"24422","Locality: 007 AMELIA COUNTY",8860,"2017","12","VA"
"24427","Locality: 009 AMHERST COUNTY",19917,"2017","12","VA"
"24438","Locality: 011 APPOMATTOX COUNTY",10345,"2017","12","VA"
"24447","Locality: 013 ARLINGTON COUNTY",147131,"2017","12","VA"
"24501","Locality: 015 AUGUSTA COUNTY",45850,"2017","12","VA"
"24526","Locality: 017 BATH COUNTY",3041,"2017","12","VA"
"24533","Locality: 019 BEDFORD COUNTY",53108,"2017","12","VA"
"24564","Locality: 021 BLAND COUNTY",4148,"2017","12","VA"
"24571","Locality: 023 BOTETOURT COUNTY",22920,"2017","12","VA"
"24581","Locality: 025 BRUNSWICK COUNTY",10167,"2017","12","VA"
"24594","Locality: 027 BUCHANAN COUNTY",14422,"2017","12","VA"
"24611","Locality: 029 BUCKINGHAM COUNTY",9683,"2017","12","VA"
"24621","Locality: 031 CAMPBELL COUNTY",35536,"2017","12","VA"
"24637","Locality: 033 CAROLINE COUNTY",18836,"2017","12","VA"
"24649","Locality: 035 CARROLL COUNTY",18316,"2017","12","VA"
"24667","Locality: 036 CHARLES CITY COUNTY",5256,"2017","12","VA"
"24670","Locality: 037 CHARLOTTE COUNTY",7809,"2017","12","VA"
"24677","Locality: 041 CHESTERFIELD COUNTY",222450,"2017","12","VA"
"24752","Locality: 043 CLARKE COUNTY",10199,"2017","12","VA"
"24759","Locality: 045 CRAIG COUNTY",3612,"2017","12","VA"
"24767","Locality: 047 CULPEPER COUNTY",29711,"2017","12","VA"
"24782","Locality: 049 CUMBERLAND COUNTY",6401,"2017","12","VA"
"24787","Locality: 051 DICKENSON COUNTY",9519,"2017","12","VA"
"24797","Locality: 053 DINWIDDIE COUNTY",17946,"2017","12","VA"
"24810","Locality: 057 ESSEX COUNTY",6872,"2017","12","VA"
"24814","Locality: 059 FAIRFAX COUNTY",688390,"2017","12","VA"
"25057","Locality: 061 FAUQUIER COUNTY",47071,"2017","12","VA"
"25077","Locality: 063 FLOYD COUNTY",10334,"2017","12","VA"
"25082","Locality: 065 FLUVANNA COUNTY",17302,"2017","12","VA"
"25087","Locality: 067 FRANKLIN COUNTY",34330,"2017","12","VA"
"25110","Locality: 069 FREDERICK COUNTY",53429,"2017","12","VA"
"25131","Locality: 071 GILES COUNTY",10669,"2017","12","VA"
"25140","Locality: 073 GLOUCESTER COUNTY",25913,"2017","12","VA"
"25151","Locality: 075 GOOCHLAND COUNTY",17031,"2017","12","VA"
"25161","Locality: 077 GRAYSON COUNTY",9673,"2017","12","VA"
"25176","Locality: 079 GREENE COUNTY",11858,"2017","12","VA"
"25181","Locality: 081 GREENSVILLE COUNTY",6024,"2017","12","VA"
"25190","Locality: 083 HALIFAX COUNTY",22493,"2017","12","VA"
"25210","Locality: 085 HANOVER COUNTY",74643,"2017","12","VA"
"25246","Locality: 087 HENRICO COUNTY",207201,"2017","12","VA"
"25337","Locality: 089 HENRY COUNTY",32779,"2017","12","VA"
"25361","Locality: 091 HIGHLAND COUNTY",1738,"2017","12","VA"
"25367","Locality: 093 ISLE OF WIGHT COUNTY",26236,"2017","12","VA"
"25381","Locality: 095 JAMES CITY COUNTY",53229,"2017","12","VA"
"25400","Locality: 097 KING & QUEEN COUNTY",4788,"2017","12","VA"
"25405","Locality: 099 KING GEORGE COUNTY",15591,"2017","12","VA"
"25410","Locality: 101 KING WILLIAM COUNTY",11489,"2017","12","VA"
"25416","Locality: 103 LANCASTER COUNTY",8263,"2017","12","VA"
"25422","Locality: 105 LEE COUNTY",13679,"2017","12","VA"
"25438","Locality: 107 LOUDOUN COUNTY",230345,"2017","12","VA"
"25534","Locality: 109 LOUISA COUNTY",23187,"2017","12","VA"
"25549","Locality: 111 LUNENBURG COUNTY",7411,"2017","12","VA"
"25560","Locality: 113 MADISON COUNTY",8817,"2017","12","VA"
"25569","Locality: 115 MATHEWS COUNTY",6675,"2017","12","VA"
"25572","Locality: 117 MECKLENBURG COUNTY",20110,"2017","12","VA"
"25595","Locality: 119 MIDDLESEX COUNTY",7567,"2017","12","VA"
"25601","Locality: 121 MONTGOMERY COUNTY",55470,"2017","12","VA"
"25625","Locality: 125 NELSON COUNTY",10560,"2017","12","VA"
"25634","Locality: 127 NEW KENT COUNTY",14829,"2017","12","VA"
"25644","Locality: 131 NORTHAMPTON COUNTY",8557,"2017","12","VA"
"25649","Locality: 133 NORTHUMBERLAND COUNTY",9143,"2017","12","VA"
"25655","Locality: 135 NOTTOWAY COUNTY",8596,"2017","12","VA"
"25664","Locality: 137 ORANGE COUNTY",22797,"2017","12","VA"
"25674","Locality: 139 PAGE COUNTY",14735,"2017","12","VA"
"25679","Locality: 141 PATRICK COUNTY",11397,"2017","12","VA"
"25692","Locality: 143 PITTSYLVANIA COUNTY",40779,"2017","12","VA"
"25721","Locality: 145 POWHATAN COUNTY",20199,"2017","12","VA"
"25733","Locality: 147 PRINCE EDWARD COUNTY",12440,"2017","12","VA"
"25743","Locality: 149 PRINCE GEORGE COUNTY",20851,"2017","12","VA"
"25753","Locality: 153 PRINCE WILLIAM COUNTY",253328,"2017","12","VA"
"25844","Locality: 155 PULASKI COUNTY",20729,"2017","12","VA"
"25856","Locality: 157 RAPPAHANNOCK COUNTY",5518,"2017","12","VA"
"25862","Locality: 159 RICHMOND COUNTY",4891,"2017","12","VA"
"25867","Locality: 161 ROANOKE COUNTY",64215,"2017","12","VA"
"25899","Locality: 163 ROCKBRIDGE COUNTY",13795,"2017","12","VA"
"25916","Locality: 165 ROCKINGHAM COUNTY",47265,"2017","12","VA"
"25946","Locality: 167 RUSSELL COUNTY",17498,"2017","12","VA"
"25961","Locality: 169 SCOTT COUNTY",14070,"2017","12","VA"
"25978","Locality: 171 SHENANDOAH COUNTY",26752,"2017","12","VA"
"25990","Locality: 173 SMYTH COUNTY",17799,"2017","12","VA"
"26004","Locality: 175 SOUTHAMPTON COUNTY",11549,"2017","12","VA"
"26017","Locality: 177 SPOTSYLVANIA COUNTY",82398,"2017","12","VA"
"26043","Locality: 179 STAFFORD COUNTY",85498,"2017","12","VA"
"26070","Locality: 181 SURRY COUNTY",5192,"2017","12","VA"
"26077","Locality: 183 SUSSEX COUNTY",6598,"2017","12","VA"
"26088","Locality: 185 TAZEWELL COUNTY",24824,"2017","12","VA"
"26112","Locality: 187 WARREN COUNTY",24074,"2017","12","VA"
"26123","Locality: 191 WASHINGTON COUNTY",34045,"2017","12","VA"
"26142","Locality: 193 WESTMORELAND COUNTY",11521,"2017","12","VA"
"26150","Locality: 195 WISE COUNTY",21427,"2017","12","VA"
"26162","Locality: 197 WYTHE COUNTY",17818,"2017","12","VA"
"26173","Locality: 199 YORK COUNTY",41986,"2017","12","VA"
"26186","Locality: 510 ALEXANDRIA CITY",91600,"2017","12","VA"
"26214","Locality: 520 BRISTOL CITY",9988,"2017","12","VA"
"26218","Locality: 530 BUENA VISTA CITY",3570,"2017","12","VA"
"26220","Locality: 540 CHARLOTTESVILLE CITY",29058,"2017","12","VA"
"26229","Locality: 550 CHESAPEAKE CITY",143898,"2017","12","VA"
"26292","Locality: 570 COLONIAL HEIGHTS CITY",11331,"2017","12","VA"
"26297","Locality: 580 COVINGTON CITY",3388,"2017","12","VA"
"26302","Locality: 590 DANVILLE CITY",25760,"2017","12","VA"
"26318","Locality: 595 EMPORIA CITY",3420,"2017","12","VA"
"26325","Locality: 600 FAIRFAX CITY",14932,"2017","12","VA"
"26331","Locality: 610 FALLS CHURCH CITY",9434,"2017","12","VA"
"26334","Locality: 620 FRANKLIN CITY",5259,"2017","12","VA"
"26340","Locality: 630 FREDERICKSBURG CITY",15409,"2017","12","VA"
"26345","Locality: 640 GALAX CITY",3366,"2017","12","VA"
"26348","Locality: 650 HAMPTON CITY",83661,"2017","12","VA"
"26378","Locality: 660 HARRISONBURG CITY",22210,"2017","12","VA"
"26386","Locality: 670 HOPEWELL CITY",12984,"2017","12","VA"
"26393","Locality: 678 LEXINGTON CITY",3492,"2017","12","VA"
"26394","Locality: 680 LYNCHBURG CITY",47933,"2017","12","VA"
"26412","Locality: 683 MANASSAS CITY",19615,"2017","12","VA"
"26418","Locality: 685 MANASSAS PARK CITY",7189,"2017","12","VA"
"26421","Locality: 690 MARTINSVILLE CITY",8066,"2017","12","VA"
"26427","Locality: 700 NEWPORT NEWS CITY",103482,"2017","12","VA"
"26472","Locality: 710 NORFOLK CITY",113380,"2017","12","VA"
"26521","Locality: 720 NORTON CITY",2147,"2017","12","VA"
"26522","Locality: 730 PETERSBURG CITY",19315,"2017","12","VA"
"26529","Locality: 735 POQUOSON CITY",8523,"2017","12","VA"
"26532","Locality: 740 PORTSMOUTH CITY",57950,"2017","12","VA"
"26563","Locality: 750 RADFORD CITY",8782,"2017","12","VA"
"26566","Locality: 760 RICHMOND CITY",135570,"2017","12","VA"
"26632","Locality: 770 ROANOKE CITY",54848,"2017","12","VA"
"26653","Locality: 775 SALEM CITY",15861,"2017","12","VA"
"26663","Locality: 790 STAUNTON CITY",14931,"2017","12","VA"
"26668","Locality: 800 SUFFOLK CITY",56818,"2017","12","VA"
"26695","Locality: 810 VIRGINIA BEACH CITY",274436,"2017","12","VA"
"26793","Locality: 820 WAYNESBORO CITY",12305,"2017","12","VA"
"26797","Locality: 830 WILLIAMSBURG CITY",9424,"2017","12","VA"
"26799","Locality: 840 WINCHESTER CITY",14587,"2017","12","VA"
"26805","Locality: 001 ACCOMACK COUNTY",22051,"2018","01","VA"
"26821","Locality: 003 ALBEMARLE COUNTY",71399,"2018","01","VA"
"26849","Locality: 005 ALLEGHANY COUNTY",9926,"2018","01","VA"
"26861","Locality: 007 AMELIA COUNTY",8866,"2018","01","VA"
"26866","Locality: 009 AMHERST COUNTY",19937,"2018","01","VA"
"26877","Locality: 011 APPOMATTOX COUNTY",10368,"2018","01","VA"
"26886","Locality: 013 ARLINGTON COUNTY",147516,"2018","01","VA"
"26940","Locality: 015 AUGUSTA COUNTY",45999,"2018","01","VA"
"26965","Locality: 017 BATH COUNTY",3035,"2018","01","VA"
"26972","Locality: 019 BEDFORD COUNTY",53170,"2018","01","VA"
"27003","Locality: 021 BLAND COUNTY",4169,"2018","01","VA"
"27010","Locality: 023 BOTETOURT COUNTY",22944,"2018","01","VA"
"27020","Locality: 025 BRUNSWICK COUNTY",10160,"2018","01","VA"
"27033","Locality: 027 BUCHANAN COUNTY",14386,"2018","01","VA"
"27050","Locality: 029 BUCKINGHAM COUNTY",9697,"2018","01","VA"
"27060","Locality: 031 CAMPBELL COUNTY",35594,"2018","01","VA"
"27076","Locality: 033 CAROLINE COUNTY",18864,"2018","01","VA"
"27088","Locality: 035 CARROLL COUNTY",18336,"2018","01","VA"
"27105","Locality: 036 CHARLES CITY COUNTY",5247,"2018","01","VA"
"27108","Locality: 037 CHARLOTTE COUNTY",7790,"2018","01","VA"
"27115","Locality: 041 CHESTERFIELD COUNTY",223558,"2018","01","VA"
"27190","Locality: 043 CLARKE COUNTY",10234,"2018","01","VA"
"27197","Locality: 045 CRAIG COUNTY",3614,"2018","01","VA"
"27205","Locality: 047 CULPEPER COUNTY",29745,"2018","01","VA"
"27220","Locality: 049 CUMBERLAND COUNTY",6431,"2018","01","VA"
"27225","Locality: 051 DICKENSON COUNTY",9515,"2018","01","VA"
"27235","Locality: 053 DINWIDDIE COUNTY",17929,"2018","01","VA"
"27248","Locality: 057 ESSEX COUNTY",6891,"2018","01","VA"
"27252","Locality: 059 FAIRFAX COUNTY",689222,"2018","01","VA"
"27495","Locality: 061 FAUQUIER COUNTY",47106,"2018","01","VA"
"27515","Locality: 063 FLOYD COUNTY",10356,"2018","01","VA"
"27520","Locality: 065 FLUVANNA COUNTY",17323,"2018","01","VA"
"27525","Locality: 067 FRANKLIN COUNTY",34372,"2018","01","VA"
"27548","Locality: 069 FREDERICK COUNTY",53426,"2018","01","VA"
"27569","Locality: 071 GILES COUNTY",10692,"2018","01","VA"
"27578","Locality: 073 GLOUCESTER COUNTY",25948,"2018","01","VA"
"27589","Locality: 075 GOOCHLAND COUNTY",17111,"2018","01","VA"
"27599","Locality: 077 GRAYSON COUNTY",9677,"2018","01","VA"
"27614","Locality: 079 GREENE COUNTY",11886,"2018","01","VA"
"27619","Locality: 081 GREENSVILLE COUNTY",6031,"2018","01","VA"
"27628","Locality: 083 HALIFAX COUNTY",22512,"2018","01","VA"
"27648","Locality: 085 HANOVER COUNTY",74728,"2018","01","VA"
"27684","Locality: 087 HENRICO COUNTY",207361,"2018","01","VA"
"27775","Locality: 089 HENRY COUNTY",32941,"2018","01","VA"
"27799","Locality: 091 HIGHLAND COUNTY",1739,"2018","01","VA"
"27805","Locality: 093 ISLE OF WIGHT COUNTY",26319,"2018","01","VA"
"27819","Locality: 095 JAMES CITY COUNTY",53379,"2018","01","VA"
"27838","Locality: 097 KING & QUEEN COUNTY",4788,"2018","01","VA"
"27843","Locality: 099 KING GEORGE COUNTY",15637,"2018","01","VA"
"27848","Locality: 101 KING WILLIAM COUNTY",11536,"2018","01","VA"
"27854","Locality: 103 LANCASTER COUNTY",8260,"2018","01","VA"
"27860","Locality: 105 LEE COUNTY",13749,"2018","01","VA"
"27876","Locality: 107 LOUDOUN COUNTY",231989,"2018","01","VA"
"27972","Locality: 109 LOUISA COUNTY",23244,"2018","01","VA"
"27987","Locality: 111 LUNENBURG COUNTY",7407,"2018","01","VA"
"27998","Locality: 113 MADISON COUNTY",8838,"2018","01","VA"
"28007","Locality: 115 MATHEWS COUNTY",6682,"2018","01","VA"
"28010","Locality: 117 MECKLENBURG COUNTY",20154,"2018","01","VA"
"28033","Locality: 119 MIDDLESEX COUNTY",7555,"2018","01","VA"
"28039","Locality: 121 MONTGOMERY COUNTY",55454,"2018","01","VA"
"28063","Locality: 125 NELSON COUNTY",10557,"2018","01","VA"
"28072","Locality: 127 NEW KENT COUNTY",14833,"2018","01","VA"
"28082","Locality: 131 NORTHAMPTON COUNTY",8550,"2018","01","VA"
"28087","Locality: 133 NORTHUMBERLAND COUNTY",9155,"2018","01","VA"
"28093","Locality: 135 NOTTOWAY COUNTY",8603,"2018","01","VA"
"28102","Locality: 137 ORANGE COUNTY",22877,"2018","01","VA"
"28112","Locality: 139 PAGE COUNTY",14807,"2018","01","VA"
"28117","Locality: 141 PATRICK COUNTY",11434,"2018","01","VA"
"28130","Locality: 143 PITTSYLVANIA COUNTY",40809,"2018","01","VA"
"28159","Locality: 145 POWHATAN COUNTY",20224,"2018","01","VA"
"28171","Locality: 147 PRINCE EDWARD COUNTY",12427,"2018","01","VA"
"28181","Locality: 149 PRINCE GEORGE COUNTY",20864,"2018","01","VA"
"28191","Locality: 153 PRINCE WILLIAM COUNTY",254598,"2018","01","VA"
"28282","Locality: 155 PULASKI COUNTY",20745,"2018","01","VA"
"28294","Locality: 157 RAPPAHANNOCK COUNTY",5528,"2018","01","VA"
"28300","Locality: 159 RICHMOND COUNTY",4898,"2018","01","VA"
"28305","Locality: 161 ROANOKE COUNTY",64435,"2018","01","VA"
"28337","Locality: 163 ROCKBRIDGE COUNTY",13809,"2018","01","VA"
"28354","Locality: 165 ROCKINGHAM COUNTY",47319,"2018","01","VA"
"28384","Locality: 167 RUSSELL COUNTY",17503,"2018","01","VA"
"28399","Locality: 169 SCOTT COUNTY",14068,"2018","01","VA"
"28416","Locality: 171 SHENANDOAH COUNTY",26855,"2018","01","VA"
"28428","Locality: 173 SMYTH COUNTY",17922,"2018","01","VA"
"28442","Locality: 175 SOUTHAMPTON COUNTY",11583,"2018","01","VA"
"28455","Locality: 177 SPOTSYLVANIA COUNTY",82616,"2018","01","VA"
"28481","Locality: 179 STAFFORD COUNTY",85682,"2018","01","VA"
"28508","Locality: 181 SURRY COUNTY",5193,"2018","01","VA"
"28515","Locality: 183 SUSSEX COUNTY",6590,"2018","01","VA"
"28526","Locality: 185 TAZEWELL COUNTY",24836,"2018","01","VA"
"28550","Locality: 187 WARREN COUNTY",24271,"2018","01","VA"
"28561","Locality: 191 WASHINGTON COUNTY",34137,"2018","01","VA"
"28580","Locality: 193 WESTMORELAND COUNTY",11561,"2018","01","VA"
"28588","Locality: 195 WISE COUNTY",21495,"2018","01","VA"
"28600","Locality: 197 WYTHE COUNTY",17838,"2018","01","VA"
"28611","Locality: 199 YORK COUNTY",42052,"2018","01","VA"
"28624","Locality: 510 ALEXANDRIA CITY",92052,"2018","01","VA"
"28652","Locality: 520 BRISTOL CITY",9996,"2018","01","VA"
"28656","Locality: 530 BUENA VISTA CITY",3572,"2018","01","VA"
"28658","Locality: 540 CHARLOTTESVILLE CITY",29050,"2018","01","VA"
"28667","Locality: 550 CHESAPEAKE CITY",144138,"2018","01","VA"
"28730","Locality: 570 COLONIAL HEIGHTS CITY",11373,"2018","01","VA"
"28735","Locality: 580 COVINGTON CITY",3390,"2018","01","VA"
"28740","Locality: 590 DANVILLE CITY",25767,"2018","01","VA"
"28756","Locality: 595 EMPORIA CITY",3428,"2018","01","VA"
"28763","Locality: 600 FAIRFAX CITY",15042,"2018","01","VA"
"28769","Locality: 610 FALLS CHURCH CITY",9461,"2018","01","VA"
"28772","Locality: 620 FRANKLIN CITY",5259,"2018","01","VA"
"28778","Locality: 630 FREDERICKSBURG CITY",15435,"2018","01","VA"
"28783","Locality: 640 GALAX CITY",3363,"2018","01","VA"
"28786","Locality: 650 HAMPTON CITY",83922,"2018","01","VA"
"28816","Locality: 660 HARRISONBURG CITY",22198,"2018","01","VA"
"28824","Locality: 670 HOPEWELL CITY",13017,"2018","01","VA"
"28831","Locality: 678 LEXINGTON CITY",3501,"2018","01","VA"
"28832","Locality: 680 LYNCHBURG CITY",48148,"2018","01","VA"
"28850","Locality: 683 MANASSAS CITY",19606,"2018","01","VA"
"28856","Locality: 685 MANASSAS PARK CITY",7210,"2018","01","VA"
"28859","Locality: 690 MARTINSVILLE CITY",8057,"2018","01","VA"
"28865","Locality: 700 NEWPORT NEWS CITY",103838,"2018","01","VA"
"28910","Locality: 710 NORFOLK CITY",113555,"2018","01","VA"
"28959","Locality: 720 NORTON CITY",2144,"2018","01","VA"
"28960","Locality: 730 PETERSBURG CITY",19395,"2018","01","VA"
"28967","Locality: 735 POQUOSON CITY",8538,"2018","01","VA"
"28970","Locality: 740 PORTSMOUTH CITY",58240,"2018","01","VA"
"29001","Locality: 750 RADFORD CITY",8768,"2018","01","VA"
"29004","Locality: 760 RICHMOND CITY",136124,"2018","01","VA"
"29070","Locality: 770 ROANOKE CITY",54938,"2018","01","VA"
"29091","Locality: 775 SALEM CITY",15853,"2018","01","VA"
"29101","Locality: 790 STAUNTON CITY",14989,"2018","01","VA"
"29106","Locality: 800 SUFFOLK CITY",56905,"2018","01","VA"
"29133","Locality: 810 VIRGINIA BEACH CITY",275287,"2018","01","VA"
"29231","Locality: 820 WAYNESBORO CITY",12316,"2018","01","VA"
"29235","Locality: 830 WILLIAMSBURG CITY",9416,"2018","01","VA"
"29237","Locality: 840 WINCHESTER CITY",14639,"2018","01","VA"
"29243","Locality: 001 ACCOMACK COUNTY",22063,"2018","02","VA"
"29259","Locality: 003 ALBEMARLE COUNTY",71572,"2018","02","VA"
"29287","Locality: 005 ALLEGHANY COUNTY",9937,"2018","02","VA"
"29299","Locality: 007 AMELIA COUNTY",8877,"2018","02","VA"
"29304","Locality: 009 AMHERST COUNTY",19946,"2018","02","VA"
"29315","Locality: 011 APPOMATTOX COUNTY",10399,"2018","02","VA"
"29324","Locality: 013 ARLINGTON COUNTY",147997,"2018","02","VA"
"29378","Locality: 015 AUGUSTA COUNTY",46164,"2018","02","VA"
"29403","Locality: 017 BATH COUNTY",3042,"2018","02","VA"
"29410","Locality: 019 BEDFORD COUNTY",53346,"2018","02","VA"
"29441","Locality: 021 BLAND COUNTY",4174,"2018","02","VA"
"29448","Locality: 023 BOTETOURT COUNTY",22978,"2018","02","VA"
"29458","Locality: 025 BRUNSWICK COUNTY",10166,"2018","02","VA"
"29471","Locality: 027 BUCHANAN COUNTY",14409,"2018","02","VA"
"29488","Locality: 029 BUCKINGHAM COUNTY",9710,"2018","02","VA"
"29498","Locality: 031 CAMPBELL COUNTY",35707,"2018","02","VA"
"29514","Locality: 033 CAROLINE COUNTY",18934,"2018","02","VA"
"29526","Locality: 035 CARROLL COUNTY",18347,"2018","02","VA"
"29543","Locality: 036 CHARLES CITY COUNTY",5259,"2018","02","VA"
"29546","Locality: 037 CHARLOTTE COUNTY",7821,"2018","02","VA"
"29553","Locality: 041 CHESTERFIELD COUNTY",224060,"2018","02","VA"
"29628","Locality: 043 CLARKE COUNTY",10267,"2018","02","VA"
"29635","Locality: 045 CRAIG COUNTY",3623,"2018","02","VA"
"29643","Locality: 047 CULPEPER COUNTY",29842,"2018","02","VA"
"29658","Locality: 049 CUMBERLAND COUNTY",6450,"2018","02","VA"
"29663","Locality: 051 DICKENSON COUNTY",9535,"2018","02","VA"
"29673","Locality: 053 DINWIDDIE COUNTY",17964,"2018","02","VA"
"29686","Locality: 057 ESSEX COUNTY",6902,"2018","02","VA"
"29690","Locality: 059 FAIRFAX COUNTY",691650,"2018","02","VA"
"29933","Locality: 061 FAUQUIER COUNTY",47263,"2018","02","VA"
"29953","Locality: 063 FLOYD COUNTY",10358,"2018","02","VA"
"29958","Locality: 065 FLUVANNA COUNTY",17399,"2018","02","VA"
"29963","Locality: 067 FRANKLIN COUNTY",34427,"2018","02","VA"
"29986","Locality: 069 FREDERICK COUNTY",53752,"2018","02","VA"
"30007","Locality: 071 GILES COUNTY",10710,"2018","02","VA"
"30016","Locality: 073 GLOUCESTER COUNTY",25987,"2018","02","VA"
"30027","Locality: 075 GOOCHLAND COUNTY",17169,"2018","02","VA"
"30037","Locality: 077 GRAYSON COUNTY",9688,"2018","02","VA"
"30052","Locality: 079 GREENE COUNTY",11941,"2018","02","VA"
"30057","Locality: 081 GREENSVILLE COUNTY",6055,"2018","02","VA"
"30066","Locality: 083 HALIFAX COUNTY",22569,"2018","02","VA"
"30086","Locality: 085 HANOVER COUNTY",74931,"2018","02","VA"
"30122","Locality: 087 HENRICO COUNTY",208086,"2018","02","VA"
"30213","Locality: 089 HENRY COUNTY",32970,"2018","02","VA"
"30237","Locality: 091 HIGHLAND COUNTY",1737,"2018","02","VA"
"30243","Locality: 093 ISLE OF WIGHT COUNTY",26437,"2018","02","VA"
"30257","Locality: 095 JAMES CITY COUNTY",53498,"2018","02","VA"
"30276","Locality: 097 KING & QUEEN COUNTY",4805,"2018","02","VA"
"30281","Locality: 099 KING GEORGE COUNTY",15686,"2018","02","VA"
"30286","Locality: 101 KING WILLIAM COUNTY",11575,"2018","02","VA"
"30292","Locality: 103 LANCASTER COUNTY",8289,"2018","02","VA"
"30298","Locality: 105 LEE COUNTY",13799,"2018","02","VA"
"30314","Locality: 107 LOUDOUN COUNTY",233084,"2018","02","VA"
"30410","Locality: 109 LOUISA COUNTY",23332,"2018","02","VA"
"30425","Locality: 111 LUNENBURG COUNTY",7416,"2018","02","VA"
"30436","Locality: 113 MADISON COUNTY",8859,"2018","02","VA"
"30445","Locality: 115 MATHEWS COUNTY",6697,"2018","02","VA"
"30448","Locality: 117 MECKLENBURG COUNTY",20185,"2018","02","VA"
"30471","Locality: 119 MIDDLESEX COUNTY",7548,"2018","02","VA"
"30477","Locality: 121 MONTGOMERY COUNTY",55451,"2018","02","VA"
"30501","Locality: 125 NELSON COUNTY",10570,"2018","02","VA"
"30510","Locality: 127 NEW KENT COUNTY",14903,"2018","02","VA"
"30520","Locality: 131 NORTHAMPTON COUNTY",8571,"2018","02","VA"
"30525","Locality: 133 NORTHUMBERLAND COUNTY",9171,"2018","02","VA"
"30531","Locality: 135 NOTTOWAY COUNTY",8615,"2018","02","VA"
"30540","Locality: 137 ORANGE COUNTY",22993,"2018","02","VA"
"30550","Locality: 139 PAGE COUNTY",14843,"2018","02","VA"
"30555","Locality: 141 PATRICK COUNTY",11457,"2018","02","VA"
"30568","Locality: 143 PITTSYLVANIA COUNTY",40915,"2018","02","VA"
"30597","Locality: 145 POWHATAN COUNTY",20308,"2018","02","VA"
"30609","Locality: 147 PRINCE EDWARD COUNTY",12446,"2018","02","VA"
"30619","Locality: 149 PRINCE GEORGE COUNTY",20902,"2018","02","VA"
"30629","Locality: 153 PRINCE WILLIAM COUNTY",257402,"2018","02","VA"
"30720","Locality: 155 PULASKI COUNTY",20817,"2018","02","VA"
"30732","Locality: 157 RAPPAHANNOCK COUNTY",5539,"2018","02","VA"
"30738","Locality: 159 RICHMOND COUNTY",4906,"2018","02","VA"
"30743","Locality: 161 ROANOKE COUNTY",64737,"2018","02","VA"
"30775","Locality: 163 ROCKBRIDGE COUNTY",13834,"2018","02","VA"
"30792","Locality: 165 ROCKINGHAM COUNTY",47395,"2018","02","VA"
"30822","Locality: 167 RUSSELL COUNTY",17505,"2018","02","VA"
"30837","Locality: 169 SCOTT COUNTY",14104,"2018","02","VA"
"30854","Locality: 171 SHENANDOAH COUNTY",26882,"2018","02","VA"
"30866","Locality: 173 SMYTH COUNTY",17938,"2018","02","VA"
"30880","Locality: 175 SOUTHAMPTON COUNTY",11599,"2018","02","VA"
"30893","Locality: 177 SPOTSYLVANIA COUNTY",83007,"2018","02","VA"
"30919","Locality: 179 STAFFORD COUNTY",86151,"2018","02","VA"
"30946","Locality: 181 SURRY COUNTY",5193,"2018","02","VA"
"30953","Locality: 183 SUSSEX COUNTY",6597,"2018","02","VA"
"30964","Locality: 185 TAZEWELL COUNTY",24874,"2018","02","VA"
"30988","Locality: 187 WARREN COUNTY",24370,"2018","02","VA"
"30999","Locality: 191 WASHINGTON COUNTY",34191,"2018","02","VA"
"31018","Locality: 193 WESTMORELAND COUNTY",11591,"2018","02","VA"
"31026","Locality: 195 WISE COUNTY",21499,"2018","02","VA"
"31038","Locality: 197 WYTHE COUNTY",17898,"2018","02","VA"
"31049","Locality: 199 YORK COUNTY",42112,"2018","02","VA"
"31062","Locality: 510 ALEXANDRIA CITY",92528,"2018","02","VA"
"31090","Locality: 520 BRISTOL CITY",10022,"2018","02","VA"
"31094","Locality: 530 BUENA VISTA CITY",3578,"2018","02","VA"
"31096","Locality: 540 CHARLOTTESVILLE CITY",29103,"2018","02","VA"
"31105","Locality: 550 CHESAPEAKE CITY",144697,"2018","02","VA"
"31168","Locality: 570 COLONIAL HEIGHTS CITY",11417,"2018","02","VA"
"31173","Locality: 580 COVINGTON CITY",3400,"2018","02","VA"
"31178","Locality: 590 DANVILLE CITY",25804,"2018","02","VA"
"31194","Locality: 595 EMPORIA CITY",3440,"2018","02","VA"
"31201","Locality: 600 FAIRFAX CITY",15092,"2018","02","VA"
"31207","Locality: 610 FALLS CHURCH CITY",9503,"2018","02","VA"
"31210","Locality: 620 FRANKLIN CITY",5271,"2018","02","VA"
"31216","Locality: 630 FREDERICKSBURG CITY",15487,"2018","02","VA"
"31221","Locality: 640 GALAX CITY",3371,"2018","02","VA"
"31224","Locality: 650 HAMPTON CITY",84052,"2018","02","VA"
"31254","Locality: 660 HARRISONBURG CITY",22211,"2018","02","VA"
"31262","Locality: 670 HOPEWELL CITY",13045,"2018","02","VA"
"31269","Locality: 678 LEXINGTON CITY",3506,"2018","02","VA"
"31270","Locality: 680 LYNCHBURG CITY",48269,"2018","02","VA"
"31288","Locality: 683 MANASSAS CITY",19673,"2018","02","VA"
"31294","Locality: 685 MANASSAS PARK CITY",7231,"2018","02","VA"
"31297","Locality: 690 MARTINSVILLE CITY",8080,"2018","02","VA"
"31303","Locality: 700 NEWPORT NEWS CITY",104761,"2018","02","VA"
"31348","Locality: 710 NORFOLK CITY",113910,"2018","02","VA"
"31397","Locality: 720 NORTON CITY",2139,"2018","02","VA"
"31398","Locality: 730 PETERSBURG CITY",19685,"2018","02","VA"
"31405","Locality: 735 POQUOSON CITY",8554,"2018","02","VA"
"31408","Locality: 740 PORTSMOUTH CITY",58142,"2018","02","VA"
"31439","Locality: 750 RADFORD CITY",8750,"2018","02","VA"
"31442","Locality: 760 RICHMOND CITY",136637,"2018","02","VA"
"31508","Locality: 770 ROANOKE CITY",55114,"2018","02","VA"
"31529","Locality: 775 SALEM CITY",15871,"2018","02","VA"
"31539","Locality: 790 STAUNTON CITY",15023,"2018","02","VA"
"31544","Locality: 800 SUFFOLK CITY",57139,"2018","02","VA"
"31571","Locality: 810 VIRGINIA BEACH CITY",276077,"2018","02","VA"
"31669","Locality: 820 WAYNESBORO CITY",12351,"2018","02","VA"
"31673","Locality: 830 WILLIAMSBURG CITY",9405,"2018","02","VA"
"31675","Locality: 840 WINCHESTER CITY",14736,"2018","02","VA"
"31681","Locality: 001 ACCOMACK COUNTY",22277,"2018","03","VA"
"31697","Locality: 003 ALBEMARLE COUNTY",71877,"2018","03","VA"
"31725","Locality: 005 ALLEGHANY COUNTY",9959,"2018","03","VA"
"31737","Locality: 007 AMELIA COUNTY",8892,"2018","03","VA"
"31742","Locality: 009 AMHERST COUNTY",19994,"2018","03","VA"
"31753","Locality: 011 APPOMATTOX COUNTY",10430,"2018","03","VA"
"31762","Locality: 013 ARLINGTON COUNTY",148654,"2018","03","VA"
"31816","Locality: 015 AUGUSTA COUNTY",46261,"2018","03","VA"
"31841","Locality: 017 BATH COUNTY",3053,"2018","03","VA"
"31848","Locality: 019 BEDFORD COUNTY",53456,"2018","03","VA"
"31879","Locality: 021 BLAND COUNTY",4176,"2018","03","VA"
"31886","Locality: 023 BOTETOURT COUNTY",23023,"2018","03","VA"
"31896","Locality: 025 BRUNSWICK COUNTY",10165,"2018","03","VA"
"31909","Locality: 027 BUCHANAN COUNTY",14410,"2018","03","VA"
"31926","Locality: 029 BUCKINGHAM COUNTY",9719,"2018","03","VA"
"31936","Locality: 031 CAMPBELL COUNTY",35737,"2018","03","VA"
"31952","Locality: 033 CAROLINE COUNTY",18972,"2018","03","VA"
"31964","Locality: 035 CARROLL COUNTY",18363,"2018","03","VA"
"31981","Locality: 036 CHARLES CITY COUNTY",5266,"2018","03","VA"
"31984","Locality: 037 CHARLOTTE COUNTY",7823,"2018","03","VA"
"31991","Locality: 041 CHESTERFIELD COUNTY",224734,"2018","03","VA"
"32066","Locality: 043 CLARKE COUNTY",10272,"2018","03","VA"
"32073","Locality: 045 CRAIG COUNTY",3628,"2018","03","VA"
"32081","Locality: 047 CULPEPER COUNTY",29951,"2018","03","VA"
"32096","Locality: 049 CUMBERLAND COUNTY",6468,"2018","03","VA"
"32101","Locality: 051 DICKENSON COUNTY",9552,"2018","03","VA"
"32111","Locality: 053 DINWIDDIE COUNTY",18008,"2018","03","VA"
"32124","Locality: 057 ESSEX COUNTY",6921,"2018","03","VA"
"32128","Locality: 059 FAIRFAX COUNTY",694326,"2018","03","VA"
"32371","Locality: 061 FAUQUIER COUNTY",47361,"2018","03","VA"
"32391","Locality: 063 FLOYD COUNTY",10385,"2018","03","VA"
"32396","Locality: 065 FLUVANNA COUNTY",17420,"2018","03","VA"
"32401","Locality: 067 FRANKLIN COUNTY",34481,"2018","03","VA"
"32424","Locality: 069 FREDERICK COUNTY",54546,"2018","03","VA"
"32445","Locality: 071 GILES COUNTY",10709,"2018","03","VA"
"32454","Locality: 073 GLOUCESTER COUNTY",26007,"2018","03","VA"
"32465","Locality: 075 GOOCHLAND COUNTY",17206,"2018","03","VA"
"32475","Locality: 077 GRAYSON COUNTY",9692,"2018","03","VA"
"32490","Locality: 079 GREENE COUNTY",11978,"2018","03","VA"
"32495","Locality: 081 GREENSVILLE COUNTY",6050,"2018","03","VA"
"32504","Locality: 083 HALIFAX COUNTY",22585,"2018","03","VA"
"32524","Locality: 085 HANOVER COUNTY",75105,"2018","03","VA"
"32560","Locality: 087 HENRICO COUNTY",208418,"2018","03","VA"
"32651","Locality: 089 HENRY COUNTY",33017,"2018","03","VA"
"32675","Locality: 091 HIGHLAND COUNTY",1737,"2018","03","VA"
"32681","Locality: 093 ISLE OF WIGHT COUNTY",26547,"2018","03","VA"
"32695","Locality: 095 JAMES CITY COUNTY",53576,"2018","03","VA"
"32714","Locality: 097 KING & QUEEN COUNTY",4802,"2018","03","VA"
"32719","Locality: 099 KING GEORGE COUNTY",15752,"2018","03","VA"
"32724","Locality: 101 KING WILLIAM COUNTY",11595,"2018","03","VA"
"32730","Locality: 103 LANCASTER COUNTY",8294,"2018","03","VA"
"32736","Locality: 105 LEE COUNTY",13819,"2018","03","VA"
"32752","Locality: 107 LOUDOUN COUNTY",235192,"2018","03","VA"
"32848","Locality: 109 LOUISA COUNTY",23373,"2018","03","VA"
"32863","Locality: 111 LUNENBURG COUNTY",7442,"2018","03","VA"
"32874","Locality: 113 MADISON COUNTY",8869,"2018","03","VA"
"32883","Locality: 115 MATHEWS COUNTY",6712,"2018","03","VA"
"32886","Locality: 117 MECKLENBURG COUNTY",20234,"2018","03","VA"
"32909","Locality: 119 MIDDLESEX COUNTY",7554,"2018","03","VA"
"32915","Locality: 121 MONTGOMERY COUNTY",55484,"2018","03","VA"
"32939","Locality: 125 NELSON COUNTY",10559,"2018","03","VA"
"32948","Locality: 127 NEW KENT COUNTY",14925,"2018","03","VA"
"32958","Locality: 131 NORTHAMPTON COUNTY",8635,"2018","03","VA"
"32963","Locality: 133 NORTHUMBERLAND COUNTY",9177,"2018","03","VA"
"32969","Locality: 135 NOTTOWAY COUNTY",8624,"2018","03","VA"
"32978","Locality: 137 ORANGE COUNTY",23062,"2018","03","VA"
"32988","Locality: 139 PAGE COUNTY",14858,"2018","03","VA"
"32993","Locality: 141 PATRICK COUNTY",11448,"2018","03","VA"
"33006","Locality: 143 PITTSYLVANIA COUNTY",40973,"2018","03","VA"
"33035","Locality: 145 POWHATAN COUNTY",20366,"2018","03","VA"
"33047","Locality: 147 PRINCE EDWARD COUNTY",12478,"2018","03","VA"
"33057","Locality: 149 PRINCE GEORGE COUNTY",20918,"2018","03","VA"
"33067","Locality: 153 PRINCE WILLIAM COUNTY",258810,"2018","03","VA"
"33158","Locality: 155 PULASKI COUNTY",20883,"2018","03","VA"
"33170","Locality: 157 RAPPAHANNOCK COUNTY",5557,"2018","03","VA"
"33176","Locality: 159 RICHMOND COUNTY",4905,"2018","03","VA"
"33181","Locality: 161 ROANOKE COUNTY",64905,"2018","03","VA"
"33213","Locality: 163 ROCKBRIDGE COUNTY",13863,"2018","03","VA"
"33230","Locality: 165 ROCKINGHAM COUNTY",47501,"2018","03","VA"
"33260","Locality: 167 RUSSELL COUNTY",17528,"2018","03","VA"
"33275","Locality: 169 SCOTT COUNTY",14115,"2018","03","VA"
"33292","Locality: 171 SHENANDOAH COUNTY",26928,"2018","03","VA"
"33304","Locality: 173 SMYTH COUNTY",17953,"2018","03","VA"
"33318","Locality: 175 SOUTHAMPTON COUNTY",11624,"2018","03","VA"
"33331","Locality: 177 SPOTSYLVANIA COUNTY",83304,"2018","03","VA"
"33357","Locality: 179 STAFFORD COUNTY",86450,"2018","03","VA"
"33384","Locality: 181 SURRY COUNTY",5189,"2018","03","VA"
"33391","Locality: 183 SUSSEX COUNTY",6603,"2018","03","VA"
"33402","Locality: 185 TAZEWELL COUNTY",24938,"2018","03","VA"
"33426","Locality: 187 WARREN COUNTY",24452,"2018","03","VA"
"33437","Locality: 191 WASHINGTON COUNTY",34268,"2018","03","VA"
"33456","Locality: 193 WESTMORELAND COUNTY",11615,"2018","03","VA"
"33464","Locality: 195 WISE COUNTY",21532,"2018","03","VA"
"33476","Locality: 197 WYTHE COUNTY",17944,"2018","03","VA"
"33487","Locality: 199 YORK COUNTY",42192,"2018","03","VA"
"33500","Locality: 510 ALEXANDRIA CITY",92878,"2018","03","VA"
"33528","Locality: 520 BRISTOL CITY",10062,"2018","03","VA"
"33532","Locality: 530 BUENA VISTA CITY",3571,"2018","03","VA"
"33534","Locality: 540 CHARLOTTESVILLE CITY",29129,"2018","03","VA"
"33543","Locality: 550 CHESAPEAKE CITY",145416,"2018","03","VA"
"33606","Locality: 570 COLONIAL HEIGHTS CITY",11448,"2018","03","VA"
"33611","Locality: 580 COVINGTON CITY",3413,"2018","03","VA"
"33616","Locality: 590 DANVILLE CITY",25863,"2018","03","VA"
"33632","Locality: 595 EMPORIA CITY",3445,"2018","03","VA"
"33639","Locality: 600 FAIRFAX CITY",15149,"2018","03","VA"
"33645","Locality: 610 FALLS CHURCH CITY",9500,"2018","03","VA"
"33648","Locality: 620 FRANKLIN CITY",5285,"2018","03","VA"
"33654","Locality: 630 FREDERICKSBURG CITY",15581,"2018","03","VA"
"33659","Locality: 640 GALAX CITY",3372,"2018","03","VA"
"33662","Locality: 650 HAMPTON CITY",84478,"2018","03","VA"
"33692","Locality: 660 HARRISONBURG CITY",22229,"2018","03","VA"
"33700","Locality: 670 HOPEWELL CITY",13227,"2018","03","VA"
"33707","Locality: 678 LEXINGTON CITY",3506,"2018","03","VA"
"33708","Locality: 680 LYNCHBURG CITY",48386,"2018","03","VA"
"33726","Locality: 683 MANASSAS CITY",19686,"2018","03","VA"
"33732","Locality: 685 MANASSAS PARK CITY",7247,"2018","03","VA"
"33735","Locality: 690 MARTINSVILLE CITY",8099,"2018","03","VA"
"33741","Locality: 700 NEWPORT NEWS CITY",105145,"2018","03","VA"
"33786","Locality: 710 NORFOLK CITY",114188,"2018","03","VA"
"33835","Locality: 720 NORTON CITY",2153,"2018","03","VA"
"33836","Locality: 730 PETERSBURG CITY",19717,"2018","03","VA"
"33843","Locality: 735 POQUOSON CITY",8554,"2018","03","VA"
"33846","Locality: 740 PORTSMOUTH CITY",58376,"2018","03","VA"
"33877","Locality: 750 RADFORD CITY",8726,"2018","03","VA"
"33880","Locality: 760 RICHMOND CITY",137017,"2018","03","VA"
"33946","Locality: 770 ROANOKE CITY",55258,"2018","03","VA"
"33967","Locality: 775 SALEM CITY",15883,"2018","03","VA"
"33977","Locality: 790 STAUNTON CITY",15080,"2018","03","VA"
"33982","Locality: 800 SUFFOLK CITY",57220,"2018","03","VA"
"34009","Locality: 810 VIRGINIA BEACH CITY",276684,"2018","03","VA"
"34107","Locality: 820 WAYNESBORO CITY",12410,"2018","03","VA"
"34111","Locality: 830 WILLIAMSBURG CITY",9439,"2018","03","VA"
"34113","Locality: 840 WINCHESTER CITY",14736,"2018","03","VA"
"34119","Locality: 001 ACCOMACK COUNTY",22333,"2018","04","VA"
"34135","Locality: 003 ALBEMARLE COUNTY",72031,"2018","04","VA"
"34163","Locality: 005 ALLEGHANY COUNTY",9981,"2018","04","VA"
"34175","Locality: 007 AMELIA COUNTY",8923,"2018","04","VA"
"34180","Locality: 009 AMHERST COUNTY",20027,"2018","04","VA"
"34191","Locality: 011 APPOMATTOX COUNTY",10457,"2018","04","VA"
"34200","Locality: 013 ARLINGTON COUNTY",149402,"2018","04","VA"
"34254","Locality: 015 AUGUSTA COUNTY",46412,"2018","04","VA"
"34279","Locality: 017 BATH COUNTY",3061,"2018","04","VA"
"34286","Locality: 019 BEDFORD COUNTY",53671,"2018","04","VA"
"34317","Locality: 021 BLAND COUNTY",4179,"2018","04","VA"
"34324","Locality: 023 BOTETOURT COUNTY",23099,"2018","04","VA"
"34334","Locality: 025 BRUNSWICK COUNTY",10183,"2018","04","VA"
"34347","Locality: 027 BUCHANAN COUNTY",14444,"2018","04","VA"
"34364","Locality: 029 BUCKINGHAM COUNTY",9764,"2018","04","VA"
"34374","Locality: 031 CAMPBELL COUNTY",35852,"2018","04","VA"
"34390","Locality: 033 CAROLINE COUNTY",19053,"2018","04","VA"
"34402","Locality: 035 CARROLL COUNTY",18416,"2018","04","VA"
"34419","Locality: 036 CHARLES CITY COUNTY",5283,"2018","04","VA"
"34422","Locality: 037 CHARLOTTE COUNTY",7837,"2018","04","VA"
"34429","Locality: 041 CHESTERFIELD COUNTY",226095,"2018","04","VA"
"34504","Locality: 043 CLARKE COUNTY",10292,"2018","04","VA"
"34511","Locality: 045 CRAIG COUNTY",3631,"2018","04","VA"
"34519","Locality: 047 CULPEPER COUNTY",30088,"2018","04","VA"
"34534","Locality: 049 CUMBERLAND COUNTY",6490,"2018","04","VA"
"34539","Locality: 051 DICKENSON COUNTY",9585,"2018","04","VA"
"34549","Locality: 053 DINWIDDIE COUNTY",18103,"2018","04","VA"
"34562","Locality: 057 ESSEX COUNTY",6935,"2018","04","VA"
"34566","Locality: 059 FAIRFAX COUNTY",696991,"2018","04","VA"
"34809","Locality: 061 FAUQUIER COUNTY",47618,"2018","04","VA"
"34829","Locality: 063 FLOYD COUNTY",10393,"2018","04","VA"
"34834","Locality: 065 FLUVANNA COUNTY",17485,"2018","04","VA"
"34839","Locality: 067 FRANKLIN COUNTY",34589,"2018","04","VA"
"34862","Locality: 069 FREDERICK COUNTY",54749,"2018","04","VA"
"34883","Locality: 071 GILES COUNTY",10726,"2018","04","VA"
"34892","Locality: 073 GLOUCESTER COUNTY",26077,"2018","04","VA"
"34903","Locality: 075 GOOCHLAND COUNTY",17263,"2018","04","VA"
"34913","Locality: 077 GRAYSON COUNTY",9725,"2018","04","VA"
"34928","Locality: 079 GREENE COUNTY",12034,"2018","04","VA"
"34933","Locality: 081 GREENSVILLE COUNTY",6057,"2018","04","VA"
"34942","Locality: 083 HALIFAX COUNTY",22628,"2018","04","VA"
"34962","Locality: 085 HANOVER COUNTY",75538,"2018","04","VA"
"34998","Locality: 087 HENRICO COUNTY",209580,"2018","04","VA"
"35089","Locality: 089 HENRY COUNTY",33049,"2018","04","VA"
"35113","Locality: 091 HIGHLAND COUNTY",1738,"2018","04","VA"
"35119","Locality: 093 ISLE OF WIGHT COUNTY",26605,"2018","04","VA"
"35133","Locality: 095 JAMES CITY COUNTY",53881,"2018","04","VA"
"35152","Locality: 097 KING & QUEEN COUNTY",4814,"2018","04","VA"
"35157","Locality: 099 KING GEORGE COUNTY",15798,"2018","04","VA"
"35162","Locality: 101 KING WILLIAM COUNTY",11633,"2018","04","VA"
"35168","Locality: 103 LANCASTER COUNTY",8327,"2018","04","VA"
"35174","Locality: 105 LEE COUNTY",13864,"2018","04","VA"
"35190","Locality: 107 LOUDOUN COUNTY",236641,"2018","04","VA"
"35286","Locality: 109 LOUISA COUNTY",23463,"2018","04","VA"
"35301","Locality: 111 LUNENBURG COUNTY",7469,"2018","04","VA"
"35312","Locality: 113 MADISON COUNTY",8877,"2018","04","VA"
"35321","Locality: 115 MATHEWS COUNTY",6722,"2018","04","VA"
"35324","Locality: 117 MECKLENBURG COUNTY",20311,"2018","04","VA"
"35347","Locality: 119 MIDDLESEX COUNTY",7553,"2018","04","VA"
"35353","Locality: 121 MONTGOMERY COUNTY",55511,"2018","04","VA"
"35377","Locality: 125 NELSON COUNTY",10578,"2018","04","VA"
"35386","Locality: 127 NEW KENT COUNTY",14990,"2018","04","VA"
"35396","Locality: 131 NORTHAMPTON COUNTY",8648,"2018","04","VA"
"35401","Locality: 133 NORTHUMBERLAND COUNTY",9181,"2018","04","VA"
"35407","Locality: 135 NOTTOWAY COUNTY",8665,"2018","04","VA"
"35416","Locality: 137 ORANGE COUNTY",23176,"2018","04","VA"
"35426","Locality: 139 PAGE COUNTY",14929,"2018","04","VA"
"35431","Locality: 141 PATRICK COUNTY",11480,"2018","04","VA"
"35444","Locality: 143 PITTSYLVANIA COUNTY",41084,"2018","04","VA"
"35473","Locality: 145 POWHATAN COUNTY",20433,"2018","04","VA"
"35485","Locality: 147 PRINCE EDWARD COUNTY",12490,"2018","04","VA"
"35495","Locality: 149 PRINCE GEORGE COUNTY",20961,"2018","04","VA"
"35505","Locality: 153 PRINCE WILLIAM COUNTY",259957,"2018","04","VA"
"35596","Locality: 155 PULASKI COUNTY",20945,"2018","04","VA"
"35608","Locality: 157 RAPPAHANNOCK COUNTY",5568,"2018","04","VA"
"35614","Locality: 159 RICHMOND COUNTY",4923,"2018","04","VA"
"35619","Locality: 161 ROANOKE COUNTY",65129,"2018","04","VA"
"35651","Locality: 163 ROCKBRIDGE COUNTY",13897,"2018","04","VA"
"35668","Locality: 165 ROCKINGHAM COUNTY",47617,"2018","04","VA"
"35698","Locality: 167 RUSSELL COUNTY",17562,"2018","04","VA"
"35713","Locality: 169 SCOTT COUNTY",14156,"2018","04","VA"
"35730","Locality: 171 SHENANDOAH COUNTY",27041,"2018","04","VA"
"35742","Locality: 173 SMYTH COUNTY",17987,"2018","04","VA"
"35756","Locality: 175 SOUTHAMPTON COUNTY",11663,"2018","04","VA"
"35769","Locality: 177 SPOTSYLVANIA COUNTY",83695,"2018","04","VA"
"35795","Locality: 179 STAFFORD COUNTY",86966,"2018","04","VA"
"35822","Locality: 181 SURRY COUNTY",5193,"2018","04","VA"
"35829","Locality: 183 SUSSEX COUNTY",6624,"2018","04","VA"
"35840","Locality: 185 TAZEWELL COUNTY",25055,"2018","04","VA"
"35864","Locality: 187 WARREN COUNTY",24560,"2018","04","VA"
"35875","Locality: 191 WASHINGTON COUNTY",34378,"2018","04","VA"
"35894","Locality: 193 WESTMORELAND COUNTY",11657,"2018","04","VA"
"35902","Locality: 195 WISE COUNTY",21614,"2018","04","VA"
"35914","Locality: 197 WYTHE COUNTY",18012,"2018","04","VA"
"35925","Locality: 199 YORK COUNTY",42300,"2018","04","VA"
"35938","Locality: 510 ALEXANDRIA CITY",93587,"2018","04","VA"
"35966","Locality: 520 BRISTOL CITY",10120,"2018","04","VA"
"35970","Locality: 530 BUENA VISTA CITY",3578,"2018","04","VA"
"35972","Locality: 540 CHARLOTTESVILLE CITY",29206,"2018","04","VA"
"35981","Locality: 550 CHESAPEAKE CITY",146411,"2018","04","VA"
"36044","Locality: 570 COLONIAL HEIGHTS CITY",11479,"2018","04","VA"
"36049","Locality: 580 COVINGTON CITY",3431,"2018","04","VA"
"36054","Locality: 590 DANVILLE CITY",25957,"2018","04","VA"
"36070","Locality: 595 EMPORIA CITY",3460,"2018","04","VA"
"36077","Locality: 600 FAIRFAX CITY",15204,"2018","04","VA"
"36083","Locality: 610 FALLS CHURCH CITY",9535,"2018","04","VA"
"36086","Locality: 620 FRANKLIN CITY",5323,"2018","04","VA"
"36092","Locality: 630 FREDERICKSBURG CITY",15648,"2018","04","VA"
"36097","Locality: 640 GALAX CITY",3383,"2018","04","VA"
"36100","Locality: 650 HAMPTON CITY",84806,"2018","04","VA"
"36130","Locality: 660 HARRISONBURG CITY",22213,"2018","04","VA"
"36138","Locality: 670 HOPEWELL CITY",13308,"2018","04","VA"
"36145","Locality: 678 LEXINGTON CITY",3530,"2018","04","VA"
"36146","Locality: 680 LYNCHBURG CITY",48543,"2018","04","VA"
"36164","Locality: 683 MANASSAS CITY",19726,"2018","04","VA"
"36170","Locality: 685 MANASSAS PARK CITY",7278,"2018","04","VA"
"36173","Locality: 690 MARTINSVILLE CITY",8143,"2018","04","VA"
"36179","Locality: 700 NEWPORT NEWS CITY",105650,"2018","04","VA"
"36224","Locality: 710 NORFOLK CITY",114501,"2018","04","VA"
"36273","Locality: 720 NORTON CITY",2159,"2018","04","VA"
"36274","Locality: 730 PETERSBURG CITY",19852,"2018","04","VA"
"36281","Locality: 735 POQUOSON CITY",8566,"2018","04","VA"
"36284","Locality: 740 PORTSMOUTH CITY",58609,"2018","04","VA"
"36315","Locality: 750 RADFORD CITY",8771,"2018","04","VA"
"36318","Locality: 760 RICHMOND CITY",137535,"2018","04","VA"
"36384","Locality: 770 ROANOKE CITY",55705,"2018","04","VA"
"36404","Locality: 775 SALEM CITY",15924,"2018","04","VA"
"36414","Locality: 790 STAUNTON CITY",15155,"2018","04","VA"
"36419","Locality: 800 SUFFOLK CITY",57431,"2018","04","VA"
"36446","Locality: 810 VIRGINIA BEACH CITY",277653,"2018","04","VA"
"36544","Locality: 820 WAYNESBORO CITY",12466,"2018","04","VA"
"36548","Locality: 830 WILLIAMSBURG CITY",9430,"2018","04","VA"
"36550","Locality: 840 WINCHESTER CITY",14860,"2018","04","VA"
"36556","Locality: 001 ACCOMACK COUNTY",22341,"2018","05","VA"
"36572","Locality: 003 ALBEMARLE COUNTY",72390,"2018","05","VA"
"36600","Locality: 005 ALLEGHANY COUNTY",9964,"2018","05","VA"
"36612","Locality: 007 AMELIA COUNTY",8913,"2018","05","VA"
"36617","Locality: 009 AMHERST COUNTY",20092,"2018","05","VA"
"36628","Locality: 011 APPOMATTOX COUNTY",10480,"2018","05","VA"
"36637","Locality: 013 ARLINGTON COUNTY",149952,"2018","05","VA"
"36691","Locality: 015 AUGUSTA COUNTY",46493,"2018","05","VA"
"36716","Locality: 017 BATH COUNTY",3060,"2018","05","VA"
"36723","Locality: 019 BEDFORD COUNTY",53751,"2018","05","VA"
"36755","Locality: 021 BLAND COUNTY",4177,"2018","05","VA"
"36762","Locality: 023 BOTETOURT COUNTY",23147,"2018","05","VA"
"36772","Locality: 025 BRUNSWICK COUNTY",10224,"2018","05","VA"
"36785","Locality: 027 BUCHANAN COUNTY",14444,"2018","05","VA"
"36802","Locality: 029 BUCKINGHAM COUNTY",9821,"2018","05","VA"
"36812","Locality: 031 CAMPBELL COUNTY",35875,"2018","05","VA"
"36828","Locality: 033 CAROLINE COUNTY",19069,"2018","05","VA"
"36840","Locality: 035 CARROLL COUNTY",18498,"2018","05","VA"
"36857","Locality: 036 CHARLES CITY COUNTY",5277,"2018","05","VA"
"36860","Locality: 037 CHARLOTTE COUNTY",7798,"2018","05","VA"
"36867","Locality: 041 CHESTERFIELD COUNTY",226395,"2018","05","VA"
"36942","Locality: 043 CLARKE COUNTY",10302,"2018","05","VA"
"36949","Locality: 045 CRAIG COUNTY",3635,"2018","05","VA"
"36957","Locality: 047 CULPEPER COUNTY",30154,"2018","05","VA"
"36972","Locality: 049 CUMBERLAND COUNTY",6493,"2018","05","VA"
"36977","Locality: 051 DICKENSON COUNTY",9573,"2018","05","VA"
"36987","Locality: 053 DINWIDDIE COUNTY",18151,"2018","05","VA"
"37000","Locality: 057 ESSEX COUNTY",6979,"2018","05","VA"
"37004","Locality: 059 FAIRFAX COUNTY",698482,"2018","05","VA"
"37247","Locality: 061 FAUQUIER COUNTY",47722,"2018","05","VA"
"37267","Locality: 063 FLOYD COUNTY",10449,"2018","05","VA"
"37272","Locality: 065 FLUVANNA COUNTY",17464,"2018","05","VA"
"37277","Locality: 067 FRANKLIN COUNTY",34598,"2018","05","VA"
"37300","Locality: 069 FREDERICK COUNTY",54979,"2018","05","VA"
"37321","Locality: 071 GILES COUNTY",10744,"2018","05","VA"
"37330","Locality: 073 GLOUCESTER COUNTY",26138,"2018","05","VA"
"37341","Locality: 075 GOOCHLAND COUNTY",17339,"2018","05","VA"
"37351","Locality: 077 GRAYSON COUNTY",9724,"2018","05","VA"
"37366","Locality: 079 GREENE COUNTY",12085,"2018","05","VA"
"37371","Locality: 081 GREENSVILLE COUNTY",6036,"2018","05","VA"
"37380","Locality: 083 HALIFAX COUNTY",22633,"2018","05","VA"
"37400","Locality: 085 HANOVER COUNTY",75577,"2018","05","VA"
"37436","Locality: 087 HENRICO COUNTY",209860,"2018","05","VA"
"37526","Locality: 089 HENRY COUNTY",33168,"2018","05","VA"
"37550","Locality: 091 HIGHLAND COUNTY",1743,"2018","05","VA"
"37556","Locality: 093 ISLE OF WIGHT COUNTY",26643,"2018","05","VA"
"37570","Locality: 095 JAMES CITY COUNTY",54047,"2018","05","VA"
"37589","Locality: 097 KING & QUEEN COUNTY",4813,"2018","05","VA"
"37594","Locality: 099 KING GEORGE COUNTY",15863,"2018","05","VA"
"37599","Locality: 101 KING WILLIAM COUNTY",11655,"2018","05","VA"
"37605","Locality: 103 LANCASTER COUNTY",8319,"2018","05","VA"
"37611","Locality: 105 LEE COUNTY",13854,"2018","05","VA"
"37627","Locality: 107 LOUDOUN COUNTY",237739,"2018","05","VA"
"37723","Locality: 109 LOUISA COUNTY",23510,"2018","05","VA"
"37738","Locality: 111 LUNENBURG COUNTY",7474,"2018","05","VA"
"37749","Locality: 113 MADISON COUNTY",8884,"2018","05","VA"
"37758","Locality: 115 MATHEWS COUNTY",6731,"2018","05","VA"
"37761","Locality: 117 MECKLENBURG COUNTY",20285,"2018","05","VA"
"37784","Locality: 119 MIDDLESEX COUNTY",7590,"2018","05","VA"
"37790","Locality: 121 MONTGOMERY COUNTY",55558,"2018","05","VA"
"37814","Locality: 125 NELSON COUNTY",10586,"2018","05","VA"
"37823","Locality: 127 NEW KENT COUNTY",15101,"2018","05","VA"
"37833","Locality: 131 NORTHAMPTON COUNTY",8648,"2018","05","VA"
"37838","Locality: 133 NORTHUMBERLAND COUNTY",9176,"2018","05","VA"
"37844","Locality: 135 NOTTOWAY COUNTY",8648,"2018","05","VA"
"37853","Locality: 137 ORANGE COUNTY",23219,"2018","05","VA"
"37863","Locality: 139 PAGE COUNTY",14953,"2018","05","VA"
"37869","Locality: 141 PATRICK COUNTY",11479,"2018","05","VA"
"37882","Locality: 143 PITTSYLVANIA COUNTY",41050,"2018","05","VA"
"37911","Locality: 145 POWHATAN COUNTY",20474,"2018","05","VA"
"37923","Locality: 147 PRINCE EDWARD COUNTY",12472,"2018","05","VA"
"37933","Locality: 149 PRINCE GEORGE COUNTY",21001,"2018","05","VA"
"37943","Locality: 153 PRINCE WILLIAM COUNTY",261224,"2018","05","VA"
"38034","Locality: 155 PULASKI COUNTY",20902,"2018","05","VA"
"38046","Locality: 157 RAPPAHANNOCK COUNTY",5561,"2018","05","VA"
"38052","Locality: 159 RICHMOND COUNTY",4921,"2018","05","VA"
"38057","Locality: 161 ROANOKE COUNTY",65198,"2018","05","VA"
"38089","Locality: 163 ROCKBRIDGE COUNTY",13927,"2018","05","VA"
"38106","Locality: 165 ROCKINGHAM COUNTY",47734,"2018","05","VA"
"38136","Locality: 167 RUSSELL COUNTY",17559,"2018","05","VA"
"38151","Locality: 169 SCOTT COUNTY",14172,"2018","05","VA"
"38168","Locality: 171 SHENANDOAH COUNTY",26973,"2018","05","VA"
"38180","Locality: 173 SMYTH COUNTY",17971,"2018","05","VA"
"38194","Locality: 175 SOUTHAMPTON COUNTY",11629,"2018","05","VA"
"38207","Locality: 177 SPOTSYLVANIA COUNTY",84031,"2018","05","VA"
"38233","Locality: 179 STAFFORD COUNTY",87416,"2018","05","VA"
"38260","Locality: 181 SURRY COUNTY",5222,"2018","05","VA"
"38267","Locality: 183 SUSSEX COUNTY",6610,"2018","05","VA"
"38278","Locality: 185 TAZEWELL COUNTY",25104,"2018","05","VA"
"38302","Locality: 187 WARREN COUNTY",24662,"2018","05","VA"
"38313","Locality: 191 WASHINGTON COUNTY",34423,"2018","05","VA"
"38332","Locality: 193 WESTMORELAND COUNTY",11660,"2018","05","VA"
"38340","Locality: 195 WISE COUNTY",21594,"2018","05","VA"
"38352","Locality: 197 WYTHE COUNTY",18008,"2018","05","VA"
"38363","Locality: 199 YORK COUNTY",42465,"2018","05","VA"
"38376","Locality: 510 ALEXANDRIA CITY",94031,"2018","05","VA"
"38404","Locality: 520 BRISTOL CITY",10109,"2018","05","VA"
"38408","Locality: 530 BUENA VISTA CITY",3587,"2018","05","VA"
"38410","Locality: 540 CHARLOTTESVILLE CITY",29203,"2018","05","VA"
"38419","Locality: 550 CHESAPEAKE CITY",146625,"2018","05","VA"
"38482","Locality: 570 COLONIAL HEIGHTS CITY",11471,"2018","05","VA"
"38487","Locality: 580 COVINGTON CITY",3432,"2018","05","VA"
"38492","Locality: 590 DANVILLE CITY",25929,"2018","05","VA"
"38508","Locality: 595 EMPORIA CITY",3457,"2018","05","VA"
"38515","Locality: 600 FAIRFAX CITY",15166,"2018","05","VA"
"38521","Locality: 610 FALLS CHURCH CITY",9588,"2018","05","VA"
"38524","Locality: 620 FRANKLIN CITY",5310,"2018","05","VA"
"38530","Locality: 630 FREDERICKSBURG CITY",15612,"2018","05","VA"
"38535","Locality: 640 GALAX CITY",3365,"2018","05","VA"
"38538","Locality: 650 HAMPTON CITY",84620,"2018","05","VA"
"38568","Locality: 660 HARRISONBURG CITY",22251,"2018","05","VA"
"38576","Locality: 670 HOPEWELL CITY",13364,"2018","05","VA"
"38583","Locality: 678 LEXINGTON CITY",3531,"2018","05","VA"
"38584","Locality: 680 LYNCHBURG CITY",48356,"2018","05","VA"
"38602","Locality: 683 MANASSAS CITY",19799,"2018","05","VA"
"38608","Locality: 685 MANASSAS PARK CITY",7300,"2018","05","VA"
"38611","Locality: 690 MARTINSVILLE CITY",8135,"2018","05","VA"
"38617","Locality: 700 NEWPORT NEWS CITY",105429,"2018","05","VA"
"38662","Locality: 710 NORFOLK CITY",114285,"2018","05","VA"
"38711","Locality: 720 NORTON CITY",2174,"2018","05","VA"
"38712","Locality: 730 PETERSBURG CITY",19930,"2018","05","VA"
"38719","Locality: 735 POQUOSON CITY",8631,"2018","05","VA"
"38722","Locality: 740 PORTSMOUTH CITY",58777,"2018","05","VA"
"38753","Locality: 750 RADFORD CITY",8747,"2018","05","VA"
"38756","Locality: 760 RICHMOND CITY",138082,"2018","05","VA"
"38823","Locality: 770 ROANOKE CITY",55551,"2018","05","VA"
"38843","Locality: 775 SALEM CITY",15911,"2018","05","VA"
"38853","Locality: 790 STAUNTON CITY",15112,"2018","05","VA"
"38858","Locality: 800 SUFFOLK CITY",57581,"2018","05","VA"
"38885","Locality: 810 VIRGINIA BEACH CITY",278405,"2018","05","VA"
"38985","Locality: 820 WAYNESBORO CITY",12438,"2018","05","VA"
"38989","Locality: 830 WILLIAMSBURG CITY",9391,"2018","05","VA"
"38991","Locality: 840 WINCHESTER CITY",14903,"2018","05","VA"
"38997","Locality: 001 ACCOMACK COUNTY",22361,"2018","06","VA"
"39013","Locality: 003 ALBEMARLE COUNTY",72656,"2018","06","VA"
"39043","Locality: 005 ALLEGHANY COUNTY",9981,"2018","06","VA"
"39055","Locality: 007 AMELIA COUNTY",8960,"2018","06","VA"
"39060","Locality: 009 AMHERST COUNTY",20104,"2018","06","VA"
"39071","Locality: 011 APPOMATTOX COUNTY",10491,"2018","06","VA"
"39080","Locality: 013 ARLINGTON COUNTY",150465,"2018","06","VA"
"39134","Locality: 015 AUGUSTA COUNTY",46600,"2018","06","VA"
"39159","Locality: 017 BATH COUNTY",3074,"2018","06","VA"
"39166","Locality: 019 BEDFORD COUNTY",53885,"2018","06","VA"
"39198","Locality: 021 BLAND COUNTY",4222,"2018","06","VA"
"39205","Locality: 023 BOTETOURT COUNTY",23234,"2018","06","VA"
"39215","Locality: 025 BRUNSWICK COUNTY",10249,"2018","06","VA"
"39228","Locality: 027 BUCHANAN COUNTY",14454,"2018","06","VA"
"39245","Locality: 029 BUCKINGHAM COUNTY",9828,"2018","06","VA"
"39255","Locality: 031 CAMPBELL COUNTY",35934,"2018","06","VA"
"39271","Locality: 033 CAROLINE COUNTY",19115,"2018","06","VA"
"39283","Locality: 035 CARROLL COUNTY",18505,"2018","06","VA"
"39300","Locality: 036 CHARLES CITY COUNTY",5307,"2018","06","VA"
"39303","Locality: 037 CHARLOTTE COUNTY",7813,"2018","06","VA"
"39310","Locality: 041 CHESTERFIELD COUNTY",227478,"2018","06","VA"
"39385","Locality: 043 CLARKE COUNTY",10347,"2018","06","VA"
"39392","Locality: 045 CRAIG COUNTY",3645,"2018","06","VA"
"39400","Locality: 047 CULPEPER COUNTY",30255,"2018","06","VA"
"39415","Locality: 049 CUMBERLAND COUNTY",6520,"2018","06","VA"
"39420","Locality: 051 DICKENSON COUNTY",9587,"2018","06","VA"
"39430","Locality: 053 DINWIDDIE COUNTY",18179,"2018","06","VA"
"39443","Locality: 057 ESSEX COUNTY",7017,"2018","06","VA"
"39447","Locality: 059 FAIRFAX COUNTY",701314,"2018","06","VA"
"39690","Locality: 061 FAUQUIER COUNTY",48030,"2018","06","VA"
"39710","Locality: 063 FLOYD COUNTY",10473,"2018","06","VA"
"39715","Locality: 065 FLUVANNA COUNTY",17602,"2018","06","VA"
"39720","Locality: 067 FRANKLIN COUNTY",34690,"2018","06","VA"
"39743","Locality: 069 FREDERICK COUNTY",55198,"2018","06","VA"
"39764","Locality: 071 GILES COUNTY",10774,"2018","06","VA"
"39773","Locality: 073 GLOUCESTER COUNTY",26210,"2018","06","VA"
"39784","Locality: 075 GOOCHLAND COUNTY",17384,"2018","06","VA"
"39794","Locality: 077 GRAYSON COUNTY",9751,"2018","06","VA"
"39809","Locality: 079 GREENE COUNTY",12102,"2018","06","VA"
"39814","Locality: 081 GREENSVILLE COUNTY",6077,"2018","06","VA"
"39823","Locality: 083 HALIFAX COUNTY",22644,"2018","06","VA"
"39843","Locality: 085 HANOVER COUNTY",75864,"2018","06","VA"
"39879","Locality: 087 HENRICO COUNTY",210922,"2018","06","VA"
"39969","Locality: 089 HENRY COUNTY",33263,"2018","06","VA"
"39993","Locality: 091 HIGHLAND COUNTY",1743,"2018","06","VA"
"39999","Locality: 093 ISLE OF WIGHT COUNTY",26754,"2018","06","VA"
"40013","Locality: 095 JAMES CITY COUNTY",54186,"2018","06","VA"
"40032","Locality: 097 KING & QUEEN COUNTY",4807,"2018","06","VA"
"40037","Locality: 099 KING GEORGE COUNTY",15939,"2018","06","VA"
"40042","Locality: 101 KING WILLIAM COUNTY",11691,"2018","06","VA"
"40048","Locality: 103 LANCASTER COUNTY",8331,"2018","06","VA"
"40054","Locality: 105 LEE COUNTY",13911,"2018","06","VA"
"40070","Locality: 107 LOUDOUN COUNTY",238849,"2018","06","VA"
"40166","Locality: 109 LOUISA COUNTY",23594,"2018","06","VA"
"40181","Locality: 111 LUNENBURG COUNTY",7489,"2018","06","VA"
"40192","Locality: 113 MADISON COUNTY",8907,"2018","06","VA"
"40201","Locality: 115 MATHEWS COUNTY",6735,"2018","06","VA"
"40204","Locality: 117 MECKLENBURG COUNTY",20344,"2018","06","VA"
"40227","Locality: 119 MIDDLESEX COUNTY",7606,"2018","06","VA"
"40233","Locality: 121 MONTGOMERY COUNTY",55386,"2018","06","VA"
"40257","Locality: 125 NELSON COUNTY",10595,"2018","06","VA"
"40266","Locality: 127 NEW KENT COUNTY",15165,"2018","06","VA"
"40276","Locality: 131 NORTHAMPTON COUNTY",8676,"2018","06","VA"
"40281","Locality: 133 NORTHUMBERLAND COUNTY",9206,"2018","06","VA"
"40287","Locality: 135 NOTTOWAY COUNTY",8672,"2018","06","VA"
"40296","Locality: 137 ORANGE COUNTY",23363,"2018","06","VA"
"40306","Locality: 139 PAGE COUNTY",14980,"2018","06","VA"
"40312","Locality: 141 PATRICK COUNTY",11484,"2018","06","VA"
"40325","Locality: 143 PITTSYLVANIA COUNTY",41077,"2018","06","VA"
"40354","Locality: 145 POWHATAN COUNTY",20544,"2018","06","VA"
"40366","Locality: 147 PRINCE EDWARD COUNTY",12456,"2018","06","VA"
"40376","Locality: 149 PRINCE GEORGE COUNTY",21031,"2018","06","VA"
"40386","Locality: 153 PRINCE WILLIAM COUNTY",262003,"2018","06","VA"
"40477","Locality: 155 PULASKI COUNTY",21020,"2018","06","VA"
"40489","Locality: 157 RAPPAHANNOCK COUNTY",5575,"2018","06","VA"
"40495","Locality: 159 RICHMOND COUNTY",4948,"2018","06","VA"
"40500","Locality: 161 ROANOKE COUNTY",65495,"2018","06","VA"
"40532","Locality: 163 ROCKBRIDGE COUNTY",13955,"2018","06","VA"
"40549","Locality: 165 ROCKINGHAM COUNTY",47816,"2018","06","VA"
"40579","Locality: 167 RUSSELL COUNTY",17585,"2018","06","VA"
"40594","Locality: 169 SCOTT COUNTY",14222,"2018","06","VA"
"40611","Locality: 171 SHENANDOAH COUNTY",27150,"2018","06","VA"
"40623","Locality: 173 SMYTH COUNTY",18054,"2018","06","VA"
"40637","Locality: 175 SOUTHAMPTON COUNTY",11699,"2018","06","VA"
"40650","Locality: 177 SPOTSYLVANIA COUNTY",84264,"2018","06","VA"
"40676","Locality: 179 STAFFORD COUNTY",87939,"2018","06","VA"
"40703","Locality: 181 SURRY COUNTY",5230,"2018","06","VA"
"40710","Locality: 183 SUSSEX COUNTY",6643,"2018","06","VA"
"40721","Locality: 185 TAZEWELL COUNTY",25142,"2018","06","VA"
"40745","Locality: 187 WARREN COUNTY",24743,"2018","06","VA"
"40756","Locality: 191 WASHINGTON COUNTY",34537,"2018","06","VA"
"40775","Locality: 193 WESTMORELAND COUNTY",11730,"2018","06","VA"
"40783","Locality: 195 WISE COUNTY",21756,"2018","06","VA"
"40795","Locality: 197 WYTHE COUNTY",18085,"2018","06","VA"
"40806","Locality: 199 YORK COUNTY",42619,"2018","06","VA"
"40819","Locality: 510 ALEXANDRIA CITY",94473,"2018","06","VA"
"40847","Locality: 520 BRISTOL CITY",10196,"2018","06","VA"
"40851","Locality: 530 BUENA VISTA CITY",3602,"2018","06","VA"
"40853","Locality: 540 CHARLOTTESVILLE CITY",29194,"2018","06","VA"
"40862","Locality: 550 CHESAPEAKE CITY",147653,"2018","06","VA"
"40925","Locality: 570 COLONIAL HEIGHTS CITY",11501,"2018","06","VA"
"40930","Locality: 580 COVINGTON CITY",3444,"2018","06","VA"
"40935","Locality: 590 DANVILLE CITY",26068,"2018","06","VA"
"40951","Locality: 595 EMPORIA CITY",3492,"2018","06","VA"
"40958","Locality: 600 FAIRFAX CITY",15301,"2018","06","VA"
"40964","Locality: 610 FALLS CHURCH CITY",9617,"2018","06","VA"
"40967","Locality: 620 FRANKLIN CITY",5360,"2018","06","VA"
"40973","Locality: 630 FREDERICKSBURG CITY",15808,"2018","06","VA"
"40978","Locality: 640 GALAX CITY",3421,"2018","06","VA"
"40981","Locality: 650 HAMPTON CITY",85177,"2018","06","VA"
"41011","Locality: 660 HARRISONBURG CITY",22175,"2018","06","VA"
"41019","Locality: 670 HOPEWELL CITY",13428,"2018","06","VA"
"41026","Locality: 678 LEXINGTON CITY",3540,"2018","06","VA"
"41027","Locality: 680 LYNCHBURG CITY",48622,"2018","06","VA"
"41045","Locality: 683 MANASSAS CITY",19863,"2018","06","VA"
"41051","Locality: 685 MANASSAS PARK CITY",7305,"2018","06","VA"
"41054","Locality: 690 MARTINSVILLE CITY",8154,"2018","06","VA"
"41060","Locality: 700 NEWPORT NEWS CITY",106342,"2018","06","VA"
"41105","Locality: 710 NORFOLK CITY",115079,"2018","06","VA"
"41154","Locality: 720 NORTON CITY",2171,"2018","06","VA"
"41155","Locality: 730 PETERSBURG CITY",19991,"2018","06","VA"
"41162","Locality: 735 POQUOSON CITY",8631,"2018","06","VA"
"41165","Locality: 740 PORTSMOUTH CITY",58856,"2018","06","VA"
"41196","Locality: 750 RADFORD CITY",8728,"2018","06","VA"
"41199","Locality: 760 RICHMOND CITY",137925,"2018","06","VA"
"41266","Locality: 770 ROANOKE CITY",55909,"2018","06","VA"
"41286","Locality: 775 SALEM CITY",16003,"2018","06","VA"
"41296","Locality: 790 STAUNTON CITY",15276,"2018","06","VA"
"41301","Locality: 800 SUFFOLK CITY",57925,"2018","06","VA"
"41328","Locality: 810 VIRGINIA BEACH CITY",279175,"2018","06","VA"
"41428","Locality: 820 WAYNESBORO CITY",12587,"2018","06","VA"
"41432","Locality: 830 WILLIAMSBURG CITY",9375,"2018","06","VA"
"41434","Locality: 840 WINCHESTER CITY",14974,"2018","06","VA"
"41440","Locality: 001 ACCOMACK COUNTY",22400,"2018","07","VA"
"41456","Locality: 003 ALBEMARLE COUNTY",72881,"2018","07","VA"
"41486","Locality: 005 ALLEGHANY COUNTY",9987,"2018","07","VA"
"41498","Locality: 007 AMELIA COUNTY",9013,"2018","07","VA"
"41503","Locality: 009 AMHERST COUNTY",20173,"2018","07","VA"
"41514","Locality: 011 APPOMATTOX COUNTY",10509,"2018","07","VA"
"41523","Locality: 013 ARLINGTON COUNTY",151476,"2018","07","VA"
"41577","Locality: 015 AUGUSTA COUNTY",46736,"2018","07","VA"
"41602","Locality: 017 BATH COUNTY",3081,"2018","07","VA"
"41609","Locality: 019 BEDFORD COUNTY",54113,"2018","07","VA"
"41641","Locality: 021 BLAND COUNTY",4234,"2018","07","VA"
"41648","Locality: 023 BOTETOURT COUNTY",23281,"2018","07","VA"
"41658","Locality: 025 BRUNSWICK COUNTY",10258,"2018","07","VA"
"41671","Locality: 027 BUCHANAN COUNTY",14435,"2018","07","VA"
"41688","Locality: 029 BUCKINGHAM COUNTY",9872,"2018","07","VA"
"41698","Locality: 031 CAMPBELL COUNTY",36006,"2018","07","VA"
"41714","Locality: 033 CAROLINE COUNTY",19202,"2018","07","VA"
"41726","Locality: 035 CARROLL COUNTY",18537,"2018","07","VA"
"41743","Locality: 036 CHARLES CITY COUNTY",5299,"2018","07","VA"
"41746","Locality: 037 CHARLOTTE COUNTY",7812,"2018","07","VA"
"41753","Locality: 041 CHESTERFIELD COUNTY",227978,"2018","07","VA"
"41828","Locality: 043 CLARKE COUNTY",10394,"2018","07","VA"
"41835","Locality: 045 CRAIG COUNTY",3654,"2018","07","VA"
"41843","Locality: 047 CULPEPER COUNTY",30421,"2018","07","VA"
"41858","Locality: 049 CUMBERLAND COUNTY",6554,"2018","07","VA"
"41863","Locality: 051 DICKENSON COUNTY",9586,"2018","07","VA"
"41873","Locality: 053 DINWIDDIE COUNTY",18212,"2018","07","VA"
"41886","Locality: 057 ESSEX COUNTY",7027,"2018","07","VA"
"41890","Locality: 059 FAIRFAX COUNTY",702672,"2018","07","VA"
"42133","Locality: 061 FAUQUIER COUNTY",48052,"2018","07","VA"
"42153","Locality: 063 FLOYD COUNTY",10497,"2018","07","VA"
"42158","Locality: 065 FLUVANNA COUNTY",17658,"2018","07","VA"
"42163","Locality: 067 FRANKLIN COUNTY",34765,"2018","07","VA"
"42186","Locality: 069 FREDERICK COUNTY",55377,"2018","07","VA"
"42207","Locality: 071 GILES COUNTY",10795,"2018","07","VA"
"42216","Locality: 073 GLOUCESTER COUNTY",26236,"2018","07","VA"
"42227","Locality: 075 GOOCHLAND COUNTY",17460,"2018","07","VA"
"42237","Locality: 077 GRAYSON COUNTY",9770,"2018","07","VA"
"42252","Locality: 079 GREENE COUNTY",12164,"2018","07","VA"
"42257","Locality: 081 GREENSVILLE COUNTY",6085,"2018","07","VA"
"42266","Locality: 083 HALIFAX COUNTY",22717,"2018","07","VA"
"42286","Locality: 085 HANOVER COUNTY",76209,"2018","07","VA"
"42322","Locality: 087 HENRICO COUNTY",211168,"2018","07","VA"
"42412","Locality: 089 HENRY COUNTY",33370,"2018","07","VA"
"42436","Locality: 091 HIGHLAND COUNTY",1747,"2018","07","VA"
"42442","Locality: 093 ISLE OF WIGHT COUNTY",26903,"2018","07","VA"
"42456","Locality: 095 JAMES CITY COUNTY",54457,"2018","07","VA"
"42475","Locality: 097 KING & QUEEN COUNTY",4824,"2018","07","VA"
"42480","Locality: 099 KING GEORGE COUNTY",16053,"2018","07","VA"
"42485","Locality: 101 KING WILLIAM COUNTY",11741,"2018","07","VA"
"42491","Locality: 103 LANCASTER COUNTY",8356,"2018","07","VA"
"42497","Locality: 105 LEE COUNTY",13924,"2018","07","VA"
"42513","Locality: 107 LOUDOUN COUNTY",240091,"2018","07","VA"
"42609","Locality: 109 LOUISA COUNTY",23703,"2018","07","VA"
"42624","Locality: 111 LUNENBURG COUNTY",7507,"2018","07","VA"
"42635","Locality: 113 MADISON COUNTY",8927,"2018","07","VA"
"42644","Locality: 115 MATHEWS COUNTY",6742,"2018","07","VA"
"42647","Locality: 117 MECKLENBURG COUNTY",20417,"2018","07","VA"
"42670","Locality: 119 MIDDLESEX COUNTY",7639,"2018","07","VA"
"42676","Locality: 121 MONTGOMERY COUNTY",55444,"2018","07","VA"
"42700","Locality: 125 NELSON COUNTY",10633,"2018","07","VA"
"42709","Locality: 127 NEW KENT COUNTY",15294,"2018","07","VA"
"42719","Locality: 131 NORTHAMPTON COUNTY",8676,"2018","07","VA"
"42724","Locality: 133 NORTHUMBERLAND COUNTY",9209,"2018","07","VA"
"42730","Locality: 135 NOTTOWAY COUNTY",8688,"2018","07","VA"
"42739","Locality: 137 ORANGE COUNTY",23478,"2018","07","VA"
"42749","Locality: 139 PAGE COUNTY",14955,"2018","07","VA"
"42755","Locality: 141 PATRICK COUNTY",11497,"2018","07","VA"
"42768","Locality: 143 PITTSYLVANIA COUNTY",41138,"2018","07","VA"
"42797","Locality: 145 POWHATAN COUNTY",20621,"2018","07","VA"
"42809","Locality: 147 PRINCE EDWARD COUNTY",12453,"2018","07","VA"
"42819","Locality: 149 PRINCE GEORGE COUNTY",21072,"2018","07","VA"
"42829","Locality: 153 PRINCE WILLIAM COUNTY",263137,"2018","07","VA"
"42920","Locality: 155 PULASKI COUNTY",21082,"2018","07","VA"
"42932","Locality: 157 RAPPAHANNOCK COUNTY",5590,"2018","07","VA"
"42938","Locality: 159 RICHMOND COUNTY",4949,"2018","07","VA"
"42943","Locality: 161 ROANOKE COUNTY",65494,"2018","07","VA"
"42975","Locality: 163 ROCKBRIDGE COUNTY",13995,"2018","07","VA"
"42992","Locality: 165 ROCKINGHAM COUNTY",48005,"2018","07","VA"
"43022","Locality: 167 RUSSELL COUNTY",17642,"2018","07","VA"
"43037","Locality: 169 SCOTT COUNTY",14246,"2018","07","VA"
"43054","Locality: 171 SHENANDOAH COUNTY",27301,"2018","07","VA"
"43066","Locality: 173 SMYTH COUNTY",18090,"2018","07","VA"
"43080","Locality: 175 SOUTHAMPTON COUNTY",11723,"2018","07","VA"
"43093","Locality: 177 SPOTSYLVANIA COUNTY",84567,"2018","07","VA"
"43119","Locality: 179 STAFFORD COUNTY",88527,"2018","07","VA"
"43146","Locality: 181 SURRY COUNTY",5258,"2018","07","VA"
"43153","Locality: 183 SUSSEX COUNTY",6619,"2018","07","VA"
"43164","Locality: 185 TAZEWELL COUNTY",25201,"2018","07","VA"
"43188","Locality: 187 WARREN COUNTY",24851,"2018","07","VA"
"43199","Locality: 191 WASHINGTON COUNTY",34587,"2018","07","VA"
"43218","Locality: 193 WESTMORELAND COUNTY",11773,"2018","07","VA"
"43226","Locality: 195 WISE COUNTY",21788,"2018","07","VA"
"43238","Locality: 197 WYTHE COUNTY",18145,"2018","07","VA"
"43249","Locality: 199 YORK COUNTY",42796,"2018","07","VA"
"43262","Locality: 510 ALEXANDRIA CITY",95317,"2018","07","VA"
"43290","Locality: 520 BRISTOL CITY",10205,"2018","07","VA"
"43294","Locality: 530 BUENA VISTA CITY",3606,"2018","07","VA"
"43296","Locality: 540 CHARLOTTESVILLE CITY",29246,"2018","07","VA"
"43305","Locality: 550 CHESAPEAKE CITY",147984,"2018","07","VA"
"43368","Locality: 570 COLONIAL HEIGHTS CITY",11530,"2018","07","VA"
"43373","Locality: 580 COVINGTON CITY",3454,"2018","07","VA"
"43378","Locality: 590 DANVILLE CITY",26142,"2018","07","VA"
"43394","Locality: 595 EMPORIA CITY",3495,"2018","07","VA"
"43401","Locality: 600 FAIRFAX CITY",15410,"2018","07","VA"
"43407","Locality: 610 FALLS CHURCH CITY",9688,"2018","07","VA"
"43410","Locality: 620 FRANKLIN CITY",5372,"2018","07","VA"
"43416","Locality: 630 FREDERICKSBURG CITY",15906,"2018","07","VA"
"43421","Locality: 640 GALAX CITY",3440,"2018","07","VA"
"43424","Locality: 650 HAMPTON CITY",85354,"2018","07","VA"
"43454","Locality: 660 HARRISONBURG CITY",22103,"2018","07","VA"
"43462","Locality: 670 HOPEWELL CITY",13476,"2018","07","VA"
"43469","Locality: 678 LEXINGTON CITY",3560,"2018","07","VA"
"43470","Locality: 680 LYNCHBURG CITY",48679,"2018","07","VA"
"43488","Locality: 683 MANASSAS CITY",19977,"2018","07","VA"
"43494","Locality: 685 MANASSAS PARK CITY",7347,"2018","07","VA"
"43497","Locality: 690 MARTINSVILLE CITY",8161,"2018","07","VA"
"43503","Locality: 700 NEWPORT NEWS CITY",106984,"2018","07","VA"
"43548","Locality: 710 NORFOLK CITY",115825,"2018","07","VA"
"43597","Locality: 720 NORTON CITY",2181,"2018","07","VA"
"43598","Locality: 730 PETERSBURG CITY",20079,"2018","07","VA"
"43605","Locality: 735 POQUOSON CITY",8669,"2018","07","VA"
"43608","Locality: 740 PORTSMOUTH CITY",58898,"2018","07","VA"
"43639","Locality: 750 RADFORD CITY",8699,"2018","07","VA"
"43642","Locality: 760 RICHMOND CITY",137598,"2018","07","VA"
"43709","Locality: 770 ROANOKE CITY",56239,"2018","07","VA"
"43729","Locality: 775 SALEM CITY",16064,"2018","07","VA"
"43739","Locality: 790 STAUNTON CITY",15271,"2018","07","VA"
"43744","Locality: 800 SUFFOLK CITY",57961,"2018","07","VA"
"43771","Locality: 810 VIRGINIA BEACH CITY",279702,"2018","07","VA"
"43871","Locality: 820 WAYNESBORO CITY",12648,"2018","07","VA"
"43875","Locality: 830 WILLIAMSBURG CITY",9374,"2018","07","VA"
"43877","Locality: 840 WINCHESTER CITY",15130,"2018","07","VA"
"43883","Locality: 001 ACCOMACK COUNTY",22318,"2018","08","VA"
"43899","Locality: 003 ALBEMARLE COUNTY",72974,"2018","08","VA"
"43929","Locality: 005 ALLEGHANY COUNTY",9959,"2018","08","VA"
"43941","Locality: 007 AMELIA COUNTY",9015,"2018","08","VA"
"43946","Locality: 009 AMHERST COUNTY",20186,"2018","08","VA"
"43957","Locality: 011 APPOMATTOX COUNTY",10509,"2018","08","VA"
"43966","Locality: 013 ARLINGTON COUNTY",150811,"2018","08","VA"
"44020","Locality: 015 AUGUSTA COUNTY",46846,"2018","08","VA"
"44045","Locality: 017 BATH COUNTY",3075,"2018","08","VA"
"44052","Locality: 019 BEDFORD COUNTY",54117,"2018","08","VA"
"44084","Locality: 021 BLAND COUNTY",4244,"2018","08","VA"
"44091","Locality: 023 BOTETOURT COUNTY",23271,"2018","08","VA"
"44101","Locality: 025 BRUNSWICK COUNTY",10236,"2018","08","VA"
"44114","Locality: 027 BUCHANAN COUNTY",14427,"2018","08","VA"
"44131","Locality: 029 BUCKINGHAM COUNTY",9890,"2018","08","VA"
"44141","Locality: 031 CAMPBELL COUNTY",36031,"2018","08","VA"
"44157","Locality: 033 CAROLINE COUNTY",19237,"2018","08","VA"
"44169","Locality: 035 CARROLL COUNTY",18499,"2018","08","VA"
"44186","Locality: 036 CHARLES CITY COUNTY",5301,"2018","08","VA"
"44189","Locality: 037 CHARLOTTE COUNTY",7826,"2018","08","VA"
"44196","Locality: 041 CHESTERFIELD COUNTY",228490,"2018","08","VA"
"44271","Locality: 043 CLARKE COUNTY",10415,"2018","08","VA"
"44278","Locality: 045 CRAIG COUNTY",3673,"2018","08","VA"
"44286","Locality: 047 CULPEPER COUNTY",30483,"2018","08","VA"
"44301","Locality: 049 CUMBERLAND COUNTY",6559,"2018","08","VA"
"44306","Locality: 051 DICKENSON COUNTY",9581,"2018","08","VA"
"44316","Locality: 053 DINWIDDIE COUNTY",18190,"2018","08","VA"
"44329","Locality: 057 ESSEX COUNTY",7043,"2018","08","VA"
"44333","Locality: 059 FAIRFAX COUNTY",703850,"2018","08","VA"
"44576","Locality: 061 FAUQUIER COUNTY",48268,"2018","08","VA"
"44596","Locality: 063 FLOYD COUNTY",10463,"2018","08","VA"
"44601","Locality: 065 FLUVANNA COUNTY",17674,"2018","08","VA"
"44606","Locality: 067 FRANKLIN COUNTY",34786,"2018","08","VA"
"44629","Locality: 069 FREDERICK COUNTY",55626,"2018","08","VA"
"44650","Locality: 071 GILES COUNTY",10802,"2018","08","VA"
"44659","Locality: 073 GLOUCESTER COUNTY",26335,"2018","08","VA"
"44670","Locality: 075 GOOCHLAND COUNTY",17547,"2018","08","VA"
"44680","Locality: 077 GRAYSON COUNTY",9760,"2018","08","VA"
"44695","Locality: 079 GREENE COUNTY",12194,"2018","08","VA"
"44700","Locality: 081 GREENSVILLE COUNTY",6079,"2018","08","VA"
"44709","Locality: 083 HALIFAX COUNTY",22712,"2018","08","VA"
"44729","Locality: 085 HANOVER COUNTY",76234,"2018","08","VA"
"44765","Locality: 087 HENRICO COUNTY",211837,"2018","08","VA"
"44855","Locality: 089 HENRY COUNTY",33367,"2018","08","VA"
"44879","Locality: 091 HIGHLAND COUNTY",1745,"2018","08","VA"
"44885","Locality: 093 ISLE OF WIGHT COUNTY",27003,"2018","08","VA"
"44899","Locality: 095 JAMES CITY COUNTY",54626,"2018","08","VA"
"44918","Locality: 097 KING & QUEEN COUNTY",4834,"2018","08","VA"
"44923","Locality: 099 KING GEORGE COUNTY",16079,"2018","08","VA"
"44928","Locality: 101 KING WILLIAM COUNTY",11778,"2018","08","VA"
"44934","Locality: 103 LANCASTER COUNTY",8347,"2018","08","VA"
"44940","Locality: 105 LEE COUNTY",13943,"2018","08","VA"
"44956","Locality: 107 LOUDOUN COUNTY",240711,"2018","08","VA"
"45052","Locality: 109 LOUISA COUNTY",23728,"2018","08","VA"
"45067","Locality: 111 LUNENBURG COUNTY",7511,"2018","08","VA"
"45078","Locality: 113 MADISON COUNTY",8942,"2018","08","VA"
"45087","Locality: 115 MATHEWS COUNTY",6745,"2018","08","VA"
"45090","Locality: 117 MECKLENBURG COUNTY",20430,"2018","08","VA"
"45113","Locality: 119 MIDDLESEX COUNTY",7668,"2018","08","VA"
"45119","Locality: 121 MONTGOMERY COUNTY",55258,"2018","08","VA"
"45143","Locality: 125 NELSON COUNTY",10643,"2018","08","VA"
"45152","Locality: 127 NEW KENT COUNTY",15329,"2018","08","VA"
"45162","Locality: 131 NORTHAMPTON COUNTY",8697,"2018","08","VA"
"45167","Locality: 133 NORTHUMBERLAND COUNTY",9189,"2018","08","VA"
"45173","Locality: 135 NOTTOWAY COUNTY",8687,"2018","08","VA"
"45182","Locality: 137 ORANGE COUNTY",23424,"2018","08","VA"
"45192","Locality: 139 PAGE COUNTY",14996,"2018","08","VA"
"45198","Locality: 141 PATRICK COUNTY",11504,"2018","08","VA"
"45211","Locality: 143 PITTSYLVANIA COUNTY",41213,"2018","08","VA"
"45240","Locality: 145 POWHATAN COUNTY",20632,"2018","08","VA"
"45252","Locality: 147 PRINCE EDWARD COUNTY",12440,"2018","08","VA"
"45262","Locality: 149 PRINCE GEORGE COUNTY",21179,"2018","08","VA"
"45272","Locality: 153 PRINCE WILLIAM COUNTY",263819,"2018","08","VA"
"45363","Locality: 155 PULASKI COUNTY",21112,"2018","08","VA"
"45375","Locality: 157 RAPPAHANNOCK COUNTY",5596,"2018","08","VA"
"45381","Locality: 159 RICHMOND COUNTY",4957,"2018","08","VA"
"45386","Locality: 161 ROANOKE COUNTY",65607,"2018","08","VA"
"45418","Locality: 163 ROCKBRIDGE COUNTY",13976,"2018","08","VA"
"45435","Locality: 165 ROCKINGHAM COUNTY",48063,"2018","08","VA"
"45465","Locality: 167 RUSSELL COUNTY",17659,"2018","08","VA"
"45480","Locality: 169 SCOTT COUNTY",14245,"2018","08","VA"
"45497","Locality: 171 SHENANDOAH COUNTY",27286,"2018","08","VA"
"45509","Locality: 173 SMYTH COUNTY",18092,"2018","08","VA"
"45523","Locality: 175 SOUTHAMPTON COUNTY",11747,"2018","08","VA"
"45536","Locality: 177 SPOTSYLVANIA COUNTY",84944,"2018","08","VA"
"45562","Locality: 179 STAFFORD COUNTY",88594,"2018","08","VA"
"45589","Locality: 181 SURRY COUNTY",5266,"2018","08","VA"
"45596","Locality: 183 SUSSEX COUNTY",6642,"2018","08","VA"
"45607","Locality: 185 TAZEWELL COUNTY",25169,"2018","08","VA"
"45631","Locality: 187 WARREN COUNTY",24916,"2018","08","VA"
"45642","Locality: 191 WASHINGTON COUNTY",34627,"2018","08","VA"
"45661","Locality: 193 WESTMORELAND COUNTY",11818,"2018","08","VA"
"45669","Locality: 195 WISE COUNTY",21827,"2018","08","VA"
"45681","Locality: 197 WYTHE COUNTY",18183,"2018","08","VA"
"45692","Locality: 199 YORK COUNTY",42831,"2018","08","VA"
"45705","Locality: 510 ALEXANDRIA CITY",94723,"2018","08","VA"
"45733","Locality: 520 BRISTOL CITY",10229,"2018","08","VA"
"45737","Locality: 530 BUENA VISTA CITY",3624,"2018","08","VA"
"45739","Locality: 540 CHARLOTTESVILLE CITY",29166,"2018","08","VA"
"45748","Locality: 550 CHESAPEAKE CITY",148529,"2018","08","VA"
"45811","Locality: 570 COLONIAL HEIGHTS CITY",11550,"2018","08","VA"
"45816","Locality: 580 COVINGTON CITY",3439,"2018","08","VA"
"45821","Locality: 590 DANVILLE CITY",26057,"2018","08","VA"
"45837","Locality: 595 EMPORIA CITY",3508,"2018","08","VA"
"45844","Locality: 600 FAIRFAX CITY",15420,"2018","08","VA"
"45850","Locality: 610 FALLS CHURCH CITY",9605,"2018","08","VA"
"45853","Locality: 620 FRANKLIN CITY",5354,"2018","08","VA"
"45859","Locality: 630 FREDERICKSBURG CITY",15819,"2018","08","VA"
"45864","Locality: 640 GALAX CITY",3442,"2018","08","VA"
"45867","Locality: 650 HAMPTON CITY",86088,"2018","08","VA"
"45897","Locality: 660 HARRISONBURG CITY",21958,"2018","08","VA"
"45905","Locality: 670 HOPEWELL CITY",13425,"2018","08","VA"
"45912","Locality: 678 LEXINGTON CITY",3553,"2018","08","VA"
"45913","Locality: 680 LYNCHBURG CITY",48526,"2018","08","VA"
"45931","Locality: 683 MANASSAS CITY",19983,"2018","08","VA"
"45937","Locality: 685 MANASSAS PARK CITY",7311,"2018","08","VA"
"45940","Locality: 690 MARTINSVILLE CITY",8159,"2018","08","VA"
"45946","Locality: 700 NEWPORT NEWS CITY",107002,"2018","08","VA"
"45991","Locality: 710 NORFOLK CITY",116020,"2018","08","VA"
"46040","Locality: 720 NORTON CITY",2184,"2018","08","VA"
"46041","Locality: 730 PETERSBURG CITY",20045,"2018","08","VA"
"46048","Locality: 735 POQUOSON CITY",8630,"2018","08","VA"
"46051","Locality: 740 PORTSMOUTH CITY",59055,"2018","08","VA"
"46082","Locality: 750 RADFORD CITY",8545,"2018","08","VA"
"46085","Locality: 760 RICHMOND CITY",138046,"2018","08","VA"
"46152","Locality: 770 ROANOKE CITY",56388,"2018","08","VA"
"46172","Locality: 775 SALEM CITY",16076,"2018","08","VA"
"46182","Locality: 790 STAUNTON CITY",15365,"2018","08","VA"
"46187","Locality: 800 SUFFOLK CITY",58115,"2018","08","VA"
"46214","Locality: 810 VIRGINIA BEACH CITY",280538,"2018","08","VA"
"46314","Locality: 820 WAYNESBORO CITY",12627,"2018","08","VA"
"46318","Locality: 830 WILLIAMSBURG CITY",9228,"2018","08","VA"
"46320","Locality: 840 WINCHESTER CITY",15081,"2018","08","VA"
"46326","Locality: 001 ACCOMACK COUNTY",22066,"2018","09","VA"
"46342","Locality: 003 ALBEMARLE COUNTY",72188,"2018","09","VA"
"46372","Locality: 005 ALLEGHANY COUNTY",9918,"2018","09","VA"
"46384","Locality: 007 AMELIA COUNTY",8929,"2018","09","VA"
"46389","Locality: 009 AMHERST COUNTY",20000,"2018","09","VA"
"46400","Locality: 011 APPOMATTOX COUNTY",10434,"2018","09","VA"
"46409","Locality: 013 ARLINGTON COUNTY",145836,"2018","09","VA"
"46463","Locality: 015 AUGUSTA COUNTY",46478,"2018","09","VA"
"46488","Locality: 017 BATH COUNTY",3050,"2018","09","VA"
"46495","Locality: 019 BEDFORD COUNTY",53726,"2018","09","VA"
"46527","Locality: 021 BLAND COUNTY",4227,"2018","09","VA"
"46534","Locality: 023 BOTETOURT COUNTY",23075,"2018","09","VA"
"46544","Locality: 025 BRUNSWICK COUNTY",10153,"2018","09","VA"
"46557","Locality: 027 BUCHANAN COUNTY",14320,"2018","09","VA"
"46574","Locality: 029 BUCKINGHAM COUNTY",9805,"2018","09","VA"
"46584","Locality: 031 CAMPBELL COUNTY",35601,"2018","09","VA"
"46600","Locality: 033 CAROLINE COUNTY",18981,"2018","09","VA"
"46612","Locality: 035 CARROLL COUNTY",18387,"2018","09","VA"
"46629","Locality: 036 CHARLES CITY COUNTY",5269,"2018","09","VA"
"46632","Locality: 037 CHARLOTTE COUNTY",7707,"2018","09","VA"
"46639","Locality: 041 CHESTERFIELD COUNTY",226078,"2018","09","VA"
"46714","Locality: 043 CLARKE COUNTY",10326,"2018","09","VA"
"46721","Locality: 045 CRAIG COUNTY",3620,"2018","09","VA"
"46729","Locality: 047 CULPEPER COUNTY",30170,"2018","09","VA"
"46744","Locality: 049 CUMBERLAND COUNTY",6521,"2018","09","VA"
"46749","Locality: 051 DICKENSON COUNTY",9498,"2018","09","VA"
"46759","Locality: 053 DINWIDDIE COUNTY",17979,"2018","09","VA"
"46772","Locality: 057 ESSEX COUNTY",6901,"2018","09","VA"
"46776","Locality: 059 FAIRFAX COUNTY",691680,"2018","09","VA"
"47019","Locality: 061 FAUQUIER COUNTY",47783,"2018","09","VA"
"47039","Locality: 063 FLOYD COUNTY",10417,"2018","09","VA"
"47044","Locality: 065 FLUVANNA COUNTY",17496,"2018","09","VA"
"47049","Locality: 067 FRANKLIN COUNTY",34472,"2018","09","VA"
"47072","Locality: 069 FREDERICK COUNTY",54943,"2018","09","VA"
"47093","Locality: 071 GILES COUNTY",10700,"2018","09","VA"
"47102","Locality: 073 GLOUCESTER COUNTY",26046,"2018","09","VA"
"47113","Locality: 075 GOOCHLAND COUNTY",17437,"2018","09","VA"
"47123","Locality: 077 GRAYSON COUNTY",9720,"2018","09","VA"
"47138","Locality: 079 GREENE COUNTY",12062,"2018","09","VA"
"47143","Locality: 081 GREENSVILLE COUNTY",6024,"2018","09","VA"
"47152","Locality: 083 HALIFAX COUNTY",22450,"2018","09","VA"
"47172","Locality: 085 HANOVER COUNTY",75643,"2018","09","VA"
"47208","Locality: 087 HENRICO COUNTY",209041,"2018","09","VA"
"47298","Locality: 089 HENRY COUNTY",33078,"2018","09","VA"
"47322","Locality: 091 HIGHLAND COUNTY",1732,"2018","09","VA"
"47328","Locality: 093 ISLE OF WIGHT COUNTY",26696,"2018","09","VA"
"47342","Locality: 095 JAMES CITY COUNTY",53856,"2018","09","VA"
"47361","Locality: 097 KING & QUEEN COUNTY",4790,"2018","09","VA"
"47366","Locality: 099 KING GEORGE COUNTY",15828,"2018","09","VA"
"47371","Locality: 101 KING WILLIAM COUNTY",11705,"2018","09","VA"
"47377","Locality: 103 LANCASTER COUNTY",8289,"2018","09","VA"
"47383","Locality: 105 LEE COUNTY",13793,"2018","09","VA"
"47399","Locality: 107 LOUDOUN COUNTY",237787,"2018","09","VA"
"47495","Locality: 109 LOUISA COUNTY",23529,"2018","09","VA"
"47510","Locality: 111 LUNENBURG COUNTY",7445,"2018","09","VA"
"47521","Locality: 113 MADISON COUNTY",8853,"2018","09","VA"
"47530","Locality: 115 MATHEWS COUNTY",6693,"2018","09","VA"
"47533","Locality: 117 MECKLENBURG COUNTY",20273,"2018","09","VA"
"47556","Locality: 119 MIDDLESEX COUNTY",7611,"2018","09","VA"
"47562","Locality: 121 MONTGOMERY COUNTY",54027,"2018","09","VA"
"47586","Locality: 125 NELSON COUNTY",10589,"2018","09","VA"
"47595","Locality: 127 NEW KENT COUNTY",15233,"2018","09","VA"
"47605","Locality: 131 NORTHAMPTON COUNTY",8620,"2018","09","VA"
"47610","Locality: 133 NORTHUMBERLAND COUNTY",9130,"2018","09","VA"
"47616","Locality: 135 NOTTOWAY COUNTY",8574,"2018","09","VA"
"47625","Locality: 137 ORANGE COUNTY",23227,"2018","09","VA"
"47635","Locality: 139 PAGE COUNTY",14899,"2018","09","VA"
"47641","Locality: 141 PATRICK COUNTY",11339,"2018","09","VA"
"47654","Locality: 143 PITTSYLVANIA COUNTY",40842,"2018","09","VA"
"47683","Locality: 145 POWHATAN COUNTY",20499,"2018","09","VA"
"47695","Locality: 147 PRINCE EDWARD COUNTY",12247,"2018","09","VA"
"47705","Locality: 149 PRINCE GEORGE COUNTY",20902,"2018","09","VA"
"47715","Locality: 153 PRINCE WILLIAM COUNTY",259883,"2018","09","VA"
"47806","Locality: 155 PULASKI COUNTY",20916,"2018","09","VA"
"47818","Locality: 157 RAPPAHANNOCK COUNTY",5555,"2018","09","VA"
"47824","Locality: 159 RICHMOND COUNTY",4904,"2018","09","VA"
"47829","Locality: 161 ROANOKE COUNTY",64764,"2018","09","VA"
"47861","Locality: 163 ROCKBRIDGE COUNTY",13862,"2018","09","VA"
"47878","Locality: 165 ROCKINGHAM COUNTY",47767,"2018","09","VA"
"47908","Locality: 167 RUSSELL COUNTY",17518,"2018","09","VA"
"47923","Locality: 169 SCOTT COUNTY",14154,"2018","09","VA"
"47940","Locality: 171 SHENANDOAH COUNTY",27102,"2018","09","VA"
"47952","Locality: 173 SMYTH COUNTY",17929,"2018","09","VA"
"47966","Locality: 175 SOUTHAMPTON COUNTY",11630,"2018","09","VA"
"47979","Locality: 177 SPOTSYLVANIA COUNTY",83921,"2018","09","VA"
"48005","Locality: 179 STAFFORD COUNTY",87492,"2018","09","VA"
"48032","Locality: 181 SURRY COUNTY",5219,"2018","09","VA"
"48039","Locality: 183 SUSSEX COUNTY",6579,"2018","09","VA"
"48050","Locality: 185 TAZEWELL COUNTY",24749,"2018","09","VA"
"48074","Locality: 187 WARREN COUNTY",24648,"2018","09","VA"
"48085","Locality: 191 WASHINGTON COUNTY",34284,"2018","09","VA"
"48104","Locality: 193 WESTMORELAND COUNTY",11693,"2018","09","VA"
"48112","Locality: 195 WISE COUNTY",21656,"2018","09","VA"
"48124","Locality: 197 WYTHE COUNTY",18031,"2018","09","VA"
"48135","Locality: 199 YORK COUNTY",42206,"2018","09","VA"
"48148","Locality: 510 ALEXANDRIA CITY",91520,"2018","09","VA"
"48176","Locality: 520 BRISTOL CITY",10048,"2018","09","VA"
"48180","Locality: 530 BUENA VISTA CITY",3571,"2018","09","VA"
"48182","Locality: 540 CHARLOTTESVILLE CITY",28613,"2018","09","VA"
"48191","Locality: 550 CHESAPEAKE CITY",145856,"2018","09","VA"
"48254","Locality: 570 COLONIAL HEIGHTS CITY",11335,"2018","09","VA"
"48259","Locality: 580 COVINGTON CITY",3410,"2018","09","VA"
"48264","Locality: 590 DANVILLE CITY",25747,"2018","09","VA"
"48280","Locality: 595 EMPORIA CITY",3417,"2018","09","VA"
"48287","Locality: 600 FAIRFAX CITY",15176,"2018","09","VA"
"48293","Locality: 610 FALLS CHURCH CITY",9480,"2018","09","VA"
"48296","Locality: 620 FRANKLIN CITY",5261,"2018","09","VA"
"48302","Locality: 630 FREDERICKSBURG CITY",15542,"2018","09","VA"
"48307","Locality: 640 GALAX CITY",3397,"2018","09","VA"
"48310","Locality: 650 HAMPTON CITY",84166,"2018","09","VA"
"48340","Locality: 660 HARRISONBURG CITY",21736,"2018","09","VA"
"48348","Locality: 670 HOPEWELL CITY",13267,"2018","09","VA"
"48355","Locality: 678 LEXINGTON CITY",3493,"2018","09","VA"
"48356","Locality: 680 LYNCHBURG CITY",47654,"2018","09","VA"
"48374","Locality: 683 MANASSAS CITY",19608,"2018","09","VA"
"48380","Locality: 685 MANASSAS PARK CITY",7159,"2018","09","VA"
"48383","Locality: 690 MARTINSVILLE CITY",7966,"2018","09","VA"
"48389","Locality: 700 NEWPORT NEWS CITY",105034,"2018","09","VA"
"48434","Locality: 710 NORFOLK CITY",112615,"2018","09","VA"
"48482","Locality: 720 NORTON CITY",2156,"2018","09","VA"
"48483","Locality: 730 PETERSBURG CITY",19783,"2018","09","VA"
"48490","Locality: 735 POQUOSON CITY",8521,"2018","09","VA"
"48493","Locality: 740 PORTSMOUTH CITY",58291,"2018","09","VA"
"48524","Locality: 750 RADFORD CITY",8621,"2018","09","VA"
"48527","Locality: 760 RICHMOND CITY",133621,"2018","09","VA"
"48594","Locality: 770 ROANOKE CITY",55275,"2018","09","VA"
"48614","Locality: 775 SALEM CITY",15879,"2018","09","VA"
"48624","Locality: 790 STAUNTON CITY",15159,"2018","09","VA"
"48629","Locality: 800 SUFFOLK CITY",57490,"2018","09","VA"
"48656","Locality: 810 VIRGINIA BEACH CITY",274705,"2018","09","VA"
"48756","Locality: 820 WAYNESBORO CITY",12372,"2018","09","VA"
"48760","Locality: 830 WILLIAMSBURG CITY",9105,"2018","09","VA"
"48762","Locality: 840 WINCHESTER CITY",14853,"2018","09","VA"
"48768","Locality: 001 ACCOMACK COUNTY",22107,"2018","10","VA"
"48784","Locality: 003 ALBEMARLE COUNTY",72839,"2018","10","VA"
"48814","Locality: 005 ALLEGHANY COUNTY",9960,"2018","10","VA"
"48826","Locality: 007 AMELIA COUNTY",8955,"2018","10","VA"
"48831","Locality: 009 AMHERST COUNTY",20076,"2018","10","VA"
"48842","Locality: 011 APPOMATTOX COUNTY",10466,"2018","10","VA"
"48851","Locality: 013 ARLINGTON COUNTY",147549,"2018","10","VA"
"48905","Locality: 015 AUGUSTA COUNTY",46705,"2018","10","VA"
"48930","Locality: 017 BATH COUNTY",3050,"2018","10","VA"
"48937","Locality: 019 BEDFORD COUNTY",54011,"2018","10","VA"
"48969","Locality: 021 BLAND COUNTY",4236,"2018","10","VA"
"48976","Locality: 023 BOTETOURT COUNTY",23185,"2018","10","VA"
"48986","Locality: 025 BRUNSWICK COUNTY",10198,"2018","10","VA"
"48999","Locality: 027 BUCHANAN COUNTY",14352,"2018","10","VA"
"49016","Locality: 029 BUCKINGHAM COUNTY",9860,"2018","10","VA"
"49026","Locality: 031 CAMPBELL COUNTY",35712,"2018","10","VA"
"49042","Locality: 033 CAROLINE COUNTY",19074,"2018","10","VA"
"49054","Locality: 035 CARROLL COUNTY",18450,"2018","10","VA"
"49071","Locality: 036 CHARLES CITY COUNTY",5292,"2018","10","VA"
"49074","Locality: 037 CHARLOTTE COUNTY",7733,"2018","10","VA"
"49081","Locality: 041 CHESTERFIELD COUNTY",227853,"2018","10","VA"
"49156","Locality: 043 CLARKE COUNTY",10406,"2018","10","VA"
"49163","Locality: 045 CRAIG COUNTY",3632,"2018","10","VA"
"49171","Locality: 047 CULPEPER COUNTY",30431,"2018","10","VA"
"49186","Locality: 049 CUMBERLAND COUNTY",6550,"2018","10","VA"
"49191","Locality: 051 DICKENSON COUNTY",9535,"2018","10","VA"
"49201","Locality: 053 DINWIDDIE COUNTY",18076,"2018","10","VA"
"49214","Locality: 057 ESSEX COUNTY",6947,"2018","10","VA"
"49218","Locality: 059 FAIRFAX COUNTY",695160,"2018","10","VA"
"49461","Locality: 061 FAUQUIER COUNTY",48046,"2018","10","VA"
"49481","Locality: 063 FLOYD COUNTY",10454,"2018","10","VA"
"49486","Locality: 065 FLUVANNA COUNTY",17626,"2018","10","VA"
"49491","Locality: 067 FRANKLIN COUNTY",34620,"2018","10","VA"
"49514","Locality: 069 FREDERICK COUNTY",55209,"2018","10","VA"
"49535","Locality: 071 GILES COUNTY",10748,"2018","10","VA"
"49544","Locality: 073 GLOUCESTER COUNTY",26159,"2018","10","VA"
"49555","Locality: 075 GOOCHLAND COUNTY",17548,"2018","10","VA"
"49565","Locality: 077 GRAYSON COUNTY",9761,"2018","10","VA"
"49580","Locality: 079 GREENE COUNTY",12123,"2018","10","VA"
"49585","Locality: 081 GREENSVILLE COUNTY",6042,"2018","10","VA"
"49594","Locality: 083 HALIFAX COUNTY",22522,"2018","10","VA"
"49614","Locality: 085 HANOVER COUNTY",75945,"2018","10","VA"
"49650","Locality: 087 HENRICO COUNTY",210543,"2018","10","VA"
"49740","Locality: 089 HENRY COUNTY",33201,"2018","10","VA"
"49764","Locality: 091 HIGHLAND COUNTY",1740,"2018","10","VA"
"49770","Locality: 093 ISLE OF WIGHT COUNTY",26829,"2018","10","VA"
"49784","Locality: 095 JAMES CITY COUNTY",54178,"2018","10","VA"
"49803","Locality: 097 KING & QUEEN COUNTY",4819,"2018","10","VA"
"49808","Locality: 099 KING GEORGE COUNTY",15926,"2018","10","VA"
"49813","Locality: 101 KING WILLIAM COUNTY",11782,"2018","10","VA"
"49819","Locality: 103 LANCASTER COUNTY",8298,"2018","10","VA"
"49825","Locality: 105 LEE COUNTY",13859,"2018","10","VA"
"49841","Locality: 107 LOUDOUN COUNTY",239476,"2018","10","VA"
"49939","Locality: 109 LOUISA COUNTY",23669,"2018","10","VA"
"49954","Locality: 111 LUNENBURG COUNTY",7486,"2018","10","VA"
"49965","Locality: 113 MADISON COUNTY",8904,"2018","10","VA"
"49974","Locality: 115 MATHEWS COUNTY",6717,"2018","10","VA"
"49977","Locality: 117 MECKLENBURG COUNTY",20368,"2018","10","VA"
"50000","Locality: 119 MIDDLESEX COUNTY",7651,"2018","10","VA"
"50006","Locality: 121 MONTGOMERY COUNTY",55363,"2018","10","VA"
"50030","Locality: 125 NELSON COUNTY",10651,"2018","10","VA"
"50039","Locality: 127 NEW KENT COUNTY",15334,"2018","10","VA"
"50049","Locality: 131 NORTHAMPTON COUNTY",8650,"2018","10","VA"
"50054","Locality: 133 NORTHUMBERLAND COUNTY",9170,"2018","10","VA"
"50060","Locality: 135 NOTTOWAY COUNTY",8627,"2018","10","VA"
"50069","Locality: 137 ORANGE COUNTY",23369,"2018","10","VA"
"50079","Locality: 139 PAGE COUNTY",14942,"2018","10","VA"
"50085","Locality: 141 PATRICK COUNTY",11369,"2018","10","VA"
"50098","Locality: 143 PITTSYLVANIA COUNTY",41005,"2018","10","VA"
"50127","Locality: 145 POWHATAN COUNTY",20618,"2018","10","VA"
"50139","Locality: 147 PRINCE EDWARD COUNTY",12306,"2018","10","VA"
"50149","Locality: 149 PRINCE GEORGE COUNTY",21159,"2018","10","VA"
"50159","Locality: 153 PRINCE WILLIAM COUNTY",261690,"2018","10","VA"
"50250","Locality: 155 PULASKI COUNTY",21015,"2018","10","VA"
"50262","Locality: 157 RAPPAHANNOCK COUNTY",5583,"2018","10","VA"
"50268","Locality: 159 RICHMOND COUNTY",4924,"2018","10","VA"
"50273","Locality: 161 ROANOKE COUNTY",65087,"2018","10","VA"
"50305","Locality: 163 ROCKBRIDGE COUNTY",13924,"2018","10","VA"
"50322","Locality: 165 ROCKINGHAM COUNTY",48071,"2018","10","VA"
"50353","Locality: 167 RUSSELL COUNTY",17577,"2018","10","VA"
"50368","Locality: 169 SCOTT COUNTY",14191,"2018","10","VA"
"50385","Locality: 171 SHENANDOAH COUNTY",27259,"2018","10","VA"
"50397","Locality: 173 SMYTH COUNTY",17999,"2018","10","VA"
"50411","Locality: 175 SOUTHAMPTON COUNTY",11692,"2018","10","VA"
"50424","Locality: 177 SPOTSYLVANIA COUNTY",84533,"2018","10","VA"
"50450","Locality: 179 STAFFORD COUNTY",88345,"2018","10","VA"
"50477","Locality: 181 SURRY COUNTY",5243,"2018","10","VA"
"50484","Locality: 183 SUSSEX COUNTY",6592,"2018","10","VA"
"50495","Locality: 185 TAZEWELL COUNTY",24887,"2018","10","VA"
"50515","Locality: 187 WARREN COUNTY",24779,"2018","10","VA"
"50526","Locality: 191 WASHINGTON COUNTY",34491,"2018","10","VA"
"50545","Locality: 193 WESTMORELAND COUNTY",11747,"2018","10","VA"
"50553","Locality: 195 WISE COUNTY",21723,"2018","10","VA"
"50565","Locality: 197 WYTHE COUNTY",18135,"2018","10","VA"
"50576","Locality: 199 YORK COUNTY",42464,"2018","10","VA"
"50589","Locality: 510 ALEXANDRIA CITY",92586,"2018","10","VA"
"50617","Locality: 520 BRISTOL CITY",10089,"2018","10","VA"
"50621","Locality: 530 BUENA VISTA CITY",3597,"2018","10","VA"
"50623","Locality: 540 CHARLOTTESVILLE CITY",29171,"2018","10","VA"
"50632","Locality: 550 CHESAPEAKE CITY",146551,"2018","10","VA"
"50695","Locality: 570 COLONIAL HEIGHTS CITY",11392,"2018","10","VA"
"50700","Locality: 580 COVINGTON CITY",3416,"2018","10","VA"
"50705","Locality: 590 DANVILLE CITY",25861,"2018","10","VA"
"50721","Locality: 595 EMPORIA CITY",3448,"2018","10","VA"
"50728","Locality: 600 FAIRFAX CITY",15275,"2018","10","VA"
"50734","Locality: 610 FALLS CHURCH CITY",9584,"2018","10","VA"
"50737","Locality: 620 FRANKLIN CITY",5257,"2018","10","VA"
"50743","Locality: 630 FREDERICKSBURG CITY",15790,"2018","10","VA"
"50748","Locality: 640 GALAX CITY",3435,"2018","10","VA"
"50751","Locality: 650 HAMPTON CITY",84898,"2018","10","VA"
"50781","Locality: 660 HARRISONBURG CITY",22333,"2018","10","VA"
"50789","Locality: 670 HOPEWELL CITY",13353,"2018","10","VA"
"50796","Locality: 678 LEXINGTON CITY",3539,"2018","10","VA"
"50797","Locality: 680 LYNCHBURG CITY",47999,"2018","10","VA"
"50815","Locality: 683 MANASSAS CITY",19785,"2018","10","VA"
"50821","Locality: 685 MANASSAS PARK CITY",7243,"2018","10","VA"
"50824","Locality: 690 MARTINSVILLE CITY",8008,"2018","10","VA"
"50830","Locality: 700 NEWPORT NEWS CITY",105936,"2018","10","VA"
"50875","Locality: 710 NORFOLK CITY",114511,"2018","10","VA"
"50923","Locality: 720 NORTON CITY",2171,"2018","10","VA"
"50924","Locality: 730 PETERSBURG CITY",19950,"2018","10","VA"
"50931","Locality: 735 POQUOSON CITY",8558,"2018","10","VA"
"50934","Locality: 740 PORTSMOUTH CITY",58491,"2018","10","VA"
"50965","Locality: 750 RADFORD CITY",9112,"2018","10","VA"
"50968","Locality: 760 RICHMOND CITY",136721,"2018","10","VA"
"51035","Locality: 770 ROANOKE CITY",55660,"2018","10","VA"
"51055","Locality: 775 SALEM CITY",15993,"2018","10","VA"
"51065","Locality: 790 STAUNTON CITY",15255,"2018","10","VA"
"51070","Locality: 800 SUFFOLK CITY",57978,"2018","10","VA"
"51097","Locality: 810 VIRGINIA BEACH CITY",276904,"2018","10","VA"
"51197","Locality: 820 WAYNESBORO CITY",12458,"2018","10","VA"
"51201","Locality: 830 WILLIAMSBURG CITY",9367,"2018","10","VA"
"51203","Locality: 840 WINCHESTER CITY",15028,"2018","10","VA"
"51209","Locality: 001 ACCOMACK COUNTY",22173,"2018","11","VA"
"51225","Locality: 003 ALBEMARLE COUNTY",73655,"2018","11","VA"
"51255","Locality: 005 ALLEGHANY COUNTY",9980,"2018","11","VA"
"51267","Locality: 007 AMELIA COUNTY",9003,"2018","11","VA"
"51272","Locality: 009 AMHERST COUNTY",20202,"2018","11","VA"
"51283","Locality: 011 APPOMATTOX COUNTY",10514,"2018","11","VA"
"51292","Locality: 013 ARLINGTON COUNTY",150820,"2018","11","VA"
"51346","Locality: 015 AUGUSTA COUNTY",46976,"2018","11","VA"
"51371","Locality: 017 BATH COUNTY",3058,"2018","11","VA"
"51378","Locality: 019 BEDFORD COUNTY",54401,"2018","11","VA"
"51410","Locality: 021 BLAND COUNTY",4244,"2018","11","VA"
"51417","Locality: 023 BOTETOURT COUNTY",23325,"2018","11","VA"
"51427","Locality: 025 BRUNSWICK COUNTY",10244,"2018","11","VA"
"51440","Locality: 027 BUCHANAN COUNTY",14372,"2018","11","VA"
"51457","Locality: 029 BUCKINGHAM COUNTY",9904,"2018","11","VA"
"51467","Locality: 031 CAMPBELL COUNTY",36009,"2018","11","VA"
"51483","Locality: 033 CAROLINE COUNTY",19182,"2018","11","VA"
"51495","Locality: 035 CARROLL COUNTY",18513,"2018","11","VA"
"51512","Locality: 036 CHARLES CITY COUNTY",5322,"2018","11","VA"
"51515","Locality: 037 CHARLOTTE COUNTY",7788,"2018","11","VA"
"51522","Locality: 041 CHESTERFIELD COUNTY",230050,"2018","11","VA"
"51597","Locality: 043 CLARKE COUNTY",10510,"2018","11","VA"
"51604","Locality: 045 CRAIG COUNTY",3639,"2018","11","VA"
"51612","Locality: 047 CULPEPER COUNTY",30662,"2018","11","VA"
"51627","Locality: 049 CUMBERLAND COUNTY",6594,"2018","11","VA"
"51632","Locality: 051 DICKENSON COUNTY",9561,"2018","11","VA"
"51642","Locality: 053 DINWIDDIE COUNTY",18161,"2018","11","VA"
"51655","Locality: 057 ESSEX COUNTY",6994,"2018","11","VA"
"51659","Locality: 059 FAIRFAX COUNTY",702790,"2018","11","VA"
"51902","Locality: 061 FAUQUIER COUNTY",48438,"2018","11","VA"
"51922","Locality: 063 FLOYD COUNTY",10532,"2018","11","VA"
"51927","Locality: 065 FLUVANNA COUNTY",17778,"2018","11","VA"
"51932","Locality: 067 FRANKLIN COUNTY",34772,"2018","11","VA"
"51955","Locality: 069 FREDERICK COUNTY",55594,"2018","11","VA"
"51976","Locality: 071 GILES COUNTY",10808,"2018","11","VA"
"51985","Locality: 073 GLOUCESTER COUNTY",26352,"2018","11","VA"
"51996","Locality: 075 GOOCHLAND COUNTY",17694,"2018","11","VA"
"52006","Locality: 077 GRAYSON COUNTY",9819,"2018","11","VA"
"52021","Locality: 079 GREENE COUNTY",12234,"2018","11","VA"
"52026","Locality: 081 GREENSVILLE COUNTY",6056,"2018","11","VA"
"52035","Locality: 083 HALIFAX COUNTY",22637,"2018","11","VA"
"52055","Locality: 085 HANOVER COUNTY",76386,"2018","11","VA"
"52091","Locality: 087 HENRICO COUNTY",212590,"2018","11","VA"
"52181","Locality: 089 HENRY COUNTY",33295,"2018","11","VA"
"52205","Locality: 091 HIGHLAND COUNTY",1747,"2018","11","VA"
"52211","Locality: 093 ISLE OF WIGHT COUNTY",26974,"2018","11","VA"
"52225","Locality: 095 JAMES CITY COUNTY",54756,"2018","11","VA"
"52244","Locality: 097 KING & QUEEN COUNTY",4848,"2018","11","VA"
"52249","Locality: 099 KING GEORGE COUNTY",16060,"2018","11","VA"
"52254","Locality: 101 KING WILLIAM COUNTY",11845,"2018","11","VA"
"52260","Locality: 103 LANCASTER COUNTY",8324,"2018","11","VA"
"52266","Locality: 105 LEE COUNTY",13927,"2018","11","VA"
"52282","Locality: 107 LOUDOUN COUNTY",241708,"2018","11","VA"
"52380","Locality: 109 LOUISA COUNTY",23823,"2018","11","VA"
"52395","Locality: 111 LUNENBURG COUNTY",7504,"2018","11","VA"
"52406","Locality: 113 MADISON COUNTY",8991,"2018","11","VA"
"52415","Locality: 115 MATHEWS COUNTY",6743,"2018","11","VA"
"52418","Locality: 117 MECKLENBURG COUNTY",20409,"2018","11","VA"
"52441","Locality: 119 MIDDLESEX COUNTY",7700,"2018","11","VA"
"52447","Locality: 121 MONTGOMERY COUNTY",56677,"2018","11","VA"
"52471","Locality: 125 NELSON COUNTY",10715,"2018","11","VA"
"52480","Locality: 127 NEW KENT COUNTY",15428,"2018","11","VA"
"52490","Locality: 131 NORTHAMPTON COUNTY",8663,"2018","11","VA"
"52495","Locality: 133 NORTHUMBERLAND COUNTY",9196,"2018","11","VA"
"52501","Locality: 135 NOTTOWAY COUNTY",8655,"2018","11","VA"
"52510","Locality: 137 ORANGE COUNTY",23525,"2018","11","VA"
"52520","Locality: 139 PAGE COUNTY",15022,"2018","11","VA"
"52526","Locality: 141 PATRICK COUNTY",11412,"2018","11","VA"
"52539","Locality: 143 PITTSYLVANIA COUNTY",41085,"2018","11","VA"
"52568","Locality: 145 POWHATAN COUNTY",20772,"2018","11","VA"
"52580","Locality: 147 PRINCE EDWARD COUNTY",12350,"2018","11","VA"
"52590","Locality: 149 PRINCE GEORGE COUNTY",21368,"2018","11","VA"
"52600","Locality: 153 PRINCE WILLIAM COUNTY",264374,"2018","11","VA"
"52691","Locality: 155 PULASKI COUNTY",21100,"2018","11","VA"
"52703","Locality: 157 RAPPAHANNOCK COUNTY",5622,"2018","11","VA"
"52709","Locality: 159 RICHMOND COUNTY",4942,"2018","11","VA"
"52714","Locality: 161 ROANOKE COUNTY",65656,"2018","11","VA"
"52746","Locality: 163 ROCKBRIDGE COUNTY",14022,"2018","11","VA"
"52763","Locality: 165 ROCKINGHAM COUNTY",48509,"2018","11","VA"
"52794","Locality: 167 RUSSELL COUNTY",17646,"2018","11","VA"
"52809","Locality: 169 SCOTT COUNTY",14238,"2018","11","VA"
"52826","Locality: 171 SHENANDOAH COUNTY",27401,"2018","11","VA"
"52838","Locality: 173 SMYTH COUNTY",18018,"2018","11","VA"
"52852","Locality: 175 SOUTHAMPTON COUNTY",11742,"2018","11","VA"
"52865","Locality: 177 SPOTSYLVANIA COUNTY",85315,"2018","11","VA"
"52891","Locality: 179 STAFFORD COUNTY",89454,"2018","11","VA"
"52918","Locality: 181 SURRY COUNTY",5255,"2018","11","VA"
"52925","Locality: 183 SUSSEX COUNTY",6636,"2018","11","VA"
"52936","Locality: 185 TAZEWELL COUNTY",24979,"2018","11","VA"
"52956","Locality: 187 WARREN COUNTY",25001,"2018","11","VA"
"52967","Locality: 191 WASHINGTON COUNTY",34688,"2018","11","VA"
"52986","Locality: 193 WESTMORELAND COUNTY",11829,"2018","11","VA"
"52994","Locality: 195 WISE COUNTY",21847,"2018","11","VA"
"53006","Locality: 197 WYTHE COUNTY",18227,"2018","11","VA"
"53017","Locality: 199 YORK COUNTY",42822,"2018","11","VA"
"53030","Locality: 510 ALEXANDRIA CITY",94300,"2018","11","VA"
"53058","Locality: 520 BRISTOL CITY",10167,"2018","11","VA"
"53062","Locality: 530 BUENA VISTA CITY",3604,"2018","11","VA"
"53064","Locality: 540 CHARLOTTESVILLE CITY",30518,"2018","11","VA"
"53073","Locality: 550 CHESAPEAKE CITY",148594,"2018","11","VA"
"53136","Locality: 570 COLONIAL HEIGHTS CITY",11458,"2018","11","VA"
"53141","Locality: 580 COVINGTON CITY",3433,"2018","11","VA"
"53146","Locality: 590 DANVILLE CITY",25970,"2018","11","VA"
"53162","Locality: 595 EMPORIA CITY",3463,"2018","11","VA"
"53169","Locality: 600 FAIRFAX CITY",15443,"2018","11","VA"
"53175","Locality: 610 FALLS CHURCH CITY",9721,"2018","11","VA"
"53178","Locality: 620 FRANKLIN CITY",5275,"2018","11","VA"
"53184","Locality: 630 FREDERICKSBURG CITY",16055,"2018","11","VA"
"53189","Locality: 640 GALAX CITY",3451,"2018","11","VA"
"53192","Locality: 650 HAMPTON CITY",86685,"2018","11","VA"
"53222","Locality: 660 HARRISONBURG CITY",23204,"2018","11","VA"
"53230","Locality: 670 HOPEWELL CITY",13471,"2018","11","VA"
"53237","Locality: 678 LEXINGTON CITY",3607,"2018","11","VA"
"53238","Locality: 680 LYNCHBURG CITY",48437,"2018","11","VA"
"53256","Locality: 683 MANASSAS CITY",20073,"2018","11","VA"
"53262","Locality: 685 MANASSAS PARK CITY",7384,"2018","11","VA"
"53265","Locality: 690 MARTINSVILLE CITY",8014,"2018","11","VA"
"53271","Locality: 700 NEWPORT NEWS CITY",106983,"2018","11","VA"
"53316","Locality: 710 NORFOLK CITY",116509,"2018","11","VA"
"53364","Locality: 720 NORTON CITY",2183,"2018","11","VA"
"53365","Locality: 730 PETERSBURG CITY",20152,"2018","11","VA"
"53372","Locality: 735 POQUOSON CITY",8601,"2018","11","VA"
"53375","Locality: 740 PORTSMOUTH CITY",59060,"2018","11","VA"
"53406","Locality: 750 RADFORD CITY",9421,"2018","11","VA"
"53409","Locality: 760 RICHMOND CITY",141224,"2018","11","VA"
"53476","Locality: 770 ROANOKE CITY",56114,"2018","11","VA"
"53496","Locality: 775 SALEM CITY",16091,"2018","11","VA"
"53506","Locality: 790 STAUNTON CITY",15423,"2018","11","VA"
"53511","Locality: 800 SUFFOLK CITY",58528,"2018","11","VA"
"53538","Locality: 810 VIRGINIA BEACH CITY",279769,"2018","11","VA"
"53638","Locality: 820 WAYNESBORO CITY",12572,"2018","11","VA"
"53642","Locality: 830 WILLIAMSBURG CITY",9447,"2018","11","VA"
"53644","Locality: 840 WINCHESTER CITY",15153,"2018","11","VA"
"53650","Locality: 001 ACCOMACK COUNTY",22281,"2018","12","VA"
"53666","Locality: 003 ALBEMARLE COUNTY",74095,"2018","12","VA"
"53696","Locality: 005 ALLEGHANY COUNTY",10015,"2018","12","VA"
"53708","Locality: 007 AMELIA COUNTY",9076,"2018","12","VA"
"53713","Locality: 009 AMHERST COUNTY",20348,"2018","12","VA"
"53724","Locality: 011 APPOMATTOX COUNTY",10552,"2018","12","VA"
"53733","Locality: 013 ARLINGTON COUNTY",152487,"2018","12","VA"
"53787","Locality: 015 AUGUSTA COUNTY",47338,"2018","12","VA"
"53812","Locality: 017 BATH COUNTY",3067,"2018","12","VA"
"53819","Locality: 019 BEDFORD COUNTY",54840,"2018","12","VA"
"53851","Locality: 021 BLAND COUNTY",4259,"2018","12","VA"
"53858","Locality: 023 BOTETOURT COUNTY",23438,"2018","12","VA"
"53868","Locality: 025 BRUNSWICK COUNTY",10282,"2018","12","VA"
"53881","Locality: 027 BUCHANAN COUNTY",14410,"2018","12","VA"
"53898","Locality: 029 BUCKINGHAM COUNTY",9960,"2018","12","VA"
"53908","Locality: 031 CAMPBELL COUNTY",36229,"2018","12","VA"
"53924","Locality: 033 CAROLINE COUNTY",19343,"2018","12","VA"
"53936","Locality: 035 CARROLL COUNTY",18637,"2018","12","VA"
"53953","Locality: 036 CHARLES CITY COUNTY",5359,"2018","12","VA"
"53956","Locality: 037 CHARLOTTE COUNTY",7786,"2018","12","VA"
"53963","Locality: 041 CHESTERFIELD COUNTY",231875,"2018","12","VA"
"54038","Locality: 043 CLARKE COUNTY",10544,"2018","12","VA"
"54045","Locality: 045 CRAIG COUNTY",3662,"2018","12","VA"
"54053","Locality: 047 CULPEPER COUNTY",30954,"2018","12","VA"
"54068","Locality: 049 CUMBERLAND COUNTY",6631,"2018","12","VA"
"54073","Locality: 051 DICKENSON COUNTY",9611,"2018","12","VA"
"54083","Locality: 053 DINWIDDIE COUNTY",18299,"2018","12","VA"
"54096","Locality: 057 ESSEX COUNTY",7054,"2018","12","VA"
"54100","Locality: 059 FAIRFAX COUNTY",707491,"2018","12","VA"
"54343","Locality: 061 FAUQUIER COUNTY",48674,"2018","12","VA"
"54363","Locality: 063 FLOYD COUNTY",10576,"2018","12","VA"
"54368","Locality: 065 FLUVANNA COUNTY",17906,"2018","12","VA"
"54373","Locality: 067 FRANKLIN COUNTY",34978,"2018","12","VA"
"54396","Locality: 069 FREDERICK COUNTY",55769,"2018","12","VA"
"54417","Locality: 071 GILES COUNTY",10847,"2018","12","VA"
"54426","Locality: 073 GLOUCESTER COUNTY",26498,"2018","12","VA"
"54437","Locality: 075 GOOCHLAND COUNTY",17805,"2018","12","VA"
"54447","Locality: 077 GRAYSON COUNTY",9863,"2018","12","VA"
"54462","Locality: 079 GREENE COUNTY",12347,"2018","12","VA"
"54467","Locality: 081 GREENSVILLE COUNTY",6083,"2018","12","VA"
"54476","Locality: 083 HALIFAX COUNTY",22773,"2018","12","VA"
"54496","Locality: 085 HANOVER COUNTY",77069,"2018","12","VA"
"54532","Locality: 087 HENRICO COUNTY",214079,"2018","12","VA"
"54622","Locality: 089 HENRY COUNTY",33379,"2018","12","VA"
"54646","Locality: 091 HIGHLAND COUNTY",1743,"2018","12","VA"
"54652","Locality: 093 ISLE OF WIGHT COUNTY",27173,"2018","12","VA"
"54666","Locality: 095 JAMES CITY COUNTY",55157,"2018","12","VA"
"54685","Locality: 097 KING & QUEEN COUNTY",4880,"2018","12","VA"
"54690","Locality: 099 KING GEORGE COUNTY",16182,"2018","12","VA"
"54695","Locality: 101 KING WILLIAM COUNTY",11942,"2018","12","VA"
"54701","Locality: 103 LANCASTER COUNTY",8384,"2018","12","VA"
"54707","Locality: 105 LEE COUNTY",13948,"2018","12","VA"
"54723","Locality: 107 LOUDOUN COUNTY",244001,"2018","12","VA"
"54821","Locality: 109 LOUISA COUNTY",24120,"2018","12","VA"
"54836","Locality: 111 LUNENBURG COUNTY",7548,"2018","12","VA"
"54847","Locality: 113 MADISON COUNTY",9029,"2018","12","VA"
"54856","Locality: 115 MATHEWS COUNTY",6789,"2018","12","VA"
"54859","Locality: 117 MECKLENBURG COUNTY",20568,"2018","12","VA"
"54882","Locality: 119 MIDDLESEX COUNTY",7747,"2018","12","VA"
"54888","Locality: 121 MONTGOMERY COUNTY",57087,"2018","12","VA"
"54912","Locality: 125 NELSON COUNTY",10770,"2018","12","VA"
"54921","Locality: 127 NEW KENT COUNTY",15541,"2018","12","VA"
"54931","Locality: 131 NORTHAMPTON COUNTY",8715,"2018","12","VA"
"54936","Locality: 133 NORTHUMBERLAND COUNTY",9225,"2018","12","VA"
"54942","Locality: 135 NOTTOWAY COUNTY",8688,"2018","12","VA"
"54951","Locality: 137 ORANGE COUNTY",23678,"2018","12","VA"
"54961","Locality: 139 PAGE COUNTY",15059,"2018","12","VA"
"54967","Locality: 141 PATRICK COUNTY",11476,"2018","12","VA"
"54980","Locality: 143 PITTSYLVANIA COUNTY",41364,"2018","12","VA"
"55009","Locality: 145 POWHATAN COUNTY",20963,"2018","12","VA"
"55021","Locality: 147 PRINCE EDWARD COUNTY",12402,"2018","12","VA"
"55031","Locality: 149 PRINCE GEORGE COUNTY",21551,"2018","12","VA"
"55041","Locality: 153 PRINCE WILLIAM COUNTY",266476,"2018","12","VA"
"55132","Locality: 155 PULASKI COUNTY",21227,"2018","12","VA"
"55144","Locality: 157 RAPPAHANNOCK COUNTY",5662,"2018","12","VA"
"55150","Locality: 159 RICHMOND COUNTY",4976,"2018","12","VA"
"55155","Locality: 161 ROANOKE COUNTY",65939,"2018","12","VA"
"55187","Locality: 163 ROCKBRIDGE COUNTY",14096,"2018","12","VA"
"55204","Locality: 165 ROCKINGHAM COUNTY",48809,"2018","12","VA"
"55235","Locality: 167 RUSSELL COUNTY",17695,"2018","12","VA"
"55250","Locality: 169 SCOTT COUNTY",14322,"2018","12","VA"
"55267","Locality: 171 SHENANDOAH COUNTY",27574,"2018","12","VA"
"55279","Locality: 173 SMYTH COUNTY",17995,"2018","12","VA"
"55293","Locality: 175 SOUTHAMPTON COUNTY",11802,"2018","12","VA"
"55306","Locality: 177 SPOTSYLVANIA COUNTY",85967,"2018","12","VA"
"55332","Locality: 179 STAFFORD COUNTY",90349,"2018","12","VA"
"55359","Locality: 181 SURRY COUNTY",5303,"2018","12","VA"
"55366","Locality: 183 SUSSEX COUNTY",6656,"2018","12","VA"
"55377","Locality: 185 TAZEWELL COUNTY",25104,"2018","12","VA"
"55397","Locality: 187 WARREN COUNTY",25220,"2018","12","VA"
"55408","Locality: 191 WASHINGTON COUNTY",34918,"2018","12","VA"
"55427","Locality: 193 WESTMORELAND COUNTY",11916,"2018","12","VA"
"55435","Locality: 195 WISE COUNTY",21929,"2018","12","VA"
"55447","Locality: 197 WYTHE COUNTY",18343,"2018","12","VA"
"55458","Locality: 199 YORK COUNTY",43178,"2018","12","VA"
"55471","Locality: 510 ALEXANDRIA CITY",95602,"2018","12","VA"
"55499","Locality: 520 BRISTOL CITY",10282,"2018","12","VA"
"55503","Locality: 530 BUENA VISTA CITY",3636,"2018","12","VA"
"55505","Locality: 540 CHARLOTTESVILLE CITY",30749,"2018","12","VA"
"55514","Locality: 550 CHESAPEAKE CITY",149240,"2018","12","VA"
"55577","Locality: 570 COLONIAL HEIGHTS CITY",11554,"2018","12","VA"
"55582","Locality: 580 COVINGTON CITY",3453,"2018","12","VA"
"55587","Locality: 590 DANVILLE CITY",26149,"2018","12","VA"
"55603","Locality: 595 EMPORIA CITY",3481,"2018","12","VA"
"55610","Locality: 600 FAIRFAX CITY",15571,"2018","12","VA"
"55616","Locality: 610 FALLS CHURCH CITY",9820,"2018","12","VA"
"55619","Locality: 620 FRANKLIN CITY",5319,"2018","12","VA"
"55625","Locality: 630 FREDERICKSBURG CITY",16209,"2018","12","VA"
"55630","Locality: 640 GALAX CITY",3469,"2018","12","VA"
"55633","Locality: 650 HAMPTON CITY",87222,"2018","12","VA"
"55663","Locality: 660 HARRISONBURG CITY",23460,"2018","12","VA"
"55671","Locality: 670 HOPEWELL CITY",13593,"2018","12","VA"
"55678","Locality: 678 LEXINGTON CITY",3632,"2018","12","VA"
"55679","Locality: 680 LYNCHBURG CITY",48847,"2018","12","VA"
"55697","Locality: 683 MANASSAS CITY",20305,"2018","12","VA"
"55703","Locality: 685 MANASSAS PARK CITY",7529,"2018","12","VA"
"55706","Locality: 690 MARTINSVILLE CITY",8114,"2018","12","VA"
"55712","Locality: 700 NEWPORT NEWS CITY",107832,"2018","12","VA"
"55757","Locality: 710 NORFOLK CITY",118325,"2018","12","VA"
"55805","Locality: 720 NORTON CITY",2197,"2018","12","VA"
"55806","Locality: 730 PETERSBURG CITY",20427,"2018","12","VA"
"55813","Locality: 735 POQUOSON CITY",8674,"2018","12","VA"
"55816","Locality: 740 PORTSMOUTH CITY",59425,"2018","12","VA"
"55847","Locality: 750 RADFORD CITY",9415,"2018","12","VA"
"55850","Locality: 760 RICHMOND CITY",141929,"2018","12","VA"
"55917","Locality: 770 ROANOKE CITY",56752,"2018","12","VA"
"55937","Locality: 775 SALEM CITY",16201,"2018","12","VA"
"55947","Locality: 790 STAUNTON CITY",15520,"2018","12","VA"
"55952","Locality: 800 SUFFOLK CITY",59104,"2018","12","VA"
"55979","Locality: 810 VIRGINIA BEACH CITY",283097,"2018","12","VA"
"56079","Locality: 820 WAYNESBORO CITY",12712,"2018","12","VA"
"56083","Locality: 830 WILLIAMSBURG CITY",9471,"2018","12","VA"
"56085","Locality: 840 WINCHESTER CITY",15373,"2018","12","VA"
"56091","Locality: 001 ACCOMACK COUNTY",22297,"2019","01","VA"
"56107","Locality: 003 ALBEMARLE COUNTY",74217,"2019","01","VA"
"56137","Locality: 005 ALLEGHANY COUNTY",10032,"2019","01","VA"
"56149","Locality: 007 AMELIA COUNTY",9084,"2019","01","VA"
"56154","Locality: 009 AMHERST COUNTY",20383,"2019","01","VA"
"56165","Locality: 011 APPOMATTOX COUNTY",10562,"2019","01","VA"
"56174","Locality: 013 ARLINGTON COUNTY",152854,"2019","01","VA"
"56228","Locality: 015 AUGUSTA COUNTY",47423,"2019","01","VA"
"56253","Locality: 017 BATH COUNTY",3063,"2019","01","VA"
"56260","Locality: 019 BEDFORD COUNTY",54937,"2019","01","VA"
"56292","Locality: 021 BLAND COUNTY",4252,"2019","01","VA"
"56299","Locality: 023 BOTETOURT COUNTY",23439,"2019","01","VA"
"56309","Locality: 025 BRUNSWICK COUNTY",10277,"2019","01","VA"
"56322","Locality: 027 BUCHANAN COUNTY",14403,"2019","01","VA"
"56339","Locality: 029 BUCKINGHAM COUNTY",9984,"2019","01","VA"
"56349","Locality: 031 CAMPBELL COUNTY",36226,"2019","01","VA"
"56365","Locality: 033 CAROLINE COUNTY",19380,"2019","01","VA"
"56377","Locality: 035 CARROLL COUNTY",18648,"2019","01","VA"
"56394","Locality: 036 CHARLES CITY COUNTY",5359,"2019","01","VA"
"56397","Locality: 037 CHARLOTTE COUNTY",7790,"2019","01","VA"
"56404","Locality: 041 CHESTERFIELD COUNTY",232501,"2019","01","VA"
"56479","Locality: 043 CLARKE COUNTY",10552,"2019","01","VA"
"56486","Locality: 045 CRAIG COUNTY",3667,"2019","01","VA"
"56494","Locality: 047 CULPEPER COUNTY",30997,"2019","01","VA"
"56509","Locality: 049 CUMBERLAND COUNTY",6643,"2019","01","VA"
"56514","Locality: 051 DICKENSON COUNTY",9595,"2019","01","VA"
"56524","Locality: 053 DINWIDDIE COUNTY",18323,"2019","01","VA"
"56537","Locality: 057 ESSEX COUNTY",7036,"2019","01","VA"
"56541","Locality: 059 FAIRFAX COUNTY",711386,"2019","01","VA"
"56784","Locality: 061 FAUQUIER COUNTY",48857,"2019","01","VA"
"56804","Locality: 063 FLOYD COUNTY",10576,"2019","01","VA"
"56809","Locality: 065 FLUVANNA COUNTY",17902,"2019","01","VA"
"56814","Locality: 067 FRANKLIN COUNTY",35036,"2019","01","VA"
"56837","Locality: 069 FREDERICK COUNTY",56071,"2019","01","VA"
"56858","Locality: 071 GILES COUNTY",10861,"2019","01","VA"
"56867","Locality: 073 GLOUCESTER COUNTY",26565,"2019","01","VA"
"56878","Locality: 075 GOOCHLAND COUNTY",17849,"2019","01","VA"
"56888","Locality: 077 GRAYSON COUNTY",9875,"2019","01","VA"
"56903","Locality: 079 GREENE COUNTY",12350,"2019","01","VA"
"56908","Locality: 081 GREENSVILLE COUNTY",6072,"2019","01","VA"
"56917","Locality: 083 HALIFAX COUNTY",22763,"2019","01","VA"
"56937","Locality: 085 HANOVER COUNTY",77025,"2019","01","VA"
"56973","Locality: 087 HENRICO COUNTY",214531,"2019","01","VA"
"57063","Locality: 089 HENRY COUNTY",33456,"2019","01","VA"
"57087","Locality: 091 HIGHLAND COUNTY",1743,"2019","01","VA"
"57093","Locality: 093 ISLE OF WIGHT COUNTY",27212,"2019","01","VA"
"57107","Locality: 095 JAMES CITY COUNTY",55298,"2019","01","VA"
"57126","Locality: 097 KING & QUEEN COUNTY",4886,"2019","01","VA"
"57131","Locality: 099 KING GEORGE COUNTY",16226,"2019","01","VA"
"57136","Locality: 101 KING WILLIAM COUNTY",11935,"2019","01","VA"
"57142","Locality: 103 LANCASTER COUNTY",8384,"2019","01","VA"
"57148","Locality: 105 LEE COUNTY",14007,"2019","01","VA"
"57164","Locality: 107 LOUDOUN COUNTY",244695,"2019","01","VA"
"57262","Locality: 109 LOUISA COUNTY",24159,"2019","01","VA"
"57277","Locality: 111 LUNENBURG COUNTY",7541,"2019","01","VA"
"57288","Locality: 113 MADISON COUNTY",9040,"2019","01","VA"
"57297","Locality: 115 MATHEWS COUNTY",6787,"2019","01","VA"
"57300","Locality: 117 MECKLENBURG COUNTY",20577,"2019","01","VA"
"57323","Locality: 119 MIDDLESEX COUNTY",7770,"2019","01","VA"
"57329","Locality: 121 MONTGOMERY COUNTY",56929,"2019","01","VA"
"57353","Locality: 125 NELSON COUNTY",10776,"2019","01","VA"
"57362","Locality: 127 NEW KENT COUNTY",15596,"2019","01","VA"
"57372","Locality: 131 NORTHAMPTON COUNTY",8707,"2019","01","VA"
"57377","Locality: 133 NORTHUMBERLAND COUNTY",9231,"2019","01","VA"
"57383","Locality: 135 NOTTOWAY COUNTY",8745,"2019","01","VA"
"57392","Locality: 137 ORANGE COUNTY",23762,"2019","01","VA"
"57402","Locality: 139 PAGE COUNTY",15117,"2019","01","VA"
"57408","Locality: 141 PATRICK COUNTY",11520,"2019","01","VA"
"57421","Locality: 143 PITTSYLVANIA COUNTY",41420,"2019","01","VA"
"57450","Locality: 145 POWHATAN COUNTY",20980,"2019","01","VA"
"57462","Locality: 147 PRINCE EDWARD COUNTY",12424,"2019","01","VA"
"57472","Locality: 149 PRINCE GEORGE COUNTY",21582,"2019","01","VA"
"57482","Locality: 153 PRINCE WILLIAM COUNTY",268536,"2019","01","VA"
"57573","Locality: 155 PULASKI COUNTY",21233,"2019","01","VA"
"57585","Locality: 157 RAPPAHANNOCK COUNTY",5655,"2019","01","VA"
"57591","Locality: 159 RICHMOND COUNTY",4988,"2019","01","VA"
"57596","Locality: 161 ROANOKE COUNTY",66130,"2019","01","VA"
"57628","Locality: 163 ROCKBRIDGE COUNTY",14107,"2019","01","VA"
"57645","Locality: 165 ROCKINGHAM COUNTY",48907,"2019","01","VA"
"57676","Locality: 167 RUSSELL COUNTY",17691,"2019","01","VA"
"57691","Locality: 169 SCOTT COUNTY",14336,"2019","01","VA"
"57708","Locality: 171 SHENANDOAH COUNTY",27644,"2019","01","VA"
"57720","Locality: 173 SMYTH COUNTY",18015,"2019","01","VA"
"57734","Locality: 175 SOUTHAMPTON COUNTY",11850,"2019","01","VA"
"57747","Locality: 177 SPOTSYLVANIA COUNTY",86402,"2019","01","VA"
"57773","Locality: 179 STAFFORD COUNTY",90709,"2019","01","VA"
"57800","Locality: 181 SURRY COUNTY",5310,"2019","01","VA"
"57807","Locality: 183 SUSSEX COUNTY",6665,"2019","01","VA"
"57818","Locality: 185 TAZEWELL COUNTY",25130,"2019","01","VA"
"57838","Locality: 187 WARREN COUNTY",25260,"2019","01","VA"
"57849","Locality: 191 WASHINGTON COUNTY",34984,"2019","01","VA"
"57868","Locality: 193 WESTMORELAND COUNTY",11934,"2019","01","VA"
"57876","Locality: 195 WISE COUNTY",21988,"2019","01","VA"
"57888","Locality: 197 WYTHE COUNTY",18341,"2019","01","VA"
"57899","Locality: 199 YORK COUNTY",43259,"2019","01","VA"
"57912","Locality: 510 ALEXANDRIA CITY",95906,"2019","01","VA"
"57940","Locality: 520 BRISTOL CITY",10299,"2019","01","VA"
"57944","Locality: 530 BUENA VISTA CITY",3648,"2019","01","VA"
"57946","Locality: 540 CHARLOTTESVILLE CITY",30719,"2019","01","VA"
"57955","Locality: 550 CHESAPEAKE CITY",149982,"2019","01","VA"
"58018","Locality: 570 COLONIAL HEIGHTS CITY",11570,"2019","01","VA"
"58023","Locality: 580 COVINGTON CITY",3470,"2019","01","VA"
"58028","Locality: 590 DANVILLE CITY",26201,"2019","01","VA"
"58044","Locality: 595 EMPORIA CITY",3499,"2019","01","VA"
"58051","Locality: 600 FAIRFAX CITY",15705,"2019","01","VA"
"58057","Locality: 610 FALLS CHURCH CITY",9836,"2019","01","VA"
"58060","Locality: 620 FRANKLIN CITY",5330,"2019","01","VA"
"58066","Locality: 630 FREDERICKSBURG CITY",16201,"2019","01","VA"
"58071","Locality: 640 GALAX CITY",3475,"2019","01","VA"
"58074","Locality: 650 HAMPTON CITY",87357,"2019","01","VA"
"58104","Locality: 660 HARRISONBURG CITY",23377,"2019","01","VA"
"58112","Locality: 670 HOPEWELL CITY",13576,"2019","01","VA"
"58119","Locality: 678 LEXINGTON CITY",3627,"2019","01","VA"
"58120","Locality: 680 LYNCHBURG CITY",48902,"2019","01","VA"
"58138","Locality: 683 MANASSAS CITY",20359,"2019","01","VA"
"58144","Locality: 685 MANASSAS PARK CITY",7550,"2019","01","VA"
"58147","Locality: 690 MARTINSVILLE CITY",8117,"2019","01","VA"
"58153","Locality: 700 NEWPORT NEWS CITY",108509,"2019","01","VA"
"58198","Locality: 710 NORFOLK CITY",118531,"2019","01","VA"
"58246","Locality: 720 NORTON CITY",2192,"2019","01","VA"
"58247","Locality: 730 PETERSBURG CITY",20427,"2019","01","VA"
"58254","Locality: 735 POQUOSON CITY",8698,"2019","01","VA"
"58257","Locality: 740 PORTSMOUTH CITY",59700,"2019","01","VA"
"58288","Locality: 750 RADFORD CITY",9372,"2019","01","VA"
"58291","Locality: 760 RICHMOND CITY",143021,"2019","01","VA"
"58358","Locality: 770 ROANOKE CITY",56930,"2019","01","VA"
"58378","Locality: 775 SALEM CITY",16220,"2019","01","VA"
"58388","Locality: 790 STAUNTON CITY",15523,"2019","01","VA"
"58393","Locality: 800 SUFFOLK CITY",59305,"2019","01","VA"
"58420","Locality: 810 VIRGINIA BEACH CITY",283399,"2019","01","VA"
"58520","Locality: 820 WAYNESBORO CITY",12760,"2019","01","VA"
"58524","Locality: 830 WILLIAMSBURG CITY",9438,"2019","01","VA"
"58526","Locality: 840 WINCHESTER CITY",15364,"2019","01","VA"
"58532","Locality: 001 ACCOMACK COUNTY",22327,"2019","02","VA"
"58548","Locality: 003 ALBEMARLE COUNTY",74086,"2019","02","VA"
"58578","Locality: 005 ALLEGHANY COUNTY",10048,"2019","02","VA"
"58590","Locality: 007 AMELIA COUNTY",9091,"2019","02","VA"
"58595","Locality: 009 AMHERST COUNTY",20409,"2019","02","VA"
"58606","Locality: 011 APPOMATTOX COUNTY",10607,"2019","02","VA"
"58615","Locality: 013 ARLINGTON COUNTY",153281,"2019","02","VA"
"58669","Locality: 015 AUGUSTA COUNTY",47482,"2019","02","VA"
"58694","Locality: 017 BATH COUNTY",3074,"2019","02","VA"
"58701","Locality: 019 BEDFORD COUNTY",55029,"2019","02","VA"
"58733","Locality: 021 BLAND COUNTY",4254,"2019","02","VA"
"58740","Locality: 023 BOTETOURT COUNTY",23544,"2019","02","VA"
"58750","Locality: 025 BRUNSWICK COUNTY",10276,"2019","02","VA"
"58763","Locality: 027 BUCHANAN COUNTY",14429,"2019","02","VA"
"58780","Locality: 029 BUCKINGHAM COUNTY",9969,"2019","02","VA"
"58790","Locality: 031 CAMPBELL COUNTY",36335,"2019","02","VA"
"58806","Locality: 033 CAROLINE COUNTY",19447,"2019","02","VA"
"58818","Locality: 035 CARROLL COUNTY",18692,"2019","02","VA"
"58835","Locality: 036 CHARLES CITY COUNTY",5361,"2019","02","VA"
"58838","Locality: 037 CHARLOTTE COUNTY",7859,"2019","02","VA"
"58845","Locality: 041 CHESTERFIELD COUNTY",233029,"2019","02","VA"
"58920","Locality: 043 CLARKE COUNTY",10582,"2019","02","VA"
"58927","Locality: 045 CRAIG COUNTY",3668,"2019","02","VA"
"58935","Locality: 047 CULPEPER COUNTY",31093,"2019","02","VA"
"58950","Locality: 049 CUMBERLAND COUNTY",6648,"2019","02","VA"
"58955","Locality: 051 DICKENSON COUNTY",9616,"2019","02","VA"
"58965","Locality: 053 DINWIDDIE COUNTY",18376,"2019","02","VA"
"58978","Locality: 057 ESSEX COUNTY",7064,"2019","02","VA"
"58982","Locality: 059 FAIRFAX COUNTY",713145,"2019","02","VA"
"59225","Locality: 061 FAUQUIER COUNTY",49127,"2019","02","VA"
"59245","Locality: 063 FLOYD COUNTY",10619,"2019","02","VA"
"59250","Locality: 065 FLUVANNA COUNTY",17948,"2019","02","VA"
"59255","Locality: 067 FRANKLIN COUNTY",35038,"2019","02","VA"
"59278","Locality: 069 FREDERICK COUNTY",56476,"2019","02","VA"
"59299","Locality: 071 GILES COUNTY",10891,"2019","02","VA"
"59308","Locality: 073 GLOUCESTER COUNTY",26600,"2019","02","VA"
"59319","Locality: 075 GOOCHLAND COUNTY",17919,"2019","02","VA"
"59329","Locality: 077 GRAYSON COUNTY",9897,"2019","02","VA"
"59344","Locality: 079 GREENE COUNTY",12406,"2019","02","VA"
"59349","Locality: 081 GREENSVILLE COUNTY",6079,"2019","02","VA"
"59358","Locality: 083 HALIFAX COUNTY",22812,"2019","02","VA"
"59378","Locality: 085 HANOVER COUNTY",77270,"2019","02","VA"
"59414","Locality: 087 HENRICO COUNTY",215047,"2019","02","VA"
"59504","Locality: 089 HENRY COUNTY",33613,"2019","02","VA"
"59528","Locality: 091 HIGHLAND COUNTY",1747,"2019","02","VA"
"59534","Locality: 093 ISLE OF WIGHT COUNTY",27312,"2019","02","VA"
"59548","Locality: 095 JAMES CITY COUNTY",55436,"2019","02","VA"
"59567","Locality: 097 KING & QUEEN COUNTY",4885,"2019","02","VA"
"59572","Locality: 099 KING GEORGE COUNTY",16266,"2019","02","VA"
"59577","Locality: 101 KING WILLIAM COUNTY",11961,"2019","02","VA"
"59583","Locality: 103 LANCASTER COUNTY",8382,"2019","02","VA"
"59589","Locality: 105 LEE COUNTY",14063,"2019","02","VA"
"59605","Locality: 107 LOUDOUN COUNTY",245672,"2019","02","VA"
"59703","Locality: 109 LOUISA COUNTY",24258,"2019","02","VA"
"59718","Locality: 111 LUNENBURG COUNTY",7555,"2019","02","VA"
"59729","Locality: 113 MADISON COUNTY",9053,"2019","02","VA"
"59738","Locality: 115 MATHEWS COUNTY",6786,"2019","02","VA"
"59741","Locality: 117 MECKLENBURG COUNTY",20630,"2019","02","VA"
"59764","Locality: 119 MIDDLESEX COUNTY",7786,"2019","02","VA"
"59770","Locality: 121 MONTGOMERY COUNTY",56967,"2019","02","VA"
"59794","Locality: 125 NELSON COUNTY",10776,"2019","02","VA"
"59803","Locality: 127 NEW KENT COUNTY",15697,"2019","02","VA"
"59813","Locality: 131 NORTHAMPTON COUNTY",8739,"2019","02","VA"
"59818","Locality: 133 NORTHUMBERLAND COUNTY",9251,"2019","02","VA"
"59824","Locality: 135 NOTTOWAY COUNTY",8752,"2019","02","VA"
"59833","Locality: 137 ORANGE COUNTY",23808,"2019","02","VA"
"59843","Locality: 139 PAGE COUNTY",15140,"2019","02","VA"
"59849","Locality: 141 PATRICK COUNTY",11536,"2019","02","VA"
"59862","Locality: 143 PITTSYLVANIA COUNTY",41440,"2019","02","VA"
"59891","Locality: 145 POWHATAN COUNTY",21053,"2019","02","VA"
"59903","Locality: 147 PRINCE EDWARD COUNTY",12422,"2019","02","VA"
"59913","Locality: 149 PRINCE GEORGE COUNTY",21661,"2019","02","VA"
"59923","Locality: 153 PRINCE WILLIAM COUNTY",269533,"2019","02","VA"
"60014","Locality: 155 PULASKI COUNTY",21257,"2019","02","VA"
"60026","Locality: 157 RAPPAHANNOCK COUNTY",5651,"2019","02","VA"
"60032","Locality: 159 RICHMOND COUNTY",4994,"2019","02","VA"
"60037","Locality: 161 ROANOKE COUNTY",66313,"2019","02","VA"
"60069","Locality: 163 ROCKBRIDGE COUNTY",14138,"2019","02","VA"
"60086","Locality: 165 ROCKINGHAM COUNTY",48996,"2019","02","VA"
"60117","Locality: 167 RUSSELL COUNTY",17732,"2019","02","VA"
"60132","Locality: 169 SCOTT COUNTY",14344,"2019","02","VA"
"60149","Locality: 171 SHENANDOAH COUNTY",27700,"2019","02","VA"
"60161","Locality: 173 SMYTH COUNTY",18129,"2019","02","VA"
"60175","Locality: 175 SOUTHAMPTON COUNTY",11853,"2019","02","VA"
"60188","Locality: 177 SPOTSYLVANIA COUNTY",86788,"2019","02","VA"
"60214","Locality: 179 STAFFORD COUNTY",91047,"2019","02","VA"
"60241","Locality: 181 SURRY COUNTY",5314,"2019","02","VA"
"60248","Locality: 183 SUSSEX COUNTY",6656,"2019","02","VA"
"60259","Locality: 185 TAZEWELL COUNTY",25179,"2019","02","VA"
"60279","Locality: 187 WARREN COUNTY",25341,"2019","02","VA"
"60290","Locality: 191 WASHINGTON COUNTY",35096,"2019","02","VA"
"60309","Locality: 193 WESTMORELAND COUNTY",11950,"2019","02","VA"
"60317","Locality: 195 WISE COUNTY",22029,"2019","02","VA"
"60329","Locality: 197 WYTHE COUNTY",18393,"2019","02","VA"
"60340","Locality: 199 YORK COUNTY",43362,"2019","02","VA"
"60353","Locality: 510 ALEXANDRIA CITY",96350,"2019","02","VA"
"60381","Locality: 520 BRISTOL CITY",10338,"2019","02","VA"
"60385","Locality: 530 BUENA VISTA CITY",3661,"2019","02","VA"
"60387","Locality: 540 CHARLOTTESVILLE CITY",30744,"2019","02","VA"
"60396","Locality: 550 CHESAPEAKE CITY",150797,"2019","02","VA"
"60459","Locality: 570 COLONIAL HEIGHTS CITY",11602,"2019","02","VA"
"60464","Locality: 580 COVINGTON CITY",3481,"2019","02","VA"
"60469","Locality: 590 DANVILLE CITY",26259,"2019","02","VA"
"60485","Locality: 595 EMPORIA CITY",3503,"2019","02","VA"
"60492","Locality: 600 FAIRFAX CITY",15750,"2019","02","VA"
"60498","Locality: 610 FALLS CHURCH CITY",9843,"2019","02","VA"
"60501","Locality: 620 FRANKLIN CITY",5335,"2019","02","VA"
"60507","Locality: 630 FREDERICKSBURG CITY",16242,"2019","02","VA"
"60512","Locality: 640 GALAX CITY",3490,"2019","02","VA"
"60515","Locality: 650 HAMPTON CITY",87955,"2019","02","VA"
"60545","Locality: 660 HARRISONBURG CITY",23348,"2019","02","VA"
"60553","Locality: 670 HOPEWELL CITY",13650,"2019","02","VA"
"60560","Locality: 678 LEXINGTON CITY",3629,"2019","02","VA"
"60561","Locality: 680 LYNCHBURG CITY",49020,"2019","02","VA"
"60579","Locality: 683 MANASSAS CITY",20381,"2019","02","VA"
"60585","Locality: 685 MANASSAS PARK CITY",7587,"2019","02","VA"
"60588","Locality: 690 MARTINSVILLE CITY",8136,"2019","02","VA"
"60594","Locality: 700 NEWPORT NEWS CITY",108838,"2019","02","VA"
"60639","Locality: 710 NORFOLK CITY",119049,"2019","02","VA"
"60687","Locality: 720 NORTON CITY",2200,"2019","02","VA"
"60688","Locality: 730 PETERSBURG CITY",20551,"2019","02","VA"
"60695","Locality: 735 POQUOSON CITY",8716,"2019","02","VA"
"60698","Locality: 740 PORTSMOUTH CITY",59927,"2019","02","VA"
"60729","Locality: 750 RADFORD CITY",9308,"2019","02","VA"
"60732","Locality: 760 RICHMOND CITY",143259,"2019","02","VA"
"60799","Locality: 770 ROANOKE CITY",57048,"2019","02","VA"
"60819","Locality: 775 SALEM CITY",16219,"2019","02","VA"
"60829","Locality: 790 STAUNTON CITY",15633,"2019","02","VA"
"60834","Locality: 800 SUFFOLK CITY",59522,"2019","02","VA"
"60861","Locality: 810 VIRGINIA BEACH CITY",284356,"2019","02","VA"
"60961","Locality: 820 WAYNESBORO CITY",12768,"2019","02","VA"
"60965","Locality: 830 WILLIAMSBURG CITY",9425,"2019","02","VA"
"60967","Locality: 840 WINCHESTER CITY",15438,"2019","02","VA"
"60973","Locality: 001 ACCOMACK COUNTY",22519,"2019","03","VA"
"60989","Locality: 003 ALBEMARLE COUNTY",74283,"2019","03","VA"
"61019","Locality: 005 ALLEGHANY COUNTY",10057,"2019","03","VA"
"61031","Locality: 007 AMELIA COUNTY",9108,"2019","03","VA"
"61036","Locality: 009 AMHERST COUNTY",20431,"2019","03","VA"
"61047","Locality: 011 APPOMATTOX COUNTY",10626,"2019","03","VA"
"61056","Locality: 013 ARLINGTON COUNTY",153769,"2019","03","VA"
"61110","Locality: 015 AUGUSTA COUNTY",47571,"2019","03","VA"
"61135","Locality: 017 BATH COUNTY",3080,"2019","03","VA"
"61142","Locality: 019 BEDFORD COUNTY",55135,"2019","03","VA"
"61174","Locality: 021 BLAND COUNTY",4268,"2019","03","VA"
"61181","Locality: 023 BOTETOURT COUNTY",23583,"2019","03","VA"
"61191","Locality: 025 BRUNSWICK COUNTY",10286,"2019","03","VA"
"61204","Locality: 027 BUCHANAN COUNTY",14393,"2019","03","VA"
"61221","Locality: 029 BUCKINGHAM COUNTY",9977,"2019","03","VA"
"61231","Locality: 031 CAMPBELL COUNTY",36410,"2019","03","VA"
"61247","Locality: 033 CAROLINE COUNTY",19501,"2019","03","VA"
"61259","Locality: 035 CARROLL COUNTY",18717,"2019","03","VA"
"61276","Locality: 036 CHARLES CITY COUNTY",5362,"2019","03","VA"
"61279","Locality: 037 CHARLOTTE COUNTY",7856,"2019","03","VA"
"61286","Locality: 041 CHESTERFIELD COUNTY",233609,"2019","03","VA"
"61366","Locality: 043 CLARKE COUNTY",10615,"2019","03","VA"
"61373","Locality: 045 CRAIG COUNTY",3684,"2019","03","VA"
"61381","Locality: 047 CULPEPER COUNTY",31173,"2019","03","VA"
"61396","Locality: 049 CUMBERLAND COUNTY",6669,"2019","03","VA"
"61401","Locality: 051 DICKENSON COUNTY",9631,"2019","03","VA"
"61411","Locality: 053 DINWIDDIE COUNTY",18386,"2019","03","VA"
"61424","Locality: 057 ESSEX COUNTY",7078,"2019","03","VA"
"61428","Locality: 059 FAIRFAX COUNTY",714345,"2019","03","VA"
"61671","Locality: 061 FAUQUIER COUNTY",49205,"2019","03","VA"
"61691","Locality: 063 FLOYD COUNTY",10619,"2019","03","VA"
"61696","Locality: 065 FLUVANNA COUNTY",17982,"2019","03","VA"
"61701","Locality: 067 FRANKLIN COUNTY",35074,"2019","03","VA"
"61724","Locality: 069 FREDERICK COUNTY",56627,"2019","03","VA"
"61745","Locality: 071 GILES COUNTY",10889,"2019","03","VA"
"61754","Locality: 073 GLOUCESTER COUNTY",26646,"2019","03","VA"
"61765","Locality: 075 GOOCHLAND COUNTY",17964,"2019","03","VA"
"61775","Locality: 077 GRAYSON COUNTY",9915,"2019","03","VA"
"61790","Locality: 079 GREENE COUNTY",12441,"2019","03","VA"
"61795","Locality: 081 GREENSVILLE COUNTY",6086,"2019","03","VA"
"61804","Locality: 083 HALIFAX COUNTY",22840,"2019","03","VA"
"61824","Locality: 085 HANOVER COUNTY",77537,"2019","03","VA"
"61860","Locality: 087 HENRICO COUNTY",215321,"2019","03","VA"
"61951","Locality: 089 HENRY COUNTY",33633,"2019","03","VA"
"61975","Locality: 091 HIGHLAND COUNTY",1746,"2019","03","VA"
"61981","Locality: 093 ISLE OF WIGHT COUNTY",27388,"2019","03","VA"
"61995","Locality: 095 JAMES CITY COUNTY",55456,"2019","03","VA"
"62014","Locality: 097 KING & QUEEN COUNTY",4881,"2019","03","VA"
"62019","Locality: 099 KING GEORGE COUNTY",16305,"2019","03","VA"
"62024","Locality: 101 KING WILLIAM COUNTY",11961,"2019","03","VA"
"62030","Locality: 103 LANCASTER COUNTY",8375,"2019","03","VA"
"62036","Locality: 105 LEE COUNTY",14078,"2019","03","VA"
"62052","Locality: 107 LOUDOUN COUNTY",247150,"2019","03","VA"
"62150","Locality: 109 LOUISA COUNTY",24301,"2019","03","VA"
"62165","Locality: 111 LUNENBURG COUNTY",7566,"2019","03","VA"
"62176","Locality: 113 MADISON COUNTY",9072,"2019","03","VA"
"62185","Locality: 115 MATHEWS COUNTY",6774,"2019","03","VA"
"62188","Locality: 117 MECKLENBURG COUNTY",20682,"2019","03","VA"
"62211","Locality: 119 MIDDLESEX COUNTY",7781,"2019","03","VA"
"62217","Locality: 121 MONTGOMERY COUNTY",56970,"2019","03","VA"
"62241","Locality: 125 NELSON COUNTY",10783,"2019","03","VA"
"62250","Locality: 127 NEW KENT COUNTY",15782,"2019","03","VA"
"62260","Locality: 131 NORTHAMPTON COUNTY",8824,"2019","03","VA"
"62265","Locality: 133 NORTHUMBERLAND COUNTY",9274,"2019","03","VA"
"62271","Locality: 135 NOTTOWAY COUNTY",8778,"2019","03","VA"
"62280","Locality: 137 ORANGE COUNTY",23871,"2019","03","VA"
"62290","Locality: 139 PAGE COUNTY",15161,"2019","03","VA"
"62296","Locality: 141 PATRICK COUNTY",11554,"2019","03","VA"
"62309","Locality: 143 PITTSYLVANIA COUNTY",41498,"2019","03","VA"
"62338","Locality: 145 POWHATAN COUNTY",21068,"2019","03","VA"
"62350","Locality: 147 PRINCE EDWARD COUNTY",12452,"2019","03","VA"
"62360","Locality: 149 PRINCE GEORGE COUNTY",21718,"2019","03","VA"
"62370","Locality: 153 PRINCE WILLIAM COUNTY",270480,"2019","03","VA"
"62461","Locality: 155 PULASKI COUNTY",21285,"2019","03","VA"
"62473","Locality: 157 RAPPAHANNOCK COUNTY",5662,"2019","03","VA"
"62479","Locality: 159 RICHMOND COUNTY",5001,"2019","03","VA"
"62484","Locality: 161 ROANOKE COUNTY",66396,"2019","03","VA"
"62516","Locality: 163 ROCKBRIDGE COUNTY",14140,"2019","03","VA"
"62533","Locality: 165 ROCKINGHAM COUNTY",49125,"2019","03","VA"
"62564","Locality: 167 RUSSELL COUNTY",17737,"2019","03","VA"
"62579","Locality: 169 SCOTT COUNTY",14357,"2019","03","VA"
"62596","Locality: 171 SHENANDOAH COUNTY",27783,"2019","03","VA"
"62608","Locality: 173 SMYTH COUNTY",18142,"2019","03","VA"
"62622","Locality: 175 SOUTHAMPTON COUNTY",11877,"2019","03","VA"
"62635","Locality: 177 SPOTSYLVANIA COUNTY",86997,"2019","03","VA"
"62661","Locality: 179 STAFFORD COUNTY",91341,"2019","03","VA"
"62688","Locality: 181 SURRY COUNTY",5314,"2019","03","VA"
"62695","Locality: 183 SUSSEX COUNTY",6662,"2019","03","VA"
"62706","Locality: 185 TAZEWELL COUNTY",25251,"2019","03","VA"
"62726","Locality: 187 WARREN COUNTY",25401,"2019","03","VA"
"62737","Locality: 191 WASHINGTON COUNTY",35130,"2019","03","VA"
"62756","Locality: 193 WESTMORELAND COUNTY",11967,"2019","03","VA"
"62764","Locality: 195 WISE COUNTY",22046,"2019","03","VA"
"62776","Locality: 197 WYTHE COUNTY",18406,"2019","03","VA"
"62787","Locality: 199 YORK COUNTY",43455,"2019","03","VA"
"62800","Locality: 510 ALEXANDRIA CITY",96646,"2019","03","VA"
"62828","Locality: 520 BRISTOL CITY",10349,"2019","03","VA"
"62832","Locality: 530 BUENA VISTA CITY",3656,"2019","03","VA"
"62834","Locality: 540 CHARLOTTESVILLE CITY",30736,"2019","03","VA"
"62843","Locality: 550 CHESAPEAKE CITY",151317,"2019","03","VA"
"62906","Locality: 570 COLONIAL HEIGHTS CITY",11639,"2019","03","VA"
"62911","Locality: 580 COVINGTON CITY",3499,"2019","03","VA"
"62916","Locality: 590 DANVILLE CITY",26290,"2019","03","VA"
"62932","Locality: 595 EMPORIA CITY",3509,"2019","03","VA"
"62939","Locality: 600 FAIRFAX CITY",15766,"2019","03","VA"
"62945","Locality: 610 FALLS CHURCH CITY",9871,"2019","03","VA"
"62948","Locality: 620 FRANKLIN CITY",5309,"2019","03","VA"
"62954","Locality: 630 FREDERICKSBURG CITY",16258,"2019","03","VA"
"62959","Locality: 640 GALAX CITY",3505,"2019","03","VA"
"62962","Locality: 650 HAMPTON CITY",88009,"2019","03","VA"
"62992","Locality: 660 HARRISONBURG CITY",23324,"2019","03","VA"
"63000","Locality: 670 HOPEWELL CITY",13659,"2019","03","VA"
"63007","Locality: 678 LEXINGTON CITY",3638,"2019","03","VA"
"63008","Locality: 680 LYNCHBURG CITY",49070,"2019","03","VA"
"63026","Locality: 683 MANASSAS CITY",20443,"2019","03","VA"
"63032","Locality: 685 MANASSAS PARK CITY",7600,"2019","03","VA"
"63035","Locality: 690 MARTINSVILLE CITY",8157,"2019","03","VA"
"63041","Locality: 700 NEWPORT NEWS CITY",109178,"2019","03","VA"
"63086","Locality: 710 NORFOLK CITY",119342,"2019","03","VA"
"63134","Locality: 720 NORTON CITY",2203,"2019","03","VA"
"63135","Locality: 730 PETERSBURG CITY",20583,"2019","03","VA"
"63142","Locality: 735 POQUOSON CITY",8727,"2019","03","VA"
"63145","Locality: 740 PORTSMOUTH CITY",59982,"2019","03","VA"
"63176","Locality: 750 RADFORD CITY",9288,"2019","03","VA"
"63179","Locality: 760 RICHMOND CITY",143516,"2019","03","VA"
"63248","Locality: 770 ROANOKE CITY",57227,"2019","03","VA"
"63268","Locality: 775 SALEM CITY",16231,"2019","03","VA"
"63278","Locality: 790 STAUNTON CITY",15670,"2019","03","VA"
"63283","Locality: 800 SUFFOLK CITY",59672,"2019","03","VA"
"63310","Locality: 810 VIRGINIA BEACH CITY",284993,"2019","03","VA"
"63410","Locality: 820 WAYNESBORO CITY",12817,"2019","03","VA"
"63414","Locality: 830 WILLIAMSBURG CITY",9437,"2019","03","VA"
"63416","Locality: 840 WINCHESTER CITY",15495,"2019","03","VA"
"63422","Locality: 001 ACCOMACK COUNTY",22566,"2019","04","VA"
"63438","Locality: 003 ALBEMARLE COUNTY",74420,"2019","04","VA"
"63468","Locality: 005 ALLEGHANY COUNTY",10083,"2019","04","VA"
"63480","Locality: 007 AMELIA COUNTY",9113,"2019","04","VA"
"63485","Locality: 009 AMHERST COUNTY",20454,"2019","04","VA"
"63496","Locality: 011 APPOMATTOX COUNTY",10644,"2019","04","VA"
"63505","Locality: 013 ARLINGTON COUNTY",154391,"2019","04","VA"
"63559","Locality: 015 AUGUSTA COUNTY",47632,"2019","04","VA"
"63584","Locality: 017 BATH COUNTY",3085,"2019","04","VA"
"63591","Locality: 019 BEDFORD COUNTY",55265,"2019","04","VA"
"63623","Locality: 021 BLAND COUNTY",4286,"2019","04","VA"
"63630","Locality: 023 BOTETOURT COUNTY",23694,"2019","04","VA"
"63640","Locality: 025 BRUNSWICK COUNTY",10313,"2019","04","VA"
"63653","Locality: 027 BUCHANAN COUNTY",14420,"2019","04","VA"
"63670","Locality: 029 BUCKINGHAM COUNTY",10005,"2019","04","VA"
"63680","Locality: 031 CAMPBELL COUNTY",36483,"2019","04","VA"
"63696","Locality: 033 CAROLINE COUNTY",19539,"2019","04","VA"
"63708","Locality: 035 CARROLL COUNTY",18766,"2019","04","VA"
"63725","Locality: 036 CHARLES CITY COUNTY",5359,"2019","04","VA"
"63728","Locality: 037 CHARLOTTE COUNTY",7859,"2019","04","VA"
"63735","Locality: 041 CHESTERFIELD COUNTY",234500,"2019","04","VA"
"63815","Locality: 043 CLARKE COUNTY",10635,"2019","04","VA"
"63822","Locality: 045 CRAIG COUNTY",3698,"2019","04","VA"
"63830","Locality: 047 CULPEPER COUNTY",31296,"2019","04","VA"
"63845","Locality: 049 CUMBERLAND COUNTY",6696,"2019","04","VA"
"63850","Locality: 051 DICKENSON COUNTY",9636,"2019","04","VA"
"63860","Locality: 053 DINWIDDIE COUNTY",18440,"2019","04","VA"
"63873","Locality: 057 ESSEX COUNTY",7097,"2019","04","VA"
"63877","Locality: 059 FAIRFAX COUNTY",717149,"2019","04","VA"
"64120","Locality: 061 FAUQUIER COUNTY",49334,"2019","04","VA"
"64140","Locality: 063 FLOYD COUNTY",10630,"2019","04","VA"
"64145","Locality: 065 FLUVANNA COUNTY",18029,"2019","04","VA"
"64150","Locality: 067 FRANKLIN COUNTY",35181,"2019","04","VA"
"64173","Locality: 069 FREDERICK COUNTY",56833,"2019","04","VA"
"64194","Locality: 071 GILES COUNTY",10896,"2019","04","VA"
"64203","Locality: 073 GLOUCESTER COUNTY",26748,"2019","04","VA"
"64214","Locality: 075 GOOCHLAND COUNTY",18013,"2019","04","VA"
"64224","Locality: 077 GRAYSON COUNTY",9919,"2019","04","VA"
"64239","Locality: 079 GREENE COUNTY",12479,"2019","04","VA"
"64244","Locality: 081 GREENSVILLE COUNTY",6096,"2019","04","VA"
"64253","Locality: 083 HALIFAX COUNTY",22870,"2019","04","VA"
"64273","Locality: 085 HANOVER COUNTY",77629,"2019","04","VA"
"64309","Locality: 087 HENRICO COUNTY",216088,"2019","04","VA"
"64400","Locality: 089 HENRY COUNTY",33669,"2019","04","VA"
"64424","Locality: 091 HIGHLAND COUNTY",1751,"2019","04","VA"
"64430","Locality: 093 ISLE OF WIGHT COUNTY",27481,"2019","04","VA"
"64444","Locality: 095 JAMES CITY COUNTY",55716,"2019","04","VA"
"64463","Locality: 097 KING & QUEEN COUNTY",4891,"2019","04","VA"
"64468","Locality: 099 KING GEORGE COUNTY",16364,"2019","04","VA"
"64473","Locality: 101 KING WILLIAM COUNTY",12001,"2019","04","VA"
"64479","Locality: 103 LANCASTER COUNTY",8391,"2019","04","VA"
"64485","Locality: 105 LEE COUNTY",14106,"2019","04","VA"
"64501","Locality: 107 LOUDOUN COUNTY",249325,"2019","04","VA"
"64599","Locality: 109 LOUISA COUNTY",24358,"2019","04","VA"
"64614","Locality: 111 LUNENBURG COUNTY",7560,"2019","04","VA"
"64625","Locality: 113 MADISON COUNTY",9100,"2019","04","VA"
"64634","Locality: 115 MATHEWS COUNTY",6765,"2019","04","VA"
"64637","Locality: 117 MECKLENBURG COUNTY",20718,"2019","04","VA"
"64660","Locality: 119 MIDDLESEX COUNTY",7777,"2019","04","VA"
"64666","Locality: 121 MONTGOMERY COUNTY",56954,"2019","04","VA"
"64690","Locality: 125 NELSON COUNTY",10791,"2019","04","VA"
"64699","Locality: 127 NEW KENT COUNTY",15821,"2019","04","VA"
"64709","Locality: 131 NORTHAMPTON COUNTY",8811,"2019","04","VA"
"64714","Locality: 133 NORTHUMBERLAND COUNTY",9280,"2019","04","VA"
"64719","Locality: 135 NOTTOWAY COUNTY",8812,"2019","04","VA"
"64728","Locality: 137 ORANGE COUNTY",23925,"2019","04","VA"
"64738","Locality: 139 PAGE COUNTY",15222,"2019","04","VA"
"64744","Locality: 141 PATRICK COUNTY",11572,"2019","04","VA"
"64757","Locality: 143 PITTSYLVANIA COUNTY",41598,"2019","04","VA"
"64786","Locality: 145 POWHATAN COUNTY",21133,"2019","04","VA"
"64798","Locality: 147 PRINCE EDWARD COUNTY",12452,"2019","04","VA"
"64808","Locality: 149 PRINCE GEORGE COUNTY",21747,"2019","04","VA"
"64818","Locality: 153 PRINCE WILLIAM COUNTY",271778,"2019","04","VA"
"64909","Locality: 155 PULASKI COUNTY",21336,"2019","04","VA"
"64921","Locality: 157 RAPPAHANNOCK COUNTY",5663,"2019","04","VA"
"64927","Locality: 159 RICHMOND COUNTY",5015,"2019","04","VA"
"64932","Locality: 161 ROANOKE COUNTY",66485,"2019","04","VA"
"64964","Locality: 163 ROCKBRIDGE COUNTY",14176,"2019","04","VA"
"64981","Locality: 165 ROCKINGHAM COUNTY",49250,"2019","04","VA"
"65012","Locality: 167 RUSSELL COUNTY",17740,"2019","04","VA"
"65027","Locality: 169 SCOTT COUNTY",14373,"2019","04","VA"
"65044","Locality: 171 SHENANDOAH COUNTY",27883,"2019","04","VA"
"65056","Locality: 173 SMYTH COUNTY",18236,"2019","04","VA"
"65070","Locality: 175 SOUTHAMPTON COUNTY",11901,"2019","04","VA"
"65083","Locality: 177 SPOTSYLVANIA COUNTY",87509,"2019","04","VA"
"65109","Locality: 179 STAFFORD COUNTY",91633,"2019","04","VA"
"65136","Locality: 181 SURRY COUNTY",5310,"2019","04","VA"
"65143","Locality: 183 SUSSEX COUNTY",6642,"2019","04","VA"
"65154","Locality: 185 TAZEWELL COUNTY",25366,"2019","04","VA"
"65174","Locality: 187 WARREN COUNTY",25462,"2019","04","VA"
"65185","Locality: 191 WASHINGTON COUNTY",35187,"2019","04","VA"
"65204","Locality: 193 WESTMORELAND COUNTY",11984,"2019","04","VA"
"65212","Locality: 195 WISE COUNTY",22065,"2019","04","VA"
"65224","Locality: 197 WYTHE COUNTY",18456,"2019","04","VA"
"65235","Locality: 199 YORK COUNTY",43518,"2019","04","VA"
"65248","Locality: 510 ALEXANDRIA CITY",97385,"2019","04","VA"
"65276","Locality: 520 BRISTOL CITY",10394,"2019","04","VA"
"65280","Locality: 530 BUENA VISTA CITY",3664,"2019","04","VA"
"65282","Locality: 540 CHARLOTTESVILLE CITY",30735,"2019","04","VA"
"65291","Locality: 550 CHESAPEAKE CITY",151761,"2019","04","VA"
"65354","Locality: 570 COLONIAL HEIGHTS CITY",11669,"2019","04","VA"
"65359","Locality: 580 COVINGTON CITY",3495,"2019","04","VA"
"65364","Locality: 590 DANVILLE CITY",26336,"2019","04","VA"
"65380","Locality: 595 EMPORIA CITY",3513,"2019","04","VA"
"65387","Locality: 600 FAIRFAX CITY",15819,"2019","04","VA"
"65393","Locality: 610 FALLS CHURCH CITY",9913,"2019","04","VA"
"65396","Locality: 620 FRANKLIN CITY",5345,"2019","04","VA"
"65402","Locality: 630 FREDERICKSBURG CITY",16332,"2019","04","VA"
"65407","Locality: 640 GALAX CITY",3512,"2019","04","VA"
"65410","Locality: 650 HAMPTON CITY",87993,"2019","04","VA"
"65440","Locality: 660 HARRISONBURG CITY",23326,"2019","04","VA"
"65448","Locality: 670 HOPEWELL CITY",13779,"2019","04","VA"
"65455","Locality: 678 LEXINGTON CITY",3644,"2019","04","VA"
"65456","Locality: 680 LYNCHBURG CITY",49169,"2019","04","VA"
"65474","Locality: 683 MANASSAS CITY",20538,"2019","04","VA"
"65480","Locality: 685 MANASSAS PARK CITY",7673,"2019","04","VA"
"65483","Locality: 690 MARTINSVILLE CITY",8175,"2019","04","VA"
"65489","Locality: 700 NEWPORT NEWS CITY",109602,"2019","04","VA"
"65534","Locality: 710 NORFOLK CITY",119645,"2019","04","VA"
"65582","Locality: 720 NORTON CITY",2212,"2019","04","VA"
"65583","Locality: 730 PETERSBURG CITY",20654,"2019","04","VA"
"65590","Locality: 735 POQUOSON CITY",8753,"2019","04","VA"
"65593","Locality: 740 PORTSMOUTH CITY",60109,"2019","04","VA"
"65624","Locality: 750 RADFORD CITY",9274,"2019","04","VA"
"65627","Locality: 760 RICHMOND CITY",143826,"2019","04","VA"
"65696","Locality: 770 ROANOKE CITY",57424,"2019","04","VA"
"65716","Locality: 775 SALEM CITY",16273,"2019","04","VA"
"65726","Locality: 790 STAUNTON CITY",15688,"2019","04","VA"
"65731","Locality: 800 SUFFOLK CITY",59786,"2019","04","VA"
"65758","Locality: 810 VIRGINIA BEACH CITY",285860,"2019","04","VA"
"65858","Locality: 820 WAYNESBORO CITY",12850,"2019","04","VA"
"65862","Locality: 830 WILLIAMSBURG CITY",9449,"2019","04","VA"
"65864","Locality: 840 WINCHESTER CITY",15567,"2019","04","VA"
"65870","Locality: 001 ACCOMACK COUNTY",22599,"2019","05","VA"
"65886","Locality: 003 ALBEMARLE COUNTY",74647,"2019","05","VA"
"65916","Locality: 005 ALLEGHANY COUNTY",10100,"2019","05","VA"
"65928","Locality: 007 AMELIA COUNTY",9133,"2019","05","VA"
"65933","Locality: 009 AMHERST COUNTY",20478,"2019","05","VA"
"65944","Locality: 011 APPOMATTOX COUNTY",10680,"2019","05","VA"
"65953","Locality: 013 ARLINGTON COUNTY",155211,"2019","05","VA"
"66007","Locality: 015 AUGUSTA COUNTY",47777,"2019","05","VA"
"66032","Locality: 017 BATH COUNTY",3093,"2019","05","VA"
"66039","Locality: 019 BEDFORD COUNTY",55405,"2019","05","VA"
"66071","Locality: 021 BLAND COUNTY",4295,"2019","05","VA"
"66078","Locality: 023 BOTETOURT COUNTY",23779,"2019","05","VA"
"66088","Locality: 025 BRUNSWICK COUNTY",10365,"2019","05","VA"
"66101","Locality: 027 BUCHANAN COUNTY",14486,"2019","05","VA"
"66118","Locality: 029 BUCKINGHAM COUNTY",10013,"2019","05","VA"
"66128","Locality: 031 CAMPBELL COUNTY",36551,"2019","05","VA"
"66144","Locality: 033 CAROLINE COUNTY",19606,"2019","05","VA"
"66156","Locality: 035 CARROLL COUNTY",18889,"2019","05","VA"
"66173","Locality: 036 CHARLES CITY COUNTY",5353,"2019","05","VA"
"66176","Locality: 037 CHARLOTTE COUNTY",7826,"2019","05","VA"
"66183","Locality: 041 CHESTERFIELD COUNTY",235173,"2019","05","VA"
"66263","Locality: 043 CLARKE COUNTY",10655,"2019","05","VA"
"66270","Locality: 045 CRAIG COUNTY",3693,"2019","05","VA"
"66278","Locality: 047 CULPEPER COUNTY",31424,"2019","05","VA"
"66293","Locality: 049 CUMBERLAND COUNTY",6703,"2019","05","VA"
"66298","Locality: 051 DICKENSON COUNTY",9651,"2019","05","VA"
"66308","Locality: 053 DINWIDDIE COUNTY",18475,"2019","05","VA"
"66321","Locality: 057 ESSEX COUNTY",7108,"2019","05","VA"
"66325","Locality: 059 FAIRFAX COUNTY",718523,"2019","05","VA"
"66568","Locality: 061 FAUQUIER COUNTY",49448,"2019","05","VA"
"66588","Locality: 063 FLOYD COUNTY",10649,"2019","05","VA"
"66593","Locality: 065 FLUVANNA COUNTY",18023,"2019","05","VA"
"66598","Locality: 067 FRANKLIN COUNTY",35252,"2019","05","VA"
"66621","Locality: 069 FREDERICK COUNTY",57169,"2019","05","VA"
"66642","Locality: 071 GILES COUNTY",10904,"2019","05","VA"
"66651","Locality: 073 GLOUCESTER COUNTY",26813,"2019","05","VA"
"66662","Locality: 075 GOOCHLAND COUNTY",17937,"2019","05","VA"
"66672","Locality: 077 GRAYSON COUNTY",9936,"2019","05","VA"
"66687","Locality: 079 GREENE COUNTY",12580,"2019","05","VA"
"66692","Locality: 081 GREENSVILLE COUNTY",6125,"2019","05","VA"
"66701","Locality: 083 HALIFAX COUNTY",22888,"2019","05","VA"
"66721","Locality: 085 HANOVER COUNTY",77748,"2019","05","VA"
"66757","Locality: 087 HENRICO COUNTY",216863,"2019","05","VA"
"66848","Locality: 089 HENRY COUNTY",33823,"2019","05","VA"
"66872","Locality: 091 HIGHLAND COUNTY",1753,"2019","05","VA"
"66878","Locality: 093 ISLE OF WIGHT COUNTY",27483,"2019","05","VA"
"66892","Locality: 095 JAMES CITY COUNTY",55813,"2019","05","VA"
"66911","Locality: 097 KING & QUEEN COUNTY",4902,"2019","05","VA"
"66916","Locality: 099 KING GEORGE COUNTY",16417,"2019","05","VA"
"66921","Locality: 101 KING WILLIAM COUNTY",12040,"2019","05","VA"
"66927","Locality: 103 LANCASTER COUNTY",8415,"2019","05","VA"
"66933","Locality: 105 LEE COUNTY",14117,"2019","05","VA"
"66949","Locality: 107 LOUDOUN COUNTY",250834,"2019","05","VA"
"67047","Locality: 109 LOUISA COUNTY",24566,"2019","05","VA"
"67062","Locality: 111 LUNENBURG COUNTY",7585,"2019","05","VA"
"67073","Locality: 113 MADISON COUNTY",9123,"2019","05","VA"
"67082","Locality: 115 MATHEWS COUNTY",6797,"2019","05","VA"
"67085","Locality: 117 MECKLENBURG COUNTY",20799,"2019","05","VA"
"67108","Locality: 119 MIDDLESEX COUNTY",7801,"2019","05","VA"
"67114","Locality: 121 MONTGOMERY COUNTY",57001,"2019","05","VA"
"67138","Locality: 125 NELSON COUNTY",10811,"2019","05","VA"
"67147","Locality: 127 NEW KENT COUNTY",15860,"2019","05","VA"
"67157","Locality: 131 NORTHAMPTON COUNTY",8819,"2019","05","VA"
"67162","Locality: 133 NORTHUMBERLAND COUNTY",9292,"2019","05","VA"
"67167","Locality: 135 NOTTOWAY COUNTY",8824,"2019","05","VA"
"67176","Locality: 137 ORANGE COUNTY",23986,"2019","05","VA"
"67186","Locality: 139 PAGE COUNTY",15243,"2019","05","VA"
"67192","Locality: 141 PATRICK COUNTY",11600,"2019","05","VA"
"67205","Locality: 143 PITTSYLVANIA COUNTY",41645,"2019","05","VA"
"67234","Locality: 145 POWHATAN COUNTY",21185,"2019","05","VA"
"67246","Locality: 147 PRINCE EDWARD COUNTY",12458,"2019","05","VA"
"67256","Locality: 149 PRINCE GEORGE COUNTY",21859,"2019","05","VA"
"67266","Locality: 153 PRINCE WILLIAM COUNTY",273565,"2019","05","VA"
"67360","Locality: 155 PULASKI COUNTY",21375,"2019","05","VA"
"67372","Locality: 157 RAPPAHANNOCK COUNTY",5665,"2019","05","VA"
"67378","Locality: 159 RICHMOND COUNTY",5029,"2019","05","VA"
"67383","Locality: 161 ROANOKE COUNTY",66591,"2019","05","VA"
"67415","Locality: 163 ROCKBRIDGE COUNTY",14195,"2019","05","VA"
"67432","Locality: 165 ROCKINGHAM COUNTY",49456,"2019","05","VA"
"67463","Locality: 167 RUSSELL COUNTY",17739,"2019","05","VA"
"67478","Locality: 169 SCOTT COUNTY",14385,"2019","05","VA"
"67495","Locality: 171 SHENANDOAH COUNTY",27978,"2019","05","VA"
"67507","Locality: 173 SMYTH COUNTY",18249,"2019","05","VA"
"67521","Locality: 175 SOUTHAMPTON COUNTY",11936,"2019","05","VA"
"67534","Locality: 177 SPOTSYLVANIA COUNTY",87793,"2019","05","VA"
"67560","Locality: 179 STAFFORD COUNTY",92229,"2019","05","VA"
"67587","Locality: 181 SURRY COUNTY",5334,"2019","05","VA"
"67594","Locality: 183 SUSSEX COUNTY",6682,"2019","05","VA"
"67605","Locality: 185 TAZEWELL COUNTY",25430,"2019","05","VA"
"67625","Locality: 187 WARREN COUNTY",25577,"2019","05","VA"
"67636","Locality: 191 WASHINGTON COUNTY",35271,"2019","05","VA"
"67655","Locality: 193 WESTMORELAND COUNTY",12006,"2019","05","VA"
"67663","Locality: 195 WISE COUNTY",22097,"2019","05","VA"
"67675","Locality: 197 WYTHE COUNTY",18509,"2019","05","VA"
"67686","Locality: 199 YORK COUNTY",43635,"2019","05","VA"
"67699","Locality: 510 ALEXANDRIA CITY",98014,"2019","05","VA"
"67729","Locality: 520 BRISTOL CITY",10434,"2019","05","VA"
"67733","Locality: 530 BUENA VISTA CITY",3669,"2019","05","VA"
"67735","Locality: 540 CHARLOTTESVILLE CITY",30770,"2019","05","VA"
"67744","Locality: 550 CHESAPEAKE CITY",152319,"2019","05","VA"
"67807","Locality: 570 COLONIAL HEIGHTS CITY",11718,"2019","05","VA"
"67812","Locality: 580 COVINGTON CITY",3485,"2019","05","VA"
"67817","Locality: 590 DANVILLE CITY",26341,"2019","05","VA"
"67833","Locality: 595 EMPORIA CITY",3558,"2019","05","VA"
"67840","Locality: 600 FAIRFAX CITY",15887,"2019","05","VA"
"67846","Locality: 610 FALLS CHURCH CITY",10042,"2019","05","VA"
"67849","Locality: 620 FRANKLIN CITY",5339,"2019","05","VA"
"67855","Locality: 630 FREDERICKSBURG CITY",16368,"2019","05","VA"
"67860","Locality: 640 GALAX CITY",3532,"2019","05","VA"
"67863","Locality: 650 HAMPTON CITY",88456,"2019","05","VA"
"67893","Locality: 660 HARRISONBURG CITY",23372,"2019","05","VA"
"67901","Locality: 670 HOPEWELL CITY",13809,"2019","05","VA"
"67908","Locality: 678 LEXINGTON CITY",3649,"2019","05","VA"
"67909","Locality: 680 LYNCHBURG CITY",49263,"2019","05","VA"
"67927","Locality: 683 MANASSAS CITY",20589,"2019","05","VA"
"67933","Locality: 685 MANASSAS PARK CITY",7731,"2019","05","VA"
"67936","Locality: 690 MARTINSVILLE CITY",8185,"2019","05","VA"
"67942","Locality: 700 NEWPORT NEWS CITY",109892,"2019","05","VA"
"67987","Locality: 710 NORFOLK CITY",119887,"2019","05","VA"
"68035","Locality: 720 NORTON CITY",2218,"2019","05","VA"
"68036","Locality: 730 PETERSBURG CITY",20697,"2019","05","VA"
"68043","Locality: 735 POQUOSON CITY",8796,"2019","05","VA"
"68046","Locality: 740 PORTSMOUTH CITY",60235,"2019","05","VA"
"68077","Locality: 750 RADFORD CITY",9290,"2019","05","VA"
"68081","Locality: 760 RICHMOND CITY",143550,"2019","05","VA"
"68150","Locality: 770 ROANOKE CITY",57646,"2019","05","VA"
"68170","Locality: 775 SALEM CITY",16302,"2019","05","VA"
"68180","Locality: 790 STAUNTON CITY",15737,"2019","05","VA"
"68185","Locality: 800 SUFFOLK CITY",59971,"2019","05","VA"
"68212","Locality: 810 VIRGINIA BEACH CITY",286735,"2019","05","VA"
"68312","Locality: 820 WAYNESBORO CITY",12905,"2019","05","VA"
"68316","Locality: 830 WILLIAMSBURG CITY",9445,"2019","05","VA"
"68318","Locality: 840 WINCHESTER CITY",15579,"2019","05","VA"
"68324","Locality: 001 ACCOMACK COUNTY",22616,"2019","06","VA"
"68340","Locality: 003 ALBEMARLE COUNTY",74744,"2019","06","VA"
"68370","Locality: 005 ALLEGHANY COUNTY",10132,"2019","06","VA"
"68382","Locality: 007 AMELIA COUNTY",9154,"2019","06","VA"
"68387","Locality: 009 AMHERST COUNTY",20508,"2019","06","VA"
"68398","Locality: 011 APPOMATTOX COUNTY",10725,"2019","06","VA"
"68407","Locality: 013 ARLINGTON COUNTY",155752,"2019","06","VA"
"68461","Locality: 015 AUGUSTA COUNTY",47862,"2019","06","VA"
"68486","Locality: 017 BATH COUNTY",3098,"2019","06","VA"
"68493","Locality: 019 BEDFORD COUNTY",55496,"2019","06","VA"
"68525","Locality: 021 BLAND COUNTY",4298,"2019","06","VA"
"68532","Locality: 023 BOTETOURT COUNTY",23808,"2019","06","VA"
"68542","Locality: 025 BRUNSWICK COUNTY",10416,"2019","06","VA"
"68555","Locality: 027 BUCHANAN COUNTY",14534,"2019","06","VA"
"68572","Locality: 029 BUCKINGHAM COUNTY",10091,"2019","06","VA"
"68582","Locality: 031 CAMPBELL COUNTY",36553,"2019","06","VA"
"68598","Locality: 033 CAROLINE COUNTY",19658,"2019","06","VA"
"68610","Locality: 035 CARROLL COUNTY",18944,"2019","06","VA"
"68627","Locality: 036 CHARLES CITY COUNTY",5371,"2019","06","VA"
"68630","Locality: 037 CHARLOTTE COUNTY",7907,"2019","06","VA"
"68637","Locality: 041 CHESTERFIELD COUNTY",235760,"2019","06","VA"
"68717","Locality: 043 CLARKE COUNTY",10677,"2019","06","VA"
"68724","Locality: 045 CRAIG COUNTY",3702,"2019","06","VA"
"68732","Locality: 047 CULPEPER COUNTY",31482,"2019","06","VA"
"68747","Locality: 049 CUMBERLAND COUNTY",6724,"2019","06","VA"
"68752","Locality: 051 DICKENSON COUNTY",9658,"2019","06","VA"
"68762","Locality: 053 DINWIDDIE COUNTY",18488,"2019","06","VA"
"68775","Locality: 057 ESSEX COUNTY",7157,"2019","06","VA"
"68779","Locality: 059 FAIRFAX COUNTY",721715,"2019","06","VA"
"69022","Locality: 061 FAUQUIER COUNTY",49580,"2019","06","VA"
"69042","Locality: 063 FLOYD COUNTY",10654,"2019","06","VA"
"69047","Locality: 065 FLUVANNA COUNTY",18053,"2019","06","VA"
"69052","Locality: 067 FRANKLIN COUNTY",35390,"2019","06","VA"
"69075","Locality: 069 FREDERICK COUNTY",57411,"2019","06","VA"
"69096","Locality: 071 GILES COUNTY",10909,"2019","06","VA"
"69105","Locality: 073 GLOUCESTER COUNTY",26866,"2019","06","VA"
"69116","Locality: 075 GOOCHLAND COUNTY",18074,"2019","06","VA"
"69126","Locality: 077 GRAYSON COUNTY",9942,"2019","06","VA"
"69141","Locality: 079 GREENE COUNTY",12619,"2019","06","VA"
"69146","Locality: 081 GREENSVILLE COUNTY",6145,"2019","06","VA"
"69155","Locality: 083 HALIFAX COUNTY",22908,"2019","06","VA"
"69175","Locality: 085 HANOVER COUNTY",78026,"2019","06","VA"
"69211","Locality: 087 HENRICO COUNTY",217657,"2019","06","VA"
"69302","Locality: 089 HENRY COUNTY",33852,"2019","06","VA"
"69326","Locality: 091 HIGHLAND COUNTY",1755,"2019","06","VA"
"69332","Locality: 093 ISLE OF WIGHT COUNTY",27614,"2019","06","VA"
"69346","Locality: 095 JAMES CITY COUNTY",55940,"2019","06","VA"
"69365","Locality: 097 KING & QUEEN COUNTY",4925,"2019","06","VA"
"69370","Locality: 099 KING GEORGE COUNTY",16478,"2019","06","VA"
"69375","Locality: 101 KING WILLIAM COUNTY",12089,"2019","06","VA"
"69381","Locality: 103 LANCASTER COUNTY",8421,"2019","06","VA"
"69387","Locality: 105 LEE COUNTY",14151,"2019","06","VA"
"69403","Locality: 107 LOUDOUN COUNTY",251555,"2019","06","VA"
"69501","Locality: 109 LOUISA COUNTY",24613,"2019","06","VA"
"69516","Locality: 111 LUNENBURG COUNTY",7600,"2019","06","VA"
"69527","Locality: 113 MADISON COUNTY",9142,"2019","06","VA"
"69536","Locality: 115 MATHEWS COUNTY",6801,"2019","06","VA"
"69539","Locality: 117 MECKLENBURG COUNTY",20819,"2019","06","VA"
"69562","Locality: 119 MIDDLESEX COUNTY",7808,"2019","06","VA"
"69568","Locality: 121 MONTGOMERY COUNTY",57063,"2019","06","VA"
"69592","Locality: 125 NELSON COUNTY",10843,"2019","06","VA"
"69601","Locality: 127 NEW KENT COUNTY",15930,"2019","06","VA"
"69611","Locality: 131 NORTHAMPTON COUNTY",8847,"2019","06","VA"
"69616","Locality: 133 NORTHUMBERLAND COUNTY",9325,"2019","06","VA"
"69621","Locality: 135 NOTTOWAY COUNTY",8833,"2019","06","VA"
"69630","Locality: 137 ORANGE COUNTY",24035,"2019","06","VA"
"69640","Locality: 139 PAGE COUNTY",15317,"2019","06","VA"
"69645","Locality: 141 PATRICK COUNTY",11654,"2019","06","VA"
"69658","Locality: 143 PITTSYLVANIA COUNTY",41690,"2019","06","VA"
"69687","Locality: 145 POWHATAN COUNTY",21235,"2019","06","VA"
"69699","Locality: 147 PRINCE EDWARD COUNTY",12482,"2019","06","VA"
"69709","Locality: 149 PRINCE GEORGE COUNTY",21880,"2019","06","VA"
"69719","Locality: 153 PRINCE WILLIAM COUNTY",274213,"2019","06","VA"
"69812","Locality: 155 PULASKI COUNTY",21412,"2019","06","VA"
"69824","Locality: 157 RAPPAHANNOCK COUNTY",5656,"2019","06","VA"
"69830","Locality: 159 RICHMOND COUNTY",5054,"2019","06","VA"
"69835","Locality: 161 ROANOKE COUNTY",66762,"2019","06","VA"
"69867","Locality: 163 ROCKBRIDGE COUNTY",14233,"2019","06","VA"
"69884","Locality: 165 ROCKINGHAM COUNTY",49521,"2019","06","VA"
"69915","Locality: 167 RUSSELL COUNTY",17766,"2019","06","VA"
"69930","Locality: 169 SCOTT COUNTY",14420,"2019","06","VA"
"69947","Locality: 171 SHENANDOAH COUNTY",28105,"2019","06","VA"
"69959","Locality: 173 SMYTH COUNTY",18267,"2019","06","VA"
"69973","Locality: 175 SOUTHAMPTON COUNTY",11958,"2019","06","VA"
"69986","Locality: 177 SPOTSYLVANIA COUNTY",88061,"2019","06","VA"
"70012","Locality: 179 STAFFORD COUNTY",92446,"2019","06","VA"
"70039","Locality: 181 SURRY COUNTY",5368,"2019","06","VA"
"70046","Locality: 183 SUSSEX COUNTY",6697,"2019","06","VA"
"70057","Locality: 185 TAZEWELL COUNTY",25484,"2019","06","VA"
"70077","Locality: 187 WARREN COUNTY",25645,"2019","06","VA"
"70088","Locality: 191 WASHINGTON COUNTY",35333,"2019","06","VA"
"70107","Locality: 193 WESTMORELAND COUNTY",12054,"2019","06","VA"
"70115","Locality: 195 WISE COUNTY",22136,"2019","06","VA"
"70127","Locality: 197 WYTHE COUNTY",18555,"2019","06","VA"
"70138","Locality: 199 YORK COUNTY",43904,"2019","06","VA"
"70151","Locality: 510 ALEXANDRIA CITY",98290,"2019","06","VA"
"70181","Locality: 520 BRISTOL CITY",10454,"2019","06","VA"
"70185","Locality: 530 BUENA VISTA CITY",3686,"2019","06","VA"
"70187","Locality: 540 CHARLOTTESVILLE CITY",30732,"2019","06","VA"
"70196","Locality: 550 CHESAPEAKE CITY",153092,"2019","06","VA"
"70259","Locality: 570 COLONIAL HEIGHTS CITY",11760,"2019","06","VA"
"70264","Locality: 580 COVINGTON CITY",3485,"2019","06","VA"
"70269","Locality: 590 DANVILLE CITY",26370,"2019","06","VA"
"70285","Locality: 595 EMPORIA CITY",3562,"2019","06","VA"
"70292","Locality: 600 FAIRFAX CITY",15923,"2019","06","VA"
"70298","Locality: 610 FALLS CHURCH CITY",10052,"2019","06","VA"
"70301","Locality: 620 FRANKLIN CITY",5362,"2019","06","VA"
"70307","Locality: 630 FREDERICKSBURG CITY",16380,"2019","06","VA"
"70312","Locality: 640 GALAX CITY",3539,"2019","06","VA"
"70315","Locality: 650 HAMPTON CITY",88629,"2019","06","VA"
"70345","Locality: 660 HARRISONBURG CITY",23269,"2019","06","VA"
"70353","Locality: 670 HOPEWELL CITY",13821,"2019","06","VA"
"70360","Locality: 678 LEXINGTON CITY",3649,"2019","06","VA"
"70361","Locality: 680 LYNCHBURG CITY",49327,"2019","06","VA"
"70379","Locality: 683 MANASSAS CITY",20623,"2019","06","VA"
"70385","Locality: 685 MANASSAS PARK CITY",7782,"2019","06","VA"
"70388","Locality: 690 MARTINSVILLE CITY",8191,"2019","06","VA"
"70394","Locality: 700 NEWPORT NEWS CITY",110408,"2019","06","VA"
"70439","Locality: 710 NORFOLK CITY",120017,"2019","06","VA"
"70487","Locality: 720 NORTON CITY",2228,"2019","06","VA"
"70488","Locality: 730 PETERSBURG CITY",20738,"2019","06","VA"
"70495","Locality: 735 POQUOSON CITY",8807,"2019","06","VA"
"70498","Locality: 740 PORTSMOUTH CITY",60331,"2019","06","VA"
"70529","Locality: 750 RADFORD CITY",9255,"2019","06","VA"
"70533","Locality: 760 RICHMOND CITY",143581,"2019","06","VA"
"70602","Locality: 770 ROANOKE CITY",57790,"2019","06","VA"
"70622","Locality: 775 SALEM CITY",16361,"2019","06","VA"
"70632","Locality: 790 STAUNTON CITY",15804,"2019","06","VA"
"70637","Locality: 800 SUFFOLK CITY",60315,"2019","06","VA"
"70664","Locality: 810 VIRGINIA BEACH CITY",287429,"2019","06","VA"
"70764","Locality: 820 WAYNESBORO CITY",12929,"2019","06","VA"
"70768","Locality: 830 WILLIAMSBURG CITY",9439,"2019","06","VA"
"70770","Locality: 840 WINCHESTER CITY",15634,"2019","06","VA"
"70776","Locality: 001 ACCOMACK COUNTY",22664,"2019","07","VA"
"70792","Locality: 003 ALBEMARLE COUNTY",74941,"2019","07","VA"
"70822","Locality: 005 ALLEGHANY COUNTY",10174,"2019","07","VA"
"70834","Locality: 007 AMELIA COUNTY",9177,"2019","07","VA"
"70839","Locality: 009 AMHERST COUNTY",20594,"2019","07","VA"
"70850","Locality: 011 APPOMATTOX COUNTY",10746,"2019","07","VA"
"70859","Locality: 013 ARLINGTON COUNTY",156820,"2019","07","VA"
"70913","Locality: 015 AUGUSTA COUNTY",48103,"2019","07","VA"
"70938","Locality: 017 BATH COUNTY",3103,"2019","07","VA"
"70945","Locality: 019 BEDFORD COUNTY",55784,"2019","07","VA"
"70977","Locality: 021 BLAND COUNTY",4303,"2019","07","VA"
"70984","Locality: 023 BOTETOURT COUNTY",23927,"2019","07","VA"
"70994","Locality: 025 BRUNSWICK COUNTY",10449,"2019","07","VA"
"71007","Locality: 027 BUCHANAN COUNTY",14582,"2019","07","VA"
"71024","Locality: 029 BUCKINGHAM COUNTY",10123,"2019","07","VA"
"71034","Locality: 031 CAMPBELL COUNTY",36715,"2019","07","VA"
"71050","Locality: 033 CAROLINE COUNTY",19726,"2019","07","VA"
"71062","Locality: 035 CARROLL COUNTY",19009,"2019","07","VA"
"71079","Locality: 036 CHARLES CITY COUNTY",5394,"2019","07","VA"
"71082","Locality: 037 CHARLOTTE COUNTY",7914,"2019","07","VA"
"71089","Locality: 041 CHESTERFIELD COUNTY",237138,"2019","07","VA"
"71169","Locality: 043 CLARKE COUNTY",10693,"2019","07","VA"
"71176","Locality: 045 CRAIG COUNTY",3698,"2019","07","VA"
"71184","Locality: 047 CULPEPER COUNTY",31646,"2019","07","VA"
"71199","Locality: 049 CUMBERLAND COUNTY",6734,"2019","07","VA"
"71204","Locality: 051 DICKENSON COUNTY",9701,"2019","07","VA"
"71214","Locality: 053 DINWIDDIE COUNTY",18578,"2019","07","VA"
"71227","Locality: 057 ESSEX COUNTY",7174,"2019","07","VA"
"71231","Locality: 059 FAIRFAX COUNTY",724597,"2019","07","VA"
"71474","Locality: 061 FAUQUIER COUNTY",49621,"2019","07","VA"
"71494","Locality: 063 FLOYD COUNTY",10673,"2019","07","VA"
"71499","Locality: 065 FLUVANNA COUNTY",18127,"2019","07","VA"
"71504","Locality: 067 FRANKLIN COUNTY",35424,"2019","07","VA"
"71527","Locality: 069 FREDERICK COUNTY",57632,"2019","07","VA"
"71548","Locality: 071 GILES COUNTY",10929,"2019","07","VA"
"71557","Locality: 073 GLOUCESTER COUNTY",26901,"2019","07","VA"
"71568","Locality: 075 GOOCHLAND COUNTY",18138,"2019","07","VA"
"71578","Locality: 077 GRAYSON COUNTY",9973,"2019","07","VA"
"71593","Locality: 079 GREENE COUNTY",12678,"2019","07","VA"
"71598","Locality: 081 GREENSVILLE COUNTY",6151,"2019","07","VA"
"71607","Locality: 083 HALIFAX COUNTY",22972,"2019","07","VA"
"71627","Locality: 085 HANOVER COUNTY",78336,"2019","07","VA"
"71663","Locality: 087 HENRICO COUNTY",217594,"2019","07","VA"
"71754","Locality: 089 HENRY COUNTY",33894,"2019","07","VA"
"71778","Locality: 091 HIGHLAND COUNTY",1759,"2019","07","VA"
"71784","Locality: 093 ISLE OF WIGHT COUNTY",27675,"2019","07","VA"
"71798","Locality: 095 JAMES CITY COUNTY",56225,"2019","07","VA"
"71817","Locality: 097 KING & QUEEN COUNTY",4937,"2019","07","VA"
"71822","Locality: 099 KING GEORGE COUNTY",16583,"2019","07","VA"
"71827","Locality: 101 KING WILLIAM COUNTY",12133,"2019","07","VA"
"71833","Locality: 103 LANCASTER COUNTY",8421,"2019","07","VA"
"71839","Locality: 105 LEE COUNTY",14174,"2019","07","VA"
"71855","Locality: 107 LOUDOUN COUNTY",253330,"2019","07","VA"
"71953","Locality: 109 LOUISA COUNTY",24746,"2019","07","VA"
"71968","Locality: 111 LUNENBURG COUNTY",7612,"2019","07","VA"
"71979","Locality: 113 MADISON COUNTY",9166,"2019","07","VA"
"71988","Locality: 115 MATHEWS COUNTY",6817,"2019","07","VA"
"71991","Locality: 117 MECKLENBURG COUNTY",20901,"2019","07","VA"
"72014","Locality: 119 MIDDLESEX COUNTY",7828,"2019","07","VA"
"72020","Locality: 121 MONTGOMERY COUNTY",56969,"2019","07","VA"
"72044","Locality: 125 NELSON COUNTY",10866,"2019","07","VA"
"72053","Locality: 127 NEW KENT COUNTY",15980,"2019","07","VA"
"72063","Locality: 131 NORTHAMPTON COUNTY",8887,"2019","07","VA"
"72068","Locality: 133 NORTHUMBERLAND COUNTY",9351,"2019","07","VA"
"72073","Locality: 135 NOTTOWAY COUNTY",8848,"2019","07","VA"
"72082","Locality: 137 ORANGE COUNTY",24170,"2019","07","VA"
"72092","Locality: 139 PAGE COUNTY",15330,"2019","07","VA"
"72097","Locality: 141 PATRICK COUNTY",11671,"2019","07","VA"
"72110","Locality: 143 PITTSYLVANIA COUNTY",41813,"2019","07","VA"
"72139","Locality: 145 POWHATAN COUNTY",21304,"2019","07","VA"
"72151","Locality: 147 PRINCE EDWARD COUNTY",12474,"2019","07","VA"
"72161","Locality: 149 PRINCE GEORGE COUNTY",21973,"2019","07","VA"
"72171","Locality: 153 PRINCE WILLIAM COUNTY",275441,"2019","07","VA"
"72264","Locality: 155 PULASKI COUNTY",21465,"2019","07","VA"
"72276","Locality: 157 RAPPAHANNOCK COUNTY",5665,"2019","07","VA"
"72282","Locality: 159 RICHMOND COUNTY",5078,"2019","07","VA"
"72287","Locality: 161 ROANOKE COUNTY",66894,"2019","07","VA"
"72319","Locality: 163 ROCKBRIDGE COUNTY",14293,"2019","07","VA"
"72336","Locality: 165 ROCKINGHAM COUNTY",49712,"2019","07","VA"
"72367","Locality: 167 RUSSELL COUNTY",17819,"2019","07","VA"
"72382","Locality: 169 SCOTT COUNTY",14483,"2019","07","VA"
"72399","Locality: 171 SHENANDOAH COUNTY",28162,"2019","07","VA"
"72411","Locality: 173 SMYTH COUNTY",18322,"2019","07","VA"
"72425","Locality: 175 SOUTHAMPTON COUNTY",11991,"2019","07","VA"
"72438","Locality: 177 SPOTSYLVANIA COUNTY",88552,"2019","07","VA"
"72464","Locality: 179 STAFFORD COUNTY",93101,"2019","07","VA"
"72491","Locality: 181 SURRY COUNTY",5368,"2019","07","VA"
"72498","Locality: 183 SUSSEX COUNTY",6692,"2019","07","VA"
"72509","Locality: 185 TAZEWELL COUNTY",25515,"2019","07","VA"
"72529","Locality: 187 WARREN COUNTY",25750,"2019","07","VA"
"72540","Locality: 191 WASHINGTON COUNTY",35420,"2019","07","VA"
"72559","Locality: 193 WESTMORELAND COUNTY",12128,"2019","07","VA"
"72567","Locality: 195 WISE COUNTY",22192,"2019","07","VA"
"72579","Locality: 197 WYTHE COUNTY",18616,"2019","07","VA"
"72590","Locality: 199 YORK COUNTY",44154,"2019","07","VA"
"72603","Locality: 510 ALEXANDRIA CITY",99074,"2019","07","VA"
"72633","Locality: 520 BRISTOL CITY",10512,"2019","07","VA"
"72637","Locality: 530 BUENA VISTA CITY",3691,"2019","07","VA"
"72639","Locality: 540 CHARLOTTESVILLE CITY",30779,"2019","07","VA"
"72648","Locality: 550 CHESAPEAKE CITY",153557,"2019","07","VA"
"72711","Locality: 570 COLONIAL HEIGHTS CITY",11751,"2019","07","VA"
"72716","Locality: 580 COVINGTON CITY",3477,"2019","07","VA"
"72721","Locality: 590 DANVILLE CITY",26500,"2019","07","VA"
"72737","Locality: 595 EMPORIA CITY",3571,"2019","07","VA"
"72744","Locality: 600 FAIRFAX CITY",16034,"2019","07","VA"
"72750","Locality: 610 FALLS CHURCH CITY",10124,"2019","07","VA"
"72753","Locality: 620 FRANKLIN CITY",5363,"2019","07","VA"
"72759","Locality: 630 FREDERICKSBURG CITY",16430,"2019","07","VA"
"72764","Locality: 640 GALAX CITY",3550,"2019","07","VA"
"72767","Locality: 650 HAMPTON CITY",88932,"2019","07","VA"
"72797","Locality: 660 HARRISONBURG CITY",23200,"2019","07","VA"
"72805","Locality: 670 HOPEWELL CITY",13896,"2019","07","VA"
"72812","Locality: 678 LEXINGTON CITY",3666,"2019","07","VA"
"72813","Locality: 680 LYNCHBURG CITY",49459,"2019","07","VA"
"72831","Locality: 683 MANASSAS CITY",20717,"2019","07","VA"
"72837","Locality: 685 MANASSAS PARK CITY",7843,"2019","07","VA"
"72840","Locality: 690 MARTINSVILLE CITY",8223,"2019","07","VA"
"72846","Locality: 700 NEWPORT NEWS CITY",110675,"2019","07","VA"
"72891","Locality: 710 NORFOLK CITY",120593,"2019","07","VA"
"72939","Locality: 720 NORTON CITY",2239,"2019","07","VA"
"72940","Locality: 730 PETERSBURG CITY",20761,"2019","07","VA"
"72947","Locality: 735 POQUOSON CITY",8827,"2019","07","VA"
"72950","Locality: 740 PORTSMOUTH CITY",60565,"2019","07","VA"
"72981","Locality: 750 RADFORD CITY",9205,"2019","07","VA"
"72985","Locality: 760 RICHMOND CITY",143539,"2019","07","VA"
"73054","Locality: 770 ROANOKE CITY",58164,"2019","07","VA"
"73074","Locality: 775 SALEM CITY",16400,"2019","07","VA"
"73084","Locality: 790 STAUNTON CITY",15835,"2019","07","VA"
"73089","Locality: 800 SUFFOLK CITY",60522,"2019","07","VA"
"73116","Locality: 810 VIRGINIA BEACH CITY",288666,"2019","07","VA"
"73216","Locality: 820 WAYNESBORO CITY",12968,"2019","07","VA"
"73220","Locality: 830 WILLIAMSBURG CITY",9405,"2019","07","VA"
"73222","Locality: 840 WINCHESTER CITY",15714,"2019","07","VA"
"73228","Locality: 001 ACCOMACK COUNTY",22457,"2019","08","VA"
"73244","Locality: 003 ALBEMARLE COUNTY",74832,"2019","08","VA"
"73274","Locality: 005 ALLEGHANY COUNTY",10153,"2019","08","VA"
"73286","Locality: 007 AMELIA COUNTY",9180,"2019","08","VA"
"73291","Locality: 009 AMHERST COUNTY",20635,"2019","08","VA"
"73302","Locality: 011 APPOMATTOX COUNTY",10747,"2019","08","VA"
"73311","Locality: 013 ARLINGTON COUNTY",155794,"2019","08","VA"
"73365","Locality: 015 AUGUSTA COUNTY",48036,"2019","08","VA"
"73390","Locality: 017 BATH COUNTY",3109,"2019","08","VA"
"73397","Locality: 019 BEDFORD COUNTY",55741,"2019","08","VA"
"73429","Locality: 021 BLAND COUNTY",4293,"2019","08","VA"
"73436","Locality: 023 BOTETOURT COUNTY",23920,"2019","08","VA"
"73446","Locality: 025 BRUNSWICK COUNTY",10451,"2019","08","VA"
"73459","Locality: 027 BUCHANAN COUNTY",14543,"2019","08","VA"
"73476","Locality: 029 BUCKINGHAM COUNTY",10120,"2019","08","VA"
"73486","Locality: 031 CAMPBELL COUNTY",36645,"2019","08","VA"
"73502","Locality: 033 CAROLINE COUNTY",19748,"2019","08","VA"
"73514","Locality: 035 CARROLL COUNTY",18968,"2019","08","VA"
"73531","Locality: 036 CHARLES CITY COUNTY",5395,"2019","08","VA"
"73534","Locality: 037 CHARLOTTE COUNTY",7919,"2019","08","VA"
"73541","Locality: 041 CHESTERFIELD COUNTY",237096,"2019","08","VA"
"73621","Locality: 043 CLARKE COUNTY",10680,"2019","08","VA"
"73628","Locality: 045 CRAIG COUNTY",3689,"2019","08","VA"
"73636","Locality: 047 CULPEPER COUNTY",31697,"2019","08","VA"
"73651","Locality: 049 CUMBERLAND COUNTY",6725,"2019","08","VA"
"73656","Locality: 051 DICKENSON COUNTY",9681,"2019","08","VA"
"73666","Locality: 053 DINWIDDIE COUNTY",18522,"2019","08","VA"
"73679","Locality: 057 ESSEX COUNTY",7184,"2019","08","VA"
"73683","Locality: 059 FAIRFAX COUNTY",723579,"2019","08","VA"
"73926","Locality: 061 FAUQUIER COUNTY",49734,"2019","08","VA"
"73946","Locality: 063 FLOYD COUNTY",10672,"2019","08","VA"
"73951","Locality: 065 FLUVANNA COUNTY",18106,"2019","08","VA"
"73956","Locality: 067 FRANKLIN COUNTY",35385,"2019","08","VA"
"73979","Locality: 069 FREDERICK COUNTY",57731,"2019","08","VA"
"74000","Locality: 071 GILES COUNTY",10936,"2019","08","VA"
"74009","Locality: 073 GLOUCESTER COUNTY",26868,"2019","08","VA"
"74020","Locality: 075 GOOCHLAND COUNTY",18209,"2019","08","VA"
"74030","Locality: 077 GRAYSON COUNTY",9967,"2019","08","VA"
"74045","Locality: 079 GREENE COUNTY",12709,"2019","08","VA"
"74050","Locality: 081 GREENSVILLE COUNTY",6157,"2019","08","VA"
"74059","Locality: 083 HALIFAX COUNTY",22974,"2019","08","VA"
"74079","Locality: 085 HANOVER COUNTY",78275,"2019","08","VA"
"74115","Locality: 087 HENRICO COUNTY",217837,"2019","08","VA"
"74206","Locality: 089 HENRY COUNTY",33870,"2019","08","VA"
"74230","Locality: 091 HIGHLAND COUNTY",1762,"2019","08","VA"
"74236","Locality: 093 ISLE OF WIGHT COUNTY",27613,"2019","08","VA"
"74250","Locality: 095 JAMES CITY COUNTY",56204,"2019","08","VA"
"74269","Locality: 097 KING & QUEEN COUNTY",4934,"2019","08","VA"
"74274","Locality: 099 KING GEORGE COUNTY",16540,"2019","08","VA"
"74279","Locality: 101 KING WILLIAM COUNTY",12170,"2019","08","VA"
"74285","Locality: 103 LANCASTER COUNTY",8387,"2019","08","VA"
"74291","Locality: 105 LEE COUNTY",14167,"2019","08","VA"
"74307","Locality: 107 LOUDOUN COUNTY",253344,"2019","08","VA"
"74405","Locality: 109 LOUISA COUNTY",24767,"2019","08","VA"
"74420","Locality: 111 LUNENBURG COUNTY",7608,"2019","08","VA"
"74431","Locality: 113 MADISON COUNTY",9166,"2019","08","VA"
"74440","Locality: 115 MATHEWS COUNTY",6826,"2019","08","VA"
"74443","Locality: 117 MECKLENBURG COUNTY",20878,"2019","08","VA"
"74466","Locality: 119 MIDDLESEX COUNTY",7846,"2019","08","VA"
"74472","Locality: 121 MONTGOMERY COUNTY",56565,"2019","08","VA"
"74496","Locality: 125 NELSON COUNTY",10832,"2019","08","VA"
"74505","Locality: 127 NEW KENT COUNTY",16004,"2019","08","VA"
"74515","Locality: 131 NORTHAMPTON COUNTY",8889,"2019","08","VA"
"74520","Locality: 133 NORTHUMBERLAND COUNTY",9307,"2019","08","VA"
"74525","Locality: 135 NOTTOWAY COUNTY",8826,"2019","08","VA"
"74534","Locality: 137 ORANGE COUNTY",24095,"2019","08","VA"
"74544","Locality: 139 PAGE COUNTY",15288,"2019","08","VA"
"74549","Locality: 141 PATRICK COUNTY",11693,"2019","08","VA"
"74562","Locality: 143 PITTSYLVANIA COUNTY",41806,"2019","08","VA"
"74591","Locality: 145 POWHATAN COUNTY",21280,"2019","08","VA"
"74603","Locality: 147 PRINCE EDWARD COUNTY",12497,"2019","08","VA"
"74613","Locality: 149 PRINCE GEORGE COUNTY",21935,"2019","08","VA"
"74623","Locality: 153 PRINCE WILLIAM COUNTY",276604,"2019","08","VA"
"74716","Locality: 155 PULASKI COUNTY",21454,"2019","08","VA"
"74728","Locality: 157 RAPPAHANNOCK COUNTY",5641,"2019","08","VA"
"74734","Locality: 159 RICHMOND COUNTY",5082,"2019","08","VA"
"74739","Locality: 161 ROANOKE COUNTY",66799,"2019","08","VA"
"74771","Locality: 163 ROCKBRIDGE COUNTY",14278,"2019","08","VA"
"74788","Locality: 165 ROCKINGHAM COUNTY",49688,"2019","08","VA"
"74819","Locality: 167 RUSSELL COUNTY",17813,"2019","08","VA"
"74834","Locality: 169 SCOTT COUNTY",14515,"2019","08","VA"
"74851","Locality: 171 SHENANDOAH COUNTY",28266,"2019","08","VA"
"74863","Locality: 173 SMYTH COUNTY",18250,"2019","08","VA"
"74877","Locality: 175 SOUTHAMPTON COUNTY",11992,"2019","08","VA"
"74890","Locality: 177 SPOTSYLVANIA COUNTY",88475,"2019","08","VA"
"74916","Locality: 179 STAFFORD COUNTY",93516,"2019","08","VA"
"74943","Locality: 181 SURRY COUNTY",5365,"2019","08","VA"
"74950","Locality: 183 SUSSEX COUNTY",6682,"2019","08","VA"
"74961","Locality: 185 TAZEWELL COUNTY",25464,"2019","08","VA"
"74981","Locality: 187 WARREN COUNTY",25845,"2019","08","VA"
"74992","Locality: 191 WASHINGTON COUNTY",35396,"2019","08","VA"
"75011","Locality: 193 WESTMORELAND COUNTY",12116,"2019","08","VA"
"75019","Locality: 195 WISE COUNTY",22163,"2019","08","VA"
"75031","Locality: 197 WYTHE COUNTY",18620,"2019","08","VA"
"75042","Locality: 199 YORK COUNTY",44127,"2019","08","VA"
"75055","Locality: 510 ALEXANDRIA CITY",98303,"2019","08","VA"
"75085","Locality: 520 BRISTOL CITY",10501,"2019","08","VA"
"75089","Locality: 530 BUENA VISTA CITY",3686,"2019","08","VA"
"75091","Locality: 540 CHARLOTTESVILLE CITY",30492,"2019","08","VA"
"75100","Locality: 550 CHESAPEAKE CITY",153682,"2019","08","VA"
"75163","Locality: 570 COLONIAL HEIGHTS CITY",11775,"2019","08","VA"
"75168","Locality: 580 COVINGTON CITY",3500,"2019","08","VA"
"75173","Locality: 590 DANVILLE CITY",26380,"2019","08","VA"
"75189","Locality: 595 EMPORIA CITY",3578,"2019","08","VA"
"75196","Locality: 600 FAIRFAX CITY",15976,"2019","08","VA"
"75202","Locality: 610 FALLS CHURCH CITY",10045,"2019","08","VA"
"75205","Locality: 620 FRANKLIN CITY",5361,"2019","08","VA"
"75211","Locality: 630 FREDERICKSBURG CITY",16406,"2019","08","VA"
"75216","Locality: 640 GALAX CITY",3567,"2019","08","VA"
"75219","Locality: 650 HAMPTON CITY",89054,"2019","08","VA"
"75249","Locality: 660 HARRISONBURG CITY",23068,"2019","08","VA"
"75257","Locality: 670 HOPEWELL CITY",13919,"2019","08","VA"
"75264","Locality: 678 LEXINGTON CITY",3643,"2019","08","VA"
"75265","Locality: 680 LYNCHBURG CITY",49231,"2019","08","VA"
"75283","Locality: 683 MANASSAS CITY",20733,"2019","08","VA"
"75289","Locality: 685 MANASSAS PARK CITY",7830,"2019","08","VA"
"75292","Locality: 690 MARTINSVILLE CITY",8231,"2019","08","VA"
"75298","Locality: 700 NEWPORT NEWS CITY",110741,"2019","08","VA"
"75343","Locality: 710 NORFOLK CITY",120476,"2019","08","VA"
"75391","Locality: 720 NORTON CITY",2250,"2019","08","VA"
"75392","Locality: 730 PETERSBURG CITY",20761,"2019","08","VA"
"75399","Locality: 735 POQUOSON CITY",8777,"2019","08","VA"
"75402","Locality: 740 PORTSMOUTH CITY",60555,"2019","08","VA"
"75433","Locality: 750 RADFORD CITY",9084,"2019","08","VA"
"75437","Locality: 760 RICHMOND CITY",143930,"2019","08","VA"
"75506","Locality: 770 ROANOKE CITY",58177,"2019","08","VA"
"75526","Locality: 775 SALEM CITY",16434,"2019","08","VA"
"75536","Locality: 790 STAUNTON CITY",15879,"2019","08","VA"
"75541","Locality: 800 SUFFOLK CITY",60556,"2019","08","VA"
"75568","Locality: 810 VIRGINIA BEACH CITY",288195,"2019","08","VA"
"75668","Locality: 820 WAYNESBORO CITY",12990,"2019","08","VA"
"75672","Locality: 830 WILLIAMSBURG CITY",9313,"2019","08","VA"
"75674","Locality: 840 WINCHESTER CITY",15692,"2019","08","VA"
"75680","Locality: 001 ACCOMACK COUNTY",22236,"2019","09","VA"
"75696","Locality: 003 ALBEMARLE COUNTY",72661,"2019","09","VA"
"75726","Locality: 005 ALLEGHANY COUNTY",10043,"2019","09","VA"
"75738","Locality: 007 AMELIA COUNTY",9089,"2019","09","VA"
"75743","Locality: 009 AMHERST COUNTY",20218,"2019","09","VA"
"75754","Locality: 011 APPOMATTOX COUNTY",10653,"2019","09","VA"
"75763","Locality: 013 ARLINGTON COUNTY",149963,"2019","09","VA"
"75817","Locality: 015 AUGUSTA COUNTY",47607,"2019","09","VA"
"75842","Locality: 017 BATH COUNTY",3052,"2019","09","VA"
"75849","Locality: 019 BEDFORD COUNTY",55078,"2019","09","VA"
"75881","Locality: 021 BLAND COUNTY",4243,"2019","09","VA"
"75888","Locality: 023 BOTETOURT COUNTY",23708,"2019","09","VA"
"75898","Locality: 025 BRUNSWICK COUNTY",10308,"2019","09","VA"
"75911","Locality: 027 BUCHANAN COUNTY",14503,"2019","09","VA"
"75928","Locality: 029 BUCKINGHAM COUNTY",10024,"2019","09","VA"
"75938","Locality: 031 CAMPBELL COUNTY",36135,"2019","09","VA"
"75954","Locality: 033 CAROLINE COUNTY",19384,"2019","09","VA"
"75966","Locality: 035 CARROLL COUNTY",18807,"2019","09","VA"
"75983","Locality: 036 CHARLES CITY COUNTY",5257,"2019","09","VA"
"75986","Locality: 037 CHARLOTTE COUNTY",7838,"2019","09","VA"
"75993","Locality: 041 CHESTERFIELD COUNTY",232098,"2019","09","VA"
"76073","Locality: 043 CLARKE COUNTY",10521,"2019","09","VA"
"76080","Locality: 045 CRAIG COUNTY",3652,"2019","09","VA"
"76088","Locality: 047 CULPEPER COUNTY",31345,"2019","09","VA"
"76103","Locality: 049 CUMBERLAND COUNTY",6637,"2019","09","VA"
"76108","Locality: 051 DICKENSON COUNTY",9621,"2019","09","VA"
"76118","Locality: 053 DINWIDDIE COUNTY",18310,"2019","09","VA"
"76131","Locality: 057 ESSEX COUNTY",7100,"2019","09","VA"
"76135","Locality: 059 FAIRFAX COUNTY",708856,"2019","09","VA"
"76378","Locality: 061 FAUQUIER COUNTY",49004,"2019","09","VA"
"76398","Locality: 063 FLOYD COUNTY",10590,"2019","09","VA"
"76403","Locality: 065 FLUVANNA COUNTY",17906,"2019","09","VA"
"76408","Locality: 067 FRANKLIN COUNTY",35006,"2019","09","VA"
"76431","Locality: 069 FREDERICK COUNTY",56338,"2019","09","VA"
"76452","Locality: 071 GILES COUNTY",10804,"2019","09","VA"
"76461","Locality: 073 GLOUCESTER COUNTY",26571,"2019","09","VA"
"76472","Locality: 075 GOOCHLAND COUNTY",18050,"2019","09","VA"
"76482","Locality: 077 GRAYSON COUNTY",9835,"2019","09","VA"
"76497","Locality: 079 GREENE COUNTY",12558,"2019","09","VA"
"76502","Locality: 081 GREENSVILLE COUNTY",6093,"2019","09","VA"
"76511","Locality: 083 HALIFAX COUNTY",22762,"2019","09","VA"
"76531","Locality: 085 HANOVER COUNTY",77460,"2019","09","VA"
"76567","Locality: 087 HENRICO COUNTY",214421,"2019","09","VA"
"76658","Locality: 089 HENRY COUNTY",33465,"2019","09","VA"
"76682","Locality: 091 HIGHLAND COUNTY",1746,"2019","09","VA"
"76688","Locality: 093 ISLE OF WIGHT COUNTY",27248,"2019","09","VA"
"76702","Locality: 095 JAMES CITY COUNTY",55252,"2019","09","VA"
"76721","Locality: 097 KING & QUEEN COUNTY",4869,"2019","09","VA"
"76726","Locality: 099 KING GEORGE COUNTY",16288,"2019","09","VA"
"76731","Locality: 101 KING WILLIAM COUNTY",11984,"2019","09","VA"
"76737","Locality: 103 LANCASTER COUNTY",8334,"2019","09","VA"
"76743","Locality: 105 LEE COUNTY",14041,"2019","09","VA"
"76759","Locality: 107 LOUDOUN COUNTY",249325,"2019","09","VA"
"76857","Locality: 109 LOUISA COUNTY",24548,"2019","09","VA"
"76872","Locality: 111 LUNENBURG COUNTY",7505,"2019","09","VA"
"76883","Locality: 113 MADISON COUNTY",9074,"2019","09","VA"
"76892","Locality: 115 MATHEWS COUNTY",6742,"2019","09","VA"
"76895","Locality: 117 MECKLENBURG COUNTY",20639,"2019","09","VA"
"76918","Locality: 119 MIDDLESEX COUNTY",7777,"2019","09","VA"
"76924","Locality: 121 MONTGOMERY COUNTY",54644,"2019","09","VA"
"76948","Locality: 125 NELSON COUNTY",10716,"2019","09","VA"
"76957","Locality: 127 NEW KENT COUNTY",15836,"2019","09","VA"
"76967","Locality: 131 NORTHAMPTON COUNTY",8779,"2019","09","VA"
"76972","Locality: 133 NORTHUMBERLAND COUNTY",9178,"2019","09","VA"
"76977","Locality: 135 NOTTOWAY COUNTY",8729,"2019","09","VA"
"76986","Locality: 137 ORANGE COUNTY",23867,"2019","09","VA"
"76996","Locality: 139 PAGE COUNTY",15163,"2019","09","VA"
"77001","Locality: 141 PATRICK COUNTY",11577,"2019","09","VA"
"77014","Locality: 143 PITTSYLVANIA COUNTY",41299,"2019","09","VA"
"77043","Locality: 145 POWHATAN COUNTY",21153,"2019","09","VA"
"77055","Locality: 147 PRINCE EDWARD COUNTY",12240,"2019","09","VA"
"77065","Locality: 149 PRINCE GEORGE COUNTY",21514,"2019","09","VA"
"77075","Locality: 153 PRINCE WILLIAM COUNTY",269668,"2019","09","VA"
"77168","Locality: 155 PULASKI COUNTY",21282,"2019","09","VA"
"77180","Locality: 157 RAPPAHANNOCK COUNTY",5587,"2019","09","VA"
"77186","Locality: 159 RICHMOND COUNTY",5033,"2019","09","VA"
"77191","Locality: 161 ROANOKE COUNTY",65816,"2019","09","VA"
"77224","Locality: 163 ROCKBRIDGE COUNTY",14168,"2019","09","VA"
"77241","Locality: 165 ROCKINGHAM COUNTY",49124,"2019","09","VA"
"77272","Locality: 167 RUSSELL COUNTY",17668,"2019","09","VA"
"77287","Locality: 169 SCOTT COUNTY",14373,"2019","09","VA"
"77304","Locality: 171 SHENANDOAH COUNTY",27817,"2019","09","VA"
"77316","Locality: 173 SMYTH COUNTY",18160,"2019","09","VA"
"77330","Locality: 175 SOUTHAMPTON COUNTY",11717,"2019","09","VA"
"77343","Locality: 177 SPOTSYLVANIA COUNTY",87125,"2019","09","VA"
"77369","Locality: 179 STAFFORD COUNTY",91554,"2019","09","VA"
"77396","Locality: 181 SURRY COUNTY",5280,"2019","09","VA"
"77403","Locality: 183 SUSSEX COUNTY",6605,"2019","09","VA"
"77414","Locality: 185 TAZEWELL COUNTY",23623,"2019","09","VA"
"77434","Locality: 187 WARREN COUNTY",25411,"2019","09","VA"
"77445","Locality: 191 WASHINGTON COUNTY",35004,"2019","09","VA"
"77464","Locality: 193 WESTMORELAND COUNTY",11991,"2019","09","VA"
"77472","Locality: 195 WISE COUNTY",21926,"2019","09","VA"
"77484","Locality: 197 WYTHE COUNTY",18414,"2019","09","VA"
"77495","Locality: 199 YORK COUNTY",43125,"2019","09","VA"
"77508","Locality: 510 ALEXANDRIA CITY",93991,"2019","09","VA"
"77538","Locality: 520 BRISTOL CITY",10321,"2019","09","VA"
"77542","Locality: 530 BUENA VISTA CITY",3596,"2019","09","VA"
"77544","Locality: 540 CHARLOTTESVILLE CITY",29646,"2019","09","VA"
"77553","Locality: 550 CHESAPEAKE CITY",148146,"2019","09","VA"
"77616","Locality: 570 COLONIAL HEIGHTS CITY",11519,"2019","09","VA"
"77621","Locality: 580 COVINGTON CITY",3434,"2019","09","VA"
"77626","Locality: 590 DANVILLE CITY",26056,"2019","09","VA"
"77642","Locality: 595 EMPORIA CITY",3506,"2019","09","VA"
"77649","Locality: 600 FAIRFAX CITY",15611,"2019","09","VA"
"77655","Locality: 610 FALLS CHURCH CITY",9828,"2019","09","VA"
"77658","Locality: 620 FRANKLIN CITY",5187,"2019","09","VA"
"77664","Locality: 630 FREDERICKSBURG CITY",15792,"2019","09","VA"
"77669","Locality: 640 GALAX CITY",3504,"2019","09","VA"
"77672","Locality: 650 HAMPTON CITY",86613,"2019","09","VA"
"77702","Locality: 660 HARRISONBURG CITY",21128,"2019","09","VA"
"77710","Locality: 670 HOPEWELL CITY",13359,"2019","09","VA"
"77717","Locality: 678 LEXINGTON CITY",3517,"2019","09","VA"
"77718","Locality: 680 LYNCHBURG CITY",47583,"2019","09","VA"
"77736","Locality: 683 MANASSAS CITY",20322,"2019","09","VA"
"77742","Locality: 685 MANASSAS PARK CITY",7607,"2019","09","VA"
"77745","Locality: 690 MARTINSVILLE CITY",8075,"2019","09","VA"
"77751","Locality: 700 NEWPORT NEWS CITY",105645,"2019","09","VA"
"77796","Locality: 710 NORFOLK CITY",113552,"2019","09","VA"
"77844","Locality: 720 NORTON CITY",2216,"2019","09","VA"
"77845","Locality: 730 PETERSBURG CITY",20381,"2019","09","VA"
"77852","Locality: 735 POQUOSON CITY",8667,"2019","09","VA"
"77855","Locality: 740 PORTSMOUTH CITY",59301,"2019","09","VA"
"77886","Locality: 750 RADFORD CITY",8180,"2019","09","VA"
"77890","Locality: 760 RICHMOND CITY",136171,"2019","09","VA"
"77959","Locality: 770 ROANOKE CITY",56914,"2019","09","VA"
"77979","Locality: 775 SALEM CITY",16106,"2019","09","VA"
"77989","Locality: 790 STAUNTON CITY",15641,"2019","09","VA"
"77994","Locality: 800 SUFFOLK CITY",59035,"2019","09","VA"
"78021","Locality: 810 VIRGINIA BEACH CITY",280558,"2019","09","VA"
"78121","Locality: 820 WAYNESBORO CITY",12741,"2019","09","VA"
"78125","Locality: 830 WILLIAMSBURG CITY",9078,"2019","09","VA"
"78127","Locality: 840 WINCHESTER CITY",15172,"2019","09","VA"
"78133","Locality: 001 ACCOMACK COUNTY",22341,"2019","10","VA"
"78149","Locality: 003 ALBEMARLE COUNTY",73388,"2019","10","VA"
"78179","Locality: 005 ALLEGHANY COUNTY",10088,"2019","10","VA"
"78191","Locality: 007 AMELIA COUNTY",9124,"2019","10","VA"
"78196","Locality: 009 AMHERST COUNTY",20303,"2019","10","VA"
"78207","Locality: 011 APPOMATTOX COUNTY",10668,"2019","10","VA"
"78216","Locality: 013 ARLINGTON COUNTY",151193,"2019","10","VA"
"78270","Locality: 015 AUGUSTA COUNTY",47816,"2019","10","VA"
"78295","Locality: 017 BATH COUNTY",3058,"2019","10","VA"
"78302","Locality: 019 BEDFORD COUNTY",55429,"2019","10","VA"
"78334","Locality: 021 BLAND COUNTY",4227,"2019","10","VA"
"78341","Locality: 023 BOTETOURT COUNTY",23755,"2019","10","VA"
"78351","Locality: 025 BRUNSWICK COUNTY",10338,"2019","10","VA"
"78364","Locality: 027 BUCHANAN COUNTY",14569,"2019","10","VA"
"78381","Locality: 029 BUCKINGHAM COUNTY",10025,"2019","10","VA"
"78391","Locality: 031 CAMPBELL COUNTY",36277,"2019","10","VA"
"78407","Locality: 033 CAROLINE COUNTY",19464,"2019","10","VA"
"78419","Locality: 035 CARROLL COUNTY",18893,"2019","10","VA"
"78436","Locality: 036 CHARLES CITY COUNTY",5276,"2019","10","VA"
"78439","Locality: 037 CHARLOTTE COUNTY",7836,"2019","10","VA"
"78446","Locality: 041 CHESTERFIELD COUNTY",233774,"2019","10","VA"
"78526","Locality: 043 CLARKE COUNTY",10568,"2019","10","VA"
"78533","Locality: 045 CRAIG COUNTY",3665,"2019","10","VA"
"78541","Locality: 047 CULPEPER COUNTY",31570,"2019","10","VA"
"78556","Locality: 049 CUMBERLAND COUNTY",6649,"2019","10","VA"
"78561","Locality: 051 DICKENSON COUNTY",9707,"2019","10","VA"
"78571","Locality: 053 DINWIDDIE COUNTY",18382,"2019","10","VA"
"78584","Locality: 057 ESSEX COUNTY",7129,"2019","10","VA"
"78588","Locality: 059 FAIRFAX COUNTY",711706,"2019","10","VA"
"78831","Locality: 061 FAUQUIER COUNTY",49172,"2019","10","VA"
"78851","Locality: 063 FLOYD COUNTY",10637,"2019","10","VA"
"78856","Locality: 065 FLUVANNA COUNTY",18006,"2019","10","VA"
"78861","Locality: 067 FRANKLIN COUNTY",35350,"2019","10","VA"
"78884","Locality: 069 FREDERICK COUNTY",56641,"2019","10","VA"
"78905","Locality: 071 GILES COUNTY",10860,"2019","10","VA"
"78914","Locality: 073 GLOUCESTER COUNTY",26652,"2019","10","VA"
"78925","Locality: 075 GOOCHLAND COUNTY",18253,"2019","10","VA"
"78935","Locality: 077 GRAYSON COUNTY",9888,"2019","10","VA"
"78950","Locality: 079 GREENE COUNTY",12636,"2019","10","VA"
"78955","Locality: 081 GREENSVILLE COUNTY",6132,"2019","10","VA"
"78964","Locality: 083 HALIFAX COUNTY",22828,"2019","10","VA"
"78984","Locality: 085 HANOVER COUNTY",77620,"2019","10","VA"
"79020","Locality: 087 HENRICO COUNTY",215853,"2019","10","VA"
"79111","Locality: 089 HENRY COUNTY",33592,"2019","10","VA"
"79135","Locality: 091 HIGHLAND COUNTY",1753,"2019","10","VA"
"79141","Locality: 093 ISLE OF WIGHT COUNTY",27359,"2019","10","VA"
"79155","Locality: 095 JAMES CITY COUNTY",55548,"2019","10","VA"
"79174","Locality: 097 KING & QUEEN COUNTY",4890,"2019","10","VA"
"79179","Locality: 099 KING GEORGE COUNTY",16394,"2019","10","VA"
"79184","Locality: 101 KING WILLIAM COUNTY",12027,"2019","10","VA"
"79190","Locality: 103 LANCASTER COUNTY",8386,"2019","10","VA"
"79196","Locality: 105 LEE COUNTY",14092,"2019","10","VA"
"79212","Locality: 107 LOUDOUN COUNTY",250497,"2019","10","VA"
"79310","Locality: 109 LOUISA COUNTY",24538,"2019","10","VA"
"79325","Locality: 111 LUNENBURG COUNTY",7537,"2019","10","VA"
"79336","Locality: 113 MADISON COUNTY",9106,"2019","10","VA"
"79345","Locality: 115 MATHEWS COUNTY",6766,"2019","10","VA"
"79348","Locality: 117 MECKLENBURG COUNTY",20702,"2019","10","VA"
"79371","Locality: 119 MIDDLESEX COUNTY",7827,"2019","10","VA"
"79377","Locality: 121 MONTGOMERY COUNTY",56197,"2019","10","VA"
"79401","Locality: 125 NELSON COUNTY",10757,"2019","10","VA"
"79410","Locality: 127 NEW KENT COUNTY",15894,"2019","10","VA"
"79420","Locality: 131 NORTHAMPTON COUNTY",8800,"2019","10","VA"
"79425","Locality: 133 NORTHUMBERLAND COUNTY",9195,"2019","10","VA"
"79430","Locality: 135 NOTTOWAY COUNTY",8759,"2019","10","VA"
"79439","Locality: 137 ORANGE COUNTY",24011,"2019","10","VA"
"79449","Locality: 139 PAGE COUNTY",15216,"2019","10","VA"
"79454","Locality: 141 PATRICK COUNTY",11603,"2019","10","VA"
"79467","Locality: 143 PITTSYLVANIA COUNTY",41401,"2019","10","VA"
"79496","Locality: 145 POWHATAN COUNTY",21237,"2019","10","VA"
"79508","Locality: 147 PRINCE EDWARD COUNTY",12365,"2019","10","VA"
"79518","Locality: 149 PRINCE GEORGE COUNTY",21742,"2019","10","VA"
"79528","Locality: 153 PRINCE WILLIAM COUNTY",270943,"2019","10","VA"
"79621","Locality: 155 PULASKI COUNTY",21357,"2019","10","VA"
"79633","Locality: 157 RAPPAHANNOCK COUNTY",5609,"2019","10","VA"
"79639","Locality: 159 RICHMOND COUNTY",5044,"2019","10","VA"
"79644","Locality: 161 ROANOKE COUNTY",66129,"2019","10","VA"
"79677","Locality: 163 ROCKBRIDGE COUNTY",14240,"2019","10","VA"
"79694","Locality: 165 ROCKINGHAM COUNTY",49318,"2019","10","VA"
"79725","Locality: 167 RUSSELL COUNTY",17728,"2019","10","VA"
"79740","Locality: 169 SCOTT COUNTY",14417,"2019","10","VA"
"79757","Locality: 171 SHENANDOAH COUNTY",27982,"2019","10","VA"
"79769","Locality: 173 SMYTH COUNTY",18261,"2019","10","VA"
"79783","Locality: 175 SOUTHAMPTON COUNTY",11797,"2019","10","VA"
"79796","Locality: 177 SPOTSYLVANIA COUNTY",87612,"2019","10","VA"
"79822","Locality: 179 STAFFORD COUNTY",92142,"2019","10","VA"
"79849","Locality: 181 SURRY COUNTY",5309,"2019","10","VA"
"79856","Locality: 183 SUSSEX COUNTY",6622,"2019","10","VA"
"79867","Locality: 185 TAZEWELL COUNTY",23757,"2019","10","VA"
"79887","Locality: 187 WARREN COUNTY",25565,"2019","10","VA"
"79898","Locality: 191 WASHINGTON COUNTY",35143,"2019","10","VA"
"79917","Locality: 193 WESTMORELAND COUNTY",12066,"2019","10","VA"
"79925","Locality: 195 WISE COUNTY",21984,"2019","10","VA"
"79937","Locality: 197 WYTHE COUNTY",18532,"2019","10","VA"
"79948","Locality: 199 YORK COUNTY",43339,"2019","10","VA"
"79961","Locality: 510 ALEXANDRIA CITY",94775,"2019","10","VA"
"79991","Locality: 520 BRISTOL CITY",10390,"2019","10","VA"
"79995","Locality: 530 BUENA VISTA CITY",3638,"2019","10","VA"
"79997","Locality: 540 CHARLOTTESVILLE CITY",30074,"2019","10","VA"
"80006","Locality: 550 CHESAPEAKE CITY",148849,"2019","10","VA"
"80069","Locality: 570 COLONIAL HEIGHTS CITY",11573,"2019","10","VA"
"80074","Locality: 580 COVINGTON CITY",3454,"2019","10","VA"
"80079","Locality: 590 DANVILLE CITY",26135,"2019","10","VA"
"80095","Locality: 595 EMPORIA CITY",3519,"2019","10","VA"
"80102","Locality: 600 FAIRFAX CITY",15688,"2019","10","VA"
"80108","Locality: 610 FALLS CHURCH CITY",9876,"2019","10","VA"
"80111","Locality: 620 FRANKLIN CITY",5224,"2019","10","VA"
"80117","Locality: 630 FREDERICKSBURG CITY",16179,"2019","10","VA"
"80122","Locality: 640 GALAX CITY",3514,"2019","10","VA"
"80125","Locality: 650 HAMPTON CITY",87536,"2019","10","VA"
"80155","Locality: 660 HARRISONBURG CITY",22019,"2019","10","VA"
"80163","Locality: 670 HOPEWELL CITY",13453,"2019","10","VA"
"80170","Locality: 678 LEXINGTON CITY",3534,"2019","10","VA"
"80171","Locality: 680 LYNCHBURG CITY",47922,"2019","10","VA"
"80189","Locality: 683 MANASSAS CITY",20430,"2019","10","VA"
"80195","Locality: 685 MANASSAS PARK CITY",7652,"2019","10","VA"
"80198","Locality: 690 MARTINSVILLE CITY",8108,"2019","10","VA"
"80204","Locality: 700 NEWPORT NEWS CITY",106623,"2019","10","VA"
"80249","Locality: 710 NORFOLK CITY",115294,"2019","10","VA"
"80297","Locality: 720 NORTON CITY",2232,"2019","10","VA"
"80298","Locality: 730 PETERSBURG CITY",20432,"2019","10","VA"
"80305","Locality: 735 POQUOSON CITY",8665,"2019","10","VA"
"80308","Locality: 740 PORTSMOUTH CITY",59574,"2019","10","VA"
"80339","Locality: 750 RADFORD CITY",8613,"2019","10","VA"
"80343","Locality: 760 RICHMOND CITY",138227,"2019","10","VA"
"80412","Locality: 770 ROANOKE CITY",57306,"2019","10","VA"
"80432","Locality: 775 SALEM CITY",16243,"2019","10","VA"
"80442","Locality: 790 STAUNTON CITY",15800,"2019","10","VA"
"80447","Locality: 800 SUFFOLK CITY",59458,"2019","10","VA"
"80474","Locality: 810 VIRGINIA BEACH CITY",282166,"2019","10","VA"
"80574","Locality: 820 WAYNESBORO CITY",12811,"2019","10","VA"
"80578","Locality: 830 WILLIAMSBURG CITY",9330,"2019","10","VA"
"80580","Locality: 840 WINCHESTER CITY",15355,"2019","10","VA"
"80586","Locality: 001 ACCOMACK COUNTY",22387,"2019","11","VA"
"80602","Locality: 003 ALBEMARLE COUNTY",73743,"2019","11","VA"
"80632","Locality: 005 ALLEGHANY COUNTY",10107,"2019","11","VA"
"80644","Locality: 007 AMELIA COUNTY",9157,"2019","11","VA"
"80649","Locality: 009 AMHERST COUNTY",20348,"2019","11","VA"
"80660","Locality: 011 APPOMATTOX COUNTY",10702,"2019","11","VA"
"80669","Locality: 013 ARLINGTON COUNTY",152092,"2019","11","VA"
"80723","Locality: 015 AUGUSTA COUNTY",47944,"2019","11","VA"
"80748","Locality: 017 BATH COUNTY",3066,"2019","11","VA"
"80755","Locality: 019 BEDFORD COUNTY",55526,"2019","11","VA"
"80787","Locality: 021 BLAND COUNTY",4262,"2019","11","VA"
"80794","Locality: 023 BOTETOURT COUNTY",23802,"2019","11","VA"
"80804","Locality: 025 BRUNSWICK COUNTY",10365,"2019","11","VA"
"80817","Locality: 027 BUCHANAN COUNTY",14637,"2019","11","VA"
"80834","Locality: 029 BUCKINGHAM COUNTY",10041,"2019","11","VA"
"80844","Locality: 031 CAMPBELL COUNTY",36388,"2019","11","VA"
"80860","Locality: 033 CAROLINE COUNTY",19546,"2019","11","VA"
"80872","Locality: 035 CARROLL COUNTY",18918,"2019","11","VA"
"80889","Locality: 036 CHARLES CITY COUNTY",5289,"2019","11","VA"
"80892","Locality: 037 CHARLOTTE COUNTY",7925,"2019","11","VA"
"80899","Locality: 041 CHESTERFIELD COUNTY",234707,"2019","11","VA"
"80979","Locality: 043 CLARKE COUNTY",10620,"2019","11","VA"
"80986","Locality: 045 CRAIG COUNTY",3687,"2019","11","VA"
"80994","Locality: 047 CULPEPER COUNTY",31638,"2019","11","VA"
"81009","Locality: 049 CUMBERLAND COUNTY",6672,"2019","11","VA"
"81014","Locality: 051 DICKENSON COUNTY",9778,"2019","11","VA"
"81024","Locality: 053 DINWIDDIE COUNTY",18423,"2019","11","VA"
"81037","Locality: 057 ESSEX COUNTY",7139,"2019","11","VA"
"81041","Locality: 059 FAIRFAX COUNTY",712986,"2019","11","VA"
"81284","Locality: 061 FAUQUIER COUNTY",49274,"2019","11","VA"
"81304","Locality: 063 FLOYD COUNTY",10679,"2019","11","VA"
"81309","Locality: 065 FLUVANNA COUNTY",18062,"2019","11","VA"
"81314","Locality: 067 FRANKLIN COUNTY",35485,"2019","11","VA"
"81337","Locality: 069 FREDERICK COUNTY",57013,"2019","11","VA"
"81358","Locality: 071 GILES COUNTY",10896,"2019","11","VA"
"81367","Locality: 073 GLOUCESTER COUNTY",26705,"2019","11","VA"
"81378","Locality: 075 GOOCHLAND COUNTY",18332,"2019","11","VA"
"81388","Locality: 077 GRAYSON COUNTY",9930,"2019","11","VA"
"81403","Locality: 079 GREENE COUNTY",12704,"2019","11","VA"
"81408","Locality: 081 GREENSVILLE COUNTY",6162,"2019","11","VA"
"81417","Locality: 083 HALIFAX COUNTY",22850,"2019","11","VA"
"81437","Locality: 085 HANOVER COUNTY",77720,"2019","11","VA"
"81473","Locality: 087 HENRICO COUNTY",216300,"2019","11","VA"
"81564","Locality: 089 HENRY COUNTY",33584,"2019","11","VA"
"81588","Locality: 091 HIGHLAND COUNTY",1757,"2019","11","VA"
"81594","Locality: 093 ISLE OF WIGHT COUNTY",27454,"2019","11","VA"
"81608","Locality: 095 JAMES CITY COUNTY",55724,"2019","11","VA"
"81627","Locality: 097 KING & QUEEN COUNTY",4898,"2019","11","VA"
"81632","Locality: 099 KING GEORGE COUNTY",16457,"2019","11","VA"
"81637","Locality: 101 KING WILLIAM COUNTY",12040,"2019","11","VA"
"81643","Locality: 103 LANCASTER COUNTY",8406,"2019","11","VA"
"81649","Locality: 105 LEE COUNTY",14143,"2019","11","VA"
"81665","Locality: 107 LOUDOUN COUNTY",251068,"2019","11","VA"
"81763","Locality: 109 LOUISA COUNTY",24627,"2019","11","VA"
"81778","Locality: 111 LUNENBURG COUNTY",7545,"2019","11","VA"
"81789","Locality: 113 MADISON COUNTY",9127,"2019","11","VA"
"81798","Locality: 115 MATHEWS COUNTY",6766,"2019","11","VA"
"81801","Locality: 117 MECKLENBURG COUNTY",20697,"2019","11","VA"
"81824","Locality: 119 MIDDLESEX COUNTY",7860,"2019","11","VA"
"81830","Locality: 121 MONTGOMERY COUNTY",56783,"2019","11","VA"
"81854","Locality: 125 NELSON COUNTY",10779,"2019","11","VA"
"81863","Locality: 127 NEW KENT COUNTY",15943,"2019","11","VA"
"81873","Locality: 131 NORTHAMPTON COUNTY",8819,"2019","11","VA"
"81878","Locality: 133 NORTHUMBERLAND COUNTY",9218,"2019","11","VA"
"81883","Locality: 135 NOTTOWAY COUNTY",8794,"2019","11","VA"
"81892","Locality: 137 ORANGE COUNTY",24053,"2019","11","VA"
"81902","Locality: 139 PAGE COUNTY",15227,"2019","11","VA"
"81907","Locality: 141 PATRICK COUNTY",11628,"2019","11","VA"
"81920","Locality: 143 PITTSYLVANIA COUNTY",41458,"2019","11","VA"
"81949","Locality: 145 POWHATAN COUNTY",21305,"2019","11","VA"
"81961","Locality: 147 PRINCE EDWARD COUNTY",12482,"2019","11","VA"
"81971","Locality: 149 PRINCE GEORGE COUNTY",21884,"2019","11","VA"
"81981","Locality: 153 PRINCE WILLIAM COUNTY",271668,"2019","11","VA"
"82074","Locality: 155 PULASKI COUNTY",21348,"2019","11","VA"
"82086","Locality: 157 RAPPAHANNOCK COUNTY",5630,"2019","11","VA"
"82092","Locality: 159 RICHMOND COUNTY",5054,"2019","11","VA"
"82097","Locality: 161 ROANOKE COUNTY",66184,"2019","11","VA"
"82130","Locality: 163 ROCKBRIDGE COUNTY",14272,"2019","11","VA"
"82147","Locality: 165 ROCKINGHAM COUNTY",49442,"2019","11","VA"
"82178","Locality: 167 RUSSELL COUNTY",17760,"2019","11","VA"
"82193","Locality: 169 SCOTT COUNTY",14459,"2019","11","VA"
"82210","Locality: 171 SHENANDOAH COUNTY",28015,"2019","11","VA"
"82222","Locality: 173 SMYTH COUNTY",18286,"2019","11","VA"
"82236","Locality: 175 SOUTHAMPTON COUNTY",11839,"2019","11","VA"
"82249","Locality: 177 SPOTSYLVANIA COUNTY",87919,"2019","11","VA"
"82275","Locality: 179 STAFFORD COUNTY",92474,"2019","11","VA"
"82302","Locality: 181 SURRY COUNTY",5315,"2019","11","VA"
"82309","Locality: 183 SUSSEX COUNTY",6648,"2019","11","VA"
"82320","Locality: 185 TAZEWELL COUNTY",23806,"2019","11","VA"
"82340","Locality: 187 WARREN COUNTY",25663,"2019","11","VA"
"82351","Locality: 191 WASHINGTON COUNTY",35190,"2019","11","VA"
"82370","Locality: 193 WESTMORELAND COUNTY",12099,"2019","11","VA"
"82378","Locality: 195 WISE COUNTY",22010,"2019","11","VA"
"82390","Locality: 197 WYTHE COUNTY",18569,"2019","11","VA"
"82401","Locality: 199 YORK COUNTY",43490,"2019","11","VA"
"82414","Locality: 510 ALEXANDRIA CITY",95138,"2019","11","VA"
"82444","Locality: 520 BRISTOL CITY",10407,"2019","11","VA"
"82448","Locality: 530 BUENA VISTA CITY",3705,"2019","11","VA"
"82450","Locality: 540 CHARLOTTESVILLE CITY",30583,"2019","11","VA"
"82459","Locality: 550 CHESAPEAKE CITY",149747,"2019","11","VA"
"82522","Locality: 570 COLONIAL HEIGHTS CITY",11605,"2019","11","VA"
"82527","Locality: 580 COVINGTON CITY",3471,"2019","11","VA"
"82532","Locality: 590 DANVILLE CITY",26169,"2019","11","VA"
"82548","Locality: 595 EMPORIA CITY",3540,"2019","11","VA"
"82555","Locality: 600 FAIRFAX CITY",15722,"2019","11","VA"
"82561","Locality: 610 FALLS CHURCH CITY",9912,"2019","11","VA"
"82564","Locality: 620 FRANKLIN CITY",5252,"2019","11","VA"
"82570","Locality: 630 FREDERICKSBURG CITY",16258,"2019","11","VA"
"82575","Locality: 640 GALAX CITY",3519,"2019","11","VA"
"82578","Locality: 650 HAMPTON CITY",88152,"2019","11","VA"
"82608","Locality: 660 HARRISONBURG CITY",22730,"2019","11","VA"
"82616","Locality: 670 HOPEWELL CITY",13491,"2019","11","VA"
"82623","Locality: 678 LEXINGTON CITY",3577,"2019","11","VA"
"82624","Locality: 680 LYNCHBURG CITY",48215,"2019","11","VA"
"82642","Locality: 683 MANASSAS CITY",20504,"2019","11","VA"
"82648","Locality: 685 MANASSAS PARK CITY",7670,"2019","11","VA"
"82651","Locality: 690 MARTINSVILLE CITY",8118,"2019","11","VA"
"82657","Locality: 700 NEWPORT NEWS CITY",107333,"2019","11","VA"
"82702","Locality: 710 NORFOLK CITY",116397,"2019","11","VA"
"82750","Locality: 720 NORTON CITY",2233,"2019","11","VA"
"82751","Locality: 730 PETERSBURG CITY",20550,"2019","11","VA"
"82758","Locality: 735 POQUOSON CITY",8677,"2019","11","VA"
"82761","Locality: 740 PORTSMOUTH CITY",59787,"2019","11","VA"
"82792","Locality: 750 RADFORD CITY",8787,"2019","11","VA"
"82796","Locality: 760 RICHMOND CITY",141665,"2019","11","VA"
"82865","Locality: 770 ROANOKE CITY",57454,"2019","11","VA"
"82885","Locality: 775 SALEM CITY",16320,"2019","11","VA"
"82895","Locality: 790 STAUNTON CITY",15850,"2019","11","VA"
"82900","Locality: 800 SUFFOLK CITY",59713,"2019","11","VA"
"82927","Locality: 810 VIRGINIA BEACH CITY",283131,"2019","11","VA"
"83027","Locality: 820 WAYNESBORO CITY",12839,"2019","11","VA"
"83031","Locality: 830 WILLIAMSBURG CITY",9473,"2019","11","VA"
"83033","Locality: 840 WINCHESTER CITY",15386,"2019","11","VA"
"83039","Locality: 001 ACCOMACK COUNTY",22492,"2019","12","VA"
"83055","Locality: 003 ALBEMARLE COUNTY",74120,"2019","12","VA"
"83085","Locality: 005 ALLEGHANY COUNTY",10143,"2019","12","VA"
"83097","Locality: 007 AMELIA COUNTY",9206,"2019","12","VA"
"83102","Locality: 009 AMHERST COUNTY",20443,"2019","12","VA"
"83113","Locality: 011 APPOMATTOX COUNTY",10730,"2019","12","VA"
"83122","Locality: 013 ARLINGTON COUNTY",153279,"2019","12","VA"
"83176","Locality: 015 AUGUSTA COUNTY",48163,"2019","12","VA"
"83201","Locality: 017 BATH COUNTY",3075,"2019","12","VA"
"83208","Locality: 019 BEDFORD COUNTY",55777,"2019","12","VA"
"83240","Locality: 021 BLAND COUNTY",4278,"2019","12","VA"
"83247","Locality: 023 BOTETOURT COUNTY",23847,"2019","12","VA"
"83257","Locality: 025 BRUNSWICK COUNTY",10404,"2019","12","VA"
"83270","Locality: 027 BUCHANAN COUNTY",14640,"2019","12","VA"
"83287","Locality: 029 BUCKINGHAM COUNTY",10091,"2019","12","VA"
"83297","Locality: 031 CAMPBELL COUNTY",36503,"2019","12","VA"
"83313","Locality: 033 CAROLINE COUNTY",19642,"2019","12","VA"
"83325","Locality: 035 CARROLL COUNTY",18996,"2019","12","VA"
"83342","Locality: 036 CHARLES CITY COUNTY",5331,"2019","12","VA"
"83345","Locality: 037 CHARLOTTE COUNTY",7873,"2019","12","VA"
"83352","Locality: 041 CHESTERFIELD COUNTY",236042,"2019","12","VA"
"83432","Locality: 043 CLARKE COUNTY",10670,"2019","12","VA"
"83439","Locality: 045 CRAIG COUNTY",3699,"2019","12","VA"
"83447","Locality: 047 CULPEPER COUNTY",31829,"2019","12","VA"
"83462","Locality: 049 CUMBERLAND COUNTY",6677,"2019","12","VA"
"83467","Locality: 051 DICKENSON COUNTY",9815,"2019","12","VA"
"83477","Locality: 053 DINWIDDIE COUNTY",18505,"2019","12","VA"
"83490","Locality: 057 ESSEX COUNTY",7199,"2019","12","VA"
"83494","Locality: 059 FAIRFAX COUNTY",717003,"2019","12","VA"
"83737","Locality: 061 FAUQUIER COUNTY",49542,"2019","12","VA"
"83757","Locality: 063 FLOYD COUNTY",10701,"2019","12","VA"
"83762","Locality: 065 FLUVANNA COUNTY",18141,"2019","12","VA"
"83767","Locality: 067 FRANKLIN COUNTY",35611,"2019","12","VA"
"83790","Locality: 069 FREDERICK COUNTY",57377,"2019","12","VA"
"83811","Locality: 071 GILES COUNTY",10961,"2019","12","VA"
"83820","Locality: 073 GLOUCESTER COUNTY",26831,"2019","12","VA"
"83831","Locality: 075 GOOCHLAND COUNTY",18407,"2019","12","VA"
"83841","Locality: 077 GRAYSON COUNTY",9969,"2019","12","VA"
"83856","Locality: 079 GREENE COUNTY",12773,"2019","12","VA"
"83861","Locality: 081 GREENSVILLE COUNTY",6151,"2019","12","VA"
"83870","Locality: 083 HALIFAX COUNTY",22899,"2019","12","VA"
"83890","Locality: 085 HANOVER COUNTY",78142,"2019","12","VA"
"83926","Locality: 087 HENRICO COUNTY",217102,"2019","12","VA"
"84017","Locality: 089 HENRY COUNTY",33838,"2019","12","VA"
"84041","Locality: 091 HIGHLAND COUNTY",1761,"2019","12","VA"
"84047","Locality: 093 ISLE OF WIGHT COUNTY",27578,"2019","12","VA"
"84061","Locality: 095 JAMES CITY COUNTY",56038,"2019","12","VA"
"84080","Locality: 097 KING & QUEEN COUNTY",4912,"2019","12","VA"
"84085","Locality: 099 KING GEORGE COUNTY",16566,"2019","12","VA"
"84090","Locality: 101 KING WILLIAM COUNTY",12096,"2019","12","VA"
"84096","Locality: 103 LANCASTER COUNTY",8433,"2019","12","VA"
"84102","Locality: 105 LEE COUNTY",14168,"2019","12","VA"
"84118","Locality: 107 LOUDOUN COUNTY",253127,"2019","12","VA"
"84216","Locality: 109 LOUISA COUNTY",24827,"2019","12","VA"
"84231","Locality: 111 LUNENBURG COUNTY",7562,"2019","12","VA"
"84242","Locality: 113 MADISON COUNTY",9174,"2019","12","VA"
"84251","Locality: 115 MATHEWS COUNTY",6789,"2019","12","VA"
"84254","Locality: 117 MECKLENBURG COUNTY",20774,"2019","12","VA"
"84277","Locality: 119 MIDDLESEX COUNTY",7891,"2019","12","VA"
"84283","Locality: 121 MONTGOMERY COUNTY",57052,"2019","12","VA"
"84307","Locality: 125 NELSON COUNTY",10794,"2019","12","VA"
"84316","Locality: 127 NEW KENT COUNTY",16013,"2019","12","VA"
"84326","Locality: 131 NORTHAMPTON COUNTY",8855,"2019","12","VA"
"84331","Locality: 133 NORTHUMBERLAND COUNTY",9256,"2019","12","VA"
"84336","Locality: 135 NOTTOWAY COUNTY",8843,"2019","12","VA"
"84345","Locality: 137 ORANGE COUNTY",24173,"2019","12","VA"
"84355","Locality: 139 PAGE COUNTY",15307,"2019","12","VA"
"84360","Locality: 141 PATRICK COUNTY",11673,"2019","12","VA"
"84373","Locality: 143 PITTSYLVANIA COUNTY",41596,"2019","12","VA"
"84402","Locality: 145 POWHATAN COUNTY",21404,"2019","12","VA"
"84414","Locality: 147 PRINCE EDWARD COUNTY",12515,"2019","12","VA"
"84424","Locality: 149 PRINCE GEORGE COUNTY",21945,"2019","12","VA"
"84434","Locality: 153 PRINCE WILLIAM COUNTY",273753,"2019","12","VA"
"84527","Locality: 155 PULASKI COUNTY",21411,"2019","12","VA"
"84539","Locality: 157 RAPPAHANNOCK COUNTY",5636,"2019","12","VA"
"84545","Locality: 159 RICHMOND COUNTY",5062,"2019","12","VA"
"84550","Locality: 161 ROANOKE COUNTY",66448,"2019","12","VA"
"84583","Locality: 163 ROCKBRIDGE COUNTY",14326,"2019","12","VA"
"84600","Locality: 165 ROCKINGHAM COUNTY",49668,"2019","12","VA"
"84631","Locality: 167 RUSSELL COUNTY",17786,"2019","12","VA"
"84646","Locality: 169 SCOTT COUNTY",14497,"2019","12","VA"
"84663","Locality: 171 SHENANDOAH COUNTY",28198,"2019","12","VA"
"84675","Locality: 173 SMYTH COUNTY",18344,"2019","12","VA"
"84689","Locality: 175 SOUTHAMPTON COUNTY",11868,"2019","12","VA"
"84702","Locality: 177 SPOTSYLVANIA COUNTY",88611,"2019","12","VA"
"84728","Locality: 179 STAFFORD COUNTY",93052,"2019","12","VA"
"84755","Locality: 181 SURRY COUNTY",5340,"2019","12","VA"
"84762","Locality: 183 SUSSEX COUNTY",6658,"2019","12","VA"
"84773","Locality: 185 TAZEWELL COUNTY",23957,"2019","12","VA"
"84793","Locality: 187 WARREN COUNTY",25818,"2019","12","VA"
"84804","Locality: 191 WASHINGTON COUNTY",35323,"2019","12","VA"
"84823","Locality: 193 WESTMORELAND COUNTY",12154,"2019","12","VA"
"84831","Locality: 195 WISE COUNTY",22076,"2019","12","VA"
"84843","Locality: 197 WYTHE COUNTY",18634,"2019","12","VA"
"84854","Locality: 199 YORK COUNTY",43706,"2019","12","VA"
"84867","Locality: 510 ALEXANDRIA CITY",95988,"2019","12","VA"
"84897","Locality: 520 BRISTOL CITY",10460,"2019","12","VA"
"84901","Locality: 530 BUENA VISTA CITY",3723,"2019","12","VA"
"84903","Locality: 540 CHARLOTTESVILLE CITY",30704,"2019","12","VA"
"84912","Locality: 550 CHESAPEAKE CITY",150576,"2019","12","VA"
"84975","Locality: 570 COLONIAL HEIGHTS CITY",11677,"2019","12","VA"
"84980","Locality: 580 COVINGTON CITY",3476,"2019","12","VA"
"84985","Locality: 590 DANVILLE CITY",26220,"2019","12","VA"
"85001","Locality: 595 EMPORIA CITY",3578,"2019","12","VA"
"85008","Locality: 600 FAIRFAX CITY",15782,"2019","12","VA"
"85014","Locality: 610 FALLS CHURCH CITY",9963,"2019","12","VA"
"85017","Locality: 620 FRANKLIN CITY",5289,"2019","12","VA"
"85023","Locality: 630 FREDERICKSBURG CITY",16323,"2019","12","VA"
"85028","Locality: 640 GALAX CITY",3527,"2019","12","VA"
"85031","Locality: 650 HAMPTON CITY",88602,"2019","12","VA"
"85061","Locality: 660 HARRISONBURG CITY",22889,"2019","12","VA"
"85069","Locality: 670 HOPEWELL CITY",13587,"2019","12","VA"
"85076","Locality: 678 LEXINGTON CITY",3590,"2019","12","VA"
"85077","Locality: 680 LYNCHBURG CITY",48521,"2019","12","VA"
"85095","Locality: 683 MANASSAS CITY",20613,"2019","12","VA"
"85101","Locality: 685 MANASSAS PARK CITY",7743,"2019","12","VA"
"85104","Locality: 690 MARTINSVILLE CITY",8181,"2019","12","VA"
"85110","Locality: 700 NEWPORT NEWS CITY",108070,"2019","12","VA"
"85155","Locality: 710 NORFOLK CITY",117167,"2019","12","VA"
"85203","Locality: 720 NORTON CITY",2233,"2019","12","VA"
"85204","Locality: 730 PETERSBURG CITY",20518,"2019","12","VA"
"85211","Locality: 735 POQUOSON CITY",8695,"2019","12","VA"
"85214","Locality: 740 PORTSMOUTH CITY",60050,"2019","12","VA"
"85245","Locality: 750 RADFORD CITY",8806,"2019","12","VA"
"85249","Locality: 760 RICHMOND CITY",142380,"2019","12","VA"
"85318","Locality: 770 ROANOKE CITY",57787,"2019","12","VA"
"85338","Locality: 775 SALEM CITY",16356,"2019","12","VA"
"85348","Locality: 790 STAUNTON CITY",15941,"2019","12","VA"
"85353","Locality: 800 SUFFOLK CITY",60120,"2019","12","VA"
"85380","Locality: 810 VIRGINIA BEACH CITY",284781,"2019","12","VA"
"85480","Locality: 820 WAYNESBORO CITY",12930,"2019","12","VA"
"85484","Locality: 830 WILLIAMSBURG CITY",9522,"2019","12","VA"
"85486","Locality: 840 WINCHESTER CITY",15481,"2019","12","VA"
"85492","Locality: 001 ACCOMACK COUNTY",22535,"2020","01","VA"
"85508","Locality: 003 ALBEMARLE COUNTY",74191,"2020","01","VA"
"85538","Locality: 005 ALLEGHANY COUNTY",10157,"2020","01","VA"
"85550","Locality: 007 AMELIA COUNTY",9215,"2020","01","VA"
"85555","Locality: 009 AMHERST COUNTY",20466,"2020","01","VA"
"85566","Locality: 011 APPOMATTOX COUNTY",10781,"2020","01","VA"
"85575","Locality: 013 ARLINGTON COUNTY",153878,"2020","01","VA"
"85629","Locality: 015 AUGUSTA COUNTY",48317,"2020","01","VA"
"85654","Locality: 017 BATH COUNTY",3081,"2020","01","VA"
"85661","Locality: 019 BEDFORD COUNTY",55891,"2020","01","VA"
"85693","Locality: 021 BLAND COUNTY",4274,"2020","01","VA"
"85700","Locality: 023 BOTETOURT COUNTY",23897,"2020","01","VA"
"85710","Locality: 025 BRUNSWICK COUNTY",10406,"2020","01","VA"
"85723","Locality: 027 BUCHANAN COUNTY",14631,"2020","01","VA"
"85740","Locality: 029 BUCKINGHAM COUNTY",10095,"2020","01","VA"
"85750","Locality: 031 CAMPBELL COUNTY",36581,"2020","01","VA"
"85766","Locality: 033 CAROLINE COUNTY",19672,"2020","01","VA"
"85778","Locality: 035 CARROLL COUNTY",19019,"2020","01","VA"
"85795","Locality: 036 CHARLES CITY COUNTY",5338,"2020","01","VA"
"85798","Locality: 037 CHARLOTTE COUNTY",7857,"2020","01","VA"
"85805","Locality: 041 CHESTERFIELD COUNTY",236520,"2020","01","VA"
"85885","Locality: 043 CLARKE COUNTY",10664,"2020","01","VA"
"85892","Locality: 045 CRAIG COUNTY",3704,"2020","01","VA"
"85900","Locality: 047 CULPEPER COUNTY",31904,"2020","01","VA"
"85915","Locality: 049 CUMBERLAND COUNTY",6685,"2020","01","VA"
"85920","Locality: 051 DICKENSON COUNTY",9794,"2020","01","VA"
"85930","Locality: 053 DINWIDDIE COUNTY",18523,"2020","01","VA"
"85943","Locality: 057 ESSEX COUNTY",7214,"2020","01","VA"
"85947","Locality: 059 FAIRFAX COUNTY",719701,"2020","01","VA"
"86190","Locality: 061 FAUQUIER COUNTY",49689,"2020","01","VA"
"86210","Locality: 063 FLOYD COUNTY",10738,"2020","01","VA"
"86215","Locality: 065 FLUVANNA COUNTY",18184,"2020","01","VA"
"86220","Locality: 067 FRANKLIN COUNTY",35691,"2020","01","VA"
"86243","Locality: 069 FREDERICK COUNTY",57546,"2020","01","VA"
"86264","Locality: 071 GILES COUNTY",10959,"2020","01","VA"
"86273","Locality: 073 GLOUCESTER COUNTY",26895,"2020","01","VA"
"86284","Locality: 075 GOOCHLAND COUNTY",18442,"2020","01","VA"
"86294","Locality: 077 GRAYSON COUNTY",9993,"2020","01","VA"
"86309","Locality: 079 GREENE COUNTY",12809,"2020","01","VA"
"86314","Locality: 081 GREENSVILLE COUNTY",6158,"2020","01","VA"
"86323","Locality: 083 HALIFAX COUNTY",22900,"2020","01","VA"
"86343","Locality: 085 HANOVER COUNTY",78288,"2020","01","VA"
"86379","Locality: 087 HENRICO COUNTY",217584,"2020","01","VA"
"86470","Locality: 089 HENRY COUNTY",33884,"2020","01","VA"
"86494","Locality: 091 HIGHLAND COUNTY",1762,"2020","01","VA"
"86500","Locality: 093 ISLE OF WIGHT COUNTY",27634,"2020","01","VA"
"86514","Locality: 095 JAMES CITY COUNTY",56125,"2020","01","VA"
"86533","Locality: 097 KING & QUEEN COUNTY",4908,"2020","01","VA"
"86538","Locality: 099 KING GEORGE COUNTY",16600,"2020","01","VA"
"86543","Locality: 101 KING WILLIAM COUNTY",12108,"2020","01","VA"
"86549","Locality: 103 LANCASTER COUNTY",8422,"2020","01","VA"
"86555","Locality: 105 LEE COUNTY",14178,"2020","01","VA"
"86571","Locality: 107 LOUDOUN COUNTY",254993,"2020","01","VA"
"86669","Locality: 109 LOUISA COUNTY",24876,"2020","01","VA"
"86684","Locality: 111 LUNENBURG COUNTY",7569,"2020","01","VA"
"86695","Locality: 113 MADISON COUNTY",9197,"2020","01","VA"
"86704","Locality: 115 MATHEWS COUNTY",6782,"2020","01","VA"
"86707","Locality: 117 MECKLENBURG COUNTY",20800,"2020","01","VA"
"86730","Locality: 119 MIDDLESEX COUNTY",7895,"2020","01","VA"
"86736","Locality: 121 MONTGOMERY COUNTY",57088,"2020","01","VA"
"86760","Locality: 125 NELSON COUNTY",10799,"2020","01","VA"
"86769","Locality: 127 NEW KENT COUNTY",16049,"2020","01","VA"
"86779","Locality: 131 NORTHAMPTON COUNTY",8862,"2020","01","VA"
"86784","Locality: 133 NORTHUMBERLAND COUNTY",9259,"2020","01","VA"
"86789","Locality: 135 NOTTOWAY COUNTY",8846,"2020","01","VA"
"86798","Locality: 137 ORANGE COUNTY",24225,"2020","01","VA"
"86808","Locality: 139 PAGE COUNTY",15322,"2020","01","VA"
"86813","Locality: 141 PATRICK COUNTY",11695,"2020","01","VA"
"86826","Locality: 143 PITTSYLVANIA COUNTY",41603,"2020","01","VA"
"86855","Locality: 145 POWHATAN COUNTY",21473,"2020","01","VA"
"86867","Locality: 147 PRINCE EDWARD COUNTY",12531,"2020","01","VA"
"86877","Locality: 149 PRINCE GEORGE COUNTY",22008,"2020","01","VA"
"86887","Locality: 153 PRINCE WILLIAM COUNTY",275001,"2020","01","VA"
"86980","Locality: 155 PULASKI COUNTY",21472,"2020","01","VA"
"86992","Locality: 157 RAPPAHANNOCK COUNTY",5636,"2020","01","VA"
"86998","Locality: 159 RICHMOND COUNTY",5077,"2020","01","VA"
"87003","Locality: 161 ROANOKE COUNTY",66537,"2020","01","VA"
"87036","Locality: 163 ROCKBRIDGE COUNTY",14358,"2020","01","VA"
"87053","Locality: 165 ROCKINGHAM COUNTY",49788,"2020","01","VA"
"87084","Locality: 167 RUSSELL COUNTY",17805,"2020","01","VA"
"87099","Locality: 169 SCOTT COUNTY",14526,"2020","01","VA"
"87116","Locality: 171 SHENANDOAH COUNTY",28273,"2020","01","VA"
"87128","Locality: 173 SMYTH COUNTY",18390,"2020","01","VA"
"87142","Locality: 175 SOUTHAMPTON COUNTY",11925,"2020","01","VA"
"87155","Locality: 177 SPOTSYLVANIA COUNTY",88886,"2020","01","VA"
"87181","Locality: 179 STAFFORD COUNTY",93444,"2020","01","VA"
"87208","Locality: 181 SURRY COUNTY",5331,"2020","01","VA"
"87215","Locality: 183 SUSSEX COUNTY",6652,"2020","01","VA"
"87226","Locality: 185 TAZEWELL COUNTY",24001,"2020","01","VA"
"87246","Locality: 187 WARREN COUNTY",25911,"2020","01","VA"
"87257","Locality: 191 WASHINGTON COUNTY",35420,"2020","01","VA"
"87276","Locality: 193 WESTMORELAND COUNTY",12172,"2020","01","VA"
"87284","Locality: 195 WISE COUNTY",22148,"2020","01","VA"
"87296","Locality: 197 WYTHE COUNTY",18657,"2020","01","VA"
"87307","Locality: 199 YORK COUNTY",43812,"2020","01","VA"
"87320","Locality: 510 ALEXANDRIA CITY",96390,"2020","01","VA"
"87350","Locality: 520 BRISTOL CITY",10493,"2020","01","VA"
"87354","Locality: 530 BUENA VISTA CITY",3732,"2020","01","VA"
"87356","Locality: 540 CHARLOTTESVILLE CITY",30771,"2020","01","VA"
"87365","Locality: 550 CHESAPEAKE CITY",151196,"2020","01","VA"
"87428","Locality: 570 COLONIAL HEIGHTS CITY",11698,"2020","01","VA"
"87433","Locality: 580 COVINGTON CITY",3483,"2020","01","VA"
"87438","Locality: 590 DANVILLE CITY",26227,"2020","01","VA"
"87454","Locality: 595 EMPORIA CITY",3572,"2020","01","VA"
"87461","Locality: 600 FAIRFAX CITY",15938,"2020","01","VA"
"87467","Locality: 610 FALLS CHURCH CITY",9993,"2020","01","VA"
"87470","Locality: 620 FRANKLIN CITY",5293,"2020","01","VA"
"87476","Locality: 630 FREDERICKSBURG CITY",16350,"2020","01","VA"
"87481","Locality: 640 GALAX CITY",3532,"2020","01","VA"
"87484","Locality: 650 HAMPTON CITY",88741,"2020","01","VA"
"87514","Locality: 660 HARRISONBURG CITY",22910,"2020","01","VA"
"87522","Locality: 670 HOPEWELL CITY",13607,"2020","01","VA"
"87529","Locality: 678 LEXINGTON CITY",3596,"2020","01","VA"
"87530","Locality: 680 LYNCHBURG CITY",48587,"2020","01","VA"
"87548","Locality: 683 MANASSAS CITY",20664,"2020","01","VA"
"87554","Locality: 685 MANASSAS PARK CITY",7737,"2020","01","VA"
"87557","Locality: 690 MARTINSVILLE CITY",8173,"2020","01","VA"
"87563","Locality: 700 NEWPORT NEWS CITY",108263,"2020","01","VA"
"87608","Locality: 710 NORFOLK CITY",117454,"2020","01","VA"
"87656","Locality: 720 NORTON CITY",2232,"2020","01","VA"
"87657","Locality: 730 PETERSBURG CITY",20652,"2020","01","VA"
"87664","Locality: 735 POQUOSON CITY",8725,"2020","01","VA"
"87667","Locality: 740 PORTSMOUTH CITY",60170,"2020","01","VA"
"87698","Locality: 750 RADFORD CITY",8786,"2020","01","VA"
"87702","Locality: 760 RICHMOND CITY",142550,"2020","01","VA"
"87771","Locality: 770 ROANOKE CITY",57942,"2020","01","VA"
"87791","Locality: 775 SALEM CITY",16392,"2020","01","VA"
"87801","Locality: 790 STAUNTON CITY",15980,"2020","01","VA"
"87806","Locality: 800 SUFFOLK CITY",60280,"2020","01","VA"
"87833","Locality: 810 VIRGINIA BEACH CITY",285377,"2020","01","VA"
"87933","Locality: 820 WAYNESBORO CITY",12981,"2020","01","VA"
"87937","Locality: 830 WILLIAMSBURG CITY",9513,"2020","01","VA"
"87939","Locality: 840 WINCHESTER CITY",15535,"2020","01","VA"
"87945","Locality: 001 ACCOMACK COUNTY",22573,"2020","02","VA"
"87961","Locality: 003 ALBEMARLE COUNTY",74597,"2020","02","VA"
"87991","Locality: 005 ALLEGHANY COUNTY",10189,"2020","02","VA"
"88003","Locality: 007 AMELIA COUNTY",9228,"2020","02","VA"
"88008","Locality: 009 AMHERST COUNTY",20511,"2020","02","VA"
"88019","Locality: 011 APPOMATTOX COUNTY",10802,"2020","02","VA"
"88028","Locality: 013 ARLINGTON COUNTY",155041,"2020","02","VA"
"88082","Locality: 015 AUGUSTA COUNTY",48487,"2020","02","VA"
"88107","Locality: 017 BATH COUNTY",3092,"2020","02","VA"
"88114","Locality: 019 BEDFORD COUNTY",56080,"2020","02","VA"
"88146","Locality: 021 BLAND COUNTY",4303,"2020","02","VA"
"88153","Locality: 023 BOTETOURT COUNTY",23912,"2020","02","VA"
"88163","Locality: 025 BRUNSWICK COUNTY",10405,"2020","02","VA"
"88176","Locality: 027 BUCHANAN COUNTY",14643,"2020","02","VA"
"88193","Locality: 029 BUCKINGHAM COUNTY",10123,"2020","02","VA"
"88203","Locality: 031 CAMPBELL COUNTY",36725,"2020","02","VA"
"88219","Locality: 033 CAROLINE COUNTY",19766,"2020","02","VA"
"88231","Locality: 035 CARROLL COUNTY",19157,"2020","02","VA"
"88248","Locality: 036 CHARLES CITY COUNTY",5372,"2020","02","VA"
"88251","Locality: 037 CHARLOTTE COUNTY",7915,"2020","02","VA"
"88258","Locality: 041 CHESTERFIELD COUNTY",237512,"2020","02","VA"
"88338","Locality: 043 CLARKE COUNTY",10720,"2020","02","VA"
"88345","Locality: 045 CRAIG COUNTY",3716,"2020","02","VA"
"88353","Locality: 047 CULPEPER COUNTY",32084,"2020","02","VA"
"88368","Locality: 049 CUMBERLAND COUNTY",6709,"2020","02","VA"
"88373","Locality: 051 DICKENSON COUNTY",9801,"2020","02","VA"
"88383","Locality: 053 DINWIDDIE COUNTY",18575,"2020","02","VA"
"88396","Locality: 057 ESSEX COUNTY",7224,"2020","02","VA"
"88400","Locality: 059 FAIRFAX COUNTY",724080,"2020","02","VA"
"88643","Locality: 061 FAUQUIER COUNTY",49827,"2020","02","VA"
"88663","Locality: 063 FLOYD COUNTY",10789,"2020","02","VA"
"88668","Locality: 065 FLUVANNA COUNTY",18256,"2020","02","VA"
"88673","Locality: 067 FRANKLIN COUNTY",35826,"2020","02","VA"
"88696","Locality: 069 FREDERICK COUNTY",57801,"2020","02","VA"
"88717","Locality: 071 GILES COUNTY",11008,"2020","02","VA"
"88726","Locality: 073 GLOUCESTER COUNTY",26928,"2020","02","VA"
"88737","Locality: 075 GOOCHLAND COUNTY",18506,"2020","02","VA"
"88747","Locality: 077 GRAYSON COUNTY",10017,"2020","02","VA"
"88762","Locality: 079 GREENE COUNTY",12842,"2020","02","VA"
"88767","Locality: 081 GREENSVILLE COUNTY",6157,"2020","02","VA"
"88776","Locality: 083 HALIFAX COUNTY",22928,"2020","02","VA"
"88796","Locality: 085 HANOVER COUNTY",78757,"2020","02","VA"
"88832","Locality: 087 HENRICO COUNTY",218316,"2020","02","VA"
"88923","Locality: 089 HENRY COUNTY",33945,"2020","02","VA"
"88947","Locality: 091 HIGHLAND COUNTY",1767,"2020","02","VA"
"88953","Locality: 093 ISLE OF WIGHT COUNTY",27755,"2020","02","VA"
"88967","Locality: 095 JAMES CITY COUNTY",56402,"2020","02","VA"
"88986","Locality: 097 KING & QUEEN COUNTY",4928,"2020","02","VA"
"88991","Locality: 099 KING GEORGE COUNTY",16665,"2020","02","VA"
"88996","Locality: 101 KING WILLIAM COUNTY",12179,"2020","02","VA"
"89002","Locality: 103 LANCASTER COUNTY",8438,"2020","02","VA"
"89008","Locality: 105 LEE COUNTY",14245,"2020","02","VA"
"89024","Locality: 107 LOUDOUN COUNTY",256898,"2020","02","VA"
"89122","Locality: 109 LOUISA COUNTY",24983,"2020","02","VA"
"89137","Locality: 111 LUNENBURG COUNTY",7598,"2020","02","VA"
"89148","Locality: 113 MADISON COUNTY",9235,"2020","02","VA"
"89157","Locality: 115 MATHEWS COUNTY",6796,"2020","02","VA"
"89160","Locality: 117 MECKLENBURG COUNTY",20846,"2020","02","VA"
"89183","Locality: 119 MIDDLESEX COUNTY",7914,"2020","02","VA"
"89189","Locality: 121 MONTGOMERY COUNTY",57123,"2020","02","VA"
"89213","Locality: 125 NELSON COUNTY",10839,"2020","02","VA"
"89222","Locality: 127 NEW KENT COUNTY",16092,"2020","02","VA"
"89232","Locality: 131 NORTHAMPTON COUNTY",8894,"2020","02","VA"
"89237","Locality: 133 NORTHUMBERLAND COUNTY",9282,"2020","02","VA"
"89242","Locality: 135 NOTTOWAY COUNTY",8860,"2020","02","VA"
"89251","Locality: 137 ORANGE COUNTY",24348,"2020","02","VA"
"89261","Locality: 139 PAGE COUNTY",15360,"2020","02","VA"
"89266","Locality: 141 PATRICK COUNTY",11732,"2020","02","VA"
"89279","Locality: 143 PITTSYLVANIA COUNTY",41762,"2020","02","VA"
"89308","Locality: 145 POWHATAN COUNTY",21555,"2020","02","VA"
"89320","Locality: 147 PRINCE EDWARD COUNTY",12519,"2020","02","VA"
"89330","Locality: 149 PRINCE GEORGE COUNTY",22077,"2020","02","VA"
"89340","Locality: 153 PRINCE WILLIAM COUNTY",276479,"2020","02","VA"
"89433","Locality: 155 PULASKI COUNTY",21516,"2020","02","VA"
"89445","Locality: 157 RAPPAHANNOCK COUNTY",5668,"2020","02","VA"
"89451","Locality: 159 RICHMOND COUNTY",5127,"2020","02","VA"
"89456","Locality: 161 ROANOKE COUNTY",66812,"2020","02","VA"
"89489","Locality: 163 ROCKBRIDGE COUNTY",14411,"2020","02","VA"
"89506","Locality: 165 ROCKINGHAM COUNTY",50004,"2020","02","VA"
"89537","Locality: 167 RUSSELL COUNTY",17831,"2020","02","VA"
"89552","Locality: 169 SCOTT COUNTY",14577,"2020","02","VA"
"89569","Locality: 171 SHENANDOAH COUNTY",28401,"2020","02","VA"
"89581","Locality: 173 SMYTH COUNTY",18422,"2020","02","VA"
"89595","Locality: 175 SOUTHAMPTON COUNTY",11971,"2020","02","VA"
"89608","Locality: 177 SPOTSYLVANIA COUNTY",89250,"2020","02","VA"
"89634","Locality: 179 STAFFORD COUNTY",94095,"2020","02","VA"
"89661","Locality: 181 SURRY COUNTY",5332,"2020","02","VA"
"89668","Locality: 183 SUSSEX COUNTY",6676,"2020","02","VA"
"89679","Locality: 185 TAZEWELL COUNTY",24042,"2020","02","VA"
"89699","Locality: 187 WARREN COUNTY",25982,"2020","02","VA"
"89710","Locality: 191 WASHINGTON COUNTY",35528,"2020","02","VA"
"89729","Locality: 193 WESTMORELAND COUNTY",12222,"2020","02","VA"
"89737","Locality: 195 WISE COUNTY",22214,"2020","02","VA"
"89749","Locality: 197 WYTHE COUNTY",18778,"2020","02","VA"
"89760","Locality: 199 YORK COUNTY",44001,"2020","02","VA"
"89773","Locality: 510 ALEXANDRIA CITY",97075,"2020","02","VA"
"89803","Locality: 520 BRISTOL CITY",10521,"2020","02","VA"
"89807","Locality: 530 BUENA VISTA CITY",3740,"2020","02","VA"
"89809","Locality: 540 CHARLOTTESVILLE CITY",30884,"2020","02","VA"
"89818","Locality: 550 CHESAPEAKE CITY",151954,"2020","02","VA"
"89881","Locality: 570 COLONIAL HEIGHTS CITY",11732,"2020","02","VA"
"89886","Locality: 580 COVINGTON CITY",3466,"2020","02","VA"
"89891","Locality: 590 DANVILLE CITY",26292,"2020","02","VA"
"89907","Locality: 595 EMPORIA CITY",3568,"2020","02","VA"
"89914","Locality: 600 FAIRFAX CITY",16006,"2020","02","VA"
"89920","Locality: 610 FALLS CHURCH CITY",10045,"2020","02","VA"
"89923","Locality: 620 FRANKLIN CITY",5328,"2020","02","VA"
"89929","Locality: 630 FREDERICKSBURG CITY",16446,"2020","02","VA"
"89934","Locality: 640 GALAX CITY",3543,"2020","02","VA"
"89937","Locality: 650 HAMPTON CITY",89037,"2020","02","VA"
"89967","Locality: 660 HARRISONBURG CITY",22967,"2020","02","VA"
"89975","Locality: 670 HOPEWELL CITY",13698,"2020","02","VA"
"89982","Locality: 678 LEXINGTON CITY",3622,"2020","02","VA"
"89983","Locality: 680 LYNCHBURG CITY",48743,"2020","02","VA"
"90001","Locality: 683 MANASSAS CITY",20762,"2020","02","VA"
"90007","Locality: 685 MANASSAS PARK CITY",7799,"2020","02","VA"
"90010","Locality: 690 MARTINSVILLE CITY",8213,"2020","02","VA"
"90016","Locality: 700 NEWPORT NEWS CITY",108825,"2020","02","VA"
"90061","Locality: 710 NORFOLK CITY",117891,"2020","02","VA"
"90109","Locality: 720 NORTON CITY",2228,"2020","02","VA"
"90110","Locality: 730 PETERSBURG CITY",20725,"2020","02","VA"
"90117","Locality: 735 POQUOSON CITY",8759,"2020","02","VA"
"90120","Locality: 740 PORTSMOUTH CITY",60346,"2020","02","VA"
"90151","Locality: 750 RADFORD CITY",8794,"2020","02","VA"
"90155","Locality: 760 RICHMOND CITY",143235,"2020","02","VA"
"90224","Locality: 770 ROANOKE CITY",58285,"2020","02","VA"
"90244","Locality: 775 SALEM CITY",16422,"2020","02","VA"
"90254","Locality: 790 STAUNTON CITY",16033,"2020","02","VA"
"90259","Locality: 800 SUFFOLK CITY",60549,"2020","02","VA"
"90286","Locality: 810 VIRGINIA BEACH CITY",286665,"2020","02","VA"
"90386","Locality: 820 WAYNESBORO CITY",13045,"2020","02","VA"
"90390","Locality: 830 WILLIAMSBURG CITY",9564,"2020","02","VA"
"90392","Locality: 840 WINCHESTER CITY",15605,"2020","02","VA"
"90398","Locality: 001 ACCOMACK COUNTY",22645,"2020","03","VA"
"90414","Locality: 003 ALBEMARLE COUNTY",75031,"2020","03","VA"
"90444","Locality: 005 ALLEGHANY COUNTY",10251,"2020","03","VA"
"90456","Locality: 007 AMELIA COUNTY",9256,"2020","03","VA"
"90461","Locality: 009 AMHERST COUNTY",20584,"2020","03","VA"
"90472","Locality: 011 APPOMATTOX COUNTY",10843,"2020","03","VA"
"90481","Locality: 013 ARLINGTON COUNTY",156418,"2020","03","VA"
"90535","Locality: 015 AUGUSTA COUNTY",48729,"2020","03","VA"
"90560","Locality: 017 BATH COUNTY",3104,"2020","03","VA"
"90567","Locality: 019 BEDFORD COUNTY",56244,"2020","03","VA"
"90599","Locality: 021 BLAND COUNTY",4318,"2020","03","VA"
"90606","Locality: 023 BOTETOURT COUNTY",24013,"2020","03","VA"
"90616","Locality: 025 BRUNSWICK COUNTY",10408,"2020","03","VA"
"90629","Locality: 027 BUCHANAN COUNTY",14642,"2020","03","VA"
"90646","Locality: 029 BUCKINGHAM COUNTY",10119,"2020","03","VA"
"90656","Locality: 031 CAMPBELL COUNTY",36923,"2020","03","VA"
"90672","Locality: 033 CAROLINE COUNTY",19821,"2020","03","VA"
"90684","Locality: 035 CARROLL COUNTY",19233,"2020","03","VA"
"90701","Locality: 036 CHARLES CITY COUNTY",5390,"2020","03","VA"
"90704","Locality: 037 CHARLOTTE COUNTY",7954,"2020","03","VA"
"90711","Locality: 041 CHESTERFIELD COUNTY",238742,"2020","03","VA"
"90791","Locality: 043 CLARKE COUNTY",10763,"2020","03","VA"
"90798","Locality: 045 CRAIG COUNTY",3726,"2020","03","VA"
"90806","Locality: 047 CULPEPER COUNTY",32221,"2020","03","VA"
"90821","Locality: 049 CUMBERLAND COUNTY",6716,"2020","03","VA"
"90826","Locality: 051 DICKENSON COUNTY",9826,"2020","03","VA"
"90836","Locality: 053 DINWIDDIE COUNTY",18639,"2020","03","VA"
"90849","Locality: 057 ESSEX COUNTY",7229,"2020","03","VA"
"90853","Locality: 059 FAIRFAX COUNTY",727838,"2020","03","VA"
"91096","Locality: 061 FAUQUIER COUNTY",50030,"2020","03","VA"
"91116","Locality: 063 FLOYD COUNTY",10817,"2020","03","VA"
"91121","Locality: 065 FLUVANNA COUNTY",18378,"2020","03","VA"
"91126","Locality: 067 FRANKLIN COUNTY",35919,"2020","03","VA"
"91149","Locality: 069 FREDERICK COUNTY",58058,"2020","03","VA"
"91170","Locality: 071 GILES COUNTY",11048,"2020","03","VA"
"91179","Locality: 073 GLOUCESTER COUNTY",27006,"2020","03","VA"
"91190","Locality: 075 GOOCHLAND COUNTY",18636,"2020","03","VA"
"91200","Locality: 077 GRAYSON COUNTY",10055,"2020","03","VA"
"91215","Locality: 079 GREENE COUNTY",12930,"2020","03","VA"
"91220","Locality: 081 GREENSVILLE COUNTY",6165,"2020","03","VA"
"91229","Locality: 083 HALIFAX COUNTY",22960,"2020","03","VA"
"91249","Locality: 085 HANOVER COUNTY",79090,"2020","03","VA"
"91285","Locality: 087 HENRICO COUNTY",219498,"2020","03","VA"
"91376","Locality: 089 HENRY COUNTY",33960,"2020","03","VA"
"91400","Locality: 091 HIGHLAND COUNTY",1773,"2020","03","VA"
"91406","Locality: 093 ISLE OF WIGHT COUNTY",27912,"2020","03","VA"
"91420","Locality: 095 JAMES CITY COUNTY",56597,"2020","03","VA"
"91439","Locality: 097 KING & QUEEN COUNTY",4949,"2020","03","VA"
"91444","Locality: 099 KING GEORGE COUNTY",16760,"2020","03","VA"
"91449","Locality: 101 KING WILLIAM COUNTY",12244,"2020","03","VA"
"91455","Locality: 103 LANCASTER COUNTY",8436,"2020","03","VA"
"91461","Locality: 105 LEE COUNTY",14291,"2020","03","VA"
"91477","Locality: 107 LOUDOUN COUNTY",258207,"2020","03","VA"
"91575","Locality: 109 LOUISA COUNTY",25067,"2020","03","VA"
"91590","Locality: 111 LUNENBURG COUNTY",7621,"2020","03","VA"
"91601","Locality: 113 MADISON COUNTY",9279,"2020","03","VA"
"91610","Locality: 115 MATHEWS COUNTY",6863,"2020","03","VA"
"91613","Locality: 117 MECKLENBURG COUNTY",20888,"2020","03","VA"
"91636","Locality: 119 MIDDLESEX COUNTY",7924,"2020","03","VA"
"91642","Locality: 121 MONTGOMERY COUNTY",57470,"2020","03","VA"
"91666","Locality: 125 NELSON COUNTY",10871,"2020","03","VA"
"91675","Locality: 127 NEW KENT COUNTY",16181,"2020","03","VA"
"91685","Locality: 131 NORTHAMPTON COUNTY",8954,"2020","03","VA"
"91690","Locality: 133 NORTHUMBERLAND COUNTY",9279,"2020","03","VA"
"91695","Locality: 135 NOTTOWAY COUNTY",8860,"2020","03","VA"
"91704","Locality: 137 ORANGE COUNTY",24455,"2020","03","VA"
"91714","Locality: 139 PAGE COUNTY",15407,"2020","03","VA"
"91719","Locality: 141 PATRICK COUNTY",11790,"2020","03","VA"
"91732","Locality: 143 PITTSYLVANIA COUNTY",41868,"2020","03","VA"
"91761","Locality: 145 POWHATAN COUNTY",21616,"2020","03","VA"
"91773","Locality: 147 PRINCE EDWARD COUNTY",12532,"2020","03","VA"
"91783","Locality: 149 PRINCE GEORGE COUNTY",22138,"2020","03","VA"
"91793","Locality: 153 PRINCE WILLIAM COUNTY",277986,"2020","03","VA"
"91886","Locality: 155 PULASKI COUNTY",21564,"2020","03","VA"
"91898","Locality: 157 RAPPAHANNOCK COUNTY",5680,"2020","03","VA"
"91904","Locality: 159 RICHMOND COUNTY",5134,"2020","03","VA"
"91909","Locality: 161 ROANOKE COUNTY",67131,"2020","03","VA"
"91942","Locality: 163 ROCKBRIDGE COUNTY",14461,"2020","03","VA"
"91959","Locality: 165 ROCKINGHAM COUNTY",50292,"2020","03","VA"
"91990","Locality: 167 RUSSELL COUNTY",17880,"2020","03","VA"
"92005","Locality: 169 SCOTT COUNTY",14649,"2020","03","VA"
"92022","Locality: 171 SHENANDOAH COUNTY",28478,"2020","03","VA"
"92034","Locality: 173 SMYTH COUNTY",18496,"2020","03","VA"
"92048","Locality: 175 SOUTHAMPTON COUNTY",11989,"2020","03","VA"
"92061","Locality: 177 SPOTSYLVANIA COUNTY",89847,"2020","03","VA"
"92087","Locality: 179 STAFFORD COUNTY",94623,"2020","03","VA"
"92114","Locality: 181 SURRY COUNTY",5359,"2020","03","VA"
"92121","Locality: 183 SUSSEX COUNTY",6676,"2020","03","VA"
"92132","Locality: 185 TAZEWELL COUNTY",24077,"2020","03","VA"
"92152","Locality: 187 WARREN COUNTY",26070,"2020","03","VA"
"92163","Locality: 191 WASHINGTON COUNTY",35680,"2020","03","VA"
"92182","Locality: 193 WESTMORELAND COUNTY",12238,"2020","03","VA"
"92190","Locality: 195 WISE COUNTY",22299,"2020","03","VA"
"92202","Locality: 197 WYTHE COUNTY",18851,"2020","03","VA"
"92213","Locality: 199 YORK COUNTY",44357,"2020","03","VA"
"92226","Locality: 510 ALEXANDRIA CITY",97828,"2020","03","VA"
"92256","Locality: 520 BRISTOL CITY",10558,"2020","03","VA"
"92260","Locality: 530 BUENA VISTA CITY",3772,"2020","03","VA"
"92262","Locality: 540 CHARLOTTESVILLE CITY",31178,"2020","03","VA"
"92271","Locality: 550 CHESAPEAKE CITY",152552,"2020","03","VA"
"92334","Locality: 570 COLONIAL HEIGHTS CITY",11793,"2020","03","VA"
"92339","Locality: 580 COVINGTON CITY",3488,"2020","03","VA"
"92344","Locality: 590 DANVILLE CITY",26320,"2020","03","VA"
"92360","Locality: 595 EMPORIA CITY",3579,"2020","03","VA"
"92367","Locality: 600 FAIRFAX CITY",16086,"2020","03","VA"
"92373","Locality: 610 FALLS CHURCH CITY",10151,"2020","03","VA"
"92376","Locality: 620 FRANKLIN CITY",5355,"2020","03","VA"
"92382","Locality: 630 FREDERICKSBURG CITY",16499,"2020","03","VA"
"92387","Locality: 640 GALAX CITY",3553,"2020","03","VA"
"92390","Locality: 650 HAMPTON CITY",89333,"2020","03","VA"
"92420","Locality: 660 HARRISONBURG CITY",23135,"2020","03","VA"
"92428","Locality: 670 HOPEWELL CITY",13723,"2020","03","VA"
"92435","Locality: 678 LEXINGTON CITY",3651,"2020","03","VA"
"92436","Locality: 680 LYNCHBURG CITY",48950,"2020","03","VA"
"92454","Locality: 683 MANASSAS CITY",20828,"2020","03","VA"
"92460","Locality: 685 MANASSAS PARK CITY",7841,"2020","03","VA"
"92463","Locality: 690 MARTINSVILLE CITY",8221,"2020","03","VA"
"92469","Locality: 700 NEWPORT NEWS CITY",109283,"2020","03","VA"
"92514","Locality: 710 NORFOLK CITY",118534,"2020","03","VA"
"92562","Locality: 720 NORTON CITY",2234,"2020","03","VA"
"92563","Locality: 730 PETERSBURG CITY",20783,"2020","03","VA"
"92570","Locality: 735 POQUOSON CITY",8810,"2020","03","VA"
"92573","Locality: 740 PORTSMOUTH CITY",60550,"2020","03","VA"
"92604","Locality: 750 RADFORD CITY",8841,"2020","03","VA"
"92608","Locality: 760 RICHMOND CITY",144088,"2020","03","VA"
"92677","Locality: 770 ROANOKE CITY",58467,"2020","03","VA"
"92697","Locality: 775 SALEM CITY",16512,"2020","03","VA"
"92707","Locality: 790 STAUNTON CITY",16084,"2020","03","VA"
"92712","Locality: 800 SUFFOLK CITY",60822,"2020","03","VA"
"92739","Locality: 810 VIRGINIA BEACH CITY",288068,"2020","03","VA"
"92839","Locality: 820 WAYNESBORO CITY",13134,"2020","03","VA"
"92843","Locality: 830 WILLIAMSBURG CITY",9643,"2020","03","VA"
"92845","Locality: 840 WINCHESTER CITY",15710,"2020","03","VA"
"92851","Locality: 001 ACCOMACK COUNTY",22846,"2020","04","VA"
"92867","Locality: 003 ALBEMARLE COUNTY",75400,"2020","04","VA"
"92897","Locality: 005 ALLEGHANY COUNTY",10270,"2020","04","VA"
"92909","Locality: 007 AMELIA COUNTY",9297,"2020","04","VA"
"92914","Locality: 009 AMHERST COUNTY",20681,"2020","04","VA"
"92925","Locality: 011 APPOMATTOX COUNTY",10920,"2020","04","VA"
"92934","Locality: 013 ARLINGTON COUNTY",157879,"2020","04","VA"
"92988","Locality: 015 AUGUSTA COUNTY",48974,"2020","04","VA"
"93013","Locality: 017 BATH COUNTY",3108,"2020","04","VA"
"93020","Locality: 019 BEDFORD COUNTY",56539,"2020","04","VA"
"93052","Locality: 021 BLAND COUNTY",4338,"2020","04","VA"
"93059","Locality: 023 BOTETOURT COUNTY",24105,"2020","04","VA"
"93069","Locality: 025 BRUNSWICK COUNTY",10436,"2020","04","VA"
"93082","Locality: 027 BUCHANAN COUNTY",14653,"2020","04","VA"
"93099","Locality: 029 BUCKINGHAM COUNTY",10160,"2020","04","VA"
"93109","Locality: 031 CAMPBELL COUNTY",37065,"2020","04","VA"
"93125","Locality: 033 CAROLINE COUNTY",19938,"2020","04","VA"
"93137","Locality: 035 CARROLL COUNTY",19312,"2020","04","VA"
"93154","Locality: 036 CHARLES CITY COUNTY",5386,"2020","04","VA"
"93157","Locality: 037 CHARLOTTE COUNTY",7965,"2020","04","VA"
"93164","Locality: 041 CHESTERFIELD COUNTY",240228,"2020","04","VA"
"93244","Locality: 043 CLARKE COUNTY",10783,"2020","04","VA"
"93251","Locality: 045 CRAIG COUNTY",3731,"2020","04","VA"
"93259","Locality: 047 CULPEPER COUNTY",32414,"2020","04","VA"
"93274","Locality: 049 CUMBERLAND COUNTY",6738,"2020","04","VA"
"93279","Locality: 051 DICKENSON COUNTY",9849,"2020","04","VA"
"93289","Locality: 053 DINWIDDIE COUNTY",18720,"2020","04","VA"
"93302","Locality: 057 ESSEX COUNTY",7317,"2020","04","VA"
"93306","Locality: 059 FAIRFAX COUNTY",731817,"2020","04","VA"
"93549","Locality: 061 FAUQUIER COUNTY",50355,"2020","04","VA"
"93569","Locality: 063 FLOYD COUNTY",10876,"2020","04","VA"
"93574","Locality: 065 FLUVANNA COUNTY",18487,"2020","04","VA"
"93579","Locality: 067 FRANKLIN COUNTY",36114,"2020","04","VA"
"93602","Locality: 069 FREDERICK COUNTY",58420,"2020","04","VA"
"93623","Locality: 071 GILES COUNTY",11091,"2020","04","VA"
"93632","Locality: 073 GLOUCESTER COUNTY",27124,"2020","04","VA"
"93643","Locality: 075 GOOCHLAND COUNTY",18748,"2020","04","VA"
"93653","Locality: 077 GRAYSON COUNTY",10099,"2020","04","VA"
"93668","Locality: 079 GREENE COUNTY",12997,"2020","04","VA"
"93673","Locality: 081 GREENSVILLE COUNTY",6179,"2020","04","VA"
"93682","Locality: 083 HALIFAX COUNTY",23033,"2020","04","VA"
"93702","Locality: 085 HANOVER COUNTY",79432,"2020","04","VA"
"93738","Locality: 087 HENRICO COUNTY",220723,"2020","04","VA"
"93829","Locality: 089 HENRY COUNTY",34069,"2020","04","VA"
"93853","Locality: 091 HIGHLAND COUNTY",1772,"2020","04","VA"
"93859","Locality: 093 ISLE OF WIGHT COUNTY",28044,"2020","04","VA"
"93873","Locality: 095 JAMES CITY COUNTY",56901,"2020","04","VA"
"93892","Locality: 097 KING & QUEEN COUNTY",4977,"2020","04","VA"
"93897","Locality: 099 KING GEORGE COUNTY",16880,"2020","04","VA"
"93902","Locality: 101 KING WILLIAM COUNTY",12287,"2020","04","VA"
"93908","Locality: 103 LANCASTER COUNTY",8454,"2020","04","VA"
"93914","Locality: 105 LEE COUNTY",14332,"2020","04","VA"
"93930","Locality: 107 LOUDOUN COUNTY",259996,"2020","04","VA"
"94028","Locality: 109 LOUISA COUNTY",25239,"2020","04","VA"
"94043","Locality: 111 LUNENBURG COUNTY",7631,"2020","04","VA"
"94054","Locality: 113 MADISON COUNTY",9314,"2020","04","VA"
"94063","Locality: 115 MATHEWS COUNTY",6879,"2020","04","VA"
"94066","Locality: 117 MECKLENBURG COUNTY",21049,"2020","04","VA"
"94089","Locality: 119 MIDDLESEX COUNTY",7962,"2020","04","VA"
"94095","Locality: 121 MONTGOMERY COUNTY",57870,"2020","04","VA"
"94119","Locality: 125 NELSON COUNTY",10908,"2020","04","VA"
"94128","Locality: 127 NEW KENT COUNTY",16279,"2020","04","VA"
"94138","Locality: 131 NORTHAMPTON COUNTY",8999,"2020","04","VA"
"94143","Locality: 133 NORTHUMBERLAND COUNTY",9294,"2020","04","VA"
"94148","Locality: 135 NOTTOWAY COUNTY",8911,"2020","04","VA"
"94157","Locality: 137 ORANGE COUNTY",24586,"2020","04","VA"
"94167","Locality: 139 PAGE COUNTY",15508,"2020","04","VA"
"94172","Locality: 141 PATRICK COUNTY",11832,"2020","04","VA"
"94185","Locality: 143 PITTSYLVANIA COUNTY",42039,"2020","04","VA"
"94214","Locality: 145 POWHATAN COUNTY",21748,"2020","04","VA"
"94226","Locality: 147 PRINCE EDWARD COUNTY",12551,"2020","04","VA"
"94236","Locality: 149 PRINCE GEORGE COUNTY",22225,"2020","04","VA"
"94246","Locality: 153 PRINCE WILLIAM COUNTY",279844,"2020","04","VA"
"94339","Locality: 155 PULASKI COUNTY",21648,"2020","04","VA"
"94351","Locality: 157 RAPPAHANNOCK COUNTY",5707,"2020","04","VA"
"94357","Locality: 159 RICHMOND COUNTY",5145,"2020","04","VA"
"94362","Locality: 161 ROANOKE COUNTY",67437,"2020","04","VA"
"94395","Locality: 163 ROCKBRIDGE COUNTY",14512,"2020","04","VA"
"94412","Locality: 165 ROCKINGHAM COUNTY",50555,"2020","04","VA"
"94443","Locality: 167 RUSSELL COUNTY",17940,"2020","04","VA"
"94458","Locality: 169 SCOTT COUNTY",14703,"2020","04","VA"
"94475","Locality: 171 SHENANDOAH COUNTY",28659,"2020","04","VA"
"94487","Locality: 173 SMYTH COUNTY",18547,"2020","04","VA"
"94501","Locality: 175 SOUTHAMPTON COUNTY",12021,"2020","04","VA"
"94514","Locality: 177 SPOTSYLVANIA COUNTY",90478,"2020","04","VA"
"94540","Locality: 179 STAFFORD COUNTY",95466,"2020","04","VA"
"94567","Locality: 181 SURRY COUNTY",5374,"2020","04","VA"
"94574","Locality: 183 SUSSEX COUNTY",6700,"2020","04","VA"
"94585","Locality: 185 TAZEWELL COUNTY",24192,"2020","04","VA"
"94605","Locality: 187 WARREN COUNTY",26203,"2020","04","VA"
"94616","Locality: 191 WASHINGTON COUNTY",35821,"2020","04","VA"
"94635","Locality: 193 WESTMORELAND COUNTY",12317,"2020","04","VA"
"94643","Locality: 195 WISE COUNTY",22379,"2020","04","VA"
"94655","Locality: 197 WYTHE COUNTY",18937,"2020","04","VA"
"94666","Locality: 199 YORK COUNTY",44619,"2020","04","VA"
"94679","Locality: 510 ALEXANDRIA CITY",98864,"2020","04","VA"
"94709","Locality: 520 BRISTOL CITY",10621,"2020","04","VA"
"94713","Locality: 530 BUENA VISTA CITY",3779,"2020","04","VA"
"94715","Locality: 540 CHARLOTTESVILLE CITY",31413,"2020","04","VA"
"94724","Locality: 550 CHESAPEAKE CITY",153673,"2020","04","VA"
"94787","Locality: 570 COLONIAL HEIGHTS CITY",11839,"2020","04","VA"
"94792","Locality: 580 COVINGTON CITY",3514,"2020","04","VA"
"94797","Locality: 590 DANVILLE CITY",26463,"2020","04","VA"
"94813","Locality: 595 EMPORIA CITY",3595,"2020","04","VA"
"94820","Locality: 600 FAIRFAX CITY",16168,"2020","04","VA"
"94826","Locality: 610 FALLS CHURCH CITY",10207,"2020","04","VA"
"94829","Locality: 620 FRANKLIN CITY",5374,"2020","04","VA"
"94835","Locality: 630 FREDERICKSBURG CITY",16594,"2020","04","VA"
"94840","Locality: 640 GALAX CITY",3576,"2020","04","VA"
"94843","Locality: 650 HAMPTON CITY",89916,"2020","04","VA"
"94873","Locality: 660 HARRISONBURG CITY",23334,"2020","04","VA"
"94881","Locality: 670 HOPEWELL CITY",13819,"2020","04","VA"
"94888","Locality: 678 LEXINGTON CITY",3690,"2020","04","VA"
"94889","Locality: 680 LYNCHBURG CITY",49338,"2020","04","VA"
"94907","Locality: 683 MANASSAS CITY",21023,"2020","04","VA"
"94913","Locality: 685 MANASSAS PARK CITY",7884,"2020","04","VA"
"94916","Locality: 690 MARTINSVILLE CITY",8247,"2020","04","VA"
"94922","Locality: 700 NEWPORT NEWS CITY",110044,"2020","04","VA"
"94967","Locality: 710 NORFOLK CITY",119613,"2020","04","VA"
"95015","Locality: 720 NORTON CITY",2244,"2020","04","VA"
"95016","Locality: 730 PETERSBURG CITY",20840,"2020","04","VA"
"95023","Locality: 735 POQUOSON CITY",8829,"2020","04","VA"
"95026","Locality: 740 PORTSMOUTH CITY",60942,"2020","04","VA"
"95057","Locality: 750 RADFORD CITY",8845,"2020","04","VA"
"95061","Locality: 760 RICHMOND CITY",144333,"2020","04","VA"
"95130","Locality: 770 ROANOKE CITY",58849,"2020","04","VA"
"95150","Locality: 775 SALEM CITY",16574,"2020","04","VA"
"95160","Locality: 790 STAUNTON CITY",16218,"2020","04","VA"
"95165","Locality: 800 SUFFOLK CITY",61204,"2020","04","VA"
"95192","Locality: 810 VIRGINIA BEACH CITY",289952,"2020","04","VA"
"95292","Locality: 820 WAYNESBORO CITY",13237,"2020","04","VA"
"95296","Locality: 830 WILLIAMSBURG CITY",9708,"2020","04","VA"
"95298","Locality: 840 WINCHESTER CITY",15768,"2020","04","VA"
"95304","Locality: 001 ACCOMACK COUNTY",22831,"2020","05","VA"
"95320","Locality: 003 ALBEMARLE COUNTY",75383,"2020","05","VA"
"95350","Locality: 005 ALLEGHANY COUNTY",10281,"2020","05","VA"
"95362","Locality: 007 AMELIA COUNTY",9310,"2020","05","VA"
"95367","Locality: 009 AMHERST COUNTY",20704,"2020","05","VA"
"95378","Locality: 011 APPOMATTOX COUNTY",10917,"2020","05","VA"
"95387","Locality: 013 ARLINGTON COUNTY",157959,"2020","05","VA"
"95441","Locality: 015 AUGUSTA COUNTY",48999,"2020","05","VA"
"95466","Locality: 017 BATH COUNTY",3111,"2020","05","VA"
"95473","Locality: 019 BEDFORD COUNTY",56625,"2020","05","VA"
"95505","Locality: 021 BLAND COUNTY",4333,"2020","05","VA"
"95512","Locality: 023 BOTETOURT COUNTY",24129,"2020","05","VA"
"95522","Locality: 025 BRUNSWICK COUNTY",10437,"2020","05","VA"
"95535","Locality: 027 BUCHANAN COUNTY",14647,"2020","05","VA"
"95552","Locality: 029 BUCKINGHAM COUNTY",10160,"2020","05","VA"
"95562","Locality: 031 CAMPBELL COUNTY",37115,"2020","05","VA"
"95578","Locality: 033 CAROLINE COUNTY",19978,"2020","05","VA"
"95590","Locality: 035 CARROLL COUNTY",19305,"2020","05","VA"
"95607","Locality: 036 CHARLES CITY COUNTY",5381,"2020","05","VA"
"95610","Locality: 037 CHARLOTTE COUNTY",7961,"2020","05","VA"
"95617","Locality: 041 CHESTERFIELD COUNTY",240406,"2020","05","VA"
"95697","Locality: 043 CLARKE COUNTY",10766,"2020","05","VA"
"95704","Locality: 045 CRAIG COUNTY",3733,"2020","05","VA"
"95712","Locality: 047 CULPEPER COUNTY",32473,"2020","05","VA"
"95727","Locality: 049 CUMBERLAND COUNTY",6744,"2020","05","VA"
"95732","Locality: 051 DICKENSON COUNTY",9840,"2020","05","VA"
"95742","Locality: 053 DINWIDDIE COUNTY",18736,"2020","05","VA"
"95755","Locality: 057 ESSEX COUNTY",7313,"2020","05","VA"
"95759","Locality: 059 FAIRFAX COUNTY",731811,"2020","05","VA"
"96002","Locality: 061 FAUQUIER COUNTY",50366,"2020","05","VA"
"96022","Locality: 063 FLOYD COUNTY",10863,"2020","05","VA"
"96027","Locality: 065 FLUVANNA COUNTY",18485,"2020","05","VA"
"96032","Locality: 067 FRANKLIN COUNTY",36118,"2020","05","VA"
"96055","Locality: 069 FREDERICK COUNTY",58518,"2020","05","VA"
"96076","Locality: 071 GILES COUNTY",11090,"2020","05","VA"
"96085","Locality: 073 GLOUCESTER COUNTY",27128,"2020","05","VA"
"96096","Locality: 075 GOOCHLAND COUNTY",18810,"2020","05","VA"
"96106","Locality: 077 GRAYSON COUNTY",10091,"2020","05","VA"
"96121","Locality: 079 GREENE COUNTY",13030,"2020","05","VA"
"96126","Locality: 081 GREENSVILLE COUNTY",6162,"2020","05","VA"
"96135","Locality: 083 HALIFAX COUNTY",23022,"2020","05","VA"
"96155","Locality: 085 HANOVER COUNTY",79379,"2020","05","VA"
"96191","Locality: 087 HENRICO COUNTY",220609,"2020","05","VA"
"96282","Locality: 089 HENRY COUNTY",34079,"2020","05","VA"
"96306","Locality: 091 HIGHLAND COUNTY",1772,"2020","05","VA"
"96312","Locality: 093 ISLE OF WIGHT COUNTY",28035,"2020","05","VA"
"96326","Locality: 095 JAMES CITY COUNTY",56963,"2020","05","VA"
"96345","Locality: 097 KING & QUEEN COUNTY",4969,"2020","05","VA"
"96350","Locality: 099 KING GEORGE COUNTY",16912,"2020","05","VA"
"96355","Locality: 101 KING WILLIAM COUNTY",12305,"2020","05","VA"
"96361","Locality: 103 LANCASTER COUNTY",8443,"2020","05","VA"
"96367","Locality: 105 LEE COUNTY",14322,"2020","05","VA"
"96383","Locality: 107 LOUDOUN COUNTY",260010,"2020","05","VA"
"96481","Locality: 109 LOUISA COUNTY",25238,"2020","05","VA"
"96496","Locality: 111 LUNENBURG COUNTY",7627,"2020","05","VA"
"96507","Locality: 113 MADISON COUNTY",9311,"2020","05","VA"
"96516","Locality: 115 MATHEWS COUNTY",6875,"2020","05","VA"
"96519","Locality: 117 MECKLENBURG COUNTY",21030,"2020","05","VA"
"96542","Locality: 119 MIDDLESEX COUNTY",7962,"2020","05","VA"
"96548","Locality: 121 MONTGOMERY COUNTY",57872,"2020","05","VA"
"96572","Locality: 125 NELSON COUNTY",10913,"2020","05","VA"
"96581","Locality: 127 NEW KENT COUNTY",16290,"2020","05","VA"
"96591","Locality: 131 NORTHAMPTON COUNTY",8976,"2020","05","VA"
"96596","Locality: 133 NORTHUMBERLAND COUNTY",9303,"2020","05","VA"
"96601","Locality: 135 NOTTOWAY COUNTY",8892,"2020","05","VA"
"96610","Locality: 137 ORANGE COUNTY",24576,"2020","05","VA"
"96620","Locality: 139 PAGE COUNTY",15533,"2020","05","VA"
"96625","Locality: 141 PATRICK COUNTY",11832,"2020","05","VA"
"96638","Locality: 143 PITTSYLVANIA COUNTY",42035,"2020","05","VA"
"96667","Locality: 145 POWHATAN COUNTY",21778,"2020","05","VA"
"96679","Locality: 147 PRINCE EDWARD COUNTY",12526,"2020","05","VA"
"96689","Locality: 149 PRINCE GEORGE COUNTY",22248,"2020","05","VA"
"96699","Locality: 153 PRINCE WILLIAM COUNTY",279817,"2020","05","VA"
"96792","Locality: 155 PULASKI COUNTY",21641,"2020","05","VA"
"96804","Locality: 157 RAPPAHANNOCK COUNTY",5712,"2020","05","VA"
"96810","Locality: 159 RICHMOND COUNTY",5145,"2020","05","VA"
"96815","Locality: 161 ROANOKE COUNTY",67403,"2020","05","VA"
"96848","Locality: 163 ROCKBRIDGE COUNTY",14519,"2020","05","VA"
"96865","Locality: 165 ROCKINGHAM COUNTY",50630,"2020","05","VA"
"96896","Locality: 167 RUSSELL COUNTY",17939,"2020","05","VA"
"96911","Locality: 169 SCOTT COUNTY",14677,"2020","05","VA"
"96928","Locality: 171 SHENANDOAH COUNTY",28625,"2020","05","VA"
"96940","Locality: 173 SMYTH COUNTY",18516,"2020","05","VA"
"96954","Locality: 175 SOUTHAMPTON COUNTY",12024,"2020","05","VA"
"96967","Locality: 177 SPOTSYLVANIA COUNTY",90621,"2020","05","VA"
"96993","Locality: 179 STAFFORD COUNTY",95674,"2020","05","VA"
"97020","Locality: 181 SURRY COUNTY",5367,"2020","05","VA"
"97027","Locality: 183 SUSSEX COUNTY",6690,"2020","05","VA"
"97038","Locality: 185 TAZEWELL COUNTY",24206,"2020","05","VA"
"97058","Locality: 187 WARREN COUNTY",26241,"2020","05","VA"
"97069","Locality: 191 WASHINGTON COUNTY",35774,"2020","05","VA"
"97088","Locality: 193 WESTMORELAND COUNTY",12327,"2020","05","VA"
"97096","Locality: 195 WISE COUNTY",22370,"2020","05","VA"
"97108","Locality: 197 WYTHE COUNTY",18918,"2020","05","VA"
"97119","Locality: 199 YORK COUNTY",44690,"2020","05","VA"
"97132","Locality: 510 ALEXANDRIA CITY",99042,"2020","05","VA"
"97162","Locality: 520 BRISTOL CITY",10610,"2020","05","VA"
"97166","Locality: 530 BUENA VISTA CITY",3785,"2020","05","VA"
"97168","Locality: 540 CHARLOTTESVILLE CITY",31399,"2020","05","VA"
"97177","Locality: 550 CHESAPEAKE CITY",153535,"2020","05","VA"
"97240","Locality: 570 COLONIAL HEIGHTS CITY",11831,"2020","05","VA"
"97245","Locality: 580 COVINGTON CITY",3526,"2020","05","VA"
"97250","Locality: 590 DANVILLE CITY",26435,"2020","05","VA"
"97266","Locality: 595 EMPORIA CITY",3598,"2020","05","VA"
"97273","Locality: 600 FAIRFAX CITY",16159,"2020","05","VA"
"97279","Locality: 610 FALLS CHURCH CITY",10219,"2020","05","VA"
"97282","Locality: 620 FRANKLIN CITY",5373,"2020","05","VA"
"97288","Locality: 630 FREDERICKSBURG CITY",16582,"2020","05","VA"
"97293","Locality: 640 GALAX CITY",3572,"2020","05","VA"
"97296","Locality: 650 HAMPTON CITY",89878,"2020","05","VA"
"97326","Locality: 660 HARRISONBURG CITY",23355,"2020","05","VA"
"97334","Locality: 670 HOPEWELL CITY",13836,"2020","05","VA"
"97341","Locality: 678 LEXINGTON CITY",3694,"2020","05","VA"
"97342","Locality: 680 LYNCHBURG CITY",49256,"2020","05","VA"
"97360","Locality: 683 MANASSAS CITY",21086,"2020","05","VA"
"97366","Locality: 685 MANASSAS PARK CITY",7912,"2020","05","VA"
"97369","Locality: 690 MARTINSVILLE CITY",8245,"2020","05","VA"
"97375","Locality: 700 NEWPORT NEWS CITY",109902,"2020","05","VA"
"97420","Locality: 710 NORFOLK CITY",119494,"2020","05","VA"
"97468","Locality: 720 NORTON CITY",2247,"2020","05","VA"
"97469","Locality: 730 PETERSBURG CITY",20861,"2020","05","VA"
"97476","Locality: 735 POQUOSON CITY",8855,"2020","05","VA"
"97479","Locality: 740 PORTSMOUTH CITY",61029,"2020","05","VA"
"97510","Locality: 750 RADFORD CITY",8830,"2020","05","VA"
"97514","Locality: 760 RICHMOND CITY",145408,"2020","05","VA"
"97583","Locality: 770 ROANOKE CITY",58945,"2020","05","VA"
"97603","Locality: 775 SALEM CITY",16546,"2020","05","VA"
"97613","Locality: 790 STAUNTON CITY",16204,"2020","05","VA"
"97618","Locality: 800 SUFFOLK CITY",61319,"2020","05","VA"
"97645","Locality: 810 VIRGINIA BEACH CITY",290366,"2020","05","VA"
"97745","Locality: 820 WAYNESBORO CITY",13239,"2020","05","VA"
"97749","Locality: 830 WILLIAMSBURG CITY",9730,"2020","05","VA"
"97751","Locality: 840 WINCHESTER CITY",15789,"2020","05","VA"
"97757","Locality: 001 ACCOMACK COUNTY",22842,"2020","06","VA"
"97773","Locality: 003 ALBEMARLE COUNTY",75507,"2020","06","VA"
"97803","Locality: 005 ALLEGHANY COUNTY",10278,"2020","06","VA"
"97815","Locality: 007 AMELIA COUNTY",9305,"2020","06","VA"
"97820","Locality: 009 AMHERST COUNTY",20719,"2020","06","VA"
"97831","Locality: 011 APPOMATTOX COUNTY",10933,"2020","06","VA"
"97840","Locality: 013 ARLINGTON COUNTY",157849,"2020","06","VA"
"97894","Locality: 015 AUGUSTA COUNTY",48986,"2020","06","VA"
"97919","Locality: 017 BATH COUNTY",3104,"2020","06","VA"
"97926","Locality: 019 BEDFORD COUNTY",56628,"2020","06","VA"
"97958","Locality: 021 BLAND COUNTY",4316,"2020","06","VA"
"97965","Locality: 023 BOTETOURT COUNTY",24144,"2020","06","VA"
"97975","Locality: 025 BRUNSWICK COUNTY",10440,"2020","06","VA"
"97988","Locality: 027 BUCHANAN COUNTY",14619,"2020","06","VA"
"98005","Locality: 029 BUCKINGHAM COUNTY",10158,"2020","06","VA"
"98015","Locality: 031 CAMPBELL COUNTY",37095,"2020","06","VA"
"98031","Locality: 033 CAROLINE COUNTY",19995,"2020","06","VA"
"98043","Locality: 035 CARROLL COUNTY",19309,"2020","06","VA"
"98060","Locality: 036 CHARLES CITY COUNTY",5374,"2020","06","VA"
"98063","Locality: 037 CHARLOTTE COUNTY",7993,"2020","06","VA"
"98070","Locality: 041 CHESTERFIELD COUNTY",240600,"2020","06","VA"
"98150","Locality: 043 CLARKE COUNTY",10813,"2020","06","VA"
"98157","Locality: 045 CRAIG COUNTY",3733,"2020","06","VA"
"98165","Locality: 047 CULPEPER COUNTY",32501,"2020","06","VA"
"98180","Locality: 049 CUMBERLAND COUNTY",6747,"2020","06","VA"
"98185","Locality: 051 DICKENSON COUNTY",9837,"2020","06","VA"
"98195","Locality: 053 DINWIDDIE COUNTY",18732,"2020","06","VA"
"98208","Locality: 057 ESSEX COUNTY",7326,"2020","06","VA"
"98212","Locality: 059 FAIRFAX COUNTY",732387,"2020","06","VA"
"98455","Locality: 061 FAUQUIER COUNTY",50553,"2020","06","VA"
"98475","Locality: 063 FLOYD COUNTY",10868,"2020","06","VA"
"98480","Locality: 065 FLUVANNA COUNTY",18521,"2020","06","VA"
"98485","Locality: 067 FRANKLIN COUNTY",36185,"2020","06","VA"
"98508","Locality: 069 FREDERICK COUNTY",58610,"2020","06","VA"
"98529","Locality: 071 GILES COUNTY",11085,"2020","06","VA"
"98538","Locality: 073 GLOUCESTER COUNTY",27104,"2020","06","VA"
"98549","Locality: 075 GOOCHLAND COUNTY",18875,"2020","06","VA"
"98559","Locality: 077 GRAYSON COUNTY",10100,"2020","06","VA"
"98574","Locality: 079 GREENE COUNTY",13052,"2020","06","VA"
"98579","Locality: 081 GREENSVILLE COUNTY",6151,"2020","06","VA"
"98588","Locality: 083 HALIFAX COUNTY",23059,"2020","06","VA"
"98608","Locality: 085 HANOVER COUNTY",79594,"2020","06","VA"
"98644","Locality: 087 HENRICO COUNTY",220837,"2020","06","VA"
"98735","Locality: 089 HENRY COUNTY",34059,"2020","06","VA"
"98759","Locality: 091 HIGHLAND COUNTY",1777,"2020","06","VA"
"98765","Locality: 093 ISLE OF WIGHT COUNTY",28088,"2020","06","VA"
"98779","Locality: 095 JAMES CITY COUNTY",56991,"2020","06","VA"
"98798","Locality: 097 KING & QUEEN COUNTY",4976,"2020","06","VA"
"98803","Locality: 099 KING GEORGE COUNTY",16931,"2020","06","VA"
"98808","Locality: 101 KING WILLIAM COUNTY",12310,"2020","06","VA"
"98814","Locality: 103 LANCASTER COUNTY",8469,"2020","06","VA"
"98820","Locality: 105 LEE COUNTY",14340,"2020","06","VA"
"98836","Locality: 107 LOUDOUN COUNTY",260577,"2020","06","VA"
"98934","Locality: 109 LOUISA COUNTY",25301,"2020","06","VA"
"98949","Locality: 111 LUNENBURG COUNTY",7626,"2020","06","VA"
"98960","Locality: 113 MADISON COUNTY",9330,"2020","06","VA"
"98969","Locality: 115 MATHEWS COUNTY",6861,"2020","06","VA"
"98972","Locality: 117 MECKLENBURG COUNTY",21043,"2020","06","VA"
"98995","Locality: 119 MIDDLESEX COUNTY",7966,"2020","06","VA"
"99001","Locality: 121 MONTGOMERY COUNTY",57795,"2020","06","VA"
"99025","Locality: 125 NELSON COUNTY",10901,"2020","06","VA"
"99034","Locality: 127 NEW KENT COUNTY",16306,"2020","06","VA"
"99044","Locality: 131 NORTHAMPTON COUNTY",8981,"2020","06","VA"
"99049","Locality: 133 NORTHUMBERLAND COUNTY",9287,"2020","06","VA"
"99054","Locality: 135 NOTTOWAY COUNTY",8914,"2020","06","VA"
"99063","Locality: 137 ORANGE COUNTY",24650,"2020","06","VA"
"99073","Locality: 139 PAGE COUNTY",15543,"2020","06","VA"
"99078","Locality: 141 PATRICK COUNTY",11840,"2020","06","VA"
"99091","Locality: 143 PITTSYLVANIA COUNTY",41988,"2020","06","VA"
"99120","Locality: 145 POWHATAN COUNTY",21806,"2020","06","VA"
"99132","Locality: 147 PRINCE EDWARD COUNTY",12515,"2020","06","VA"
"99142","Locality: 149 PRINCE GEORGE COUNTY",22256,"2020","06","VA"
"99152","Locality: 153 PRINCE WILLIAM COUNTY",279622,"2020","06","VA"
"99245","Locality: 155 PULASKI COUNTY",21660,"2020","06","VA"
"99257","Locality: 157 RAPPAHANNOCK COUNTY",5707,"2020","06","VA"
"99263","Locality: 159 RICHMOND COUNTY",5157,"2020","06","VA"
"99268","Locality: 161 ROANOKE COUNTY",67575,"2020","06","VA"
"99301","Locality: 163 ROCKBRIDGE COUNTY",14526,"2020","06","VA"
"99318","Locality: 165 ROCKINGHAM COUNTY",50643,"2020","06","VA"
"99349","Locality: 167 RUSSELL COUNTY",17935,"2020","06","VA"
"99364","Locality: 169 SCOTT COUNTY",14687,"2020","06","VA"
"99381","Locality: 171 SHENANDOAH COUNTY",28662,"2020","06","VA"
"99393","Locality: 173 SMYTH COUNTY",18508,"2020","06","VA"
"99407","Locality: 175 SOUTHAMPTON COUNTY",12038,"2020","06","VA"
"99420","Locality: 177 SPOTSYLVANIA COUNTY",90731,"2020","06","VA"
"99446","Locality: 179 STAFFORD COUNTY",95797,"2020","06","VA"
"99473","Locality: 181 SURRY COUNTY",5374,"2020","06","VA"
"99480","Locality: 183 SUSSEX COUNTY",6700,"2020","06","VA"
"99491","Locality: 185 TAZEWELL COUNTY",24205,"2020","06","VA"
"99511","Locality: 187 WARREN COUNTY",26257,"2020","06","VA"
"99522","Locality: 191 WASHINGTON COUNTY",35828,"2020","06","VA"
"99541","Locality: 193 WESTMORELAND COUNTY",12327,"2020","06","VA"
"99549","Locality: 195 WISE COUNTY",22361,"2020","06","VA"
"99561","Locality: 197 WYTHE COUNTY",18947,"2020","06","VA"
"99572","Locality: 199 YORK COUNTY",44759,"2020","06","VA"
"99585","Locality: 510 ALEXANDRIA CITY",99108,"2020","06","VA"
"99615","Locality: 520 BRISTOL CITY",10641,"2020","06","VA"
"99619","Locality: 530 BUENA VISTA CITY",3776,"2020","06","VA"
"99621","Locality: 540 CHARLOTTESVILLE CITY",31340,"2020","06","VA"
"99630","Locality: 550 CHESAPEAKE CITY",153704,"2020","06","VA"
"99693","Locality: 570 COLONIAL HEIGHTS CITY",11830,"2020","06","VA"
"99698","Locality: 580 COVINGTON CITY",3521,"2020","06","VA"
"99703","Locality: 590 DANVILLE CITY",26501,"2020","06","VA"
"99719","Locality: 595 EMPORIA CITY",3593,"2020","06","VA"
"99726","Locality: 600 FAIRFAX CITY",16200,"2020","06","VA"
"99732","Locality: 610 FALLS CHURCH CITY",10224,"2020","06","VA"
"99735","Locality: 620 FRANKLIN CITY",5372,"2020","06","VA"
"99741","Locality: 630 FREDERICKSBURG CITY",16682,"2020","06","VA"
"99746","Locality: 640 GALAX CITY",3578,"2020","06","VA"
"99749","Locality: 650 HAMPTON CITY",89735,"2020","06","VA"
"99779","Locality: 660 HARRISONBURG CITY",23312,"2020","06","VA"
"99787","Locality: 670 HOPEWELL CITY",13840,"2020","06","VA"
"99794","Locality: 678 LEXINGTON CITY",3689,"2020","06","VA"
"99795","Locality: 680 LYNCHBURG CITY",49384,"2020","06","VA"
"99813","Locality: 683 MANASSAS CITY",21115,"2020","06","VA"
"99819","Locality: 685 MANASSAS PARK CITY",7916,"2020","06","VA"
"99822","Locality: 690 MARTINSVILLE CITY",8232,"2020","06","VA"
"99828","Locality: 700 NEWPORT NEWS CITY",110278,"2020","06","VA"
"99873","Locality: 710 NORFOLK CITY",119720,"2020","06","VA"
"99921","Locality: 720 NORTON CITY",2247,"2020","06","VA"
"99922","Locality: 730 PETERSBURG CITY",20911,"2020","06","VA"
"99929","Locality: 735 POQUOSON CITY",8871,"2020","06","VA"
"99932","Locality: 740 PORTSMOUTH CITY",61018,"2020","06","VA"
"99963","Locality: 750 RADFORD CITY",8823,"2020","06","VA"
"99967","Locality: 760 RICHMOND CITY",145264,"2020","06","VA"
"100036","Locality: 770 ROANOKE CITY",58916,"2020","06","VA"
"100056","Locality: 775 SALEM CITY",16583,"2020","06","VA"
"100066","Locality: 790 STAUNTON CITY",16260,"2020","06","VA"
"100071","Locality: 800 SUFFOLK CITY",61445,"2020","06","VA"
"100098","Locality: 810 VIRGINIA BEACH CITY",290585,"2020","06","VA"
"100198","Locality: 820 WAYNESBORO CITY",13263,"2020","06","VA"
"100202","Locality: 830 WILLIAMSBURG CITY",9743,"2020","06","VA"
"100204","Locality: 840 WINCHESTER CITY",15801,"2020","06","VA"
"100210","Locality: 001 ACCOMACK COUNTY",22904,"2020","07","VA"
"100226","Locality: 003 ALBEMARLE COUNTY",75262,"2020","07","VA"
"100256","Locality: 005 ALLEGHANY COUNTY",10289,"2020","07","VA"
"100268","Locality: 007 AMELIA COUNTY",9348,"2020","07","VA"
"100273","Locality: 009 AMHERST COUNTY",20817,"2020","07","VA"
"100284","Locality: 011 APPOMATTOX COUNTY",10974,"2020","07","VA"
"100293","Locality: 013 ARLINGTON COUNTY",159029,"2020","07","VA"
"100347","Locality: 015 AUGUSTA COUNTY",48970,"2020","07","VA"
"100372","Locality: 017 BATH COUNTY",3116,"2020","07","VA"
"100379","Locality: 019 BEDFORD COUNTY",56846,"2020","07","VA"
"100411","Locality: 021 BLAND COUNTY",4317,"2020","07","VA"
"100418","Locality: 023 BOTETOURT COUNTY",24221,"2020","07","VA"
"100428","Locality: 025 BRUNSWICK COUNTY",10452,"2020","07","VA"
"100441","Locality: 027 BUCHANAN COUNTY",14614,"2020","07","VA"
"100458","Locality: 029 BUCKINGHAM COUNTY",10189,"2020","07","VA"
"100468","Locality: 031 CAMPBELL COUNTY",37205,"2020","07","VA"
"100484","Locality: 033 CAROLINE COUNTY",20144,"2020","07","VA"
"100496","Locality: 035 CARROLL COUNTY",19366,"2020","07","VA"
"100513","Locality: 036 CHARLES CITY COUNTY",5396,"2020","07","VA"
"100516","Locality: 037 CHARLOTTE COUNTY",7975,"2020","07","VA"
"100523","Locality: 041 CHESTERFIELD COUNTY",241921,"2020","07","VA"
"100603","Locality: 043 CLARKE COUNTY",10886,"2020","07","VA"
"100610","Locality: 045 CRAIG COUNTY",3746,"2020","07","VA"
"100618","Locality: 047 CULPEPER COUNTY",32694,"2020","07","VA"
"100633","Locality: 049 CUMBERLAND COUNTY",6772,"2020","07","VA"
"100638","Locality: 051 DICKENSON COUNTY",9836,"2020","07","VA"
"100648","Locality: 053 DINWIDDIE COUNTY",18777,"2020","07","VA"
"100661","Locality: 057 ESSEX COUNTY",7362,"2020","07","VA"
"100665","Locality: 059 FAIRFAX COUNTY",733019,"2020","07","VA"
"100908","Locality: 061 FAUQUIER COUNTY",50665,"2020","07","VA"
"100928","Locality: 063 FLOYD COUNTY",10874,"2020","07","VA"
"100933","Locality: 065 FLUVANNA COUNTY",18629,"2020","07","VA"
"100938","Locality: 067 FRANKLIN COUNTY",36330,"2020","07","VA"
"100961","Locality: 069 FREDERICK COUNTY",58774,"2020","07","VA"
"100982","Locality: 071 GILES COUNTY",11104,"2020","07","VA"
"100991","Locality: 073 GLOUCESTER COUNTY",27228,"2020","07","VA"
"101002","Locality: 075 GOOCHLAND COUNTY",19012,"2020","07","VA"
"101012","Locality: 077 GRAYSON COUNTY",10104,"2020","07","VA"
"101027","Locality: 079 GREENE COUNTY",13019,"2020","07","VA"
"101032","Locality: 081 GREENSVILLE COUNTY",6145,"2020","07","VA"
"101041","Locality: 083 HALIFAX COUNTY",23125,"2020","07","VA"
"101061","Locality: 085 HANOVER COUNTY",80106,"2020","07","VA"
"101097","Locality: 087 HENRICO COUNTY",220111,"2020","07","VA"
"101188","Locality: 089 HENRY COUNTY",34058,"2020","07","VA"
"101212","Locality: 091 HIGHLAND COUNTY",1782,"2020","07","VA"
"101218","Locality: 093 ISLE OF WIGHT COUNTY",28177,"2020","07","VA"
"101232","Locality: 095 JAMES CITY COUNTY",57281,"2020","07","VA"
"101251","Locality: 097 KING & QUEEN COUNTY",4991,"2020","07","VA"
"101256","Locality: 099 KING GEORGE COUNTY",17052,"2020","07","VA"
"101261","Locality: 101 KING WILLIAM COUNTY",12358,"2020","07","VA"
"101267","Locality: 103 LANCASTER COUNTY",8418,"2020","07","VA"
"101273","Locality: 105 LEE COUNTY",14359,"2020","07","VA"
"101289","Locality: 107 LOUDOUN COUNTY",261791,"2020","07","VA"
"101387","Locality: 109 LOUISA COUNTY",25450,"2020","07","VA"
"101402","Locality: 111 LUNENBURG COUNTY",7638,"2020","07","VA"
"101413","Locality: 113 MADISON COUNTY",9359,"2020","07","VA"
"101422","Locality: 115 MATHEWS COUNTY",6872,"2020","07","VA"
"101425","Locality: 117 MECKLENBURG COUNTY",21096,"2020","07","VA"
"101448","Locality: 119 MIDDLESEX COUNTY",7951,"2020","07","VA"
"101454","Locality: 121 MONTGOMERY COUNTY",57707,"2020","07","VA"
"101478","Locality: 125 NELSON COUNTY",10962,"2020","07","VA"
"101487","Locality: 127 NEW KENT COUNTY",16438,"2020","07","VA"
"101497","Locality: 131 NORTHAMPTON COUNTY",8995,"2020","07","VA"
"101502","Locality: 133 NORTHUMBERLAND COUNTY",9326,"2020","07","VA"
"101507","Locality: 135 NOTTOWAY COUNTY",8903,"2020","07","VA"
"101516","Locality: 137 ORANGE COUNTY",24803,"2020","07","VA"
"101526","Locality: 139 PAGE COUNTY",15485,"2020","07","VA"
"101531","Locality: 141 PATRICK COUNTY",11870,"2020","07","VA"
"101544","Locality: 143 PITTSYLVANIA COUNTY",42098,"2020","07","VA"
"101573","Locality: 145 POWHATAN COUNTY",21923,"2020","07","VA"
"101585","Locality: 147 PRINCE EDWARD COUNTY",12540,"2020","07","VA"
"101595","Locality: 149 PRINCE GEORGE COUNTY",22361,"2020","07","VA"
"101605","Locality: 153 PRINCE WILLIAM COUNTY",279792,"2020","07","VA"
"101698","Locality: 155 PULASKI COUNTY",21721,"2020","07","VA"
"101710","Locality: 157 RAPPAHANNOCK COUNTY",5733,"2020","07","VA"
"101716","Locality: 159 RICHMOND COUNTY",5176,"2020","07","VA"
"101721","Locality: 161 ROANOKE COUNTY",67710,"2020","07","VA"
"101754","Locality: 163 ROCKBRIDGE COUNTY",14547,"2020","07","VA"
"101771","Locality: 165 ROCKINGHAM COUNTY",50905,"2020","07","VA"
"101802","Locality: 167 RUSSELL COUNTY",17911,"2020","07","VA"
"101817","Locality: 169 SCOTT COUNTY",14740,"2020","07","VA"
"101834","Locality: 171 SHENANDOAH COUNTY",28707,"2020","07","VA"
"101846","Locality: 173 SMYTH COUNTY",18549,"2020","07","VA"
"101860","Locality: 175 SOUTHAMPTON COUNTY",12075,"2020","07","VA"
"101873","Locality: 177 SPOTSYLVANIA COUNTY",91430,"2020","07","VA"
"101899","Locality: 179 STAFFORD COUNTY",96564,"2020","07","VA"
"101926","Locality: 181 SURRY COUNTY",5377,"2020","07","VA"
"101933","Locality: 183 SUSSEX COUNTY",6700,"2020","07","VA"
"101944","Locality: 185 TAZEWELL COUNTY",24299,"2020","07","VA"
"101964","Locality: 187 WARREN COUNTY",26317,"2020","07","VA"
"101975","Locality: 191 WASHINGTON COUNTY",35936,"2020","07","VA"
"101994","Locality: 193 WESTMORELAND COUNTY",12394,"2020","07","VA"
"102002","Locality: 195 WISE COUNTY",22375,"2020","07","VA"
"102014","Locality: 197 WYTHE COUNTY",18986,"2020","07","VA"
"102025","Locality: 199 YORK COUNTY",44738,"2020","07","VA"
"102038","Locality: 510 ALEXANDRIA CITY",99991,"2020","07","VA"
"102068","Locality: 520 BRISTOL CITY",10674,"2020","07","VA"
"102072","Locality: 530 BUENA VISTA CITY",3779,"2020","07","VA"
"102074","Locality: 540 CHARLOTTESVILLE CITY",31453,"2020","07","VA"
"102083","Locality: 550 CHESAPEAKE CITY",154781,"2020","07","VA"
"102146","Locality: 570 COLONIAL HEIGHTS CITY",11843,"2020","07","VA"
"102151","Locality: 580 COVINGTON CITY",3531,"2020","07","VA"
"102156","Locality: 590 DANVILLE CITY",26538,"2020","07","VA"
"102172","Locality: 595 EMPORIA CITY",3618,"2020","07","VA"
"102179","Locality: 600 FAIRFAX CITY",16159,"2020","07","VA"
"102185","Locality: 610 FALLS CHURCH CITY",10280,"2020","07","VA"
"102188","Locality: 620 FRANKLIN CITY",5385,"2020","07","VA"
"102194","Locality: 630 FREDERICKSBURG CITY",16822,"2020","07","VA"
"102199","Locality: 640 GALAX CITY",3590,"2020","07","VA"
"102202","Locality: 650 HAMPTON CITY",89975,"2020","07","VA"
"102232","Locality: 660 HARRISONBURG CITY",23239,"2020","07","VA"
"102240","Locality: 670 HOPEWELL CITY",13929,"2020","07","VA"
"102247","Locality: 678 LEXINGTON CITY",3697,"2020","07","VA"
"102248","Locality: 680 LYNCHBURG CITY",49465,"2020","07","VA"
"102266","Locality: 683 MANASSAS CITY",21305,"2020","07","VA"
"102272","Locality: 685 MANASSAS PARK CITY",7976,"2020","07","VA"
"102275","Locality: 690 MARTINSVILLE CITY",8266,"2020","07","VA"
"102281","Locality: 700 NEWPORT NEWS CITY",110538,"2020","07","VA"
"102326","Locality: 710 NORFOLK CITY",120513,"2020","07","VA"
"102374","Locality: 720 NORTON CITY",2260,"2020","07","VA"
"102375","Locality: 730 PETERSBURG CITY",20871,"2020","07","VA"
"102382","Locality: 735 POQUOSON CITY",8859,"2020","07","VA"
"102385","Locality: 740 PORTSMOUTH CITY",61008,"2020","07","VA"
"102416","Locality: 750 RADFORD CITY",8785,"2020","07","VA"
"102420","Locality: 760 RICHMOND CITY",144222,"2020","07","VA"
"102489","Locality: 770 ROANOKE CITY",59162,"2020","07","VA"
"102509","Locality: 775 SALEM CITY",16635,"2020","07","VA"
"102519","Locality: 790 STAUNTON CITY",16365,"2020","07","VA"
"102524","Locality: 800 SUFFOLK CITY",61861,"2020","07","VA"
"102551","Locality: 810 VIRGINIA BEACH CITY",290050,"2020","07","VA"
"102651","Locality: 820 WAYNESBORO CITY",13334,"2020","07","VA"
"102655","Locality: 830 WILLIAMSBURG CITY",9703,"2020","07","VA"
"102657","Locality: 840 WINCHESTER CITY",15931,"2020","07","VA"
"102663","Locality: 001 ACCOMACK COUNTY",23002,"2020","08","VA"
"102679","Locality: 003 ALBEMARLE COUNTY",75976,"2020","08","VA"
"102709","Locality: 005 ALLEGHANY COUNTY",10336,"2020","08","VA"
"102721","Locality: 007 AMELIA COUNTY",9387,"2020","08","VA"
"102726","Locality: 009 AMHERST COUNTY",20891,"2020","08","VA"
"102737","Locality: 011 APPOMATTOX COUNTY",11048,"2020","08","VA"
"102746","Locality: 013 ARLINGTON COUNTY",159636,"2020","08","VA"
"102800","Locality: 015 AUGUSTA COUNTY",49415,"2020","08","VA"
"102825","Locality: 017 BATH COUNTY",3130,"2020","08","VA"
"102832","Locality: 019 BEDFORD COUNTY",57136,"2020","08","VA"
"102864","Locality: 021 BLAND COUNTY",4329,"2020","08","VA"
"102871","Locality: 023 BOTETOURT COUNTY",24318,"2020","08","VA"
"102881","Locality: 025 BRUNSWICK COUNTY",10468,"2020","08","VA"
"102894","Locality: 027 BUCHANAN COUNTY",14615,"2020","08","VA"
"102911","Locality: 029 BUCKINGHAM COUNTY",10223,"2020","08","VA"
"102921","Locality: 031 CAMPBELL COUNTY",37327,"2020","08","VA"
"102937","Locality: 033 CAROLINE COUNTY",20267,"2020","08","VA"
"102949","Locality: 035 CARROLL COUNTY",19443,"2020","08","VA"
"102966","Locality: 036 CHARLES CITY COUNTY",5397,"2020","08","VA"
"102969","Locality: 037 CHARLOTTE COUNTY",7943,"2020","08","VA"
"102976","Locality: 041 CHESTERFIELD COUNTY",243170,"2020","08","VA"
"103056","Locality: 043 CLARKE COUNTY",10931,"2020","08","VA"
"103063","Locality: 045 CRAIG COUNTY",3749,"2020","08","VA"
"103071","Locality: 047 CULPEPER COUNTY",32819,"2020","08","VA"
"103086","Locality: 049 CUMBERLAND COUNTY",6797,"2020","08","VA"
"103091","Locality: 051 DICKENSON COUNTY",9851,"2020","08","VA"
"103101","Locality: 053 DINWIDDIE COUNTY",18881,"2020","08","VA"
"103114","Locality: 057 ESSEX COUNTY",7384,"2020","08","VA"
"103118","Locality: 059 FAIRFAX COUNTY",739096,"2020","08","VA"
"103361","Locality: 061 FAUQUIER COUNTY",51099,"2020","08","VA"
"103381","Locality: 063 FLOYD COUNTY",10938,"2020","08","VA"
"103386","Locality: 065 FLUVANNA COUNTY",18716,"2020","08","VA"
"103391","Locality: 067 FRANKLIN COUNTY",36445,"2020","08","VA"
"103414","Locality: 069 FREDERICK COUNTY",59175,"2020","08","VA"
"103435","Locality: 071 GILES COUNTY",11187,"2020","08","VA"
"103444","Locality: 073 GLOUCESTER COUNTY",27297,"2020","08","VA"
"103455","Locality: 075 GOOCHLAND COUNTY",19067,"2020","08","VA"
"103465","Locality: 077 GRAYSON COUNTY",10128,"2020","08","VA"
"103480","Locality: 079 GREENE COUNTY",13190,"2020","08","VA"
"103485","Locality: 081 GREENSVILLE COUNTY",6162,"2020","08","VA"
"103494","Locality: 083 HALIFAX COUNTY",23214,"2020","08","VA"
"103514","Locality: 085 HANOVER COUNTY",80277,"2020","08","VA"
"103550","Locality: 087 HENRICO COUNTY",222895,"2020","08","VA"
"103641","Locality: 089 HENRY COUNTY",34279,"2020","08","VA"
"103665","Locality: 091 HIGHLAND COUNTY",1788,"2020","08","VA"
"103671","Locality: 093 ISLE OF WIGHT COUNTY",28324,"2020","08","VA"
"103685","Locality: 095 JAMES CITY COUNTY",57434,"2020","08","VA"
"103704","Locality: 097 KING & QUEEN COUNTY",4991,"2020","08","VA"
"103709","Locality: 099 KING GEORGE COUNTY",17155,"2020","08","VA"
"103714","Locality: 101 KING WILLIAM COUNTY",12419,"2020","08","VA"
"103720","Locality: 103 LANCASTER COUNTY",8489,"2020","08","VA"
"103726","Locality: 105 LEE COUNTY",14388,"2020","08","VA"
"103742","Locality: 107 LOUDOUN COUNTY",264003,"2020","08","VA"
"103840","Locality: 109 LOUISA COUNTY",25602,"2020","08","VA"
"103855","Locality: 111 LUNENBURG COUNTY",7660,"2020","08","VA"
"103866","Locality: 113 MADISON COUNTY",9409,"2020","08","VA"
"103875","Locality: 115 MATHEWS COUNTY",6885,"2020","08","VA"
"103878","Locality: 117 MECKLENBURG COUNTY",21157,"2020","08","VA"
"103901","Locality: 119 MIDDLESEX COUNTY",8040,"2020","08","VA"
"103907","Locality: 121 MONTGOMERY COUNTY",57444,"2020","08","VA"
"103931","Locality: 125 NELSON COUNTY",10987,"2020","08","VA"
"103940","Locality: 127 NEW KENT COUNTY",16513,"2020","08","VA"
"103950","Locality: 131 NORTHAMPTON COUNTY",8994,"2020","08","VA"
"103955","Locality: 133 NORTHUMBERLAND COUNTY",9367,"2020","08","VA"
"103960","Locality: 135 NOTTOWAY COUNTY",8958,"2020","08","VA"
"103969","Locality: 137 ORANGE COUNTY",24971,"2020","08","VA"
"103979","Locality: 139 PAGE COUNTY",15619,"2020","08","VA"
"103984","Locality: 141 PATRICK COUNTY",11918,"2020","08","VA"
"103997","Locality: 143 PITTSYLVANIA COUNTY",42283,"2020","08","VA"
"104026","Locality: 145 POWHATAN COUNTY",22055,"2020","08","VA"
"104038","Locality: 147 PRINCE EDWARD COUNTY",12550,"2020","08","VA"
"104048","Locality: 149 PRINCE GEORGE COUNTY",22453,"2020","08","VA"
"104058","Locality: 153 PRINCE WILLIAM COUNTY",282099,"2020","08","VA"
"104151","Locality: 155 PULASKI COUNTY",21827,"2020","08","VA"
"104163","Locality: 157 RAPPAHANNOCK COUNTY",5756,"2020","08","VA"
"104169","Locality: 159 RICHMOND COUNTY",5189,"2020","08","VA"
"104174","Locality: 161 ROANOKE COUNTY",68163,"2020","08","VA"
"104207","Locality: 163 ROCKBRIDGE COUNTY",14642,"2020","08","VA"
"104224","Locality: 165 ROCKINGHAM COUNTY",51255,"2020","08","VA"
"104255","Locality: 167 RUSSELL COUNTY",18011,"2020","08","VA"
"104270","Locality: 169 SCOTT COUNTY",14813,"2020","08","VA"
"104287","Locality: 171 SHENANDOAH COUNTY",28978,"2020","08","VA"
"104299","Locality: 173 SMYTH COUNTY",18608,"2020","08","VA"
"104313","Locality: 175 SOUTHAMPTON COUNTY",12085,"2020","08","VA"
"104326","Locality: 177 SPOTSYLVANIA COUNTY",91954,"2020","08","VA"
"104352","Locality: 179 STAFFORD COUNTY",97306,"2020","08","VA"
"104379","Locality: 181 SURRY COUNTY",5380,"2020","08","VA"
"104386","Locality: 183 SUSSEX COUNTY",6720,"2020","08","VA"
"104397","Locality: 185 TAZEWELL COUNTY",24431,"2020","08","VA"
"104417","Locality: 187 WARREN COUNTY",26482,"2020","08","VA"
"104428","Locality: 191 WASHINGTON COUNTY",36174,"2020","08","VA"
"104447","Locality: 193 WESTMORELAND COUNTY",12476,"2020","08","VA"
"104455","Locality: 195 WISE COUNTY",22545,"2020","08","VA"
"104467","Locality: 197 WYTHE COUNTY",19057,"2020","08","VA"
"104478","Locality: 199 YORK COUNTY",45216,"2020","08","VA"
"104491","Locality: 510 ALEXANDRIA CITY",100490,"2020","08","VA"
"104521","Locality: 520 BRISTOL CITY",10728,"2020","08","VA"
"104525","Locality: 530 BUENA VISTA CITY",3797,"2020","08","VA"
"104527","Locality: 540 CHARLOTTESVILLE CITY",31274,"2020","08","VA"
"104536","Locality: 550 CHESAPEAKE CITY",155820,"2020","08","VA"
"104599","Locality: 570 COLONIAL HEIGHTS CITY",11913,"2020","08","VA"
"104604","Locality: 580 COVINGTON CITY",3548,"2020","08","VA"
"104609","Locality: 590 DANVILLE CITY",26635,"2020","08","VA"
"104625","Locality: 595 EMPORIA CITY",3627,"2020","08","VA"
"104632","Locality: 600 FAIRFAX CITY",16328,"2020","08","VA"
"104638","Locality: 610 FALLS CHURCH CITY",10301,"2020","08","VA"
"104641","Locality: 620 FRANKLIN CITY",5381,"2020","08","VA"
"104647","Locality: 630 FREDERICKSBURG CITY",16859,"2020","08","VA"
"104652","Locality: 640 GALAX CITY",3610,"2020","08","VA"
"104655","Locality: 650 HAMPTON CITY",90833,"2020","08","VA"
"104685","Locality: 660 HARRISONBURG CITY",22868,"2020","08","VA"
"104693","Locality: 670 HOPEWELL CITY",13967,"2020","08","VA"
"104700","Locality: 678 LEXINGTON CITY",3702,"2020","08","VA"
"104701","Locality: 680 LYNCHBURG CITY",49754,"2020","08","VA"
"104719","Locality: 683 MANASSAS CITY",21374,"2020","08","VA"
"104725","Locality: 685 MANASSAS PARK CITY",8022,"2020","08","VA"
"104728","Locality: 690 MARTINSVILLE CITY",8308,"2020","08","VA"
"104734","Locality: 700 NEWPORT NEWS CITY",111231,"2020","08","VA"
"104779","Locality: 710 NORFOLK CITY",121229,"2020","08","VA"
"104827","Locality: 720 NORTON CITY",2275,"2020","08","VA"
"104828","Locality: 730 PETERSBURG CITY",21101,"2020","08","VA"
"104835","Locality: 735 POQUOSON CITY",8947,"2020","08","VA"
"104838","Locality: 740 PORTSMOUTH CITY",61616,"2020","08","VA"
"104869","Locality: 750 RADFORD CITY",8709,"2020","08","VA"
"104873","Locality: 760 RICHMOND CITY",145765,"2020","08","VA"
"104942","Locality: 770 ROANOKE CITY",59526,"2020","08","VA"
"104962","Locality: 775 SALEM CITY",16701,"2020","08","VA"
"104972","Locality: 790 STAUNTON CITY",16393,"2020","08","VA"
"104977","Locality: 800 SUFFOLK CITY",62105,"2020","08","VA"
"105004","Locality: 810 VIRGINIA BEACH CITY",293703,"2020","08","VA"
"105104","Locality: 820 WAYNESBORO CITY",13425,"2020","08","VA"
"105108","Locality: 830 WILLIAMSBURG CITY",9601,"2020","08","VA"
"105110","Locality: 840 WINCHESTER CITY",15936,"2020","08","VA"
"105116","Locality: 001 ACCOMACK COUNTY",23185,"2020","09","VA"
"105132","Locality: 003 ALBEMARLE COUNTY",76186,"2020","09","VA"
"105162","Locality: 005 ALLEGHANY COUNTY",10435,"2020","09","VA"
"105174","Locality: 007 AMELIA COUNTY",9424,"2020","09","VA"
"105179","Locality: 009 AMHERST COUNTY",21085,"2020","09","VA"
"105190","Locality: 011 APPOMATTOX COUNTY",11139,"2020","09","VA"
"105199","Locality: 013 ARLINGTON COUNTY",161190,"2020","09","VA"
"105253","Locality: 015 AUGUSTA COUNTY",49986,"2020","09","VA"
"105278","Locality: 017 BATH COUNTY",3139,"2020","09","VA"
"105285","Locality: 019 BEDFORD COUNTY",57714,"2020","09","VA"
"105317","Locality: 021 BLAND COUNTY",4360,"2020","09","VA"
"105324","Locality: 023 BOTETOURT COUNTY",24618,"2020","09","VA"
"105334","Locality: 025 BRUNSWICK COUNTY",10510,"2020","09","VA"
"105347","Locality: 027 BUCHANAN COUNTY",14668,"2020","09","VA"
"105364","Locality: 029 BUCKINGHAM COUNTY",10310,"2020","09","VA"
"105374","Locality: 031 CAMPBELL COUNTY",37636,"2020","09","VA"
"105390","Locality: 033 CAROLINE COUNTY",20517,"2020","09","VA"
"105402","Locality: 035 CARROLL COUNTY",19618,"2020","09","VA"
"105419","Locality: 036 CHARLES CITY COUNTY",5426,"2020","09","VA"
"105422","Locality: 037 CHARLOTTE COUNTY",8001,"2020","09","VA"
"105429","Locality: 041 CHESTERFIELD COUNTY",245582,"2020","09","VA"
"105509","Locality: 043 CLARKE COUNTY",11037,"2020","09","VA"
"105516","Locality: 045 CRAIG COUNTY",3798,"2020","09","VA"
"105524","Locality: 047 CULPEPER COUNTY",33205,"2020","09","VA"
"105539","Locality: 049 CUMBERLAND COUNTY",6841,"2020","09","VA"
"105544","Locality: 051 DICKENSON COUNTY",9895,"2020","09","VA"
"105554","Locality: 053 DINWIDDIE COUNTY",19108,"2020","09","VA"
"105567","Locality: 057 ESSEX COUNTY",7464,"2020","09","VA"
"105571","Locality: 059 FAIRFAX COUNTY",743809,"2020","09","VA"
"105814","Locality: 061 FAUQUIER COUNTY",51539,"2020","09","VA"
"105834","Locality: 063 FLOYD COUNTY",11047,"2020","09","VA"
"105839","Locality: 065 FLUVANNA COUNTY",18868,"2020","09","VA"
"105844","Locality: 067 FRANKLIN COUNTY",36833,"2020","09","VA"
"105867","Locality: 069 FREDERICK COUNTY",60058,"2020","09","VA"
"105888","Locality: 071 GILES COUNTY",11303,"2020","09","VA"
"105897","Locality: 073 GLOUCESTER COUNTY",27590,"2020","09","VA"
"105908","Locality: 075 GOOCHLAND COUNTY",19261,"2020","09","VA"
"105918","Locality: 077 GRAYSON COUNTY",10229,"2020","09","VA"
"105933","Locality: 079 GREENE COUNTY",13384,"2020","09","VA"
"105938","Locality: 081 GREENSVILLE COUNTY",6177,"2020","09","VA"
"105947","Locality: 083 HALIFAX COUNTY",23433,"2020","09","VA"
"105967","Locality: 085 HANOVER COUNTY",81003,"2020","09","VA"
"106003","Locality: 087 HENRICO COUNTY",223331,"2020","09","VA"
"106094","Locality: 089 HENRY COUNTY",34497,"2020","09","VA"
"106118","Locality: 091 HIGHLAND COUNTY",1802,"2020","09","VA"
"106124","Locality: 093 ISLE OF WIGHT COUNTY",28596,"2020","09","VA"
"106138","Locality: 095 JAMES CITY COUNTY",58077,"2020","09","VA"
"106157","Locality: 097 KING & QUEEN COUNTY",5009,"2020","09","VA"
"106162","Locality: 099 KING GEORGE COUNTY",17383,"2020","09","VA"
"106167","Locality: 101 KING WILLIAM COUNTY",12586,"2020","09","VA"
"106173","Locality: 103 LANCASTER COUNTY",8556,"2020","09","VA"
"106179","Locality: 105 LEE COUNTY",14519,"2020","09","VA"
"106195","Locality: 107 LOUDOUN COUNTY",266643,"2020","09","VA"
"106293","Locality: 109 LOUISA COUNTY",25996,"2020","09","VA"
"106308","Locality: 111 LUNENBURG COUNTY",7705,"2020","09","VA"
"106319","Locality: 113 MADISON COUNTY",9519,"2020","09","VA"
"106328","Locality: 115 MATHEWS COUNTY",6923,"2020","09","VA"
"106331","Locality: 117 MECKLENBURG COUNTY",21305,"2020","09","VA"
"106354","Locality: 119 MIDDLESEX COUNTY",8102,"2020","09","VA"
"106360","Locality: 121 MONTGOMERY COUNTY",57756,"2020","09","VA"
"106384","Locality: 125 NELSON COUNTY",11121,"2020","09","VA"
"106393","Locality: 127 NEW KENT COUNTY",16673,"2020","09","VA"
"106403","Locality: 131 NORTHAMPTON COUNTY",9080,"2020","09","VA"
"106408","Locality: 133 NORTHUMBERLAND COUNTY",9468,"2020","09","VA"
"106413","Locality: 135 NOTTOWAY COUNTY",9012,"2020","09","VA"
"106422","Locality: 137 ORANGE COUNTY",25310,"2020","09","VA"
"106432","Locality: 139 PAGE COUNTY",15747,"2020","09","VA"
"106437","Locality: 141 PATRICK COUNTY",12004,"2020","09","VA"
"106450","Locality: 143 PITTSYLVANIA COUNTY",42638,"2020","09","VA"
"106479","Locality: 145 POWHATAN COUNTY",22233,"2020","09","VA"
"106491","Locality: 147 PRINCE EDWARD COUNTY",12614,"2020","09","VA"
"106501","Locality: 149 PRINCE GEORGE COUNTY",22688,"2020","09","VA"
"106511","Locality: 153 PRINCE WILLIAM COUNTY",286838,"2020","09","VA"
"106604","Locality: 155 PULASKI COUNTY",22048,"2020","09","VA"
"106616","Locality: 157 RAPPAHANNOCK COUNTY",5807,"2020","09","VA"
"106622","Locality: 159 RICHMOND COUNTY",5241,"2020","09","VA"
"106627","Locality: 161 ROANOKE COUNTY",68752,"2020","09","VA"
"106660","Locality: 163 ROCKBRIDGE COUNTY",14837,"2020","09","VA"
"106677","Locality: 165 ROCKINGHAM COUNTY",51888,"2020","09","VA"
"106708","Locality: 167 RUSSELL COUNTY",18139,"2020","09","VA"
"106723","Locality: 169 SCOTT COUNTY",14952,"2020","09","VA"
"106740","Locality: 171 SHENANDOAH COUNTY",29347,"2020","09","VA"
"106752","Locality: 173 SMYTH COUNTY",18732,"2020","09","VA"
"106766","Locality: 175 SOUTHAMPTON COUNTY",12219,"2020","09","VA"
"106779","Locality: 177 SPOTSYLVANIA COUNTY",93026,"2020","09","VA"
"106805","Locality: 179 STAFFORD COUNTY",98514,"2020","09","VA"
"106832","Locality: 181 SURRY COUNTY",5407,"2020","09","VA"
"106839","Locality: 183 SUSSEX COUNTY",6757,"2020","09","VA"
"106850","Locality: 185 TAZEWELL COUNTY",24747,"2020","09","VA"
"106870","Locality: 187 WARREN COUNTY",26840,"2020","09","VA"
"106881","Locality: 191 WASHINGTON COUNTY",36510,"2020","09","VA"
"106900","Locality: 193 WESTMORELAND COUNTY",12616,"2020","09","VA"
"106908","Locality: 195 WISE COUNTY",22806,"2020","09","VA"
"106920","Locality: 197 WYTHE COUNTY",19258,"2020","09","VA"
"106931","Locality: 199 YORK COUNTY",45811,"2020","09","VA"
"106944","Locality: 510 ALEXANDRIA CITY",101503,"2020","09","VA"
"106974","Locality: 520 BRISTOL CITY",10856,"2020","09","VA"
"106978","Locality: 530 BUENA VISTA CITY",3847,"2020","09","VA"
"106980","Locality: 540 CHARLOTTESVILLE CITY",31601,"2020","09","VA"
"106989","Locality: 550 CHESAPEAKE CITY",157808,"2020","09","VA"
"107052","Locality: 570 COLONIAL HEIGHTS CITY",11968,"2020","09","VA"
"107057","Locality: 580 COVINGTON CITY",3560,"2020","09","VA"
"107062","Locality: 590 DANVILLE CITY",26813,"2020","09","VA"
"107078","Locality: 595 EMPORIA CITY",3646,"2020","09","VA"
"107085","Locality: 600 FAIRFAX CITY",16428,"2020","09","VA"
"107091","Locality: 610 FALLS CHURCH CITY",10387,"2020","09","VA"
"107094","Locality: 620 FRANKLIN CITY",5423,"2020","09","VA"
"107100","Locality: 630 FREDERICKSBURG CITY",16979,"2020","09","VA"
"107105","Locality: 640 GALAX CITY",3635,"2020","09","VA"
"107108","Locality: 650 HAMPTON CITY",91802,"2020","09","VA"
"107138","Locality: 660 HARRISONBURG CITY",22904,"2020","09","VA"
"107146","Locality: 670 HOPEWELL CITY",14079,"2020","09","VA"
"107153","Locality: 678 LEXINGTON CITY",3744,"2020","09","VA"
"107154","Locality: 680 LYNCHBURG CITY",50179,"2020","09","VA"
"107172","Locality: 683 MANASSAS CITY",21621,"2020","09","VA"
"107178","Locality: 685 MANASSAS PARK CITY",8107,"2020","09","VA"
"107181","Locality: 690 MARTINSVILLE CITY",8349,"2020","09","VA"
"107187","Locality: 700 NEWPORT NEWS CITY",111755,"2020","09","VA"
"107232","Locality: 710 NORFOLK CITY",122286,"2020","09","VA"
"107280","Locality: 720 NORTON CITY",2293,"2020","09","VA"
"107281","Locality: 730 PETERSBURG CITY",21305,"2020","09","VA"
"107288","Locality: 735 POQUOSON CITY",9024,"2020","09","VA"
"107291","Locality: 740 PORTSMOUTH CITY",62266,"2020","09","VA"
"107322","Locality: 750 RADFORD CITY",8717,"2020","09","VA"
"107326","Locality: 760 RICHMOND CITY",147299,"2020","09","VA"
"107395","Locality: 770 ROANOKE CITY",60134,"2020","09","VA"
"107415","Locality: 775 SALEM CITY",16843,"2020","09","VA"
"107425","Locality: 790 STAUNTON CITY",16557,"2020","09","VA"
"107430","Locality: 800 SUFFOLK CITY",62836,"2020","09","VA"
"107457","Locality: 810 VIRGINIA BEACH CITY",297259,"2020","09","VA"
"107557","Locality: 820 WAYNESBORO CITY",13642,"2020","09","VA"
"107561","Locality: 830 WILLIAMSBURG CITY",9561,"2020","09","VA"
"107563","Locality: 840 WINCHESTER CITY",16200,"2020","09","VA"
"107569","Locality: 001 ACCOMACK COUNTY",23472,"2020","10","VA"
"107585","Locality: 003 ALBEMARLE COUNTY",77619,"2020","10","VA"
"107615","Locality: 005 ALLEGHANY COUNTY",10620,"2020","10","VA"
"107627","Locality: 007 AMELIA COUNTY",9574,"2020","10","VA"
"107632","Locality: 009 AMHERST COUNTY",21365,"2020","10","VA"
"107643","Locality: 011 APPOMATTOX COUNTY",11317,"2020","10","VA"
"107652","Locality: 013 ARLINGTON COUNTY",164498,"2020","10","VA"
"107706","Locality: 015 AUGUSTA COUNTY",50758,"2020","10","VA"
"107731","Locality: 017 BATH COUNTY",3180,"2020","10","VA"
"107738","Locality: 019 BEDFORD COUNTY",58633,"2020","10","VA"
"107770","Locality: 021 BLAND COUNTY",4403,"2020","10","VA"
"107777","Locality: 023 BOTETOURT COUNTY",24957,"2020","10","VA"
"107787","Locality: 025 BRUNSWICK COUNTY",10634,"2020","10","VA"
"107800","Locality: 027 BUCHANAN COUNTY",14792,"2020","10","VA"
"107817","Locality: 029 BUCKINGHAM COUNTY",10399,"2020","10","VA"
"107827","Locality: 031 CAMPBELL COUNTY",38194,"2020","10","VA"
"107843","Locality: 033 CAROLINE COUNTY",20848,"2020","10","VA"
"107855","Locality: 035 CARROLL COUNTY",19920,"2020","10","VA"
"107872","Locality: 036 CHARLES CITY COUNTY",5485,"2020","10","VA"
"107875","Locality: 037 CHARLOTTE COUNTY",8124,"2020","10","VA"
"107882","Locality: 041 CHESTERFIELD COUNTY",248950,"2020","10","VA"
"107962","Locality: 043 CLARKE COUNTY",11203,"2020","10","VA"
"107969","Locality: 045 CRAIG COUNTY",3862,"2020","10","VA"
"107977","Locality: 047 CULPEPER COUNTY",33874,"2020","10","VA"
"107992","Locality: 049 CUMBERLAND COUNTY",6958,"2020","10","VA"
"107997","Locality: 051 DICKENSON COUNTY",9971,"2020","10","VA"
"108007","Locality: 053 DINWIDDIE COUNTY",19402,"2020","10","VA"
"108020","Locality: 057 ESSEX COUNTY",7586,"2020","10","VA"
"108024","Locality: 059 FAIRFAX COUNTY",748347,"2020","10","VA"
"108267","Locality: 061 FAUQUIER COUNTY",52325,"2020","10","VA"
"108287","Locality: 063 FLOYD COUNTY",11195,"2020","10","VA"
"108292","Locality: 065 FLUVANNA COUNTY",19178,"2020","10","VA"
"108297","Locality: 067 FRANKLIN COUNTY",37265,"2020","10","VA"
"108320","Locality: 069 FREDERICK COUNTY",61138,"2020","10","VA"
"108341","Locality: 071 GILES COUNTY",11534,"2020","10","VA"
"108350","Locality: 073 GLOUCESTER COUNTY",27968,"2020","10","VA"
"108361","Locality: 075 GOOCHLAND COUNTY",19502,"2020","10","VA"
"108371","Locality: 077 GRAYSON COUNTY",10383,"2020","10","VA"
"108386","Locality: 079 GREENE COUNTY",13633,"2020","10","VA"
"108391","Locality: 081 GREENSVILLE COUNTY",6222,"2020","10","VA"
"108400","Locality: 083 HALIFAX COUNTY",23758,"2020","10","VA"
"108420","Locality: 085 HANOVER COUNTY",82066,"2020","10","VA"
"108456","Locality: 087 HENRICO COUNTY",227908,"2020","10","VA"
"108547","Locality: 089 HENRY COUNTY",34917,"2020","10","VA"
"108571","Locality: 091 HIGHLAND COUNTY",1822,"2020","10","VA"
"108577","Locality: 093 ISLE OF WIGHT COUNTY",29017,"2020","10","VA"
"108591","Locality: 095 JAMES CITY COUNTY",59060,"2020","10","VA"
"108610","Locality: 097 KING & QUEEN COUNTY",5099,"2020","10","VA"
"108615","Locality: 099 KING GEORGE COUNTY",17679,"2020","10","VA"
"108620","Locality: 101 KING WILLIAM COUNTY",12798,"2020","10","VA"
"108626","Locality: 103 LANCASTER COUNTY",8698,"2020","10","VA"
"108632","Locality: 105 LEE COUNTY",14686,"2020","10","VA"
"108648","Locality: 107 LOUDOUN COUNTY",271192,"2020","10","VA"
"108746","Locality: 109 LOUISA COUNTY",26423,"2020","10","VA"
"108761","Locality: 111 LUNENBURG COUNTY",7799,"2020","10","VA"
"108772","Locality: 113 MADISON COUNTY",9647,"2020","10","VA"
"108781","Locality: 115 MATHEWS COUNTY",7013,"2020","10","VA"
"108784","Locality: 117 MECKLENBURG COUNTY",21589,"2020","10","VA"
"108807","Locality: 119 MIDDLESEX COUNTY",8214,"2020","10","VA"
"108813","Locality: 121 MONTGOMERY COUNTY",58672,"2020","10","VA"
"108837","Locality: 125 NELSON COUNTY",11288,"2020","10","VA"
"108846","Locality: 127 NEW KENT COUNTY",16946,"2020","10","VA"
"108856","Locality: 131 NORTHAMPTON COUNTY",9204,"2020","10","VA"
"108861","Locality: 133 NORTHUMBERLAND COUNTY",9617,"2020","10","VA"
"108866","Locality: 135 NOTTOWAY COUNTY",9105,"2020","10","VA"
"108875","Locality: 137 ORANGE COUNTY",25798,"2020","10","VA"
"108885","Locality: 139 PAGE COUNTY",15959,"2020","10","VA"
"108890","Locality: 141 PATRICK COUNTY",12201,"2020","10","VA"
"108903","Locality: 143 PITTSYLVANIA COUNTY",43301,"2020","10","VA"
"108932","Locality: 145 POWHATAN COUNTY",22584,"2020","10","VA"
"108944","Locality: 147 PRINCE EDWARD COUNTY",12789,"2020","10","VA"
"108954","Locality: 149 PRINCE GEORGE COUNTY",23039,"2020","10","VA"
"108964","Locality: 153 PRINCE WILLIAM COUNTY",290957,"2020","10","VA"
"109057","Locality: 155 PULASKI COUNTY",22374,"2020","10","VA"
"109069","Locality: 157 RAPPAHANNOCK COUNTY",5882,"2020","10","VA"
"109075","Locality: 159 RICHMOND COUNTY",5341,"2020","10","VA"
"109080","Locality: 161 ROANOKE COUNTY",69683,"2020","10","VA"
"109113","Locality: 163 ROCKBRIDGE COUNTY",15126,"2020","10","VA"
"109130","Locality: 165 ROCKINGHAM COUNTY",52780,"2020","10","VA"
"109161","Locality: 167 RUSSELL COUNTY",18347,"2020","10","VA"
"109176","Locality: 169 SCOTT COUNTY",15159,"2020","10","VA"
"109193","Locality: 171 SHENANDOAH COUNTY",29825,"2020","10","VA"
"109205","Locality: 173 SMYTH COUNTY",19053,"2020","10","VA"
"109219","Locality: 175 SOUTHAMPTON COUNTY",12344,"2020","10","VA"
"109232","Locality: 177 SPOTSYLVANIA COUNTY",94771,"2020","10","VA"
"109258","Locality: 179 STAFFORD COUNTY",100456,"2020","10","VA"
"109285","Locality: 181 SURRY COUNTY",5435,"2020","10","VA"
"109292","Locality: 183 SUSSEX COUNTY",6829,"2020","10","VA"
"109303","Locality: 185 TAZEWELL COUNTY",25242,"2020","10","VA"
"109323","Locality: 187 WARREN COUNTY",27395,"2020","10","VA"
"109334","Locality: 191 WASHINGTON COUNTY",37065,"2020","10","VA"
"109353","Locality: 193 WESTMORELAND COUNTY",12858,"2020","10","VA"
"109361","Locality: 195 WISE COUNTY",23176,"2020","10","VA"
"109373","Locality: 197 WYTHE COUNTY",19543,"2020","10","VA"
"109384","Locality: 199 YORK COUNTY",46759,"2020","10","VA"
"109397","Locality: 510 ALEXANDRIA CITY",103446,"2020","10","VA"
"109427","Locality: 520 BRISTOL CITY",11097,"2020","10","VA"
"109431","Locality: 530 BUENA VISTA CITY",3941,"2020","10","VA"
"109433","Locality: 540 CHARLOTTESVILLE CITY",32339,"2020","10","VA"
"109442","Locality: 550 CHESAPEAKE CITY",160132,"2020","10","VA"
"109505","Locality: 570 COLONIAL HEIGHTS CITY",12173,"2020","10","VA"
"109510","Locality: 580 COVINGTON CITY",3606,"2020","10","VA"
"109515","Locality: 590 DANVILLE CITY",27150,"2020","10","VA"
"109531","Locality: 595 EMPORIA CITY",3688,"2020","10","VA"
"109538","Locality: 600 FAIRFAX CITY",16648,"2020","10","VA"
"109544","Locality: 610 FALLS CHURCH CITY",10553,"2020","10","VA"
"109547","Locality: 620 FRANKLIN CITY",5489,"2020","10","VA"
"109553","Locality: 630 FREDERICKSBURG CITY",17276,"2020","10","VA"
"109558","Locality: 640 GALAX CITY",3694,"2020","10","VA"
"109561","Locality: 650 HAMPTON CITY",92501,"2020","10","VA"
"109591","Locality: 660 HARRISONBURG CITY",23524,"2020","10","VA"
"109599","Locality: 670 HOPEWELL CITY",14328,"2020","10","VA"
"109606","Locality: 678 LEXINGTON CITY",3901,"2020","10","VA"
"109607","Locality: 680 LYNCHBURG CITY",51046,"2020","10","VA"
"109625","Locality: 683 MANASSAS CITY",22018,"2020","10","VA"
"109631","Locality: 685 MANASSAS PARK CITY",8248,"2020","10","VA"
"109634","Locality: 690 MARTINSVILLE CITY",8462,"2020","10","VA"
"109640","Locality: 700 NEWPORT NEWS CITY",113493,"2020","10","VA"
"109685","Locality: 710 NORFOLK CITY",124205,"2020","10","VA"
"109733","Locality: 720 NORTON CITY",2349,"2020","10","VA"
"109734","Locality: 730 PETERSBURG CITY",21702,"2020","10","VA"
"109741","Locality: 735 POQUOSON CITY",9123,"2020","10","VA"
"109744","Locality: 740 PORTSMOUTH CITY",63196,"2020","10","VA"
"109775","Locality: 750 RADFORD CITY",8817,"2020","10","VA"
"109779","Locality: 760 RICHMOND CITY",146725,"2020","10","VA"
"109848","Locality: 770 ROANOKE CITY",61058,"2020","10","VA"
"109868","Locality: 775 SALEM CITY",17052,"2020","10","VA"
"109878","Locality: 790 STAUNTON CITY",16793,"2020","10","VA"
"109883","Locality: 800 SUFFOLK CITY",63988,"2020","10","VA"
"109910","Locality: 810 VIRGINIA BEACH CITY",302213,"2020","10","VA"
"110010","Locality: 820 WAYNESBORO CITY",13930,"2020","10","VA"
"110014","Locality: 830 WILLIAMSBURG CITY",9597,"2020","10","VA"
"110016","Locality: 840 WINCHESTER CITY",16495,"2020","10","VA"
"110022","Locality: 001 ACCOMACK COUNTY",23754,"2020","11","VA"
"110038","Locality: 003 ALBEMARLE COUNTY",78541,"2020","11","VA"
"110068","Locality: 005 ALLEGHANY COUNTY",10760,"2020","11","VA"
"110080","Locality: 007 AMELIA COUNTY",9681,"2020","11","VA"
"110085","Locality: 009 AMHERST COUNTY",21671,"2020","11","VA"
"110096","Locality: 011 APPOMATTOX COUNTY",11513,"2020","11","VA"
"110105","Locality: 013 ARLINGTON COUNTY",166415,"2020","11","VA"
"110159","Locality: 015 AUGUSTA COUNTY",51861,"2020","11","VA"
"110184","Locality: 017 BATH COUNTY",3227,"2020","11","VA"
"110191","Locality: 019 BEDFORD COUNTY",59505,"2020","11","VA"
"110223","Locality: 021 BLAND COUNTY",4408,"2020","11","VA"
"110230","Locality: 023 BOTETOURT COUNTY",25239,"2020","11","VA"
"110240","Locality: 025 BRUNSWICK COUNTY",10722,"2020","11","VA"
"110253","Locality: 027 BUCHANAN COUNTY",14919,"2020","11","VA"
"110270","Locality: 029 BUCKINGHAM COUNTY",10561,"2020","11","VA"
"110280","Locality: 031 CAMPBELL COUNTY",38915,"2020","11","VA"
"110296","Locality: 033 CAROLINE COUNTY",21180,"2020","11","VA"
"110308","Locality: 035 CARROLL COUNTY",20227,"2020","11","VA"
"110325","Locality: 036 CHARLES CITY COUNTY",5528,"2020","11","VA"
"110328","Locality: 037 CHARLOTTE COUNTY",8201,"2020","11","VA"
"110335","Locality: 041 CHESTERFIELD COUNTY",252158,"2020","11","VA"
"110415","Locality: 043 CLARKE COUNTY",11342,"2020","11","VA"
"110422","Locality: 045 CRAIG COUNTY",3890,"2020","11","VA"
"110430","Locality: 047 CULPEPER COUNTY",34324,"2020","11","VA"
"110445","Locality: 049 CUMBERLAND COUNTY",7034,"2020","11","VA"
"110450","Locality: 051 DICKENSON COUNTY",10035,"2020","11","VA"
"110460","Locality: 053 DINWIDDIE COUNTY",19710,"2020","11","VA"
"110473","Locality: 057 ESSEX COUNTY",7728,"2020","11","VA"
"110477","Locality: 059 FAIRFAX COUNTY",761658,"2020","11","VA"
"110720","Locality: 061 FAUQUIER COUNTY",53053,"2020","11","VA"
"110740","Locality: 063 FLOYD COUNTY",11387,"2020","11","VA"
"110745","Locality: 065 FLUVANNA COUNTY",19464,"2020","11","VA"
"110750","Locality: 067 FRANKLIN COUNTY",37735,"2020","11","VA"
"110773","Locality: 069 FREDERICK COUNTY",62126,"2020","11","VA"
"110794","Locality: 071 GILES COUNTY",11662,"2020","11","VA"
"110803","Locality: 073 GLOUCESTER COUNTY",28360,"2020","11","VA"
"110814","Locality: 075 GOOCHLAND COUNTY",19682,"2020","11","VA"
"110824","Locality: 077 GRAYSON COUNTY",10506,"2020","11","VA"
"110839","Locality: 079 GREENE COUNTY",13853,"2020","11","VA"
"110844","Locality: 081 GREENSVILLE COUNTY",6263,"2020","11","VA"
"110853","Locality: 083 HALIFAX COUNTY",23999,"2020","11","VA"
"110873","Locality: 085 HANOVER COUNTY",82896,"2020","11","VA"
"110909","Locality: 087 HENRICO COUNTY",230842,"2020","11","VA"
"111000","Locality: 089 HENRY COUNTY",35249,"2020","11","VA"
"111024","Locality: 091 HIGHLAND COUNTY",1834,"2020","11","VA"
"111030","Locality: 093 ISLE OF WIGHT COUNTY",29311,"2020","11","VA"
"111044","Locality: 095 JAMES CITY COUNTY",59894,"2020","11","VA"
"111063","Locality: 097 KING & QUEEN COUNTY",5150,"2020","11","VA"
"111068","Locality: 099 KING GEORGE COUNTY",17986,"2020","11","VA"
"111073","Locality: 101 KING WILLIAM COUNTY",12993,"2020","11","VA"
"111079","Locality: 103 LANCASTER COUNTY",8818,"2020","11","VA"
"111085","Locality: 105 LEE COUNTY",14817,"2020","11","VA"
"111101","Locality: 107 LOUDOUN COUNTY",274111,"2020","11","VA"
"111199","Locality: 109 LOUISA COUNTY",26813,"2020","11","VA"
"111214","Locality: 111 LUNENBURG COUNTY",7880,"2020","11","VA"
"111225","Locality: 113 MADISON COUNTY",9802,"2020","11","VA"
"111234","Locality: 115 MATHEWS COUNTY",7081,"2020","11","VA"
"111237","Locality: 117 MECKLENBURG COUNTY",21806,"2020","11","VA"
"111260","Locality: 119 MIDDLESEX COUNTY",8330,"2020","11","VA"
"111266","Locality: 121 MONTGOMERY COUNTY",59293,"2020","11","VA"
"111290","Locality: 125 NELSON COUNTY",11437,"2020","11","VA"
"111299","Locality: 127 NEW KENT COUNTY",17165,"2020","11","VA"
"111309","Locality: 131 NORTHAMPTON COUNTY",9276,"2020","11","VA"
"111314","Locality: 133 NORTHUMBERLAND COUNTY",9711,"2020","11","VA"
"111319","Locality: 135 NOTTOWAY COUNTY",9283,"2020","11","VA"
"111328","Locality: 137 ORANGE COUNTY",26181,"2020","11","VA"
"111338","Locality: 139 PAGE COUNTY",16309,"2020","11","VA"
"111343","Locality: 141 PATRICK COUNTY",12374,"2020","11","VA"
"111356","Locality: 143 PITTSYLVANIA COUNTY",43837,"2020","11","VA"
"111385","Locality: 145 POWHATAN COUNTY",22830,"2020","11","VA"
"111397","Locality: 147 PRINCE EDWARD COUNTY",12973,"2020","11","VA"
"111407","Locality: 149 PRINCE GEORGE COUNTY",23356,"2020","11","VA"
"111417","Locality: 153 PRINCE WILLIAM COUNTY",296118,"2020","11","VA"
"111510","Locality: 155 PULASKI COUNTY",22669,"2020","11","VA"
"111522","Locality: 157 RAPPAHANNOCK COUNTY",5962,"2020","11","VA"
"111528","Locality: 159 RICHMOND COUNTY",5412,"2020","11","VA"
"111533","Locality: 161 ROANOKE COUNTY",70470,"2020","11","VA"
"111566","Locality: 163 ROCKBRIDGE COUNTY",15381,"2020","11","VA"
"111583","Locality: 165 ROCKINGHAM COUNTY",53641,"2020","11","VA"
"111614","Locality: 167 RUSSELL COUNTY",18575,"2020","11","VA"
"111629","Locality: 169 SCOTT COUNTY",15312,"2020","11","VA"
"111646","Locality: 171 SHENANDOAH COUNTY",30287,"2020","11","VA"
"111658","Locality: 173 SMYTH COUNTY",19373,"2020","11","VA"
"111672","Locality: 175 SOUTHAMPTON COUNTY",12510,"2020","11","VA"
"111685","Locality: 177 SPOTSYLVANIA COUNTY",96320,"2020","11","VA"
"111711","Locality: 179 STAFFORD COUNTY",102265,"2020","11","VA"
"111738","Locality: 181 SURRY COUNTY",5466,"2020","11","VA"
"111745","Locality: 183 SUSSEX COUNTY",6895,"2020","11","VA"
"111756","Locality: 185 TAZEWELL COUNTY",25768,"2020","11","VA"
"111776","Locality: 187 WARREN COUNTY",27947,"2020","11","VA"
"111787","Locality: 191 WASHINGTON COUNTY",37486,"2020","11","VA"
"111806","Locality: 193 WESTMORELAND COUNTY",13043,"2020","11","VA"
"111814","Locality: 195 WISE COUNTY",23534,"2020","11","VA"
"111826","Locality: 197 WYTHE COUNTY",19807,"2020","11","VA"
"111837","Locality: 199 YORK COUNTY",47494,"2020","11","VA"
"111850","Locality: 510 ALEXANDRIA CITY",104859,"2020","11","VA"
"111880","Locality: 520 BRISTOL CITY",11231,"2020","11","VA"
"111884","Locality: 530 BUENA VISTA CITY",4082,"2020","11","VA"
"111886","Locality: 540 CHARLOTTESVILLE CITY",33095,"2020","11","VA"
"111895","Locality: 550 CHESAPEAKE CITY",164083,"2020","11","VA"
"111958","Locality: 570 COLONIAL HEIGHTS CITY",12353,"2020","11","VA"
"111963","Locality: 580 COVINGTON CITY",3653,"2020","11","VA"
"111968","Locality: 590 DANVILLE CITY",27487,"2020","11","VA"
"111984","Locality: 595 EMPORIA CITY",3715,"2020","11","VA"
"111991","Locality: 600 FAIRFAX CITY",16818,"2020","11","VA"
"111997","Locality: 610 FALLS CHURCH CITY",10654,"2020","11","VA"
"112000","Locality: 620 FRANKLIN CITY",5541,"2020","11","VA"
"112006","Locality: 630 FREDERICKSBURG CITY",17508,"2020","11","VA"
"112011","Locality: 640 GALAX CITY",3756,"2020","11","VA"
"112014","Locality: 650 HAMPTON CITY",94632,"2020","11","VA"
"112044","Locality: 660 HARRISONBURG CITY",23987,"2020","11","VA"
"112052","Locality: 670 HOPEWELL CITY",14537,"2020","11","VA"
"112059","Locality: 678 LEXINGTON CITY",3988,"2020","11","VA"
"112060","Locality: 680 LYNCHBURG CITY",52700,"2020","11","VA"
"112078","Locality: 683 MANASSAS CITY",22331,"2020","11","VA"
"112084","Locality: 685 MANASSAS PARK CITY",8400,"2020","11","VA"
"112087","Locality: 690 MARTINSVILLE CITY",8592,"2020","11","VA"
"112093","Locality: 700 NEWPORT NEWS CITY",115714,"2020","11","VA"
"112138","Locality: 710 NORFOLK CITY",127922,"2020","11","VA"
"112186","Locality: 720 NORTON CITY",2397,"2020","11","VA"
"112187","Locality: 730 PETERSBURG CITY",22058,"2020","11","VA"
"112194","Locality: 735 POQUOSON CITY",9272,"2020","11","VA"
"112197","Locality: 740 PORTSMOUTH CITY",64011,"2020","11","VA"
"112228","Locality: 750 RADFORD CITY",8889,"2020","11","VA"
"112232","Locality: 760 RICHMOND CITY",151312,"2020","11","VA"
"112301","Locality: 770 ROANOKE CITY",61902,"2020","11","VA"
"112321","Locality: 775 SALEM CITY",17203,"2020","11","VA"
"112331","Locality: 790 STAUNTON CITY",17023,"2020","11","VA"
"112336","Locality: 800 SUFFOLK CITY",64973,"2020","11","VA"
"112363","Locality: 810 VIRGINIA BEACH CITY",307724,"2020","11","VA"
"112463","Locality: 820 WAYNESBORO CITY",14213,"2020","11","VA"
"112467","Locality: 830 WILLIAMSBURG CITY",9719,"2020","11","VA"
"112469","Locality: 840 WINCHESTER CITY",16737,"2020","11","VA"
"112475","Locality: 001 ACCOMACK COUNTY",23932,"2020","12","VA"
"112491","Locality: 003 ALBEMARLE COUNTY",78886,"2020","12","VA"
"112521","Locality: 005 ALLEGHANY COUNTY",10867,"2020","12","VA"
"112533","Locality: 007 AMELIA COUNTY",9743,"2020","12","VA"
"112538","Locality: 009 AMHERST COUNTY",21812,"2020","12","VA"
"112549","Locality: 011 APPOMATTOX COUNTY",11567,"2020","12","VA"
"112558","Locality: 013 ARLINGTON COUNTY",166996,"2020","12","VA"
"112612","Locality: 015 AUGUSTA COUNTY",52255,"2020","12","VA"
"112637","Locality: 017 BATH COUNTY",3247,"2020","12","VA"
"112644","Locality: 019 BEDFORD COUNTY",59934,"2020","12","VA"
"112676","Locality: 021 BLAND COUNTY",4403,"2020","12","VA"
"112683","Locality: 023 BOTETOURT COUNTY",25402,"2020","12","VA"
"112693","Locality: 025 BRUNSWICK COUNTY",10776,"2020","12","VA"
"112706","Locality: 027 BUCHANAN COUNTY",14995,"2020","12","VA"
"112723","Locality: 029 BUCKINGHAM COUNTY",10613,"2020","12","VA"
"112733","Locality: 031 CAMPBELL COUNTY",39247,"2020","12","VA"
"112749","Locality: 033 CAROLINE COUNTY",21417,"2020","12","VA"
"112761","Locality: 035 CARROLL COUNTY",20403,"2020","12","VA"
"112778","Locality: 036 CHARLES CITY COUNTY",5576,"2020","12","VA"
"112781","Locality: 037 CHARLOTTE COUNTY",8267,"2020","12","VA"
"112788","Locality: 041 CHESTERFIELD COUNTY",254211,"2020","12","VA"
"112868","Locality: 043 CLARKE COUNTY",11408,"2020","12","VA"
"112875","Locality: 045 CRAIG COUNTY",3912,"2020","12","VA"
"112883","Locality: 047 CULPEPER COUNTY",34567,"2020","12","VA"
"112898","Locality: 049 CUMBERLAND COUNTY",7081,"2020","12","VA"
"112903","Locality: 051 DICKENSON COUNTY",10099,"2020","12","VA"
"112913","Locality: 053 DINWIDDIE COUNTY",19854,"2020","12","VA"
"112926","Locality: 057 ESSEX COUNTY",7785,"2020","12","VA"
"112930","Locality: 059 FAIRFAX COUNTY",764765,"2020","12","VA"
"113173","Locality: 061 FAUQUIER COUNTY",53331,"2020","12","VA"
"113193","Locality: 063 FLOYD COUNTY",11436,"2020","12","VA"
"113198","Locality: 065 FLUVANNA COUNTY",19597,"2020","12","VA"
"113203","Locality: 067 FRANKLIN COUNTY",38047,"2020","12","VA"
"113226","Locality: 069 FREDERICK COUNTY",62677,"2020","12","VA"
"113247","Locality: 071 GILES COUNTY",11737,"2020","12","VA"
"113256","Locality: 073 GLOUCESTER COUNTY",28600,"2020","12","VA"
"113267","Locality: 075 GOOCHLAND COUNTY",19848,"2020","12","VA"
"113277","Locality: 077 GRAYSON COUNTY",10566,"2020","12","VA"
"113292","Locality: 079 GREENE COUNTY",13999,"2020","12","VA"
"113297","Locality: 081 GREENSVILLE COUNTY",6308,"2020","12","VA"
"113306","Locality: 083 HALIFAX COUNTY",24116,"2020","12","VA"
"113326","Locality: 085 HANOVER COUNTY",83534,"2020","12","VA"
"113362","Locality: 087 HENRICO COUNTY",230943,"2020","12","VA"
"113453","Locality: 089 HENRY COUNTY",35481,"2020","12","VA"
"113477","Locality: 091 HIGHLAND COUNTY",1843,"2020","12","VA"
"113483","Locality: 093 ISLE OF WIGHT COUNTY",29566,"2020","12","VA"
"113497","Locality: 095 JAMES CITY COUNTY",60258,"2020","12","VA"
"113516","Locality: 097 KING & QUEEN COUNTY",5186,"2020","12","VA"
"113521","Locality: 099 KING GEORGE COUNTY",18175,"2020","12","VA"
"113526","Locality: 101 KING WILLIAM COUNTY",13102,"2020","12","VA"
"113532","Locality: 103 LANCASTER COUNTY",8864,"2020","12","VA"
"113538","Locality: 105 LEE COUNTY",14881,"2020","12","VA"
"113554","Locality: 107 LOUDOUN COUNTY",275768,"2020","12","VA"
"113652","Locality: 109 LOUISA COUNTY",27075,"2020","12","VA"
"113667","Locality: 111 LUNENBURG COUNTY",7913,"2020","12","VA"
"113678","Locality: 113 MADISON COUNTY",9882,"2020","12","VA"
"113687","Locality: 115 MATHEWS COUNTY",7098,"2020","12","VA"
"113690","Locality: 117 MECKLENBURG COUNTY",21994,"2020","12","VA"
"113713","Locality: 119 MIDDLESEX COUNTY",8377,"2020","12","VA"
"113719","Locality: 121 MONTGOMERY COUNTY",59603,"2020","12","VA"
"113743","Locality: 125 NELSON COUNTY",11521,"2020","12","VA"
"113752","Locality: 127 NEW KENT COUNTY",17282,"2020","12","VA"
"113762","Locality: 131 NORTHAMPTON COUNTY",9299,"2020","12","VA"
"113767","Locality: 133 NORTHUMBERLAND COUNTY",9768,"2020","12","VA"
"113772","Locality: 135 NOTTOWAY COUNTY",9373,"2020","12","VA"
"113781","Locality: 137 ORANGE COUNTY",26409,"2020","12","VA"
"113791","Locality: 139 PAGE COUNTY",16315,"2020","12","VA"
"113796","Locality: 141 PATRICK COUNTY",12447,"2020","12","VA"
"113809","Locality: 143 PITTSYLVANIA COUNTY",44157,"2020","12","VA"
"113838","Locality: 145 POWHATAN COUNTY",22987,"2020","12","VA"
"113850","Locality: 147 PRINCE EDWARD COUNTY",13032,"2020","12","VA"
"113860","Locality: 149 PRINCE GEORGE COUNTY",23565,"2020","12","VA"
"113870","Locality: 153 PRINCE WILLIAM COUNTY",297447,"2020","12","VA"
"113963","Locality: 155 PULASKI COUNTY",22848,"2020","12","VA"
"113975","Locality: 157 RAPPAHANNOCK COUNTY",5998,"2020","12","VA"
"113981","Locality: 159 RICHMOND COUNTY",5445,"2020","12","VA"
"113986","Locality: 161 ROANOKE COUNTY",70913,"2020","12","VA"
"114019","Locality: 163 ROCKBRIDGE COUNTY",15474,"2020","12","VA"
"114036","Locality: 165 ROCKINGHAM COUNTY",54096,"2020","12","VA"
"114067","Locality: 167 RUSSELL COUNTY",18727,"2020","12","VA"
"114082","Locality: 169 SCOTT COUNTY",15428,"2020","12","VA"
"114099","Locality: 171 SHENANDOAH COUNTY",30494,"2020","12","VA"
"114111","Locality: 173 SMYTH COUNTY",19482,"2020","12","VA"
"114125","Locality: 175 SOUTHAMPTON COUNTY",12600,"2020","12","VA"
"114138","Locality: 177 SPOTSYLVANIA COUNTY",97146,"2020","12","VA"
"114164","Locality: 179 STAFFORD COUNTY",103084,"2020","12","VA"
"114191","Locality: 181 SURRY COUNTY",5488,"2020","12","VA"
"114198","Locality: 183 SUSSEX COUNTY",6944,"2020","12","VA"
"114209","Locality: 185 TAZEWELL COUNTY",26150,"2020","12","VA"
"114229","Locality: 187 WARREN COUNTY",28112,"2020","12","VA"
"114240","Locality: 191 WASHINGTON COUNTY",37762,"2020","12","VA"
"114259","Locality: 193 WESTMORELAND COUNTY",13152,"2020","12","VA"
"114267","Locality: 195 WISE COUNTY",23749,"2020","12","VA"
"114279","Locality: 197 WYTHE COUNTY",19980,"2020","12","VA"
"114290","Locality: 199 YORK COUNTY",47825,"2020","12","VA"
"114303","Locality: 510 ALEXANDRIA CITY",105512,"2020","12","VA"
"114333","Locality: 520 BRISTOL CITY",11361,"2020","12","VA"
"114337","Locality: 530 BUENA VISTA CITY",4116,"2020","12","VA"
"114339","Locality: 540 CHARLOTTESVILLE CITY",33200,"2020","12","VA"
"114348","Locality: 550 CHESAPEAKE CITY",165807,"2020","12","VA"
"114411","Locality: 570 COLONIAL HEIGHTS CITY",12448,"2020","12","VA"
"114416","Locality: 580 COVINGTON CITY",3686,"2020","12","VA"
"114421","Locality: 590 DANVILLE CITY",27720,"2020","12","VA"
"114437","Locality: 595 EMPORIA CITY",3757,"2020","12","VA"
"114444","Locality: 600 FAIRFAX CITY",16879,"2020","12","VA"
"114450","Locality: 610 FALLS CHURCH CITY",10681,"2020","12","VA"
"114453","Locality: 620 FRANKLIN CITY",5566,"2020","12","VA"
"114459","Locality: 630 FREDERICKSBURG CITY",17704,"2020","12","VA"
"114464","Locality: 640 GALAX CITY",3798,"2020","12","VA"
"114467","Locality: 650 HAMPTON CITY",95629,"2020","12","VA"
"114497","Locality: 660 HARRISONBURG CITY",24228,"2020","12","VA"
"114505","Locality: 670 HOPEWELL CITY",14729,"2020","12","VA"
"114512","Locality: 678 LEXINGTON CITY",3995,"2020","12","VA"
"114513","Locality: 680 LYNCHBURG CITY",53104,"2020","12","VA"
"114531","Locality: 683 MANASSAS CITY",22612,"2020","12","VA"
"114537","Locality: 685 MANASSAS PARK CITY",8466,"2020","12","VA"
"114540","Locality: 690 MARTINSVILLE CITY",8632,"2020","12","VA"
"114546","Locality: 700 NEWPORT NEWS CITY",115523,"2020","12","VA"
"114591","Locality: 710 NORFOLK CITY",129484,"2020","12","VA"
"114639","Locality: 720 NORTON CITY",2427,"2020","12","VA"
"114640","Locality: 730 PETERSBURG CITY",22307,"2020","12","VA"
"114647","Locality: 735 POQUOSON CITY",9311,"2020","12","VA"
"114650","Locality: 740 PORTSMOUTH CITY",64597,"2020","12","VA"
"114681","Locality: 750 RADFORD CITY",9010,"2020","12","VA"
"114685","Locality: 760 RICHMOND CITY",150703,"2020","12","VA"
"114754","Locality: 770 ROANOKE CITY",62495,"2020","12","VA"
"114774","Locality: 775 SALEM CITY",17283,"2020","12","VA"
"114784","Locality: 790 STAUNTON CITY",17111,"2020","12","VA"
"114789","Locality: 800 SUFFOLK CITY",65491,"2020","12","VA"
"114816","Locality: 810 VIRGINIA BEACH CITY",309058,"2020","12","VA"
"114916","Locality: 820 WAYNESBORO CITY",14305,"2020","12","VA"
"114920","Locality: 830 WILLIAMSBURG CITY",9744,"2020","12","VA"
"114922","Locality: 840 WINCHESTER CITY",16903,"2020","12","VA"
"114928","Locality: 001 ACCOMACK COUNTY",23977,"2021","01","VA"
"114944","Locality: 003 ALBEMARLE COUNTY",79010,"2021","01","VA"
"114974","Locality: 005 ALLEGHANY COUNTY",10894,"2021","01","VA"
"114986","Locality: 007 AMELIA COUNTY",9745,"2021","01","VA"
"114991","Locality: 009 AMHERST COUNTY",21837,"2021","01","VA"
"115002","Locality: 011 APPOMATTOX COUNTY",11588,"2021","01","VA"
"115011","Locality: 013 ARLINGTON COUNTY",167053,"2021","01","VA"
"115065","Locality: 015 AUGUSTA COUNTY",52457,"2021","01","VA"
"115090","Locality: 017 BATH COUNTY",3257,"2021","01","VA"
"115097","Locality: 019 BEDFORD COUNTY",60097,"2021","01","VA"
"115129","Locality: 021 BLAND COUNTY",4435,"2021","01","VA"
"115136","Locality: 023 BOTETOURT COUNTY",25442,"2021","01","VA"
"115146","Locality: 025 BRUNSWICK COUNTY",10790,"2021","01","VA"
"115159","Locality: 027 BUCHANAN COUNTY",14986,"2021","01","VA"
"115176","Locality: 029 BUCKINGHAM COUNTY",10632,"2021","01","VA"
"115186","Locality: 031 CAMPBELL COUNTY",39378,"2021","01","VA"
"115202","Locality: 033 CAROLINE COUNTY",21468,"2021","01","VA"
"115214","Locality: 035 CARROLL COUNTY",20407,"2021","01","VA"
"115231","Locality: 036 CHARLES CITY COUNTY",5596,"2021","01","VA"
"115234","Locality: 037 CHARLOTTE COUNTY",8288,"2021","01","VA"
"115241","Locality: 041 CHESTERFIELD COUNTY",254532,"2021","01","VA"
"115321","Locality: 043 CLARKE COUNTY",11409,"2021","01","VA"
"115328","Locality: 045 CRAIG COUNTY",3920,"2021","01","VA"
"115336","Locality: 047 CULPEPER COUNTY",34645,"2021","01","VA"
"115351","Locality: 049 CUMBERLAND COUNTY",7101,"2021","01","VA"
"115356","Locality: 051 DICKENSON COUNTY",10107,"2021","01","VA"
"115366","Locality: 053 DINWIDDIE COUNTY",19897,"2021","01","VA"
"115379","Locality: 057 ESSEX COUNTY",7818,"2021","01","VA"
"115383","Locality: 059 FAIRFAX COUNTY",765568,"2021","01","VA"
"115626","Locality: 061 FAUQUIER COUNTY",53623,"2021","01","VA"
"115646","Locality: 063 FLOYD COUNTY",11437,"2021","01","VA"
"115651","Locality: 065 FLUVANNA COUNTY",19646,"2021","01","VA"
"115656","Locality: 067 FRANKLIN COUNTY",38166,"2021","01","VA"
"115679","Locality: 069 FREDERICK COUNTY",62885,"2021","01","VA"
"115700","Locality: 071 GILES COUNTY",11753,"2021","01","VA"
"115709","Locality: 073 GLOUCESTER COUNTY",28642,"2021","01","VA"
"115720","Locality: 075 GOOCHLAND COUNTY",19888,"2021","01","VA"
"115730","Locality: 077 GRAYSON COUNTY",10590,"2021","01","VA"
"115745","Locality: 079 GREENE COUNTY",14024,"2021","01","VA"
"115750","Locality: 081 GREENSVILLE COUNTY",6302,"2021","01","VA"
"115759","Locality: 083 HALIFAX COUNTY",24133,"2021","01","VA"
"115779","Locality: 085 HANOVER COUNTY",83604,"2021","01","VA"
"115815","Locality: 087 HENRICO COUNTY",232288,"2021","01","VA"
"115906","Locality: 089 HENRY COUNTY",35519,"2021","01","VA"
"115930","Locality: 091 HIGHLAND COUNTY",1842,"2021","01","VA"
"115936","Locality: 093 ISLE OF WIGHT COUNTY",29618,"2021","01","VA"
"115950","Locality: 095 JAMES CITY COUNTY",60386,"2021","01","VA"
"115969","Locality: 097 KING & QUEEN COUNTY",5210,"2021","01","VA"
"115974","Locality: 099 KING GEORGE COUNTY",18224,"2021","01","VA"
"115979","Locality: 101 KING WILLIAM COUNTY",13132,"2021","01","VA"
"115985","Locality: 103 LANCASTER COUNTY",8890,"2021","01","VA"
"115991","Locality: 105 LEE COUNTY",14941,"2021","01","VA"
"116007","Locality: 107 LOUDOUN COUNTY",276087,"2021","01","VA"
"116105","Locality: 109 LOUISA COUNTY",27159,"2021","01","VA"
"116120","Locality: 111 LUNENBURG COUNTY",7914,"2021","01","VA"
"116131","Locality: 113 MADISON COUNTY",9909,"2021","01","VA"
"116140","Locality: 115 MATHEWS COUNTY",7106,"2021","01","VA"
"116143","Locality: 117 MECKLENBURG COUNTY",22050,"2021","01","VA"
"116166","Locality: 119 MIDDLESEX COUNTY",8388,"2021","01","VA"
"116172","Locality: 121 MONTGOMERY COUNTY",59602,"2021","01","VA"
"116196","Locality: 125 NELSON COUNTY",11531,"2021","01","VA"
"116205","Locality: 127 NEW KENT COUNTY",17403,"2021","01","VA"
"116215","Locality: 131 NORTHAMPTON COUNTY",9321,"2021","01","VA"
"116220","Locality: 133 NORTHUMBERLAND COUNTY",9784,"2021","01","VA"
"116225","Locality: 135 NOTTOWAY COUNTY",9385,"2021","01","VA"
"116234","Locality: 137 ORANGE COUNTY",26494,"2021","01","VA"
"116244","Locality: 139 PAGE COUNTY",16462,"2021","01","VA"
"116249","Locality: 141 PATRICK COUNTY",12473,"2021","01","VA"
"116262","Locality: 143 PITTSYLVANIA COUNTY",44278,"2021","01","VA"
"116291","Locality: 145 POWHATAN COUNTY",23036,"2021","01","VA"
"116303","Locality: 147 PRINCE EDWARD COUNTY",13091,"2021","01","VA"
"116313","Locality: 149 PRINCE GEORGE COUNTY",23595,"2021","01","VA"
"116323","Locality: 153 PRINCE WILLIAM COUNTY",299029,"2021","01","VA"
"116416","Locality: 155 PULASKI COUNTY",22901,"2021","01","VA"
"116428","Locality: 157 RAPPAHANNOCK COUNTY",5994,"2021","01","VA"
"116434","Locality: 159 RICHMOND COUNTY",5452,"2021","01","VA"
"116439","Locality: 161 ROANOKE COUNTY",71061,"2021","01","VA"
"116472","Locality: 163 ROCKBRIDGE COUNTY",15483,"2021","01","VA"
"116489","Locality: 165 ROCKINGHAM COUNTY",54117,"2021","01","VA"
"116520","Locality: 167 RUSSELL COUNTY",18756,"2021","01","VA"
"116535","Locality: 169 SCOTT COUNTY",15455,"2021","01","VA"
"116552","Locality: 171 SHENANDOAH COUNTY",30557,"2021","01","VA"
"116564","Locality: 173 SMYTH COUNTY",19515,"2021","01","VA"
"116578","Locality: 175 SOUTHAMPTON COUNTY",12630,"2021","01","VA"
"116591","Locality: 177 SPOTSYLVANIA COUNTY",97661,"2021","01","VA"
"116617","Locality: 179 STAFFORD COUNTY",103422,"2021","01","VA"
"116644","Locality: 181 SURRY COUNTY",5491,"2021","01","VA"
"116651","Locality: 183 SUSSEX COUNTY",6958,"2021","01","VA"
"116662","Locality: 185 TAZEWELL COUNTY",26212,"2021","01","VA"
"116682","Locality: 187 WARREN COUNTY",28350,"2021","01","VA"
"116693","Locality: 191 WASHINGTON COUNTY",37958,"2021","01","VA"
"116712","Locality: 193 WESTMORELAND COUNTY",13194,"2021","01","VA"
"116720","Locality: 195 WISE COUNTY",23820,"2021","01","VA"
"116732","Locality: 197 WYTHE COUNTY",20031,"2021","01","VA"
"116743","Locality: 199 YORK COUNTY",47863,"2021","01","VA"
"116756","Locality: 510 ALEXANDRIA CITY",105521,"2021","01","VA"
"116786","Locality: 520 BRISTOL CITY",11386,"2021","01","VA"
"116790","Locality: 530 BUENA VISTA CITY",4141,"2021","01","VA"
"116792","Locality: 540 CHARLOTTESVILLE CITY",33171,"2021","01","VA"
"116801","Locality: 550 CHESAPEAKE CITY",166075,"2021","01","VA"
"116864","Locality: 570 COLONIAL HEIGHTS CITY",12478,"2021","01","VA"
"116869","Locality: 580 COVINGTON CITY",3703,"2021","01","VA"
"116874","Locality: 590 DANVILLE CITY",27764,"2021","01","VA"
"116890","Locality: 595 EMPORIA CITY",3766,"2021","01","VA"
"116897","Locality: 600 FAIRFAX CITY",16935,"2021","01","VA"
"116903","Locality: 610 FALLS CHURCH CITY",10689,"2021","01","VA"
"116906","Locality: 620 FRANKLIN CITY",5585,"2021","01","VA"
"116912","Locality: 630 FREDERICKSBURG CITY",17722,"2021","01","VA"
"116917","Locality: 640 GALAX CITY",3811,"2021","01","VA"
"116920","Locality: 650 HAMPTON CITY",95588,"2021","01","VA"
"116950","Locality: 660 HARRISONBURG CITY",24232,"2021","01","VA"
"116958","Locality: 670 HOPEWELL CITY",14798,"2021","01","VA"
"116965","Locality: 678 LEXINGTON CITY",3988,"2021","01","VA"
"116966","Locality: 680 LYNCHBURG CITY",53268,"2021","01","VA"
"116984","Locality: 683 MANASSAS CITY",22585,"2021","01","VA"
"116990","Locality: 685 MANASSAS PARK CITY",8469,"2021","01","VA"
"116993","Locality: 690 MARTINSVILLE CITY",8640,"2021","01","VA"
"116999","Locality: 700 NEWPORT NEWS CITY",117017,"2021","01","VA"
"117044","Locality: 710 NORFOLK CITY",129926,"2021","01","VA"
"117092","Locality: 720 NORTON CITY",2441,"2021","01","VA"
"117093","Locality: 730 PETERSBURG CITY",22374,"2021","01","VA"
"117100","Locality: 735 POQUOSON CITY",9337,"2021","01","VA"
"117103","Locality: 740 PORTSMOUTH CITY",64878,"2021","01","VA"
"117134","Locality: 750 RADFORD CITY",9017,"2021","01","VA"
"117138","Locality: 760 RICHMOND CITY",152193,"2021","01","VA"
"117207","Locality: 770 ROANOKE CITY",62614,"2021","01","VA"
"117227","Locality: 775 SALEM CITY",17309,"2021","01","VA"
"117237","Locality: 790 STAUNTON CITY",17121,"2021","01","VA"
"117242","Locality: 800 SUFFOLK CITY",65827,"2021","01","VA"
"117269","Locality: 810 VIRGINIA BEACH CITY",311203,"2021","01","VA"
"117369","Locality: 820 WAYNESBORO CITY",14356,"2021","01","VA"
"117373","Locality: 830 WILLIAMSBURG CITY",9736,"2021","01","VA"
"117375","Locality: 840 WINCHESTER CITY",16975,"2021","01","VA"
"117381","Locality: 001 ACCOMACK COUNTY",23932,"2021","02","VA"
"117397","Locality: 003 ALBEMARLE COUNTY",78808,"2021","02","VA"
"117427","Locality: 005 ALLEGHANY COUNTY",10832,"2021","02","VA"
"117439","Locality: 007 AMELIA COUNTY",9733,"2021","02","VA"
"117444","Locality: 009 AMHERST COUNTY",21805,"2021","02","VA"
"117455","Locality: 011 APPOMATTOX COUNTY",11599,"2021","02","VA"
"117464","Locality: 013 ARLINGTON COUNTY",165624,"2021","02","VA"
"117518","Locality: 015 AUGUSTA COUNTY",52285,"2021","02","VA"
"117543","Locality: 017 BATH COUNTY",3244,"2021","02","VA"
"117550","Locality: 019 BEDFORD COUNTY",59829,"2021","02","VA"
"117582","Locality: 021 BLAND COUNTY",4449,"2021","02","VA"
"117589","Locality: 023 BOTETOURT COUNTY",25384,"2021","02","VA"
"117599","Locality: 025 BRUNSWICK COUNTY",10725,"2021","02","VA"
"117612","Locality: 027 BUCHANAN COUNTY",14840,"2021","02","VA"
"117629","Locality: 029 BUCKINGHAM COUNTY",10630,"2021","02","VA"
"117639","Locality: 031 CAMPBELL COUNTY",38993,"2021","02","VA"
"117655","Locality: 033 CAROLINE COUNTY",21425,"2021","02","VA"
"117667","Locality: 035 CARROLL COUNTY",20357,"2021","02","VA"
"117684","Locality: 036 CHARLES CITY COUNTY",5582,"2021","02","VA"
"117687","Locality: 037 CHARLOTTE COUNTY",8224,"2021","02","VA"
"117694","Locality: 041 CHESTERFIELD COUNTY",253450,"2021","02","VA"
"117774","Locality: 043 CLARKE COUNTY",11375,"2021","02","VA"
"117781","Locality: 045 CRAIG COUNTY",3893,"2021","02","VA"
"117789","Locality: 047 CULPEPER COUNTY",34577,"2021","02","VA"
"117804","Locality: 049 CUMBERLAND COUNTY",7070,"2021","02","VA"
"117809","Locality: 051 DICKENSON COUNTY",10106,"2021","02","VA"
"117819","Locality: 053 DINWIDDIE COUNTY",19926,"2021","02","VA"
"117832","Locality: 057 ESSEX COUNTY",7826,"2021","02","VA"
"117836","Locality: 059 FAIRFAX COUNTY",759866,"2021","02","VA"
"118079","Locality: 061 FAUQUIER COUNTY",53154,"2021","02","VA"
"118099","Locality: 063 FLOYD COUNTY",11400,"2021","02","VA"
"118104","Locality: 065 FLUVANNA COUNTY",19480,"2021","02","VA"
"118109","Locality: 067 FRANKLIN COUNTY",38018,"2021","02","VA"
"118132","Locality: 069 FREDERICK COUNTY",62627,"2021","02","VA"
"118153","Locality: 071 GILES COUNTY",11716,"2021","02","VA"
"118162","Locality: 073 GLOUCESTER COUNTY",28647,"2021","02","VA"
"118173","Locality: 075 GOOCHLAND COUNTY",19843,"2021","02","VA"
"118183","Locality: 077 GRAYSON COUNTY",10604,"2021","02","VA"
"118198","Locality: 079 GREENE COUNTY",13995,"2021","02","VA"
"118203","Locality: 081 GREENSVILLE COUNTY",6292,"2021","02","VA"
"118212","Locality: 083 HALIFAX COUNTY",24116,"2021","02","VA"
"118232","Locality: 085 HANOVER COUNTY",83335,"2021","02","VA"
"118268","Locality: 087 HENRICO COUNTY",231471,"2021","02","VA"
"118359","Locality: 089 HENRY COUNTY",35452,"2021","02","VA"
"118383","Locality: 091 HIGHLAND COUNTY",1844,"2021","02","VA"
"118389","Locality: 093 ISLE OF WIGHT COUNTY",29446,"2021","02","VA"
"118403","Locality: 095 JAMES CITY COUNTY",60572,"2021","02","VA"
"118422","Locality: 097 KING & QUEEN COUNTY",5210,"2021","02","VA"
"118427","Locality: 099 KING GEORGE COUNTY",18211,"2021","02","VA"
"118432","Locality: 101 KING WILLIAM COUNTY",13074,"2021","02","VA"
"118438","Locality: 103 LANCASTER COUNTY",8861,"2021","02","VA"
"118444","Locality: 105 LEE COUNTY",15023,"2021","02","VA"
"118460","Locality: 107 LOUDOUN COUNTY",274972,"2021","02","VA"
"118558","Locality: 109 LOUISA COUNTY",27142,"2021","02","VA"
"118573","Locality: 111 LUNENBURG COUNTY",7903,"2021","02","VA"
"118584","Locality: 113 MADISON COUNTY",9912,"2021","02","VA"
"118593","Locality: 115 MATHEWS COUNTY",7098,"2021","02","VA"
"118596","Locality: 117 MECKLENBURG COUNTY",21993,"2021","02","VA"
"118619","Locality: 119 MIDDLESEX COUNTY",8379,"2021","02","VA"
"118625","Locality: 121 MONTGOMERY COUNTY",59148,"2021","02","VA"
"118649","Locality: 125 NELSON COUNTY",11506,"2021","02","VA"
"118658","Locality: 127 NEW KENT COUNTY",17354,"2021","02","VA"
"118668","Locality: 131 NORTHAMPTON COUNTY",9294,"2021","02","VA"
"118673","Locality: 133 NORTHUMBERLAND COUNTY",9746,"2021","02","VA"
"118678","Locality: 135 NOTTOWAY COUNTY",9326,"2021","02","VA"
"118687","Locality: 137 ORANGE COUNTY",26405,"2021","02","VA"
"118697","Locality: 139 PAGE COUNTY",16445,"2021","02","VA"
"118702","Locality: 141 PATRICK COUNTY",12469,"2021","02","VA"
"118715","Locality: 143 PITTSYLVANIA COUNTY",44159,"2021","02","VA"
"118744","Locality: 145 POWHATAN COUNTY",22967,"2021","02","VA"
"118756","Locality: 147 PRINCE EDWARD COUNTY",13035,"2021","02","VA"
"118766","Locality: 149 PRINCE GEORGE COUNTY",23007,"2021","02","VA"
"118776","Locality: 153 PRINCE WILLIAM COUNTY",299431,"2021","02","VA"
"118869","Locality: 155 PULASKI COUNTY",22868,"2021","02","VA"
"118881","Locality: 157 RAPPAHANNOCK COUNTY",5990,"2021","02","VA"
"118887","Locality: 159 RICHMOND COUNTY",5453,"2021","02","VA"
"118892","Locality: 161 ROANOKE COUNTY",70970,"2021","02","VA"
"118925","Locality: 163 ROCKBRIDGE COUNTY",15333,"2021","02","VA"
"118942","Locality: 165 ROCKINGHAM COUNTY",53949,"2021","02","VA"
"118973","Locality: 167 RUSSELL COUNTY",18747,"2021","02","VA"
"118988","Locality: 169 SCOTT COUNTY",15369,"2021","02","VA"
"119005","Locality: 171 SHENANDOAH COUNTY",30640,"2021","02","VA"
"119017","Locality: 173 SMYTH COUNTY",19528,"2021","02","VA"
"119031","Locality: 175 SOUTHAMPTON COUNTY",12618,"2021","02","VA"
"119044","Locality: 177 SPOTSYLVANIA COUNTY",97325,"2021","02","VA"
"119070","Locality: 179 STAFFORD COUNTY",102852,"2021","02","VA"
"119097","Locality: 181 SURRY COUNTY",5495,"2021","02","VA"
"119104","Locality: 183 SUSSEX COUNTY",6945,"2021","02","VA"
"119115","Locality: 185 TAZEWELL COUNTY",26153,"2021","02","VA"
"119135","Locality: 187 WARREN COUNTY",28260,"2021","02","VA"
"119146","Locality: 191 WASHINGTON COUNTY",37742,"2021","02","VA"
"119165","Locality: 193 WESTMORELAND COUNTY",13169,"2021","02","VA"
"119173","Locality: 195 WISE COUNTY",23765,"2021","02","VA"
"119185","Locality: 197 WYTHE COUNTY",19986,"2021","02","VA"
"119196","Locality: 199 YORK COUNTY",47607,"2021","02","VA"
"119209","Locality: 510 ALEXANDRIA CITY",104191,"2021","02","VA"
"119239","Locality: 520 BRISTOL CITY",11326,"2021","02","VA"
"119243","Locality: 530 BUENA VISTA CITY",4145,"2021","02","VA"
"119245","Locality: 540 CHARLOTTESVILLE CITY",32788,"2021","02","VA"
"119254","Locality: 550 CHESAPEAKE CITY",165154,"2021","02","VA"
"119317","Locality: 570 COLONIAL HEIGHTS CITY",12421,"2021","02","VA"
"119322","Locality: 580 COVINGTON CITY",3720,"2021","02","VA"
"119327","Locality: 590 DANVILLE CITY",27515,"2021","02","VA"
"119343","Locality: 595 EMPORIA CITY",3759,"2021","02","VA"
"119350","Locality: 600 FAIRFAX CITY",16823,"2021","02","VA"
"119356","Locality: 610 FALLS CHURCH CITY",10656,"2021","02","VA"
"119359","Locality: 620 FRANKLIN CITY",5550,"2021","02","VA"
"119365","Locality: 630 FREDERICKSBURG CITY",17629,"2021","02","VA"
"119370","Locality: 640 GALAX CITY",3778,"2021","02","VA"
"119373","Locality: 650 HAMPTON CITY",95625,"2021","02","VA"
"119403","Locality: 660 HARRISONBURG CITY",23787,"2021","02","VA"
"119411","Locality: 670 HOPEWELL CITY",14744,"2021","02","VA"
"119418","Locality: 678 LEXINGTON CITY",3884,"2021","02","VA"
"119419","Locality: 680 LYNCHBURG CITY",52854,"2021","02","VA"
"119437","Locality: 683 MANASSAS CITY",22419,"2021","02","VA"
"119443","Locality: 685 MANASSAS PARK CITY",8420,"2021","02","VA"
"119446","Locality: 690 MARTINSVILLE CITY",8587,"2021","02","VA"
"119452","Locality: 700 NEWPORT NEWS CITY",116640,"2021","02","VA"
"119497","Locality: 710 NORFOLK CITY",129661,"2021","02","VA"
"119545","Locality: 720 NORTON CITY",2425,"2021","02","VA"
"119546","Locality: 730 PETERSBURG CITY",22339,"2021","02","VA"
"119553","Locality: 735 POQUOSON CITY",9266,"2021","02","VA"
"119556","Locality: 740 PORTSMOUTH CITY",64777,"2021","02","VA"
"119587","Locality: 750 RADFORD CITY",8973,"2021","02","VA"
"119591","Locality: 760 RICHMOND CITY",152425,"2021","02","VA"
"119660","Locality: 770 ROANOKE CITY",62238,"2021","02","VA"
"119680","Locality: 775 SALEM CITY",17203,"2021","02","VA"
"119690","Locality: 790 STAUNTON CITY",17065,"2021","02","VA"
"119695","Locality: 800 SUFFOLK CITY",65689,"2021","02","VA"
"119722","Locality: 810 VIRGINIA BEACH CITY",310047,"2021","02","VA"
"119822","Locality: 820 WAYNESBORO CITY",14305,"2021","02","VA"
"119826","Locality: 830 WILLIAMSBURG CITY",9687,"2021","02","VA"
"119828","Locality: 840 WINCHESTER CITY",16870,"2021","02","VA"
"119834","Locality: 001 ACCOMACK COUNTY",23979,"2021","03","VA"
"119850","Locality: 003 ALBEMARLE COUNTY",78395,"2021","03","VA"
"119880","Locality: 005 ALLEGHANY COUNTY",10819,"2021","03","VA"
"119892","Locality: 007 AMELIA COUNTY",9735,"2021","03","VA"
"119897","Locality: 009 AMHERST COUNTY",21821,"2021","03","VA"
"119908","Locality: 011 APPOMATTOX COUNTY",11599,"2021","03","VA"
"119917","Locality: 013 ARLINGTON COUNTY",164115,"2021","03","VA"
"119971","Locality: 015 AUGUSTA COUNTY",52269,"2021","03","VA"
"119996","Locality: 017 BATH COUNTY",3246,"2021","03","VA"
"120003","Locality: 019 BEDFORD COUNTY",59883,"2021","03","VA"
"120035","Locality: 021 BLAND COUNTY",4446,"2021","03","VA"
"120042","Locality: 023 BOTETOURT COUNTY",25400,"2021","03","VA"
"120052","Locality: 025 BRUNSWICK COUNTY",10726,"2021","03","VA"
"120065","Locality: 027 BUCHANAN COUNTY",14797,"2021","03","VA"
"120082","Locality: 029 BUCKINGHAM COUNTY",10654,"2021","03","VA"
"120092","Locality: 031 CAMPBELL COUNTY",38989,"2021","03","VA"
"120108","Locality: 033 CAROLINE COUNTY",21450,"2021","03","VA"
"120120","Locality: 035 CARROLL COUNTY",20383,"2021","03","VA"
"120137","Locality: 036 CHARLES CITY COUNTY",5583,"2021","03","VA"
"120140","Locality: 037 CHARLOTTE COUNTY",8227,"2021","03","VA"
"120147","Locality: 041 CHESTERFIELD COUNTY",253622,"2021","03","VA"
"120227","Locality: 043 CLARKE COUNTY",11347,"2021","03","VA"
"120234","Locality: 045 CRAIG COUNTY",3890,"2021","03","VA"
"120242","Locality: 047 CULPEPER COUNTY",34559,"2021","03","VA"
"120257","Locality: 049 CUMBERLAND COUNTY",7066,"2021","03","VA"
"120262","Locality: 051 DICKENSON COUNTY",10039,"2021","03","VA"
"120272","Locality: 053 DINWIDDIE COUNTY",19852,"2021","03","VA"
"120285","Locality: 057 ESSEX COUNTY",7833,"2021","03","VA"
"120289","Locality: 059 FAIRFAX COUNTY",759243,"2021","03","VA"
"120532","Locality: 061 FAUQUIER COUNTY",53224,"2021","03","VA"
"120552","Locality: 063 FLOYD COUNTY",11385,"2021","03","VA"
"120557","Locality: 065 FLUVANNA COUNTY",19521,"2021","03","VA"
"120562","Locality: 067 FRANKLIN COUNTY",38119,"2021","03","VA"
"120585","Locality: 069 FREDERICK COUNTY",62650,"2021","03","VA"
"120606","Locality: 071 GILES COUNTY",11721,"2021","03","VA"
"120615","Locality: 073 GLOUCESTER COUNTY",28598,"2021","03","VA"
"120626","Locality: 075 GOOCHLAND COUNTY",19853,"2021","03","VA"
"120636","Locality: 077 GRAYSON COUNTY",10624,"2021","03","VA"
"120651","Locality: 079 GREENE COUNTY",14022,"2021","03","VA"
"120656","Locality: 081 GREENSVILLE COUNTY",6292,"2021","03","VA"
"120665","Locality: 083 HALIFAX COUNTY",24100,"2021","03","VA"
"120685","Locality: 085 HANOVER COUNTY",83345,"2021","03","VA"
"120721","Locality: 087 HENRICO COUNTY",230940,"2021","03","VA"
"120812","Locality: 089 HENRY COUNTY",35413,"2021","03","VA"
"120836","Locality: 091 HIGHLAND COUNTY",1839,"2021","03","VA"
"120842","Locality: 093 ISLE OF WIGHT COUNTY",29459,"2021","03","VA"
"120856","Locality: 095 JAMES CITY COUNTY",60587,"2021","03","VA"
"120875","Locality: 097 KING & QUEEN COUNTY",5217,"2021","03","VA"
"120880","Locality: 099 KING GEORGE COUNTY",18235,"2021","03","VA"
"120885","Locality: 101 KING WILLIAM COUNTY",13187,"2021","03","VA"
"120891","Locality: 103 LANCASTER COUNTY",8837,"2021","03","VA"
"120897","Locality: 105 LEE COUNTY",15087,"2021","03","VA"
"120913","Locality: 107 LOUDOUN COUNTY",274398,"2021","03","VA"
"121011","Locality: 109 LOUISA COUNTY",27220,"2021","03","VA"
"121026","Locality: 111 LUNENBURG COUNTY",7899,"2021","03","VA"
"121037","Locality: 113 MADISON COUNTY",9921,"2021","03","VA"
"121046","Locality: 115 MATHEWS COUNTY",7093,"2021","03","VA"
"121049","Locality: 117 MECKLENBURG COUNTY",21994,"2021","03","VA"
"121072","Locality: 119 MIDDLESEX COUNTY",8374,"2021","03","VA"
"121078","Locality: 121 MONTGOMERY COUNTY",59094,"2021","03","VA"
"121102","Locality: 125 NELSON COUNTY",11502,"2021","03","VA"
"121111","Locality: 127 NEW KENT COUNTY",17400,"2021","03","VA"
"121121","Locality: 131 NORTHAMPTON COUNTY",9278,"2021","03","VA"
"121126","Locality: 133 NORTHUMBERLAND COUNTY",9773,"2021","03","VA"
"121131","Locality: 135 NOTTOWAY COUNTY",9315,"2021","03","VA"
"121140","Locality: 137 ORANGE COUNTY",26473,"2021","03","VA"
"121150","Locality: 139 PAGE COUNTY",16368,"2021","03","VA"
"121155","Locality: 141 PATRICK COUNTY",12442,"2021","03","VA"
"121168","Locality: 143 PITTSYLVANIA COUNTY",44151,"2021","03","VA"
"121197","Locality: 145 POWHATAN COUNTY",22986,"2021","03","VA"
"121209","Locality: 147 PRINCE EDWARD COUNTY",13011,"2021","03","VA"
"121219","Locality: 149 PRINCE GEORGE COUNTY",22887,"2021","03","VA"
"121229","Locality: 153 PRINCE WILLIAM COUNTY",299272,"2021","03","VA"
"121322","Locality: 155 PULASKI COUNTY",22873,"2021","03","VA"
"121334","Locality: 157 RAPPAHANNOCK COUNTY",5999,"2021","03","VA"
"121340","Locality: 159 RICHMOND COUNTY",5467,"2021","03","VA"
"121345","Locality: 161 ROANOKE COUNTY",70615,"2021","03","VA"
"121378","Locality: 163 ROCKBRIDGE COUNTY",15343,"2021","03","VA"
"121395","Locality: 165 ROCKINGHAM COUNTY",53996,"2021","03","VA"
"121426","Locality: 167 RUSSELL COUNTY",18738,"2021","03","VA"
"121441","Locality: 169 SCOTT COUNTY",15364,"2021","03","VA"
"121458","Locality: 171 SHENANDOAH COUNTY",30632,"2021","03","VA"
"121470","Locality: 173 SMYTH COUNTY",19458,"2021","03","VA"
"121484","Locality: 175 SOUTHAMPTON COUNTY",12660,"2021","03","VA"
"121497","Locality: 177 SPOTSYLVANIA COUNTY",97401,"2021","03","VA"
"121523","Locality: 179 STAFFORD COUNTY",103021,"2021","03","VA"
"121550","Locality: 181 SURRY COUNTY",5492,"2021","03","VA"
"121557","Locality: 183 SUSSEX COUNTY",6942,"2021","03","VA"
"121568","Locality: 185 TAZEWELL COUNTY",26191,"2021","03","VA"
"121588","Locality: 187 WARREN COUNTY",28300,"2021","03","VA"
"121599","Locality: 191 WASHINGTON COUNTY",37743,"2021","03","VA"
"121618","Locality: 193 WESTMORELAND COUNTY",13194,"2021","03","VA"
"121626","Locality: 195 WISE COUNTY",23776,"2021","03","VA"
"121638","Locality: 197 WYTHE COUNTY",20018,"2021","03","VA"
"121649","Locality: 199 YORK COUNTY",47647,"2021","03","VA"
"121662","Locality: 510 ALEXANDRIA CITY",103521,"2021","03","VA"
"121692","Locality: 520 BRISTOL CITY",11332,"2021","03","VA"
"121696","Locality: 530 BUENA VISTA CITY",4106,"2021","03","VA"
"121698","Locality: 540 CHARLOTTESVILLE CITY",32740,"2021","03","VA"
"121707","Locality: 550 CHESAPEAKE CITY",164239,"2021","03","VA"
"121770","Locality: 570 COLONIAL HEIGHTS CITY",12323,"2021","03","VA"
"121775","Locality: 580 COVINGTON CITY",3712,"2021","03","VA"
"121780","Locality: 590 DANVILLE CITY",27524,"2021","03","VA"
"121796","Locality: 595 EMPORIA CITY",3756,"2021","03","VA"
"121803","Locality: 600 FAIRFAX CITY",16779,"2021","03","VA"
"121809","Locality: 610 FALLS CHURCH CITY",10539,"2021","03","VA"
"121812","Locality: 620 FRANKLIN CITY",5537,"2021","03","VA"
"121818","Locality: 630 FREDERICKSBURG CITY",17673,"2021","03","VA"
"121823","Locality: 640 GALAX CITY",3783,"2021","03","VA"
"121826","Locality: 650 HAMPTON CITY",95659,"2021","03","VA"
"121856","Locality: 660 HARRISONBURG CITY",23742,"2021","03","VA"
"121864","Locality: 670 HOPEWELL CITY",14757,"2021","03","VA"
"121871","Locality: 678 LEXINGTON CITY",3880,"2021","03","VA"
"121872","Locality: 680 LYNCHBURG CITY",52892,"2021","03","VA"
"121890","Locality: 683 MANASSAS CITY",22439,"2021","03","VA"
"121896","Locality: 685 MANASSAS PARK CITY",8411,"2021","03","VA"
"121899","Locality: 690 MARTINSVILLE CITY",8589,"2021","03","VA"
"121905","Locality: 700 NEWPORT NEWS CITY",116745,"2021","03","VA"
"121950","Locality: 710 NORFOLK CITY",129844,"2021","03","VA"
"121998","Locality: 720 NORTON CITY",2425,"2021","03","VA"
"121999","Locality: 730 PETERSBURG CITY",22354,"2021","03","VA"
"122006","Locality: 735 POQUOSON CITY",9243,"2021","03","VA"
"122009","Locality: 740 PORTSMOUTH CITY",64866,"2021","03","VA"
"122040","Locality: 750 RADFORD CITY",8974,"2021","03","VA"
"122044","Locality: 760 RICHMOND CITY",152385,"2021","03","VA"
"122113","Locality: 770 ROANOKE CITY",62295,"2021","03","VA"
"122133","Locality: 775 SALEM CITY",17227,"2021","03","VA"
"122143","Locality: 790 STAUNTON CITY",17020,"2021","03","VA"
"122148","Locality: 800 SUFFOLK CITY",65678,"2021","03","VA"
"122175","Locality: 810 VIRGINIA BEACH CITY",310401,"2021","03","VA"
"122275","Locality: 820 WAYNESBORO CITY",14316,"2021","03","VA"
"122279","Locality: 830 WILLIAMSBURG CITY",9664,"2021","03","VA"
"122281","Locality: 840 WINCHESTER CITY",16873,"2021","03","VA"
"122287","Locality: 001 ACCOMACK COUNTY",23509,"2021","04","VA"
"122303","Locality: 003 ALBEMARLE COUNTY",76715,"2021","04","VA"
"122333","Locality: 005 ALLEGHANY COUNTY",10722,"2021","04","VA"
"122345","Locality: 007 AMELIA COUNTY",9665,"2021","04","VA"
"122350","Locality: 009 AMHERST COUNTY",21530,"2021","04","VA"
"122361","Locality: 011 APPOMATTOX COUNTY",11609,"2021","04","VA"
"122370","Locality: 013 ARLINGTON COUNTY",157300,"2021","04","VA"
"122424","Locality: 015 AUGUSTA COUNTY",51751,"2021","04","VA"
"122449","Locality: 017 BATH COUNTY",3181,"2021","04","VA"
"122456","Locality: 019 BEDFORD COUNTY",59024,"2021","04","VA"
"122488","Locality: 021 BLAND COUNTY",4320,"2021","04","VA"
"122495","Locality: 023 BOTETOURT COUNTY",25114,"2021","04","VA"
"122505","Locality: 025 BRUNSWICK COUNTY",10668,"2021","04","VA"
"122518","Locality: 027 BUCHANAN COUNTY",14684,"2021","04","VA"
"122535","Locality: 029 BUCKINGHAM COUNTY",10651,"2021","04","VA"
"122545","Locality: 031 CAMPBELL COUNTY",38589,"2021","04","VA"
"122561","Locality: 033 CAROLINE COUNTY",21088,"2021","04","VA"
"122573","Locality: 035 CARROLL COUNTY",20203,"2021","04","VA"
"122590","Locality: 036 CHARLES CITY COUNTY",5536,"2021","04","VA"
"122593","Locality: 037 CHARLOTTE COUNTY",8151,"2021","04","VA"
"122600","Locality: 041 CHESTERFIELD COUNTY",247011,"2021","04","VA"
"122680","Locality: 043 CLARKE COUNTY",11196,"2021","04","VA"
"122687","Locality: 045 CRAIG COUNTY",3825,"2021","04","VA"
"122695","Locality: 047 CULPEPER COUNTY",33933,"2021","04","VA"
"122710","Locality: 049 CUMBERLAND COUNTY",7002,"2021","04","VA"
"122715","Locality: 051 DICKENSON COUNTY",9820,"2021","04","VA"
"122725","Locality: 053 DINWIDDIE COUNTY",19813,"2021","04","VA"
"122738","Locality: 057 ESSEX COUNTY",7765,"2021","04","VA"
"122742","Locality: 059 FAIRFAX COUNTY",738818,"2021","04","VA"
"122985","Locality: 061 FAUQUIER COUNTY",52147,"2021","04","VA"
"123005","Locality: 063 FLOYD COUNTY",11130,"2021","04","VA"
"123010","Locality: 065 FLUVANNA COUNTY",19355,"2021","04","VA"
"123015","Locality: 067 FRANKLIN COUNTY",37630,"2021","04","VA"
"123038","Locality: 069 FREDERICK COUNTY",61534,"2021","04","VA"
"123059","Locality: 071 GILES COUNTY",11607,"2021","04","VA"
"123068","Locality: 073 GLOUCESTER COUNTY",28216,"2021","04","VA"
"123079","Locality: 075 GOOCHLAND COUNTY",19573,"2021","04","VA"
"123089","Locality: 077 GRAYSON COUNTY",10604,"2021","04","VA"
"123104","Locality: 079 GREENE COUNTY",13848,"2021","04","VA"
"123109","Locality: 081 GREENSVILLE COUNTY",6211,"2021","04","VA"
"123118","Locality: 083 HALIFAX COUNTY",23881,"2021","04","VA"
"123138","Locality: 085 HANOVER COUNTY",82413,"2021","04","VA"
"123174","Locality: 087 HENRICO COUNTY",227066,"2021","04","VA"
"123265","Locality: 089 HENRY COUNTY",34996,"2021","04","VA"
"123289","Locality: 091 HIGHLAND COUNTY",1835,"2021","04","VA"
"123295","Locality: 093 ISLE OF WIGHT COUNTY",28981,"2021","04","VA"
"123309","Locality: 095 JAMES CITY COUNTY",58827,"2021","04","VA"
"123328","Locality: 097 KING & QUEEN COUNTY",5154,"2021","04","VA"
"123333","Locality: 099 KING GEORGE COUNTY",17919,"2021","04","VA"
"123338","Locality: 101 KING WILLIAM COUNTY",13021,"2021","04","VA"
"123344","Locality: 103 LANCASTER COUNTY",8730,"2021","04","VA"
"123350","Locality: 105 LEE COUNTY",15024,"2021","04","VA"
"123366","Locality: 107 LOUDOUN COUNTY",268255,"2021","04","VA"
"123464","Locality: 109 LOUISA COUNTY",26881,"2021","04","VA"
"123479","Locality: 111 LUNENBURG COUNTY",7910,"2021","04","VA"
"123490","Locality: 113 MADISON COUNTY",9806,"2021","04","VA"
"123499","Locality: 115 MATHEWS COUNTY",6990,"2021","04","VA"
"123502","Locality: 117 MECKLENBURG COUNTY",21687,"2021","04","VA"
"123525","Locality: 119 MIDDLESEX COUNTY",8286,"2021","04","VA"
"123531","Locality: 121 MONTGOMERY COUNTY",57003,"2021","04","VA"
"123555","Locality: 125 NELSON COUNTY",11381,"2021","04","VA"
"123564","Locality: 127 NEW KENT COUNTY",17313,"2021","04","VA"
"123574","Locality: 131 NORTHAMPTON COUNTY",8906,"2021","04","VA"
"123579","Locality: 133 NORTHUMBERLAND COUNTY",9627,"2021","04","VA"
"123584","Locality: 135 NOTTOWAY COUNTY",9208,"2021","04","VA"
"123593","Locality: 137 ORANGE COUNTY",26123,"2021","04","VA"
"123603","Locality: 139 PAGE COUNTY",16286,"2021","04","VA"
"123608","Locality: 141 PATRICK COUNTY",12411,"2021","04","VA"
"123621","Locality: 143 PITTSYLVANIA COUNTY",43536,"2021","04","VA"
"123650","Locality: 145 POWHATAN COUNTY",22719,"2021","04","VA"
"123662","Locality: 147 PRINCE EDWARD COUNTY",12732,"2021","04","VA"
"123672","Locality: 149 PRINCE GEORGE COUNTY",22325,"2021","04","VA"
"123682","Locality: 153 PRINCE WILLIAM COUNTY",289145,"2021","04","VA"
"123775","Locality: 155 PULASKI COUNTY",22666,"2021","04","VA"
"123787","Locality: 157 RAPPAHANNOCK COUNTY",5903,"2021","04","VA"
"123793","Locality: 159 RICHMOND COUNTY",5469,"2021","04","VA"
"123798","Locality: 161 ROANOKE COUNTY",68582,"2021","04","VA"
"123831","Locality: 163 ROCKBRIDGE COUNTY",15194,"2021","04","VA"
"123848","Locality: 165 ROCKINGHAM COUNTY",53443,"2021","04","VA"
"123879","Locality: 167 RUSSELL COUNTY",18522,"2021","04","VA"
"123894","Locality: 169 SCOTT COUNTY",15279,"2021","04","VA"
"123911","Locality: 171 SHENANDOAH COUNTY",30164,"2021","04","VA"
"123923","Locality: 173 SMYTH COUNTY",19476,"2021","04","VA"
"123937","Locality: 175 SOUTHAMPTON COUNTY",12648,"2021","04","VA"
"123950","Locality: 177 SPOTSYLVANIA COUNTY",95457,"2021","04","VA"
"123976","Locality: 179 STAFFORD COUNTY",100054,"2021","04","VA"
"124003","Locality: 181 SURRY COUNTY",5468,"2021","04","VA"
"124010","Locality: 183 SUSSEX COUNTY",6948,"2021","04","VA"
"124021","Locality: 185 TAZEWELL COUNTY",25819,"2021","04","VA"
"124041","Locality: 187 WARREN COUNTY",27604,"2021","04","VA"
"124052","Locality: 191 WASHINGTON COUNTY",37238,"2021","04","VA"
"124071","Locality: 193 WESTMORELAND COUNTY",12997,"2021","04","VA"
"124079","Locality: 195 WISE COUNTY",23445,"2021","04","VA"
"124091","Locality: 197 WYTHE COUNTY",19836,"2021","04","VA"
"124102","Locality: 199 YORK COUNTY",46549,"2021","04","VA"
"124115","Locality: 510 ALEXANDRIA CITY",98213,"2021","04","VA"
"124145","Locality: 520 BRISTOL CITY",10994,"2021","04","VA"
"124149","Locality: 530 BUENA VISTA CITY",4082,"2021","04","VA"
"124151","Locality: 540 CHARLOTTESVILLE CITY",31203,"2021","04","VA"
"124160","Locality: 550 CHESAPEAKE CITY",161240,"2021","04","VA"
"124223","Locality: 570 COLONIAL HEIGHTS CITY",12149,"2021","04","VA"
"124228","Locality: 580 COVINGTON CITY",3726,"2021","04","VA"
"124233","Locality: 590 DANVILLE CITY",27248,"2021","04","VA"
"124249","Locality: 595 EMPORIA CITY",3667,"2021","04","VA"
"124256","Locality: 600 FAIRFAX CITY",16377,"2021","04","VA"
"124262","Locality: 610 FALLS CHURCH CITY",10116,"2021","04","VA"
"124265","Locality: 620 FRANKLIN CITY",5459,"2021","04","VA"
"124271","Locality: 630 FREDERICKSBURG CITY",17121,"2021","04","VA"
"124276","Locality: 640 GALAX CITY",3773,"2021","04","VA"
"124279","Locality: 650 HAMPTON CITY",91012,"2021","04","VA"
"124309","Locality: 660 HARRISONBURG CITY",23167,"2021","04","VA"
"124317","Locality: 670 HOPEWELL CITY",14428,"2021","04","VA"
"124324","Locality: 678 LEXINGTON CITY",3724,"2021","04","VA"
"124325","Locality: 680 LYNCHBURG CITY",50835,"2021","04","VA"
"124343","Locality: 683 MANASSAS CITY",21865,"2021","04","VA"
"124349","Locality: 685 MANASSAS PARK CITY",8154,"2021","04","VA"
"124352","Locality: 690 MARTINSVILLE CITY",8306,"2021","04","VA"
"124358","Locality: 700 NEWPORT NEWS CITY",112719,"2021","04","VA"
"124403","Locality: 710 NORFOLK CITY",127561,"2021","04","VA"
"124451","Locality: 720 NORTON CITY",2386,"2021","04","VA"
"124452","Locality: 730 PETERSBURG CITY",21858,"2021","04","VA"
"124459","Locality: 735 POQUOSON CITY",9126,"2021","04","VA"
"124462","Locality: 740 PORTSMOUTH CITY",63286,"2021","04","VA"
"124493","Locality: 750 RADFORD CITY",8605,"2021","04","VA"
"124497","Locality: 760 RICHMOND CITY",152055,"2021","04","VA"
"124566","Locality: 770 ROANOKE CITY",60938,"2021","04","VA"
"124586","Locality: 775 SALEM CITY",16718,"2021","04","VA"
"124596","Locality: 790 STAUNTON CITY",16642,"2021","04","VA"
"124601","Locality: 800 SUFFOLK CITY",64265,"2021","04","VA"
"124628","Locality: 810 VIRGINIA BEACH CITY",300149,"2021","04","VA"
"124728","Locality: 820 WAYNESBORO CITY",13839,"2021","04","VA"
"124732","Locality: 830 WILLIAMSBURG CITY",9232,"2021","04","VA"
"124734","Locality: 840 WINCHESTER CITY",16347,"2021","04","VA"
"124740","Locality: 001 ACCOMACK COUNTY",23602,"2021","05","VA"
"124756","Locality: 003 ALBEMARLE COUNTY",76954,"2021","05","VA"
"124786","Locality: 005 ALLEGHANY COUNTY",10750,"2021","05","VA"
"124798","Locality: 007 AMELIA COUNTY",9683,"2021","05","VA"
"124803","Locality: 009 AMHERST COUNTY",21572,"2021","05","VA"
"124814","Locality: 011 APPOMATTOX COUNTY",11494,"2021","05","VA"
"124823","Locality: 013 ARLINGTON COUNTY",157659,"2021","05","VA"
"124877","Locality: 015 AUGUSTA COUNTY",51901,"2021","05","VA"
"124902","Locality: 017 BATH COUNTY",3186,"2021","05","VA"
"124909","Locality: 019 BEDFORD COUNTY",59199,"2021","05","VA"
"124941","Locality: 021 BLAND COUNTY",4324,"2021","05","VA"
"124948","Locality: 023 BOTETOURT COUNTY",25148,"2021","05","VA"
"124958","Locality: 025 BRUNSWICK COUNTY",10680,"2021","05","VA"
"124971","Locality: 027 BUCHANAN COUNTY",14692,"2021","05","VA"
"124988","Locality: 029 BUCKINGHAM COUNTY",10522,"2021","05","VA"
"124998","Locality: 031 CAMPBELL COUNTY",38694,"2021","05","VA"
"125014","Locality: 033 CAROLINE COUNTY",21239,"2021","05","VA"
"125026","Locality: 035 CARROLL COUNTY",20274,"2021","05","VA"
"125043","Locality: 036 CHARLES CITY COUNTY",5538,"2021","05","VA"
"125046","Locality: 037 CHARLOTTE COUNTY",8176,"2021","05","VA"
"125053","Locality: 041 CHESTERFIELD COUNTY",247693,"2021","05","VA"
"125133","Locality: 043 CLARKE COUNTY",11210,"2021","05","VA"
"125140","Locality: 045 CRAIG COUNTY",3841,"2021","05","VA"
"125148","Locality: 047 CULPEPER COUNTY",34143,"2021","05","VA"
"125163","Locality: 049 CUMBERLAND COUNTY",7012,"2021","05","VA"
"125168","Locality: 051 DICKENSON COUNTY",9716,"2021","05","VA"
"125178","Locality: 053 DINWIDDIE COUNTY",19599,"2021","05","VA"
"125191","Locality: 057 ESSEX COUNTY",7794,"2021","05","VA"
"125195","Locality: 059 FAIRFAX COUNTY",739736,"2021","05","VA"
"125438","Locality: 061 FAUQUIER COUNTY",52266,"2021","05","VA"
"125458","Locality: 063 FLOYD COUNTY",11162,"2021","05","VA"
"125463","Locality: 065 FLUVANNA COUNTY",19434,"2021","05","VA"
"125468","Locality: 067 FRANKLIN COUNTY",37734,"2021","05","VA"
"125491","Locality: 069 FREDERICK COUNTY",61784,"2021","05","VA"
"125512","Locality: 071 GILES COUNTY",11629,"2021","05","VA"
"125521","Locality: 073 GLOUCESTER COUNTY",28280,"2021","05","VA"
"125532","Locality: 075 GOOCHLAND COUNTY",19657,"2021","05","VA"
"125542","Locality: 077 GRAYSON COUNTY",10501,"2021","05","VA"
"125557","Locality: 079 GREENE COUNTY",13897,"2021","05","VA"
"125562","Locality: 081 GREENSVILLE COUNTY",6219,"2021","05","VA"
"125571","Locality: 083 HALIFAX COUNTY",23939,"2021","05","VA"
"125591","Locality: 085 HANOVER COUNTY",82582,"2021","05","VA"
"125627","Locality: 087 HENRICO COUNTY",227533,"2021","05","VA"
"125718","Locality: 089 HENRY COUNTY",35062,"2021","05","VA"
"125742","Locality: 091 HIGHLAND COUNTY",1827,"2021","05","VA"
"125748","Locality: 093 ISLE OF WIGHT COUNTY",29064,"2021","05","VA"
"125762","Locality: 095 JAMES CITY COUNTY",59051,"2021","05","VA"
"125781","Locality: 097 KING & QUEEN COUNTY",5164,"2021","05","VA"
"125786","Locality: 099 KING GEORGE COUNTY",17978,"2021","05","VA"
"125791","Locality: 101 KING WILLIAM COUNTY",13064,"2021","05","VA"
"125797","Locality: 103 LANCASTER COUNTY",8754,"2021","05","VA"
"125803","Locality: 105 LEE COUNTY",14796,"2021","05","VA"
"125819","Locality: 107 LOUDOUN COUNTY",268943,"2021","05","VA"
"125917","Locality: 109 LOUISA COUNTY",26989,"2021","05","VA"
"125932","Locality: 111 LUNENBURG COUNTY",7805,"2021","05","VA"
"125943","Locality: 113 MADISON COUNTY",9842,"2021","05","VA"
"125952","Locality: 115 MATHEWS COUNTY",6999,"2021","05","VA"
"125955","Locality: 117 MECKLENBURG COUNTY",21734,"2021","05","VA"
"125978","Locality: 119 MIDDLESEX COUNTY",8309,"2021","05","VA"
"125984","Locality: 121 MONTGOMERY COUNTY",57123,"2021","05","VA"
"126008","Locality: 125 NELSON COUNTY",11410,"2021","05","VA"
"126017","Locality: 127 NEW KENT COUNTY",17377,"2021","05","VA"
"126027","Locality: 131 NORTHAMPTON COUNTY",8928,"2021","05","VA"
"126032","Locality: 133 NORTHUMBERLAND COUNTY",9646,"2021","05","VA"
"126037","Locality: 135 NOTTOWAY COUNTY",9219,"2021","05","VA"
"126046","Locality: 137 ORANGE COUNTY",26192,"2021","05","VA"
"126056","Locality: 139 PAGE COUNTY",16302,"2021","05","VA"
"126061","Locality: 141 PATRICK COUNTY",12313,"2021","05","VA"
"126074","Locality: 143 PITTSYLVANIA COUNTY",43591,"2021","05","VA"
"126103","Locality: 145 POWHATAN COUNTY",22788,"2021","05","VA"
"126115","Locality: 147 PRINCE EDWARD COUNTY",12767,"2021","05","VA"
"126125","Locality: 149 PRINCE GEORGE COUNTY",22409,"2021","05","VA"
"126135","Locality: 153 PRINCE WILLIAM COUNTY",289922,"2021","05","VA"
"126228","Locality: 155 PULASKI COUNTY",22724,"2021","05","VA"
"126240","Locality: 157 RAPPAHANNOCK COUNTY",5914,"2021","05","VA"
"126246","Locality: 159 RICHMOND COUNTY",5410,"2021","05","VA"
"126251","Locality: 161 ROANOKE COUNTY",68701,"2021","05","VA"
"126284","Locality: 163 ROCKBRIDGE COUNTY",15247,"2021","05","VA"
"126301","Locality: 165 ROCKINGHAM COUNTY",53591,"2021","05","VA"
"126332","Locality: 167 RUSSELL COUNTY",18581,"2021","05","VA"
"126347","Locality: 169 SCOTT COUNTY",15313,"2021","05","VA"
"126364","Locality: 171 SHENANDOAH COUNTY",30191,"2021","05","VA"
"126376","Locality: 173 SMYTH COUNTY",19390,"2021","05","VA"
"126390","Locality: 175 SOUTHAMPTON COUNTY",12488,"2021","05","VA"
"126403","Locality: 177 SPOTSYLVANIA COUNTY",95954,"2021","05","VA"
"126429","Locality: 179 STAFFORD COUNTY",100483,"2021","05","VA"
"126456","Locality: 181 SURRY COUNTY",5433,"2021","05","VA"
"126463","Locality: 183 SUSSEX COUNTY",6837,"2021","05","VA"
"126474","Locality: 185 TAZEWELL COUNTY",25905,"2021","05","VA"
"126494","Locality: 187 WARREN COUNTY",27850,"2021","05","VA"
"126505","Locality: 191 WASHINGTON COUNTY",37259,"2021","05","VA"
"126524","Locality: 193 WESTMORELAND COUNTY",13029,"2021","05","VA"
"126532","Locality: 195 WISE COUNTY",23505,"2021","05","VA"
"126544","Locality: 197 WYTHE COUNTY",19849,"2021","05","VA"
"126555","Locality: 199 YORK COUNTY",46688,"2021","05","VA"
"126568","Locality: 510 ALEXANDRIA CITY",98603,"2021","05","VA"
"126598","Locality: 520 BRISTOL CITY",11023,"2021","05","VA"
"126602","Locality: 530 BUENA VISTA CITY",4000,"2021","05","VA"
"126604","Locality: 540 CHARLOTTESVILLE CITY",31228,"2021","05","VA"
"126613","Locality: 550 CHESAPEAKE CITY",161745,"2021","05","VA"
"126676","Locality: 570 COLONIAL HEIGHTS CITY",12192,"2021","05","VA"
"126681","Locality: 580 COVINGTON CITY",3666,"2021","05","VA"
"126686","Locality: 590 DANVILLE CITY",27333,"2021","05","VA"
"126702","Locality: 595 EMPORIA CITY",3674,"2021","05","VA"
"126709","Locality: 600 FAIRFAX CITY",16423,"2021","05","VA"
"126715","Locality: 610 FALLS CHURCH CITY",10165,"2021","05","VA"
"126718","Locality: 620 FRANKLIN CITY",5485,"2021","05","VA"
"126724","Locality: 630 FREDERICKSBURG CITY",17171,"2021","05","VA"
"126729","Locality: 640 GALAX CITY",3785,"2021","05","VA"
"126731","Locality: 650 HAMPTON CITY",91283,"2021","05","VA"
"126761","Locality: 660 HARRISONBURG CITY",23208,"2021","05","VA"
"126769","Locality: 670 HOPEWELL CITY",14462,"2021","05","VA"
"126776","Locality: 678 LEXINGTON CITY",3726,"2021","05","VA"
"126777","Locality: 680 LYNCHBURG CITY",50980,"2021","05","VA"
"126795","Locality: 683 MANASSAS CITY",21918,"2021","05","VA"
"126801","Locality: 685 MANASSAS PARK CITY",8177,"2021","05","VA"
"126804","Locality: 690 MARTINSVILLE CITY",8336,"2021","05","VA"
"126810","Locality: 700 NEWPORT NEWS CITY",113070,"2021","05","VA"
"126855","Locality: 710 NORFOLK CITY",126602,"2021","05","VA"
"126903","Locality: 720 NORTON CITY",2406,"2021","05","VA"
"126904","Locality: 730 PETERSBURG CITY",21967,"2021","05","VA"
"126911","Locality: 735 POQUOSON CITY",9144,"2021","05","VA"
"126914","Locality: 740 PORTSMOUTH CITY",63499,"2021","05","VA"
"126945","Locality: 750 RADFORD CITY",8624,"2021","05","VA"
"126949","Locality: 760 RICHMOND CITY",146712,"2021","05","VA"
"127018","Locality: 770 ROANOKE CITY",61147,"2021","05","VA"
"127038","Locality: 775 SALEM CITY",16802,"2021","05","VA"
"127048","Locality: 790 STAUNTON CITY",16697,"2021","05","VA"
"127053","Locality: 800 SUFFOLK CITY",64462,"2021","05","VA"
"127080","Locality: 810 VIRGINIA BEACH CITY",301066,"2021","05","VA"
"127180","Locality: 820 WAYNESBORO CITY",13897,"2021","05","VA"
"127184","Locality: 830 WILLIAMSBURG CITY",9261,"2021","05","VA"
"127186","Locality: 840 WINCHESTER CITY",16439,"2021","05","VA"
"127192","Locality: 001 ACCOMACK COUNTY",23625,"2021","06","VA"
"127208","Locality: 003 ALBEMARLE COUNTY",77072,"2021","06","VA"
"127238","Locality: 005 ALLEGHANY COUNTY",10756,"2021","06","VA"
"127250","Locality: 007 AMELIA COUNTY",9703,"2021","06","VA"
"127255","Locality: 009 AMHERST COUNTY",21600,"2021","06","VA"
"127266","Locality: 011 APPOMATTOX COUNTY",11500,"2021","06","VA"
"127275","Locality: 013 ARLINGTON COUNTY",157784,"2021","06","VA"
"127329","Locality: 015 AUGUSTA COUNTY",51962,"2021","06","VA"
"127354","Locality: 017 BATH COUNTY",3186,"2021","06","VA"
"127361","Locality: 019 BEDFORD COUNTY",59282,"2021","06","VA"
"127393","Locality: 021 BLAND COUNTY",4319,"2021","06","VA"
"127400","Locality: 023 BOTETOURT COUNTY",25190,"2021","06","VA"
"127410","Locality: 025 BRUNSWICK COUNTY",10686,"2021","06","VA"
"127423","Locality: 027 BUCHANAN COUNTY",14705,"2021","06","VA"
"127440","Locality: 029 BUCKINGHAM COUNTY",10547,"2021","06","VA"
"127450","Locality: 031 CAMPBELL COUNTY",38756,"2021","06","VA"
"127466","Locality: 033 CAROLINE COUNTY",21280,"2021","06","VA"
"127478","Locality: 035 CARROLL COUNTY",20294,"2021","06","VA"
"127495","Locality: 036 CHARLES CITY COUNTY",5543,"2021","06","VA"
"127498","Locality: 037 CHARLOTTE COUNTY",8184,"2021","06","VA"
"127505","Locality: 041 CHESTERFIELD COUNTY",248281,"2021","06","VA"
"127585","Locality: 043 CLARKE COUNTY",11254,"2021","06","VA"
"127592","Locality: 045 CRAIG COUNTY",3850,"2021","06","VA"
"127600","Locality: 047 CULPEPER COUNTY",34237,"2021","06","VA"
"127615","Locality: 049 CUMBERLAND COUNTY",7020,"2021","06","VA"
"127620","Locality: 051 DICKENSON COUNTY",9746,"2021","06","VA"
"127630","Locality: 053 DINWIDDIE COUNTY",19624,"2021","06","VA"
"127643","Locality: 057 ESSEX COUNTY",7800,"2021","06","VA"
"127647","Locality: 059 FAIRFAX COUNTY",741777,"2021","06","VA"
"127890","Locality: 061 FAUQUIER COUNTY",52360,"2021","06","VA"
"127910","Locality: 063 FLOYD COUNTY",11190,"2021","06","VA"
"127915","Locality: 065 FLUVANNA COUNTY",19473,"2021","06","VA"
"127920","Locality: 067 FRANKLIN COUNTY",37804,"2021","06","VA"
"127943","Locality: 069 FREDERICK COUNTY",61947,"2021","06","VA"
"127964","Locality: 071 GILES COUNTY",11630,"2021","06","VA"
"127973","Locality: 073 GLOUCESTER COUNTY",28325,"2021","06","VA"
"127984","Locality: 075 GOOCHLAND COUNTY",19696,"2021","06","VA"
"127994","Locality: 077 GRAYSON COUNTY",10526,"2021","06","VA"
"128009","Locality: 079 GREENE COUNTY",13953,"2021","06","VA"
"128014","Locality: 081 GREENSVILLE COUNTY",6223,"2021","06","VA"
"128023","Locality: 083 HALIFAX COUNTY",23988,"2021","06","VA"
"128043","Locality: 085 HANOVER COUNTY",82648,"2021","06","VA"
"128079","Locality: 087 HENRICO COUNTY",227892,"2021","06","VA"
"128170","Locality: 089 HENRY COUNTY",35093,"2021","06","VA"
"128194","Locality: 091 HIGHLAND COUNTY",1832,"2021","06","VA"
"128200","Locality: 093 ISLE OF WIGHT COUNTY",29090,"2021","06","VA"
"128214","Locality: 095 JAMES CITY COUNTY",59120,"2021","06","VA"
"128233","Locality: 097 KING & QUEEN COUNTY",5168,"2021","06","VA"
"128238","Locality: 099 KING GEORGE COUNTY",18018,"2021","06","VA"
"128243","Locality: 101 KING WILLIAM COUNTY",13089,"2021","06","VA"
"128249","Locality: 103 LANCASTER COUNTY",8768,"2021","06","VA"
"128255","Locality: 105 LEE COUNTY",14834,"2021","06","VA"
"128271","Locality: 107 LOUDOUN COUNTY",269367,"2021","06","VA"
"128369","Locality: 109 LOUISA COUNTY",27085,"2021","06","VA"
"128384","Locality: 111 LUNENBURG COUNTY",7815,"2021","06","VA"
"128395","Locality: 113 MADISON COUNTY",9860,"2021","06","VA"
"128404","Locality: 115 MATHEWS COUNTY",7001,"2021","06","VA"
"128407","Locality: 117 MECKLENBURG COUNTY",21762,"2021","06","VA"
"128430","Locality: 119 MIDDLESEX COUNTY",8320,"2021","06","VA"
"128436","Locality: 121 MONTGOMERY COUNTY",57129,"2021","06","VA"
"128460","Locality: 125 NELSON COUNTY",11411,"2021","06","VA"
"128469","Locality: 127 NEW KENT COUNTY",17416,"2021","06","VA"
"128479","Locality: 131 NORTHAMPTON COUNTY",8954,"2021","06","VA"
"128484","Locality: 133 NORTHUMBERLAND COUNTY",9665,"2021","06","VA"
"128489","Locality: 135 NOTTOWAY COUNTY",9224,"2021","06","VA"
"128498","Locality: 137 ORANGE COUNTY",26229,"2021","06","VA"
"128508","Locality: 139 PAGE COUNTY",16329,"2021","06","VA"
"128513","Locality: 141 PATRICK COUNTY",12350,"2021","06","VA"
"128526","Locality: 143 PITTSYLVANIA COUNTY",43636,"2021","06","VA"
"128555","Locality: 145 POWHATAN COUNTY",22817,"2021","06","VA"
"128567","Locality: 147 PRINCE EDWARD COUNTY",12797,"2021","06","VA"
"128577","Locality: 149 PRINCE GEORGE COUNTY",22444,"2021","06","VA"
"128587","Locality: 153 PRINCE WILLIAM COUNTY",290334,"2021","06","VA"
"128680","Locality: 155 PULASKI COUNTY",22791,"2021","06","VA"
"128692","Locality: 157 RAPPAHANNOCK COUNTY",5910,"2021","06","VA"
"128698","Locality: 159 RICHMOND COUNTY",5423,"2021","06","VA"
"128703","Locality: 161 ROANOKE COUNTY",68773,"2021","06","VA"
"128736","Locality: 163 ROCKBRIDGE COUNTY",15301,"2021","06","VA"
"128753","Locality: 165 ROCKINGHAM COUNTY",53676,"2021","06","VA"
"128784","Locality: 167 RUSSELL COUNTY",18570,"2021","06","VA"
"128799","Locality: 169 SCOTT COUNTY",15344,"2021","06","VA"
"128816","Locality: 171 SHENANDOAH COUNTY",30300,"2021","06","VA"
"128828","Locality: 173 SMYTH COUNTY",19430,"2021","06","VA"
"128842","Locality: 175 SOUTHAMPTON COUNTY",12499,"2021","06","VA"
"128855","Locality: 177 SPOTSYLVANIA COUNTY",96179,"2021","06","VA"
"128881","Locality: 179 STAFFORD COUNTY",100691,"2021","06","VA"
"128908","Locality: 181 SURRY COUNTY",5438,"2021","06","VA"
"128915","Locality: 183 SUSSEX COUNTY",6843,"2021","06","VA"
"128926","Locality: 185 TAZEWELL COUNTY",25954,"2021","06","VA"
"128946","Locality: 187 WARREN COUNTY",27947,"2021","06","VA"
"128957","Locality: 191 WASHINGTON COUNTY",37360,"2021","06","VA"
"128976","Locality: 193 WESTMORELAND COUNTY",13048,"2021","06","VA"
"128984","Locality: 195 WISE COUNTY",23525,"2021","06","VA"
"128996","Locality: 197 WYTHE COUNTY",19897,"2021","06","VA"
"129007","Locality: 199 YORK COUNTY",46763,"2021","06","VA"
"129020","Locality: 510 ALEXANDRIA CITY",98727,"2021","06","VA"
"129050","Locality: 520 BRISTOL CITY",11056,"2021","06","VA"
"129054","Locality: 530 BUENA VISTA CITY",4001,"2021","06","VA"
"129056","Locality: 540 CHARLOTTESVILLE CITY",31256,"2021","06","VA"
"129065","Locality: 550 CHESAPEAKE CITY",162185,"2021","06","VA"
"129128","Locality: 570 COLONIAL HEIGHTS CITY",12209,"2021","06","VA"
"129133","Locality: 580 COVINGTON CITY",3673,"2021","06","VA"
"129138","Locality: 590 DANVILLE CITY",27404,"2021","06","VA"
"129154","Locality: 595 EMPORIA CITY",3682,"2021","06","VA"
"129161","Locality: 600 FAIRFAX CITY",16451,"2021","06","VA"
"129167","Locality: 610 FALLS CHURCH CITY",10175,"2021","06","VA"
"129170","Locality: 620 FRANKLIN CITY",5500,"2021","06","VA"
"129176","Locality: 630 FREDERICKSBURG CITY",17215,"2021","06","VA"
"129181","Locality: 640 GALAX CITY",3793,"2021","06","VA"
"129183","Locality: 650 HAMPTON CITY",91505,"2021","06","VA"
"129213","Locality: 660 HARRISONBURG CITY",23245,"2021","06","VA"
"129221","Locality: 670 HOPEWELL CITY",14505,"2021","06","VA"
"129228","Locality: 678 LEXINGTON CITY",3735,"2021","06","VA"
"129229","Locality: 680 LYNCHBURG CITY",51057,"2021","06","VA"
"129247","Locality: 683 MANASSAS CITY",21948,"2021","06","VA"
"129253","Locality: 685 MANASSAS PARK CITY",8208,"2021","06","VA"
"129256","Locality: 690 MARTINSVILLE CITY",8365,"2021","06","VA"
"129262","Locality: 700 NEWPORT NEWS CITY",113302,"2021","06","VA"
"129307","Locality: 710 NORFOLK CITY",126910,"2021","06","VA"
"129355","Locality: 720 NORTON CITY",2407,"2021","06","VA"
"129356","Locality: 730 PETERSBURG CITY",22025,"2021","06","VA"
"129363","Locality: 735 POQUOSON CITY",9158,"2021","06","VA"
"129366","Locality: 740 PORTSMOUTH CITY",63677,"2021","06","VA"
"129397","Locality: 750 RADFORD CITY",8624,"2021","06","VA"
"129401","Locality: 760 RICHMOND CITY",146903,"2021","06","VA"
"129470","Locality: 770 ROANOKE CITY",61225,"2021","06","VA"
"129490","Locality: 775 SALEM CITY",16828,"2021","06","VA"
"129500","Locality: 790 STAUNTON CITY",16767,"2021","06","VA"
"129505","Locality: 800 SUFFOLK CITY",64633,"2021","06","VA"
"129532","Locality: 810 VIRGINIA BEACH CITY",301525,"2021","06","VA"
"129632","Locality: 820 WAYNESBORO CITY",13947,"2021","06","VA"
"129636","Locality: 830 WILLIAMSBURG CITY",9269,"2021","06","VA"
"129638","Locality: 840 WINCHESTER CITY",16492,"2021","06","VA"
"129644","Locality: 001 ACCOMACK COUNTY",23806,"2021","08","VA"
"129660","Locality: 003 ALBEMARLE COUNTY",77437,"2021","08","VA"
"129690","Locality: 005 ALLEGHANY COUNTY",10799,"2021","08","VA"
"129702","Locality: 007 AMELIA COUNTY",9724,"2021","08","VA"
"129707","Locality: 009 AMHERST COUNTY",21692,"2021","08","VA"
"129718","Locality: 011 APPOMATTOX COUNTY",11557,"2021","08","VA"
"129727","Locality: 013 ARLINGTON COUNTY",158715,"2021","08","VA"
"129781","Locality: 015 AUGUSTA COUNTY",52302,"2021","08","VA"
"129806","Locality: 017 BATH COUNTY",3189,"2021","08","VA"
"129813","Locality: 019 BEDFORD COUNTY",59667,"2021","08","VA"
"129845","Locality: 021 BLAND COUNTY",4338,"2021","08","VA"
"129852","Locality: 023 BOTETOURT COUNTY",25246,"2021","08","VA"
"129862","Locality: 025 BRUNSWICK COUNTY",10730,"2021","08","VA"
"129875","Locality: 027 BUCHANAN COUNTY",14671,"2021","08","VA"
"129892","Locality: 029 BUCKINGHAM COUNTY",10616,"2021","08","VA"
"129902","Locality: 031 CAMPBELL COUNTY",38935,"2021","08","VA"
"129918","Locality: 033 CAROLINE COUNTY",21455,"2021","08","VA"
"129930","Locality: 035 CARROLL COUNTY",20374,"2021","08","VA"
"129947","Locality: 036 CHARLES CITY COUNTY",5553,"2021","08","VA"
"129950","Locality: 037 CHARLOTTE COUNTY",8202,"2021","08","VA"
"129957","Locality: 041 CHESTERFIELD COUNTY",249729,"2021","08","VA"
"130037","Locality: 043 CLARKE COUNTY",11357,"2021","08","VA"
"130044","Locality: 045 CRAIG COUNTY",3862,"2021","08","VA"
"130052","Locality: 047 CULPEPER COUNTY",34483,"2021","08","VA"
"130067","Locality: 049 CUMBERLAND COUNTY",7012,"2021","08","VA"
"130072","Locality: 051 DICKENSON COUNTY",9775,"2021","08","VA"
"130082","Locality: 053 DINWIDDIE COUNTY",19667,"2021","08","VA"
"130095","Locality: 057 ESSEX COUNTY",7861,"2021","08","VA"
"130099","Locality: 059 FAIRFAX COUNTY",744520,"2021","08","VA"
"130342","Locality: 061 FAUQUIER COUNTY",52498,"2021","08","VA"
"130362","Locality: 063 FLOYD COUNTY",11250,"2021","08","VA"
"130367","Locality: 065 FLUVANNA COUNTY",19595,"2021","08","VA"
"130372","Locality: 067 FRANKLIN COUNTY",38071,"2021","08","VA"
"130395","Locality: 069 FREDERICK COUNTY",62389,"2021","08","VA"
"130416","Locality: 071 GILES COUNTY",11684,"2021","08","VA"
"130425","Locality: 073 GLOUCESTER COUNTY",28443,"2021","08","VA"
"130436","Locality: 075 GOOCHLAND COUNTY",19891,"2021","08","VA"
"130446","Locality: 077 GRAYSON COUNTY",10534,"2021","08","VA"
"130461","Locality: 079 GREENE COUNTY",14038,"2021","08","VA"
"130466","Locality: 081 GREENSVILLE COUNTY",6226,"2021","08","VA"
"130475","Locality: 083 HALIFAX COUNTY",24091,"2021","08","VA"
"130495","Locality: 085 HANOVER COUNTY",82896,"2021","08","VA"
"130531","Locality: 087 HENRICO COUNTY",228438,"2021","08","VA"
"130622","Locality: 089 HENRY COUNTY",35261,"2021","08","VA"
"130646","Locality: 091 HIGHLAND COUNTY",1842,"2021","08","VA"
"130652","Locality: 093 ISLE OF WIGHT COUNTY",29262,"2021","08","VA"
"130666","Locality: 095 JAMES CITY COUNTY",59373,"2021","08","VA"
"130685","Locality: 097 KING & QUEEN COUNTY",5201,"2021","08","VA"
"130690","Locality: 099 KING GEORGE COUNTY",18178,"2021","08","VA"
"130695","Locality: 101 KING WILLIAM COUNTY",13142,"2021","08","VA"
"130701","Locality: 103 LANCASTER COUNTY",8835,"2021","08","VA"
"130707","Locality: 105 LEE COUNTY",14902,"2021","08","VA"
"130723","Locality: 107 LOUDOUN COUNTY",270563,"2021","08","VA"
"130821","Locality: 109 LOUISA COUNTY",27355,"2021","08","VA"
"130836","Locality: 111 LUNENBURG COUNTY",7840,"2021","08","VA"
"130847","Locality: 113 MADISON COUNTY",9900,"2021","08","VA"
"130856","Locality: 115 MATHEWS COUNTY",7043,"2021","08","VA"
"130859","Locality: 117 MECKLENBURG COUNTY",21851,"2021","08","VA"
"130882","Locality: 119 MIDDLESEX COUNTY",8379,"2021","08","VA"
"130888","Locality: 121 MONTGOMERY COUNTY",57110,"2021","08","VA"
"130912","Locality: 125 NELSON COUNTY",11453,"2021","08","VA"
"130921","Locality: 127 NEW KENT COUNTY",17604,"2021","08","VA"
"130931","Locality: 131 NORTHAMPTON COUNTY",9009,"2021","08","VA"
"130936","Locality: 133 NORTHUMBERLAND COUNTY",9760,"2021","08","VA"
"130941","Locality: 135 NOTTOWAY COUNTY",9283,"2021","08","VA"
"130950","Locality: 137 ORANGE COUNTY",26420,"2021","08","VA"
"130960","Locality: 139 PAGE COUNTY",16372,"2021","08","VA"
"130965","Locality: 141 PATRICK COUNTY",12399,"2021","08","VA"
"130978","Locality: 143 PITTSYLVANIA COUNTY",43825,"2021","08","VA"
"131007","Locality: 145 POWHATAN COUNTY",22949,"2021","08","VA"
"131019","Locality: 147 PRINCE EDWARD COUNTY",12869,"2021","08","VA"
"131029","Locality: 149 PRINCE GEORGE COUNTY",22545,"2021","08","VA"
"131039","Locality: 153 PRINCE WILLIAM COUNTY",292158,"2021","08","VA"
"131132","Locality: 155 PULASKI COUNTY",22909,"2021","08","VA"
"131144","Locality: 157 RAPPAHANNOCK COUNTY",5975,"2021","08","VA"
"131150","Locality: 159 RICHMOND COUNTY",5455,"2021","08","VA"
"131155","Locality: 161 ROANOKE COUNTY",68987,"2021","08","VA"
"131188","Locality: 163 ROCKBRIDGE COUNTY",15338,"2021","08","VA"
"131205","Locality: 165 ROCKINGHAM COUNTY",53940,"2021","08","VA"
"131236","Locality: 167 RUSSELL COUNTY",18682,"2021","08","VA"
"131251","Locality: 169 SCOTT COUNTY",15407,"2021","08","VA"
"131268","Locality: 171 SHENANDOAH COUNTY",30513,"2021","08","VA"
"131280","Locality: 173 SMYTH COUNTY",19503,"2021","08","VA"
"131294","Locality: 175 SOUTHAMPTON COUNTY",12573,"2021","08","VA"
"131307","Locality: 177 SPOTSYLVANIA COUNTY",96991,"2021","08","VA"
"131333","Locality: 179 STAFFORD COUNTY",101235,"2021","08","VA"
"131360","Locality: 181 SURRY COUNTY",5440,"2021","08","VA"
"131366","Locality: 183 SUSSEX COUNTY",6886,"2021","08","VA"
"131377","Locality: 185 TAZEWELL COUNTY",26062,"2021","08","VA"
"131397","Locality: 187 WARREN COUNTY",28221,"2021","08","VA"
"131408","Locality: 191 WASHINGTON COUNTY",37482,"2021","08","VA"
"131427","Locality: 193 WESTMORELAND COUNTY",13183,"2021","08","VA"
"131435","Locality: 195 WISE COUNTY",23590,"2021","08","VA"
"131447","Locality: 197 WYTHE COUNTY",20041,"2021","08","VA"
"131458","Locality: 199 YORK COUNTY",46939,"2021","08","VA"
"131471","Locality: 510 ALEXANDRIA CITY",98761,"2021","08","VA"
"131501","Locality: 520 BRISTOL CITY",11050,"2021","08","VA"
"131505","Locality: 530 BUENA VISTA CITY",4007,"2021","08","VA"
"131507","Locality: 540 CHARLOTTESVILLE CITY",31233,"2021","08","VA"
"131516","Locality: 550 CHESAPEAKE CITY",163062,"2021","08","VA"
"131579","Locality: 570 COLONIAL HEIGHTS CITY",12259,"2021","08","VA"
"131584","Locality: 580 COVINGTON CITY",3711,"2021","08","VA"
"131589","Locality: 590 DANVILLE CITY",27571,"2021","08","VA"
"131605","Locality: 595 EMPORIA CITY",3736,"2021","08","VA"
"131612","Locality: 600 FAIRFAX CITY",16544,"2021","08","VA"
"131618","Locality: 610 FALLS CHURCH CITY",10169,"2021","08","VA"
"131621","Locality: 620 FRANKLIN CITY",5516,"2021","08","VA"
"131627","Locality: 630 FREDERICKSBURG CITY",17287,"2021","08","VA"
"131632","Locality: 640 GALAX CITY",3846,"2021","08","VA"
"131634","Locality: 650 HAMPTON CITY",91847,"2021","08","VA"
"131664","Locality: 660 HARRISONBURG CITY",23176,"2021","08","VA"
"131672","Locality: 670 HOPEWELL CITY",14659,"2021","08","VA"
"131679","Locality: 678 LEXINGTON CITY",3748,"2021","08","VA"
"131680","Locality: 680 LYNCHBURG CITY",51321,"2021","08","VA"
"131698","Locality: 683 MANASSAS CITY",22036,"2021","08","VA"
"131704","Locality: 685 MANASSAS PARK CITY",8270,"2021","08","VA"
"131707","Locality: 690 MARTINSVILLE CITY",8430,"2021","08","VA"
"131713","Locality: 700 NEWPORT NEWS CITY",113971,"2021","08","VA"
"131758","Locality: 710 NORFOLK CITY",127777,"2021","08","VA"
"131806","Locality: 720 NORTON CITY",2450,"2021","08","VA"
"131807","Locality: 730 PETERSBURG CITY",22209,"2021","08","VA"
"131814","Locality: 735 POQUOSON CITY",9173,"2021","08","VA"
"131817","Locality: 740 PORTSMOUTH CITY",63929,"2021","08","VA"
"131848","Locality: 750 RADFORD CITY",8624,"2021","08","VA"
"131852","Locality: 760 RICHMOND CITY",147563,"2021","08","VA"
"131921","Locality: 770 ROANOKE CITY",61587,"2021","08","VA"
"131941","Locality: 775 SALEM CITY",16898,"2021","08","VA"
"131951","Locality: 790 STAUNTON CITY",16901,"2021","08","VA"
"131956","Locality: 800 SUFFOLK CITY",65168,"2021","08","VA"
"131983","Locality: 810 VIRGINIA BEACH CITY",302976,"2021","08","VA"
"132083","Locality: 820 WAYNESBORO CITY",14060,"2021","08","VA"
"132087","Locality: 830 WILLIAMSBURG CITY",9253,"2021","08","VA"
"132089","Locality: 840 WINCHESTER CITY",16654,"2021","08","VA"
"132095","Locality: 001 ACCOMACK COUNTY",23566,"2021","09","VA"
"132111","Locality: 003 ALBEMARLE COUNTY",76059,"2021","09","VA"
"132141","Locality: 005 ALLEGHANY COUNTY",10701,"2021","09","VA"
"132153","Locality: 007 AMELIA COUNTY",9609,"2021","09","VA"
"132158","Locality: 009 AMHERST COUNTY",21501,"2021","09","VA"
"132169","Locality: 011 APPOMATTOX COUNTY",11464,"2021","09","VA"
"132178","Locality: 013 ARLINGTON COUNTY",152383,"2021","09","VA"
"132232","Locality: 015 AUGUSTA COUNTY",51855,"2021","09","VA"
"132257","Locality: 017 BATH COUNTY",3150,"2021","09","VA"
"132264","Locality: 019 BEDFORD COUNTY",59189,"2021","09","VA"
"132296","Locality: 021 BLAND COUNTY",4299,"2021","09","VA"
"132303","Locality: 023 BOTETOURT COUNTY",25021,"2021","09","VA"
"132313","Locality: 025 BRUNSWICK COUNTY",10634,"2021","09","VA"
"132326","Locality: 027 BUCHANAN COUNTY",14581,"2021","09","VA"
"132343","Locality: 029 BUCKINGHAM COUNTY",10485,"2021","09","VA"
"132353","Locality: 031 CAMPBELL COUNTY",38284,"2021","09","VA"
"132369","Locality: 033 CAROLINE COUNTY",21179,"2021","09","VA"
"132381","Locality: 035 CARROLL COUNTY",20220,"2021","09","VA"
"132398","Locality: 036 CHARLES CITY COUNTY",5486,"2021","09","VA"
"132401","Locality: 037 CHARLOTTE COUNTY",8128,"2021","09","VA"
"132408","Locality: 041 CHESTERFIELD COUNTY",246902,"2021","09","VA"
"132488","Locality: 043 CLARKE COUNTY",11191,"2021","09","VA"
"132495","Locality: 045 CRAIG COUNTY",3824,"2021","09","VA"
"132503","Locality: 047 CULPEPER COUNTY",34099,"2021","09","VA"
"132518","Locality: 049 CUMBERLAND COUNTY",6935,"2021","09","VA"
"132523","Locality: 051 DICKENSON COUNTY",9666,"2021","09","VA"
"132533","Locality: 053 DINWIDDIE COUNTY",19431,"2021","09","VA"
"132546","Locality: 057 ESSEX COUNTY",7732,"2021","09","VA"
"132550","Locality: 059 FAIRFAX COUNTY",727954,"2021","09","VA"
"132799","Locality: 061 FAUQUIER COUNTY",51590,"2021","09","VA"
"132819","Locality: 063 FLOYD COUNTY",11184,"2021","09","VA"
"132824","Locality: 065 FLUVANNA COUNTY",19490,"2021","09","VA"
"132829","Locality: 067 FRANKLIN COUNTY",37789,"2021","09","VA"
"132852","Locality: 069 FREDERICK COUNTY",61712,"2021","09","VA"
"132873","Locality: 071 GILES COUNTY",11561,"2021","09","VA"
"132882","Locality: 073 GLOUCESTER COUNTY",28156,"2021","09","VA"
"132893","Locality: 075 GOOCHLAND COUNTY",19684,"2021","09","VA"
"132903","Locality: 077 GRAYSON COUNTY",10432,"2021","09","VA"
"132918","Locality: 079 GREENE COUNTY",13891,"2021","09","VA"
"132923","Locality: 081 GREENSVILLE COUNTY",6126,"2021","09","VA"
"132932","Locality: 083 HALIFAX COUNTY",23915,"2021","09","VA"
"132952","Locality: 085 HANOVER COUNTY",82276,"2021","09","VA"
"132988","Locality: 087 HENRICO COUNTY",224742,"2021","09","VA"
"133079","Locality: 089 HENRY COUNTY",34922,"2021","09","VA"
"133103","Locality: 091 HIGHLAND COUNTY",1839,"2021","09","VA"
"133109","Locality: 093 ISLE OF WIGHT COUNTY",28967,"2021","09","VA"
"133123","Locality: 095 JAMES CITY COUNTY",58652,"2021","09","VA"
"133142","Locality: 097 KING & QUEEN COUNTY",5149,"2021","09","VA"
"133147","Locality: 099 KING GEORGE COUNTY",17934,"2021","09","VA"
"133152","Locality: 101 KING WILLIAM COUNTY",12994,"2021","09","VA"
"133158","Locality: 103 LANCASTER COUNTY",8720,"2021","09","VA"
"133164","Locality: 105 LEE COUNTY",14771,"2021","09","VA"
"133180","Locality: 107 LOUDOUN COUNTY",266976,"2021","09","VA"
"133278","Locality: 109 LOUISA COUNTY",27152,"2021","09","VA"
"133293","Locality: 111 LUNENBURG COUNTY",7748,"2021","09","VA"
"133304","Locality: 113 MADISON COUNTY",9823,"2021","09","VA"
"133313","Locality: 115 MATHEWS COUNTY",6840,"2021","09","VA"
"133316","Locality: 117 MECKLENBURG COUNTY",21627,"2021","09","VA"
"133339","Locality: 119 MIDDLESEX COUNTY",8285,"2021","09","VA"
"133345","Locality: 121 MONTGOMERY COUNTY",55880,"2021","09","VA"
"133369","Locality: 125 NELSON COUNTY",11368,"2021","09","VA"
"133378","Locality: 127 NEW KENT COUNTY",17496,"2021","09","VA"
"133388","Locality: 131 NORTHAMPTON COUNTY",8951,"2021","09","VA"
"133393","Locality: 133 NORTHUMBERLAND COUNTY",9643,"2021","09","VA"
"133398","Locality: 135 NOTTOWAY COUNTY",9195,"2021","09","VA"
"133407","Locality: 137 ORANGE COUNTY",26111,"2021","09","VA"
"133417","Locality: 139 PAGE COUNTY",16254,"2021","09","VA"
"133422","Locality: 141 PATRICK COUNTY",12316,"2021","09","VA"
"133435","Locality: 143 PITTSYLVANIA COUNTY",43387,"2021","09","VA"
"133464","Locality: 145 POWHATAN COUNTY",22714,"2021","09","VA"
"133476","Locality: 147 PRINCE EDWARD COUNTY",12698,"2021","09","VA"
"133486","Locality: 149 PRINCE GEORGE COUNTY",22190,"2021","09","VA"
"133496","Locality: 153 PRINCE WILLIAM COUNTY",285952,"2021","09","VA"
"133589","Locality: 155 PULASKI COUNTY",22694,"2021","09","VA"
"133601","Locality: 157 RAPPAHANNOCK COUNTY",5939,"2021","09","VA"
"133607","Locality: 159 RICHMOND COUNTY",5384,"2021","09","VA"
"133612","Locality: 161 ROANOKE COUNTY",68220,"2021","09","VA"
"133645","Locality: 163 ROCKBRIDGE COUNTY",15269,"2021","09","VA"
"133662","Locality: 165 ROCKINGHAM COUNTY",53363,"2021","09","VA"
"133693","Locality: 167 RUSSELL COUNTY",18502,"2021","09","VA"
"133708","Locality: 169 SCOTT COUNTY",15342,"2021","09","VA"
"133725","Locality: 171 SHENANDOAH COUNTY",30281,"2021","09","VA"
"133737","Locality: 173 SMYTH COUNTY",19335,"2021","09","VA"
"133751","Locality: 175 SOUTHAMPTON COUNTY",12425,"2021","09","VA"
"133764","Locality: 177 SPOTSYLVANIA COUNTY",95792,"2021","09","VA"
"133790","Locality: 179 STAFFORD COUNTY",99662,"2021","09","VA"
"133817","Locality: 181 SURRY COUNTY",5389,"2021","09","VA"
"133823","Locality: 183 SUSSEX COUNTY",6811,"2021","09","VA"
"133834","Locality: 185 TAZEWELL COUNTY",25591,"2021","09","VA"
"133854","Locality: 187 WARREN COUNTY",27814,"2021","09","VA"
"133865","Locality: 191 WASHINGTON COUNTY",37159,"2021","09","VA"
"133884","Locality: 193 WESTMORELAND COUNTY",13026,"2021","09","VA"
"133892","Locality: 195 WISE COUNTY",23287,"2021","09","VA"
"133904","Locality: 197 WYTHE COUNTY",19923,"2021","09","VA"
"133915","Locality: 199 YORK COUNTY",46261,"2021","09","VA"
"133928","Locality: 510 ALEXANDRIA CITY",95007,"2021","09","VA"
"133958","Locality: 520 BRISTOL CITY",10892,"2021","09","VA"
"133962","Locality: 530 BUENA VISTA CITY",3930,"2021","09","VA"
"133964","Locality: 540 CHARLOTTESVILLE CITY",30424,"2021","09","VA"
"133973","Locality: 550 CHESAPEAKE CITY",159671,"2021","09","VA"
"134036","Locality: 570 COLONIAL HEIGHTS CITY",12021,"2021","09","VA"
"134041","Locality: 580 COVINGTON CITY",3643,"2021","09","VA"
"134046","Locality: 590 DANVILLE CITY",27216,"2021","09","VA"
"134062","Locality: 595 EMPORIA CITY",3684,"2021","09","VA"
"134069","Locality: 600 FAIRFAX CITY",16252,"2021","09","VA"
"134075","Locality: 610 FALLS CHURCH CITY",9945,"2021","09","VA"
"134078","Locality: 620 FRANKLIN CITY",5423,"2021","09","VA"
"134084","Locality: 630 FREDERICKSBURG CITY",16894,"2021","09","VA"
"134089","Locality: 640 GALAX CITY",3783,"2021","09","VA"
"134091","Locality: 650 HAMPTON CITY",89331,"2021","09","VA"
"134121","Locality: 660 HARRISONBURG CITY",22625,"2021","09","VA"
"134129","Locality: 670 HOPEWELL CITY",14316,"2021","09","VA"
"134136","Locality: 678 LEXINGTON CITY",3682,"2021","09","VA"
"134137","Locality: 680 LYNCHBURG CITY",48362,"2021","09","VA"
"134155","Locality: 683 MANASSAS CITY",21518,"2021","09","VA"
"134161","Locality: 685 MANASSAS PARK CITY",8015,"2021","09","VA"
"134164","Locality: 690 MARTINSVILLE CITY",8317,"2021","09","VA"
"134170","Locality: 700 NEWPORT NEWS CITY",111309,"2021","09","VA"
"134215","Locality: 710 NORFOLK CITY",124200,"2021","09","VA"
"134263","Locality: 720 NORTON CITY",2408,"2021","09","VA"
"134264","Locality: 730 PETERSBURG CITY",21539,"2021","09","VA"
"134271","Locality: 735 POQUOSON CITY",9072,"2021","09","VA"
"134274","Locality: 740 PORTSMOUTH CITY",62791,"2021","09","VA"
"134305","Locality: 750 RADFORD CITY",8425,"2021","09","VA"
"134309","Locality: 760 RICHMOND CITY",140664,"2021","09","VA"
"134378","Locality: 770 ROANOKE CITY",60265,"2021","09","VA"
"134398","Locality: 775 SALEM CITY",16598,"2021","09","VA"
"134408","Locality: 790 STAUNTON CITY",16631,"2021","09","VA"
"134413","Locality: 800 SUFFOLK CITY",64136,"2021","09","VA"
"134440","Locality: 810 VIRGINIA BEACH CITY",296773,"2021","09","VA"
"134540","Locality: 820 WAYNESBORO CITY",13856,"2021","09","VA"
"134544","Locality: 830 WILLIAMSBURG CITY",8995,"2021","09","VA"
"134546","Locality: 840 WINCHESTER CITY",16208,"2021","09","VA"
"134552","Locality: 001 ACCOMACK COUNTY",23624,"2021","10","VA"
"134568","Locality: 003 ALBEMARLE COUNTY",76664,"2021","10","VA"
"134598","Locality: 005 ALLEGHANY COUNTY",10743,"2021","10","VA"
"134610","Locality: 007 AMELIA COUNTY",9654,"2021","10","VA"
"134615","Locality: 009 AMHERST COUNTY",21561,"2021","10","VA"
"134626","Locality: 011 APPOMATTOX COUNTY",11536,"2021","10","VA"
"134635","Locality: 013 ARLINGTON COUNTY",153774,"2021","10","VA"
"134689","Locality: 015 AUGUSTA COUNTY",52079,"2021","10","VA"
"134714","Locality: 017 BATH COUNTY",3168,"2021","10","VA"
"134721","Locality: 019 BEDFORD COUNTY",59467,"2021","10","VA"
"134753","Locality: 021 BLAND COUNTY",4312,"2021","10","VA"
"134760","Locality: 023 BOTETOURT COUNTY",25094,"2021","10","VA"
"134770","Locality: 025 BRUNSWICK COUNTY",10660,"2021","10","VA"
"134783","Locality: 027 BUCHANAN COUNTY",14558,"2021","10","VA"
"134800","Locality: 029 BUCKINGHAM COUNTY",10525,"2021","10","VA"
"134810","Locality: 031 CAMPBELL COUNTY",38527,"2021","10","VA"
"134826","Locality: 033 CAROLINE COUNTY",21311,"2021","10","VA"
"134838","Locality: 035 CARROLL COUNTY",20270,"2021","10","VA"
"134855","Locality: 036 CHARLES CITY COUNTY",5492,"2021","10","VA"
"134858","Locality: 037 CHARLOTTE COUNTY",8124,"2021","10","VA"
"134865","Locality: 041 CHESTERFIELD COUNTY",248222,"2021","10","VA"
"134945","Locality: 043 CLARKE COUNTY",11277,"2021","10","VA"
"134952","Locality: 045 CRAIG COUNTY",3830,"2021","10","VA"
"134960","Locality: 047 CULPEPER COUNTY",34244,"2021","10","VA"
"134975","Locality: 049 CUMBERLAND COUNTY",6974,"2021","10","VA"
"134980","Locality: 051 DICKENSON COUNTY",9705,"2021","10","VA"
"134991","Locality: 053 DINWIDDIE COUNTY",19499,"2021","10","VA"
"135004","Locality: 057 ESSEX COUNTY",7750,"2021","10","VA"
"135008","Locality: 059 FAIRFAX COUNTY",732169,"2021","10","VA"
"135255","Locality: 061 FAUQUIER COUNTY",51838,"2021","10","VA"
"135275","Locality: 063 FLOYD COUNTY",11227,"2021","10","VA"
"135280","Locality: 065 FLUVANNA COUNTY",19600,"2021","10","VA"
"135285","Locality: 067 FRANKLIN COUNTY",37948,"2021","10","VA"
"135308","Locality: 069 FREDERICK COUNTY",62077,"2021","10","VA"
"135329","Locality: 071 GILES COUNTY",11591,"2021","10","VA"
"135338","Locality: 073 GLOUCESTER COUNTY",28288,"2021","10","VA"
"135349","Locality: 075 GOOCHLAND COUNTY",19812,"2021","10","VA"
"135359","Locality: 077 GRAYSON COUNTY",10468,"2021","10","VA"
"135374","Locality: 079 GREENE COUNTY",13957,"2021","10","VA"
"135379","Locality: 081 GREENSVILLE COUNTY",6157,"2021","10","VA"
"135388","Locality: 083 HALIFAX COUNTY",23976,"2021","10","VA"
"135408","Locality: 085 HANOVER COUNTY",82619,"2021","10","VA"
"135444","Locality: 087 HENRICO COUNTY",226135,"2021","10","VA"
"135535","Locality: 089 HENRY COUNTY",35041,"2021","10","VA"
"135559","Locality: 091 HIGHLAND COUNTY",1851,"2021","10","VA"
"135565","Locality: 093 ISLE OF WIGHT COUNTY",29064,"2021","10","VA"
"135579","Locality: 095 JAMES CITY COUNTY",59085,"2021","10","VA"
"135598","Locality: 097 KING & QUEEN COUNTY",5158,"2021","10","VA"
"135603","Locality: 099 KING GEORGE COUNTY",18051,"2021","10","VA"
"135608","Locality: 101 KING WILLIAM COUNTY",13046,"2021","10","VA"
"135614","Locality: 103 LANCASTER COUNTY",8775,"2021","10","VA"
"135620","Locality: 105 LEE COUNTY",14820,"2021","10","VA"
"135636","Locality: 107 LOUDOUN COUNTY",268502,"2021","10","VA"
"135734","Locality: 109 LOUISA COUNTY",27283,"2021","10","VA"
"135749","Locality: 111 LUNENBURG COUNTY",7772,"2021","10","VA"
"135760","Locality: 113 MADISON COUNTY",9849,"2021","10","VA"
"135769","Locality: 115 MATHEWS COUNTY",6898,"2021","10","VA"
"135772","Locality: 117 MECKLENBURG COUNTY",21738,"2021","10","VA"
"135795","Locality: 119 MIDDLESEX COUNTY",8341,"2021","10","VA"
"135801","Locality: 121 MONTGOMERY COUNTY",56437,"2021","10","VA"
"135825","Locality: 125 NELSON COUNTY",11440,"2021","10","VA"
"135834","Locality: 127 NEW KENT COUNTY",17578,"2021","10","VA"
"135844","Locality: 131 NORTHAMPTON COUNTY",8994,"2021","10","VA"
"135849","Locality: 133 NORTHUMBERLAND COUNTY",9706,"2021","10","VA"
"135854","Locality: 135 NOTTOWAY COUNTY",9228,"2021","10","VA"
"135863","Locality: 137 ORANGE COUNTY",26301,"2021","10","VA"
"135873","Locality: 139 PAGE COUNTY",16313,"2021","10","VA"
"135878","Locality: 141 PATRICK COUNTY",12359,"2021","10","VA"
"135891","Locality: 143 PITTSYLVANIA COUNTY",43532,"2021","10","VA"
"135920","Locality: 145 POWHATAN COUNTY",22883,"2021","10","VA"
"135932","Locality: 147 PRINCE EDWARD COUNTY",12737,"2021","10","VA"
"135942","Locality: 149 PRINCE GEORGE COUNTY",22305,"2021","10","VA"
"135952","Locality: 153 PRINCE WILLIAM COUNTY",287515,"2021","10","VA"
"136045","Locality: 155 PULASKI COUNTY",22761,"2021","10","VA"
"136057","Locality: 157 RAPPAHANNOCK COUNTY",5955,"2021","10","VA"
"136063","Locality: 159 RICHMOND COUNTY",5405,"2021","10","VA"
"136068","Locality: 161 ROANOKE COUNTY",68483,"2021","10","VA"
"136101","Locality: 163 ROCKBRIDGE COUNTY",15345,"2021","10","VA"
"136118","Locality: 165 ROCKINGHAM COUNTY",53616,"2021","10","VA"
"136149","Locality: 167 RUSSELL COUNTY",18563,"2021","10","VA"
"136164","Locality: 169 SCOTT COUNTY",15386,"2021","10","VA"
"136181","Locality: 171 SHENANDOAH COUNTY",30414,"2021","10","VA"
"136193","Locality: 173 SMYTH COUNTY",19361,"2021","10","VA"
"136207","Locality: 175 SOUTHAMPTON COUNTY",12476,"2021","10","VA"
"136220","Locality: 177 SPOTSYLVANIA COUNTY",96400,"2021","10","VA"
"136246","Locality: 179 STAFFORD COUNTY",100323,"2021","10","VA"
"136273","Locality: 181 SURRY COUNTY",5403,"2021","10","VA"
"136279","Locality: 183 SUSSEX COUNTY",6841,"2021","10","VA"
"136290","Locality: 185 TAZEWELL COUNTY",25669,"2021","10","VA"
"136310","Locality: 187 WARREN COUNTY",27983,"2021","10","VA"
"136321","Locality: 191 WASHINGTON COUNTY",37316,"2021","10","VA"
"136340","Locality: 193 WESTMORELAND COUNTY",13091,"2021","10","VA"
"136348","Locality: 195 WISE COUNTY",23394,"2021","10","VA"
"136360","Locality: 197 WYTHE COUNTY",19993,"2021","10","VA"
"136371","Locality: 199 YORK COUNTY",46544,"2021","10","VA"
"136384","Locality: 510 ALEXANDRIA CITY",95791,"2021","10","VA"
"136414","Locality: 520 BRISTOL CITY",10942,"2021","10","VA"
"136418","Locality: 530 BUENA VISTA CITY",3967,"2021","10","VA"
"136420","Locality: 540 CHARLOTTESVILLE CITY",30669,"2021","10","VA"
"136429","Locality: 550 CHESAPEAKE CITY",160549,"2021","10","VA"
"136492","Locality: 570 COLONIAL HEIGHTS CITY",12062,"2021","10","VA"
"136497","Locality: 580 COVINGTON CITY",3659,"2021","10","VA"
"136502","Locality: 590 DANVILLE CITY",27249,"2021","10","VA"
"136518","Locality: 595 EMPORIA CITY",3708,"2021","10","VA"
"136525","Locality: 600 FAIRFAX CITY",16351,"2021","10","VA"
"136531","Locality: 610 FALLS CHURCH CITY",10000,"2021","10","VA"
"136534","Locality: 620 FRANKLIN CITY",5474,"2021","10","VA"
"136540","Locality: 630 FREDERICKSBURG CITY",17056,"2021","10","VA"
"136545","Locality: 640 GALAX CITY",3796,"2021","10","VA"
"136547","Locality: 650 HAMPTON CITY",89827,"2021","10","VA"
"136577","Locality: 660 HARRISONBURG CITY",23461,"2021","10","VA"
"136585","Locality: 670 HOPEWELL CITY",14377,"2021","10","VA"
"136592","Locality: 678 LEXINGTON CITY",3721,"2021","10","VA"
"136593","Locality: 680 LYNCHBURG CITY",48744,"2021","10","VA"
"136611","Locality: 683 MANASSAS CITY",21603,"2021","10","VA"
"136617","Locality: 685 MANASSAS PARK CITY",8063,"2021","10","VA"
"136620","Locality: 690 MARTINSVILLE CITY",8356,"2021","10","VA"
"136626","Locality: 700 NEWPORT NEWS CITY",111871,"2021","10","VA"
"136671","Locality: 710 NORFOLK CITY",124967,"2021","10","VA"
"136719","Locality: 720 NORTON CITY",2419,"2021","10","VA"
"136720","Locality: 730 PETERSBURG CITY",21701,"2021","10","VA"
"136727","Locality: 735 POQUOSON CITY",9123,"2021","10","VA"
"136730","Locality: 740 PORTSMOUTH CITY",63034,"2021","10","VA"
"136761","Locality: 750 RADFORD CITY",8455,"2021","10","VA"
"136765","Locality: 760 RICHMOND CITY",141552,"2021","10","VA"
"136834","Locality: 770 ROANOKE CITY",60606,"2021","10","VA"
"136854","Locality: 775 SALEM CITY",16643,"2021","10","VA"
"136864","Locality: 790 STAUNTON CITY",16702,"2021","10","VA"
"136869","Locality: 800 SUFFOLK CITY",64555,"2021","10","VA"
"136896","Locality: 810 VIRGINIA BEACH CITY",298314,"2021","10","VA"
"136996","Locality: 820 WAYNESBORO CITY",13966,"2021","10","VA"
"137000","Locality: 830 WILLIAMSBURG CITY",9065,"2021","10","VA"
"137002","Locality: 840 WINCHESTER CITY",16331,"2021","10","VA"
"137008","Locality: 001 ACCOMACK COUNTY",23631,"2021","11","VA"
"137024","Locality: 003 ALBEMARLE COUNTY",77246,"2021","11","VA"
"137054","Locality: 005 ALLEGHANY COUNTY",10718,"2021","11","VA"
"137066","Locality: 007 AMELIA COUNTY",9649,"2021","11","VA"
"137071","Locality: 009 AMHERST COUNTY",21609,"2021","11","VA"
"137082","Locality: 011 APPOMATTOX COUNTY",11559,"2021","11","VA"
"137091","Locality: 013 ARLINGTON COUNTY",154781,"2021","11","VA"
"137145","Locality: 015 AUGUSTA COUNTY",52174,"2021","11","VA"
"137170","Locality: 017 BATH COUNTY",3163,"2021","11","VA"
"137177","Locality: 019 BEDFORD COUNTY",59568,"2021","11","VA"
"137209","Locality: 021 BLAND COUNTY",4298,"2021","11","VA"
"137216","Locality: 023 BOTETOURT COUNTY",25137,"2021","11","VA"
"137226","Locality: 025 BRUNSWICK COUNTY",10672,"2021","11","VA"
"137239","Locality: 027 BUCHANAN COUNTY",14493,"2021","11","VA"
"137256","Locality: 029 BUCKINGHAM COUNTY",10540,"2021","11","VA"
"137266","Locality: 031 CAMPBELL COUNTY",38598,"2021","11","VA"
"137282","Locality: 033 CAROLINE COUNTY",21368,"2021","11","VA"
"137294","Locality: 035 CARROLL COUNTY",20215,"2021","11","VA"
"137311","Locality: 036 CHARLES CITY COUNTY",5512,"2021","11","VA"
"137314","Locality: 037 CHARLOTTE COUNTY",8128,"2021","11","VA"
"137321","Locality: 041 CHESTERFIELD COUNTY",248872,"2021","11","VA"
"137401","Locality: 043 CLARKE COUNTY",11287,"2021","11","VA"
"137408","Locality: 045 CRAIG COUNTY",3840,"2021","11","VA"
"137416","Locality: 047 CULPEPER COUNTY",34305,"2021","11","VA"
"137431","Locality: 049 CUMBERLAND COUNTY",6993,"2021","11","VA"
"137436","Locality: 051 DICKENSON COUNTY",9689,"2021","11","VA"
"137447","Locality: 053 DINWIDDIE COUNTY",19561,"2021","11","VA"
"137460","Locality: 057 ESSEX COUNTY",7778,"2021","11","VA"
"137464","Locality: 059 FAIRFAX COUNTY",733888,"2021","11","VA"
"137711","Locality: 061 FAUQUIER COUNTY",51996,"2021","11","VA"
"137731","Locality: 063 FLOYD COUNTY",11247,"2021","11","VA"
"137736","Locality: 065 FLUVANNA COUNTY",19657,"2021","11","VA"
"137741","Locality: 067 FRANKLIN COUNTY",37974,"2021","11","VA"
"137764","Locality: 069 FREDERICK COUNTY",62278,"2021","11","VA"
"137785","Locality: 071 GILES COUNTY",11606,"2021","11","VA"
"137794","Locality: 073 GLOUCESTER COUNTY",28322,"2021","11","VA"
"137805","Locality: 075 GOOCHLAND COUNTY",19925,"2021","11","VA"
"137815","Locality: 077 GRAYSON COUNTY",10423,"2021","11","VA"
"137830","Locality: 079 GREENE COUNTY",13984,"2021","11","VA"
"137835","Locality: 081 GREENSVILLE COUNTY",6173,"2021","11","VA"
"137844","Locality: 083 HALIFAX COUNTY",23960,"2021","11","VA"
"137864","Locality: 085 HANOVER COUNTY",82772,"2021","11","VA"
"137900","Locality: 087 HENRICO COUNTY",226822,"2021","11","VA"
"137991","Locality: 089 HENRY COUNTY",34985,"2021","11","VA"
"138015","Locality: 091 HIGHLAND COUNTY",1855,"2021","11","VA"
"138021","Locality: 093 ISLE OF WIGHT COUNTY",29101,"2021","11","VA"
"138035","Locality: 095 JAMES CITY COUNTY",59329,"2021","11","VA"
"138054","Locality: 097 KING & QUEEN COUNTY",5151,"2021","11","VA"
"138059","Locality: 099 KING GEORGE COUNTY",18125,"2021","11","VA"
"138064","Locality: 101 KING WILLIAM COUNTY",13082,"2021","11","VA"
"138070","Locality: 103 LANCASTER COUNTY",8786,"2021","11","VA"
"138076","Locality: 105 LEE COUNTY",14722,"2021","11","VA"
"138092","Locality: 107 LOUDOUN COUNTY",269435,"2021","11","VA"
"138190","Locality: 109 LOUISA COUNTY",27391,"2021","11","VA"
"138205","Locality: 111 LUNENBURG COUNTY",7763,"2021","11","VA"
"138216","Locality: 113 MADISON COUNTY",9863,"2021","11","VA"
"138225","Locality: 115 MATHEWS COUNTY",6918,"2021","11","VA"
"138228","Locality: 117 MECKLENBURG COUNTY",21740,"2021","11","VA"
"138251","Locality: 119 MIDDLESEX COUNTY",8362,"2021","11","VA"
"138257","Locality: 121 MONTGOMERY COUNTY",56715,"2021","11","VA"
"138281","Locality: 125 NELSON COUNTY",11465,"2021","11","VA"
"138290","Locality: 127 NEW KENT COUNTY",17613,"2021","11","VA"
"138300","Locality: 131 NORTHAMPTON COUNTY",9016,"2021","11","VA"
"138305","Locality: 133 NORTHUMBERLAND COUNTY",9716,"2021","11","VA"
"138310","Locality: 135 NOTTOWAY COUNTY",9231,"2021","11","VA"
"138319","Locality: 137 ORANGE COUNTY",26347,"2021","11","VA"
"138329","Locality: 139 PAGE COUNTY",16352,"2021","11","VA"
"138334","Locality: 141 PATRICK COUNTY",12337,"2021","11","VA"
"138347","Locality: 143 PITTSYLVANIA COUNTY",43404,"2021","11","VA"
"138376","Locality: 145 POWHATAN COUNTY",22950,"2021","11","VA"
"138388","Locality: 147 PRINCE EDWARD COUNTY",12744,"2021","11","VA"
"138398","Locality: 149 PRINCE GEORGE COUNTY",22358,"2021","11","VA"
"138408","Locality: 153 PRINCE WILLIAM COUNTY",288339,"2021","11","VA"
"138501","Locality: 155 PULASKI COUNTY",22754,"2021","11","VA"
"138513","Locality: 157 RAPPAHANNOCK COUNTY",5966,"2021","11","VA"
"138519","Locality: 159 RICHMOND COUNTY",5427,"2021","11","VA"
"138524","Locality: 161 ROANOKE COUNTY",68594,"2021","11","VA"
"138557","Locality: 163 ROCKBRIDGE COUNTY",15374,"2021","11","VA"
"138574","Locality: 165 ROCKINGHAM COUNTY",53761,"2021","11","VA"
"138605","Locality: 167 RUSSELL COUNTY",18517,"2021","11","VA"
"138620","Locality: 169 SCOTT COUNTY",15323,"2021","11","VA"
"138637","Locality: 171 SHENANDOAH COUNTY",30452,"2021","11","VA"
"138649","Locality: 173 SMYTH COUNTY",19347,"2021","11","VA"
"138663","Locality: 175 SOUTHAMPTON COUNTY",12478,"2021","11","VA"
"138676","Locality: 177 SPOTSYLVANIA COUNTY",96563,"2021","11","VA"
"138702","Locality: 179 STAFFORD COUNTY",100628,"2021","11","VA"
"138729","Locality: 181 SURRY COUNTY",5406,"2021","11","VA"
"138735","Locality: 183 SUSSEX COUNTY",6848,"2021","11","VA"
"138746","Locality: 185 TAZEWELL COUNTY",25649,"2021","11","VA"
"138766","Locality: 187 WARREN COUNTY",28058,"2021","11","VA"
"138777","Locality: 191 WASHINGTON COUNTY",37349,"2021","11","VA"
"138796","Locality: 193 WESTMORELAND COUNTY",13123,"2021","11","VA"
"138804","Locality: 195 WISE COUNTY",23331,"2021","11","VA"
"138816","Locality: 197 WYTHE COUNTY",19958,"2021","11","VA"
"138827","Locality: 199 YORK COUNTY",46737,"2021","11","VA"
"138840","Locality: 510 ALEXANDRIA CITY",96302,"2021","11","VA"
"138870","Locality: 520 BRISTOL CITY",10946,"2021","11","VA"
"138874","Locality: 530 BUENA VISTA CITY",4015,"2021","11","VA"
"138876","Locality: 540 CHARLOTTESVILLE CITY",30845,"2021","11","VA"
"138885","Locality: 550 CHESAPEAKE CITY",160932,"2021","11","VA"
"138948","Locality: 570 COLONIAL HEIGHTS CITY",12072,"2021","11","VA"
"138953","Locality: 580 COVINGTON CITY",3655,"2021","11","VA"
"138958","Locality: 590 DANVILLE CITY",27192,"2021","11","VA"
"138974","Locality: 595 EMPORIA CITY",3725,"2021","11","VA"
"138981","Locality: 600 FAIRFAX CITY",16389,"2021","11","VA"
"138987","Locality: 610 FALLS CHURCH CITY",10068,"2021","11","VA"
"138990","Locality: 620 FRANKLIN CITY",5488,"2021","11","VA"
"138996","Locality: 630 FREDERICKSBURG CITY",17150,"2021","11","VA"
"139001","Locality: 640 GALAX CITY",3764,"2021","11","VA"
"139003","Locality: 650 HAMPTON CITY",89966,"2021","11","VA"
"139033","Locality: 660 HARRISONBURG CITY",23806,"2021","11","VA"
"139041","Locality: 670 HOPEWELL CITY",14392,"2021","11","VA"
"139048","Locality: 678 LEXINGTON CITY",3774,"2021","11","VA"
"139049","Locality: 680 LYNCHBURG CITY",48908,"2021","11","VA"
"139067","Locality: 683 MANASSAS CITY",21659,"2021","11","VA"
"139073","Locality: 685 MANASSAS PARK CITY",8076,"2021","11","VA"
"139076","Locality: 690 MARTINSVILLE CITY",8350,"2021","11","VA"
"139082","Locality: 700 NEWPORT NEWS CITY",112009,"2021","11","VA"
"139127","Locality: 710 NORFOLK CITY",125408,"2021","11","VA"
"139175","Locality: 720 NORTON CITY",2417,"2021","11","VA"
"139176","Locality: 730 PETERSBURG CITY",21708,"2021","11","VA"
"139183","Locality: 735 POQUOSON CITY",9156,"2021","11","VA"
"139186","Locality: 740 PORTSMOUTH CITY",63083,"2021","11","VA"
"139217","Locality: 750 RADFORD CITY",8450,"2021","11","VA"
"139221","Locality: 760 RICHMOND CITY",142460,"2021","11","VA"
"139290","Locality: 770 ROANOKE CITY",60627,"2021","11","VA"
"139310","Locality: 775 SALEM CITY",16700,"2021","11","VA"
"139320","Locality: 790 STAUNTON CITY",16733,"2021","11","VA"
"139325","Locality: 800 SUFFOLK CITY",64690,"2021","11","VA"
"139352","Locality: 810 VIRGINIA BEACH CITY",298849,"2021","11","VA"
"139452","Locality: 820 WAYNESBORO CITY",14012,"2021","11","VA"
"139456","Locality: 830 WILLIAMSBURG CITY",9101,"2021","11","VA"
"139458","Locality: 840 WINCHESTER CITY",16368,"2021","11","VA"
"139464","Locality: 001 ACCOMACK COUNTY",23801,"2021","12","VA"
"139480","Locality: 003 ALBEMARLE COUNTY",77923,"2021","12","VA"
"139510","Locality: 005 ALLEGHANY COUNTY",10772,"2021","12","VA"
"139522","Locality: 007 AMELIA COUNTY",9729,"2021","12","VA"
"139527","Locality: 009 AMHERST COUNTY",21778,"2021","12","VA"
"139538","Locality: 011 APPOMATTOX COUNTY",11610,"2021","12","VA"
"139547","Locality: 013 ARLINGTON COUNTY",156307,"2021","12","VA"
"139601","Locality: 015 AUGUSTA COUNTY",52438,"2021","12","VA"
"139626","Locality: 017 BATH COUNTY",3182,"2021","12","VA"
"139633","Locality: 019 BEDFORD COUNTY",59942,"2021","12","VA"
"139665","Locality: 021 BLAND COUNTY",4316,"2021","12","VA"
"139672","Locality: 023 BOTETOURT COUNTY",25289,"2021","12","VA"
"139682","Locality: 025 BRUNSWICK COUNTY",10721,"2021","12","VA"
"139695","Locality: 027 BUCHANAN COUNTY",14516,"2021","12","VA"
"139712","Locality: 029 BUCKINGHAM COUNTY",10588,"2021","12","VA"
"139722","Locality: 031 CAMPBELL COUNTY",38885,"2021","12","VA"
"139738","Locality: 033 CAROLINE COUNTY",21552,"2021","12","VA"
"139750","Locality: 035 CARROLL COUNTY",20338,"2021","12","VA"
"139767","Locality: 036 CHARLES CITY COUNTY",5546,"2021","12","VA"
"139770","Locality: 037 CHARLOTTE COUNTY",8179,"2021","12","VA"
"139777","Locality: 041 CHESTERFIELD COUNTY",251009,"2021","12","VA"
"139857","Locality: 043 CLARKE COUNTY",11404,"2021","12","VA"
"139864","Locality: 045 CRAIG COUNTY",3847,"2021","12","VA"
"139872","Locality: 047 CULPEPER COUNTY",34572,"2021","12","VA"
"139887","Locality: 049 CUMBERLAND COUNTY",7021,"2021","12","VA"
"139892","Locality: 051 DICKENSON COUNTY",9719,"2021","12","VA"
"139903","Locality: 053 DINWIDDIE COUNTY",19725,"2021","12","VA"
"139916","Locality: 057 ESSEX COUNTY",7857,"2021","12","VA"
"139920","Locality: 059 FAIRFAX COUNTY",739721,"2021","12","VA"
"140167","Locality: 061 FAUQUIER COUNTY",52256,"2021","12","VA"
"140187","Locality: 063 FLOYD COUNTY",11300,"2021","12","VA"
"140192","Locality: 065 FLUVANNA COUNTY",19727,"2021","12","VA"
"140197","Locality: 067 FRANKLIN COUNTY",38207,"2021","12","VA"
"140220","Locality: 069 FREDERICK COUNTY",62882,"2021","12","VA"
"140241","Locality: 071 GILES COUNTY",11644,"2021","12","VA"
"140250","Locality: 073 GLOUCESTER COUNTY",28558,"2021","12","VA"
"140261","Locality: 075 GOOCHLAND COUNTY",20120,"2021","12","VA"
"140271","Locality: 077 GRAYSON COUNTY",10472,"2021","12","VA"
"140286","Locality: 079 GREENE COUNTY",14076,"2021","12","VA"
"140291","Locality: 081 GREENSVILLE COUNTY",6203,"2021","12","VA"
"140300","Locality: 083 HALIFAX COUNTY",24073,"2021","12","VA"
"140320","Locality: 085 HANOVER COUNTY",83303,"2021","12","VA"
"140356","Locality: 087 HENRICO COUNTY",228097,"2021","12","VA"
"140447","Locality: 089 HENRY COUNTY",35170,"2021","12","VA"
"140471","Locality: 091 HIGHLAND COUNTY",1867,"2021","12","VA"
"140477","Locality: 093 ISLE OF WIGHT COUNTY",29321,"2021","12","VA"
"140491","Locality: 095 JAMES CITY COUNTY",59524,"2021","12","VA"
"140510","Locality: 097 KING & QUEEN COUNTY",5191,"2021","12","VA"
"140515","Locality: 099 KING GEORGE COUNTY",18309,"2021","12","VA"
"140520","Locality: 101 KING WILLIAM COUNTY",13227,"2021","12","VA"
"140526","Locality: 103 LANCASTER COUNTY",8853,"2021","12","VA"
"140532","Locality: 105 LEE COUNTY",14749,"2021","12","VA"
"140548","Locality: 107 LOUDOUN COUNTY",271748,"2021","12","VA"
"140646","Locality: 109 LOUISA COUNTY",27626,"2021","12","VA"
"140661","Locality: 111 LUNENBURG COUNTY",7811,"2021","12","VA"
"140672","Locality: 113 MADISON COUNTY",9934,"2021","12","VA"
"140681","Locality: 115 MATHEWS COUNTY",6957,"2021","12","VA"
"140684","Locality: 117 MECKLENBURG COUNTY",21884,"2021","12","VA"
"140707","Locality: 119 MIDDLESEX COUNTY",8405,"2021","12","VA"
"140713","Locality: 121 MONTGOMERY COUNTY",57139,"2021","12","VA"
"140737","Locality: 125 NELSON COUNTY",11534,"2021","12","VA"
"140746","Locality: 127 NEW KENT COUNTY",17787,"2021","12","VA"
"140756","Locality: 131 NORTHAMPTON COUNTY",9060,"2021","12","VA"
"140761","Locality: 133 NORTHUMBERLAND COUNTY",9802,"2021","12","VA"
"140766","Locality: 135 NOTTOWAY COUNTY",9289,"2021","12","VA"
"140775","Locality: 137 ORANGE COUNTY",26614,"2021","12","VA"
"140785","Locality: 139 PAGE COUNTY",16436,"2021","12","VA"
"140790","Locality: 141 PATRICK COUNTY",12394,"2021","12","VA"
"140803","Locality: 143 PITTSYLVANIA COUNTY",43669,"2021","12","VA"
"140832","Locality: 145 POWHATAN COUNTY",23127,"2021","12","VA"
"140844","Locality: 147 PRINCE EDWARD COUNTY",12804,"2021","12","VA"
"140854","Locality: 149 PRINCE GEORGE COUNTY",22496,"2021","12","VA"
"140864","Locality: 153 PRINCE WILLIAM COUNTY",289923,"2021","12","VA"
"140957","Locality: 155 PULASKI COUNTY",22897,"2021","12","VA"
"140969","Locality: 157 RAPPAHANNOCK COUNTY",6004,"2021","12","VA"
"140975","Locality: 159 RICHMOND COUNTY",5445,"2021","12","VA"
"140980","Locality: 161 ROANOKE COUNTY",69133,"2021","12","VA"
"141013","Locality: 163 ROCKBRIDGE COUNTY",15479,"2021","12","VA"
"141030","Locality: 165 ROCKINGHAM COUNTY",54188,"2021","12","VA"
"141061","Locality: 167 RUSSELL COUNTY",18638,"2021","12","VA"
"141076","Locality: 169 SCOTT COUNTY",15413,"2021","12","VA"
"141093","Locality: 171 SHENANDOAH COUNTY",30679,"2021","12","VA"
"141105","Locality: 173 SMYTH COUNTY",19439,"2021","12","VA"
"141119","Locality: 175 SOUTHAMPTON COUNTY",12541,"2021","12","VA"
"141132","Locality: 177 SPOTSYLVANIA COUNTY",97649,"2021","12","VA"
"141158","Locality: 179 STAFFORD COUNTY",101592,"2021","12","VA"
"141185","Locality: 181 SURRY COUNTY",5426,"2021","12","VA"
"141191","Locality: 183 SUSSEX COUNTY",6862,"2021","12","VA"
"141202","Locality: 185 TAZEWELL COUNTY",25837,"2021","12","VA"
"141222","Locality: 187 WARREN COUNTY",28295,"2021","12","VA"
"141233","Locality: 191 WASHINGTON COUNTY",37450,"2021","12","VA"
"141252","Locality: 193 WESTMORELAND COUNTY",13269,"2021","12","VA"
"141260","Locality: 195 WISE COUNTY",23473,"2021","12","VA"
"141272","Locality: 197 WYTHE COUNTY",20075,"2021","12","VA"
"141283","Locality: 199 YORK COUNTY",47165,"2021","12","VA"
"141296","Locality: 510 ALEXANDRIA CITY",97467,"2021","12","VA"
"141326","Locality: 520 BRISTOL CITY",11063,"2021","12","VA"
"141330","Locality: 530 BUENA VISTA CITY",4039,"2021","12","VA"
"141332","Locality: 540 CHARLOTTESVILLE CITY",31090,"2021","12","VA"
"141341","Locality: 550 CHESAPEAKE CITY",162528,"2021","12","VA"
"141404","Locality: 570 COLONIAL HEIGHTS CITY",12198,"2021","12","VA"
"141409","Locality: 580 COVINGTON CITY",3675,"2021","12","VA"
"141414","Locality: 590 DANVILLE CITY",27293,"2021","12","VA"
"141430","Locality: 595 EMPORIA CITY",3775,"2021","12","VA"
"141437","Locality: 600 FAIRFAX CITY",16507,"2021","12","VA"
"141443","Locality: 610 FALLS CHURCH CITY",10184,"2021","12","VA"
"141446","Locality: 620 FRANKLIN CITY",5529,"2021","12","VA"
"141452","Locality: 630 FREDERICKSBURG CITY",17347,"2021","12","VA"
"141457","Locality: 640 GALAX CITY",3804,"2021","12","VA"
"141459","Locality: 650 HAMPTON CITY",90760,"2021","12","VA"
"141489","Locality: 660 HARRISONBURG CITY",23948,"2021","12","VA"
"141497","Locality: 670 HOPEWELL CITY",14501,"2021","12","VA"
"141504","Locality: 678 LEXINGTON CITY",3791,"2021","12","VA"
"141505","Locality: 680 LYNCHBURG CITY",49366,"2021","12","VA"
"141523","Locality: 683 MANASSAS CITY",21835,"2021","12","VA"
"141529","Locality: 685 MANASSAS PARK CITY",8160,"2021","12","VA"
"141532","Locality: 690 MARTINSVILLE CITY",8425,"2021","12","VA"
"141538","Locality: 700 NEWPORT NEWS CITY",113107,"2021","12","VA"
"141583","Locality: 710 NORFOLK CITY",126614,"2021","12","VA"
"141631","Locality: 720 NORTON CITY",2442,"2021","12","VA"
"141632","Locality: 730 PETERSBURG CITY",21920,"2021","12","VA"
"141639","Locality: 735 POQUOSON CITY",9225,"2021","12","VA"
"141642","Locality: 740 PORTSMOUTH CITY",63650,"2021","12","VA"
"141673","Locality: 750 RADFORD CITY",8491,"2021","12","VA"
"141677","Locality: 760 RICHMOND CITY",144399,"2021","12","VA"
"141746","Locality: 770 ROANOKE CITY",61131,"2021","12","VA"
"141766","Locality: 775 SALEM CITY",16800,"2021","12","VA"
"141776","Locality: 790 STAUNTON CITY",16890,"2021","12","VA"
"141781","Locality: 800 SUFFOLK CITY",65285,"2021","12","VA"
"141808","Locality: 810 VIRGINIA BEACH CITY",301602,"2021","12","VA"
"141908","Locality: 820 WAYNESBORO CITY",14151,"2021","12","VA"
"141912","Locality: 830 WILLIAMSBURG CITY",9189,"2021","12","VA"
"141914","Locality: 840 WINCHESTER CITY",16550,"2021","12","VA"
"141920","Locality: 001 - ACCOMACK COUNTY",24946,"2021","07","VA"
"141921","Locality: 003 - ALBEMARLE COUNTY",81657,"2021","07","VA"
"141922","Locality: 005 - ALLEGHANY COUNTY",11064,"2021","07","VA"
"141923","Locality: 007 - AMELIA COUNTY",9944,"2021","07","VA"
"141924","Locality: 009 - AMHERST COUNTY",22409,"2021","07","VA"
"141925","Locality: 011 - APPOMATTOX COUNTY",11816,"2021","07","VA"
"141926","Locality: 013 - ARLINGTON COUNTY",175778,"2021","07","VA"
"141927","Locality: 015 - AUGUSTA COUNTY",53420,"2021","07","VA"
"141928","Locality: 017 - BATH COUNTY",3319,"2021","07","VA"
"141929","Locality: 019 - BEDFORD COUNTY",61281,"2021","07","VA"
"141930","Locality: 021 - BLAND COUNTY",4585,"2021","07","VA"
"141931","Locality: 023 - BOTETOURT COUNTY",25885,"2021","07","VA"
"141932","Locality: 025 - BRUNSWICK COUNTY",11003,"2021","07","VA"
"141933","Locality: 027 - BUCHANAN COUNTY",15258,"2021","07","VA"
"141934","Locality: 029 - BUCKINGHAM COUNTY",10844,"2021","07","VA"
"141935","Locality: 031 - CAMPBELL COUNTY",40302,"2021","07","VA"
"141936","Locality: 033 - CAROLINE COUNTY",22201,"2021","07","VA"
"141937","Locality: 035 - CARROLL COUNTY",20920,"2021","07","VA"
"141938","Locality: 036 - CHARLES CITY COUNTY",5692,"2021","07","VA"
"141939","Locality: 037 - CHARLOTTE COUNTY",8457,"2021","07","VA"
"141940","Locality: 041 - CHESTERFIELD COUNTY",261457,"2021","07","VA"
"141941","Locality: 043 - CLARKE COUNTY",11769,"2021","07","VA"
"141942","Locality: 045 - CRAIG COUNTY",3993,"2021","07","VA"
"141943","Locality: 047 - CULPEPER COUNTY",35563,"2021","07","VA"
"141944","Locality: 049 - CUMBERLAND COUNTY",7262,"2021","07","VA"
"141945","Locality: 051 - DICKENSON COUNTY",10336,"2021","07","VA"
"141946","Locality: 053 - DINWIDDIE COUNTY",20401,"2021","07","VA"
"141947","Locality: 057 - ESSEX COUNTY",8208,"2021","07","VA"
"141948","Locality: 059 - FAIRFAX COUNTY",786229,"2021","07","VA"
"141949","Locality: 061 - FAUQUIER COUNTY",54919,"2021","07","VA"
"141950","Locality: 063 - FLOYD COUNTY",11604,"2021","07","VA"
"141951","Locality: 065 - FLUVANNA COUNTY",20129,"2021","07","VA"
"141952","Locality: 067 - FRANKLIN COUNTY",38985,"2021","07","VA"
"141953","Locality: 069 - FREDERICK COUNTY",65206,"2021","07","VA"
"141954","Locality: 071 - GILES COUNTY",12059,"2021","07","VA"
"141955","Locality: 073 - GLOUCESTER COUNTY",29344,"2021","07","VA"
"141956","Locality: 075 - GOOCHLAND COUNTY",20229,"2021","07","VA"
"141957","Locality: 077 - GRAYSON COUNTY",10873,"2021","07","VA"
"141958","Locality: 079 - GREENE COUNTY",14602,"2021","07","VA"
"141959","Locality: 081 - GREENSVILLE COUNTY",6424,"2021","07","VA"
"141960","Locality: 083 - HALIFAX COUNTY",24786,"2021","07","VA"
"141961","Locality: 085 - HANOVER COUNTY",84751,"2021","07","VA"
"141962","Locality: 087 - HENRICO COUNTY",237764,"2021","07","VA"
"141963","Locality: 089 - HENRY COUNTY",36296,"2021","07","VA"
"141964","Locality: 091 - HIGHLAND COUNTY",1855,"2021","07","VA"
"141965","Locality: 093 - ISLE OF WIGHT COUNTY",30208,"2021","07","VA"
"141966","Locality: 095 - JAMES CITY COUNTY",61942,"2021","07","VA"
"141967","Locality: 097 - KING & QUEEN COUNTY",5318,"2021","07","VA"
"141968","Locality: 099 - KING GEORGE COUNTY",18909,"2021","07","VA"
"141969","Locality: 101 - KING WILLIAM COUNTY",13486,"2021","07","VA"
"141970","Locality: 103 - LANCASTER COUNTY",8984,"2021","07","VA"
"141971","Locality: 105 - LEE COUNTY",15690,"2021","07","VA"
"141972","Locality: 107 - LOUDOUN COUNTY",283468,"2021","07","VA"
"141973","Locality: 109 - LOUISA COUNTY",27895,"2021","07","VA"
"141974","Locality: 111 - LUNENBURG COUNTY",8092,"2021","07","VA"
"141975","Locality: 113 - MADISON COUNTY",10135,"2021","07","VA"
"141976","Locality: 115 - MATHEWS COUNTY",7202,"2021","07","VA"
"141977","Locality: 117 - MECKLENBURG COUNTY",22609,"2021","07","VA"
"141978","Locality: 119 - MIDDLESEX COUNTY",8554,"2021","07","VA"
"141979","Locality: 121 - MONTGOMERY COUNTY",62516,"2021","07","VA"
"141980","Locality: 125 - NELSON COUNTY",11741,"2021","07","VA"
"141981","Locality: 127 - NEW KENT COUNTY",17868,"2021","07","VA"
"141982","Locality: 131 - NORTHAMPTON COUNTY",9537,"2021","07","VA"
"141983","Locality: 133 - NORTHUMBERLAND COUNTY",10028,"2021","07","VA"
"141984","Locality: 135 - NOTTOWAY COUNTY",9513,"2021","07","VA"
"141985","Locality: 137 - ORANGE COUNTY",27193,"2021","07","VA"
"141986","Locality: 139 - PAGE COUNTY",16806,"2021","07","VA"
"141987","Locality: 141 - PATRICK COUNTY",12759,"2021","07","VA"
"141988","Locality: 143 - PITTSYLVANIA COUNTY",45140,"2021","07","VA"
"141989","Locality: 145 - POWHATAN COUNTY",23390,"2021","07","VA"
"141990","Locality: 147 - PRINCE EDWARD COUNTY",13428,"2021","07","VA"
"141991","Locality: 149 - PRINCE GEORGE COUNTY",24467,"2021","07","VA"
"141992","Locality: 153 - PRINCE WILLIAM COUNTY",308800,"2021","07","VA"
"141993","Locality: 155 - PULASKI COUNTY",23488,"2021","07","VA"
"141994","Locality: 157 - RAPPAHANNOCK COUNTY",6117,"2021","07","VA"
"141995","Locality: 159 - RICHMOND COUNTY",5592,"2021","07","VA"
"141996","Locality: 161 - ROANOKE COUNTY",72438,"2021","07","VA"
"141997","Locality: 163 - ROCKBRIDGE COUNTY",15773,"2021","07","VA"
"141998","Locality: 165 - ROCKINGHAM COUNTY",55252,"2021","07","VA"
"141999","Locality: 167 - RUSSELL COUNTY",19146,"2021","07","VA"
"142000","Locality: 169 - SCOTT COUNTY",15909,"2021","07","VA"
"142001","Locality: 171 - SHENANDOAH COUNTY",31468,"2021","07","VA"
"142002","Locality: 173 - SMYTH COUNTY",19979,"2021","07","VA"
"142003","Locality: 175 - SOUTHAMPTON COUNTY",12972,"2021","07","VA"
"142004","Locality: 177 - SPOTSYLVANIA COUNTY",100987,"2021","07","VA"
"142005","Locality: 179 - STAFFORD COUNTY",107050,"2021","07","VA"
"142006","Locality: 181 - SURRY COUNTY",5630,"2021","07","VA"
"142007","Locality: 183 - SUSSEX COUNTY",7072,"2021","07","VA"
"142008","Locality: 185 - TAZEWELL COUNTY",28702,"2021","07","VA"
"142009","Locality: 187 - WARREN COUNTY",29292,"2021","07","VA"
"142010","Locality: 191 - WASHINGTON COUNTY",38782,"2021","07","VA"
"142011","Locality: 193 - WESTMORELAND COUNTY",13640,"2021","07","VA"
"142012","Locality: 195 - WISE COUNTY",24452,"2021","07","VA"
"142013","Locality: 197 - WYTHE COUNTY",20578,"2021","07","VA"
"142014","Locality: 199 - YORK COUNTY",49277,"2021","07","VA"
"142015","Locality: 510 - ALEXANDRIA CITY",111235,"2021","07","VA"
"142016","Locality: 515 - BEDFORD CITY",NA,"2021","07","VA"
"142017","Locality: 520 - BRISTOL CITY",11873,"2021","07","VA"
"142018","Locality: 530 - BUENA VISTA CITY",4326,"2021","07","VA"
"142019","Locality: 540 - CHARLOTTESVILLE CITY",34529,"2021","07","VA"
"142020","Locality: 550 - CHESAPEAKE CITY",173207,"2021","07","VA"
"142021","Locality: 570 - COLONIAL HEIGHTS CITY",12875,"2021","07","VA"
"142022","Locality: 580 - COVINGTON CITY",3818,"2021","07","VA"
"142023","Locality: 590 - DANVILLE CITY",28787,"2021","07","VA"
"142024","Locality: 595 - EMPORIA CITY",3916,"2021","07","VA"
"142025","Locality: 600 - FAIRFAX CITY",17348,"2021","07","VA"
"142026","Locality: 610 - FALLS CHURCH CITY",11037,"2021","07","VA"
"142027","Locality: 620 - FRANKLIN CITY",5785,"2021","07","VA"
"142028","Locality: 630 - FREDERICKSBURG CITY",18748,"2021","07","VA"
"142029","Locality: 640 - GALAX CITY",3957,"2021","07","VA"
"142030","Locality: 650 - HAMPTON CITY",100655,"2021","07","VA"
"142031","Locality: 660 - HARRISONBURG CITY",26038,"2021","07","VA"
"142032","Locality: 670 - HOPEWELL CITY",15454,"2021","07","VA"
"142033","Locality: 678 - LEXINGTON CITY",4193,"2021","07","VA"
"142034","Locality: 680 - LYNCHBURG CITY",55914,"2021","07","VA"
"142035","Locality: 683 - MANASSAS CITY",23664,"2021","07","VA"
"142036","Locality: 685 - MANASSAS PARK CITY",8811,"2021","07","VA"
"142037","Locality: 690 - MARTINSVILLE CITY",8925,"2021","07","VA"
"142038","Locality: 700 - NEWPORT NEWS CITY",124200,"2021","07","VA"
"142039","Locality: 710 - NORFOLK CITY",138479,"2021","07","VA"
"142040","Locality: 720 - NORTON CITY",2534,"2021","07","VA"
"142041","Locality: 730 - PETERSBURG CITY",23361,"2021","07","VA"
"142042","Locality: 735 - POQUOSON CITY",9508,"2021","07","VA"
"142043","Locality: 740 - PORTSMOUTH CITY",67490,"2021","07","VA"
"142044","Locality: 750 - RADFORD CITY",9703,"2021","07","VA"
"142045","Locality: 760 - RICHMOND CITY",159015,"2021","07","VA"
"142046","Locality: 770 - ROANOKE CITY",64953,"2021","07","VA"
"142047","Locality: 775 - SALEM CITY",17745,"2021","07","VA"
"142048","Locality: 790 - STAUNTON CITY",17721,"2021","07","VA"
"142049","Locality: 800 - SUFFOLK CITY",68545,"2021","07","VA"
"142050","Locality: 810 - VIRGINIA BEACH CITY",325948,"2021","07","VA"
"142051","Locality: 820 - WAYNESBORO CITY",14850,"2021","07","VA"
"142052","Locality: 830 - WILLIAMSBURG CITY",10207,"2021","07","VA"
"142053","Locality: 840 - WINCHESTER CITY",17859,"2021","07","VA"
"142054","",NA,"2021","07","VA"
"142188","Locality: 001 ACCOMACK COUNTY",23860,"2022","01","VA"
"142204","Locality: 003 ALBEMARLE COUNTY",78033,"2022","01","VA"
"142234","Locality: 005 ALLEGHANY COUNTY",10791,"2022","01","VA"
"142246","Locality: 007 AMELIA COUNTY",9767,"2022","01","VA"
"142251","Locality: 009 AMHERST COUNTY",21803,"2022","01","VA"
"142262","Locality: 011 APPOMATTOX COUNTY",11643,"2022","01","VA"
"142271","Locality: 013 ARLINGTON COUNTY",157207,"2022","01","VA"
"142325","Locality: 015 AUGUSTA COUNTY",52571,"2022","01","VA"
"142350","Locality: 017 BATH COUNTY",3190,"2022","01","VA"
"142357","Locality: 019 BEDFORD COUNTY",60068,"2022","01","VA"
"142389","Locality: 021 BLAND COUNTY",4315,"2022","01","VA"
"142396","Locality: 023 BOTETOURT COUNTY",25289,"2022","01","VA"
"142406","Locality: 025 BRUNSWICK COUNTY",10718,"2022","01","VA"
"142419","Locality: 027 BUCHANAN COUNTY",14491,"2022","01","VA"
"142436","Locality: 029 BUCKINGHAM COUNTY",10606,"2022","01","VA"
"142446","Locality: 031 CAMPBELL COUNTY",38967,"2022","01","VA"
"142462","Locality: 033 CAROLINE COUNTY",21609,"2022","01","VA"
"142474","Locality: 035 CARROLL COUNTY",20337,"2022","01","VA"
"142491","Locality: 036 CHARLES CITY COUNTY",5543,"2022","01","VA"
"142494","Locality: 037 CHARLOTTE COUNTY",8198,"2022","01","VA"
"142501","Locality: 041 CHESTERFIELD COUNTY",251604,"2022","01","VA"
"142581","Locality: 043 CLARKE COUNTY",11444,"2022","01","VA"
"142588","Locality: 045 CRAIG COUNTY",3857,"2022","01","VA"
"142596","Locality: 047 CULPEPER COUNTY",34722,"2022","01","VA"
"142611","Locality: 049 CUMBERLAND COUNTY",7035,"2022","01","VA"
"142616","Locality: 051 DICKENSON COUNTY",9705,"2022","01","VA"
"142627","Locality: 053 DINWIDDIE COUNTY",19746,"2022","01","VA"
"142640","Locality: 057 ESSEX COUNTY",7864,"2022","01","VA"
"142644","Locality: 059 FAIRFAX COUNTY",740950,"2022","01","VA"
"142891","Locality: 061 FAUQUIER COUNTY",52541,"2022","01","VA"
"142911","Locality: 063 FLOYD COUNTY",11305,"2022","01","VA"
"142916","Locality: 065 FLUVANNA COUNTY",19758,"2022","01","VA"
"142921","Locality: 067 FRANKLIN COUNTY",38292,"2022","01","VA"
"142944","Locality: 069 FREDERICK COUNTY",63089,"2022","01","VA"
"142965","Locality: 071 GILES COUNTY",11652,"2022","01","VA"
"142974","Locality: 073 GLOUCESTER COUNTY",28627,"2022","01","VA"
"142985","Locality: 075 GOOCHLAND COUNTY",20265,"2022","01","VA"
"142995","Locality: 077 GRAYSON COUNTY",10478,"2022","01","VA"
"143010","Locality: 079 GREENE COUNTY",14095,"2022","01","VA"
"143015","Locality: 081 GREENSVILLE COUNTY",6210,"2022","01","VA"
"143024","Locality: 083 HALIFAX COUNTY",24096,"2022","01","VA"
"143044","Locality: 085 HANOVER COUNTY",83418,"2022","01","VA"
"143080","Locality: 087 HENRICO COUNTY",228373,"2022","01","VA"
"143171","Locality: 089 HENRY COUNTY",35172,"2022","01","VA"
"143195","Locality: 091 HIGHLAND COUNTY",1866,"2022","01","VA"
"143201","Locality: 093 ISLE OF WIGHT COUNTY",29377,"2022","01","VA"
"143215","Locality: 095 JAMES CITY COUNTY",60028,"2022","01","VA"
"143234","Locality: 097 KING & QUEEN COUNTY",5198,"2022","01","VA"
"143239","Locality: 099 KING GEORGE COUNTY",18353,"2022","01","VA"
"143244","Locality: 101 KING WILLIAM COUNTY",13261,"2022","01","VA"
"143250","Locality: 103 LANCASTER COUNTY",8844,"2022","01","VA"
"143256","Locality: 105 LEE COUNTY",14790,"2022","01","VA"
"143272","Locality: 107 LOUDOUN COUNTY",272098,"2022","01","VA"
"143370","Locality: 109 LOUISA COUNTY",27720,"2022","01","VA"
"143385","Locality: 111 LUNENBURG COUNTY",7812,"2022","01","VA"
"143396","Locality: 113 MADISON COUNTY",9959,"2022","01","VA"
"143405","Locality: 115 MATHEWS COUNTY",6961,"2022","01","VA"
"143408","Locality: 117 MECKLENBURG COUNTY",21929,"2022","01","VA"
"143431","Locality: 119 MIDDLESEX COUNTY",8399,"2022","01","VA"
"143437","Locality: 121 MONTGOMERY COUNTY",57149,"2022","01","VA"
"143461","Locality: 125 NELSON COUNTY",11517,"2022","01","VA"
"143470","Locality: 127 NEW KENT COUNTY",17849,"2022","01","VA"
"143480","Locality: 131 NORTHAMPTON COUNTY",9070,"2022","01","VA"
"143485","Locality: 133 NORTHUMBERLAND COUNTY",9803,"2022","01","VA"
"143490","Locality: 135 NOTTOWAY COUNTY",9305,"2022","01","VA"
"143499","Locality: 137 ORANGE COUNTY",26671,"2022","01","VA"
"143509","Locality: 139 PAGE COUNTY",16485,"2022","01","VA"
"143514","Locality: 141 PATRICK COUNTY",12397,"2022","01","VA"
"143527","Locality: 143 PITTSYLVANIA COUNTY",43682,"2022","01","VA"
"143556","Locality: 145 POWHATAN COUNTY",23217,"2022","01","VA"
"143568","Locality: 147 PRINCE EDWARD COUNTY",12823,"2022","01","VA"
"143578","Locality: 149 PRINCE GEORGE COUNTY",22541,"2022","01","VA"
"143588","Locality: 153 PRINCE WILLIAM COUNTY",291716,"2022","01","VA"
"143681","Locality: 155 PULASKI COUNTY",22931,"2022","01","VA"
"143693","Locality: 157 RAPPAHANNOCK COUNTY",6000,"2022","01","VA"
"143699","Locality: 159 RICHMOND COUNTY",5456,"2022","01","VA"
"143704","Locality: 161 ROANOKE COUNTY",69132,"2022","01","VA"
"143737","Locality: 163 ROCKBRIDGE COUNTY",15489,"2022","01","VA"
"143754","Locality: 165 ROCKINGHAM COUNTY",54308,"2022","01","VA"
"143785","Locality: 167 RUSSELL COUNTY",18632,"2022","01","VA"
"143800","Locality: 169 SCOTT COUNTY",15429,"2022","01","VA"
"143817","Locality: 171 SHENANDOAH COUNTY",30727,"2022","01","VA"
"143829","Locality: 173 SMYTH COUNTY",19487,"2022","01","VA"
"143843","Locality: 175 SOUTHAMPTON COUNTY",12551,"2022","01","VA"
"143856","Locality: 177 SPOTSYLVANIA COUNTY",97843,"2022","01","VA"
"143882","Locality: 179 STAFFORD COUNTY",101886,"2022","01","VA"
"143909","Locality: 181 SURRY COUNTY",5431,"2022","01","VA"
"143915","Locality: 183 SUSSEX COUNTY",6870,"2022","01","VA"
"143926","Locality: 185 TAZEWELL COUNTY",25851,"2022","01","VA"
"143946","Locality: 187 WARREN COUNTY",28400,"2022","01","VA"
"143957","Locality: 191 WASHINGTON COUNTY",37594,"2022","01","VA"
"143976","Locality: 193 WESTMORELAND COUNTY",13290,"2022","01","VA"
"143984","Locality: 195 WISE COUNTY",23493,"2022","01","VA"
"143996","Locality: 197 WYTHE COUNTY",20118,"2022","01","VA"
"144007","Locality: 199 YORK COUNTY",47292,"2022","01","VA"
"144020","Locality: 510 ALEXANDRIA CITY",98009,"2022","01","VA"
"144050","Locality: 520 BRISTOL CITY",11087,"2022","01","VA"
"144054","Locality: 530 BUENA VISTA CITY",4054,"2022","01","VA"
"144056","Locality: 540 CHARLOTTESVILLE CITY",31070,"2022","01","VA"
"144065","Locality: 550 CHESAPEAKE CITY",162806,"2022","01","VA"
"144128","Locality: 570 COLONIAL HEIGHTS CITY",12217,"2022","01","VA"
"144133","Locality: 580 COVINGTON CITY",3686,"2022","01","VA"
"144138","Locality: 590 DANVILLE CITY",27337,"2022","01","VA"
"144154","Locality: 595 EMPORIA CITY",3787,"2022","01","VA"
"144161","Locality: 600 FAIRFAX CITY",16556,"2022","01","VA"
"144167","Locality: 610 FALLS CHURCH CITY",10204,"2022","01","VA"
"144170","Locality: 620 FRANKLIN CITY",5551,"2022","01","VA"
"144176","Locality: 630 FREDERICKSBURG CITY",17426,"2022","01","VA"
"144181","Locality: 640 GALAX CITY",3794,"2022","01","VA"
"144183","Locality: 650 HAMPTON CITY",90903,"2022","01","VA"
"144213","Locality: 660 HARRISONBURG CITY",23965,"2022","01","VA"
"144221","Locality: 670 HOPEWELL CITY",14537,"2022","01","VA"
"144228","Locality: 678 LEXINGTON CITY",3792,"2022","01","VA"
"144229","Locality: 680 LYNCHBURG CITY",49535,"2022","01","VA"
"144247","Locality: 683 MANASSAS CITY",21852,"2022","01","VA"
"144253","Locality: 685 MANASSAS PARK CITY",8160,"2022","01","VA"
"144256","Locality: 690 MARTINSVILLE CITY",8437,"2022","01","VA"
"144262","Locality: 700 NEWPORT NEWS CITY",113380,"2022","01","VA"
"144307","Locality: 710 NORFOLK CITY",127042,"2022","01","VA"
"144355","Locality: 720 NORTON CITY",2446,"2022","01","VA"
"144356","Locality: 730 PETERSBURG CITY",21957,"2022","01","VA"
"144363","Locality: 735 POQUOSON CITY",9229,"2022","01","VA"
"144366","Locality: 740 PORTSMOUTH CITY",63788,"2022","01","VA"
"144397","Locality: 750 RADFORD CITY",8519,"2022","01","VA"
"144401","Locality: 760 RICHMOND CITY",145008,"2022","01","VA"
"144470","Locality: 770 ROANOKE CITY",61275,"2022","01","VA"
"144490","Locality: 775 SALEM CITY",16794,"2022","01","VA"
"144500","Locality: 790 STAUNTON CITY",16945,"2022","01","VA"
"144505","Locality: 800 SUFFOLK CITY",65524,"2022","01","VA"
"144532","Locality: 810 VIRGINIA BEACH CITY",302331,"2022","01","VA"
"144632","Locality: 820 WAYNESBORO CITY",14199,"2022","01","VA"
"144636","Locality: 830 WILLIAMSBURG CITY",9212,"2022","01","VA"
"144638","Locality: 840 WINCHESTER CITY",16610,"2022","01","VA"
"144644","Locality: 001 ACCOMACK COUNTY",24016,"2022","04","VA"
"144660","Locality: 003 ALBEMARLE COUNTY",78421,"2022","04","VA"
"144690","Locality: 005 ALLEGHANY COUNTY",10780,"2022","04","VA"
"144702","Locality: 007 AMELIA COUNTY",9799,"2022","04","VA"
"144707","Locality: 009 AMHERST COUNTY",21905,"2022","04","VA"
"144718","Locality: 011 APPOMATTOX COUNTY",11721,"2022","04","VA"
"144727","Locality: 013 ARLINGTON COUNTY",159181,"2022","04","VA"
"144781","Locality: 015 AUGUSTA COUNTY",52826,"2022","04","VA"
"144806","Locality: 017 BATH COUNTY",3206,"2022","04","VA"
"144813","Locality: 019 BEDFORD COUNTY",60348,"2022","04","VA"
"144845","Locality: 021 BLAND COUNTY",4350,"2022","04","VA"
"144852","Locality: 023 BOTETOURT COUNTY",25386,"2022","04","VA"
"144862","Locality: 025 BRUNSWICK COUNTY",10733,"2022","04","VA"
"144875","Locality: 027 BUCHANAN COUNTY",14444,"2022","04","VA"
"144892","Locality: 029 BUCKINGHAM COUNTY",10674,"2022","04","VA"
"144902","Locality: 031 CAMPBELL COUNTY",39156,"2022","04","VA"
"144918","Locality: 033 CAROLINE COUNTY",21804,"2022","04","VA"
"144930","Locality: 035 CARROLL COUNTY",20416,"2022","04","VA"
"144947","Locality: 036 CHARLES CITY COUNTY",5562,"2022","04","VA"
"144950","Locality: 037 CHARLOTTE COUNTY",8217,"2022","04","VA"
"144957","Locality: 041 CHESTERFIELD COUNTY",253104,"2022","04","VA"
"145037","Locality: 043 CLARKE COUNTY",11578,"2022","04","VA"
"145044","Locality: 045 CRAIG COUNTY",3857,"2022","04","VA"
"145052","Locality: 047 CULPEPER COUNTY",35001,"2022","04","VA"
"145067","Locality: 049 CUMBERLAND COUNTY",7082,"2022","04","VA"
"145072","Locality: 051 DICKENSON COUNTY",9713,"2022","04","VA"
"145083","Locality: 053 DINWIDDIE COUNTY",19866,"2022","04","VA"
"145096","Locality: 057 ESSEX COUNTY",7920,"2022","04","VA"
"145100","Locality: 059 FAIRFAX COUNTY",746143,"2022","04","VA"
"145347","Locality: 061 FAUQUIER COUNTY",52889,"2022","04","VA"
"145367","Locality: 063 FLOYD COUNTY",11364,"2022","04","VA"
"145372","Locality: 065 FLUVANNA COUNTY",19927,"2022","04","VA"
"145377","Locality: 067 FRANKLIN COUNTY",38490,"2022","04","VA"
"145400","Locality: 069 FREDERICK COUNTY",63632,"2022","04","VA"
"145421","Locality: 071 GILES COUNTY",11686,"2022","04","VA"
"145430","Locality: 073 GLOUCESTER COUNTY",28651,"2022","04","VA"
"145441","Locality: 075 GOOCHLAND COUNTY",20375,"2022","04","VA"
"145451","Locality: 077 GRAYSON COUNTY",10545,"2022","04","VA"
"145466","Locality: 079 GREENE COUNTY",14201,"2022","04","VA"
"145471","Locality: 081 GREENSVILLE COUNTY",6215,"2022","04","VA"
"145480","Locality: 083 HALIFAX COUNTY",24260,"2022","04","VA"
"145500","Locality: 085 HANOVER COUNTY",83731,"2022","04","VA"
"145536","Locality: 087 HENRICO COUNTY",229703,"2022","04","VA"
"145651","Locality: 089 HENRY COUNTY",35259,"2022","04","VA"
"145675","Locality: 091 HIGHLAND COUNTY",1875,"2022","04","VA"
"145681","Locality: 093 ISLE OF WIGHT COUNTY",29608,"2022","04","VA"
"145695","Locality: 095 JAMES CITY COUNTY",60387,"2022","04","VA"
"145714","Locality: 097 KING & QUEEN COUNTY",5225,"2022","04","VA"
"145719","Locality: 099 KING GEORGE COUNTY",18539,"2022","04","VA"
"145724","Locality: 101 KING WILLIAM COUNTY",13355,"2022","04","VA"
"145730","Locality: 103 LANCASTER COUNTY",8884,"2022","04","VA"
"145736","Locality: 105 LEE COUNTY",14945,"2022","04","VA"
"145752","Locality: 107 LOUDOUN COUNTY",274365,"2022","04","VA"
"145850","Locality: 109 LOUISA COUNTY",27948,"2022","04","VA"
"145865","Locality: 111 LUNENBURG COUNTY",7850,"2022","04","VA"
"145876","Locality: 113 MADISON COUNTY",9981,"2022","04","VA"
"145885","Locality: 115 MATHEWS COUNTY",6995,"2022","04","VA"
"145888","Locality: 117 MECKLENBURG COUNTY",22038,"2022","04","VA"
"145911","Locality: 119 MIDDLESEX COUNTY",8435,"2022","04","VA"
"145917","Locality: 121 MONTGOMERY COUNTY",57337,"2022","04","VA"
"145941","Locality: 125 NELSON COUNTY",11526,"2022","04","VA"
"145950","Locality: 127 NEW KENT COUNTY",18042,"2022","04","VA"
"145960","Locality: 131 NORTHAMPTON COUNTY",9186,"2022","04","VA"
"145965","Locality: 133 NORTHUMBERLAND COUNTY",9887,"2022","04","VA"
"145970","Locality: 135 NOTTOWAY COUNTY",9343,"2022","04","VA"
"145979","Locality: 137 ORANGE COUNTY",26909,"2022","04","VA"
"145989","Locality: 139 PAGE COUNTY",16505,"2022","04","VA"
"145994","Locality: 141 PATRICK COUNTY",12438,"2022","04","VA"
"146007","Locality: 143 PITTSYLVANIA COUNTY",43841,"2022","04","VA"
"146036","Locality: 145 POWHATAN COUNTY",23366,"2022","04","VA"
"146048","Locality: 147 PRINCE EDWARD COUNTY",12894,"2022","04","VA"
"146058","Locality: 149 PRINCE GEORGE COUNTY",22689,"2022","04","VA"
"146068","Locality: 153 PRINCE WILLIAM COUNTY",295025,"2022","04","VA"
"146161","Locality: 155 PULASKI COUNTY",22997,"2022","04","VA"
"146173","Locality: 157 RAPPAHANNOCK COUNTY",6022,"2022","04","VA"
"146179","Locality: 159 RICHMOND COUNTY",5477,"2022","04","VA"
"146184","Locality: 161 ROANOKE COUNTY",69367,"2022","04","VA"
"146217","Locality: 163 ROCKBRIDGE COUNTY",15608,"2022","04","VA"
"146234","Locality: 165 ROCKINGHAM COUNTY",54574,"2022","04","VA"
"146265","Locality: 167 RUSSELL COUNTY",18709,"2022","04","VA"
"146280","Locality: 169 SCOTT COUNTY",15543,"2022","04","VA"
"146297","Locality: 171 SHENANDOAH COUNTY",30924,"2022","04","VA"
"146309","Locality: 173 SMYTH COUNTY",19568,"2022","04","VA"
"146323","Locality: 175 SOUTHAMPTON COUNTY",12557,"2022","04","VA"
"146336","Locality: 177 SPOTSYLVANIA COUNTY",98680,"2022","04","VA"
"146362","Locality: 179 STAFFORD COUNTY",102942,"2022","04","VA"
"146389","Locality: 181 SURRY COUNTY",5439,"2022","04","VA"
"146395","Locality: 183 SUSSEX COUNTY",6889,"2022","04","VA"
"146406","Locality: 185 TAZEWELL COUNTY",25957,"2022","04","VA"
"146426","Locality: 187 WARREN COUNTY",28646,"2022","04","VA"
"146437","Locality: 191 WASHINGTON COUNTY",37743,"2022","04","VA"
"146456","Locality: 193 WESTMORELAND COUNTY",13417,"2022","04","VA"
"146464","Locality: 195 WISE COUNTY",23610,"2022","04","VA"
"146476","Locality: 197 WYTHE COUNTY",20196,"2022","04","VA"
"146487","Locality: 199 YORK COUNTY",47606,"2022","04","VA"
"146500","Locality: 510 ALEXANDRIA CITY",99278,"2022","04","VA"
"146530","Locality: 520 BRISTOL CITY",11188,"2022","04","VA"
"146534","Locality: 530 BUENA VISTA CITY",4086,"2022","04","VA"
"146536","Locality: 540 CHARLOTTESVILLE CITY",31218,"2022","04","VA"
"146545","Locality: 550 CHESAPEAKE CITY",164102,"2022","04","VA"
"146609","Locality: 570 COLONIAL HEIGHTS CITY",12356,"2022","04","VA"
"146614","Locality: 580 COVINGTON CITY",3729,"2022","04","VA"
"146619","Locality: 590 DANVILLE CITY",27371,"2022","04","VA"
"146635","Locality: 595 EMPORIA CITY",3807,"2022","04","VA"
"146642","Locality: 600 FAIRFAX CITY",16626,"2022","04","VA"
"146648","Locality: 610 FALLS CHURCH CITY",10294,"2022","04","VA"
"146651","Locality: 620 FRANKLIN CITY",5574,"2022","04","VA"
"146657","Locality: 630 FREDERICKSBURG CITY",17652,"2022","04","VA"
"146662","Locality: 640 GALAX CITY",3819,"2022","04","VA"
"146664","Locality: 650 HAMPTON CITY",91632,"2022","04","VA"
"146694","Locality: 660 HARRISONBURG CITY",24048,"2022","04","VA"
"146702","Locality: 670 HOPEWELL CITY",14709,"2022","04","VA"
"146709","Locality: 678 LEXINGTON CITY",3798,"2022","04","VA"
"146710","Locality: 680 LYNCHBURG CITY",49911,"2022","04","VA"
"146728","Locality: 683 MANASSAS CITY",22016,"2022","04","VA"
"146734","Locality: 685 MANASSAS PARK CITY",8240,"2022","04","VA"
"146737","Locality: 690 MARTINSVILLE CITY",8493,"2022","04","VA"
"146743","Locality: 700 NEWPORT NEWS CITY",114497,"2022","04","VA"
"146788","Locality: 710 NORFOLK CITY",128475,"2022","04","VA"
"146836","Locality: 720 NORTON CITY",2459,"2022","04","VA"
"146837","Locality: 730 PETERSBURG CITY",22082,"2022","04","VA"
"146844","Locality: 735 POQUOSON CITY",9255,"2022","04","VA"
"146847","Locality: 740 PORTSMOUTH CITY",64446,"2022","04","VA"
"146878","Locality: 750 RADFORD CITY",8558,"2022","04","VA"
"146882","Locality: 760 RICHMOND CITY",146319,"2022","04","VA"
"146951","Locality: 770 ROANOKE CITY",61830,"2022","04","VA"
"146971","Locality: 775 SALEM CITY",16955,"2022","04","VA"
"146981","Locality: 790 STAUNTON CITY",17131,"2022","04","VA"
"146986","Locality: 800 SUFFOLK CITY",65787,"2022","04","VA"
"147013","Locality: 810 VIRGINIA BEACH CITY",305065,"2022","04","VA"
"147113","Locality: 820 WAYNESBORO CITY",14418,"2022","04","VA"
"147117","Locality: 830 WILLIAMSBURG CITY",9266,"2022","04","VA"
"147119","Locality: 840 WINCHESTER CITY",16792,"2022","04","VA"
"147125","Locality: 001 ACCOMACK COUNTY",24071,"2022","05","VA"
"147141","Locality: 003 ALBEMARLE COUNTY",78617,"2022","05","VA"
"147171","Locality: 005 ALLEGHANY COUNTY",10807,"2022","05","VA"
"147183","Locality: 007 AMELIA COUNTY",9834,"2022","05","VA"
"147188","Locality: 009 AMHERST COUNTY",21948,"2022","05","VA"
"147199","Locality: 011 APPOMATTOX COUNTY",11757,"2022","05","VA"
"147208","Locality: 013 ARLINGTON COUNTY",159704,"2022","05","VA"
"147262","Locality: 015 AUGUSTA COUNTY",52985,"2022","05","VA"
"147290","Locality: 017 BATH COUNTY",3213,"2022","05","VA"
"147297","Locality: 019 BEDFORD COUNTY",60611,"2022","05","VA"
"147329","Locality: 021 BLAND COUNTY",4350,"2022","05","VA"
"147336","Locality: 023 BOTETOURT COUNTY",25409,"2022","05","VA"
"147346","Locality: 025 BRUNSWICK COUNTY",10755,"2022","05","VA"
"147359","Locality: 027 BUCHANAN COUNTY",14456,"2022","05","VA"
"147376","Locality: 029 BUCKINGHAM COUNTY",10704,"2022","05","VA"
"147386","Locality: 031 CAMPBELL COUNTY",39296,"2022","05","VA"
"147402","Locality: 033 CAROLINE COUNTY",21887,"2022","05","VA"
"147415","Locality: 035 CARROLL COUNTY",20473,"2022","05","VA"
"147432","Locality: 036 CHARLES CITY COUNTY",5576,"2022","05","VA"
"147435","Locality: 037 CHARLOTTE COUNTY",8253,"2022","05","VA"
"147442","Locality: 041 CHESTERFIELD COUNTY",253802,"2022","05","VA"
"147522","Locality: 043 CLARKE COUNTY",11621,"2022","05","VA"
"147529","Locality: 045 CRAIG COUNTY",3859,"2022","05","VA"
"147537","Locality: 047 CULPEPER COUNTY",35096,"2022","05","VA"
"147552","Locality: 049 CUMBERLAND COUNTY",7109,"2022","05","VA"
"147557","Locality: 051 DICKENSON COUNTY",9709,"2022","05","VA"
"147568","Locality: 053 DINWIDDIE COUNTY",19905,"2022","05","VA"
"147581","Locality: 057 ESSEX COUNTY",7934,"2022","05","VA"
"147585","Locality: 059 FAIRFAX COUNTY",748329,"2022","05","VA"
"147849","Locality: 061 FAUQUIER COUNTY",53060,"2022","05","VA"
"147869","Locality: 063 FLOYD COUNTY",11421,"2022","05","VA"
"147874","Locality: 065 FLUVANNA COUNTY",20011,"2022","05","VA"
"147879","Locality: 067 FRANKLIN COUNTY",38613,"2022","05","VA"
"147902","Locality: 069 FREDERICK COUNTY",63927,"2022","05","VA"
"147933","Locality: 071 GILES COUNTY",11697,"2022","05","VA"
"147942","Locality: 073 GLOUCESTER COUNTY",28912,"2022","05","VA"
"147953","Locality: 075 GOOCHLAND COUNTY",20460,"2022","05","VA"
"147963","Locality: 077 GRAYSON COUNTY",10571,"2022","05","VA"
"147978","Locality: 079 GREENE COUNTY",14212,"2022","05","VA"
"147984","Locality: 081 GREENSVILLE COUNTY",6231,"2022","05","VA"
"147993","Locality: 083 HALIFAX COUNTY",24323,"2022","05","VA"
"148013","Locality: 085 HANOVER COUNTY",83958,"2022","05","VA"
"148049","Locality: 087 HENRICO COUNTY",230055,"2022","05","VA"
"148144","Locality: 089 HENRY COUNTY",35309,"2022","05","VA"
"148168","Locality: 091 HIGHLAND COUNTY",1877,"2022","05","VA"
"148173","Locality: 093 ISLE OF WIGHT COUNTY",29706,"2022","05","VA"
"148190","Locality: 095 JAMES CITY COUNTY",60688,"2022","05","VA"
"148208","Locality: 097 KING & QUEEN COUNTY",5243,"2022","05","VA"
"148213","Locality: 099 KING GEORGE COUNTY",18614,"2022","05","VA"
"148218","Locality: 101 KING WILLIAM COUNTY",13407,"2022","05","VA"
"148224","Locality: 103 LANCASTER COUNTY",8900,"2022","05","VA"
"148230","Locality: 105 LEE COUNTY",15006,"2022","05","VA"
"148246","Locality: 107 LOUDOUN COUNTY",275050,"2022","05","VA"
"148344","Locality: 109 LOUISA COUNTY",28075,"2022","05","VA"
"148359","Locality: 111 LUNENBURG COUNTY",7877,"2022","05","VA"
"148370","Locality: 113 MADISON COUNTY",10014,"2022","05","VA"
"148379","Locality: 115 MATHEWS COUNTY",7021,"2022","05","VA"
"148382","Locality: 117 MECKLENBURG COUNTY",22112,"2022","05","VA"
"148405","Locality: 119 MIDDLESEX COUNTY",8457,"2022","05","VA"
"148411","Locality: 121 MONTGOMERY COUNTY",57413,"2022","05","VA"
"148435","Locality: 125 NELSON COUNTY",11546,"2022","05","VA"
"148444","Locality: 127 NEW KENT COUNTY",18088,"2022","05","VA"
"148454","Locality: 131 NORTHAMPTON COUNTY",9204,"2022","05","VA"
"148459","Locality: 133 NORTHUMBERLAND COUNTY",9917,"2022","05","VA"
"148464","Locality: 135 NOTTOWAY COUNTY",9368,"2022","05","VA"
"148473","Locality: 137 ORANGE COUNTY",27030,"2022","05","VA"
"148485","Locality: 139 PAGE COUNTY",16594,"2022","05","VA"
"148490","Locality: 141 PATRICK COUNTY",12472,"2022","05","VA"
"148503","Locality: 143 PITTSYLVANIA COUNTY",43936,"2022","05","VA"
"148532","Locality: 145 POWHATAN COUNTY",23479,"2022","05","VA"
"148544","Locality: 147 PRINCE EDWARD COUNTY",12912,"2022","05","VA"
"148554","Locality: 149 PRINCE GEORGE COUNTY",22764,"2022","05","VA"
"148564","Locality: 153 PRINCE WILLIAM COUNTY",295612,"2022","05","VA"
"148667","Locality: 155 PULASKI COUNTY",23038,"2022","05","VA"
"148679","Locality: 157 RAPPAHANNOCK COUNTY",6037,"2022","05","VA"
"148685","Locality: 159 RICHMOND COUNTY",5480,"2022","05","VA"
"148690","Locality: 161 ROANOKE COUNTY",69549,"2022","05","VA"
"148723","Locality: 163 ROCKBRIDGE COUNTY",15660,"2022","05","VA"
"148740","Locality: 165 ROCKINGHAM COUNTY",54670,"2022","05","VA"
"148769","Locality: 167 RUSSELL COUNTY",18733,"2022","05","VA"
"148784","Locality: 169 SCOTT COUNTY",15583,"2022","05","VA"
"148801","Locality: 171 SHENANDOAH COUNTY",31001,"2022","05","VA"
"148813","Locality: 173 SMYTH COUNTY",19599,"2022","05","VA"
"148827","Locality: 175 SOUTHAMPTON COUNTY",12532,"2022","05","VA"
"148840","Locality: 177 SPOTSYLVANIA COUNTY",99108,"2022","05","VA"
"148866","Locality: 179 STAFFORD COUNTY",103507,"2022","05","VA"
"148893","Locality: 181 SURRY COUNTY",5472,"2022","05","VA"
"148899","Locality: 183 SUSSEX COUNTY",6907,"2022","05","VA"
"148910","Locality: 185 TAZEWELL COUNTY",26088,"2022","05","VA"
"148930","Locality: 187 WARREN COUNTY",28768,"2022","05","VA"
"148941","Locality: 191 WASHINGTON COUNTY",37883,"2022","05","VA"
"148960","Locality: 193 WESTMORELAND COUNTY",13498,"2022","05","VA"
"148968","Locality: 195 WISE COUNTY",23691,"2022","05","VA"
"148980","Locality: 197 WYTHE COUNTY",20265,"2022","05","VA"
"148991","Locality: 199 YORK COUNTY",47736,"2022","05","VA"
"149004","Locality: 510 ALEXANDRIA CITY",99774,"2022","05","VA"
"149034","Locality: 520 BRISTOL CITY",11243,"2022","05","VA"
"149038","Locality: 530 BUENA VISTA CITY",4108,"2022","05","VA"
"149040","Locality: 540 CHARLOTTESVILLE CITY",31277,"2022","05","VA"
"149049","Locality: 550 CHESAPEAKE CITY",164928,"2022","05","VA"
"149113","Locality: 570 COLONIAL HEIGHTS CITY",12383,"2022","05","VA"
"149118","Locality: 580 COVINGTON CITY",3686,"2022","05","VA"
"149123","Locality: 590 DANVILLE CITY",27488,"2022","05","VA"
"149139","Locality: 595 EMPORIA CITY",3826,"2022","05","VA"
"149146","Locality: 600 FAIRFAX CITY",16684,"2022","05","VA"
"149152","Locality: 610 FALLS CHURCH CITY",10336,"2022","05","VA"
"149155","Locality: 620 FRANKLIN CITY",5606,"2022","05","VA"
"149161","Locality: 630 FREDERICKSBURG CITY",17699,"2022","05","VA"
"149166","Locality: 640 GALAX CITY",3827,"2022","05","VA"
"149168","Locality: 650 HAMPTON CITY",92065,"2022","05","VA"
"149198","Locality: 660 HARRISONBURG CITY",24133,"2022","05","VA"
"149206","Locality: 670 HOPEWELL CITY",14801,"2022","05","VA"
"149213","Locality: 678 LEXINGTON CITY",3796,"2022","05","VA"
"149214","Locality: 680 LYNCHBURG CITY",50092,"2022","05","VA"
"149232","Locality: 683 MANASSAS CITY",22119,"2022","05","VA"
"149238","Locality: 685 MANASSAS PARK CITY",8287,"2022","05","VA"
"149241","Locality: 690 MARTINSVILLE CITY",8539,"2022","05","VA"
"149247","Locality: 700 NEWPORT NEWS CITY",114990,"2022","05","VA"
"149292","Locality: 710 NORFOLK CITY",129123,"2022","05","VA"
"149340","Locality: 720 NORTON CITY",2456,"2022","05","VA"
"149341","Locality: 730 PETERSBURG CITY",22218,"2022","05","VA"
"149348","Locality: 735 POQUOSON CITY",9282,"2022","05","VA"
"149351","Locality: 740 PORTSMOUTH CITY",64624,"2022","05","VA"
"149382","Locality: 750 RADFORD CITY",8603,"2022","05","VA"
"149386","Locality: 760 RICHMOND CITY",146816,"2022","05","VA"
"149455","Locality: 770 ROANOKE CITY",61991,"2022","05","VA"
"149475","Locality: 775 SALEM CITY",16991,"2022","05","VA"
"149485","Locality: 790 STAUNTON CITY",17171,"2022","05","VA"
"149490","Locality: 800 SUFFOLK CITY",66124,"2022","05","VA"
"149517","Locality: 810 VIRGINIA BEACH CITY",306108,"2022","05","VA"
"149617","Locality: 820 WAYNESBORO CITY",14504,"2022","05","VA"
"149621","Locality: 830 WILLIAMSBURG CITY",9310,"2022","05","VA"
"149623","Locality: 840 WINCHESTER CITY",16832,"2022","05","VA"
"149629","Locality: 001 ACCOMACK COUNTY",24099,"2022","06","VA"
"149645","Locality: 003 ALBEMARLE COUNTY",78841,"2022","06","VA"
"149675","Locality: 005 ALLEGHANY COUNTY",10760,"2022","06","VA"
"149687","Locality: 007 AMELIA COUNTY",9839,"2022","06","VA"
"149692","Locality: 009 AMHERST COUNTY",21978,"2022","06","VA"
"149703","Locality: 011 APPOMATTOX COUNTY",11759,"2022","06","VA"
"149712","Locality: 013 ARLINGTON COUNTY",160075,"2022","06","VA"
"149766","Locality: 015 AUGUSTA COUNTY",53074,"2022","06","VA"
"149794","Locality: 017 BATH COUNTY",3220,"2022","06","VA"
"149801","Locality: 019 BEDFORD COUNTY",60673,"2022","06","VA"
"149833","Locality: 021 BLAND COUNTY",4358,"2022","06","VA"
"149840","Locality: 023 BOTETOURT COUNTY",25427,"2022","06","VA"
"149850","Locality: 025 BRUNSWICK COUNTY",10778,"2022","06","VA"
"149863","Locality: 027 BUCHANAN COUNTY",14435,"2022","06","VA"
"149880","Locality: 029 BUCKINGHAM COUNTY",10734,"2022","06","VA"
"149890","Locality: 031 CAMPBELL COUNTY",39366,"2022","06","VA"
"149906","Locality: 033 CAROLINE COUNTY",21928,"2022","06","VA"
"149919","Locality: 035 CARROLL COUNTY",20509,"2022","06","VA"
"149936","Locality: 036 CHARLES CITY COUNTY",5584,"2022","06","VA"
"149939","Locality: 037 CHARLOTTE COUNTY",8238,"2022","06","VA"
"149946","Locality: 041 CHESTERFIELD COUNTY",254258,"2022","06","VA"
"150026","Locality: 043 CLARKE COUNTY",11682,"2022","06","VA"
"150033","Locality: 045 CRAIG COUNTY",3868,"2022","06","VA"
"150041","Locality: 047 CULPEPER COUNTY",35214,"2022","06","VA"
"150056","Locality: 049 CUMBERLAND COUNTY",7109,"2022","06","VA"
"150061","Locality: 051 DICKENSON COUNTY",9724,"2022","06","VA"
"150072","Locality: 053 DINWIDDIE COUNTY",19933,"2022","06","VA"
"150085","Locality: 057 ESSEX COUNTY",7946,"2022","06","VA"
"150089","Locality: 059 FAIRFAX COUNTY",750583,"2022","06","VA"
"150353","Locality: 061 FAUQUIER COUNTY",53110,"2022","06","VA"
"150373","Locality: 063 FLOYD COUNTY",11442,"2022","06","VA"
"150378","Locality: 065 FLUVANNA COUNTY",20034,"2022","06","VA"
"150383","Locality: 067 FRANKLIN COUNTY",38654,"2022","06","VA"
"150406","Locality: 069 FREDERICK COUNTY",64057,"2022","06","VA"
"150435","Locality: 071 GILES COUNTY",11690,"2022","06","VA"
"150444","Locality: 073 GLOUCESTER COUNTY",28970,"2022","06","VA"
"150455","Locality: 075 GOOCHLAND COUNTY",20500,"2022","06","VA"
"150465","Locality: 077 GRAYSON COUNTY",10607,"2022","06","VA"
"150480","Locality: 079 GREENE COUNTY",14257,"2022","06","VA"
"150486","Locality: 081 GREENSVILLE COUNTY",6250,"2022","06","VA"
"150495","Locality: 083 HALIFAX COUNTY",24333,"2022","06","VA"
"150515","Locality: 085 HANOVER COUNTY",84061,"2022","06","VA"
"150551","Locality: 087 HENRICO COUNTY",230424,"2022","06","VA"
"150645","Locality: 089 HENRY COUNTY",35348,"2022","06","VA"
"150669","Locality: 091 HIGHLAND COUNTY",1878,"2022","06","VA"
"150674","Locality: 093 ISLE OF WIGHT COUNTY",29728,"2022","06","VA"
"150691","Locality: 095 JAMES CITY COUNTY",60797,"2022","06","VA"
"150709","Locality: 097 KING & QUEEN COUNTY",5238,"2022","06","VA"
"150714","Locality: 099 KING GEORGE COUNTY",18666,"2022","06","VA"
"150719","Locality: 101 KING WILLIAM COUNTY",13433,"2022","06","VA"
"150725","Locality: 103 LANCASTER COUNTY",8907,"2022","06","VA"
"150731","Locality: 105 LEE COUNTY",14979,"2022","06","VA"
"150747","Locality: 107 LOUDOUN COUNTY",275845,"2022","06","VA"
"150845","Locality: 109 LOUISA COUNTY",28125,"2022","06","VA"
"150860","Locality: 111 LUNENBURG COUNTY",7884,"2022","06","VA"
"150871","Locality: 113 MADISON COUNTY",10008,"2022","06","VA"
"150880","Locality: 115 MATHEWS COUNTY",7048,"2022","06","VA"
"150883","Locality: 117 MECKLENBURG COUNTY",22117,"2022","06","VA"
"150906","Locality: 119 MIDDLESEX COUNTY",8460,"2022","06","VA"
"150912","Locality: 121 MONTGOMERY COUNTY",57374,"2022","06","VA"
"150936","Locality: 125 NELSON COUNTY",11549,"2022","06","VA"
"150945","Locality: 127 NEW KENT COUNTY",18152,"2022","06","VA"
"150955","Locality: 131 NORTHAMPTON COUNTY",9224,"2022","06","VA"
"150960","Locality: 133 NORTHUMBERLAND COUNTY",9919,"2022","06","VA"
"150965","Locality: 135 NOTTOWAY COUNTY",9370,"2022","06","VA"
"150974","Locality: 137 ORANGE COUNTY",27081,"2022","06","VA"
"150986","Locality: 139 PAGE COUNTY",16613,"2022","06","VA"
"150991","Locality: 141 PATRICK COUNTY",12493,"2022","06","VA"
"151004","Locality: 143 PITTSYLVANIA COUNTY",43933,"2022","06","VA"
"151033","Locality: 145 POWHATAN COUNTY",23500,"2022","06","VA"
"151045","Locality: 147 PRINCE EDWARD COUNTY",12910,"2022","06","VA"
"151055","Locality: 149 PRINCE GEORGE COUNTY",22803,"2022","06","VA"
"151065","Locality: 153 PRINCE WILLIAM COUNTY",297357,"2022","06","VA"
"151168","Locality: 155 PULASKI COUNTY",23086,"2022","06","VA"
"151180","Locality: 157 RAPPAHANNOCK COUNTY",6045,"2022","06","VA"
"151186","Locality: 159 RICHMOND COUNTY",5475,"2022","06","VA"
"151191","Locality: 161 ROANOKE COUNTY",69620,"2022","06","VA"
"151224","Locality: 163 ROCKBRIDGE COUNTY",15678,"2022","06","VA"
"151241","Locality: 165 ROCKINGHAM COUNTY",54728,"2022","06","VA"
"151270","Locality: 167 RUSSELL COUNTY",18717,"2022","06","VA"
"151285","Locality: 169 SCOTT COUNTY",15596,"2022","06","VA"
"151302","Locality: 171 SHENANDOAH COUNTY",31060,"2022","06","VA"
"151314","Locality: 173 SMYTH COUNTY",19622,"2022","06","VA"
"151328","Locality: 175 SOUTHAMPTON COUNTY",12667,"2022","06","VA"
"151341","Locality: 177 SPOTSYLVANIA COUNTY",99536,"2022","06","VA"
"151367","Locality: 179 STAFFORD COUNTY",103931,"2022","06","VA"
"151394","Locality: 181 SURRY COUNTY",5494,"2022","06","VA"
"151400","Locality: 183 SUSSEX COUNTY",6921,"2022","06","VA"
"151411","Locality: 185 TAZEWELL COUNTY",26124,"2022","06","VA"
"151431","Locality: 187 WARREN COUNTY",28826,"2022","06","VA"
"151442","Locality: 191 WASHINGTON COUNTY",37947,"2022","06","VA"
"151461","Locality: 193 WESTMORELAND COUNTY",13506,"2022","06","VA"
"151469","Locality: 195 WISE COUNTY",23721,"2022","06","VA"
"151481","Locality: 197 WYTHE COUNTY",20288,"2022","06","VA"
"151492","Locality: 199 YORK COUNTY",47898,"2022","06","VA"
"151505","Locality: 510 ALEXANDRIA CITY",100108,"2022","06","VA"
"151535","Locality: 520 BRISTOL CITY",11266,"2022","06","VA"
"151539","Locality: 530 BUENA VISTA CITY",4111,"2022","06","VA"
"151541","Locality: 540 CHARLOTTESVILLE CITY",31225,"2022","06","VA"
"151550","Locality: 550 CHESAPEAKE CITY",165280,"2022","06","VA"
"151614","Locality: 570 COLONIAL HEIGHTS CITY",12394,"2022","06","VA"
"151619","Locality: 580 COVINGTON CITY",3729,"2022","06","VA"
"151624","Locality: 590 DANVILLE CITY",27488,"2022","06","VA"
"151640","Locality: 595 EMPORIA CITY",3851,"2022","06","VA"
"151647","Locality: 600 FAIRFAX CITY",16730,"2022","06","VA"
"151653","Locality: 610 FALLS CHURCH CITY",10337,"2022","06","VA"
"151656","Locality: 620 FRANKLIN CITY",5604,"2022","06","VA"
"151662","Locality: 630 FREDERICKSBURG CITY",17819,"2022","06","VA"
"151667","Locality: 640 GALAX CITY",3840,"2022","06","VA"
"151669","Locality: 650 HAMPTON CITY",92207,"2022","06","VA"
"151699","Locality: 660 HARRISONBURG CITY",24169,"2022","06","VA"
"151707","Locality: 670 HOPEWELL CITY",14811,"2022","06","VA"
"151714","Locality: 678 LEXINGTON CITY",3788,"2022","06","VA"
"151715","Locality: 680 LYNCHBURG CITY",50160,"2022","06","VA"
"151733","Locality: 683 MANASSAS CITY",22166,"2022","06","VA"
"151739","Locality: 685 MANASSAS PARK CITY",8328,"2022","06","VA"
"151742","Locality: 690 MARTINSVILLE CITY",8539,"2022","06","VA"
"151748","Locality: 700 NEWPORT NEWS CITY",115197,"2022","06","VA"
"151793","Locality: 710 NORFOLK CITY",129417,"2022","06","VA"
"151841","Locality: 720 NORTON CITY",2457,"2022","06","VA"
"151842","Locality: 730 PETERSBURG CITY",22270,"2022","06","VA"
"151849","Locality: 735 POQUOSON CITY",9277,"2022","06","VA"
"151852","Locality: 740 PORTSMOUTH CITY",64701,"2022","06","VA"
"151883","Locality: 750 RADFORD CITY",8605,"2022","06","VA"
"151887","Locality: 760 RICHMOND CITY",146912,"2022","06","VA"
"151956","Locality: 770 ROANOKE CITY",62109,"2022","06","VA"
"151976","Locality: 775 SALEM CITY",17001,"2022","06","VA"
"151986","Locality: 790 STAUNTON CITY",17207,"2022","06","VA"
"151991","Locality: 800 SUFFOLK CITY",66617,"2022","06","VA"
"152018","Locality: 810 VIRGINIA BEACH CITY",306556,"2022","06","VA"
"152118","Locality: 820 WAYNESBORO CITY",14518,"2022","06","VA"
"152122","Locality: 830 WILLIAMSBURG CITY",9307,"2022","06","VA"
"152124","Locality: 840 WINCHESTER CITY",16909,"2022","06","VA"
"152130","Locality: 001 ACCOMACK COUNTY",24092,"2022","07","VA"
"152146","Locality: 003 ALBEMARLE COUNTY",78964,"2022","07","VA"
"152176","Locality: 005 ALLEGHANY COUNTY",10717,"2022","07","VA"
"152188","Locality: 007 AMELIA COUNTY",9847,"2022","07","VA"
"152193","Locality: 009 AMHERST COUNTY",21973,"2022","07","VA"
"152204","Locality: 011 APPOMATTOX COUNTY",11772,"2022","07","VA"
"152213","Locality: 013 ARLINGTON COUNTY",160425,"2022","07","VA"
"152267","Locality: 015 AUGUSTA COUNTY",53100,"2022","07","VA"
"152295","Locality: 017 BATH COUNTY",3227,"2022","07","VA"
"152302","Locality: 019 BEDFORD COUNTY",60724,"2022","07","VA"
"152334","Locality: 021 BLAND COUNTY",4362,"2022","07","VA"
"152341","Locality: 023 BOTETOURT COUNTY",25461,"2022","07","VA"
"152351","Locality: 025 BRUNSWICK COUNTY",10775,"2022","07","VA"
"152364","Locality: 027 BUCHANAN COUNTY",14414,"2022","07","VA"
"152381","Locality: 029 BUCKINGHAM COUNTY",10740,"2022","07","VA"
"152391","Locality: 031 CAMPBELL COUNTY",39379,"2022","07","VA"
"152407","Locality: 033 CAROLINE COUNTY",21845,"2022","07","VA"
"152420","Locality: 035 CARROLL COUNTY",20491,"2022","07","VA"
"152437","Locality: 036 CHARLES CITY COUNTY",5582,"2022","07","VA"
"152440","Locality: 037 CHARLOTTE COUNTY",8238,"2022","07","VA"
"152447","Locality: 041 CHESTERFIELD COUNTY",254492,"2022","07","VA"
"152533","Locality: 043 CLARKE COUNTY",11675,"2022","07","VA"
"152540","Locality: 045 CRAIG COUNTY",3862,"2022","07","VA"
"152548","Locality: 047 CULPEPER COUNTY",35283,"2022","07","VA"
"152563","Locality: 049 CUMBERLAND COUNTY",7107,"2022","07","VA"
"152568","Locality: 051 DICKENSON COUNTY",9709,"2022","07","VA"
"152579","Locality: 053 DINWIDDIE COUNTY",19916,"2022","07","VA"
"152592","Locality: 057 ESSEX COUNTY",7950,"2022","07","VA"
"152596","Locality: 059 FAIRFAX COUNTY",750821,"2022","07","VA"
"152860","Locality: 061 FAUQUIER COUNTY",53173,"2022","07","VA"
"152880","Locality: 063 FLOYD COUNTY",11439,"2022","07","VA"
"152885","Locality: 065 FLUVANNA COUNTY",20062,"2022","07","VA"
"152890","Locality: 067 FRANKLIN COUNTY",38671,"2022","07","VA"
"152913","Locality: 069 FREDERICK COUNTY",64083,"2022","07","VA"
"152942","Locality: 071 GILES COUNTY",11684,"2022","07","VA"
"152951","Locality: 073 GLOUCESTER COUNTY",28982,"2022","07","VA"
"152962","Locality: 075 GOOCHLAND COUNTY",20533,"2022","07","VA"
"152972","Locality: 077 GRAYSON COUNTY",10596,"2022","07","VA"
"152987","Locality: 079 GREENE COUNTY",14278,"2022","07","VA"
"152993","Locality: 081 GREENSVILLE COUNTY",6250,"2022","07","VA"
"153002","Locality: 083 HALIFAX COUNTY",24350,"2022","07","VA"
"153022","Locality: 085 HANOVER COUNTY",84139,"2022","07","VA"
"153058","Locality: 087 HENRICO COUNTY",230717,"2022","07","VA"
"153152","Locality: 089 HENRY COUNTY",35389,"2022","07","VA"
"153176","Locality: 091 HIGHLAND COUNTY",1866,"2022","07","VA"
"153181","Locality: 093 ISLE OF WIGHT COUNTY",29739,"2022","07","VA"
"153198","Locality: 095 JAMES CITY COUNTY",60857,"2022","07","VA"
"153216","Locality: 097 KING & QUEEN COUNTY",5239,"2022","07","VA"
"153221","Locality: 099 KING GEORGE COUNTY",18703,"2022","07","VA"
"153226","Locality: 101 KING WILLIAM COUNTY",13442,"2022","07","VA"
"153232","Locality: 103 LANCASTER COUNTY",8917,"2022","07","VA"
"153238","Locality: 105 LEE COUNTY",14998,"2022","07","VA"
"153254","Locality: 107 LOUDOUN COUNTY",276207,"2022","07","VA"
"153352","Locality: 109 LOUISA COUNTY",28183,"2022","07","VA"
"153366","Locality: 111 LUNENBURG COUNTY",7866,"2022","07","VA"
"153377","Locality: 113 MADISON COUNTY",10024,"2022","07","VA"
"153386","Locality: 115 MATHEWS COUNTY",7056,"2022","07","VA"
"153389","Locality: 117 MECKLENBURG COUNTY",22124,"2022","07","VA"
"153412","Locality: 119 MIDDLESEX COUNTY",8453,"2022","07","VA"
"153418","Locality: 121 MONTGOMERY COUNTY",57263,"2022","07","VA"
"153447","Locality: 125 NELSON COUNTY",11547,"2022","07","VA"
"153456","Locality: 127 NEW KENT COUNTY",18196,"2022","07","VA"
"153466","Locality: 131 NORTHAMPTON COUNTY",9225,"2022","07","VA"
"153471","Locality: 133 NORTHUMBERLAND COUNTY",9932,"2022","07","VA"
"153476","Locality: 135 NOTTOWAY COUNTY",9375,"2022","07","VA"
"153485","Locality: 137 ORANGE COUNTY",27105,"2022","07","VA"
"153497","Locality: 139 PAGE COUNTY",16596,"2022","07","VA"
"153502","Locality: 141 PATRICK COUNTY",12484,"2022","07","VA"
"153515","Locality: 143 PITTSYLVANIA COUNTY",43918,"2022","07","VA"
"153544","Locality: 145 POWHATAN COUNTY",23507,"2022","07","VA"
"153556","Locality: 147 PRINCE EDWARD COUNTY",12919,"2022","07","VA"
"153566","Locality: 149 PRINCE GEORGE COUNTY",22839,"2022","07","VA"
"153576","Locality: 153 PRINCE WILLIAM COUNTY",297360,"2022","07","VA"
"153679","Locality: 155 PULASKI COUNTY",23110,"2022","07","VA"
"153691","Locality: 157 RAPPAHANNOCK COUNTY",6038,"2022","07","VA"
"153697","Locality: 159 RICHMOND COUNTY",5472,"2022","07","VA"
"153702","Locality: 161 ROANOKE COUNTY",69652,"2022","07","VA"
"153735","Locality: 163 ROCKBRIDGE COUNTY",15682,"2022","07","VA"
"153752","Locality: 165 ROCKINGHAM COUNTY",54761,"2022","07","VA"
"153781","Locality: 167 RUSSELL COUNTY",18721,"2022","07","VA"
"153796","Locality: 169 SCOTT COUNTY",15608,"2022","07","VA"
"153813","Locality: 171 SHENANDOAH COUNTY",31077,"2022","07","VA"
"153825","Locality: 173 SMYTH COUNTY",19618,"2022","07","VA"
"153839","Locality: 175 SOUTHAMPTON COUNTY",12651,"2022","07","VA"
"153852","Locality: 177 SPOTSYLVANIA COUNTY",99746,"2022","07","VA"
"153878","Locality: 179 STAFFORD COUNTY",104142,"2022","07","VA"
"153905","Locality: 181 SURRY COUNTY",5489,"2022","07","VA"
"153911","Locality: 183 SUSSEX COUNTY",6914,"2022","07","VA"
"153922","Locality: 185 TAZEWELL COUNTY",26125,"2022","07","VA"
"153942","Locality: 187 WARREN COUNTY",28861,"2022","07","VA"
"153953","Locality: 191 WASHINGTON COUNTY",37944,"2022","07","VA"
"153972","Locality: 193 WESTMORELAND COUNTY",13529,"2022","07","VA"
"153980","Locality: 195 WISE COUNTY",23733,"2022","07","VA"
"153992","Locality: 197 WYTHE COUNTY",20303,"2022","07","VA"
"154003","Locality: 199 YORK COUNTY",47934,"2022","07","VA"
"154016","Locality: 510 ALEXANDRIA CITY",100428,"2022","07","VA"
"154046","Locality: 520 BRISTOL CITY",11283,"2022","07","VA"
"154050","Locality: 530 BUENA VISTA CITY",4113,"2022","07","VA"
"154052","Locality: 540 CHARLOTTESVILLE CITY",31231,"2022","07","VA"
"154061","Locality: 550 CHESAPEAKE CITY",165523,"2022","07","VA"
"154125","Locality: 570 COLONIAL HEIGHTS CITY",12416,"2022","07","VA"
"154130","Locality: 580 COVINGTON CITY",3731,"2022","07","VA"
"154135","Locality: 590 DANVILLE CITY",27487,"2022","07","VA"
"154151","Locality: 595 EMPORIA CITY",3843,"2022","07","VA"
"154158","Locality: 600 FAIRFAX CITY",16774,"2022","07","VA"
"154164","Locality: 610 FALLS CHURCH CITY",10355,"2022","07","VA"
"154167","Locality: 620 FRANKLIN CITY",5614,"2022","07","VA"
"154173","Locality: 630 FREDERICKSBURG CITY",17856,"2022","07","VA"
"154178","Locality: 640 GALAX CITY",3838,"2022","07","VA"
"154180","Locality: 650 HAMPTON CITY",92240,"2022","07","VA"
"154210","Locality: 660 HARRISONBURG CITY",24171,"2022","07","VA"
"154218","Locality: 670 HOPEWELL CITY",14825,"2022","07","VA"
"154225","Locality: 678 LEXINGTON CITY",3795,"2022","07","VA"
"154226","Locality: 680 LYNCHBURG CITY",50217,"2022","07","VA"
"154244","Locality: 683 MANASSAS CITY",22201,"2022","07","VA"
"154250","Locality: 685 MANASSAS PARK CITY",8347,"2022","07","VA"
"154253","Locality: 690 MARTINSVILLE CITY",8537,"2022","07","VA"
"154259","Locality: 700 NEWPORT NEWS CITY",115359,"2022","07","VA"
"154304","Locality: 710 NORFOLK CITY",129594,"2022","07","VA"
"154352","Locality: 720 NORTON CITY",2457,"2022","07","VA"
"154353","Locality: 730 PETERSBURG CITY",22274,"2022","07","VA"
"154360","Locality: 735 POQUOSON CITY",9282,"2022","07","VA"
"154363","Locality: 740 PORTSMOUTH CITY",64733,"2022","07","VA"
"154394","Locality: 750 RADFORD CITY",8617,"2022","07","VA"
"154398","Locality: 760 RICHMOND CITY",147070,"2022","07","VA"
"154467","Locality: 770 ROANOKE CITY",62166,"2022","07","VA"
"154487","Locality: 775 SALEM CITY",16994,"2022","07","VA"
"154497","Locality: 790 STAUNTON CITY",17229,"2022","07","VA"
"154502","Locality: 800 SUFFOLK CITY",66683,"2022","07","VA"
"154529","Locality: 810 VIRGINIA BEACH CITY",307015,"2022","07","VA"
"154629","Locality: 820 WAYNESBORO CITY",14530,"2022","07","VA"
"154633","Locality: 830 WILLIAMSBURG CITY",9308,"2022","07","VA"
"154635","Locality: 840 WINCHESTER CITY",16933,"2022","07","VA"
"154641","Locality: 001 ACCOMACK COUNTY",24088,"2022","08","VA"
"154657","Locality: 003 ALBEMARLE COUNTY",78929,"2022","08","VA"
"154687","Locality: 005 ALLEGHANY COUNTY",10685,"2022","08","VA"
"154699","Locality: 007 AMELIA COUNTY",9824,"2022","08","VA"
"154704","Locality: 009 AMHERST COUNTY",21920,"2022","08","VA"
"154715","Locality: 011 APPOMATTOX COUNTY",11777,"2022","08","VA"
"154724","Locality: 013 ARLINGTON COUNTY",160434,"2022","08","VA"
"154778","Locality: 015 AUGUSTA COUNTY",53016,"2022","08","VA"
"154806","Locality: 017 BATH COUNTY",3223,"2022","08","VA"
"154813","Locality: 019 BEDFORD COUNTY",60738,"2022","08","VA"
"154846","Locality: 021 BLAND COUNTY",4349,"2022","08","VA"
"154853","Locality: 023 BOTETOURT COUNTY",25478,"2022","08","VA"
"154863","Locality: 025 BRUNSWICK COUNTY",10750,"2022","08","VA"
"154876","Locality: 027 BUCHANAN COUNTY",14367,"2022","08","VA"
"154893","Locality: 029 BUCKINGHAM COUNTY",10742,"2022","08","VA"
"154903","Locality: 031 CAMPBELL COUNTY",39381,"2022","08","VA"
"154919","Locality: 033 CAROLINE COUNTY",21821,"2022","08","VA"
"154932","Locality: 035 CARROLL COUNTY",20494,"2022","08","VA"
"154948","Locality: 036 CHARLES CITY COUNTY",5568,"2022","08","VA"
"154951","Locality: 037 CHARLOTTE COUNTY",8244,"2022","08","VA"
"154958","Locality: 041 CHESTERFIELD COUNTY",254484,"2022","08","VA"
"155044","Locality: 043 CLARKE COUNTY",11684,"2022","08","VA"
"155051","Locality: 045 CRAIG COUNTY",3858,"2022","08","VA"
"155059","Locality: 047 CULPEPER COUNTY",35289,"2022","08","VA"
"155074","Locality: 049 CUMBERLAND COUNTY",7105,"2022","08","VA"
"155079","Locality: 051 DICKENSON COUNTY",9709,"2022","08","VA"
"155090","Locality: 053 DINWIDDIE COUNTY",19923,"2022","08","VA"
"155103","Locality: 057 ESSEX COUNTY",7939,"2022","08","VA"
"155107","Locality: 059 FAIRFAX COUNTY",748958,"2022","08","VA"
"155371","Locality: 061 FAUQUIER COUNTY",53157,"2022","08","VA"
"155396","Locality: 063 FLOYD COUNTY",11443,"2022","08","VA"
"155401","Locality: 065 FLUVANNA COUNTY",20118,"2022","08","VA"
"155406","Locality: 067 FRANKLIN COUNTY",38619,"2022","08","VA"
"155429","Locality: 069 FREDERICK COUNTY",64017,"2022","08","VA"
"155458","Locality: 071 GILES COUNTY",11685,"2022","08","VA"
"155467","Locality: 073 GLOUCESTER COUNTY",28948,"2022","08","VA"
"155478","Locality: 075 GOOCHLAND COUNTY",20542,"2022","08","VA"
"155489","Locality: 077 GRAYSON COUNTY",10585,"2022","08","VA"
"155504","Locality: 079 GREENE COUNTY",14259,"2022","08","VA"
"155510","Locality: 081 GREENSVILLE COUNTY",6253,"2022","08","VA"
"155519","Locality: 083 HALIFAX COUNTY",24325,"2022","08","VA"
"155539","Locality: 085 HANOVER COUNTY",84033,"2022","08","VA"
"155575","Locality: 087 HENRICO COUNTY",230365,"2022","08","VA"
"155669","Locality: 089 HENRY COUNTY",35171,"2022","08","VA"
"155693","Locality: 091 HIGHLAND COUNTY",1832,"2022","08","VA"
"155698","Locality: 093 ISLE OF WIGHT COUNTY",29747,"2022","08","VA"
"155715","Locality: 095 JAMES CITY COUNTY",60895,"2022","08","VA"
"155733","Locality: 097 KING & QUEEN COUNTY",5237,"2022","08","VA"
"155738","Locality: 099 KING GEORGE COUNTY",18696,"2022","08","VA"
"155743","Locality: 101 KING WILLIAM COUNTY",13387,"2022","08","VA"
"155749","Locality: 103 LANCASTER COUNTY",8917,"2022","08","VA"
"155755","Locality: 105 LEE COUNTY",15005,"2022","08","VA"
"155771","Locality: 107 LOUDOUN COUNTY",276057,"2022","08","VA"
"155869","Locality: 109 LOUISA COUNTY",28220,"2022","08","VA"
"155883","Locality: 111 LUNENBURG COUNTY",7867,"2022","08","VA"
"155894","Locality: 113 MADISON COUNTY",10021,"2022","08","VA"
"155903","Locality: 115 MATHEWS COUNTY",7052,"2022","08","VA"
"155906","Locality: 117 MECKLENBURG COUNTY",22073,"2022","08","VA"
"155929","Locality: 119 MIDDLESEX COUNTY",8453,"2022","08","VA"
"155935","Locality: 121 MONTGOMERY COUNTY",57311,"2022","08","VA"
"155964","Locality: 125 NELSON COUNTY",11505,"2022","08","VA"
"155973","Locality: 127 NEW KENT COUNTY",18209,"2022","08","VA"
"155983","Locality: 131 NORTHAMPTON COUNTY",9226,"2022","08","VA"
"155988","Locality: 133 NORTHUMBERLAND COUNTY",9937,"2022","08","VA"
"155993","Locality: 135 NOTTOWAY COUNTY",9326,"2022","08","VA"
"156002","Locality: 137 ORANGE COUNTY",27066,"2022","08","VA"
"156014","Locality: 139 PAGE COUNTY",16571,"2022","08","VA"
"156019","Locality: 141 PATRICK COUNTY",12470,"2022","08","VA"
"156032","Locality: 143 PITTSYLVANIA COUNTY",43870,"2022","08","VA"
"156061","Locality: 145 POWHATAN COUNTY",23466,"2022","08","VA"
"156073","Locality: 147 PRINCE EDWARD COUNTY",12926,"2022","08","VA"
"156083","Locality: 149 PRINCE GEORGE COUNTY",22820,"2022","08","VA"
"156093","Locality: 153 PRINCE WILLIAM COUNTY",297951,"2022","08","VA"
"156196","Locality: 155 PULASKI COUNTY",23091,"2022","08","VA"
"156209","Locality: 157 RAPPAHANNOCK COUNTY",6026,"2022","08","VA"
"156215","Locality: 159 RICHMOND COUNTY",5457,"2022","08","VA"
"156220","Locality: 161 ROANOKE COUNTY",69600,"2022","08","VA"
"156253","Locality: 163 ROCKBRIDGE COUNTY",15688,"2022","08","VA"
"156270","Locality: 165 ROCKINGHAM COUNTY",54588,"2022","08","VA"
"156299","Locality: 167 RUSSELL COUNTY",18717,"2022","08","VA"
"156314","Locality: 169 SCOTT COUNTY",15573,"2022","08","VA"
"156331","Locality: 171 SHENANDOAH COUNTY",31081,"2022","08","VA"
"156343","Locality: 173 SMYTH COUNTY",19553,"2022","08","VA"
"156357","Locality: 175 SOUTHAMPTON COUNTY",12642,"2022","08","VA"
"156370","Locality: 177 SPOTSYLVANIA COUNTY",99682,"2022","08","VA"
"156396","Locality: 179 STAFFORD COUNTY",104236,"2022","08","VA"
"156433","Locality: 181 SURRY COUNTY",5468,"2022","08","VA"
"156439","Locality: 183 SUSSEX COUNTY",6910,"2022","08","VA"
"156450","Locality: 185 TAZEWELL COUNTY",26108,"2022","08","VA"
"156470","Locality: 187 WARREN COUNTY",28880,"2022","08","VA"
"156481","Locality: 191 WASHINGTON COUNTY",37901,"2022","08","VA"
"156500","Locality: 193 WESTMORELAND COUNTY",13540,"2022","08","VA"
"156508","Locality: 195 WISE COUNTY",23615,"2022","08","VA"
"156520","Locality: 197 WYTHE COUNTY",20291,"2022","08","VA"
"156531","Locality: 199 YORK COUNTY",47953,"2022","08","VA"
"156544","Locality: 510 ALEXANDRIA CITY",100198,"2022","08","VA"
"156574","Locality: 520 BRISTOL CITY",11268,"2022","08","VA"
"156578","Locality: 530 BUENA VISTA CITY",4105,"2022","08","VA"
"156580","Locality: 540 CHARLOTTESVILLE CITY",31208,"2022","08","VA"
"156589","Locality: 550 CHESAPEAKE CITY",164839,"2022","08","VA"
"156653","Locality: 570 COLONIAL HEIGHTS CITY",12395,"2022","08","VA"
"156658","Locality: 580 COVINGTON CITY",3741,"2022","08","VA"
"156663","Locality: 590 DANVILLE CITY",27129,"2022","08","VA"
"156679","Locality: 595 EMPORIA CITY",3824,"2022","08","VA"
"156686","Locality: 600 FAIRFAX CITY",16749,"2022","08","VA"
"156692","Locality: 610 FALLS CHURCH CITY",10338,"2022","08","VA"
"156695","Locality: 620 FRANKLIN CITY",5598,"2022","08","VA"
"156701","Locality: 630 FREDERICKSBURG CITY",17747,"2022","08","VA"
"156706","Locality: 640 GALAX CITY",3829,"2022","08","VA"
"156708","Locality: 650 HAMPTON CITY",92254,"2022","08","VA"
"156738","Locality: 660 HARRISONBURG CITY",23983,"2022","08","VA"
"156746","Locality: 670 HOPEWELL CITY",14817,"2022","08","VA"
"156753","Locality: 678 LEXINGTON CITY",3766,"2022","08","VA"
"156754","Locality: 680 LYNCHBURG CITY",49733,"2022","08","VA"
"156772","Locality: 683 MANASSAS CITY",22205,"2022","08","VA"
"156778","Locality: 685 MANASSAS PARK CITY",8346,"2022","08","VA"
"156781","Locality: 690 MARTINSVILLE CITY",8514,"2022","08","VA"
"156787","Locality: 700 NEWPORT NEWS CITY",115258,"2022","08","VA"
"156832","Locality: 710 NORFOLK CITY",129614,"2022","08","VA"
"156880","Locality: 720 NORTON CITY",2455,"2022","08","VA"
"156881","Locality: 730 PETERSBURG CITY",22281,"2022","08","VA"
"156888","Locality: 735 POQUOSON CITY",9252,"2022","08","VA"
"156891","Locality: 740 PORTSMOUTH CITY",64683,"2022","08","VA"
"156922","Locality: 750 RADFORD CITY",8570,"2022","08","VA"
"156926","Locality: 760 RICHMOND CITY",146517,"2022","08","VA"
"156995","Locality: 770 ROANOKE CITY",62156,"2022","08","VA"
"157015","Locality: 775 SALEM CITY",17012,"2022","08","VA"
"157025","Locality: 790 STAUNTON CITY",17233,"2022","08","VA"
"157030","Locality: 800 SUFFOLK CITY",66679,"2022","08","VA"
"157057","Locality: 810 VIRGINIA BEACH CITY",306722,"2022","08","VA"
"157157","Locality: 820 WAYNESBORO CITY",14517,"2022","08","VA"
"157161","Locality: 830 WILLIAMSBURG CITY",9305,"2022","08","VA"
"157163","Locality: 840 WINCHESTER CITY",16919,"2022","08","VA"
"157169","Locality: 001 ACCOMACK COUNTY",23747,"2022","09","VA"
"157185","Locality: 003 ALBEMARLE COUNTY",77338,"2022","09","VA"
"157215","Locality: 005 ALLEGHANY COUNTY",10205,"2022","09","VA"
"157227","Locality: 007 AMELIA COUNTY",9720,"2022","09","VA"
"157232","Locality: 009 AMHERST COUNTY",21705,"2022","09","VA"
"157243","Locality: 011 APPOMATTOX COUNTY",11632,"2022","09","VA"
"157252","Locality: 013 ARLINGTON COUNTY",153842,"2022","09","VA"
"157306","Locality: 015 AUGUSTA COUNTY",52347,"2022","09","VA"
"157334","Locality: 017 BATH COUNTY",3180,"2022","09","VA"
"157341","Locality: 019 BEDFORD COUNTY",59844,"2022","09","VA"
"157373","Locality: 021 BLAND COUNTY",4266,"2022","09","VA"
"157380","Locality: 023 BOTETOURT COUNTY",25211,"2022","09","VA"
"157390","Locality: 025 BRUNSWICK COUNTY",10662,"2022","09","VA"
"157403","Locality: 027 BUCHANAN COUNTY",14297,"2022","09","VA"
"157421","Locality: 029 BUCKINGHAM COUNTY",10603,"2022","09","VA"
"157431","Locality: 031 CAMPBELL COUNTY",38698,"2022","09","VA"
"157447","Locality: 033 CAROLINE COUNTY",21527,"2022","09","VA"
"157460","Locality: 035 CARROLL COUNTY",20284,"2022","09","VA"
"157476","Locality: 036 CHARLES CITY COUNTY",5507,"2022","09","VA"
"157479","Locality: 037 CHARLOTTE COUNTY",8087,"2022","09","VA"
"157486","Locality: 041 CHESTERFIELD COUNTY",250415,"2022","09","VA"
"157572","Locality: 043 CLARKE COUNTY",11490,"2022","09","VA"
"157579","Locality: 045 CRAIG COUNTY",3812,"2022","09","VA"
"157587","Locality: 047 CULPEPER COUNTY",34649,"2022","09","VA"
"157602","Locality: 049 CUMBERLAND COUNTY",7045,"2022","09","VA"
"157607","Locality: 051 DICKENSON COUNTY",9636,"2022","09","VA"
"157618","Locality: 053 DINWIDDIE COUNTY",19694,"2022","09","VA"
"157631","Locality: 057 ESSEX COUNTY",7838,"2022","09","VA"
"157635","Locality: 059 FAIRFAX COUNTY",729776,"2022","09","VA"
"157899","Locality: 061 FAUQUIER COUNTY",52136,"2022","09","VA"
"157923","Locality: 063 FLOYD COUNTY",11310,"2022","09","VA"
"157928","Locality: 065 FLUVANNA COUNTY",19872,"2022","09","VA"
"157933","Locality: 067 FRANKLIN COUNTY",38150,"2022","09","VA"
"157956","Locality: 069 FREDERICK COUNTY",62915,"2022","09","VA"
"157985","Locality: 071 GILES COUNTY",11552,"2022","09","VA"
"157994","Locality: 073 GLOUCESTER COUNTY",28546,"2022","09","VA"
"158005","Locality: 075 GOOCHLAND COUNTY",20210,"2022","09","VA"
"158015","Locality: 077 GRAYSON COUNTY",10479,"2022","09","VA"
"158030","Locality: 079 GREENE COUNTY",14109,"2022","09","VA"
"158036","Locality: 081 GREENSVILLE COUNTY",6149,"2022","09","VA"
"158045","Locality: 083 HALIFAX COUNTY",23929,"2022","09","VA"
"158065","Locality: 085 HANOVER COUNTY",83138,"2022","09","VA"
"158101","Locality: 087 HENRICO COUNTY",226561,"2022","09","VA"
"158195","Locality: 089 HENRY COUNTY",34723,"2022","09","VA"
"158219","Locality: 091 HIGHLAND COUNTY",1816,"2022","09","VA"
"158224","Locality: 093 ISLE OF WIGHT COUNTY",29315,"2022","09","VA"
"158241","Locality: 095 JAMES CITY COUNTY",59678,"2022","09","VA"
"158259","Locality: 097 KING & QUEEN COUNTY",5171,"2022","09","VA"
"158264","Locality: 099 KING GEORGE COUNTY",18043,"2022","09","VA"
"158269","Locality: 101 KING WILLIAM COUNTY",13270,"2022","09","VA"
"158275","Locality: 103 LANCASTER COUNTY",8789,"2022","09","VA"
"158281","Locality: 105 LEE COUNTY",14855,"2022","09","VA"
"158297","Locality: 107 LOUDOUN COUNTY",270028,"2022","09","VA"
"158395","Locality: 109 LOUISA COUNTY",27897,"2022","09","VA"
"158409","Locality: 111 LUNENBURG COUNTY",7772,"2022","09","VA"
"158420","Locality: 113 MADISON COUNTY",9929,"2022","09","VA"
"158429","Locality: 115 MATHEWS COUNTY",6981,"2022","09","VA"
"158432","Locality: 117 MECKLENBURG COUNTY",21867,"2022","09","VA"
"158455","Locality: 119 MIDDLESEX COUNTY",8349,"2022","09","VA"
"158461","Locality: 121 MONTGOMERY COUNTY",55973,"2022","09","VA"
"158490","Locality: 125 NELSON COUNTY",11388,"2022","09","VA"
"158499","Locality: 127 NEW KENT COUNTY",17991,"2022","09","VA"
"158509","Locality: 131 NORTHAMPTON COUNTY",9127,"2022","09","VA"
"158514","Locality: 133 NORTHUMBERLAND COUNTY",9823,"2022","09","VA"
"158519","Locality: 135 NOTTOWAY COUNTY",9220,"2022","09","VA"
"158528","Locality: 137 ORANGE COUNTY",26675,"2022","09","VA"
"158540","Locality: 139 PAGE COUNTY",16387,"2022","09","VA"
"158545","Locality: 141 PATRICK COUNTY",12370,"2022","09","VA"
"158558","Locality: 143 PITTSYLVANIA COUNTY",43412,"2022","09","VA"
"158587","Locality: 145 POWHATAN COUNTY",23230,"2022","09","VA"
"158599","Locality: 147 PRINCE EDWARD COUNTY",12704,"2022","09","VA"
"158609","Locality: 149 PRINCE GEORGE COUNTY",22322,"2022","09","VA"
"158619","Locality: 153 PRINCE WILLIAM COUNTY",290962,"2022","09","VA"
"158722","Locality: 155 PULASKI COUNTY",22802,"2022","09","VA"
"158735","Locality: 157 RAPPAHANNOCK COUNTY",5958,"2022","09","VA"
"158741","Locality: 159 RICHMOND COUNTY",5394,"2022","09","VA"
"158747","Locality: 161 ROANOKE COUNTY",68580,"2022","09","VA"
"158780","Locality: 163 ROCKBRIDGE COUNTY",15441,"2022","09","VA"
"158797","Locality: 165 ROCKINGHAM COUNTY",53925,"2022","09","VA"
"158826","Locality: 167 RUSSELL COUNTY",18525,"2022","09","VA"
"158841","Locality: 169 SCOTT COUNTY",15452,"2022","09","VA"
"158858","Locality: 171 SHENANDOAH COUNTY",30523,"2022","09","VA"
"158872","Locality: 173 SMYTH COUNTY",19358,"2022","09","VA"
"158886","Locality: 175 SOUTHAMPTON COUNTY",12493,"2022","09","VA"
"158897","Locality: 177 SPOTSYLVANIA COUNTY",98040,"2022","09","VA"
"158926","Locality: 179 STAFFORD COUNTY",101565,"2022","09","VA"
"158963","Locality: 181 SURRY COUNTY",5423,"2022","09","VA"
"158969","Locality: 183 SUSSEX COUNTY",6821,"2022","09","VA"
"158979","Locality: 185 TAZEWELL COUNTY",25495,"2022","09","VA"
"158999","Locality: 187 WARREN COUNTY",28315,"2022","09","VA"
"159010","Locality: 191 WASHINGTON COUNTY",37489,"2022","09","VA"
"159029","Locality: 193 WESTMORELAND COUNTY",13319,"2022","09","VA"
"159037","Locality: 195 WISE COUNTY",23462,"2022","09","VA"
"159049","Locality: 197 WYTHE COUNTY",20047,"2022","09","VA"
"159060","Locality: 199 YORK COUNTY",46842,"2022","09","VA"
"159073","Locality: 510 ALEXANDRIA CITY",95708,"2022","09","VA"
"159103","Locality: 520 BRISTOL CITY",10760,"2022","09","VA"
"159107","Locality: 530 BUENA VISTA CITY",4013,"2022","09","VA"
"159109","Locality: 540 CHARLOTTESVILLE CITY",30149,"2022","09","VA"
"159118","Locality: 550 CHESAPEAKE CITY",161766,"2022","09","VA"
"159182","Locality: 570 COLONIAL HEIGHTS CITY",12130,"2022","09","VA"
"159187","Locality: 580 COVINGTON CITY",3675,"2022","09","VA"
"159192","Locality: 590 DANVILLE CITY",26654,"2022","09","VA"
"159208","Locality: 595 EMPORIA CITY",3752,"2022","09","VA"
"159215","Locality: 600 FAIRFAX CITY",16127,"2022","09","VA"
"159221","Locality: 610 FALLS CHURCH CITY",10082,"2022","09","VA"
"159224","Locality: 620 FRANKLIN CITY",5497,"2022","09","VA"
"159230","Locality: 630 FREDERICKSBURG CITY",17290,"2022","09","VA"
"159235","Locality: 640 GALAX CITY",3732,"2022","09","VA"
"159237","Locality: 650 HAMPTON CITY",89677,"2022","09","VA"
"159267","Locality: 660 HARRISONBURG CITY",23396,"2022","09","VA"
"159275","Locality: 670 HOPEWELL CITY",14450,"2022","09","VA"
"159282","Locality: 678 LEXINGTON CITY",3704,"2022","09","VA"
"159283","Locality: 680 LYNCHBURG CITY",48580,"2022","09","VA"
"159301","Locality: 683 MANASSAS CITY",21628,"2022","09","VA"
"159307","Locality: 685 MANASSAS PARK CITY",8089,"2022","09","VA"
"159310","Locality: 690 MARTINSVILLE CITY",8364,"2022","09","VA"
"159316","Locality: 700 NEWPORT NEWS CITY",111694,"2022","09","VA"
"159360","Locality: 710 NORFOLK CITY",125922,"2022","09","VA"
"159408","Locality: 720 NORTON CITY",2408,"2022","09","VA"
"159409","Locality: 730 PETERSBURG CITY",21610,"2022","09","VA"
"159416","Locality: 735 POQUOSON CITY",9113,"2022","09","VA"
"159419","Locality: 740 PORTSMOUTH CITY",62505,"2022","09","VA"
"159450","Locality: 750 RADFORD CITY",8383,"2022","09","VA"
"159454","Locality: 760 RICHMOND CITY",142526,"2022","09","VA"
"159526","Locality: 770 ROANOKE CITY",60571,"2022","09","VA"
"159546","Locality: 775 SALEM CITY",16693,"2022","09","VA"
"159556","Locality: 790 STAUNTON CITY",16852,"2022","09","VA"
"159561","Locality: 800 SUFFOLK CITY",65389,"2022","09","VA"
"159591","Locality: 810 VIRGINIA BEACH CITY",298967,"2022","09","VA"
"159699","Locality: 820 WAYNESBORO CITY",14166,"2022","09","VA"
"159703","Locality: 830 WILLIAMSBURG CITY",8554,"2022","09","VA"
"159705","Locality: 840 WINCHESTER CITY",16404,"2022","09","VA"
"159711","Locality: 001 ACCOMACK COUNTY",23817,"2022","10","VA"
"159727","Locality: 003 ALBEMARLE COUNTY",77870,"2022","10","VA"
"159757","Locality: 005 ALLEGHANY COUNTY",10244,"2022","10","VA"
"159769","Locality: 007 AMELIA COUNTY",9746,"2022","10","VA"
"159774","Locality: 009 AMHERST COUNTY",21740,"2022","10","VA"
"159785","Locality: 011 APPOMATTOX COUNTY",11647,"2022","10","VA"
"159794","Locality: 013 ARLINGTON COUNTY",154780,"2022","10","VA"
"159848","Locality: 015 AUGUSTA COUNTY",52496,"2022","10","VA"
"159876","Locality: 017 BATH COUNTY",3179,"2022","10","VA"
"159883","Locality: 019 BEDFORD COUNTY",60022,"2022","10","VA"
"159915","Locality: 021 BLAND COUNTY",4288,"2022","10","VA"
"159922","Locality: 023 BOTETOURT COUNTY",25289,"2022","10","VA"
"159932","Locality: 025 BRUNSWICK COUNTY",10673,"2022","10","VA"
"159945","Locality: 027 BUCHANAN COUNTY",14274,"2022","10","VA"
"159963","Locality: 029 BUCKINGHAM COUNTY",10608,"2022","10","VA"
"159973","Locality: 031 CAMPBELL COUNTY",38769,"2022","10","VA"
"159989","Locality: 033 CAROLINE COUNTY",21580,"2022","10","VA"
"160002","Locality: 035 CARROLL COUNTY",20298,"2022","10","VA"
"160018","Locality: 036 CHARLES CITY COUNTY",5526,"2022","10","VA"
"160021","Locality: 037 CHARLOTTE COUNTY",8094,"2022","10","VA"
"160028","Locality: 041 CHESTERFIELD COUNTY",251161,"2022","10","VA"
"160114","Locality: 043 CLARKE COUNTY",11527,"2022","10","VA"
"160121","Locality: 045 CRAIG COUNTY",3821,"2022","10","VA"
"160129","Locality: 047 CULPEPER COUNTY",34772,"2022","10","VA"
"160144","Locality: 049 CUMBERLAND COUNTY",7078,"2022","10","VA"
"160149","Locality: 051 DICKENSON COUNTY",9627,"2022","10","VA"
"160160","Locality: 053 DINWIDDIE COUNTY",19733,"2022","10","VA"
"160173","Locality: 057 ESSEX COUNTY",7855,"2022","10","VA"
"160177","Locality: 059 FAIRFAX COUNTY",729294,"2022","10","VA"
"160441","Locality: 061 FAUQUIER COUNTY",52363,"2022","10","VA"
"160465","Locality: 063 FLOYD COUNTY",11335,"2022","10","VA"
"160470","Locality: 065 FLUVANNA COUNTY",19940,"2022","10","VA"
"160475","Locality: 067 FRANKLIN COUNTY",38244,"2022","10","VA"
"160498","Locality: 069 FREDERICK COUNTY",63163,"2022","10","VA"
"160527","Locality: 071 GILES COUNTY",11575,"2022","10","VA"
"160536","Locality: 073 GLOUCESTER COUNTY",28638,"2022","10","VA"
"160547","Locality: 075 GOOCHLAND COUNTY",20303,"2022","10","VA"
"160557","Locality: 077 GRAYSON COUNTY",10473,"2022","10","VA"
"160572","Locality: 079 GREENE COUNTY",14175,"2022","10","VA"
"160578","Locality: 081 GREENSVILLE COUNTY",6150,"2022","10","VA"
"160587","Locality: 083 HALIFAX COUNTY",23961,"2022","10","VA"
"160607","Locality: 085 HANOVER COUNTY",83352,"2022","10","VA"
"160643","Locality: 087 HENRICO COUNTY",227398,"2022","10","VA"
"160737","Locality: 089 HENRY COUNTY",34777,"2022","10","VA"
"160761","Locality: 091 HIGHLAND COUNTY",1813,"2022","10","VA"
"160766","Locality: 093 ISLE OF WIGHT COUNTY",29391,"2022","10","VA"
"160783","Locality: 095 JAMES CITY COUNTY",59950,"2022","10","VA"
"160801","Locality: 097 KING & QUEEN COUNTY",5169,"2022","10","VA"
"160806","Locality: 099 KING GEORGE COUNTY",18104,"2022","10","VA"
"160811","Locality: 101 KING WILLIAM COUNTY",13325,"2022","10","VA"
"160817","Locality: 103 LANCASTER COUNTY",8814,"2022","10","VA"
"160823","Locality: 105 LEE COUNTY",14883,"2022","10","VA"
"160839","Locality: 107 LOUDOUN COUNTY",271353,"2022","10","VA"
"160937","Locality: 109 LOUISA COUNTY",28027,"2022","10","VA"
"160951","Locality: 111 LUNENBURG COUNTY",7766,"2022","10","VA"
"160962","Locality: 113 MADISON COUNTY",9943,"2022","10","VA"
"160971","Locality: 115 MATHEWS COUNTY",7007,"2022","10","VA"
"160974","Locality: 117 MECKLENBURG COUNTY",21906,"2022","10","VA"
"160997","Locality: 119 MIDDLESEX COUNTY",8362,"2022","10","VA"
"161003","Locality: 121 MONTGOMERY COUNTY",56136,"2022","10","VA"
"161032","Locality: 125 NELSON COUNTY",11412,"2022","10","VA"
"161041","Locality: 127 NEW KENT COUNTY",18066,"2022","10","VA"
"161051","Locality: 131 NORTHAMPTON COUNTY",9158,"2022","10","VA"
"161056","Locality: 133 NORTHUMBERLAND COUNTY",9889,"2022","10","VA"
"161061","Locality: 135 NOTTOWAY COUNTY",9224,"2022","10","VA"
"161070","Locality: 137 ORANGE COUNTY",26782,"2022","10","VA"
"161082","Locality: 139 PAGE COUNTY",16444,"2022","10","VA"
"161087","Locality: 141 PATRICK COUNTY",12397,"2022","10","VA"
"161100","Locality: 143 PITTSYLVANIA COUNTY",43434,"2022","10","VA"
"161129","Locality: 145 POWHATAN COUNTY",23302,"2022","10","VA"
"161141","Locality: 147 PRINCE EDWARD COUNTY",12747,"2022","10","VA"
"161151","Locality: 149 PRINCE GEORGE COUNTY",22379,"2022","10","VA"
"161161","Locality: 153 PRINCE WILLIAM COUNTY",292183,"2022","10","VA"
"161264","Locality: 155 PULASKI COUNTY",22826,"2022","10","VA"
"161277","Locality: 157 RAPPAHANNOCK COUNTY",5952,"2022","10","VA"
"161283","Locality: 159 RICHMOND COUNTY",5394,"2022","10","VA"
"161289","Locality: 161 ROANOKE COUNTY",68737,"2022","10","VA"
"161322","Locality: 163 ROCKBRIDGE COUNTY",15485,"2022","10","VA"
"161339","Locality: 165 ROCKINGHAM COUNTY",54027,"2022","10","VA"
"161368","Locality: 167 RUSSELL COUNTY",18554,"2022","10","VA"
"161383","Locality: 169 SCOTT COUNTY",15454,"2022","10","VA"
"161400","Locality: 171 SHENANDOAH COUNTY",30586,"2022","10","VA"
"161414","Locality: 173 SMYTH COUNTY",19385,"2022","10","VA"
"161428","Locality: 175 SOUTHAMPTON COUNTY",12560,"2022","10","VA"
"161441","Locality: 177 SPOTSYLVANIA COUNTY",98364,"2022","10","VA"
"161470","Locality: 179 STAFFORD COUNTY",101998,"2022","10","VA"
"161507","Locality: 181 SURRY COUNTY",5434,"2022","10","VA"
"161513","Locality: 183 SUSSEX COUNTY",6817,"2022","10","VA"
"161523","Locality: 185 TAZEWELL COUNTY",25537,"2022","10","VA"
"161543","Locality: 187 WARREN COUNTY",28405,"2022","10","VA"
"161554","Locality: 191 WASHINGTON COUNTY",37557,"2022","10","VA"
"161573","Locality: 193 WESTMORELAND COUNTY",13354,"2022","10","VA"
"161581","Locality: 195 WISE COUNTY",23502,"2022","10","VA"
"161593","Locality: 197 WYTHE COUNTY",20068,"2022","10","VA"
"161604","Locality: 199 YORK COUNTY",47004,"2022","10","VA"
"161617","Locality: 510 ALEXANDRIA CITY",96324,"2022","10","VA"
"161647","Locality: 520 BRISTOL CITY",10791,"2022","10","VA"
"161651","Locality: 530 BUENA VISTA CITY",4013,"2022","10","VA"
"161653","Locality: 540 CHARLOTTESVILLE CITY",30348,"2022","10","VA"
"161662","Locality: 550 CHESAPEAKE CITY",162226,"2022","10","VA"
"161726","Locality: 570 COLONIAL HEIGHTS CITY",12147,"2022","10","VA"
"161731","Locality: 580 COVINGTON CITY",3676,"2022","10","VA"
"161736","Locality: 590 DANVILLE CITY",26705,"2022","10","VA"
"161752","Locality: 595 EMPORIA CITY",3751,"2022","10","VA"
"161759","Locality: 600 FAIRFAX CITY",16250,"2022","10","VA"
"161765","Locality: 610 FALLS CHURCH CITY",10177,"2022","10","VA"
"161768","Locality: 620 FRANKLIN CITY",5522,"2022","10","VA"
"161774","Locality: 630 FREDERICKSBURG CITY",17382,"2022","10","VA"
"161779","Locality: 640 GALAX CITY",3750,"2022","10","VA"
"161781","Locality: 650 HAMPTON CITY",89809,"2022","10","VA"
"161811","Locality: 660 HARRISONBURG CITY",23465,"2022","10","VA"
"161819","Locality: 670 HOPEWELL CITY",14490,"2022","10","VA"
"161826","Locality: 678 LEXINGTON CITY",3726,"2022","10","VA"
"161827","Locality: 680 LYNCHBURG CITY",48726,"2022","10","VA"
"161845","Locality: 683 MANASSAS CITY",21710,"2022","10","VA"
"161851","Locality: 685 MANASSAS PARK CITY",8106,"2022","10","VA"
"161854","Locality: 690 MARTINSVILLE CITY",8382,"2022","10","VA"
"161860","Locality: 700 NEWPORT NEWS CITY",111964,"2022","10","VA"
"161904","Locality: 710 NORFOLK CITY",126268,"2022","10","VA"
"161952","Locality: 720 NORTON CITY",2419,"2022","10","VA"
"161953","Locality: 730 PETERSBURG CITY",21625,"2022","10","VA"
"161960","Locality: 735 POQUOSON CITY",9137,"2022","10","VA"
"161963","Locality: 740 PORTSMOUTH CITY",62634,"2022","10","VA"
"161994","Locality: 750 RADFORD CITY",8426,"2022","10","VA"
"161998","Locality: 760 RICHMOND CITY",143106,"2022","10","VA"
"162070","Locality: 770 ROANOKE CITY",60676,"2022","10","VA"
"162090","Locality: 775 SALEM CITY",16735,"2022","10","VA"
"162100","Locality: 790 STAUNTON CITY",16914,"2022","10","VA"
"162105","Locality: 800 SUFFOLK CITY",65610,"2022","10","VA"
"162135","Locality: 810 VIRGINIA BEACH CITY",300201,"2022","10","VA"
"162243","Locality: 820 WAYNESBORO CITY",14202,"2022","10","VA"
"162247","Locality: 830 WILLIAMSBURG CITY",8668,"2022","10","VA"
"162249","Locality: 840 WINCHESTER CITY",16448,"2022","10","VA"
"162255","Locality: 001 ACCOMACK COUNTY",24050,"2022","11","VA"
"162271","Locality: 003 ALBEMARLE COUNTY",78865,"2022","11","VA"
"162301","Locality: 005 ALLEGHANY COUNTY",10383,"2022","11","VA"
"162313","Locality: 007 AMELIA COUNTY",9835,"2022","11","VA"
"162318","Locality: 009 AMHERST COUNTY",21908,"2022","11","VA"
"162329","Locality: 011 APPOMATTOX COUNTY",11761,"2022","11","VA"
"162338","Locality: 013 ARLINGTON COUNTY",157160,"2022","11","VA"
"162392","Locality: 015 AUGUSTA COUNTY",52878,"2022","11","VA"
"162420","Locality: 017 BATH COUNTY",3218,"2022","11","VA"
"162427","Locality: 019 BEDFORD COUNTY",60581,"2022","11","VA"
"162459","Locality: 021 BLAND COUNTY",4324,"2022","11","VA"
"162466","Locality: 023 BOTETOURT COUNTY",25495,"2022","11","VA"
"162476","Locality: 025 BRUNSWICK COUNTY",10705,"2022","11","VA"
"162489","Locality: 027 BUCHANAN COUNTY",14327,"2022","11","VA"
"162507","Locality: 029 BUCKINGHAM COUNTY",10673,"2022","11","VA"
"162517","Locality: 031 CAMPBELL COUNTY",39110,"2022","11","VA"
"162533","Locality: 033 CAROLINE COUNTY",21777,"2022","11","VA"
"162546","Locality: 035 CARROLL COUNTY",20498,"2022","11","VA"
"162562","Locality: 036 CHARLES CITY COUNTY",5585,"2022","11","VA"
"162565","Locality: 037 CHARLOTTE COUNTY",8137,"2022","11","VA"
"162572","Locality: 041 CHESTERFIELD COUNTY",253843,"2022","11","VA"
"162658","Locality: 043 CLARKE COUNTY",11648,"2022","11","VA"
"162665","Locality: 045 CRAIG COUNTY",3829,"2022","11","VA"
"162673","Locality: 047 CULPEPER COUNTY",35285,"2022","11","VA"
"162688","Locality: 049 CUMBERLAND COUNTY",7130,"2022","11","VA"
"162693","Locality: 051 DICKENSON COUNTY",9677,"2022","11","VA"
"162704","Locality: 053 DINWIDDIE COUNTY",19925,"2022","11","VA"
"162717","Locality: 057 ESSEX COUNTY",7970,"2022","11","VA"
"162721","Locality: 059 FAIRFAX COUNTY",736099,"2022","11","VA"
"162985","Locality: 061 FAUQUIER COUNTY",52929,"2022","11","VA"
"163009","Locality: 063 FLOYD COUNTY",11410,"2022","11","VA"
"163014","Locality: 065 FLUVANNA COUNTY",20160,"2022","11","VA"
"163019","Locality: 067 FRANKLIN COUNTY",38549,"2022","11","VA"
"163042","Locality: 069 FREDERICK COUNTY",63841,"2022","11","VA"
"163071","Locality: 071 GILES COUNTY",11685,"2022","11","VA"
"163080","Locality: 073 GLOUCESTER COUNTY",28967,"2022","11","VA"
"163091","Locality: 075 GOOCHLAND COUNTY",20533,"2022","11","VA"
"163101","Locality: 077 GRAYSON COUNTY",10534,"2022","11","VA"
"163116","Locality: 079 GREENE COUNTY",14332,"2022","11","VA"
"163122","Locality: 081 GREENSVILLE COUNTY",6190,"2022","11","VA"
"163131","Locality: 083 HALIFAX COUNTY",24130,"2022","11","VA"
"163151","Locality: 085 HANOVER COUNTY",84155,"2022","11","VA"
"163187","Locality: 087 HENRICO COUNTY",229178,"2022","11","VA"
"163281","Locality: 089 HENRY COUNTY",34988,"2022","11","VA"
"163305","Locality: 091 HIGHLAND COUNTY",1823,"2022","11","VA"
"163310","Locality: 093 ISLE OF WIGHT COUNTY",29758,"2022","11","VA"
"163327","Locality: 095 JAMES CITY COUNTY",60635,"2022","11","VA"
"163345","Locality: 097 KING & QUEEN COUNTY",5200,"2022","11","VA"
"163350","Locality: 099 KING GEORGE COUNTY",18329,"2022","11","VA"
"163355","Locality: 101 KING WILLIAM COUNTY",13443,"2022","11","VA"
"163361","Locality: 103 LANCASTER COUNTY",8932,"2022","11","VA"
"163367","Locality: 105 LEE COUNTY",15002,"2022","11","VA"
"163383","Locality: 107 LOUDOUN COUNTY",274437,"2022","11","VA"
"163481","Locality: 109 LOUISA COUNTY",28477,"2022","11","VA"
"163495","Locality: 111 LUNENBURG COUNTY",7812,"2022","11","VA"
"163506","Locality: 113 MADISON COUNTY",10008,"2022","11","VA"
"163515","Locality: 115 MATHEWS COUNTY",7081,"2022","11","VA"
"163518","Locality: 117 MECKLENBURG COUNTY",22127,"2022","11","VA"
"163541","Locality: 119 MIDDLESEX COUNTY",8441,"2022","11","VA"
"163547","Locality: 121 MONTGOMERY COUNTY",56611,"2022","11","VA"
"163576","Locality: 125 NELSON COUNTY",11501,"2022","11","VA"
"163585","Locality: 127 NEW KENT COUNTY",18285,"2022","11","VA"
"163595","Locality: 131 NORTHAMPTON COUNTY",9270,"2022","11","VA"
"163600","Locality: 133 NORTHUMBERLAND COUNTY",10043,"2022","11","VA"
"163605","Locality: 135 NOTTOWAY COUNTY",9278,"2022","11","VA"
"163614","Locality: 137 ORANGE COUNTY",27192,"2022","11","VA"
"163626","Locality: 139 PAGE COUNTY",16568,"2022","11","VA"
"163631","Locality: 141 PATRICK COUNTY",12499,"2022","11","VA"
"163644","Locality: 143 PITTSYLVANIA COUNTY",43664,"2022","11","VA"
"163673","Locality: 145 POWHATAN COUNTY",23467,"2022","11","VA"
"163685","Locality: 147 PRINCE EDWARD COUNTY",12841,"2022","11","VA"
"163695","Locality: 149 PRINCE GEORGE COUNTY",22682,"2022","11","VA"
"163705","Locality: 153 PRINCE WILLIAM COUNTY",295029,"2022","11","VA"
"163808","Locality: 155 PULASKI COUNTY",23002,"2022","11","VA"
"163821","Locality: 157 RAPPAHANNOCK COUNTY",6000,"2022","11","VA"
"163827","Locality: 159 RICHMOND COUNTY",5453,"2022","11","VA"
"163833","Locality: 161 ROANOKE COUNTY",69289,"2022","11","VA"
"163866","Locality: 163 ROCKBRIDGE COUNTY",15672,"2022","11","VA"
"163883","Locality: 165 ROCKINGHAM COUNTY",54475,"2022","11","VA"
"163912","Locality: 167 RUSSELL COUNTY",18613,"2022","11","VA"
"163927","Locality: 169 SCOTT COUNTY",15574,"2022","11","VA"
"163944","Locality: 171 SHENANDOAH COUNTY",30796,"2022","11","VA"
"163958","Locality: 173 SMYTH COUNTY",19505,"2022","11","VA"
"163972","Locality: 175 SOUTHAMPTON COUNTY",12692,"2022","11","VA"
"163985","Locality: 177 SPOTSYLVANIA COUNTY",99540,"2022","11","VA"
"164014","Locality: 179 STAFFORD COUNTY",103012,"2022","11","VA"
"164051","Locality: 181 SURRY COUNTY",5476,"2022","11","VA"
"164057","Locality: 183 SUSSEX COUNTY",6883,"2022","11","VA"
"164067","Locality: 185 TAZEWELL COUNTY",25845,"2022","11","VA"
"164087","Locality: 187 WARREN COUNTY",28721,"2022","11","VA"
"164098","Locality: 191 WASHINGTON COUNTY",37959,"2022","11","VA"
"164117","Locality: 193 WESTMORELAND COUNTY",13559,"2022","11","VA"
"164125","Locality: 195 WISE COUNTY",23716,"2022","11","VA"
"164137","Locality: 197 WYTHE COUNTY",20185,"2022","11","VA"
"164148","Locality: 199 YORK COUNTY",47551,"2022","11","VA"
"164161","Locality: 510 ALEXANDRIA CITY",98307,"2022","11","VA"
"164191","Locality: 520 BRISTOL CITY",10979,"2022","11","VA"
"164195","Locality: 530 BUENA VISTA CITY",4080,"2022","11","VA"
"164197","Locality: 540 CHARLOTTESVILLE CITY",30835,"2022","11","VA"
"164206","Locality: 550 CHESAPEAKE CITY",164019,"2022","11","VA"
"164270","Locality: 570 COLONIAL HEIGHTS CITY",12274,"2022","11","VA"
"164275","Locality: 580 COVINGTON CITY",3694,"2022","11","VA"
"164280","Locality: 590 DANVILLE CITY",26896,"2022","11","VA"
"164296","Locality: 595 EMPORIA CITY",3771,"2022","11","VA"
"164303","Locality: 600 FAIRFAX CITY",16466,"2022","11","VA"
"164309","Locality: 610 FALLS CHURCH CITY",10231,"2022","11","VA"
"164312","Locality: 620 FRANKLIN CITY",5605,"2022","11","VA"
"164318","Locality: 630 FREDERICKSBURG CITY",17705,"2022","11","VA"
"164323","Locality: 640 GALAX CITY",3828,"2022","11","VA"
"164325","Locality: 650 HAMPTON CITY",90603,"2022","11","VA"
"164355","Locality: 660 HARRISONBURG CITY",23618,"2022","11","VA"
"164363","Locality: 670 HOPEWELL CITY",14609,"2022","11","VA"
"164370","Locality: 678 LEXINGTON CITY",3818,"2022","11","VA"
"164371","Locality: 680 LYNCHBURG CITY",49388,"2022","11","VA"
"164389","Locality: 683 MANASSAS CITY",21955,"2022","11","VA"
"164395","Locality: 685 MANASSAS PARK CITY",8241,"2022","11","VA"
"164398","Locality: 690 MARTINSVILLE CITY",8499,"2022","11","VA"
"164404","Locality: 700 NEWPORT NEWS CITY",113192,"2022","11","VA"
"164448","Locality: 710 NORFOLK CITY",127783,"2022","11","VA"
"164496","Locality: 720 NORTON CITY",2457,"2022","11","VA"
"164497","Locality: 730 PETERSBURG CITY",21832,"2022","11","VA"
"164504","Locality: 735 POQUOSON CITY",9199,"2022","11","VA"
"164507","Locality: 740 PORTSMOUTH CITY",63239,"2022","11","VA"
"164538","Locality: 750 RADFORD CITY",8537,"2022","11","VA"
"164542","Locality: 760 RICHMOND CITY",144968,"2022","11","VA"
"164614","Locality: 770 ROANOKE CITY",61321,"2022","11","VA"
"164634","Locality: 775 SALEM CITY",16852,"2022","11","VA"
"164644","Locality: 790 STAUNTON CITY",17160,"2022","11","VA"
"164649","Locality: 800 SUFFOLK CITY",66432,"2022","11","VA"
"164679","Locality: 810 VIRGINIA BEACH CITY",303726,"2022","11","VA"
"164787","Locality: 820 WAYNESBORO CITY",14459,"2022","11","VA"
"164791","Locality: 830 WILLIAMSBURG CITY",8901,"2022","11","VA"
"164793","Locality: 840 WINCHESTER CITY",16629,"2022","11","VA"
"164799","Locality: 001 ACCOMACK COUNTY",24276,"2022","12","VA"
"164815","Locality: 003 ALBEMARLE COUNTY",80065,"2022","12","VA"
"164845","Locality: 005 ALLEGHANY COUNTY",10465,"2022","12","VA"
"164857","Locality: 007 AMELIA COUNTY",9910,"2022","12","VA"
"164862","Locality: 009 AMHERST COUNTY",22085,"2022","12","VA"
"164873","Locality: 011 APPOMATTOX COUNTY",11834,"2022","12","VA"
"164882","Locality: 013 ARLINGTON COUNTY",160142,"2022","12","VA"
"164936","Locality: 015 AUGUSTA COUNTY",53410,"2022","12","VA"
"164964","Locality: 017 BATH COUNTY",3231,"2022","12","VA"
"164971","Locality: 019 BEDFORD COUNTY",61073,"2022","12","VA"
"165003","Locality: 021 BLAND COUNTY",4333,"2022","12","VA"
"165010","Locality: 023 BOTETOURT COUNTY",25699,"2022","12","VA"
"165020","Locality: 025 BRUNSWICK COUNTY",10767,"2022","12","VA"
"165033","Locality: 027 BUCHANAN COUNTY",14337,"2022","12","VA"
"165051","Locality: 029 BUCKINGHAM COUNTY",10764,"2022","12","VA"
"165061","Locality: 031 CAMPBELL COUNTY",39508,"2022","12","VA"
"165077","Locality: 033 CAROLINE COUNTY",22051,"2022","12","VA"
"165090","Locality: 035 CARROLL COUNTY",20624,"2022","12","VA"
"165106","Locality: 036 CHARLES CITY COUNTY",5602,"2022","12","VA"
"165109","Locality: 037 CHARLOTTE COUNTY",8223,"2022","12","VA"
"165116","Locality: 041 CHESTERFIELD COUNTY",256629,"2022","12","VA"
"165202","Locality: 043 CLARKE COUNTY",11759,"2022","12","VA"
"165209","Locality: 045 CRAIG COUNTY",3847,"2022","12","VA"
"165217","Locality: 047 CULPEPER COUNTY",35649,"2022","12","VA"
"165232","Locality: 049 CUMBERLAND COUNTY",7197,"2022","12","VA"
"165237","Locality: 051 DICKENSON COUNTY",9704,"2022","12","VA"
"165248","Locality: 053 DINWIDDIE COUNTY",20039,"2022","12","VA"
"165261","Locality: 057 ESSEX COUNTY",8066,"2022","12","VA"
"165265","Locality: 059 FAIRFAX COUNTY",744177,"2022","12","VA"
"165529","Locality: 061 FAUQUIER COUNTY",53525,"2022","12","VA"
"165553","Locality: 063 FLOYD COUNTY",11490,"2022","12","VA"
"165558","Locality: 065 FLUVANNA COUNTY",20294,"2022","12","VA"
"165563","Locality: 067 FRANKLIN COUNTY",38660,"2022","12","VA"
"165586","Locality: 069 FREDERICK COUNTY",64650,"2022","12","VA"
"165615","Locality: 071 GILES COUNTY",11711,"2022","12","VA"
"165624","Locality: 073 GLOUCESTER COUNTY",29193,"2022","12","VA"
"165635","Locality: 075 GOOCHLAND COUNTY",20798,"2022","12","VA"
"165645","Locality: 077 GRAYSON COUNTY",10607,"2022","12","VA"
"165660","Locality: 079 GREENE COUNTY",14473,"2022","12","VA"
"165666","Locality: 081 GREENSVILLE COUNTY",6211,"2022","12","VA"
"165675","Locality: 083 HALIFAX COUNTY",24313,"2022","12","VA"
"165695","Locality: 085 HANOVER COUNTY",84644,"2022","12","VA"
"165731","Locality: 087 HENRICO COUNTY",229855,"2022","12","VA"
"165825","Locality: 089 HENRY COUNTY",35266,"2022","12","VA"
"165849","Locality: 091 HIGHLAND COUNTY",1830,"2022","12","VA"
"165854","Locality: 093 ISLE OF WIGHT COUNTY",30001,"2022","12","VA"
"165871","Locality: 095 JAMES CITY COUNTY",61278,"2022","12","VA"
"165889","Locality: 097 KING & QUEEN COUNTY",5250,"2022","12","VA"
"165894","Locality: 099 KING GEORGE COUNTY",18636,"2022","12","VA"
"165899","Locality: 101 KING WILLIAM COUNTY",13572,"2022","12","VA"
"165905","Locality: 103 LANCASTER COUNTY",8968,"2022","12","VA"
"165911","Locality: 105 LEE COUNTY",15073,"2022","12","VA"
"165927","Locality: 107 LOUDOUN COUNTY",276631,"2022","12","VA"
"166025","Locality: 109 LOUISA COUNTY",28688,"2022","12","VA"
"166039","Locality: 111 LUNENBURG COUNTY",7833,"2022","12","VA"
"166050","Locality: 113 MADISON COUNTY",10105,"2022","12","VA"
"166059","Locality: 115 MATHEWS COUNTY",7113,"2022","12","VA"
"166062","Locality: 117 MECKLENBURG COUNTY",22202,"2022","12","VA"
"166085","Locality: 119 MIDDLESEX COUNTY",8493,"2022","12","VA"
"166091","Locality: 121 MONTGOMERY COUNTY",57323,"2022","12","VA"
"166120","Locality: 125 NELSON COUNTY",11533,"2022","12","VA"
"166129","Locality: 127 NEW KENT COUNTY",18532,"2022","12","VA"
"166139","Locality: 131 NORTHAMPTON COUNTY",9335,"2022","12","VA"
"166144","Locality: 133 NORTHUMBERLAND COUNTY",10098,"2022","12","VA"
"166149","Locality: 135 NOTTOWAY COUNTY",9380,"2022","12","VA"
"166158","Locality: 137 ORANGE COUNTY",27409,"2022","12","VA"
"166170","Locality: 139 PAGE COUNTY",16611,"2022","12","VA"
"166175","Locality: 141 PATRICK COUNTY",12543,"2022","12","VA"
"166188","Locality: 143 PITTSYLVANIA COUNTY",43943,"2022","12","VA"
"166217","Locality: 145 POWHATAN COUNTY",23681,"2022","12","VA"
"166229","Locality: 147 PRINCE EDWARD COUNTY",12992,"2022","12","VA"
"166239","Locality: 149 PRINCE GEORGE COUNTY",22886,"2022","12","VA"
"166249","Locality: 153 PRINCE WILLIAM COUNTY",296849,"2022","12","VA"
"166352","Locality: 155 PULASKI COUNTY",23163,"2022","12","VA"
"166365","Locality: 157 RAPPAHANNOCK COUNTY",6059,"2022","12","VA"
"166371","Locality: 159 RICHMOND COUNTY",5463,"2022","12","VA"
"166377","Locality: 161 ROANOKE COUNTY",69949,"2022","12","VA"
"166410","Locality: 163 ROCKBRIDGE COUNTY",15769,"2022","12","VA"
"166427","Locality: 165 ROCKINGHAM COUNTY",54999,"2022","12","VA"
"166456","Locality: 167 RUSSELL COUNTY",18760,"2022","12","VA"
"166471","Locality: 169 SCOTT COUNTY",15619,"2022","12","VA"
"166488","Locality: 171 SHENANDOAH COUNTY",31097,"2022","12","VA"
"166502","Locality: 173 SMYTH COUNTY",19636,"2022","12","VA"
"166516","Locality: 175 SOUTHAMPTON COUNTY",12801,"2022","12","VA"
"166529","Locality: 177 SPOTSYLVANIA COUNTY",100360,"2022","12","VA"
"166558","Locality: 179 STAFFORD COUNTY",104693,"2022","12","VA"
"166595","Locality: 181 SURRY COUNTY",5484,"2022","12","VA"
"166601","Locality: 183 SUSSEX COUNTY",6896,"2022","12","VA"
"166611","Locality: 185 TAZEWELL COUNTY",25989,"2022","12","VA"
"166631","Locality: 187 WARREN COUNTY",29083,"2022","12","VA"
"166642","Locality: 191 WASHINGTON COUNTY",38162,"2022","12","VA"
"166661","Locality: 193 WESTMORELAND COUNTY",13657,"2022","12","VA"
"166669","Locality: 195 WISE COUNTY",23884,"2022","12","VA"
"166681","Locality: 197 WYTHE COUNTY",20354,"2022","12","VA"
"166692","Locality: 199 YORK COUNTY",47946,"2022","12","VA"
"166705","Locality: 510 ALEXANDRIA CITY",99355,"2022","12","VA"
"166735","Locality: 520 BRISTOL CITY",11099,"2022","12","VA"
"166739","Locality: 530 BUENA VISTA CITY",4103,"2022","12","VA"
"166741","Locality: 540 CHARLOTTESVILLE CITY",31683,"2022","12","VA"
"166750","Locality: 550 CHESAPEAKE CITY",166297,"2022","12","VA"
"166814","Locality: 570 COLONIAL HEIGHTS CITY",12394,"2022","12","VA"
"166819","Locality: 580 COVINGTON CITY",3721,"2022","12","VA"
"166824","Locality: 590 DANVILLE CITY",27136,"2022","12","VA"
"166840","Locality: 595 EMPORIA CITY",3791,"2022","12","VA"
"166847","Locality: 600 FAIRFAX CITY",16666,"2022","12","VA"
"166853","Locality: 610 FALLS CHURCH CITY",10375,"2022","12","VA"
"166856","Locality: 620 FRANKLIN CITY",5627,"2022","12","VA"
"166862","Locality: 630 FREDERICKSBURG CITY",17934,"2022","12","VA"
"166867","Locality: 640 GALAX CITY",3842,"2022","12","VA"
"166869","Locality: 650 HAMPTON CITY",91127,"2022","12","VA"
"166899","Locality: 660 HARRISONBURG CITY",23976,"2022","12","VA"
"166907","Locality: 670 HOPEWELL CITY",14790,"2022","12","VA"
"166914","Locality: 678 LEXINGTON CITY",3837,"2022","12","VA"
"166915","Locality: 680 LYNCHBURG CITY",50307,"2022","12","VA"
"166933","Locality: 683 MANASSAS CITY",22239,"2022","12","VA"
"166939","Locality: 685 MANASSAS PARK CITY",8306,"2022","12","VA"
"166942","Locality: 690 MARTINSVILLE CITY",8578,"2022","12","VA"
"166948","Locality: 700 NEWPORT NEWS CITY",114326,"2022","12","VA"
"166992","Locality: 710 NORFOLK CITY",129049,"2022","12","VA"
"167041","Locality: 720 NORTON CITY",2481,"2022","12","VA"
"167042","Locality: 730 PETERSBURG CITY",22074,"2022","12","VA"
"167049","Locality: 735 POQUOSON CITY",9263,"2022","12","VA"
"167052","Locality: 740 PORTSMOUTH CITY",63741,"2022","12","VA"
"167083","Locality: 750 RADFORD CITY",8604,"2022","12","VA"
"167087","Locality: 760 RICHMOND CITY",145464,"2022","12","VA"
"167159","Locality: 770 ROANOKE CITY",61926,"2022","12","VA"
"167179","Locality: 775 SALEM CITY",16945,"2022","12","VA"
"167189","Locality: 790 STAUNTON CITY",17207,"2022","12","VA"
"167194","Locality: 800 SUFFOLK CITY",67459,"2022","12","VA"
"167224","Locality: 810 VIRGINIA BEACH CITY",307525,"2022","12","VA"
"167332","Locality: 820 WAYNESBORO CITY",14671,"2022","12","VA"
"167336","Locality: 830 WILLIAMSBURG CITY",9235,"2022","12","VA"
"167338","Locality: 840 WINCHESTER CITY",16848,"2022","12","VA"
"167344","Locality: 001 ACCOMACK COUNTY",24274,"2023","01","VA"
"167360","Locality: 003 ALBEMARLE COUNTY",80185,"2023","01","VA"
"167390","Locality: 005 ALLEGHANY COUNTY",10437,"2023","01","VA"
"167402","Locality: 007 AMELIA COUNTY",9921,"2023","01","VA"
"167407","Locality: 009 AMHERST COUNTY",22027,"2023","01","VA"
"167420","Locality: 011 APPOMATTOX COUNTY",11849,"2023","01","VA"
"167429","Locality: 013 ARLINGTON COUNTY",160260,"2023","01","VA"
"167483","Locality: 015 AUGUSTA COUNTY",53409,"2023","01","VA"
"167512","Locality: 017 BATH COUNTY",3224,"2023","01","VA"
"167519","Locality: 019 BEDFORD COUNTY",60990,"2023","01","VA"
"167551","Locality: 021 BLAND COUNTY",4337,"2023","01","VA"
"167558","Locality: 023 BOTETOURT COUNTY",25680,"2023","01","VA"
"167568","Locality: 025 BRUNSWICK COUNTY",10734,"2023","01","VA"
"167581","Locality: 027 BUCHANAN COUNTY",14264,"2023","01","VA"
"167599","Locality: 029 BUCKINGHAM COUNTY",10734,"2023","01","VA"
"167609","Locality: 031 CAMPBELL COUNTY",39474,"2023","01","VA"
"167625","Locality: 033 CAROLINE COUNTY",22038,"2023","01","VA"
"167638","Locality: 035 CARROLL COUNTY",20608,"2023","01","VA"
"167654","Locality: 036 CHARLES CITY COUNTY",5597,"2023","01","VA"
"167657","Locality: 037 CHARLOTTE COUNTY",8206,"2023","01","VA"
"167664","Locality: 041 CHESTERFIELD COUNTY",256395,"2023","01","VA"
"167750","Locality: 043 CLARKE COUNTY",11747,"2023","01","VA"
"167757","Locality: 045 CRAIG COUNTY",3841,"2023","01","VA"
"167765","Locality: 047 CULPEPER COUNTY",35629,"2023","01","VA"
"167780","Locality: 049 CUMBERLAND COUNTY",7178,"2023","01","VA"
"167785","Locality: 051 DICKENSON COUNTY",9672,"2023","01","VA"
"167796","Locality: 053 DINWIDDIE COUNTY",20007,"2023","01","VA"
"167809","Locality: 057 ESSEX COUNTY",8042,"2023","01","VA"
"167813","Locality: 059 FAIRFAX COUNTY",744682,"2023","01","VA"
"168077","Locality: 061 FAUQUIER COUNTY",53521,"2023","01","VA"
"168101","Locality: 063 FLOYD COUNTY",11513,"2023","01","VA"
"168106","Locality: 065 FLUVANNA COUNTY",20294,"2023","01","VA"
"168111","Locality: 067 FRANKLIN COUNTY",38798,"2023","01","VA"
"168134","Locality: 069 FREDERICK COUNTY",64771,"2023","01","VA"
"168163","Locality: 071 GILES COUNTY",11683,"2023","01","VA"
"168172","Locality: 073 GLOUCESTER COUNTY",29177,"2023","01","VA"
"168183","Locality: 075 GOOCHLAND COUNTY",20826,"2023","01","VA"
"168193","Locality: 077 GRAYSON COUNTY",10587,"2023","01","VA"
"168208","Locality: 079 GREENE COUNTY",14481,"2023","01","VA"
"168214","Locality: 081 GREENSVILLE COUNTY",6192,"2023","01","VA"
"168223","Locality: 083 HALIFAX COUNTY",24244,"2023","01","VA"
"168243","Locality: 085 HANOVER COUNTY",84531,"2023","01","VA"
"168279","Locality: 087 HENRICO COUNTY",230900,"2023","01","VA"
"168373","Locality: 089 HENRY COUNTY",35143,"2023","01","VA"
"168397","Locality: 091 HIGHLAND COUNTY",1827,"2023","01","VA"
"168402","Locality: 093 ISLE OF WIGHT COUNTY",29967,"2023","01","VA"
"168419","Locality: 095 JAMES CITY COUNTY",61241,"2023","01","VA"
"168437","Locality: 097 KING & QUEEN COUNTY",5246,"2023","01","VA"
"168442","Locality: 099 KING GEORGE COUNTY",18645,"2023","01","VA"
"168447","Locality: 101 KING WILLIAM COUNTY",13566,"2023","01","VA"
"168453","Locality: 103 LANCASTER COUNTY",8962,"2023","01","VA"
"168459","Locality: 105 LEE COUNTY",15032,"2023","01","VA"
"168475","Locality: 107 LOUDOUN COUNTY",277779,"2023","01","VA"
"168573","Locality: 109 LOUISA COUNTY",28696,"2023","01","VA"
"168587","Locality: 111 LUNENBURG COUNTY",7822,"2023","01","VA"
"168598","Locality: 113 MADISON COUNTY",10092,"2023","01","VA"
"168607","Locality: 115 MATHEWS COUNTY",7115,"2023","01","VA"
"168610","Locality: 117 MECKLENBURG COUNTY",22162,"2023","01","VA"
"168633","Locality: 119 MIDDLESEX COUNTY",8506,"2023","01","VA"
"168639","Locality: 121 MONTGOMERY COUNTY",57208,"2023","01","VA"
"168668","Locality: 125 NELSON COUNTY",11513,"2023","01","VA"
"168677","Locality: 127 NEW KENT COUNTY",18499,"2023","01","VA"
"168687","Locality: 131 NORTHAMPTON COUNTY",9330,"2023","01","VA"
"168692","Locality: 133 NORTHUMBERLAND COUNTY",10111,"2023","01","VA"
"168697","Locality: 135 NOTTOWAY COUNTY",9367,"2023","01","VA"
"168707","Locality: 137 ORANGE COUNTY",27393,"2023","01","VA"
"168719","Locality: 139 PAGE COUNTY",16667,"2023","01","VA"
"168724","Locality: 141 PATRICK COUNTY",12530,"2023","01","VA"
"168737","Locality: 143 PITTSYLVANIA COUNTY",43856,"2023","01","VA"
"168766","Locality: 145 POWHATAN COUNTY",23658,"2023","01","VA"
"168778","Locality: 147 PRINCE EDWARD COUNTY",12980,"2023","01","VA"
"168788","Locality: 149 PRINCE GEORGE COUNTY",22890,"2023","01","VA"
"168798","Locality: 153 PRINCE WILLIAM COUNTY",299281,"2023","01","VA"
"168901","Locality: 155 PULASKI COUNTY",23084,"2023","01","VA"
"168914","Locality: 157 RAPPAHANNOCK COUNTY",6049,"2023","01","VA"
"168920","Locality: 159 RICHMOND COUNTY",5459,"2023","01","VA"
"168926","Locality: 161 ROANOKE COUNTY",69947,"2023","01","VA"
"168959","Locality: 163 ROCKBRIDGE COUNTY",15743,"2023","01","VA"
"168976","Locality: 165 ROCKINGHAM COUNTY",55014,"2023","01","VA"
"169005","Locality: 167 RUSSELL COUNTY",18731,"2023","01","VA"
"169020","Locality: 169 SCOTT COUNTY",15623,"2023","01","VA"
"169037","Locality: 171 SHENANDOAH COUNTY",31101,"2023","01","VA"
"169051","Locality: 173 SMYTH COUNTY",19573,"2023","01","VA"
"169065","Locality: 175 SOUTHAMPTON COUNTY",12765,"2023","01","VA"
"169077","Locality: 177 SPOTSYLVANIA COUNTY",100636,"2023","01","VA"
"169106","Locality: 179 STAFFORD COUNTY",104793,"2023","01","VA"
"169143","Locality: 181 SURRY COUNTY",5486,"2023","01","VA"
"169149","Locality: 183 SUSSEX COUNTY",6897,"2023","01","VA"
"169159","Locality: 185 TAZEWELL COUNTY",25933,"2023","01","VA"
"169179","Locality: 187 WARREN COUNTY",29040,"2023","01","VA"
"169190","Locality: 191 WASHINGTON COUNTY",38098,"2023","01","VA"
"169209","Locality: 193 WESTMORELAND COUNTY",13650,"2023","01","VA"
"169217","Locality: 195 WISE COUNTY",23844,"2023","01","VA"
"169229","Locality: 197 WYTHE COUNTY",20340,"2023","01","VA"
"169240","Locality: 199 YORK COUNTY",48007,"2023","01","VA"
"169253","Locality: 510 ALEXANDRIA CITY",100249,"2023","01","VA"
"169283","Locality: 520 BRISTOL CITY",11103,"2023","01","VA"
"169287","Locality: 530 BUENA VISTA CITY",4094,"2023","01","VA"
"169289","Locality: 540 CHARLOTTESVILLE CITY",31592,"2023","01","VA"
"169298","Locality: 550 CHESAPEAKE CITY",166395,"2023","01","VA"
"169362","Locality: 570 COLONIAL HEIGHTS CITY",12382,"2023","01","VA"
"169367","Locality: 580 COVINGTON CITY",3712,"2023","01","VA"
"169372","Locality: 590 DANVILLE CITY",27093,"2023","01","VA"
"169388","Locality: 595 EMPORIA CITY",3766,"2023","01","VA"
"169395","Locality: 600 FAIRFAX CITY",16679,"2023","01","VA"
"169401","Locality: 610 FALLS CHURCH CITY",10389,"2023","01","VA"
"169404","Locality: 620 FRANKLIN CITY",5627,"2023","01","VA"
"169410","Locality: 630 FREDERICKSBURG CITY",17894,"2023","01","VA"
"169415","Locality: 640 GALAX CITY",3837,"2023","01","VA"
"169417","Locality: 650 HAMPTON CITY",91729,"2023","01","VA"
"169447","Locality: 660 HARRISONBURG CITY",23886,"2023","01","VA"
"169455","Locality: 670 HOPEWELL CITY",14722,"2023","01","VA"
"169462","Locality: 678 LEXINGTON CITY",3824,"2023","01","VA"
"169463","Locality: 680 LYNCHBURG CITY",50221,"2023","01","VA"
"169481","Locality: 683 MANASSAS CITY",22183,"2023","01","VA"
"169487","Locality: 685 MANASSAS PARK CITY",8302,"2023","01","VA"
"169490","Locality: 690 MARTINSVILLE CITY",8535,"2023","01","VA"
"169496","Locality: 700 NEWPORT NEWS CITY",114544,"2023","01","VA"
"169540","Locality: 710 NORFOLK CITY",129342,"2023","01","VA"
"169589","Locality: 720 NORTON CITY",2491,"2023","01","VA"
"169590","Locality: 730 PETERSBURG CITY",22070,"2023","01","VA"
"169597","Locality: 735 POQUOSON CITY",9226,"2023","01","VA"
"169600","Locality: 740 PORTSMOUTH CITY",64054,"2023","01","VA"
"169631","Locality: 750 RADFORD CITY",8575,"2023","01","VA"
"169635","Locality: 760 RICHMOND CITY",146524,"2023","01","VA"
"169707","Locality: 770 ROANOKE CITY",61922,"2023","01","VA"
"169727","Locality: 775 SALEM CITY",16909,"2023","01","VA"
"169737","Locality: 790 STAUNTON CITY",17199,"2023","01","VA"
"169742","Locality: 800 SUFFOLK CITY",67524,"2023","01","VA"
"169772","Locality: 810 VIRGINIA BEACH CITY",307729,"2023","01","VA"
"169880","Locality: 820 WAYNESBORO CITY",14620,"2023","01","VA"
"169884","Locality: 830 WILLIAMSBURG CITY",9218,"2023","01","VA"
"169886","Locality: 840 WINCHESTER CITY",16850,"2023","01","VA"
"169892","Locality: 001 ACCOMACK COUNTY",24321,"2023","02","VA"
"169908","Locality: 003 ALBEMARLE COUNTY",80432,"2023","02","VA"
"169938","Locality: 005 ALLEGHANY COUNTY",10449,"2023","02","VA"
"169950","Locality: 007 AMELIA COUNTY",9941,"2023","02","VA"
"169955","Locality: 009 AMHERST COUNTY",22072,"2023","02","VA"
"169966","Locality: 011 APPOMATTOX COUNTY",11878,"2023","02","VA"
"169975","Locality: 013 ARLINGTON COUNTY",160950,"2023","02","VA"
"170029","Locality: 015 AUGUSTA COUNTY",53483,"2023","02","VA"
"170057","Locality: 017 BATH COUNTY",3233,"2023","02","VA"
"170064","Locality: 019 BEDFORD COUNTY",61133,"2023","02","VA"
"170096","Locality: 021 BLAND COUNTY",4357,"2023","02","VA"
"170103","Locality: 023 BOTETOURT COUNTY",25703,"2023","02","VA"
"170113","Locality: 025 BRUNSWICK COUNTY",10742,"2023","02","VA"
"170126","Locality: 027 BUCHANAN COUNTY",14281,"2023","02","VA"
"170144","Locality: 029 BUCKINGHAM COUNTY",10750,"2023","02","VA"
"170154","Locality: 031 CAMPBELL COUNTY",39519,"2023","02","VA"
"170170","Locality: 033 CAROLINE COUNTY",22100,"2023","02","VA"
"170183","Locality: 035 CARROLL COUNTY",20672,"2023","02","VA"
"170199","Locality: 036 CHARLES CITY COUNTY",5608,"2023","02","VA"
"170202","Locality: 037 CHARLOTTE COUNTY",8213,"2023","02","VA"
"170209","Locality: 041 CHESTERFIELD COUNTY",256957,"2023","02","VA"
"170295","Locality: 043 CLARKE COUNTY",11769,"2023","02","VA"
"170302","Locality: 045 CRAIG COUNTY",3839,"2023","02","VA"
"170310","Locality: 047 CULPEPER COUNTY",35728,"2023","02","VA"
"170325","Locality: 049 CUMBERLAND COUNTY",7194,"2023","02","VA"
"170330","Locality: 051 DICKENSON COUNTY",9675,"2023","02","VA"
"170341","Locality: 053 DINWIDDIE COUNTY",20021,"2023","02","VA"
"170354","Locality: 057 ESSEX COUNTY",8054,"2023","02","VA"
"170358","Locality: 059 FAIRFAX COUNTY",746083,"2023","02","VA"
"170622","Locality: 061 FAUQUIER COUNTY",53579,"2023","02","VA"
"170646","Locality: 063 FLOYD COUNTY",11512,"2023","02","VA"
"170651","Locality: 065 FLUVANNA COUNTY",20350,"2023","02","VA"
"170656","Locality: 067 FRANKLIN COUNTY",38850,"2023","02","VA"
"170679","Locality: 069 FREDERICK COUNTY",64914,"2023","02","VA"
"170708","Locality: 071 GILES COUNTY",11698,"2023","02","VA"
"170717","Locality: 073 GLOUCESTER COUNTY",29263,"2023","02","VA"
"170728","Locality: 075 GOOCHLAND COUNTY",20918,"2023","02","VA"
"170738","Locality: 077 GRAYSON COUNTY",10612,"2023","02","VA"
"170753","Locality: 079 GREENE COUNTY",14503,"2023","02","VA"
"170759","Locality: 081 GREENSVILLE COUNTY",6205,"2023","02","VA"
"170768","Locality: 083 HALIFAX COUNTY",24267,"2023","02","VA"
"170788","Locality: 085 HANOVER COUNTY",84622,"2023","02","VA"
"170824","Locality: 087 HENRICO COUNTY",231215,"2023","02","VA"
"170918","Locality: 089 HENRY COUNTY",35153,"2023","02","VA"
"170942","Locality: 091 HIGHLAND COUNTY",1827,"2023","02","VA"
"170947","Locality: 093 ISLE OF WIGHT COUNTY",30011,"2023","02","VA"
"170964","Locality: 095 JAMES CITY COUNTY",61362,"2023","02","VA"
"170982","Locality: 097 KING & QUEEN COUNTY",5261,"2023","02","VA"
"170987","Locality: 099 KING GEORGE COUNTY",18721,"2023","02","VA"
"170992","Locality: 101 KING WILLIAM COUNTY",13599,"2023","02","VA"
"170998","Locality: 103 LANCASTER COUNTY",8972,"2023","02","VA"
"171004","Locality: 105 LEE COUNTY",15095,"2023","02","VA"
"171020","Locality: 107 LOUDOUN COUNTY",278330,"2023","02","VA"
"171118","Locality: 109 LOUISA COUNTY",28762,"2023","02","VA"
"171132","Locality: 111 LUNENBURG COUNTY",7821,"2023","02","VA"
"171143","Locality: 113 MADISON COUNTY",10113,"2023","02","VA"
"171152","Locality: 115 MATHEWS COUNTY",7123,"2023","02","VA"
"171155","Locality: 117 MECKLENBURG COUNTY",22207,"2023","02","VA"
"171179","Locality: 119 MIDDLESEX COUNTY",8511,"2023","02","VA"
"171185","Locality: 121 MONTGOMERY COUNTY",57292,"2023","02","VA"
"171214","Locality: 125 NELSON COUNTY",11521,"2023","02","VA"
"171223","Locality: 127 NEW KENT COUNTY",18542,"2023","02","VA"
"171233","Locality: 131 NORTHAMPTON COUNTY",9356,"2023","02","VA"
"171238","Locality: 133 NORTHUMBERLAND COUNTY",10160,"2023","02","VA"
"171243","Locality: 135 NOTTOWAY COUNTY",9382,"2023","02","VA"
"171253","Locality: 137 ORANGE COUNTY",27484,"2023","02","VA"
"171265","Locality: 139 PAGE COUNTY",16628,"2023","02","VA"
"171270","Locality: 141 PATRICK COUNTY",12559,"2023","02","VA"
"171283","Locality: 143 PITTSYLVANIA COUNTY",43902,"2023","02","VA"
"171312","Locality: 145 POWHATAN COUNTY",23696,"2023","02","VA"
"171324","Locality: 147 PRINCE EDWARD COUNTY",12989,"2023","02","VA"
"171334","Locality: 149 PRINCE GEORGE COUNTY",22947,"2023","02","VA"
"171344","Locality: 153 PRINCE WILLIAM COUNTY",300169,"2023","02","VA"
"171447","Locality: 155 PULASKI COUNTY",23109,"2023","02","VA"
"171460","Locality: 157 RAPPAHANNOCK COUNTY",6052,"2023","02","VA"
"171466","Locality: 159 RICHMOND COUNTY",5461,"2023","02","VA"
"171472","Locality: 161 ROANOKE COUNTY",70048,"2023","02","VA"
"171505","Locality: 163 ROCKBRIDGE COUNTY",15785,"2023","02","VA"
"171522","Locality: 165 ROCKINGHAM COUNTY",55151,"2023","02","VA"
"171551","Locality: 167 RUSSELL COUNTY",18757,"2023","02","VA"
"171566","Locality: 169 SCOTT COUNTY",15626,"2023","02","VA"
"171583","Locality: 171 SHENANDOAH COUNTY",31219,"2023","02","VA"
"171597","Locality: 173 SMYTH COUNTY",19602,"2023","02","VA"
"171611","Locality: 175 SOUTHAMPTON COUNTY",12847,"2023","02","VA"
"171622","Locality: 177 SPOTSYLVANIA COUNTY",100959,"2023","02","VA"
"171651","Locality: 179 STAFFORD COUNTY",105022,"2023","02","VA"
"171688","Locality: 181 SURRY COUNTY",5483,"2023","02","VA"
"171694","Locality: 183 SUSSEX COUNTY",6905,"2023","02","VA"
"171704","Locality: 185 TAZEWELL COUNTY",26007,"2023","02","VA"
"171724","Locality: 187 WARREN COUNTY",29088,"2023","02","VA"
"171735","Locality: 191 WASHINGTON COUNTY",38123,"2023","02","VA"
"171754","Locality: 193 WESTMORELAND COUNTY",13684,"2023","02","VA"
"171762","Locality: 195 WISE COUNTY",23848,"2023","02","VA"
"171774","Locality: 197 WYTHE COUNTY",20365,"2023","02","VA"
"171785","Locality: 199 YORK COUNTY",48146,"2023","02","VA"
"171798","Locality: 510 ALEXANDRIA CITY",100689,"2023","02","VA"
"171828","Locality: 520 BRISTOL CITY",11129,"2023","02","VA"
"171832","Locality: 530 BUENA VISTA CITY",4108,"2023","02","VA"
"171834","Locality: 540 CHARLOTTESVILLE CITY",31661,"2023","02","VA"
"171843","Locality: 550 CHESAPEAKE CITY",166779,"2023","02","VA"
"171907","Locality: 570 COLONIAL HEIGHTS CITY",12408,"2023","02","VA"
"171912","Locality: 580 COVINGTON CITY",3672,"2023","02","VA"
"171917","Locality: 590 DANVILLE CITY",27103,"2023","02","VA"
"171933","Locality: 595 EMPORIA CITY",3792,"2023","02","VA"
"171940","Locality: 600 FAIRFAX CITY",16808,"2023","02","VA"
"171946","Locality: 610 FALLS CHURCH CITY",10429,"2023","02","VA"
"171949","Locality: 620 FRANKLIN CITY",5634,"2023","02","VA"
"171955","Locality: 630 FREDERICKSBURG CITY",17962,"2023","02","VA"
"171960","Locality: 640 GALAX CITY",3846,"2023","02","VA"
"171962","Locality: 650 HAMPTON CITY",91848,"2023","02","VA"
"171992","Locality: 660 HARRISONBURG CITY",23907,"2023","02","VA"
"172000","Locality: 670 HOPEWELL CITY",14780,"2023","02","VA"
"172007","Locality: 678 LEXINGTON CITY",3833,"2023","02","VA"
"172008","Locality: 680 LYNCHBURG CITY",50323,"2023","02","VA"
"172026","Locality: 683 MANASSAS CITY",22213,"2023","02","VA"
"172032","Locality: 685 MANASSAS PARK CITY",8321,"2023","02","VA"
"172035","Locality: 690 MARTINSVILLE CITY",8537,"2023","02","VA"
"172041","Locality: 700 NEWPORT NEWS CITY",114749,"2023","02","VA"
"172085","Locality: 710 NORFOLK CITY",129759,"2023","02","VA"
"172133","Locality: 720 NORTON CITY",2492,"2023","02","VA"
"172134","Locality: 730 PETERSBURG CITY",22175,"2023","02","VA"
"172141","Locality: 735 POQUOSON CITY",9237,"2023","02","VA"
"172144","Locality: 740 PORTSMOUTH CITY",64297,"2023","02","VA"
"172175","Locality: 750 RADFORD CITY",8602,"2023","02","VA"
"172179","Locality: 760 RICHMOND CITY",147314,"2023","02","VA"
"172251","Locality: 770 ROANOKE CITY",62045,"2023","02","VA"
"172271","Locality: 775 SALEM CITY",16941,"2023","02","VA"
"172281","Locality: 790 STAUNTON CITY",17240,"2023","02","VA"
"172286","Locality: 800 SUFFOLK CITY",67755,"2023","02","VA"
"172316","Locality: 810 VIRGINIA BEACH CITY",308598,"2023","02","VA"
"172424","Locality: 820 WAYNESBORO CITY",14672,"2023","02","VA"
"172428","Locality: 830 WILLIAMSBURG CITY",9247,"2023","02","VA"
"172430","Locality: 840 WINCHESTER CITY",16901,"2023","02","VA"
"172436","Locality: 001 ACCOMACK COUNTY",24370,"2023","03","VA"
"172452","Locality: 003 ALBEMARLE COUNTY",80415,"2023","03","VA"
"172482","Locality: 005 ALLEGHANY COUNTY",10471,"2023","03","VA"
"172494","Locality: 007 AMELIA COUNTY",9961,"2023","03","VA"
"172499","Locality: 009 AMHERST COUNTY",22019,"2023","03","VA"
"172510","Locality: 011 APPOMATTOX COUNTY",11896,"2023","03","VA"
"172519","Locality: 013 ARLINGTON COUNTY",161141,"2023","03","VA"
"172573","Locality: 015 AUGUSTA COUNTY",53592,"2023","03","VA"
"172601","Locality: 017 BATH COUNTY",3231,"2023","03","VA"
"172608","Locality: 019 BEDFORD COUNTY",61194,"2023","03","VA"
"172640","Locality: 021 BLAND COUNTY",4372,"2023","03","VA"
"172647","Locality: 023 BOTETOURT COUNTY",25706,"2023","03","VA"
"172657","Locality: 025 BRUNSWICK COUNTY",10758,"2023","03","VA"
"172670","Locality: 027 BUCHANAN COUNTY",14127,"2023","03","VA"
"172688","Locality: 029 BUCKINGHAM COUNTY",10778,"2023","03","VA"
"172698","Locality: 031 CAMPBELL COUNTY",39583,"2023","03","VA"
"172714","Locality: 033 CAROLINE COUNTY",22139,"2023","03","VA"
"172727","Locality: 035 CARROLL COUNTY",20715,"2023","03","VA"
"172743","Locality: 036 CHARLES CITY COUNTY",5636,"2023","03","VA"
"172746","Locality: 037 CHARLOTTE COUNTY",8229,"2023","03","VA"
"172753","Locality: 041 CHESTERFIELD COUNTY",257474,"2023","03","VA"
"172839","Locality: 043 CLARKE COUNTY",11787,"2023","03","VA"
"172846","Locality: 045 CRAIG COUNTY",3832,"2023","03","VA"
"172854","Locality: 047 CULPEPER COUNTY",35801,"2023","03","VA"
"172869","Locality: 049 CUMBERLAND COUNTY",7211,"2023","03","VA"
"172874","Locality: 051 DICKENSON COUNTY",9663,"2023","03","VA"
"172885","Locality: 053 DINWIDDIE COUNTY",20054,"2023","03","VA"
"172898","Locality: 057 ESSEX COUNTY",8070,"2023","03","VA"
"172902","Locality: 059 FAIRFAX COUNTY",744349,"2023","03","VA"
"173166","Locality: 061 FAUQUIER COUNTY",53614,"2023","03","VA"
"173190","Locality: 063 FLOYD COUNTY",11533,"2023","03","VA"
"173195","Locality: 065 FLUVANNA COUNTY",20356,"2023","03","VA"
"173200","Locality: 067 FRANKLIN COUNTY",38900,"2023","03","VA"
"173223","Locality: 069 FREDERICK COUNTY",65082,"2023","03","VA"
"173252","Locality: 071 GILES COUNTY",11692,"2023","03","VA"
"173261","Locality: 073 GLOUCESTER COUNTY",29291,"2023","03","VA"
"173272","Locality: 075 GOOCHLAND COUNTY",20999,"2023","03","VA"
"173282","Locality: 077 GRAYSON COUNTY",10616,"2023","03","VA"
"173297","Locality: 079 GREENE COUNTY",14523,"2023","03","VA"
"173303","Locality: 081 GREENSVILLE COUNTY",6209,"2023","03","VA"
"173312","Locality: 083 HALIFAX COUNTY",24304,"2023","03","VA"
"173332","Locality: 085 HANOVER COUNTY",84435,"2023","03","VA"
"173368","Locality: 087 HENRICO COUNTY",231300,"2023","03","VA"
"173465","Locality: 089 HENRY COUNTY",35190,"2023","03","VA"
"173489","Locality: 091 HIGHLAND COUNTY",1831,"2023","03","VA"
"173494","Locality: 093 ISLE OF WIGHT COUNTY",29983,"2023","03","VA"
"173511","Locality: 095 JAMES CITY COUNTY",61392,"2023","03","VA"
"173529","Locality: 097 KING & QUEEN COUNTY",5264,"2023","03","VA"
"173534","Locality: 099 KING GEORGE COUNTY",18758,"2023","03","VA"
"173539","Locality: 101 KING WILLIAM COUNTY",13625,"2023","03","VA"
"173545","Locality: 103 LANCASTER COUNTY",8979,"2023","03","VA"
"173551","Locality: 105 LEE COUNTY",15121,"2023","03","VA"
"173567","Locality: 107 LOUDOUN COUNTY",278518,"2023","03","VA"
"173665","Locality: 109 LOUISA COUNTY",28800,"2023","03","VA"
"173679","Locality: 111 LUNENBURG COUNTY",7839,"2023","03","VA"
"173690","Locality: 113 MADISON COUNTY",10114,"2023","03","VA"
"173699","Locality: 115 MATHEWS COUNTY",7124,"2023","03","VA"
"173702","Locality: 117 MECKLENBURG COUNTY",22245,"2023","03","VA"
"173725","Locality: 119 MIDDLESEX COUNTY",8515,"2023","03","VA"
"173731","Locality: 121 MONTGOMERY COUNTY",57286,"2023","03","VA"
"173760","Locality: 125 NELSON COUNTY",11496,"2023","03","VA"
"173769","Locality: 127 NEW KENT COUNTY",18599,"2023","03","VA"
"173779","Locality: 131 NORTHAMPTON COUNTY",9375,"2023","03","VA"
"173784","Locality: 133 NORTHUMBERLAND COUNTY",10147,"2023","03","VA"
"173789","Locality: 135 NOTTOWAY COUNTY",9390,"2023","03","VA"
"173799","Locality: 137 ORANGE COUNTY",27554,"2023","03","VA"
"173811","Locality: 139 PAGE COUNTY",16657,"2023","03","VA"
"173816","Locality: 141 PATRICK COUNTY",12555,"2023","03","VA"
"173829","Locality: 143 PITTSYLVANIA COUNTY",43938,"2023","03","VA"
"173858","Locality: 145 POWHATAN COUNTY",23700,"2023","03","VA"
"173870","Locality: 147 PRINCE EDWARD COUNTY",13003,"2023","03","VA"
"173880","Locality: 149 PRINCE GEORGE COUNTY",23010,"2023","03","VA"
"173890","Locality: 153 PRINCE WILLIAM COUNTY",300796,"2023","03","VA"
"173993","Locality: 155 PULASKI COUNTY",23124,"2023","03","VA"
"174006","Locality: 157 RAPPAHANNOCK COUNTY",6048,"2023","03","VA"
"174012","Locality: 159 RICHMOND COUNTY",5477,"2023","03","VA"
"174018","Locality: 161 ROANOKE COUNTY",69831,"2023","03","VA"
"174051","Locality: 163 ROCKBRIDGE COUNTY",15770,"2023","03","VA"
"174068","Locality: 165 ROCKINGHAM COUNTY",54662,"2023","03","VA"
"174097","Locality: 167 RUSSELL COUNTY",18778,"2023","03","VA"
"174112","Locality: 169 SCOTT COUNTY",15621,"2023","03","VA"
"174129","Locality: 171 SHENANDOAH COUNTY",31263,"2023","03","VA"
"174143","Locality: 173 SMYTH COUNTY",19618,"2023","03","VA"
"174157","Locality: 175 SOUTHAMPTON COUNTY",12871,"2023","03","VA"
"174168","Locality: 177 SPOTSYLVANIA COUNTY",101071,"2023","03","VA"
"174197","Locality: 179 STAFFORD COUNTY",105171,"2023","03","VA"
"174234","Locality: 181 SURRY COUNTY",5503,"2023","03","VA"
"174240","Locality: 183 SUSSEX COUNTY",6907,"2023","03","VA"
"174250","Locality: 185 TAZEWELL COUNTY",26036,"2023","03","VA"
"174270","Locality: 187 WARREN COUNTY",29148,"2023","03","VA"
"174281","Locality: 191 WASHINGTON COUNTY",38181,"2023","03","VA"
"174300","Locality: 193 WESTMORELAND COUNTY",13721,"2023","03","VA"
"174308","Locality: 195 WISE COUNTY",23737,"2023","03","VA"
"174320","Locality: 197 WYTHE COUNTY",20380,"2023","03","VA"
"174331","Locality: 199 YORK COUNTY",48246,"2023","03","VA"
"174344","Locality: 510 ALEXANDRIA CITY",100939,"2023","03","VA"
"174374","Locality: 520 BRISTOL CITY",11166,"2023","03","VA"
"174378","Locality: 530 BUENA VISTA CITY",4108,"2023","03","VA"
"174380","Locality: 540 CHARLOTTESVILLE CITY",31605,"2023","03","VA"
"174389","Locality: 550 CHESAPEAKE CITY",166385,"2023","03","VA"
"174453","Locality: 570 COLONIAL HEIGHTS CITY",12467,"2023","03","VA"
"174458","Locality: 580 COVINGTON CITY",3667,"2023","03","VA"
"174463","Locality: 590 DANVILLE CITY",26623,"2023","03","VA"
"174479","Locality: 595 EMPORIA CITY",3807,"2023","03","VA"
"174486","Locality: 600 FAIRFAX CITY",16841,"2023","03","VA"
"174492","Locality: 610 FALLS CHURCH CITY",10449,"2023","03","VA"
"174495","Locality: 620 FRANKLIN CITY",5653,"2023","03","VA"
"174501","Locality: 630 FREDERICKSBURG CITY",18011,"2023","03","VA"
"174506","Locality: 640 GALAX CITY",3829,"2023","03","VA"
"174508","Locality: 650 HAMPTON CITY",92137,"2023","03","VA"
"174538","Locality: 660 HARRISONBURG CITY",23728,"2023","03","VA"
"174546","Locality: 670 HOPEWELL CITY",14785,"2023","03","VA"
"174553","Locality: 678 LEXINGTON CITY",3834,"2023","03","VA"
"174554","Locality: 680 LYNCHBURG CITY",50380,"2023","03","VA"
"174572","Locality: 683 MANASSAS CITY",22217,"2023","03","VA"
"174578","Locality: 685 MANASSAS PARK CITY",8329,"2023","03","VA"
"174581","Locality: 690 MARTINSVILLE CITY",8572,"2023","03","VA"
"174587","Locality: 700 NEWPORT NEWS CITY",114986,"2023","03","VA"
"174631","Locality: 710 NORFOLK CITY",130053,"2023","03","VA"
"174679","Locality: 720 NORTON CITY",2498,"2023","03","VA"
"174680","Locality: 730 PETERSBURG CITY",22215,"2023","03","VA"
"174687","Locality: 735 POQUOSON CITY",9224,"2023","03","VA"
"174690","Locality: 740 PORTSMOUTH CITY",64463,"2023","03","VA"
"174721","Locality: 750 RADFORD CITY",8638,"2023","03","VA"
"174725","Locality: 760 RICHMOND CITY",147733,"2023","03","VA"
"174797","Locality: 770 ROANOKE CITY",62242,"2023","03","VA"
"174817","Locality: 775 SALEM CITY",16959,"2023","03","VA"
"174827","Locality: 790 STAUNTON CITY",17276,"2023","03","VA"
"174832","Locality: 800 SUFFOLK CITY",67900,"2023","03","VA"
"174862","Locality: 810 VIRGINIA BEACH CITY",308675,"2023","03","VA"
"174970","Locality: 820 WAYNESBORO CITY",14700,"2023","03","VA"
"174974","Locality: 830 WILLIAMSBURG CITY",9245,"2023","03","VA"
"174976","Locality: 840 WINCHESTER CITY",16934,"2023","03","VA"
"174982","Locality: 001 ACCOMACK COUNTY",24040,"2023","04","VA"
"174998","Locality: 003 ALBEMARLE COUNTY",78426,"2023","04","VA"
"175028","Locality: 005 ALLEGHANY COUNTY",10342,"2023","04","VA"
"175040","Locality: 007 AMELIA COUNTY",9880,"2023","04","VA"
"175045","Locality: 009 AMHERST COUNTY",21761,"2023","04","VA"
"175056","Locality: 011 APPOMATTOX COUNTY",11638,"2023","04","VA"
"175065","Locality: 013 ARLINGTON COUNTY",153119,"2023","04","VA"
"175119","Locality: 015 AUGUSTA COUNTY",52737,"2023","04","VA"
"175147","Locality: 017 BATH COUNTY",3202,"2023","04","VA"
"175154","Locality: 019 BEDFORD COUNTY",60241,"2023","04","VA"
"175186","Locality: 021 BLAND COUNTY",4278,"2023","04","VA"
"175193","Locality: 023 BOTETOURT COUNTY",25398,"2023","04","VA"
"175203","Locality: 025 BRUNSWICK COUNTY",10626,"2023","04","VA"
"175216","Locality: 027 BUCHANAN COUNTY",14020,"2023","04","VA"
"175234","Locality: 029 BUCKINGHAM COUNTY",10403,"2023","04","VA"
"175244","Locality: 031 CAMPBELL COUNTY",38949,"2023","04","VA"
"175260","Locality: 033 CAROLINE COUNTY",21528,"2023","04","VA"
"175273","Locality: 035 CARROLL COUNTY",20507,"2023","04","VA"
"175289","Locality: 036 CHARLES CITY COUNTY",5577,"2023","04","VA"
"175292","Locality: 037 CHARLOTTE COUNTY",8117,"2023","04","VA"
"175299","Locality: 041 CHESTERFIELD COUNTY",252284,"2023","04","VA"
"175385","Locality: 043 CLARKE COUNTY",11346,"2023","04","VA"
"175392","Locality: 045 CRAIG COUNTY",3754,"2023","04","VA"
"175400","Locality: 047 CULPEPER COUNTY",35256,"2023","04","VA"
"175415","Locality: 049 CUMBERLAND COUNTY",7124,"2023","04","VA"
"175420","Locality: 051 DICKENSON COUNTY",9422,"2023","04","VA"
"175431","Locality: 053 DINWIDDIE COUNTY",19717,"2023","04","VA"
"175444","Locality: 057 ESSEX COUNTY",7871,"2023","04","VA"
"175448","Locality: 059 FAIRFAX COUNTY",714536,"2023","04","VA"
"175713","Locality: 061 FAUQUIER COUNTY",52392,"2023","04","VA"
"175737","Locality: 063 FLOYD COUNTY",11425,"2023","04","VA"
"175742","Locality: 065 FLUVANNA COUNTY",20037,"2023","04","VA"
"175747","Locality: 067 FRANKLIN COUNTY",38436,"2023","04","VA"
"175770","Locality: 069 FREDERICK COUNTY",62862,"2023","04","VA"
"175799","Locality: 071 GILES COUNTY",11438,"2023","04","VA"
"175808","Locality: 073 GLOUCESTER COUNTY",28842,"2023","04","VA"
"175819","Locality: 075 GOOCHLAND COUNTY",20809,"2023","04","VA"
"175829","Locality: 077 GRAYSON COUNTY",10421,"2023","04","VA"
"175844","Locality: 079 GREENE COUNTY",14274,"2023","04","VA"
"175850","Locality: 081 GREENSVILLE COUNTY",6138,"2023","04","VA"
"175859","Locality: 083 HALIFAX COUNTY",24049,"2023","04","VA"
"175879","Locality: 085 HANOVER COUNTY",83410,"2023","04","VA"
"175915","Locality: 087 HENRICO COUNTY",226853,"2023","04","VA"
"176009","Locality: 089 HENRY COUNTY",34040,"2023","04","VA"
"176033","Locality: 091 HIGHLAND COUNTY",1822,"2023","04","VA"
"176038","Locality: 093 ISLE OF WIGHT COUNTY",29564,"2023","04","VA"
"176055","Locality: 095 JAMES CITY COUNTY",59978,"2023","04","VA"
"176073","Locality: 097 KING & QUEEN COUNTY",5142,"2023","04","VA"
"176078","Locality: 099 KING GEORGE COUNTY",18355,"2023","04","VA"
"176083","Locality: 101 KING WILLIAM COUNTY",13531,"2023","04","VA"
"176089","Locality: 103 LANCASTER COUNTY",8680,"2023","04","VA"
"176095","Locality: 105 LEE COUNTY",14903,"2023","04","VA"
"176111","Locality: 107 LOUDOUN COUNTY",269525,"2023","04","VA"
"176209","Locality: 109 LOUISA COUNTY",28432,"2023","04","VA"
"176223","Locality: 111 LUNENBURG COUNTY",7739,"2023","04","VA"
"176234","Locality: 113 MADISON COUNTY",9991,"2023","04","VA"
"176243","Locality: 115 MATHEWS COUNTY",7062,"2023","04","VA"
"176246","Locality: 117 MECKLENBURG COUNTY",21894,"2023","04","VA"
"176269","Locality: 119 MIDDLESEX COUNTY",8275,"2023","04","VA"
"176275","Locality: 121 MONTGOMERY COUNTY",54346,"2023","04","VA"
"176304","Locality: 125 NELSON COUNTY",11367,"2023","04","VA"
"176313","Locality: 127 NEW KENT COUNTY",18385,"2023","04","VA"
"176323","Locality: 131 NORTHAMPTON COUNTY",9306,"2023","04","VA"
"176328","Locality: 133 NORTHUMBERLAND COUNTY",9848,"2023","04","VA"
"176333","Locality: 135 NOTTOWAY COUNTY",9264,"2023","04","VA"
"176342","Locality: 137 ORANGE COUNTY",27056,"2023","04","VA"
"176354","Locality: 139 PAGE COUNTY",16454,"2023","04","VA"
"176359","Locality: 141 PATRICK COUNTY",12449,"2023","04","VA"
"176372","Locality: 143 PITTSYLVANIA COUNTY",43320,"2023","04","VA"
"176401","Locality: 145 POWHATAN COUNTY",23452,"2023","04","VA"
"176413","Locality: 147 PRINCE EDWARD COUNTY",12643,"2023","04","VA"
"176423","Locality: 149 PRINCE GEORGE COUNTY",22545,"2023","04","VA"
"176433","Locality: 153 PRINCE WILLIAM COUNTY",286068,"2023","04","VA"
"176536","Locality: 155 PULASKI COUNTY",22811,"2023","04","VA"
"176549","Locality: 157 RAPPAHANNOCK COUNTY",5932,"2023","04","VA"
"176555","Locality: 159 RICHMOND COUNTY",5434,"2023","04","VA"
"176561","Locality: 161 ROANOKE COUNTY",68672,"2023","04","VA"
"176594","Locality: 163 ROCKBRIDGE COUNTY",15543,"2023","04","VA"
"176611","Locality: 165 ROCKINGHAM COUNTY",53758,"2023","04","VA"
"176640","Locality: 167 RUSSELL COUNTY",18583,"2023","04","VA"
"176655","Locality: 169 SCOTT COUNTY",15512,"2023","04","VA"
"176672","Locality: 171 SHENANDOAH COUNTY",30761,"2023","04","VA"
"176686","Locality: 173 SMYTH COUNTY",19339,"2023","04","VA"
"176700","Locality: 175 SOUTHAMPTON COUNTY",12645,"2023","04","VA"
"176711","Locality: 177 SPOTSYLVANIA COUNTY",98956,"2023","04","VA"
"176740","Locality: 179 STAFFORD COUNTY",102305,"2023","04","VA"
"176777","Locality: 181 SURRY COUNTY",5441,"2023","04","VA"
"176783","Locality: 183 SUSSEX COUNTY",6817,"2023","04","VA"
"176793","Locality: 185 TAZEWELL COUNTY",25100,"2023","04","VA"
"176813","Locality: 187 WARREN COUNTY",28490,"2023","04","VA"
"176824","Locality: 191 WASHINGTON COUNTY",37608,"2023","04","VA"
"176843","Locality: 193 WESTMORELAND COUNTY",13495,"2023","04","VA"
"176851","Locality: 195 WISE COUNTY",23531,"2023","04","VA"
"176863","Locality: 197 WYTHE COUNTY",20188,"2023","04","VA"
"176874","Locality: 199 YORK COUNTY",47037,"2023","04","VA"
"176887","Locality: 510 ALEXANDRIA CITY",95565,"2023","04","VA"
"176917","Locality: 520 BRISTOL CITY",10964,"2023","04","VA"
"176921","Locality: 530 BUENA VISTA CITY",3876,"2023","04","VA"
"176923","Locality: 540 CHARLOTTESVILLE CITY",30266,"2023","04","VA"
"176932","Locality: 550 CHESAPEAKE CITY",162978,"2023","04","VA"
"176996","Locality: 570 COLONIAL HEIGHTS CITY",11919,"2023","04","VA"
"177001","Locality: 580 COVINGTON CITY",3585,"2023","04","VA"
"177006","Locality: 590 DANVILLE CITY",25904,"2023","04","VA"
"177022","Locality: 595 EMPORIA CITY",3696,"2023","04","VA"
"177029","Locality: 600 FAIRFAX CITY",16323,"2023","04","VA"
"177035","Locality: 610 FALLS CHURCH CITY",10139,"2023","04","VA"
"177038","Locality: 620 FRANKLIN CITY",5556,"2023","04","VA"
"177044","Locality: 630 FREDERICKSBURG CITY",17327,"2023","04","VA"
"177049","Locality: 640 GALAX CITY",3762,"2023","04","VA"
"177051","Locality: 650 HAMPTON CITY",89199,"2023","04","VA"
"177081","Locality: 660 HARRISONBURG CITY",22923,"2023","04","VA"
"177089","Locality: 670 HOPEWELL CITY",14381,"2023","04","VA"
"177096","Locality: 678 LEXINGTON CITY",3390,"2023","04","VA"
"177097","Locality: 680 LYNCHBURG CITY",48702,"2023","04","VA"
"177115","Locality: 683 MANASSAS CITY",21388,"2023","04","VA"
"177121","Locality: 685 MANASSAS PARK CITY",8096,"2023","04","VA"
"177124","Locality: 690 MARTINSVILLE CITY",8199,"2023","04","VA"
"177130","Locality: 700 NEWPORT NEWS CITY",110295,"2023","04","VA"
"177174","Locality: 710 NORFOLK CITY",125486,"2023","04","VA"
"177222","Locality: 720 NORTON CITY",2443,"2023","04","VA"
"177223","Locality: 730 PETERSBURG CITY",20285,"2023","04","VA"
"177230","Locality: 735 POQUOSON CITY",9053,"2023","04","VA"
"177233","Locality: 740 PORTSMOUTH CITY",62727,"2023","04","VA"
"177264","Locality: 750 RADFORD CITY",8354,"2023","04","VA"
"177268","Locality: 760 RICHMOND CITY",141661,"2023","04","VA"
"177340","Locality: 770 ROANOKE CITY",58242,"2023","04","VA"
"177360","Locality: 775 SALEM CITY",16164,"2023","04","VA"
"177370","Locality: 790 STAUNTON CITY",16792,"2023","04","VA"
"177375","Locality: 800 SUFFOLK CITY",64664,"2023","04","VA"
"177405","Locality: 810 VIRGINIA BEACH CITY",301361,"2023","04","VA"
"177513","Locality: 820 WAYNESBORO CITY",14052,"2023","04","VA"
"177517","Locality: 830 WILLIAMSBURG CITY",8682,"2023","04","VA"
"177519","Locality: 840 WINCHESTER CITY",15637,"2023","04","VA"
"177525","Locality: 001 ACCOMACK COUNTY",24047,"2023","05","VA"
"177541","Locality: 003 ALBEMARLE COUNTY",78403,"2023","05","VA"
"177571","Locality: 005 ALLEGHANY COUNTY",10316,"2023","05","VA"
"177583","Locality: 007 AMELIA COUNTY",9856,"2023","05","VA"
"177588","Locality: 009 AMHERST COUNTY",21769,"2023","05","VA"
"177599","Locality: 011 APPOMATTOX COUNTY",11664,"2023","05","VA"
"177608","Locality: 013 ARLINGTON COUNTY",153388,"2023","05","VA"
"177662","Locality: 015 AUGUSTA COUNTY",52647,"2023","05","VA"
"177690","Locality: 017 BATH COUNTY",3198,"2023","05","VA"
"177697","Locality: 019 BEDFORD COUNTY",60105,"2023","05","VA"
"177729","Locality: 021 BLAND COUNTY",4288,"2023","05","VA"
"177736","Locality: 023 BOTETOURT COUNTY",25471,"2023","05","VA"
"177746","Locality: 025 BRUNSWICK COUNTY",10625,"2023","05","VA"
"177759","Locality: 027 BUCHANAN COUNTY",13979,"2023","05","VA"
"177777","Locality: 029 BUCKINGHAM COUNTY",10396,"2023","05","VA"
"177787","Locality: 031 CAMPBELL COUNTY",38830,"2023","05","VA"
"177803","Locality: 033 CAROLINE COUNTY",21505,"2023","05","VA"
"177816","Locality: 035 CARROLL COUNTY",20541,"2023","05","VA"
"177832","Locality: 036 CHARLES CITY COUNTY",5555,"2023","05","VA"
"177835","Locality: 037 CHARLOTTE COUNTY",8081,"2023","05","VA"
"177842","Locality: 041 CHESTERFIELD COUNTY",251861,"2023","05","VA"
"177928","Locality: 043 CLARKE COUNTY",11353,"2023","05","VA"
"177935","Locality: 045 CRAIG COUNTY",3745,"2023","05","VA"
"177943","Locality: 047 CULPEPER COUNTY",35212,"2023","05","VA"
"177958","Locality: 049 CUMBERLAND COUNTY",7104,"2023","05","VA"
"177963","Locality: 051 DICKENSON COUNTY",9416,"2023","05","VA"
"177974","Locality: 053 DINWIDDIE COUNTY",19770,"2023","05","VA"
"177987","Locality: 057 ESSEX COUNTY",7843,"2023","05","VA"
"177991","Locality: 059 FAIRFAX COUNTY",715101,"2023","05","VA"
"178256","Locality: 061 FAUQUIER COUNTY",52399,"2023","05","VA"
"178280","Locality: 063 FLOYD COUNTY",11414,"2023","05","VA"
"178285","Locality: 065 FLUVANNA COUNTY",20050,"2023","05","VA"
"178290","Locality: 067 FRANKLIN COUNTY",38309,"2023","05","VA"
"178313","Locality: 069 FREDERICK COUNTY",63074,"2023","05","VA"
"178342","Locality: 071 GILES COUNTY",11448,"2023","05","VA"
"178351","Locality: 073 GLOUCESTER COUNTY",28863,"2023","05","VA"
"178362","Locality: 075 GOOCHLAND COUNTY",20964,"2023","05","VA"
"178372","Locality: 077 GRAYSON COUNTY",10439,"2023","05","VA"
"178387","Locality: 079 GREENE COUNTY",14301,"2023","05","VA"
"178393","Locality: 081 GREENSVILLE COUNTY",6140,"2023","05","VA"
"178402","Locality: 083 HALIFAX COUNTY",24049,"2023","05","VA"
"178422","Locality: 085 HANOVER COUNTY",83208,"2023","05","VA"
"178458","Locality: 087 HENRICO COUNTY",226132,"2023","05","VA"
"178552","Locality: 089 HENRY COUNTY",34035,"2023","05","VA"
"178576","Locality: 091 HIGHLAND COUNTY",1814,"2023","05","VA"
"178581","Locality: 093 ISLE OF WIGHT COUNTY",29485,"2023","05","VA"
"178598","Locality: 095 JAMES CITY COUNTY",60001,"2023","05","VA"
"178616","Locality: 097 KING & QUEEN COUNTY",5125,"2023","05","VA"
"178621","Locality: 099 KING GEORGE COUNTY",18391,"2023","05","VA"
"178626","Locality: 101 KING WILLIAM COUNTY",13488,"2023","05","VA"
"178632","Locality: 103 LANCASTER COUNTY",8683,"2023","05","VA"
"178638","Locality: 105 LEE COUNTY",14858,"2023","05","VA"
"178654","Locality: 107 LOUDOUN COUNTY",269945,"2023","05","VA"
"178761","Locality: 109 LOUISA COUNTY",28414,"2023","05","VA"
"178775","Locality: 111 LUNENBURG COUNTY",7719,"2023","05","VA"
"178786","Locality: 113 MADISON COUNTY",9982,"2023","05","VA"
"178795","Locality: 115 MATHEWS COUNTY",7049,"2023","05","VA"
"178798","Locality: 117 MECKLENBURG COUNTY",21847,"2023","05","VA"
"178820","Locality: 119 MIDDLESEX COUNTY",8264,"2023","05","VA"
"178826","Locality: 121 MONTGOMERY COUNTY",54382,"2023","05","VA"
"178855","Locality: 125 NELSON COUNTY",11338,"2023","05","VA"
"178864","Locality: 127 NEW KENT COUNTY",18419,"2023","05","VA"
"178874","Locality: 131 NORTHAMPTON COUNTY",9279,"2023","05","VA"
"178879","Locality: 133 NORTHUMBERLAND COUNTY",9854,"2023","05","VA"
"178884","Locality: 135 NOTTOWAY COUNTY",9207,"2023","05","VA"
"178891","Locality: 137 ORANGE COUNTY",27034,"2023","05","VA"
"178903","Locality: 139 PAGE COUNTY",16451,"2023","05","VA"
"178908","Locality: 141 PATRICK COUNTY",12432,"2023","05","VA"
"178921","Locality: 143 PITTSYLVANIA COUNTY",43130,"2023","05","VA"
"178950","Locality: 145 POWHATAN COUNTY",23434,"2023","05","VA"
"178962","Locality: 147 PRINCE EDWARD COUNTY",12606,"2023","05","VA"
"178972","Locality: 149 PRINCE GEORGE COUNTY",22538,"2023","05","VA"
"178982","Locality: 153 PRINCE WILLIAM COUNTY",286484,"2023","05","VA"
"179085","Locality: 155 PULASKI COUNTY",22765,"2023","05","VA"
"179098","Locality: 157 RAPPAHANNOCK COUNTY",5928,"2023","05","VA"
"179104","Locality: 159 RICHMOND COUNTY",5400,"2023","05","VA"
"179110","Locality: 161 ROANOKE COUNTY",68701,"2023","05","VA"
"179143","Locality: 163 ROCKBRIDGE COUNTY",15553,"2023","05","VA"
"179160","Locality: 165 ROCKINGHAM COUNTY",53847,"2023","05","VA"
"179189","Locality: 167 RUSSELL COUNTY",18541,"2023","05","VA"
"179204","Locality: 169 SCOTT COUNTY",15471,"2023","05","VA"
"179221","Locality: 171 SHENANDOAH COUNTY",30778,"2023","05","VA"
"179235","Locality: 173 SMYTH COUNTY",19368,"2023","05","VA"
"179249","Locality: 175 SOUTHAMPTON COUNTY",12590,"2023","05","VA"
"179260","Locality: 177 SPOTSYLVANIA COUNTY",99200,"2023","05","VA"
"179289","Locality: 179 STAFFORD COUNTY",102347,"2023","05","VA"
"179326","Locality: 181 SURRY COUNTY",5442,"2023","05","VA"
"179332","Locality: 183 SUSSEX COUNTY",6777,"2023","05","VA"
"179342","Locality: 185 TAZEWELL COUNTY",25208,"2023","05","VA"
"179362","Locality: 187 WARREN COUNTY",28508,"2023","05","VA"
"179373","Locality: 191 WASHINGTON COUNTY",37642,"2023","05","VA"
"179392","Locality: 193 WESTMORELAND COUNTY",13443,"2023","05","VA"
"179400","Locality: 195 WISE COUNTY",23424,"2023","05","VA"
"179412","Locality: 197 WYTHE COUNTY",20114,"2023","05","VA"
"179423","Locality: 199 YORK COUNTY",47088,"2023","05","VA"
"179436","Locality: 510 ALEXANDRIA CITY",95791,"2023","05","VA"
"179466","Locality: 520 BRISTOL CITY",10982,"2023","05","VA"
"179470","Locality: 530 BUENA VISTA CITY",3884,"2023","05","VA"
"179472","Locality: 540 CHARLOTTESVILLE CITY",30231,"2023","05","VA"
"179481","Locality: 550 CHESAPEAKE CITY",162852,"2023","05","VA"
"179545","Locality: 570 COLONIAL HEIGHTS CITY",11918,"2023","05","VA"
"179550","Locality: 580 COVINGTON CITY",3606,"2023","05","VA"
"179555","Locality: 590 DANVILLE CITY",25906,"2023","05","VA"
"179571","Locality: 595 EMPORIA CITY",3674,"2023","05","VA"
"179578","Locality: 600 FAIRFAX CITY",16334,"2023","05","VA"
"179584","Locality: 610 FALLS CHURCH CITY",10148,"2023","05","VA"
"179587","Locality: 620 FRANKLIN CITY",5527,"2023","05","VA"
"179593","Locality: 630 FREDERICKSBURG CITY",17349,"2023","05","VA"
"179598","Locality: 640 GALAX CITY",3744,"2023","05","VA"
"179600","Locality: 650 HAMPTON CITY",88990,"2023","05","VA"
"179630","Locality: 660 HARRISONBURG CITY",22821,"2023","05","VA"
"179638","Locality: 670 HOPEWELL CITY",14332,"2023","05","VA"
"179645","Locality: 678 LEXINGTON CITY",3388,"2023","05","VA"
"179646","Locality: 680 LYNCHBURG CITY",48584,"2023","05","VA"
"179664","Locality: 683 MANASSAS CITY",21394,"2023","05","VA"
"179670","Locality: 685 MANASSAS PARK CITY",8091,"2023","05","VA"
"179673","Locality: 690 MARTINSVILLE CITY",8211,"2023","05","VA"
"179679","Locality: 700 NEWPORT NEWS CITY",110054,"2023","05","VA"
"179723","Locality: 710 NORFOLK CITY",125183,"2023","05","VA"
"179771","Locality: 720 NORTON CITY",2431,"2023","05","VA"
"179772","Locality: 730 PETERSBURG CITY",20261,"2023","05","VA"
"179779","Locality: 735 POQUOSON CITY",9050,"2023","05","VA"
"179782","Locality: 740 PORTSMOUTH CITY",62610,"2023","05","VA"
"179813","Locality: 750 RADFORD CITY",8351,"2023","05","VA"
"179817","Locality: 760 RICHMOND CITY",141830,"2023","05","VA"
"179889","Locality: 770 ROANOKE CITY",58255,"2023","05","VA"
"179909","Locality: 775 SALEM CITY",16203,"2023","05","VA"
"179919","Locality: 790 STAUNTON CITY",16757,"2023","05","VA"
"179924","Locality: 800 SUFFOLK CITY",64713,"2023","05","VA"
"179954","Locality: 810 VIRGINIA BEACH CITY",301017,"2023","05","VA"
"180062","Locality: 820 WAYNESBORO CITY",14081,"2023","05","VA"
"180066","Locality: 830 WILLIAMSBURG CITY",8698,"2023","05","VA"
"180068","Locality: 840 WINCHESTER CITY",15674,"2023","05","VA"
"180074","Locality: 001 ACCOMACK COUNTY",24084,"2023","06","VA"
"180090","Locality: 003 ALBEMARLE COUNTY",78659,"2023","06","VA"
"180120","Locality: 005 ALLEGHANY COUNTY",10336,"2023","06","VA"
"180132","Locality: 007 AMELIA COUNTY",9872,"2023","06","VA"
"180137","Locality: 009 AMHERST COUNTY",21812,"2023","06","VA"
"180148","Locality: 011 APPOMATTOX COUNTY",11680,"2023","06","VA"
"180157","Locality: 013 ARLINGTON COUNTY",154348,"2023","06","VA"
"180211","Locality: 015 AUGUSTA COUNTY",52781,"2023","06","VA"
"180239","Locality: 017 BATH COUNTY",3202,"2023","06","VA"
"180246","Locality: 019 BEDFORD COUNTY",60246,"2023","06","VA"
"180278","Locality: 021 BLAND COUNTY",4302,"2023","06","VA"
"180285","Locality: 023 BOTETOURT COUNTY",25530,"2023","06","VA"
"180295","Locality: 025 BRUNSWICK COUNTY",10655,"2023","06","VA"
"180308","Locality: 027 BUCHANAN COUNTY",13996,"2023","06","VA"
"180326","Locality: 029 BUCKINGHAM COUNTY",10422,"2023","06","VA"
"180336","Locality: 031 CAMPBELL COUNTY",38897,"2023","06","VA"
"180352","Locality: 033 CAROLINE COUNTY",21618,"2023","06","VA"
"180365","Locality: 035 CARROLL COUNTY",20561,"2023","06","VA"
"180381","Locality: 036 CHARLES CITY COUNTY",5564,"2023","06","VA"
"180384","Locality: 037 CHARLOTTE COUNTY",8078,"2023","06","VA"
"180391","Locality: 041 CHESTERFIELD COUNTY",252612,"2023","06","VA"
"180477","Locality: 043 CLARKE COUNTY",11382,"2023","06","VA"
"180484","Locality: 045 CRAIG COUNTY",3745,"2023","06","VA"
"180492","Locality: 047 CULPEPER COUNTY",35314,"2023","06","VA"
"180507","Locality: 049 CUMBERLAND COUNTY",7116,"2023","06","VA"
"180512","Locality: 051 DICKENSON COUNTY",9433,"2023","06","VA"
"180523","Locality: 053 DINWIDDIE COUNTY",19829,"2023","06","VA"
"180536","Locality: 057 ESSEX COUNTY",7856,"2023","06","VA"
"180540","Locality: 059 FAIRFAX COUNTY",717132,"2023","06","VA"
"180805","Locality: 061 FAUQUIER COUNTY",52500,"2023","06","VA"
"180829","Locality: 063 FLOYD COUNTY",11436,"2023","06","VA"
"180834","Locality: 065 FLUVANNA COUNTY",20081,"2023","06","VA"
"180839","Locality: 067 FRANKLIN COUNTY",38388,"2023","06","VA"
"180862","Locality: 069 FREDERICK COUNTY",63356,"2023","06","VA"
"180891","Locality: 071 GILES COUNTY",11484,"2023","06","VA"
"180900","Locality: 073 GLOUCESTER COUNTY",28955,"2023","06","VA"
"180911","Locality: 075 GOOCHLAND COUNTY",21057,"2023","06","VA"
"180921","Locality: 077 GRAYSON COUNTY",10455,"2023","06","VA"
"180936","Locality: 079 GREENE COUNTY",14348,"2023","06","VA"
"180942","Locality: 081 GREENSVILLE COUNTY",6156,"2023","06","VA"
"180951","Locality: 083 HALIFAX COUNTY",24075,"2023","06","VA"
"180971","Locality: 085 HANOVER COUNTY",83450,"2023","06","VA"
"181007","Locality: 087 HENRICO COUNTY",226768,"2023","06","VA"
"181101","Locality: 089 HENRY COUNTY",34098,"2023","06","VA"
"181125","Locality: 091 HIGHLAND COUNTY",1815,"2023","06","VA"
"181130","Locality: 093 ISLE OF WIGHT COUNTY",29562,"2023","06","VA"
"181147","Locality: 095 JAMES CITY COUNTY",60124,"2023","06","VA"
"181165","Locality: 097 KING & QUEEN COUNTY",5134,"2023","06","VA"
"181170","Locality: 099 KING GEORGE COUNTY",18442,"2023","06","VA"
"181175","Locality: 101 KING WILLIAM COUNTY",13514,"2023","06","VA"
"181181","Locality: 103 LANCASTER COUNTY",8708,"2023","06","VA"
"181187","Locality: 105 LEE COUNTY",14868,"2023","06","VA"
"181203","Locality: 107 LOUDOUN COUNTY",270705,"2023","06","VA"
"181310","Locality: 109 LOUISA COUNTY",28533,"2023","06","VA"
"181324","Locality: 111 LUNENBURG COUNTY",7731,"2023","06","VA"
"181335","Locality: 113 MADISON COUNTY",9990,"2023","06","VA"
"181344","Locality: 115 MATHEWS COUNTY",7059,"2023","06","VA"
"181347","Locality: 117 MECKLENBURG COUNTY",21873,"2023","06","VA"
"181369","Locality: 119 MIDDLESEX COUNTY",8280,"2023","06","VA"
"181375","Locality: 121 MONTGOMERY COUNTY",54440,"2023","06","VA"
"181404","Locality: 125 NELSON COUNTY",11344,"2023","06","VA"
"181413","Locality: 127 NEW KENT COUNTY",18500,"2023","06","VA"
"181423","Locality: 131 NORTHAMPTON COUNTY",9290,"2023","06","VA"
"181428","Locality: 133 NORTHUMBERLAND COUNTY",9873,"2023","06","VA"
"181433","Locality: 135 NOTTOWAY COUNTY",9223,"2023","06","VA"
"181440","Locality: 137 ORANGE COUNTY",27137,"2023","06","VA"
"181452","Locality: 139 PAGE COUNTY",16504,"2023","06","VA"
"181457","Locality: 141 PATRICK COUNTY",12471,"2023","06","VA"
"181470","Locality: 143 PITTSYLVANIA COUNTY",43182,"2023","06","VA"
"181499","Locality: 145 POWHATAN COUNTY",23480,"2023","06","VA"
"181511","Locality: 147 PRINCE EDWARD COUNTY",12655,"2023","06","VA"
"181521","Locality: 149 PRINCE GEORGE COUNTY",22584,"2023","06","VA"
"181531","Locality: 153 PRINCE WILLIAM COUNTY",287529,"2023","06","VA"
"181634","Locality: 155 PULASKI COUNTY",22784,"2023","06","VA"
"181647","Locality: 157 RAPPAHANNOCK COUNTY",5937,"2023","06","VA"
"181653","Locality: 159 RICHMOND COUNTY",5419,"2023","06","VA"
"181659","Locality: 161 ROANOKE COUNTY",68846,"2023","06","VA"
"181692","Locality: 163 ROCKBRIDGE COUNTY",15575,"2023","06","VA"
"181709","Locality: 165 ROCKINGHAM COUNTY",54012,"2023","06","VA"
"181738","Locality: 167 RUSSELL COUNTY",18564,"2023","06","VA"
"181753","Locality: 169 SCOTT COUNTY",15517,"2023","06","VA"
"181770","Locality: 171 SHENANDOAH COUNTY",30857,"2023","06","VA"
"181784","Locality: 173 SMYTH COUNTY",19392,"2023","06","VA"
"181798","Locality: 175 SOUTHAMPTON COUNTY",12623,"2023","06","VA"
"181809","Locality: 177 SPOTSYLVANIA COUNTY",99534,"2023","06","VA"
"181838","Locality: 179 STAFFORD COUNTY",102774,"2023","06","VA"
"181875","Locality: 181 SURRY COUNTY",5442,"2023","06","VA"
"181881","Locality: 183 SUSSEX COUNTY",6793,"2023","06","VA"
"181891","Locality: 185 TAZEWELL COUNTY",25263,"2023","06","VA"
"181911","Locality: 187 WARREN COUNTY",28613,"2023","06","VA"
"181922","Locality: 191 WASHINGTON COUNTY",37704,"2023","06","VA"
"181941","Locality: 193 WESTMORELAND COUNTY",13504,"2023","06","VA"
"181949","Locality: 195 WISE COUNTY",23490,"2023","06","VA"
"181961","Locality: 197 WYTHE COUNTY",20126,"2023","06","VA"
"181972","Locality: 199 YORK COUNTY",47183,"2023","06","VA"
"181985","Locality: 510 ALEXANDRIA CITY",96241,"2023","06","VA"
"182015","Locality: 520 BRISTOL CITY",11029,"2023","06","VA"
"182019","Locality: 530 BUENA VISTA CITY",3897,"2023","06","VA"
"182021","Locality: 540 CHARLOTTESVILLE CITY",30292,"2023","06","VA"
"182030","Locality: 550 CHESAPEAKE CITY",163470,"2023","06","VA"
"182094","Locality: 570 COLONIAL HEIGHTS CITY",11952,"2023","06","VA"
"182099","Locality: 580 COVINGTON CITY",3583,"2023","06","VA"
"182104","Locality: 590 DANVILLE CITY",25919,"2023","06","VA"
"182120","Locality: 595 EMPORIA CITY",3681,"2023","06","VA"
"182127","Locality: 600 FAIRFAX CITY",16382,"2023","06","VA"
"182133","Locality: 610 FALLS CHURCH CITY",10170,"2023","06","VA"
"182136","Locality: 620 FRANKLIN CITY",5545,"2023","06","VA"
"182142","Locality: 630 FREDERICKSBURG CITY",17382,"2023","06","VA"
"182147","Locality: 640 GALAX CITY",3753,"2023","06","VA"
"182149","Locality: 650 HAMPTON CITY",89211,"2023","06","VA"
"182179","Locality: 660 HARRISONBURG CITY",22802,"2023","06","VA"
"182187","Locality: 670 HOPEWELL CITY",14404,"2023","06","VA"
"182194","Locality: 678 LEXINGTON CITY",3389,"2023","06","VA"
"182195","Locality: 680 LYNCHBURG CITY",48730,"2023","06","VA"
"182213","Locality: 683 MANASSAS CITY",21468,"2023","06","VA"
"182219","Locality: 685 MANASSAS PARK CITY",8128,"2023","06","VA"
"182222","Locality: 690 MARTINSVILLE CITY",8233,"2023","06","VA"
"182228","Locality: 700 NEWPORT NEWS CITY",110281,"2023","06","VA"
"182272","Locality: 710 NORFOLK CITY",125625,"2023","06","VA"
"182320","Locality: 720 NORTON CITY",2443,"2023","06","VA"
"182321","Locality: 730 PETERSBURG CITY",20414,"2023","06","VA"
"182328","Locality: 735 POQUOSON CITY",9058,"2023","06","VA"
"182331","Locality: 740 PORTSMOUTH CITY",62787,"2023","06","VA"
"182362","Locality: 750 RADFORD CITY",8361,"2023","06","VA"
"182366","Locality: 760 RICHMOND CITY",141507,"2023","06","VA"
"182438","Locality: 770 ROANOKE CITY",58457,"2023","06","VA"
"182458","Locality: 775 SALEM CITY",16211,"2023","06","VA"
"182468","Locality: 790 STAUNTON CITY",16799,"2023","06","VA"
"182473","Locality: 800 SUFFOLK CITY",64987,"2023","06","VA"
"182503","Locality: 810 VIRGINIA BEACH CITY",301902,"2023","06","VA"
"182611","Locality: 820 WAYNESBORO CITY",14148,"2023","06","VA"
"182615","Locality: 830 WILLIAMSBURG CITY",8722,"2023","06","VA"
"182617","Locality: 840 WINCHESTER CITY",15729,"2023","06","VA"
"182623","Locality: 001 ACCOMACK COUNTY",24160,"2023","07","VA"
"182639","Locality: 003 ALBEMARLE COUNTY",78877,"2023","07","VA"
"182669","Locality: 005 ALLEGHANY COUNTY",10374,"2023","07","VA"
"182681","Locality: 007 AMELIA COUNTY",9886,"2023","07","VA"
"182686","Locality: 009 AMHERST COUNTY",21858,"2023","07","VA"
"182697","Locality: 011 APPOMATTOX COUNTY",11714,"2023","07","VA"
"182706","Locality: 013 ARLINGTON COUNTY",155225,"2023","07","VA"
"182760","Locality: 015 AUGUSTA COUNTY",52907,"2023","07","VA"
"182788","Locality: 017 BATH COUNTY",3205,"2023","07","VA"
"182795","Locality: 019 BEDFORD COUNTY",60453,"2023","07","VA"
"182827","Locality: 021 BLAND COUNTY",4316,"2023","07","VA"
"182834","Locality: 023 BOTETOURT COUNTY",25593,"2023","07","VA"
"182844","Locality: 025 BRUNSWICK COUNTY",10677,"2023","07","VA"
"182857","Locality: 027 BUCHANAN COUNTY",14023,"2023","07","VA"
"182875","Locality: 029 BUCKINGHAM COUNTY",10429,"2023","07","VA"
"182885","Locality: 031 CAMPBELL COUNTY",39013,"2023","07","VA"
"182901","Locality: 033 CAROLINE COUNTY",21712,"2023","07","VA"
"182914","Locality: 035 CARROLL COUNTY",20591,"2023","07","VA"
"182930","Locality: 036 CHARLES CITY COUNTY",5560,"2023","07","VA"
"182933","Locality: 037 CHARLOTTE COUNTY",8091,"2023","07","VA"
"182940","Locality: 041 CHESTERFIELD COUNTY",253367,"2023","07","VA"
"183026","Locality: 043 CLARKE COUNTY",11453,"2023","07","VA"
"183033","Locality: 045 CRAIG COUNTY",3744,"2023","07","VA"
"183041","Locality: 047 CULPEPER COUNTY",35397,"2023","07","VA"
"183056","Locality: 049 CUMBERLAND COUNTY",7134,"2023","07","VA"
"183061","Locality: 051 DICKENSON COUNTY",9446,"2023","07","VA"
"183072","Locality: 053 DINWIDDIE COUNTY",19872,"2023","07","VA"
"183085","Locality: 057 ESSEX COUNTY",7884,"2023","07","VA"
"183089","Locality: 059 FAIRFAX COUNTY",719496,"2023","07","VA"
"183354","Locality: 061 FAUQUIER COUNTY",52656,"2023","07","VA"
"183378","Locality: 063 FLOYD COUNTY",11450,"2023","07","VA"
"183383","Locality: 065 FLUVANNA COUNTY",20141,"2023","07","VA"
"183388","Locality: 067 FRANKLIN COUNTY",38426,"2023","07","VA"
"183411","Locality: 069 FREDERICK COUNTY",63604,"2023","07","VA"
"183440","Locality: 071 GILES COUNTY",11520,"2023","07","VA"
"183449","Locality: 073 GLOUCESTER COUNTY",29036,"2023","07","VA"
"183460","Locality: 075 GOOCHLAND COUNTY",21191,"2023","07","VA"
"183470","Locality: 077 GRAYSON COUNTY",10480,"2023","07","VA"
"183485","Locality: 079 GREENE COUNTY",14394,"2023","07","VA"
"183491","Locality: 081 GREENSVILLE COUNTY",6157,"2023","07","VA"
"183500","Locality: 083 HALIFAX COUNTY",24133,"2023","07","VA"
"183520","Locality: 085 HANOVER COUNTY",83636,"2023","07","VA"
"183556","Locality: 087 HENRICO COUNTY",226924,"2023","07","VA"
"183650","Locality: 089 HENRY COUNTY",34218,"2023","07","VA"
"183674","Locality: 091 HIGHLAND COUNTY",1812,"2023","07","VA"
"183679","Locality: 093 ISLE OF WIGHT COUNTY",29629,"2023","07","VA"
"183696","Locality: 095 JAMES CITY COUNTY",60348,"2023","07","VA"
"183714","Locality: 097 KING & QUEEN COUNTY",5145,"2023","07","VA"
"183719","Locality: 099 KING GEORGE COUNTY",18493,"2023","07","VA"
"183724","Locality: 101 KING WILLIAM COUNTY",13556,"2023","07","VA"
"183730","Locality: 103 LANCASTER COUNTY",8707,"2023","07","VA"
"183736","Locality: 105 LEE COUNTY",14904,"2023","07","VA"
"183752","Locality: 107 LOUDOUN COUNTY",271228,"2023","07","VA"
"183859","Locality: 109 LOUISA COUNTY",28677,"2023","07","VA"
"183873","Locality: 111 LUNENBURG COUNTY",7750,"2023","07","VA"
"183884","Locality: 113 MADISON COUNTY",10033,"2023","07","VA"
"183893","Locality: 115 MATHEWS COUNTY",7067,"2023","07","VA"
"183896","Locality: 117 MECKLENBURG COUNTY",21891,"2023","07","VA"
"183918","Locality: 119 MIDDLESEX COUNTY",8284,"2023","07","VA"
"183924","Locality: 121 MONTGOMERY COUNTY",54517,"2023","07","VA"
"183953","Locality: 125 NELSON COUNTY",11383,"2023","07","VA"
"183962","Locality: 127 NEW KENT COUNTY",18613,"2023","07","VA"
"183972","Locality: 131 NORTHAMPTON COUNTY",9297,"2023","07","VA"
"183977","Locality: 133 NORTHUMBERLAND COUNTY",9878,"2023","07","VA"
"183982","Locality: 135 NOTTOWAY COUNTY",9260,"2023","07","VA"
"183989","Locality: 137 ORANGE COUNTY",27222,"2023","07","VA"
"184001","Locality: 139 PAGE COUNTY",16535,"2023","07","VA"
"184006","Locality: 141 PATRICK COUNTY",12497,"2023","07","VA"
"184019","Locality: 143 PITTSYLVANIA COUNTY",43216,"2023","07","VA"
"184048","Locality: 145 POWHATAN COUNTY",23581,"2023","07","VA"
"184060","Locality: 147 PRINCE EDWARD COUNTY",12671,"2023","07","VA"
"184070","Locality: 149 PRINCE GEORGE COUNTY",22692,"2023","07","VA"
"184080","Locality: 153 PRINCE WILLIAM COUNTY",287257,"2023","07","VA"
"184183","Locality: 155 PULASKI COUNTY",22786,"2023","07","VA"
"184196","Locality: 157 RAPPAHANNOCK COUNTY",5935,"2023","07","VA"
"184202","Locality: 159 RICHMOND COUNTY",5443,"2023","07","VA"
"184208","Locality: 161 ROANOKE COUNTY",69014,"2023","07","VA"
"184241","Locality: 163 ROCKBRIDGE COUNTY",15644,"2023","07","VA"
"184258","Locality: 165 ROCKINGHAM COUNTY",54148,"2023","07","VA"
"184287","Locality: 167 RUSSELL COUNTY",18579,"2023","07","VA"
"184302","Locality: 169 SCOTT COUNTY",15514,"2023","07","VA"
"184319","Locality: 171 SHENANDOAH COUNTY",30911,"2023","07","VA"
"184333","Locality: 173 SMYTH COUNTY",19402,"2023","07","VA"
"184345","Locality: 175 SOUTHAMPTON COUNTY",12656,"2023","07","VA"
"184356","Locality: 177 SPOTSYLVANIA COUNTY",99841,"2023","07","VA"
"184385","Locality: 179 STAFFORD COUNTY",103218,"2023","07","VA"
"184422","Locality: 181 SURRY COUNTY",5457,"2023","07","VA"
"184428","Locality: 183 SUSSEX COUNTY",6807,"2023","07","VA"
"184438","Locality: 185 TAZEWELL COUNTY",25313,"2023","07","VA"
"184458","Locality: 187 WARREN COUNTY",28744,"2023","07","VA"
"184469","Locality: 191 WASHINGTON COUNTY",37768,"2023","07","VA"
"184488","Locality: 193 WESTMORELAND COUNTY",13548,"2023","07","VA"
"184496","Locality: 195 WISE COUNTY",23539,"2023","07","VA"
"184508","Locality: 197 WYTHE COUNTY",20165,"2023","07","VA"
"184519","Locality: 199 YORK COUNTY",47374,"2023","07","VA"
"184532","Locality: 510 ALEXANDRIA CITY",96900,"2023","07","VA"
"184562","Locality: 520 BRISTOL CITY",11056,"2023","07","VA"
"184566","Locality: 530 BUENA VISTA CITY",3898,"2023","07","VA"
"184568","Locality: 540 CHARLOTTESVILLE CITY",30413,"2023","07","VA"
"184577","Locality: 550 CHESAPEAKE CITY",163571,"2023","07","VA"
"184641","Locality: 570 COLONIAL HEIGHTS CITY",11953,"2023","07","VA"
"184646","Locality: 580 COVINGTON CITY",3591,"2023","07","VA"
"184651","Locality: 590 DANVILLE CITY",25976,"2023","07","VA"
"184667","Locality: 595 EMPORIA CITY",3704,"2023","07","VA"
"184674","Locality: 600 FAIRFAX CITY",16520,"2023","07","VA"
"184680","Locality: 610 FALLS CHURCH CITY",10246,"2023","07","VA"
"184683","Locality: 620 FRANKLIN CITY",5555,"2023","07","VA"
"184689","Locality: 630 FREDERICKSBURG CITY",17474,"2023","07","VA"
"184694","Locality: 640 GALAX CITY",3766,"2023","07","VA"
"184696","Locality: 650 HAMPTON CITY",89474,"2023","07","VA"
"184726","Locality: 660 HARRISONBURG CITY",22790,"2023","07","VA"
"184734","Locality: 670 HOPEWELL CITY",14468,"2023","07","VA"
"184741","Locality: 678 LEXINGTON CITY",3389,"2023","07","VA"
"184742","Locality: 680 LYNCHBURG CITY",48883,"2023","07","VA"
"184760","Locality: 683 MANASSAS CITY",21585,"2023","07","VA"
"184766","Locality: 685 MANASSAS PARK CITY",8164,"2023","07","VA"
"184769","Locality: 690 MARTINSVILLE CITY",8261,"2023","07","VA"
"184775","Locality: 700 NEWPORT NEWS CITY",110656,"2023","07","VA"
"184818","Locality: 710 NORFOLK CITY",125745,"2023","07","VA"
"184866","Locality: 720 NORTON CITY",2443,"2023","07","VA"
"184867","Locality: 730 PETERSBURG CITY",20510,"2023","07","VA"
"184874","Locality: 735 POQUOSON CITY",9080,"2023","07","VA"
"184877","Locality: 740 PORTSMOUTH CITY",62905,"2023","07","VA"
"184908","Locality: 750 RADFORD CITY",8405,"2023","07","VA"
"184912","Locality: 760 RICHMOND CITY",141478,"2023","07","VA"
"184984","Locality: 770 ROANOKE CITY",58683,"2023","07","VA"
"185004","Locality: 775 SALEM CITY",16256,"2023","07","VA"
"185014","Locality: 790 STAUNTON CITY",16822,"2023","07","VA"
"185019","Locality: 800 SUFFOLK CITY",65289,"2023","07","VA"
"185049","Locality: 810 VIRGINIA BEACH CITY",302917,"2023","07","VA"
"185157","Locality: 820 WAYNESBORO CITY",14223,"2023","07","VA"
"185161","Locality: 830 WILLIAMSBURG CITY",8716,"2023","07","VA"
"185163","Locality: 840 WINCHESTER CITY",15793,"2023","07","VA"
"185169","Locality: 001 ACCOMACK COUNTY",24194,"2023","08","VA"
"185185","Locality: 003 ALBEMARLE COUNTY",79146,"2023","08","VA"
"185215","Locality: 005 ALLEGHANY COUNTY",10396,"2023","08","VA"
"185227","Locality: 007 AMELIA COUNTY",9903,"2023","08","VA"
"185232","Locality: 009 AMHERST COUNTY",21896,"2023","08","VA"
"185243","Locality: 011 APPOMATTOX COUNTY",11744,"2023","08","VA"
"185252","Locality: 013 ARLINGTON COUNTY",155982,"2023","08","VA"
"185306","Locality: 015 AUGUSTA COUNTY",53004,"2023","08","VA"
"185334","Locality: 017 BATH COUNTY",3207,"2023","08","VA"
"185341","Locality: 019 BEDFORD COUNTY",60601,"2023","08","VA"
"185373","Locality: 021 BLAND COUNTY",4319,"2023","08","VA"
"185380","Locality: 023 BOTETOURT COUNTY",25671,"2023","08","VA"
"185390","Locality: 025 BRUNSWICK COUNTY",10704,"2023","08","VA"
"185403","Locality: 027 BUCHANAN COUNTY",14008,"2023","08","VA"
"185421","Locality: 029 BUCKINGHAM COUNTY",10436,"2023","08","VA"
"185431","Locality: 031 CAMPBELL COUNTY",39076,"2023","08","VA"
"185447","Locality: 033 CAROLINE COUNTY",21807,"2023","08","VA"
"185460","Locality: 035 CARROLL COUNTY",20646,"2023","08","VA"
"185476","Locality: 036 CHARLES CITY COUNTY",5584,"2023","08","VA"
"185479","Locality: 037 CHARLOTTE COUNTY",8099,"2023","08","VA"
"185486","Locality: 041 CHESTERFIELD COUNTY",253880,"2023","08","VA"
"185572","Locality: 043 CLARKE COUNTY",11489,"2023","08","VA"
"185579","Locality: 045 CRAIG COUNTY",3749,"2023","08","VA"
"185587","Locality: 047 CULPEPER COUNTY",35478,"2023","08","VA"
"185602","Locality: 049 CUMBERLAND COUNTY",7133,"2023","08","VA"
"185607","Locality: 051 DICKENSON COUNTY",9453,"2023","08","VA"
"185618","Locality: 053 DINWIDDIE COUNTY",19932,"2023","08","VA"
"185631","Locality: 057 ESSEX COUNTY",7901,"2023","08","VA"
"185635","Locality: 059 FAIRFAX COUNTY",721348,"2023","08","VA"
"185900","Locality: 061 FAUQUIER COUNTY",52804,"2023","08","VA"
"185924","Locality: 063 FLOYD COUNTY",11477,"2023","08","VA"
"185929","Locality: 065 FLUVANNA COUNTY",20197,"2023","08","VA"
"185934","Locality: 067 FRANKLIN COUNTY",38563,"2023","08","VA"
"185957","Locality: 069 FREDERICK COUNTY",63871,"2023","08","VA"
"185986","Locality: 071 GILES COUNTY",11549,"2023","08","VA"
"185995","Locality: 073 GLOUCESTER COUNTY",29068,"2023","08","VA"
"186006","Locality: 075 GOOCHLAND COUNTY",21316,"2023","08","VA"
"186016","Locality: 077 GRAYSON COUNTY",10488,"2023","08","VA"
"186031","Locality: 079 GREENE COUNTY",14432,"2023","08","VA"
"186037","Locality: 081 GREENSVILLE COUNTY",6152,"2023","08","VA"
"186046","Locality: 083 HALIFAX COUNTY",24178,"2023","08","VA"
"186066","Locality: 085 HANOVER COUNTY",83798,"2023","08","VA"
"186102","Locality: 087 HENRICO COUNTY",227836,"2023","08","VA"
"186192","Locality: 089 HENRY COUNTY",34244,"2023","08","VA"
"186216","Locality: 091 HIGHLAND COUNTY",1816,"2023","08","VA"
"186221","Locality: 093 ISLE OF WIGHT COUNTY",29698,"2023","08","VA"
"186238","Locality: 095 JAMES CITY COUNTY",60502,"2023","08","VA"
"186256","Locality: 097 KING & QUEEN COUNTY",5157,"2023","08","VA"
"186261","Locality: 099 KING GEORGE COUNTY",18577,"2023","08","VA"
"186266","Locality: 101 KING WILLIAM COUNTY",13590,"2023","08","VA"
"186272","Locality: 103 LANCASTER COUNTY",8740,"2023","08","VA"
"186278","Locality: 105 LEE COUNTY",14910,"2023","08","VA"
"186294","Locality: 107 LOUDOUN COUNTY",272522,"2023","08","VA"
"186401","Locality: 109 LOUISA COUNTY",28775,"2023","08","VA"
"186415","Locality: 111 LUNENBURG COUNTY",7764,"2023","08","VA"
"186426","Locality: 113 MADISON COUNTY",10064,"2023","08","VA"
"186435","Locality: 115 MATHEWS COUNTY",7091,"2023","08","VA"
"186438","Locality: 117 MECKLENBURG COUNTY",21914,"2023","08","VA"
"186460","Locality: 119 MIDDLESEX COUNTY",8307,"2023","08","VA"
"186466","Locality: 121 MONTGOMERY COUNTY",54593,"2023","08","VA"
"186495","Locality: 125 NELSON COUNTY",11385,"2023","08","VA"
"186504","Locality: 127 NEW KENT COUNTY",18687,"2023","08","VA"
"186514","Locality: 131 NORTHAMPTON COUNTY",9306,"2023","08","VA"
"186519","Locality: 133 NORTHUMBERLAND COUNTY",9904,"2023","08","VA"
"186524","Locality: 135 NOTTOWAY COUNTY",9271,"2023","08","VA"
"186531","Locality: 137 ORANGE COUNTY",27352,"2023","08","VA"
"186543","Locality: 139 PAGE COUNTY",16554,"2023","08","VA"
"186548","Locality: 141 PATRICK COUNTY",12528,"2023","08","VA"
"186561","Locality: 143 PITTSYLVANIA COUNTY",43262,"2023","08","VA"
"186590","Locality: 145 POWHATAN COUNTY",23625,"2023","08","VA"
"186602","Locality: 147 PRINCE EDWARD COUNTY",12711,"2023","08","VA"
"186612","Locality: 149 PRINCE GEORGE COUNTY",22751,"2023","08","VA"
"186622","Locality: 153 PRINCE WILLIAM COUNTY",289259,"2023","08","VA"
"186725","Locality: 155 PULASKI COUNTY",22825,"2023","08","VA"
"186738","Locality: 157 RAPPAHANNOCK COUNTY",5952,"2023","08","VA"
"186744","Locality: 159 RICHMOND COUNTY",5437,"2023","08","VA"
"186750","Locality: 161 ROANOKE COUNTY",69137,"2023","08","VA"
"186783","Locality: 163 ROCKBRIDGE COUNTY",15650,"2023","08","VA"
"186800","Locality: 165 ROCKINGHAM COUNTY",54266,"2023","08","VA"
"186829","Locality: 167 RUSSELL COUNTY",18595,"2023","08","VA"
"186844","Locality: 169 SCOTT COUNTY",15539,"2023","08","VA"
"186861","Locality: 171 SHENANDOAH COUNTY",30961,"2023","08","VA"
"186875","Locality: 173 SMYTH COUNTY",19430,"2023","08","VA"
"186887","Locality: 175 SOUTHAMPTON COUNTY",12667,"2023","08","VA"
"186898","Locality: 177 SPOTSYLVANIA COUNTY",100063,"2023","08","VA"
"186927","Locality: 179 STAFFORD COUNTY",103639,"2023","08","VA"
"186964","Locality: 181 SURRY COUNTY",5450,"2023","08","VA"
"186970","Locality: 183 SUSSEX COUNTY",6837,"2023","08","VA"
"186980","Locality: 185 TAZEWELL COUNTY",25367,"2023","08","VA"
"187000","Locality: 187 WARREN COUNTY",28871,"2023","08","VA"
"187011","Locality: 191 WASHINGTON COUNTY",37831,"2023","08","VA"
"187030","Locality: 193 WESTMORELAND COUNTY",13606,"2023","08","VA"
"187038","Locality: 195 WISE COUNTY",23579,"2023","08","VA"
"187050","Locality: 197 WYTHE COUNTY",20188,"2023","08","VA"
"187061","Locality: 199 YORK COUNTY",47480,"2023","08","VA"
"187074","Locality: 510 ALEXANDRIA CITY",97403,"2023","08","VA"
"187104","Locality: 520 BRISTOL CITY",11090,"2023","08","VA"
"187108","Locality: 530 BUENA VISTA CITY",3900,"2023","08","VA"
"187110","Locality: 540 CHARLOTTESVILLE CITY",30439,"2023","08","VA"
"187119","Locality: 550 CHESAPEAKE CITY",164508,"2023","08","VA"
"187183","Locality: 570 COLONIAL HEIGHTS CITY",11970,"2023","08","VA"
"187188","Locality: 580 COVINGTON CITY",3576,"2023","08","VA"
"187193","Locality: 590 DANVILLE CITY",26008,"2023","08","VA"
"187209","Locality: 595 EMPORIA CITY",3709,"2023","08","VA"
"187216","Locality: 600 FAIRFAX CITY",16578,"2023","08","VA"
"187222","Locality: 610 FALLS CHURCH CITY",10253,"2023","08","VA"
"187225","Locality: 620 FRANKLIN CITY",5565,"2023","08","VA"
"187231","Locality: 630 FREDERICKSBURG CITY",17554,"2023","08","VA"
"187236","Locality: 640 GALAX CITY",3765,"2023","08","VA"
"187238","Locality: 650 HAMPTON CITY",89717,"2023","08","VA"
"187268","Locality: 660 HARRISONBURG CITY",22832,"2023","08","VA"
"187276","Locality: 670 HOPEWELL CITY",14491,"2023","08","VA"
"187283","Locality: 678 LEXINGTON CITY",3409,"2023","08","VA"
"187284","Locality: 680 LYNCHBURG CITY",49023,"2023","08","VA"
"187302","Locality: 683 MANASSAS CITY",21627,"2023","08","VA"
"187308","Locality: 685 MANASSAS PARK CITY",8188,"2023","08","VA"
"187311","Locality: 690 MARTINSVILLE CITY",8267,"2023","08","VA"
"187317","Locality: 700 NEWPORT NEWS CITY",110847,"2023","08","VA"
"187360","Locality: 710 NORFOLK CITY",126491,"2023","08","VA"
"187408","Locality: 720 NORTON CITY",2443,"2023","08","VA"
"187409","Locality: 730 PETERSBURG CITY",20624,"2023","08","VA"
"187416","Locality: 735 POQUOSON CITY",9110,"2023","08","VA"
"187419","Locality: 740 PORTSMOUTH CITY",63091,"2023","08","VA"
"187450","Locality: 750 RADFORD CITY",8417,"2023","08","VA"
"187454","Locality: 760 RICHMOND CITY",142368,"2023","08","VA"
"187526","Locality: 770 ROANOKE CITY",58908,"2023","08","VA"
"187546","Locality: 775 SALEM CITY",16271,"2023","08","VA"
"187556","Locality: 790 STAUNTON CITY",16879,"2023","08","VA"
"187561","Locality: 800 SUFFOLK CITY",65502,"2023","08","VA"
"187591","Locality: 810 VIRGINIA BEACH CITY",303685,"2023","08","VA"
"187699","Locality: 820 WAYNESBORO CITY",14292,"2023","08","VA"
"187703","Locality: 830 WILLIAMSBURG CITY",8723,"2023","08","VA"
"187705","Locality: 840 WINCHESTER CITY",15866,"2023","08","VA"
"187711","Locality: 001 ACCOMACK COUNTY",23883,"2023","09","VA"
"187727","Locality: 003 ALBEMARLE COUNTY",78392,"2023","09","VA"
"187757","Locality: 005 ALLEGHANY COUNTY",10305,"2023","09","VA"
"187769","Locality: 007 AMELIA COUNTY",9818,"2023","09","VA"
"187774","Locality: 009 AMHERST COUNTY",21693,"2023","09","VA"
"187785","Locality: 011 APPOMATTOX COUNTY",11603,"2023","09","VA"
"187794","Locality: 013 ARLINGTON COUNTY",152202,"2023","09","VA"
"187848","Locality: 015 AUGUSTA COUNTY",52581,"2023","09","VA"
"187876","Locality: 017 BATH COUNTY",3189,"2023","09","VA"
"187883","Locality: 019 BEDFORD COUNTY",60179,"2023","09","VA"
"187915","Locality: 021 BLAND COUNTY",4248,"2023","09","VA"
"187922","Locality: 023 BOTETOURT COUNTY",25502,"2023","09","VA"
"187932","Locality: 025 BRUNSWICK COUNTY",10592,"2023","09","VA"
"187945","Locality: 027 BUCHANAN COUNTY",13888,"2023","09","VA"
"187963","Locality: 029 BUCKINGHAM COUNTY",10297,"2023","09","VA"
"187973","Locality: 031 CAMPBELL COUNTY",38636,"2023","09","VA"
"187989","Locality: 033 CAROLINE COUNTY",21532,"2023","09","VA"
"188002","Locality: 035 CARROLL COUNTY",20520,"2023","09","VA"
"188018","Locality: 036 CHARLES CITY COUNTY",5543,"2023","09","VA"
"188021","Locality: 037 CHARLOTTE COUNTY",7999,"2023","09","VA"
"188028","Locality: 041 CHESTERFIELD COUNTY",251488,"2023","09","VA"
"188114","Locality: 043 CLARKE COUNTY",11357,"2023","09","VA"
"188121","Locality: 045 CRAIG COUNTY",3716,"2023","09","VA"
"188129","Locality: 047 CULPEPER COUNTY",35216,"2023","09","VA"
"188144","Locality: 049 CUMBERLAND COUNTY",7070,"2023","09","VA"
"188149","Locality: 051 DICKENSON COUNTY",9312,"2023","09","VA"
"188160","Locality: 053 DINWIDDIE COUNTY",19768,"2023","09","VA"
"188173","Locality: 057 ESSEX COUNTY",7763,"2023","09","VA"
"188177","Locality: 059 FAIRFAX COUNTY",712702,"2023","09","VA"
"188442","Locality: 061 FAUQUIER COUNTY",52253,"2023","09","VA"
"188466","Locality: 063 FLOYD COUNTY",11397,"2023","09","VA"
"188471","Locality: 065 FLUVANNA COUNTY",20072,"2023","09","VA"
"188476","Locality: 067 FRANKLIN COUNTY",38242,"2023","09","VA"
"188499","Locality: 069 FREDERICK COUNTY",63391,"2023","09","VA"
"188528","Locality: 071 GILES COUNTY",11454,"2023","09","VA"
"188537","Locality: 073 GLOUCESTER COUNTY",28852,"2023","09","VA"
"188548","Locality: 075 GOOCHLAND COUNTY",21288,"2023","09","VA"
"188558","Locality: 077 GRAYSON COUNTY",10407,"2023","09","VA"
"188573","Locality: 079 GREENE COUNTY",14341,"2023","09","VA"
"188579","Locality: 081 GREENSVILLE COUNTY",6086,"2023","09","VA"
"188588","Locality: 083 HALIFAX COUNTY",24018,"2023","09","VA"
"188608","Locality: 085 HANOVER COUNTY",83277,"2023","09","VA"
"188644","Locality: 087 HENRICO COUNTY",224749,"2023","09","VA"
"188734","Locality: 089 HENRY COUNTY",33374,"2023","09","VA"
"188758","Locality: 091 HIGHLAND COUNTY",1810,"2023","09","VA"
"188763","Locality: 093 ISLE OF WIGHT COUNTY",29452,"2023","09","VA"
"188780","Locality: 095 JAMES CITY COUNTY",59962,"2023","09","VA"
"188798","Locality: 097 KING & QUEEN COUNTY",5058,"2023","09","VA"
"188803","Locality: 099 KING GEORGE COUNTY",18448,"2023","09","VA"
"188808","Locality: 101 KING WILLIAM COUNTY",13479,"2023","09","VA"
"188814","Locality: 103 LANCASTER COUNTY",8598,"2023","09","VA"
"188820","Locality: 105 LEE COUNTY",14689,"2023","09","VA"
"188836","Locality: 107 LOUDOUN COUNTY",268666,"2023","09","VA"
"188943","Locality: 109 LOUISA COUNTY",28643,"2023","09","VA"
"188957","Locality: 111 LUNENBURG COUNTY",7710,"2023","09","VA"
"188968","Locality: 113 MADISON COUNTY",9983,"2023","09","VA"
"188977","Locality: 115 MATHEWS COUNTY",7051,"2023","09","VA"
"188980","Locality: 117 MECKLENBURG COUNTY",21660,"2023","09","VA"
"189002","Locality: 119 MIDDLESEX COUNTY",8115,"2023","09","VA"
"189008","Locality: 121 MONTGOMERY COUNTY",54053,"2023","09","VA"
"189037","Locality: 125 NELSON COUNTY",11286,"2023","09","VA"
"189046","Locality: 127 NEW KENT COUNTY",18570,"2023","09","VA"
"189056","Locality: 131 NORTHAMPTON COUNTY",9220,"2023","09","VA"
"189061","Locality: 133 NORTHUMBERLAND COUNTY",9735,"2023","09","VA"
"189066","Locality: 135 NOTTOWAY COUNTY",9195,"2023","09","VA"
"189073","Locality: 137 ORANGE COUNTY",27144,"2023","09","VA"
"189085","Locality: 139 PAGE COUNTY",16408,"2023","09","VA"
"189090","Locality: 141 PATRICK COUNTY",12443,"2023","09","VA"
"189103","Locality: 143 PITTSYLVANIA COUNTY",42796,"2023","09","VA"
"189132","Locality: 145 POWHATAN COUNTY",23498,"2023","09","VA"
"189144","Locality: 147 PRINCE EDWARD COUNTY",12456,"2023","09","VA"
"189154","Locality: 149 PRINCE GEORGE COUNTY",22506,"2023","09","VA"
"189164","Locality: 153 PRINCE WILLIAM COUNTY",285479,"2023","09","VA"
"189267","Locality: 155 PULASKI COUNTY",22653,"2023","09","VA"
"189280","Locality: 157 RAPPAHANNOCK COUNTY",5814,"2023","09","VA"
"189286","Locality: 159 RICHMOND COUNTY",5404,"2023","09","VA"
"189292","Locality: 161 ROANOKE COUNTY",68330,"2023","09","VA"
"189325","Locality: 163 ROCKBRIDGE COUNTY",15556,"2023","09","VA"
"189342","Locality: 165 ROCKINGHAM COUNTY",53762,"2023","09","VA"
"189371","Locality: 167 RUSSELL COUNTY",18477,"2023","09","VA"
"189386","Locality: 169 SCOTT COUNTY",15441,"2023","09","VA"
"189403","Locality: 171 SHENANDOAH COUNTY",30712,"2023","09","VA"
"189417","Locality: 173 SMYTH COUNTY",19285,"2023","09","VA"
"189430","Locality: 175 SOUTHAMPTON COUNTY",12524,"2023","09","VA"
"189441","Locality: 177 SPOTSYLVANIA COUNTY",99023,"2023","09","VA"
"189470","Locality: 179 STAFFORD COUNTY",102307,"2023","09","VA"
"189507","Locality: 181 SURRY COUNTY",5411,"2023","09","VA"
"189513","Locality: 183 SUSSEX COUNTY",6693,"2023","09","VA"
"189523","Locality: 185 TAZEWELL COUNTY",24953,"2023","09","VA"
"189543","Locality: 187 WARREN COUNTY",28584,"2023","09","VA"
"189554","Locality: 191 WASHINGTON COUNTY",37413,"2023","09","VA"
"189573","Locality: 193 WESTMORELAND COUNTY",13508,"2023","09","VA"
"189581","Locality: 195 WISE COUNTY",23373,"2023","09","VA"
"189593","Locality: 197 WYTHE COUNTY",20037,"2023","09","VA"
"189604","Locality: 199 YORK COUNTY",47023,"2023","09","VA"
"189617","Locality: 510 ALEXANDRIA CITY",94881,"2023","09","VA"
"189647","Locality: 520 BRISTOL CITY",10990,"2023","09","VA"
"189651","Locality: 530 BUENA VISTA CITY",3884,"2023","09","VA"
"189653","Locality: 540 CHARLOTTESVILLE CITY",29917,"2023","09","VA"
"189662","Locality: 550 CHESAPEAKE CITY",162292,"2023","09","VA"
"189726","Locality: 570 COLONIAL HEIGHTS CITY",11755,"2023","09","VA"
"189731","Locality: 580 COVINGTON CITY",3555,"2023","09","VA"
"189736","Locality: 590 DANVILLE CITY",25589,"2023","09","VA"
"189752","Locality: 595 EMPORIA CITY",3638,"2023","09","VA"
"189759","Locality: 600 FAIRFAX CITY",16417,"2023","09","VA"
"189765","Locality: 610 FALLS CHURCH CITY",10174,"2023","09","VA"
"189768","Locality: 620 FRANKLIN CITY",5494,"2023","09","VA"
"189774","Locality: 630 FREDERICKSBURG CITY",17300,"2023","09","VA"
"189779","Locality: 640 GALAX CITY",3739,"2023","09","VA"
"189781","Locality: 650 HAMPTON CITY",88172,"2023","09","VA"
"189811","Locality: 660 HARRISONBURG CITY",22382,"2023","09","VA"
"189819","Locality: 670 HOPEWELL CITY",14267,"2023","09","VA"
"189826","Locality: 678 LEXINGTON CITY",3234,"2023","09","VA"
"189827","Locality: 680 LYNCHBURG CITY",48268,"2023","09","VA"
"189845","Locality: 683 MANASSAS CITY",21360,"2023","09","VA"
"189851","Locality: 685 MANASSAS PARK CITY",8121,"2023","09","VA"
"189854","Locality: 690 MARTINSVILLE CITY",8010,"2023","09","VA"
"189860","Locality: 700 NEWPORT NEWS CITY",107697,"2023","09","VA"
"189903","Locality: 710 NORFOLK CITY",123730,"2023","09","VA"
"189951","Locality: 720 NORTON CITY",2405,"2023","09","VA"
"189952","Locality: 730 PETERSBURG CITY",20308,"2023","09","VA"
"189959","Locality: 735 POQUOSON CITY",9040,"2023","09","VA"
"189962","Locality: 740 PORTSMOUTH CITY",61456,"2023","09","VA"
"189993","Locality: 750 RADFORD CITY",7717,"2023","09","VA"
"189997","Locality: 760 RICHMOND CITY",138979,"2023","09","VA"
"190069","Locality: 770 ROANOKE CITY",58090,"2023","09","VA"
"190089","Locality: 775 SALEM CITY",16098,"2023","09","VA"
"190099","Locality: 790 STAUNTON CITY",16685,"2023","09","VA"
"190104","Locality: 800 SUFFOLK CITY",64710,"2023","09","VA"
"190134","Locality: 810 VIRGINIA BEACH CITY",299218,"2023","09","VA"
"190242","Locality: 820 WAYNESBORO CITY",14105,"2023","09","VA"
"190246","Locality: 830 WILLIAMSBURG CITY",7918,"2023","09","VA"
"190248","Locality: 840 WINCHESTER CITY",15561,"2023","09","VA"
"190254","Locality: 001 ACCOMACK COUNTY",23933,"2023","10","VA"
"190270","Locality: 003 ALBEMARLE COUNTY",78829,"2023","10","VA"
"190300","Locality: 005 ALLEGHANY COUNTY",10332,"2023","10","VA"
"190312","Locality: 007 AMELIA COUNTY",9833,"2023","10","VA"
"190317","Locality: 009 AMHERST COUNTY",21755,"2023","10","VA"
"190328","Locality: 011 APPOMATTOX COUNTY",11629,"2023","10","VA"
"190337","Locality: 013 ARLINGTON COUNTY",153015,"2023","10","VA"
"190391","Locality: 015 AUGUSTA COUNTY",52669,"2023","10","VA"
"190419","Locality: 017 BATH COUNTY",3202,"2023","10","VA"
"190426","Locality: 019 BEDFORD COUNTY",60347,"2023","10","VA"
"190458","Locality: 021 BLAND COUNTY",4263,"2023","10","VA"
"190465","Locality: 023 BOTETOURT COUNTY",25557,"2023","10","VA"
"190475","Locality: 025 BRUNSWICK COUNTY",10608,"2023","10","VA"
"190488","Locality: 027 BUCHANAN COUNTY",13900,"2023","10","VA"
"190506","Locality: 029 BUCKINGHAM COUNTY",10307,"2023","10","VA"
"190516","Locality: 031 CAMPBELL COUNTY",38803,"2023","10","VA"
"190532","Locality: 033 CAROLINE COUNTY",21645,"2023","10","VA"
"190545","Locality: 035 CARROLL COUNTY",20566,"2023","10","VA"
"190561","Locality: 036 CHARLES CITY COUNTY",5555,"2023","10","VA"
"190564","Locality: 037 CHARLOTTE COUNTY",8013,"2023","10","VA"
"190571","Locality: 041 CHESTERFIELD COUNTY",252192,"2023","10","VA"
"190657","Locality: 043 CLARKE COUNTY",11410,"2023","10","VA"
"190664","Locality: 045 CRAIG COUNTY",3727,"2023","10","VA"
"190672","Locality: 047 CULPEPER COUNTY",35381,"2023","10","VA"
"190687","Locality: 049 CUMBERLAND COUNTY",7076,"2023","10","VA"
"190692","Locality: 051 DICKENSON COUNTY",9319,"2023","10","VA"
"190703","Locality: 053 DINWIDDIE COUNTY",19816,"2023","10","VA"
"190716","Locality: 057 ESSEX COUNTY",7795,"2023","10","VA"
"190720","Locality: 059 FAIRFAX COUNTY",715089,"2023","10","VA"
"190985","Locality: 061 FAUQUIER COUNTY",52382,"2023","10","VA"
"191009","Locality: 063 FLOYD COUNTY",11408,"2023","10","VA"
"191014","Locality: 065 FLUVANNA COUNTY",20135,"2023","10","VA"
"191019","Locality: 067 FRANKLIN COUNTY",38308,"2023","10","VA"
"191042","Locality: 069 FREDERICK COUNTY",63653,"2023","10","VA"
"191071","Locality: 071 GILES COUNTY",11486,"2023","10","VA"
"191080","Locality: 073 GLOUCESTER COUNTY",28927,"2023","10","VA"
"191091","Locality: 075 GOOCHLAND COUNTY",21398,"2023","10","VA"
"191101","Locality: 077 GRAYSON COUNTY",10412,"2023","10","VA"
"191116","Locality: 079 GREENE COUNTY",14404,"2023","10","VA"
"191122","Locality: 081 GREENSVILLE COUNTY",6099,"2023","10","VA"
"191131","Locality: 083 HALIFAX COUNTY",24059,"2023","10","VA"
"191151","Locality: 085 HANOVER COUNTY",83401,"2023","10","VA"
"191187","Locality: 087 HENRICO COUNTY",225979,"2023","10","VA"
"191277","Locality: 089 HENRY COUNTY",33462,"2023","10","VA"
"191301","Locality: 091 HIGHLAND COUNTY",1815,"2023","10","VA"
"191306","Locality: 093 ISLE OF WIGHT COUNTY",29568,"2023","10","VA"
"191323","Locality: 095 JAMES CITY COUNTY",60226,"2023","10","VA"
"191341","Locality: 097 KING & QUEEN COUNTY",5070,"2023","10","VA"
"191346","Locality: 099 KING GEORGE COUNTY",18519,"2023","10","VA"
"191351","Locality: 101 KING WILLIAM COUNTY",13527,"2023","10","VA"
"191357","Locality: 103 LANCASTER COUNTY",8638,"2023","10","VA"
"191363","Locality: 105 LEE COUNTY",14724,"2023","10","VA"
"191379","Locality: 107 LOUDOUN COUNTY",269879,"2023","10","VA"
"191486","Locality: 109 LOUISA COUNTY",28755,"2023","10","VA"
"191500","Locality: 111 LUNENBURG COUNTY",7725,"2023","10","VA"
"191511","Locality: 113 MADISON COUNTY",10014,"2023","10","VA"
"191520","Locality: 115 MATHEWS COUNTY",7080,"2023","10","VA"
"191523","Locality: 117 MECKLENBURG COUNTY",21718,"2023","10","VA"
"191545","Locality: 119 MIDDLESEX COUNTY",8138,"2023","10","VA"
"191551","Locality: 121 MONTGOMERY COUNTY",54625,"2023","10","VA"
"191580","Locality: 125 NELSON COUNTY",11319,"2023","10","VA"
"191589","Locality: 127 NEW KENT COUNTY",18643,"2023","10","VA"
"191599","Locality: 131 NORTHAMPTON COUNTY",9254,"2023","10","VA"
"191604","Locality: 133 NORTHUMBERLAND COUNTY",9780,"2023","10","VA"
"191609","Locality: 135 NOTTOWAY COUNTY",9203,"2023","10","VA"
"191616","Locality: 137 ORANGE COUNTY",27255,"2023","10","VA"
"191628","Locality: 139 PAGE COUNTY",16463,"2023","10","VA"
"191633","Locality: 141 PATRICK COUNTY",12460,"2023","10","VA"
"191646","Locality: 143 PITTSYLVANIA COUNTY",42896,"2023","10","VA"
"191675","Locality: 145 POWHATAN COUNTY",23548,"2023","10","VA"
"191687","Locality: 147 PRINCE EDWARD COUNTY",12528,"2023","10","VA"
"191697","Locality: 149 PRINCE GEORGE COUNTY",22574,"2023","10","VA"
"191707","Locality: 153 PRINCE WILLIAM COUNTY",286863,"2023","10","VA"
"191810","Locality: 155 PULASKI COUNTY",22674,"2023","10","VA"
"191823","Locality: 157 RAPPAHANNOCK COUNTY",5845,"2023","10","VA"
"191829","Locality: 159 RICHMOND COUNTY",5412,"2023","10","VA"
"191835","Locality: 161 ROANOKE COUNTY",68492,"2023","10","VA"
"191868","Locality: 163 ROCKBRIDGE COUNTY",15617,"2023","10","VA"
"191885","Locality: 165 ROCKINGHAM COUNTY",53945,"2023","10","VA"
"191914","Locality: 167 RUSSELL COUNTY",18518,"2023","10","VA"
"191929","Locality: 169 SCOTT COUNTY",15470,"2023","10","VA"
"191946","Locality: 171 SHENANDOAH COUNTY",30780,"2023","10","VA"
"191960","Locality: 173 SMYTH COUNTY",19362,"2023","10","VA"
"191972","Locality: 175 SOUTHAMPTON COUNTY",12559,"2023","10","VA"
"191983","Locality: 177 SPOTSYLVANIA COUNTY",99378,"2023","10","VA"
"192012","Locality: 179 STAFFORD COUNTY",102796,"2023","10","VA"
"192049","Locality: 181 SURRY COUNTY",5423,"2023","10","VA"
"192055","Locality: 183 SUSSEX COUNTY",6695,"2023","10","VA"
"192065","Locality: 185 TAZEWELL COUNTY",25021,"2023","10","VA"
"192085","Locality: 187 WARREN COUNTY",28727,"2023","10","VA"
"192096","Locality: 191 WASHINGTON COUNTY",37519,"2023","10","VA"
"192115","Locality: 193 WESTMORELAND COUNTY",13570,"2023","10","VA"
"192123","Locality: 195 WISE COUNTY",23437,"2023","10","VA"
"192135","Locality: 197 WYTHE COUNTY",20061,"2023","10","VA"
"192146","Locality: 199 YORK COUNTY",47291,"2023","10","VA"
"192159","Locality: 510 ALEXANDRIA CITY",95584,"2023","10","VA"
"192189","Locality: 520 BRISTOL CITY",11047,"2023","10","VA"
"192193","Locality: 530 BUENA VISTA CITY",3898,"2023","10","VA"
"192195","Locality: 540 CHARLOTTESVILLE CITY",30031,"2023","10","VA"
"192204","Locality: 550 CHESAPEAKE CITY",162917,"2023","10","VA"
"192268","Locality: 570 COLONIAL HEIGHTS CITY",11773,"2023","10","VA"
"192273","Locality: 580 COVINGTON CITY",3559,"2023","10","VA"
"192278","Locality: 590 DANVILLE CITY",25652,"2023","10","VA"
"192294","Locality: 595 EMPORIA CITY",3643,"2023","10","VA"
"192301","Locality: 600 FAIRFAX CITY",16488,"2023","10","VA"
"192307","Locality: 610 FALLS CHURCH CITY",10240,"2023","10","VA"
"192310","Locality: 620 FRANKLIN CITY",5515,"2023","10","VA"
"192316","Locality: 630 FREDERICKSBURG CITY",17526,"2023","10","VA"
"192321","Locality: 640 GALAX CITY",3744,"2023","10","VA"
"192323","Locality: 650 HAMPTON CITY",88484,"2023","10","VA"
"192353","Locality: 660 HARRISONBURG CITY",22429,"2023","10","VA"
"192361","Locality: 670 HOPEWELL CITY",14309,"2023","10","VA"
"192368","Locality: 678 LEXINGTON CITY",3246,"2023","10","VA"
"192369","Locality: 680 LYNCHBURG CITY",48587,"2023","10","VA"
"192387","Locality: 683 MANASSAS CITY",21452,"2023","10","VA"
"192393","Locality: 685 MANASSAS PARK CITY",8184,"2023","10","VA"
"192396","Locality: 690 MARTINSVILLE CITY",8041,"2023","10","VA"
"192402","Locality: 700 NEWPORT NEWS CITY",107866,"2023","10","VA"
"192445","Locality: 710 NORFOLK CITY",124279,"2023","10","VA"
"192493","Locality: 720 NORTON CITY",2409,"2023","10","VA"
"192494","Locality: 730 PETERSBURG CITY",20405,"2023","10","VA"
"192501","Locality: 735 POQUOSON CITY",9076,"2023","10","VA"
"192504","Locality: 740 PORTSMOUTH CITY",61719,"2023","10","VA"
"192535","Locality: 750 RADFORD CITY",7776,"2023","10","VA"
"192539","Locality: 760 RICHMOND CITY",139799,"2023","10","VA"
"192611","Locality: 770 ROANOKE CITY",58329,"2023","10","VA"
"192631","Locality: 775 SALEM CITY",16152,"2023","10","VA"
"192641","Locality: 790 STAUNTON CITY",16779,"2023","10","VA"
"192646","Locality: 800 SUFFOLK CITY",65027,"2023","10","VA"
"192676","Locality: 810 VIRGINIA BEACH CITY",300183,"2023","10","VA"
"192784","Locality: 820 WAYNESBORO CITY",14189,"2023","10","VA"
"192788","Locality: 830 WILLIAMSBURG CITY",8078,"2023","10","VA"
"192790","Locality: 840 WINCHESTER CITY",15687,"2023","10","VA"
"192796","Locality: 001 ACCOMACK COUNTY",24028,"2023","11","VA"
"192812","Locality: 003 ALBEMARLE COUNTY",79156,"2023","11","VA"
"192842","Locality: 005 ALLEGHANY COUNTY",10375,"2023","11","VA"
"192854","Locality: 007 AMELIA COUNTY",9872,"2023","11","VA"
"192859","Locality: 009 AMHERST COUNTY",21806,"2023","11","VA"
"192870","Locality: 011 APPOMATTOX COUNTY",11668,"2023","11","VA"
"192879","Locality: 013 ARLINGTON COUNTY",153805,"2023","11","VA"
"192933","Locality: 015 AUGUSTA COUNTY",52776,"2023","11","VA"
"192961","Locality: 017 BATH COUNTY",3203,"2023","11","VA"
"192968","Locality: 019 BEDFORD COUNTY",60475,"2023","11","VA"
"193000","Locality: 021 BLAND COUNTY",4270,"2023","11","VA"
"193007","Locality: 023 BOTETOURT COUNTY",25578,"2023","11","VA"
"193017","Locality: 025 BRUNSWICK COUNTY",10646,"2023","11","VA"
"193030","Locality: 027 BUCHANAN COUNTY",13952,"2023","11","VA"
"193048","Locality: 029 BUCKINGHAM COUNTY",10342,"2023","11","VA"
"193058","Locality: 031 CAMPBELL COUNTY",38958,"2023","11","VA"
"193074","Locality: 033 CAROLINE COUNTY",21728,"2023","11","VA"
"193087","Locality: 035 CARROLL COUNTY",20609,"2023","11","VA"
"193103","Locality: 036 CHARLES CITY COUNTY",5575,"2023","11","VA"
"193106","Locality: 037 CHARLOTTE COUNTY",8019,"2023","11","VA"
"193113","Locality: 041 CHESTERFIELD COUNTY",253057,"2023","11","VA"
"193199","Locality: 043 CLARKE COUNTY",11459,"2023","11","VA"
"193206","Locality: 045 CRAIG COUNTY",3741,"2023","11","VA"
"193214","Locality: 047 CULPEPER COUNTY",35516,"2023","11","VA"
"193229","Locality: 049 CUMBERLAND COUNTY",7121,"2023","11","VA"
"193234","Locality: 051 DICKENSON COUNTY",9365,"2023","11","VA"
"193245","Locality: 053 DINWIDDIE COUNTY",19872,"2023","11","VA"
"193258","Locality: 057 ESSEX COUNTY",7820,"2023","11","VA"
"193262","Locality: 059 FAIRFAX COUNTY",717521,"2023","11","VA"
"193527","Locality: 061 FAUQUIER COUNTY",52555,"2023","11","VA"
"193551","Locality: 063 FLOYD COUNTY",11434,"2023","11","VA"
"193556","Locality: 065 FLUVANNA COUNTY",20208,"2023","11","VA"
"193561","Locality: 067 FRANKLIN COUNTY",38394,"2023","11","VA"
"193584","Locality: 069 FREDERICK COUNTY",63846,"2023","11","VA"
"193613","Locality: 071 GILES COUNTY",11546,"2023","11","VA"
"193622","Locality: 073 GLOUCESTER COUNTY",29012,"2023","11","VA"
"193633","Locality: 075 GOOCHLAND COUNTY",21485,"2023","11","VA"
"193643","Locality: 077 GRAYSON COUNTY",10430,"2023","11","VA"
"193658","Locality: 079 GREENE COUNTY",14442,"2023","11","VA"
"193664","Locality: 081 GREENSVILLE COUNTY",6117,"2023","11","VA"
"193673","Locality: 083 HALIFAX COUNTY",24105,"2023","11","VA"
"193693","Locality: 085 HANOVER COUNTY",83641,"2023","11","VA"
"193729","Locality: 087 HENRICO COUNTY",226886,"2023","11","VA"
"193819","Locality: 089 HENRY COUNTY",33603,"2023","11","VA"
"193843","Locality: 091 HIGHLAND COUNTY",1818,"2023","11","VA"
"193848","Locality: 093 ISLE OF WIGHT COUNTY",29648,"2023","11","VA"
"193865","Locality: 095 JAMES CITY COUNTY",60396,"2023","11","VA"
"193883","Locality: 097 KING & QUEEN COUNTY",5071,"2023","11","VA"
"193888","Locality: 099 KING GEORGE COUNTY",18592,"2023","11","VA"
"193893","Locality: 101 KING WILLIAM COUNTY",13595,"2023","11","VA"
"193899","Locality: 103 LANCASTER COUNTY",8663,"2023","11","VA"
"193905","Locality: 105 LEE COUNTY",14767,"2023","11","VA"
"193921","Locality: 107 LOUDOUN COUNTY",271029,"2023","11","VA"
"194028","Locality: 109 LOUISA COUNTY",28856,"2023","11","VA"
"194042","Locality: 111 LUNENBURG COUNTY",7728,"2023","11","VA"
"194053","Locality: 113 MADISON COUNTY",10048,"2023","11","VA"
"194062","Locality: 115 MATHEWS COUNTY",7112,"2023","11","VA"
"194065","Locality: 117 MECKLENBURG COUNTY",21771,"2023","11","VA"
"194087","Locality: 119 MIDDLESEX COUNTY",8161,"2023","11","VA"
"194093","Locality: 121 MONTGOMERY COUNTY",55049,"2023","11","VA"
"194122","Locality: 125 NELSON COUNTY",11345,"2023","11","VA"
"194131","Locality: 127 NEW KENT COUNTY",18717,"2023","11","VA"
"194141","Locality: 131 NORTHAMPTON COUNTY",9252,"2023","11","VA"
"194146","Locality: 133 NORTHUMBERLAND COUNTY",9813,"2023","11","VA"
"194151","Locality: 135 NOTTOWAY COUNTY",9218,"2023","11","VA"
"194158","Locality: 137 ORANGE COUNTY",27374,"2023","11","VA"
"194170","Locality: 139 PAGE COUNTY",16546,"2023","11","VA"
"194175","Locality: 141 PATRICK COUNTY",12458,"2023","11","VA"
"194188","Locality: 143 PITTSYLVANIA COUNTY",42990,"2023","11","VA"
"194217","Locality: 145 POWHATAN COUNTY",23585,"2023","11","VA"
"194229","Locality: 147 PRINCE EDWARD COUNTY",12565,"2023","11","VA"
"194239","Locality: 149 PRINCE GEORGE COUNTY",22670,"2023","11","VA"
"194249","Locality: 153 PRINCE WILLIAM COUNTY",287957,"2023","11","VA"
"194352","Locality: 155 PULASKI COUNTY",22746,"2023","11","VA"
"194365","Locality: 157 RAPPAHANNOCK COUNTY",5870,"2023","11","VA"
"194371","Locality: 159 RICHMOND COUNTY",5419,"2023","11","VA"
"194377","Locality: 161 ROANOKE COUNTY",68680,"2023","11","VA"
"194410","Locality: 163 ROCKBRIDGE COUNTY",15653,"2023","11","VA"
"194427","Locality: 165 ROCKINGHAM COUNTY",54064,"2023","11","VA"
"194456","Locality: 167 RUSSELL COUNTY",18593,"2023","11","VA"
"194471","Locality: 169 SCOTT COUNTY",15487,"2023","11","VA"
"194488","Locality: 171 SHENANDOAH COUNTY",30857,"2023","11","VA"
"194502","Locality: 173 SMYTH COUNTY",19397,"2023","11","VA"
"194514","Locality: 175 SOUTHAMPTON COUNTY",12592,"2023","11","VA"
"194525","Locality: 177 SPOTSYLVANIA COUNTY",99716,"2023","11","VA"
"194554","Locality: 179 STAFFORD COUNTY",103216,"2023","11","VA"
"194591","Locality: 181 SURRY COUNTY",5433,"2023","11","VA"
"194597","Locality: 183 SUSSEX COUNTY",6694,"2023","11","VA"
"194607","Locality: 185 TAZEWELL COUNTY",25112,"2023","11","VA"
"194627","Locality: 187 WARREN COUNTY",28874,"2023","11","VA"
"194638","Locality: 191 WASHINGTON COUNTY",37636,"2023","11","VA"
"194657","Locality: 193 WESTMORELAND COUNTY",13635,"2023","11","VA"
"194665","Locality: 195 WISE COUNTY",23497,"2023","11","VA"
"194677","Locality: 197 WYTHE COUNTY",20102,"2023","11","VA"
"194688","Locality: 199 YORK COUNTY",47487,"2023","11","VA"
"194701","Locality: 510 ALEXANDRIA CITY",96193,"2023","11","VA"
"194731","Locality: 520 BRISTOL CITY",11055,"2023","11","VA"
"194735","Locality: 530 BUENA VISTA CITY",3904,"2023","11","VA"
"194737","Locality: 540 CHARLOTTESVILLE CITY",30158,"2023","11","VA"
"194746","Locality: 550 CHESAPEAKE CITY",163477,"2023","11","VA"
"194810","Locality: 570 COLONIAL HEIGHTS CITY",11793,"2023","11","VA"
"194815","Locality: 580 COVINGTON CITY",3572,"2023","11","VA"
"194820","Locality: 590 DANVILLE CITY",25717,"2023","11","VA"
"194836","Locality: 595 EMPORIA CITY",3654,"2023","11","VA"
"194843","Locality: 600 FAIRFAX CITY",16557,"2023","11","VA"
"194849","Locality: 610 FALLS CHURCH CITY",10292,"2023","11","VA"
"194852","Locality: 620 FRANKLIN CITY",5518,"2023","11","VA"
"194858","Locality: 630 FREDERICKSBURG CITY",17695,"2023","11","VA"
"194863","Locality: 640 GALAX CITY",3751,"2023","11","VA"
"194865","Locality: 650 HAMPTON CITY",88746,"2023","11","VA"
"194895","Locality: 660 HARRISONBURG CITY",22526,"2023","11","VA"
"194903","Locality: 670 HOPEWELL CITY",14357,"2023","11","VA"
"194910","Locality: 678 LEXINGTON CITY",3310,"2023","11","VA"
"194911","Locality: 680 LYNCHBURG CITY",48864,"2023","11","VA"
"194929","Locality: 683 MANASSAS CITY",21536,"2023","11","VA"
"194935","Locality: 685 MANASSAS PARK CITY",8244,"2023","11","VA"
"194938","Locality: 690 MARTINSVILLE CITY",8086,"2023","11","VA"
"194944","Locality: 700 NEWPORT NEWS CITY",108511,"2023","11","VA"
"194987","Locality: 710 NORFOLK CITY",124807,"2023","11","VA"
"195035","Locality: 720 NORTON CITY",2414,"2023","11","VA"
"195036","Locality: 730 PETERSBURG CITY",20542,"2023","11","VA"
"195043","Locality: 735 POQUOSON CITY",9116,"2023","11","VA"
"195046","Locality: 740 PORTSMOUTH CITY",62000,"2023","11","VA"
"195077","Locality: 750 RADFORD CITY",7799,"2023","11","VA"
"195081","Locality: 760 RICHMOND CITY",140900,"2023","11","VA"
"195153","Locality: 770 ROANOKE CITY",58564,"2023","11","VA"
"195173","Locality: 775 SALEM CITY",16168,"2023","11","VA"
"195183","Locality: 790 STAUNTON CITY",16875,"2023","11","VA"
"195188","Locality: 800 SUFFOLK CITY",65312,"2023","11","VA"
"195218","Locality: 810 VIRGINIA BEACH CITY",301160,"2023","11","VA"
"195326","Locality: 820 WAYNESBORO CITY",14277,"2023","11","VA"
"195330","Locality: 830 WILLIAMSBURG CITY",8188,"2023","11","VA"
"195332","Locality: 840 WINCHESTER CITY",15736,"2023","11","VA"
"195338","Locality: 001 ACCOMACK COUNTY",24144,"2023","12","VA"
"195354","Locality: 003 ALBEMARLE COUNTY",79934,"2023","12","VA"
"195384","Locality: 005 ALLEGHANY COUNTY",10469,"2023","12","VA"
"195396","Locality: 007 AMELIA COUNTY",9911,"2023","12","VA"
"195401","Locality: 009 AMHERST COUNTY",21998,"2023","12","VA"
"195412","Locality: 011 APPOMATTOX COUNTY",11756,"2023","12","VA"
"195421","Locality: 013 ARLINGTON COUNTY",155887,"2023","12","VA"
"195475","Locality: 015 AUGUSTA COUNTY",53195,"2023","12","VA"
"195503","Locality: 017 BATH COUNTY",3223,"2023","12","VA"
"195510","Locality: 019 BEDFORD COUNTY",60750,"2023","12","VA"
"195542","Locality: 021 BLAND COUNTY",4303,"2023","12","VA"
"195549","Locality: 023 BOTETOURT COUNTY",25724,"2023","12","VA"
"195559","Locality: 025 BRUNSWICK COUNTY",10680,"2023","12","VA"
"195572","Locality: 027 BUCHANAN COUNTY",14003,"2023","12","VA"
"195590","Locality: 029 BUCKINGHAM COUNTY",10382,"2023","12","VA"
"195600","Locality: 031 CAMPBELL COUNTY",39269,"2023","12","VA"
"195616","Locality: 033 CAROLINE COUNTY",21952,"2023","12","VA"
"195629","Locality: 035 CARROLL COUNTY",20698,"2023","12","VA"
"195645","Locality: 036 CHARLES CITY COUNTY",5593,"2023","12","VA"
"195648","Locality: 037 CHARLOTTE COUNTY",8063,"2023","12","VA"
"195655","Locality: 041 CHESTERFIELD COUNTY",255405,"2023","12","VA"
"195741","Locality: 043 CLARKE COUNTY",11547,"2023","12","VA"
"195748","Locality: 045 CRAIG COUNTY",3765,"2023","12","VA"
"195756","Locality: 047 CULPEPER COUNTY",35911,"2023","12","VA"
"195771","Locality: 049 CUMBERLAND COUNTY",7208,"2023","12","VA"
"195776","Locality: 051 DICKENSON COUNTY",9442,"2023","12","VA"
"195787","Locality: 053 DINWIDDIE COUNTY",20078,"2023","12","VA"
"195800","Locality: 057 ESSEX COUNTY",7938,"2023","12","VA"
"195804","Locality: 059 FAIRFAX COUNTY",721012,"2023","12","VA"
"196069","Locality: 061 FAUQUIER COUNTY",53184,"2023","12","VA"
"196093","Locality: 063 FLOYD COUNTY",11462,"2023","12","VA"
"196098","Locality: 065 FLUVANNA COUNTY",20267,"2023","12","VA"
"196103","Locality: 067 FRANKLIN COUNTY",38644,"2023","12","VA"
"196126","Locality: 069 FREDERICK COUNTY",64467,"2023","12","VA"
"196155","Locality: 071 GILES COUNTY",11659,"2023","12","VA"
"196164","Locality: 073 GLOUCESTER COUNTY",29162,"2023","12","VA"
"196175","Locality: 075 GOOCHLAND COUNTY",21705,"2023","12","VA"
"196185","Locality: 077 GRAYSON COUNTY",10474,"2023","12","VA"
"196200","Locality: 079 GREENE COUNTY",14610,"2023","12","VA"
"196206","Locality: 081 GREENSVILLE COUNTY",6167,"2023","12","VA"
"196215","Locality: 083 HALIFAX COUNTY",24273,"2023","12","VA"
"196235","Locality: 085 HANOVER COUNTY",84248,"2023","12","VA"
"196271","Locality: 087 HENRICO COUNTY",227959,"2023","12","VA"
"196361","Locality: 089 HENRY COUNTY",34093,"2023","12","VA"
"196385","Locality: 091 HIGHLAND COUNTY",1820,"2023","12","VA"
"196390","Locality: 093 ISLE OF WIGHT COUNTY",29847,"2023","12","VA"
"196407","Locality: 095 JAMES CITY COUNTY",60779,"2023","12","VA"
"196425","Locality: 097 KING & QUEEN COUNTY",5102,"2023","12","VA"
"196430","Locality: 099 KING GEORGE COUNTY",18737,"2023","12","VA"
"196435","Locality: 101 KING WILLIAM COUNTY",13691,"2023","12","VA"
"196441","Locality: 103 LANCASTER COUNTY",8732,"2023","12","VA"
"196447","Locality: 105 LEE COUNTY",14802,"2023","12","VA"
"196463","Locality: 107 LOUDOUN COUNTY",273176,"2023","12","VA"
"196570","Locality: 109 LOUISA COUNTY",29154,"2023","12","VA"
"196584","Locality: 111 LUNENBURG COUNTY",7761,"2023","12","VA"
"196595","Locality: 113 MADISON COUNTY",10103,"2023","12","VA"
"196604","Locality: 115 MATHEWS COUNTY",7162,"2023","12","VA"
"196607","Locality: 117 MECKLENBURG COUNTY",21950,"2023","12","VA"
"196629","Locality: 119 MIDDLESEX COUNTY",8227,"2023","12","VA"
"196635","Locality: 121 MONTGOMERY COUNTY",56241,"2023","12","VA"
"196664","Locality: 125 NELSON COUNTY",11423,"2023","12","VA"
"196673","Locality: 127 NEW KENT COUNTY",18944,"2023","12","VA"
"196683","Locality: 131 NORTHAMPTON COUNTY",9335,"2023","12","VA"
"196688","Locality: 133 NORTHUMBERLAND COUNTY",9858,"2023","12","VA"
"196693","Locality: 135 NOTTOWAY COUNTY",9283,"2023","12","VA"
"196700","Locality: 137 ORANGE COUNTY",27562,"2023","12","VA"
"196712","Locality: 139 PAGE COUNTY",16567,"2023","12","VA"
"196717","Locality: 141 PATRICK COUNTY",12496,"2023","12","VA"
"196730","Locality: 143 PITTSYLVANIA COUNTY",43302,"2023","12","VA"
"196759","Locality: 145 POWHATAN COUNTY",23718,"2023","12","VA"
"196771","Locality: 147 PRINCE EDWARD COUNTY",12682,"2023","12","VA"
"196781","Locality: 149 PRINCE GEORGE COUNTY",22815,"2023","12","VA"
"196791","Locality: 153 PRINCE WILLIAM COUNTY",288336,"2023","12","VA"
"196894","Locality: 155 PULASKI COUNTY",22910,"2023","12","VA"
"196907","Locality: 157 RAPPAHANNOCK COUNTY",5914,"2023","12","VA"
"196913","Locality: 159 RICHMOND COUNTY",5435,"2023","12","VA"
"196919","Locality: 161 ROANOKE COUNTY",69202,"2023","12","VA"
"196952","Locality: 163 ROCKBRIDGE COUNTY",15754,"2023","12","VA"
"196969","Locality: 165 ROCKINGHAM COUNTY",54445,"2023","12","VA"
"196998","Locality: 167 RUSSELL COUNTY",18718,"2023","12","VA"
"197013","Locality: 169 SCOTT COUNTY",15539,"2023","12","VA"
"197030","Locality: 171 SHENANDOAH COUNTY",31061,"2023","12","VA"
"197044","Locality: 173 SMYTH COUNTY",19556,"2023","12","VA"
"197056","Locality: 175 SOUTHAMPTON COUNTY",12653,"2023","12","VA"
"197067","Locality: 177 SPOTSYLVANIA COUNTY",100702,"2023","12","VA"
"197096","Locality: 179 STAFFORD COUNTY",104281,"2023","12","VA"
"197133","Locality: 181 SURRY COUNTY",5473,"2023","12","VA"
"197139","Locality: 183 SUSSEX COUNTY",6721,"2023","12","VA"
"197149","Locality: 185 TAZEWELL COUNTY",25318,"2023","12","VA"
"197169","Locality: 187 WARREN COUNTY",29142,"2023","12","VA"
"197180","Locality: 191 WASHINGTON COUNTY",37991,"2023","12","VA"
"197199","Locality: 193 WESTMORELAND COUNTY",13725,"2023","12","VA"
"197207","Locality: 195 WISE COUNTY",23635,"2023","12","VA"
"197219","Locality: 197 WYTHE COUNTY",20296,"2023","12","VA"
"197230","Locality: 199 YORK COUNTY",47996,"2023","12","VA"
"197243","Locality: 510 ALEXANDRIA CITY",97509,"2023","12","VA"
"197273","Locality: 520 BRISTOL CITY",11171,"2023","12","VA"
"197277","Locality: 530 BUENA VISTA CITY",3926,"2023","12","VA"
"197279","Locality: 540 CHARLOTTESVILLE CITY",30841,"2023","12","VA"
"197288","Locality: 550 CHESAPEAKE CITY",164333,"2023","12","VA"
"197352","Locality: 570 COLONIAL HEIGHTS CITY",11900,"2023","12","VA"
"197357","Locality: 580 COVINGTON CITY",3585,"2023","12","VA"
"197362","Locality: 590 DANVILLE CITY",25881,"2023","12","VA"
"197378","Locality: 595 EMPORIA CITY",3676,"2023","12","VA"
"197385","Locality: 600 FAIRFAX CITY",16690,"2023","12","VA"
"197391","Locality: 610 FALLS CHURCH CITY",10408,"2023","12","VA"
"197394","Locality: 620 FRANKLIN CITY",5593,"2023","12","VA"
"197400","Locality: 630 FREDERICKSBURG CITY",17944,"2023","12","VA"
"197405","Locality: 640 GALAX CITY",3781,"2023","12","VA"
"197407","Locality: 650 HAMPTON CITY",89280,"2023","12","VA"
"197437","Locality: 660 HARRISONBURG CITY",22836,"2023","12","VA"
"197445","Locality: 670 HOPEWELL CITY",14464,"2023","12","VA"
"197452","Locality: 678 LEXINGTON CITY",3337,"2023","12","VA"
"197453","Locality: 680 LYNCHBURG CITY",49408,"2023","12","VA"
"197471","Locality: 683 MANASSAS CITY",21814,"2023","12","VA"
"197477","Locality: 685 MANASSAS PARK CITY",8391,"2023","12","VA"
"197480","Locality: 690 MARTINSVILLE CITY",8158,"2023","12","VA"
"197486","Locality: 700 NEWPORT NEWS CITY",109094,"2023","12","VA"
"197529","Locality: 710 NORFOLK CITY",126197,"2023","12","VA"
"197577","Locality: 720 NORTON CITY",2432,"2023","12","VA"
"197578","Locality: 730 PETERSBURG CITY",20657,"2023","12","VA"
"197585","Locality: 735 POQUOSON CITY",9211,"2023","12","VA"
"197588","Locality: 740 PORTSMOUTH CITY",62654,"2023","12","VA"
"197619","Locality: 750 RADFORD CITY",7894,"2023","12","VA"
"197623","Locality: 760 RICHMOND CITY",142307,"2023","12","VA"
"197695","Locality: 770 ROANOKE CITY",59039,"2023","12","VA"
"197715","Locality: 775 SALEM CITY",16278,"2023","12","VA"
"197725","Locality: 790 STAUNTON CITY",17046,"2023","12","VA"
"197730","Locality: 800 SUFFOLK CITY",66239,"2023","12","VA"
"197760","Locality: 810 VIRGINIA BEACH CITY",304255,"2023","12","VA"
"197868","Locality: 820 WAYNESBORO CITY",14412,"2023","12","VA"
"197872","Locality: 830 WILLIAMSBURG CITY",8914,"2023","12","VA"
"197874","Locality: 840 WINCHESTER CITY",15923,"2023","12","VA"
"197880","Locality: 001 ACCOMACK COUNTY",24125,"2024","01","VA"
"197896","Locality: 003 ALBEMARLE COUNTY",80164,"2024","01","VA"
"197926","Locality: 005 ALLEGHANY COUNTY",10469,"2024","01","VA"
"197938","Locality: 007 AMELIA COUNTY",9898,"2024","01","VA"
"197943","Locality: 009 AMHERST COUNTY",22047,"2024","01","VA"
"197954","Locality: 011 APPOMATTOX COUNTY",11791,"2024","01","VA"
"197963","Locality: 013 ARLINGTON COUNTY",156436,"2024","01","VA"
"198017","Locality: 015 AUGUSTA COUNTY",53315,"2024","01","VA"
"198045","Locality: 017 BATH COUNTY",3217,"2024","01","VA"
"198052","Locality: 019 BEDFORD COUNTY",60873,"2024","01","VA"
"198084","Locality: 021 BLAND COUNTY",4302,"2024","01","VA"
"198091","Locality: 023 BOTETOURT COUNTY",25754,"2024","01","VA"
"198101","Locality: 025 BRUNSWICK COUNTY",10667,"2024","01","VA"
"198114","Locality: 027 BUCHANAN COUNTY",14010,"2024","01","VA"
"198132","Locality: 029 BUCKINGHAM COUNTY",10400,"2024","01","VA"
"198142","Locality: 031 CAMPBELL COUNTY",39294,"2024","01","VA"
"198158","Locality: 033 CAROLINE COUNTY",21988,"2024","01","VA"
"198171","Locality: 035 CARROLL COUNTY",20749,"2024","01","VA"
"198187","Locality: 036 CHARLES CITY COUNTY",5598,"2024","01","VA"
"198190","Locality: 037 CHARLOTTE COUNTY",8067,"2024","01","VA"
"198197","Locality: 041 CHESTERFIELD COUNTY",255775,"2024","01","VA"
"198283","Locality: 043 CLARKE COUNTY",11561,"2024","01","VA"
"198290","Locality: 045 CRAIG COUNTY",3762,"2024","01","VA"
"198298","Locality: 047 CULPEPER COUNTY",36073,"2024","01","VA"
"198313","Locality: 049 CUMBERLAND COUNTY",7214,"2024","01","VA"
"198318","Locality: 051 DICKENSON COUNTY",9420,"2024","01","VA"
"198329","Locality: 053 DINWIDDIE COUNTY",20074,"2024","01","VA"
"198342","Locality: 057 ESSEX COUNTY",7939,"2024","01","VA"
"198346","Locality: 059 FAIRFAX COUNTY",722775,"2024","01","VA"
"198611","Locality: 061 FAUQUIER COUNTY",53258,"2024","01","VA"
"198635","Locality: 063 FLOYD COUNTY",11529,"2024","01","VA"
"198640","Locality: 065 FLUVANNA COUNTY",20335,"2024","01","VA"
"198645","Locality: 067 FRANKLIN COUNTY",38703,"2024","01","VA"
"198668","Locality: 069 FREDERICK COUNTY",64636,"2024","01","VA"
"198697","Locality: 071 GILES COUNTY",11656,"2024","01","VA"
"198706","Locality: 073 GLOUCESTER COUNTY",29189,"2024","01","VA"
"198717","Locality: 075 GOOCHLAND COUNTY",21767,"2024","01","VA"
"198727","Locality: 077 GRAYSON COUNTY",10472,"2024","01","VA"
"198742","Locality: 079 GREENE COUNTY",14625,"2024","01","VA"
"198748","Locality: 081 GREENSVILLE COUNTY",6170,"2024","01","VA"
"198757","Locality: 083 HALIFAX COUNTY",24277,"2024","01","VA"
"198777","Locality: 085 HANOVER COUNTY",84271,"2024","01","VA"
"198813","Locality: 087 HENRICO COUNTY",228993,"2024","01","VA"
"198903","Locality: 089 HENRY COUNTY",34117,"2024","01","VA"
"198927","Locality: 091 HIGHLAND COUNTY",1822,"2024","01","VA"
"198932","Locality: 093 ISLE OF WIGHT COUNTY",29874,"2024","01","VA"
"198949","Locality: 095 JAMES CITY COUNTY",60957,"2024","01","VA"
"198967","Locality: 097 KING & QUEEN COUNTY",5132,"2024","01","VA"
"198972","Locality: 099 KING GEORGE COUNTY",18828,"2024","01","VA"
"198977","Locality: 101 KING WILLIAM COUNTY",13756,"2024","01","VA"
"198983","Locality: 103 LANCASTER COUNTY",8735,"2024","01","VA"
"198989","Locality: 105 LEE COUNTY",14870,"2024","01","VA"
"199005","Locality: 107 LOUDOUN COUNTY",274385,"2024","01","VA"
"199112","Locality: 109 LOUISA COUNTY",29180,"2024","01","VA"
"199126","Locality: 111 LUNENBURG COUNTY",7782,"2024","01","VA"
"199137","Locality: 113 MADISON COUNTY",10105,"2024","01","VA"
"199146","Locality: 115 MATHEWS COUNTY",7172,"2024","01","VA"
"199149","Locality: 117 MECKLENBURG COUNTY",22026,"2024","01","VA"
"199171","Locality: 119 MIDDLESEX COUNTY",8217,"2024","01","VA"
"199177","Locality: 121 MONTGOMERY COUNTY",56235,"2024","01","VA"
"199206","Locality: 125 NELSON COUNTY",11454,"2024","01","VA"
"199215","Locality: 127 NEW KENT COUNTY",18976,"2024","01","VA"
"199225","Locality: 131 NORTHAMPTON COUNTY",9341,"2024","01","VA"
"199230","Locality: 133 NORTHUMBERLAND COUNTY",9872,"2024","01","VA"
"199235","Locality: 135 NOTTOWAY COUNTY",9291,"2024","01","VA"
"199242","Locality: 137 ORANGE COUNTY",27670,"2024","01","VA"
"199254","Locality: 139 PAGE COUNTY",16682,"2024","01","VA"
"199259","Locality: 141 PATRICK COUNTY",12512,"2024","01","VA"
"199272","Locality: 143 PITTSYLVANIA COUNTY",43315,"2024","01","VA"
"199301","Locality: 145 POWHATAN COUNTY",23805,"2024","01","VA"
"199313","Locality: 147 PRINCE EDWARD COUNTY",12717,"2024","01","VA"
"199323","Locality: 149 PRINCE GEORGE COUNTY",22926,"2024","01","VA"
"199333","Locality: 153 PRINCE WILLIAM COUNTY",291225,"2024","01","VA"
"199436","Locality: 155 PULASKI COUNTY",22939,"2024","01","VA"
"199449","Locality: 157 RAPPAHANNOCK COUNTY",5915,"2024","01","VA"
"199455","Locality: 159 RICHMOND COUNTY",5393,"2024","01","VA"
"199461","Locality: 161 ROANOKE COUNTY",69247,"2024","01","VA"
"199494","Locality: 163 ROCKBRIDGE COUNTY",15771,"2024","01","VA"
"199511","Locality: 165 ROCKINGHAM COUNTY",54535,"2024","01","VA"
"199540","Locality: 167 RUSSELL COUNTY",18680,"2024","01","VA"
"199555","Locality: 169 SCOTT COUNTY",15508,"2024","01","VA"
"199572","Locality: 171 SHENANDOAH COUNTY",31095,"2024","01","VA"
"199586","Locality: 173 SMYTH COUNTY",19546,"2024","01","VA"
"199598","Locality: 175 SOUTHAMPTON COUNTY",12646,"2024","01","VA"
"199609","Locality: 177 SPOTSYLVANIA COUNTY",100875,"2024","01","VA"
"199638","Locality: 179 STAFFORD COUNTY",104605,"2024","01","VA"
"199675","Locality: 181 SURRY COUNTY",5470,"2024","01","VA"
"199681","Locality: 183 SUSSEX COUNTY",6740,"2024","01","VA"
"199691","Locality: 185 TAZEWELL COUNTY",25337,"2024","01","VA"
"199711","Locality: 187 WARREN COUNTY",29177,"2024","01","VA"
"199722","Locality: 191 WASHINGTON COUNTY",37981,"2024","01","VA"
"199741","Locality: 193 WESTMORELAND COUNTY",13758,"2024","01","VA"
"199749","Locality: 195 WISE COUNTY",23770,"2024","01","VA"
"199761","Locality: 197 WYTHE COUNTY",20287,"2024","01","VA"
"199772","Locality: 199 YORK COUNTY",48065,"2024","01","VA"
"199785","Locality: 510 ALEXANDRIA CITY",97994,"2024","01","VA"
"199815","Locality: 520 BRISTOL CITY",11114,"2024","01","VA"
"199819","Locality: 530 BUENA VISTA CITY",3927,"2024","01","VA"
"199821","Locality: 540 CHARLOTTESVILLE CITY",30832,"2024","01","VA"
"199830","Locality: 550 CHESAPEAKE CITY",165553,"2024","01","VA"
"199894","Locality: 570 COLONIAL HEIGHTS CITY",11913,"2024","01","VA"
"199899","Locality: 580 COVINGTON CITY",3596,"2024","01","VA"
"199904","Locality: 590 DANVILLE CITY",25938,"2024","01","VA"
"199920","Locality: 595 EMPORIA CITY",3695,"2024","01","VA"
"199927","Locality: 600 FAIRFAX CITY",16743,"2024","01","VA"
"199933","Locality: 610 FALLS CHURCH CITY",10419,"2024","01","VA"
"199936","Locality: 620 FRANKLIN CITY",5609,"2024","01","VA"
"199942","Locality: 630 FREDERICKSBURG CITY",17993,"2024","01","VA"
"199947","Locality: 640 GALAX CITY",3787,"2024","01","VA"
"199949","Locality: 650 HAMPTON CITY",89614,"2024","01","VA"
"199979","Locality: 660 HARRISONBURG CITY",22819,"2024","01","VA"
"199987","Locality: 670 HOPEWELL CITY",14518,"2024","01","VA"
"199994","Locality: 678 LEXINGTON CITY",3344,"2024","01","VA"
"199995","Locality: 680 LYNCHBURG CITY",49501,"2024","01","VA"
"200013","Locality: 683 MANASSAS CITY",21807,"2024","01","VA"
"200019","Locality: 685 MANASSAS PARK CITY",8380,"2024","01","VA"
"200022","Locality: 690 MARTINSVILLE CITY",8170,"2024","01","VA"
"200028","Locality: 700 NEWPORT NEWS CITY",109927,"2024","01","VA"
"200071","Locality: 710 NORFOLK CITY",126597,"2024","01","VA"
"200119","Locality: 720 NORTON CITY",2428,"2024","01","VA"
"200120","Locality: 730 PETERSBURG CITY",20832,"2024","01","VA"
"200127","Locality: 735 POQUOSON CITY",9210,"2024","01","VA"
"200130","Locality: 740 PORTSMOUTH CITY",62716,"2024","01","VA"
"200161","Locality: 750 RADFORD CITY",7923,"2024","01","VA"
"200165","Locality: 760 RICHMOND CITY",143576,"2024","01","VA"
"200237","Locality: 770 ROANOKE CITY",59184,"2024","01","VA"
"200257","Locality: 775 SALEM CITY",16306,"2024","01","VA"
"200267","Locality: 790 STAUNTON CITY",17080,"2024","01","VA"
"200272","Locality: 800 SUFFOLK CITY",66386,"2024","01","VA"
"200302","Locality: 810 VIRGINIA BEACH CITY",304596,"2024","01","VA"
"200410","Locality: 820 WAYNESBORO CITY",14445,"2024","01","VA"
"200414","Locality: 830 WILLIAMSBURG CITY",8909,"2024","01","VA"
"200416","Locality: 840 WINCHESTER CITY",15969,"2024","01","VA"
"200422","Locality: 001 ACCOMACK COUNTY",24191,"2024","02","VA"
"200438","Locality: 003 ALBEMARLE COUNTY",80310,"2024","02","VA"
"200468","Locality: 005 ALLEGHANY COUNTY",10476,"2024","02","VA"
"200480","Locality: 007 AMELIA COUNTY",9953,"2024","02","VA"
"200485","Locality: 009 AMHERST COUNTY",22099,"2024","02","VA"
"200496","Locality: 011 APPOMATTOX COUNTY",11816,"2024","02","VA"
"200505","Locality: 013 ARLINGTON COUNTY",157721,"2024","02","VA"
"200559","Locality: 015 AUGUSTA COUNTY",53440,"2024","02","VA"
"200587","Locality: 017 BATH COUNTY",3231,"2024","02","VA"
"200594","Locality: 019 BEDFORD COUNTY",61004,"2024","02","VA"
"200626","Locality: 021 BLAND COUNTY",4303,"2024","02","VA"
"200633","Locality: 023 BOTETOURT COUNTY",25803,"2024","02","VA"
"200643","Locality: 025 BRUNSWICK COUNTY",10722,"2024","02","VA"
"200656","Locality: 027 BUCHANAN COUNTY",14004,"2024","02","VA"
"200674","Locality: 029 BUCKINGHAM COUNTY",10429,"2024","02","VA"
"200684","Locality: 031 CAMPBELL COUNTY",39396,"2024","02","VA"
"200700","Locality: 033 CAROLINE COUNTY",22084,"2024","02","VA"
"200713","Locality: 035 CARROLL COUNTY",20823,"2024","02","VA"
"200729","Locality: 036 CHARLES CITY COUNTY",5611,"2024","02","VA"
"200732","Locality: 037 CHARLOTTE COUNTY",8074,"2024","02","VA"
"200739","Locality: 041 CHESTERFIELD COUNTY",256593,"2024","02","VA"
"200825","Locality: 043 CLARKE COUNTY",11605,"2024","02","VA"
"200832","Locality: 045 CRAIG COUNTY",3777,"2024","02","VA"
"200840","Locality: 047 CULPEPER COUNTY",36198,"2024","02","VA"
"200855","Locality: 049 CUMBERLAND COUNTY",7263,"2024","02","VA"
"200860","Locality: 051 DICKENSON COUNTY",9428,"2024","02","VA"
"200871","Locality: 053 DINWIDDIE COUNTY",20131,"2024","02","VA"
"200884","Locality: 057 ESSEX COUNTY",7954,"2024","02","VA"
"200888","Locality: 059 FAIRFAX COUNTY",725181,"2024","02","VA"
"201153","Locality: 061 FAUQUIER COUNTY",53371,"2024","02","VA"
"201177","Locality: 063 FLOYD COUNTY",11526,"2024","02","VA"
"201182","Locality: 065 FLUVANNA COUNTY",20394,"2024","02","VA"
"201187","Locality: 067 FRANKLIN COUNTY",38812,"2024","02","VA"
"201210","Locality: 069 FREDERICK COUNTY",64753,"2024","02","VA"
"201239","Locality: 071 GILES COUNTY",11692,"2024","02","VA"
"201248","Locality: 073 GLOUCESTER COUNTY",29335,"2024","02","VA"
"201259","Locality: 075 GOOCHLAND COUNTY",21882,"2024","02","VA"
"201269","Locality: 077 GRAYSON COUNTY",10514,"2024","02","VA"
"201284","Locality: 079 GREENE COUNTY",14665,"2024","02","VA"
"201290","Locality: 081 GREENSVILLE COUNTY",6160,"2024","02","VA"
"201299","Locality: 083 HALIFAX COUNTY",24314,"2024","02","VA"
"201319","Locality: 085 HANOVER COUNTY",84460,"2024","02","VA"
"201355","Locality: 087 HENRICO COUNTY",229719,"2024","02","VA"
"201445","Locality: 089 HENRY COUNTY",34131,"2024","02","VA"
"201469","Locality: 091 HIGHLAND COUNTY",1826,"2024","02","VA"
"201474","Locality: 093 ISLE OF WIGHT COUNTY",29992,"2024","02","VA"
"201491","Locality: 095 JAMES CITY COUNTY",61189,"2024","02","VA"
"201509","Locality: 097 KING & QUEEN COUNTY",5156,"2024","02","VA"
"201514","Locality: 099 KING GEORGE COUNTY",18894,"2024","02","VA"
"201519","Locality: 101 KING WILLIAM COUNTY",13784,"2024","02","VA"
"201525","Locality: 103 LANCASTER COUNTY",8765,"2024","02","VA"
"201531","Locality: 105 LEE COUNTY",14841,"2024","02","VA"
"201547","Locality: 107 LOUDOUN COUNTY",275275,"2024","02","VA"
"201654","Locality: 109 LOUISA COUNTY",29281,"2024","02","VA"
"201668","Locality: 111 LUNENBURG COUNTY",7829,"2024","02","VA"
"201679","Locality: 113 MADISON COUNTY",10132,"2024","02","VA"
"201688","Locality: 115 MATHEWS COUNTY",7181,"2024","02","VA"
"201691","Locality: 117 MECKLENBURG COUNTY",22055,"2024","02","VA"
"201713","Locality: 119 MIDDLESEX COUNTY",8230,"2024","02","VA"
"201719","Locality: 121 MONTGOMERY COUNTY",56297,"2024","02","VA"
"201748","Locality: 125 NELSON COUNTY",11475,"2024","02","VA"
"201757","Locality: 127 NEW KENT COUNTY",19063,"2024","02","VA"
"201767","Locality: 131 NORTHAMPTON COUNTY",9353,"2024","02","VA"
"201772","Locality: 133 NORTHUMBERLAND COUNTY",9926,"2024","02","VA"
"201777","Locality: 135 NOTTOWAY COUNTY",9312,"2024","02","VA"
"201784","Locality: 137 ORANGE COUNTY",27729,"2024","02","VA"
"201796","Locality: 139 PAGE COUNTY",16753,"2024","02","VA"
"201801","Locality: 141 PATRICK COUNTY",12547,"2024","02","VA"
"201814","Locality: 143 PITTSYLVANIA COUNTY",43381,"2024","02","VA"
"201843","Locality: 145 POWHATAN COUNTY",23860,"2024","02","VA"
"201855","Locality: 147 PRINCE EDWARD COUNTY",12765,"2024","02","VA"
"201865","Locality: 149 PRINCE GEORGE COUNTY",23014,"2024","02","VA"
"201875","Locality: 153 PRINCE WILLIAM COUNTY",292262,"2024","02","VA"
"201978","Locality: 155 PULASKI COUNTY",22968,"2024","02","VA"
"201991","Locality: 157 RAPPAHANNOCK COUNTY",5935,"2024","02","VA"
"201997","Locality: 159 RICHMOND COUNTY",5408,"2024","02","VA"
"202003","Locality: 161 ROANOKE COUNTY",69514,"2024","02","VA"
"202036","Locality: 163 ROCKBRIDGE COUNTY",15806,"2024","02","VA"
"202053","Locality: 165 ROCKINGHAM COUNTY",54886,"2024","02","VA"
"202082","Locality: 167 RUSSELL COUNTY",18685,"2024","02","VA"
"202097","Locality: 169 SCOTT COUNTY",15498,"2024","02","VA"
"202114","Locality: 171 SHENANDOAH COUNTY",31155,"2024","02","VA"
"202128","Locality: 173 SMYTH COUNTY",19588,"2024","02","VA"
"202140","Locality: 175 SOUTHAMPTON COUNTY",12734,"2024","02","VA"
"202151","Locality: 177 SPOTSYLVANIA COUNTY",101199,"2024","02","VA"
"202180","Locality: 179 STAFFORD COUNTY",104966,"2024","02","VA"
"202217","Locality: 181 SURRY COUNTY",5491,"2024","02","VA"
"202223","Locality: 183 SUSSEX COUNTY",6762,"2024","02","VA"
"202233","Locality: 185 TAZEWELL COUNTY",25366,"2024","02","VA"
"202253","Locality: 187 WARREN COUNTY",29264,"2024","02","VA"
"202264","Locality: 191 WASHINGTON COUNTY",38022,"2024","02","VA"
"202283","Locality: 193 WESTMORELAND COUNTY",13840,"2024","02","VA"
"202291","Locality: 195 WISE COUNTY",23701,"2024","02","VA"
"202303","Locality: 197 WYTHE COUNTY",20311,"2024","02","VA"
"202314","Locality: 199 YORK COUNTY",48161,"2024","02","VA"
"202327","Locality: 510 ALEXANDRIA CITY",98619,"2024","02","VA"
"202359","Locality: 520 BRISTOL CITY",11141,"2024","02","VA"
"202363","Locality: 530 BUENA VISTA CITY",3951,"2024","02","VA"
"202365","Locality: 540 CHARLOTTESVILLE CITY",30849,"2024","02","VA"
"202374","Locality: 550 CHESAPEAKE CITY",166333,"2024","02","VA"
"202438","Locality: 570 COLONIAL HEIGHTS CITY",11941,"2024","02","VA"
"202443","Locality: 580 COVINGTON CITY",3594,"2024","02","VA"
"202448","Locality: 590 DANVILLE CITY",25982,"2024","02","VA"
"202464","Locality: 595 EMPORIA CITY",3694,"2024","02","VA"
"202471","Locality: 600 FAIRFAX CITY",16816,"2024","02","VA"
"202477","Locality: 610 FALLS CHURCH CITY",10490,"2024","02","VA"
"202480","Locality: 620 FRANKLIN CITY",5611,"2024","02","VA"
"202486","Locality: 630 FREDERICKSBURG CITY",18127,"2024","02","VA"
"202491","Locality: 640 GALAX CITY",3800,"2024","02","VA"
"202493","Locality: 650 HAMPTON CITY",90188,"2024","02","VA"
"202523","Locality: 660 HARRISONBURG CITY",22844,"2024","02","VA"
"202531","Locality: 670 HOPEWELL CITY",14555,"2024","02","VA"
"202538","Locality: 678 LEXINGTON CITY",3350,"2024","02","VA"
"202539","Locality: 680 LYNCHBURG CITY",49729,"2024","02","VA"
"202557","Locality: 683 MANASSAS CITY",21889,"2024","02","VA"
"202563","Locality: 685 MANASSAS PARK CITY",8433,"2024","02","VA"
"202566","Locality: 690 MARTINSVILLE CITY",8186,"2024","02","VA"
"202572","Locality: 700 NEWPORT NEWS CITY",110468,"2024","02","VA"
"202615","Locality: 710 NORFOLK CITY",127093,"2024","02","VA"
"202663","Locality: 720 NORTON CITY",2428,"2024","02","VA"
"202664","Locality: 730 PETERSBURG CITY",20915,"2024","02","VA"
"202671","Locality: 735 POQUOSON CITY",9268,"2024","02","VA"
"202674","Locality: 740 PORTSMOUTH CITY",62912,"2024","02","VA"
"202705","Locality: 750 RADFORD CITY",7948,"2024","02","VA"
"202709","Locality: 760 RICHMOND CITY",144407,"2024","02","VA"
"202781","Locality: 770 ROANOKE CITY",59352,"2024","02","VA"
"202801","Locality: 775 SALEM CITY",16396,"2024","02","VA"
"202811","Locality: 790 STAUNTON CITY",17145,"2024","02","VA"
"202816","Locality: 800 SUFFOLK CITY",66689,"2024","02","VA"
"202846","Locality: 810 VIRGINIA BEACH CITY",305795,"2024","02","VA"
"202954","Locality: 820 WAYNESBORO CITY",14510,"2024","02","VA"
"202958","Locality: 830 WILLIAMSBURG CITY",8938,"2024","02","VA"
"202960","Locality: 840 WINCHESTER CITY",16031,"2024","02","VA"
"202966","Locality: 001 ACCOMACK COUNTY",24312,"2024","03","VA"
"202982","Locality: 003 ALBEMARLE COUNTY",80394,"2024","03","VA"
"203012","Locality: 005 ALLEGHANY COUNTY",10464,"2024","03","VA"
"203024","Locality: 007 AMELIA COUNTY",9963,"2024","03","VA"
"203029","Locality: 009 AMHERST COUNTY",22100,"2024","03","VA"
"203040","Locality: 011 APPOMATTOX COUNTY",11812,"2024","03","VA"
"203049","Locality: 013 ARLINGTON COUNTY",158163,"2024","03","VA"
"203103","Locality: 015 AUGUSTA COUNTY",53507,"2024","03","VA"
"203131","Locality: 017 BATH COUNTY",3234,"2024","03","VA"
"203138","Locality: 019 BEDFORD COUNTY",61177,"2024","03","VA"
"203170","Locality: 021 BLAND COUNTY",4312,"2024","03","VA"
"203177","Locality: 023 BOTETOURT COUNTY",25803,"2024","03","VA"
"203187","Locality: 025 BRUNSWICK COUNTY",10722,"2024","03","VA"
"203200","Locality: 027 BUCHANAN COUNTY",13970,"2024","03","VA"
"203218","Locality: 029 BUCKINGHAM COUNTY",10457,"2024","03","VA"
"203228","Locality: 031 CAMPBELL COUNTY",39442,"2024","03","VA"
"203244","Locality: 033 CAROLINE COUNTY",22127,"2024","03","VA"
"203257","Locality: 035 CARROLL COUNTY",20848,"2024","03","VA"
"203273","Locality: 036 CHARLES CITY COUNTY",5616,"2024","03","VA"
"203276","Locality: 037 CHARLOTTE COUNTY",8070,"2024","03","VA"
"203283","Locality: 041 CHESTERFIELD COUNTY",256960,"2024","03","VA"
"203369","Locality: 043 CLARKE COUNTY",11611,"2024","03","VA"
"203376","Locality: 045 CRAIG COUNTY",3779,"2024","03","VA"
"203384","Locality: 047 CULPEPER COUNTY",36242,"2024","03","VA"
"203399","Locality: 049 CUMBERLAND COUNTY",7262,"2024","03","VA"
"203404","Locality: 051 DICKENSON COUNTY",9419,"2024","03","VA"
"203415","Locality: 053 DINWIDDIE COUNTY",20156,"2024","03","VA"
"203428","Locality: 057 ESSEX COUNTY",7965,"2024","03","VA"
"203432","Locality: 059 FAIRFAX COUNTY",727361,"2024","03","VA"
"203697","Locality: 061 FAUQUIER COUNTY",53420,"2024","03","VA"
"203721","Locality: 063 FLOYD COUNTY",11534,"2024","03","VA"
"203726","Locality: 065 FLUVANNA COUNTY",20413,"2024","03","VA"
"203731","Locality: 067 FRANKLIN COUNTY",38823,"2024","03","VA"
"203754","Locality: 069 FREDERICK COUNTY",64908,"2024","03","VA"
"203783","Locality: 071 GILES COUNTY",11678,"2024","03","VA"
"203792","Locality: 073 GLOUCESTER COUNTY",29348,"2024","03","VA"
"203803","Locality: 075 GOOCHLAND COUNTY",21944,"2024","03","VA"
"203813","Locality: 077 GRAYSON COUNTY",10512,"2024","03","VA"
"203828","Locality: 079 GREENE COUNTY",14668,"2024","03","VA"
"203834","Locality: 081 GREENSVILLE COUNTY",6162,"2024","03","VA"
"203843","Locality: 083 HALIFAX COUNTY",24304,"2024","03","VA"
"203863","Locality: 085 HANOVER COUNTY",84516,"2024","03","VA"
"203899","Locality: 087 HENRICO COUNTY",229901,"2024","03","VA"
"203989","Locality: 089 HENRY COUNTY",34135,"2024","03","VA"
"204013","Locality: 091 HIGHLAND COUNTY",1827,"2024","03","VA"
"204018","Locality: 093 ISLE OF WIGHT COUNTY",29989,"2024","03","VA"
"204035","Locality: 095 JAMES CITY COUNTY",61220,"2024","03","VA"
"204053","Locality: 097 KING & QUEEN COUNTY",5146,"2024","03","VA"
"204058","Locality: 099 KING GEORGE COUNTY",18912,"2024","03","VA"
"204063","Locality: 101 KING WILLIAM COUNTY",13798,"2024","03","VA"
"204069","Locality: 103 LANCASTER COUNTY",8779,"2024","03","VA"
"204075","Locality: 105 LEE COUNTY",14851,"2024","03","VA"
"204091","Locality: 107 LOUDOUN COUNTY",275828,"2024","03","VA"
"204198","Locality: 109 LOUISA COUNTY",29291,"2024","03","VA"
"204212","Locality: 111 LUNENBURG COUNTY",7826,"2024","03","VA"
"204223","Locality: 113 MADISON COUNTY",10136,"2024","03","VA"
"204232","Locality: 115 MATHEWS COUNTY",7178,"2024","03","VA"
"204235","Locality: 117 MECKLENBURG COUNTY",22059,"2024","03","VA"
"204257","Locality: 119 MIDDLESEX COUNTY",8221,"2024","03","VA"
"204263","Locality: 121 MONTGOMERY COUNTY",56312,"2024","03","VA"
"204292","Locality: 125 NELSON COUNTY",11482,"2024","03","VA"
"204301","Locality: 127 NEW KENT COUNTY",19115,"2024","03","VA"
"204311","Locality: 131 NORTHAMPTON COUNTY",9349,"2024","03","VA"
"204316","Locality: 133 NORTHUMBERLAND COUNTY",9922,"2024","03","VA"
"204321","Locality: 135 NOTTOWAY COUNTY",9317,"2024","03","VA"
"204328","Locality: 137 ORANGE COUNTY",27753,"2024","03","VA"
"204340","Locality: 139 PAGE COUNTY",16772,"2024","03","VA"
"204345","Locality: 141 PATRICK COUNTY",12554,"2024","03","VA"
"204358","Locality: 143 PITTSYLVANIA COUNTY",43426,"2024","03","VA"
"204387","Locality: 145 POWHATAN COUNTY",23872,"2024","03","VA"
"204399","Locality: 147 PRINCE EDWARD COUNTY",12767,"2024","03","VA"
"204409","Locality: 149 PRINCE GEORGE COUNTY",23054,"2024","03","VA"
"204419","Locality: 153 PRINCE WILLIAM COUNTY",292796,"2024","03","VA"
"204522","Locality: 155 PULASKI COUNTY",22959,"2024","03","VA"
"204535","Locality: 157 RAPPAHANNOCK COUNTY",5939,"2024","03","VA"
"204541","Locality: 159 RICHMOND COUNTY",5422,"2024","03","VA"
"204547","Locality: 161 ROANOKE COUNTY",69583,"2024","03","VA"
"204580","Locality: 163 ROCKBRIDGE COUNTY",15801,"2024","03","VA"
"204597","Locality: 165 ROCKINGHAM COUNTY",54911,"2024","03","VA"
"204626","Locality: 167 RUSSELL COUNTY",18670,"2024","03","VA"
"204641","Locality: 169 SCOTT COUNTY",15482,"2024","03","VA"
"204658","Locality: 171 SHENANDOAH COUNTY",31155,"2024","03","VA"
"204672","Locality: 173 SMYTH COUNTY",19610,"2024","03","VA"
"204684","Locality: 175 SOUTHAMPTON COUNTY",12726,"2024","03","VA"
"204695","Locality: 177 SPOTSYLVANIA COUNTY",101451,"2024","03","VA"
"204724","Locality: 179 STAFFORD COUNTY",105169,"2024","03","VA"
"204761","Locality: 181 SURRY COUNTY",5502,"2024","03","VA"
"204767","Locality: 183 SUSSEX COUNTY",6758,"2024","03","VA"
"204777","Locality: 185 TAZEWELL COUNTY",25388,"2024","03","VA"
"204797","Locality: 187 WARREN COUNTY",29276,"2024","03","VA"
"204808","Locality: 191 WASHINGTON COUNTY",38050,"2024","03","VA"
"204827","Locality: 193 WESTMORELAND COUNTY",13857,"2024","03","VA"
"204835","Locality: 195 WISE COUNTY",23711,"2024","03","VA"
"204847","Locality: 197 WYTHE COUNTY",20328,"2024","03","VA"
"204858","Locality: 199 YORK COUNTY",48239,"2024","03","VA"
"204871","Locality: 510 ALEXANDRIA CITY",98882,"2024","03","VA"
"204903","Locality: 520 BRISTOL CITY",11149,"2024","03","VA"
"204907","Locality: 530 BUENA VISTA CITY",3948,"2024","03","VA"
"204909","Locality: 540 CHARLOTTESVILLE CITY",30852,"2024","03","VA"
"204918","Locality: 550 CHESAPEAKE CITY",166546,"2024","03","VA"
"204982","Locality: 570 COLONIAL HEIGHTS CITY",11957,"2024","03","VA"
"204987","Locality: 580 COVINGTON CITY",3601,"2024","03","VA"
"204992","Locality: 590 DANVILLE CITY",25994,"2024","03","VA"
"205008","Locality: 595 EMPORIA CITY",3694,"2024","03","VA"
"205015","Locality: 600 FAIRFAX CITY",16856,"2024","03","VA"
"205021","Locality: 610 FALLS CHURCH CITY",10512,"2024","03","VA"
"205024","Locality: 620 FRANKLIN CITY",5623,"2024","03","VA"
"205030","Locality: 630 FREDERICKSBURG CITY",18156,"2024","03","VA"
"205035","Locality: 640 GALAX CITY",3815,"2024","03","VA"
"205037","Locality: 650 HAMPTON CITY",90279,"2024","03","VA"
"205067","Locality: 660 HARRISONBURG CITY",22846,"2024","03","VA"
"205075","Locality: 670 HOPEWELL CITY",14597,"2024","03","VA"
"205082","Locality: 678 LEXINGTON CITY",3353,"2024","03","VA"
"205083","Locality: 680 LYNCHBURG CITY",49741,"2024","03","VA"
"205101","Locality: 683 MANASSAS CITY",21924,"2024","03","VA"
"205107","Locality: 685 MANASSAS PARK CITY",8453,"2024","03","VA"
"205110","Locality: 690 MARTINSVILLE CITY",8189,"2024","03","VA"
"205116","Locality: 700 NEWPORT NEWS CITY",110550,"2024","03","VA"
"205159","Locality: 710 NORFOLK CITY",127292,"2024","03","VA"
"205207","Locality: 720 NORTON CITY",2436,"2024","03","VA"
"205208","Locality: 730 PETERSBURG CITY",20962,"2024","03","VA"
"205215","Locality: 735 POQUOSON CITY",9279,"2024","03","VA"
"205218","Locality: 740 PORTSMOUTH CITY",62997,"2024","03","VA"
"205249","Locality: 750 RADFORD CITY",7946,"2024","03","VA"
"205253","Locality: 760 RICHMOND CITY",144520,"2024","03","VA"
"205325","Locality: 770 ROANOKE CITY",59408,"2024","03","VA"
"205345","Locality: 775 SALEM CITY",16415,"2024","03","VA"
"205355","Locality: 790 STAUNTON CITY",17156,"2024","03","VA"
"205360","Locality: 800 SUFFOLK CITY",66798,"2024","03","VA"
"205390","Locality: 810 VIRGINIA BEACH CITY",306052,"2024","03","VA"
"205498","Locality: 820 WAYNESBORO CITY",14534,"2024","03","VA"
"205502","Locality: 830 WILLIAMSBURG CITY",8946,"2024","03","VA"
"205504","Locality: 840 WINCHESTER CITY",16043,"2024","03","VA"
"205510","Locality: 001 ACCOMACK COUNTY",24431,"2024","04","VA"
"205526","Locality: 003 ALBEMARLE COUNTY",80919,"2024","04","VA"
"205556","Locality: 005 ALLEGHANY COUNTY",10509,"2024","04","VA"
"205568","Locality: 007 AMELIA COUNTY",9985,"2024","04","VA"
"205573","Locality: 009 AMHERST COUNTY",22172,"2024","04","VA"
"205584","Locality: 011 APPOMATTOX COUNTY",11866,"2024","04","VA"
"205593","Locality: 013 ARLINGTON COUNTY",159661,"2024","04","VA"
"205647","Locality: 015 AUGUSTA COUNTY",53773,"2024","04","VA"
"205675","Locality: 017 BATH COUNTY",3243,"2024","04","VA"
"205682","Locality: 019 BEDFORD COUNTY",61440,"2024","04","VA"
"205714","Locality: 021 BLAND COUNTY",4330,"2024","04","VA"
"205721","Locality: 023 BOTETOURT COUNTY",25916,"2024","04","VA"
"205731","Locality: 025 BRUNSWICK COUNTY",10753,"2024","04","VA"
"205744","Locality: 027 BUCHANAN COUNTY",13985,"2024","04","VA"
"205762","Locality: 029 BUCKINGHAM COUNTY",10508,"2024","04","VA"
"205772","Locality: 031 CAMPBELL COUNTY",39617,"2024","04","VA"
"205788","Locality: 033 CAROLINE COUNTY",22270,"2024","04","VA"
"205801","Locality: 035 CARROLL COUNTY",20933,"2024","04","VA"
"205817","Locality: 036 CHARLES CITY COUNTY",5605,"2024","04","VA"
"205820","Locality: 037 CHARLOTTE COUNTY",8094,"2024","04","VA"
"205827","Locality: 041 CHESTERFIELD COUNTY",258688,"2024","04","VA"
"205913","Locality: 043 CLARKE COUNTY",11695,"2024","04","VA"
"205920","Locality: 045 CRAIG COUNTY",3787,"2024","04","VA"
"205928","Locality: 047 CULPEPER COUNTY",36380,"2024","04","VA"
"205943","Locality: 049 CUMBERLAND COUNTY",7305,"2024","04","VA"
"205948","Locality: 051 DICKENSON COUNTY",9451,"2024","04","VA"
"205959","Locality: 053 DINWIDDIE COUNTY",20293,"2024","04","VA"
"205972","Locality: 057 ESSEX COUNTY",7961,"2024","04","VA"
"205976","Locality: 059 FAIRFAX COUNTY",732419,"2024","04","VA"
"206241","Locality: 061 FAUQUIER COUNTY",53728,"2024","04","VA"
"206265","Locality: 063 FLOYD COUNTY",11572,"2024","04","VA"
"206270","Locality: 065 FLUVANNA COUNTY",20551,"2024","04","VA"
"206275","Locality: 067 FRANKLIN COUNTY",38997,"2024","04","VA"
"206298","Locality: 069 FREDERICK COUNTY",65359,"2024","04","VA"
"206327","Locality: 071 GILES COUNTY",11712,"2024","04","VA"
"206336","Locality: 073 GLOUCESTER COUNTY",29465,"2024","04","VA"
"206347","Locality: 075 GOOCHLAND COUNTY",22118,"2024","04","VA"
"206357","Locality: 077 GRAYSON COUNTY",10547,"2024","04","VA"
"206372","Locality: 079 GREENE COUNTY",14741,"2024","04","VA"
"206378","Locality: 081 GREENSVILLE COUNTY",6186,"2024","04","VA"
"206387","Locality: 083 HALIFAX COUNTY",24383,"2024","04","VA"
"206407","Locality: 085 HANOVER COUNTY",84910,"2024","04","VA"
"206443","Locality: 087 HENRICO COUNTY",229686,"2024","04","VA"
"206533","Locality: 089 HENRY COUNTY",34347,"2024","04","VA"
"206557","Locality: 091 HIGHLAND COUNTY",1837,"2024","04","VA"
"206562","Locality: 093 ISLE OF WIGHT COUNTY",30137,"2024","04","VA"
"206579","Locality: 095 JAMES CITY COUNTY",61462,"2024","04","VA"
"206597","Locality: 097 KING & QUEEN COUNTY",5176,"2024","04","VA"
"206602","Locality: 099 KING GEORGE COUNTY",19046,"2024","04","VA"
"206607","Locality: 101 KING WILLIAM COUNTY",13861,"2024","04","VA"
"206613","Locality: 103 LANCASTER COUNTY",8826,"2024","04","VA"
"206619","Locality: 105 LEE COUNTY",14897,"2024","04","VA"
"206635","Locality: 107 LOUDOUN COUNTY",277697,"2024","04","VA"
"206742","Locality: 109 LOUISA COUNTY",29503,"2024","04","VA"
"206756","Locality: 111 LUNENBURG COUNTY",7869,"2024","04","VA"
"206767","Locality: 113 MADISON COUNTY",10186,"2024","04","VA"
"206776","Locality: 115 MATHEWS COUNTY",7202,"2024","04","VA"
"206779","Locality: 117 MECKLENBURG COUNTY",22172,"2024","04","VA"
"206801","Locality: 119 MIDDLESEX COUNTY",8267,"2024","04","VA"
"206807","Locality: 121 MONTGOMERY COUNTY",56396,"2024","04","VA"
"206836","Locality: 125 NELSON COUNTY",11513,"2024","04","VA"
"206845","Locality: 127 NEW KENT COUNTY",19261,"2024","04","VA"
"206855","Locality: 131 NORTHAMPTON COUNTY",9362,"2024","04","VA"
"206860","Locality: 133 NORTHUMBERLAND COUNTY",9981,"2024","04","VA"
"206865","Locality: 135 NOTTOWAY COUNTY",9342,"2024","04","VA"
"206872","Locality: 137 ORANGE COUNTY",27916,"2024","04","VA"
"206884","Locality: 139 PAGE COUNTY",16758,"2024","04","VA"
"206889","Locality: 141 PATRICK COUNTY",12609,"2024","04","VA"
"206902","Locality: 143 PITTSYLVANIA COUNTY",43580,"2024","04","VA"
"206931","Locality: 145 POWHATAN COUNTY",23971,"2024","04","VA"
"206943","Locality: 147 PRINCE EDWARD COUNTY",12807,"2024","04","VA"
"206953","Locality: 149 PRINCE GEORGE COUNTY",23209,"2024","04","VA"
"206963","Locality: 153 PRINCE WILLIAM COUNTY",293080,"2024","04","VA"
"207066","Locality: 155 PULASKI COUNTY",23061,"2024","04","VA"
"207079","Locality: 157 RAPPAHANNOCK COUNTY",5930,"2024","04","VA"
"207085","Locality: 159 RICHMOND COUNTY",5430,"2024","04","VA"
"207091","Locality: 161 ROANOKE COUNTY",69918,"2024","04","VA"
"207124","Locality: 163 ROCKBRIDGE COUNTY",15878,"2024","04","VA"
"207141","Locality: 165 ROCKINGHAM COUNTY",55240,"2024","04","VA"
"207170","Locality: 167 RUSSELL COUNTY",18696,"2024","04","VA"
"207185","Locality: 169 SCOTT COUNTY",15534,"2024","04","VA"
"207202","Locality: 171 SHENANDOAH COUNTY",31330,"2024","04","VA"
"207216","Locality: 173 SMYTH COUNTY",19666,"2024","04","VA"
"207228","Locality: 175 SOUTHAMPTON COUNTY",12743,"2024","04","VA"
"207239","Locality: 177 SPOTSYLVANIA COUNTY",102295,"2024","04","VA"
"207268","Locality: 179 STAFFORD COUNTY",105937,"2024","04","VA"
"207305","Locality: 181 SURRY COUNTY",5503,"2024","04","VA"
"207311","Locality: 183 SUSSEX COUNTY",6802,"2024","04","VA"
"207321","Locality: 185 TAZEWELL COUNTY",25534,"2024","04","VA"
"207341","Locality: 187 WARREN COUNTY",29418,"2024","04","VA"
"207352","Locality: 191 WASHINGTON COUNTY",38202,"2024","04","VA"
"207371","Locality: 193 WESTMORELAND COUNTY",13967,"2024","04","VA"
"207379","Locality: 195 WISE COUNTY",23849,"2024","04","VA"
"207391","Locality: 197 WYTHE COUNTY",20397,"2024","04","VA"
"207402","Locality: 199 YORK COUNTY",48438,"2024","04","VA"
"207415","Locality: 510 ALEXANDRIA CITY",99973,"2024","04","VA"
"207447","Locality: 520 BRISTOL CITY",11228,"2024","04","VA"
"207451","Locality: 530 BUENA VISTA CITY",3960,"2024","04","VA"
"207453","Locality: 540 CHARLOTTESVILLE CITY",30965,"2024","04","VA"
"207462","Locality: 550 CHESAPEAKE CITY",167465,"2024","04","VA"
"207526","Locality: 570 COLONIAL HEIGHTS CITY",12048,"2024","04","VA"
"207531","Locality: 580 COVINGTON CITY",3629,"2024","04","VA"
"207536","Locality: 590 DANVILLE CITY",26126,"2024","04","VA"
"207552","Locality: 595 EMPORIA CITY",3710,"2024","04","VA"
"207559","Locality: 600 FAIRFAX CITY",16958,"2024","04","VA"
"207565","Locality: 610 FALLS CHURCH CITY",10597,"2024","04","VA"
"207568","Locality: 620 FRANKLIN CITY",5658,"2024","04","VA"
"207574","Locality: 630 FREDERICKSBURG CITY",18285,"2024","04","VA"
"207579","Locality: 640 GALAX CITY",3837,"2024","04","VA"
"207581","Locality: 650 HAMPTON CITY",90798,"2024","04","VA"
"207611","Locality: 660 HARRISONBURG CITY",22961,"2024","04","VA"
"207619","Locality: 670 HOPEWELL CITY",14721,"2024","04","VA"
"207626","Locality: 678 LEXINGTON CITY",3379,"2024","04","VA"
"207627","Locality: 680 LYNCHBURG CITY",50236,"2024","04","VA"
"207645","Locality: 683 MANASSAS CITY",22110,"2024","04","VA"
"207651","Locality: 685 MANASSAS PARK CITY",8519,"2024","04","VA"
"207654","Locality: 690 MARTINSVILLE CITY",8221,"2024","04","VA"
"207660","Locality: 700 NEWPORT NEWS CITY",111177,"2024","04","VA"
"207703","Locality: 710 NORFOLK CITY",128014,"2024","04","VA"
"207751","Locality: 720 NORTON CITY",2455,"2024","04","VA"
"207752","Locality: 730 PETERSBURG CITY",21088,"2024","04","VA"
"207759","Locality: 735 POQUOSON CITY",9321,"2024","04","VA"
"207762","Locality: 740 PORTSMOUTH CITY",63312,"2024","04","VA"
"207793","Locality: 750 RADFORD CITY",7980,"2024","04","VA"
"207797","Locality: 760 RICHMOND CITY",145378,"2024","04","VA"
"207869","Locality: 770 ROANOKE CITY",59818,"2024","04","VA"
"207889","Locality: 775 SALEM CITY",16480,"2024","04","VA"
"207899","Locality: 790 STAUNTON CITY",17222,"2024","04","VA"
"207904","Locality: 800 SUFFOLK CITY",67327,"2024","04","VA"
"207934","Locality: 810 VIRGINIA BEACH CITY",307964,"2024","04","VA"
"208042","Locality: 820 WAYNESBORO CITY",14625,"2024","04","VA"
"208046","Locality: 830 WILLIAMSBURG CITY",9014,"2024","04","VA"
"208048","Locality: 840 WINCHESTER CITY",16184,"2024","04","VA"
"208054","Locality: 001 ACCOMACK COUNTY",24479,"2024","05","VA"
"208070","Locality: 003 ALBEMARLE COUNTY",81045,"2024","05","VA"
"208100","Locality: 005 ALLEGHANY COUNTY",10522,"2024","05","VA"
"208112","Locality: 007 AMELIA COUNTY",10008,"2024","05","VA"
"208117","Locality: 009 AMHERST COUNTY",22201,"2024","05","VA"
"208128","Locality: 011 APPOMATTOX COUNTY",11897,"2024","05","VA"
"208137","Locality: 013 ARLINGTON COUNTY",160380,"2024","05","VA"
"208191","Locality: 015 AUGUSTA COUNTY",53869,"2024","05","VA"
"208219","Locality: 017 BATH COUNTY",3250,"2024","05","VA"
"208226","Locality: 019 BEDFORD COUNTY",61601,"2024","05","VA"
"208258","Locality: 021 BLAND COUNTY",4343,"2024","05","VA"
"208265","Locality: 023 BOTETOURT COUNTY",25995,"2024","05","VA"
"208275","Locality: 025 BRUNSWICK COUNTY",10772,"2024","05","VA"
"208288","Locality: 027 BUCHANAN COUNTY",13984,"2024","05","VA"
"208306","Locality: 029 BUCKINGHAM COUNTY",10537,"2024","05","VA"
"208316","Locality: 031 CAMPBELL COUNTY",39686,"2024","05","VA"
"208332","Locality: 033 CAROLINE COUNTY",22331,"2024","05","VA"
"208345","Locality: 035 CARROLL COUNTY",20969,"2024","05","VA"
"208361","Locality: 036 CHARLES CITY COUNTY",5637,"2024","05","VA"
"208364","Locality: 037 CHARLOTTE COUNTY",8098,"2024","05","VA"
"208371","Locality: 041 CHESTERFIELD COUNTY",259282,"2024","05","VA"
"208449","Locality: 043 CLARKE COUNTY",11712,"2024","05","VA"
"208456","Locality: 045 CRAIG COUNTY",3796,"2024","05","VA"
"208464","Locality: 047 CULPEPER COUNTY",36483,"2024","05","VA"
"208479","Locality: 049 CUMBERLAND COUNTY",7317,"2024","05","VA"
"208484","Locality: 051 DICKENSON COUNTY",9459,"2024","05","VA"
"208495","Locality: 053 DINWIDDIE COUNTY",20348,"2024","05","VA"
"208508","Locality: 057 ESSEX COUNTY",7973,"2024","05","VA"
"208512","Locality: 059 FAIRFAX COUNTY",734694,"2024","05","VA"
"208777","Locality: 061 FAUQUIER COUNTY",53852,"2024","05","VA"
"208801","Locality: 063 FLOYD COUNTY",11597,"2024","05","VA"
"208806","Locality: 065 FLUVANNA COUNTY",20569,"2024","05","VA"
"208811","Locality: 067 FRANKLIN COUNTY",39055,"2024","05","VA"
"208834","Locality: 069 FREDERICK COUNTY",65563,"2024","05","VA"
"208863","Locality: 071 GILES COUNTY",11738,"2024","05","VA"
"208872","Locality: 073 GLOUCESTER COUNTY",29535,"2024","05","VA"
"208883","Locality: 075 GOOCHLAND COUNTY",22170,"2024","05","VA"
"208893","Locality: 077 GRAYSON COUNTY",10575,"2024","05","VA"
"208908","Locality: 079 GREENE COUNTY",14781,"2024","05","VA"
"208914","Locality: 081 GREENSVILLE COUNTY",6197,"2024","05","VA"
"208923","Locality: 083 HALIFAX COUNTY",24395,"2024","05","VA"
"208943","Locality: 085 HANOVER COUNTY",85031,"2024","05","VA"
"208979","Locality: 087 HENRICO COUNTY",231151,"2024","05","VA"
"209069","Locality: 089 HENRY COUNTY",34394,"2024","05","VA"
"209093","Locality: 091 HIGHLAND COUNTY",1836,"2024","05","VA"
"209098","Locality: 093 ISLE OF WIGHT COUNTY",30197,"2024","05","VA"
"209115","Locality: 095 JAMES CITY COUNTY",61601,"2024","05","VA"
"209133","Locality: 097 KING & QUEEN COUNTY",5186,"2024","05","VA"
"209138","Locality: 099 KING GEORGE COUNTY",19101,"2024","05","VA"
"209143","Locality: 101 KING WILLIAM COUNTY",13913,"2024","05","VA"
"209149","Locality: 103 LANCASTER COUNTY",8849,"2024","05","VA"
"209155","Locality: 105 LEE COUNTY",14917,"2024","05","VA"
"209171","Locality: 107 LOUDOUN COUNTY",278627,"2024","05","VA"
"209278","Locality: 109 LOUISA COUNTY",29600,"2024","05","VA"
"209292","Locality: 111 LUNENBURG COUNTY",7882,"2024","05","VA"
"209303","Locality: 113 MADISON COUNTY",10214,"2024","05","VA"
"209312","Locality: 115 MATHEWS COUNTY",7212,"2024","05","VA"
"209315","Locality: 117 MECKLENBURG COUNTY",22209,"2024","05","VA"
"209337","Locality: 119 MIDDLESEX COUNTY",8265,"2024","05","VA"
"209343","Locality: 121 MONTGOMERY COUNTY",56464,"2024","05","VA"
"209372","Locality: 125 NELSON COUNTY",11524,"2024","05","VA"
"209381","Locality: 127 NEW KENT COUNTY",19335,"2024","05","VA"
"209391","Locality: 131 NORTHAMPTON COUNTY",9392,"2024","05","VA"
"209396","Locality: 133 NORTHUMBERLAND COUNTY",9990,"2024","05","VA"
"209401","Locality: 135 NOTTOWAY COUNTY",9345,"2024","05","VA"
"209408","Locality: 137 ORANGE COUNTY",27993,"2024","05","VA"
"209420","Locality: 139 PAGE COUNTY",16825,"2024","05","VA"
"209425","Locality: 141 PATRICK COUNTY",12631,"2024","05","VA"
"209438","Locality: 143 PITTSYLVANIA COUNTY",43657,"2024","05","VA"
"209467","Locality: 145 POWHATAN COUNTY",24053,"2024","05","VA"
"209479","Locality: 147 PRINCE EDWARD COUNTY",12853,"2024","05","VA"
"209489","Locality: 149 PRINCE GEORGE COUNTY",23272,"2024","05","VA"
"209499","Locality: 153 PRINCE WILLIAM COUNTY",295524,"2024","05","VA"
"209602","Locality: 155 PULASKI COUNTY",23103,"2024","05","VA"
"209615","Locality: 157 RAPPAHANNOCK COUNTY",5950,"2024","05","VA"
"209621","Locality: 159 RICHMOND COUNTY",5445,"2024","05","VA"
"209627","Locality: 161 ROANOKE COUNTY",70061,"2024","05","VA"
"209660","Locality: 163 ROCKBRIDGE COUNTY",15932,"2024","05","VA"
"209677","Locality: 165 ROCKINGHAM COUNTY",55411,"2024","05","VA"
"209706","Locality: 167 RUSSELL COUNTY",18712,"2024","05","VA"
"209721","Locality: 169 SCOTT COUNTY",15545,"2024","05","VA"
"209738","Locality: 171 SHENANDOAH COUNTY",31396,"2024","05","VA"
"209752","Locality: 173 SMYTH COUNTY",19713,"2024","05","VA"
"209764","Locality: 175 SOUTHAMPTON COUNTY",12761,"2024","05","VA"
"209775","Locality: 177 SPOTSYLVANIA COUNTY",102703,"2024","05","VA"
"209804","Locality: 179 STAFFORD COUNTY",106269,"2024","05","VA"
"209841","Locality: 181 SURRY COUNTY",5517,"2024","05","VA"
"209847","Locality: 183 SUSSEX COUNTY",6827,"2024","05","VA"
"209857","Locality: 185 TAZEWELL COUNTY",25595,"2024","05","VA"
"209877","Locality: 187 WARREN COUNTY",29519,"2024","05","VA"
"209888","Locality: 191 WASHINGTON COUNTY",38262,"2024","05","VA"
"209907","Locality: 193 WESTMORELAND COUNTY",13990,"2024","05","VA"
"209915","Locality: 195 WISE COUNTY",23871,"2024","05","VA"
"209927","Locality: 197 WYTHE COUNTY",20452,"2024","05","VA"
"209938","Locality: 199 YORK COUNTY",48580,"2024","05","VA"
"209951","Locality: 510 ALEXANDRIA CITY",100507,"2024","05","VA"
"209983","Locality: 520 BRISTOL CITY",11288,"2024","05","VA"
"209987","Locality: 530 BUENA VISTA CITY",3985,"2024","05","VA"
"209989","Locality: 540 CHARLOTTESVILLE CITY",30998,"2024","05","VA"
"209998","Locality: 550 CHESAPEAKE CITY",167911,"2024","05","VA"
"210062","Locality: 570 COLONIAL HEIGHTS CITY",12106,"2024","05","VA"
"210067","Locality: 580 COVINGTON CITY",3624,"2024","05","VA"
"210072","Locality: 590 DANVILLE CITY",26184,"2024","05","VA"
"210088","Locality: 595 EMPORIA CITY",3714,"2024","05","VA"
"210095","Locality: 600 FAIRFAX CITY",17020,"2024","05","VA"
"210101","Locality: 610 FALLS CHURCH CITY",10661,"2024","05","VA"
"210104","Locality: 620 FRANKLIN CITY",5680,"2024","05","VA"
"210110","Locality: 630 FREDERICKSBURG CITY",18371,"2024","05","VA"
"210115","Locality: 640 GALAX CITY",3864,"2024","05","VA"
"210117","Locality: 650 HAMPTON CITY",91060,"2024","05","VA"
"210147","Locality: 660 HARRISONBURG CITY",22992,"2024","05","VA"
"210155","Locality: 670 HOPEWELL CITY",14751,"2024","05","VA"
"210162","Locality: 678 LEXINGTON CITY",3395,"2024","05","VA"
"210163","Locality: 680 LYNCHBURG CITY",50408,"2024","05","VA"
"210181","Locality: 683 MANASSAS CITY",22158,"2024","05","VA"
"210187","Locality: 685 MANASSAS PARK CITY",8561,"2024","05","VA"
"210190","Locality: 690 MARTINSVILLE CITY",8260,"2024","05","VA"
"210196","Locality: 700 NEWPORT NEWS CITY",111594,"2024","05","VA"
"210239","Locality: 710 NORFOLK CITY",128574,"2024","05","VA"
"210287","Locality: 720 NORTON CITY",2466,"2024","05","VA"
"210288","Locality: 730 PETERSBURG CITY",21221,"2024","05","VA"
"210295","Locality: 735 POQUOSON CITY",9356,"2024","05","VA"
"210298","Locality: 740 PORTSMOUTH CITY",63459,"2024","05","VA"
"210329","Locality: 750 RADFORD CITY",8005,"2024","05","VA"
"210333","Locality: 760 RICHMOND CITY",145841,"2024","05","VA"
"210405","Locality: 770 ROANOKE CITY",60128,"2024","05","VA"
"210425","Locality: 775 SALEM CITY",16491,"2024","05","VA"
"210435","Locality: 790 STAUNTON CITY",17254,"2024","05","VA"
"210440","Locality: 800 SUFFOLK CITY",67654,"2024","05","VA"
"210470","Locality: 810 VIRGINIA BEACH CITY",308873,"2024","05","VA"
"210578","Locality: 820 WAYNESBORO CITY",14708,"2024","05","VA"
"210582","Locality: 830 WILLIAMSBURG CITY",9037,"2024","05","VA"
"210584","Locality: 840 WINCHESTER CITY",16247,"2024","05","VA"
"210590","Locality: 001 ACCOMACK COUNTY",24520,"2024","06","VA"
"210606","Locality: 003 ALBEMARLE COUNTY",81154,"2024","06","VA"
"210636","Locality: 005 ALLEGHANY COUNTY",10547,"2024","06","VA"
"210648","Locality: 007 AMELIA COUNTY",10020,"2024","06","VA"
"210653","Locality: 009 AMHERST COUNTY",22240,"2024","06","VA"
"210664","Locality: 011 APPOMATTOX COUNTY",11930,"2024","06","VA"
"210673","Locality: 013 ARLINGTON COUNTY",160812,"2024","06","VA"
"210727","Locality: 015 AUGUSTA COUNTY",53968,"2024","06","VA"
"210755","Locality: 017 BATH COUNTY",3249,"2024","06","VA"
"210762","Locality: 019 BEDFORD COUNTY",61701,"2024","06","VA"
"210794","Locality: 021 BLAND COUNTY",4353,"2024","06","VA"
"210801","Locality: 023 BOTETOURT COUNTY",26036,"2024","06","VA"
"210811","Locality: 025 BRUNSWICK COUNTY",10789,"2024","06","VA"
"210824","Locality: 027 BUCHANAN COUNTY",13980,"2024","06","VA"
"210842","Locality: 029 BUCKINGHAM COUNTY",10555,"2024","06","VA"
"210852","Locality: 031 CAMPBELL COUNTY",39775,"2024","06","VA"
"210868","Locality: 033 CAROLINE COUNTY",22441,"2024","06","VA"
"210881","Locality: 035 CARROLL COUNTY",21004,"2024","06","VA"
"210897","Locality: 036 CHARLES CITY COUNTY",5639,"2024","06","VA"
"210900","Locality: 037 CHARLOTTE COUNTY",8105,"2024","06","VA"
"210907","Locality: 041 CHESTERFIELD COUNTY",259795,"2024","06","VA"
"210985","Locality: 043 CLARKE COUNTY",11756,"2024","06","VA"
"210992","Locality: 045 CRAIG COUNTY",3810,"2024","06","VA"
"211000","Locality: 047 CULPEPER COUNTY",36579,"2024","06","VA"
"211015","Locality: 049 CUMBERLAND COUNTY",7325,"2024","06","VA"
"211020","Locality: 051 DICKENSON COUNTY",9474,"2024","06","VA"
"211031","Locality: 053 DINWIDDIE COUNTY",20377,"2024","06","VA"
"211044","Locality: 057 ESSEX COUNTY",7980,"2024","06","VA"
"211048","Locality: 059 FAIRFAX COUNTY",736461,"2024","06","VA"
"211313","Locality: 061 FAUQUIER COUNTY",53963,"2024","06","VA"
"211337","Locality: 063 FLOYD COUNTY",11618,"2024","06","VA"
"211342","Locality: 065 FLUVANNA COUNTY",20599,"2024","06","VA"
"211347","Locality: 067 FRANKLIN COUNTY",39104,"2024","06","VA"
"211370","Locality: 069 FREDERICK COUNTY",65758,"2024","06","VA"
"211399","Locality: 071 GILES COUNTY",11756,"2024","06","VA"
"211408","Locality: 073 GLOUCESTER COUNTY",29590,"2024","06","VA"
"211419","Locality: 075 GOOCHLAND COUNTY",22277,"2024","06","VA"
"211429","Locality: 077 GRAYSON COUNTY",10611,"2024","06","VA"
"211444","Locality: 079 GREENE COUNTY",14808,"2024","06","VA"
"211450","Locality: 081 GREENSVILLE COUNTY",6204,"2024","06","VA"
"211459","Locality: 083 HALIFAX COUNTY",24409,"2024","06","VA"
"211479","Locality: 085 HANOVER COUNTY",85160,"2024","06","VA"
"211515","Locality: 087 HENRICO COUNTY",231933,"2024","06","VA"
"211605","Locality: 089 HENRY COUNTY",34404,"2024","06","VA"
"211629","Locality: 091 HIGHLAND COUNTY",1836,"2024","06","VA"
"211634","Locality: 093 ISLE OF WIGHT COUNTY",30253,"2024","06","VA"
"211651","Locality: 095 JAMES CITY COUNTY",61782,"2024","06","VA"
"211669","Locality: 097 KING & QUEEN COUNTY",5182,"2024","06","VA"
"211674","Locality: 099 KING GEORGE COUNTY",19195,"2024","06","VA"
"211679","Locality: 101 KING WILLIAM COUNTY",13926,"2024","06","VA"
"211685","Locality: 103 LANCASTER COUNTY",8876,"2024","06","VA"
"211691","Locality: 105 LEE COUNTY",14937,"2024","06","VA"
"211707","Locality: 107 LOUDOUN COUNTY",279331,"2024","06","VA"
"211814","Locality: 109 LOUISA COUNTY",29698,"2024","06","VA"
"211828","Locality: 111 LUNENBURG COUNTY",7886,"2024","06","VA"
"211839","Locality: 113 MADISON COUNTY",10236,"2024","06","VA"
"211848","Locality: 115 MATHEWS COUNTY",7231,"2024","06","VA"
"211851","Locality: 117 MECKLENBURG COUNTY",22220,"2024","06","VA"
"211873","Locality: 119 MIDDLESEX COUNTY",8282,"2024","06","VA"
"211879","Locality: 121 MONTGOMERY COUNTY",56562,"2024","06","VA"
"211908","Locality: 125 NELSON COUNTY",11522,"2024","06","VA"
"211917","Locality: 127 NEW KENT COUNTY",19366,"2024","06","VA"
"211927","Locality: 131 NORTHAMPTON COUNTY",9383,"2024","06","VA"
"211932","Locality: 133 NORTHUMBERLAND COUNTY",10008,"2024","06","VA"
"211937","Locality: 135 NOTTOWAY COUNTY",9384,"2024","06","VA"
"211944","Locality: 137 ORANGE COUNTY",28055,"2024","06","VA"
"211956","Locality: 139 PAGE COUNTY",16849,"2024","06","VA"
"211961","Locality: 141 PATRICK COUNTY",12641,"2024","06","VA"
"211974","Locality: 143 PITTSYLVANIA COUNTY",43685,"2024","06","VA"
"212003","Locality: 145 POWHATAN COUNTY",24090,"2024","06","VA"
"212015","Locality: 147 PRINCE EDWARD COUNTY",12875,"2024","06","VA"
"212025","Locality: 149 PRINCE GEORGE COUNTY",23368,"2024","06","VA"
"212035","Locality: 153 PRINCE WILLIAM COUNTY",296335,"2024","06","VA"
"212138","Locality: 155 PULASKI COUNTY",23124,"2024","06","VA"
"212151","Locality: 157 RAPPAHANNOCK COUNTY",5962,"2024","06","VA"
"212157","Locality: 159 RICHMOND COUNTY",5460,"2024","06","VA"
"212163","Locality: 161 ROANOKE COUNTY",70143,"2024","06","VA"
"212196","Locality: 163 ROCKBRIDGE COUNTY",15970,"2024","06","VA"
"212213","Locality: 165 ROCKINGHAM COUNTY",55470,"2024","06","VA"
"212242","Locality: 167 RUSSELL COUNTY",18706,"2024","06","VA"
"212257","Locality: 169 SCOTT COUNTY",15553,"2024","06","VA"
"212274","Locality: 171 SHENANDOAH COUNTY",31450,"2024","06","VA"
"212288","Locality: 173 SMYTH COUNTY",19719,"2024","06","VA"
"212300","Locality: 175 SOUTHAMPTON COUNTY",12763,"2024","06","VA"
"212311","Locality: 177 SPOTSYLVANIA COUNTY",102967,"2024","06","VA"
"212340","Locality: 179 STAFFORD COUNTY",106687,"2024","06","VA"
"212377","Locality: 181 SURRY COUNTY",5515,"2024","06","VA"
"212383","Locality: 183 SUSSEX COUNTY",6845,"2024","06","VA"
"212393","Locality: 185 TAZEWELL COUNTY",25643,"2024","06","VA"
"212413","Locality: 187 WARREN COUNTY",29580,"2024","06","VA"
"212424","Locality: 191 WASHINGTON COUNTY",38300,"2024","06","VA"
"212443","Locality: 193 WESTMORELAND COUNTY",14038,"2024","06","VA"
"212451","Locality: 195 WISE COUNTY",23904,"2024","06","VA"
"212463","Locality: 197 WYTHE COUNTY",20487,"2024","06","VA"
"212474","Locality: 199 YORK COUNTY",48689,"2024","06","VA"
"212487","Locality: 510 ALEXANDRIA CITY",100980,"2024","06","VA"
"212519","Locality: 520 BRISTOL CITY",11329,"2024","06","VA"
"212523","Locality: 530 BUENA VISTA CITY",3993,"2024","06","VA"
"212525","Locality: 540 CHARLOTTESVILLE CITY",30967,"2024","06","VA"
"212534","Locality: 550 CHESAPEAKE CITY",168286,"2024","06","VA"
"212598","Locality: 570 COLONIAL HEIGHTS CITY",12129,"2024","06","VA"
"212603","Locality: 580 COVINGTON CITY",3635,"2024","06","VA"
"212608","Locality: 590 DANVILLE CITY",26229,"2024","06","VA"
"212624","Locality: 595 EMPORIA CITY",3718,"2024","06","VA"
"212631","Locality: 600 FAIRFAX CITY",17083,"2024","06","VA"
"212637","Locality: 610 FALLS CHURCH CITY",10682,"2024","06","VA"
"212640","Locality: 620 FRANKLIN CITY",5687,"2024","06","VA"
"212646","Locality: 630 FREDERICKSBURG CITY",18460,"2024","06","VA"
"212651","Locality: 640 GALAX CITY",3888,"2024","06","VA"
"212653","Locality: 650 HAMPTON CITY",91255,"2024","06","VA"
"212683","Locality: 660 HARRISONBURG CITY",23068,"2024","06","VA"
"212691","Locality: 670 HOPEWELL CITY",14759,"2024","06","VA"
"212698","Locality: 678 LEXINGTON CITY",3403,"2024","06","VA"
"212699","Locality: 680 LYNCHBURG CITY",50512,"2024","06","VA"
"212717","Locality: 683 MANASSAS CITY",22224,"2024","06","VA"
"212723","Locality: 685 MANASSAS PARK CITY",8624,"2024","06","VA"
"212726","Locality: 690 MARTINSVILLE CITY",8252,"2024","06","VA"
"212732","Locality: 700 NEWPORT NEWS CITY",111870,"2024","06","VA"
"212775","Locality: 710 NORFOLK CITY",128901,"2024","06","VA"
"212823","Locality: 720 NORTON CITY",2461,"2024","06","VA"
"212824","Locality: 730 PETERSBURG CITY",21355,"2024","06","VA"
"212831","Locality: 735 POQUOSON CITY",9353,"2024","06","VA"
"212834","Locality: 740 PORTSMOUTH CITY",63572,"2024","06","VA"
"212865","Locality: 750 RADFORD CITY",8024,"2024","06","VA"
"212869","Locality: 760 RICHMOND CITY",145978,"2024","06","VA"
"212941","Locality: 770 ROANOKE CITY",60255,"2024","06","VA"
"212961","Locality: 775 SALEM CITY",16499,"2024","06","VA"
"212971","Locality: 790 STAUNTON CITY",17307,"2024","06","VA"
"212976","Locality: 800 SUFFOLK CITY",67916,"2024","06","VA"
"213006","Locality: 810 VIRGINIA BEACH CITY",309611,"2024","06","VA"
"213114","Locality: 820 WAYNESBORO CITY",14742,"2024","06","VA"
"213118","Locality: 830 WILLIAMSBURG CITY",9045,"2024","06","VA"
"213120","Locality: 840 WINCHESTER CITY",16309,"2024","06","VA"
"213126","Locality: 001 ACCOMACK COUNTY",24490,"2024","07","VA"
"213142","Locality: 003 ALBEMARLE COUNTY",81456,"2024","07","VA"
"213172","Locality: 005 ALLEGHANY COUNTY",10581,"2024","07","VA"
"213184","Locality: 007 AMELIA COUNTY",10033,"2024","07","VA"
"213189","Locality: 009 AMHERST COUNTY",22294,"2024","07","VA"
"213200","Locality: 011 APPOMATTOX COUNTY",11969,"2024","07","VA"
"213209","Locality: 013 ARLINGTON COUNTY",161664,"2024","07","VA"
"213263","Locality: 015 AUGUSTA COUNTY",54123,"2024","07","VA"
"213291","Locality: 017 BATH COUNTY",3257,"2024","07","VA"
"213298","Locality: 019 BEDFORD COUNTY",61937,"2024","07","VA"
"213330","Locality: 021 BLAND COUNTY",4359,"2024","07","VA"
"213337","Locality: 023 BOTETOURT COUNTY",26085,"2024","07","VA"
"213347","Locality: 025 BRUNSWICK COUNTY",10822,"2024","07","VA"
"213360","Locality: 027 BUCHANAN COUNTY",13956,"2024","07","VA"
"213378","Locality: 029 BUCKINGHAM COUNTY",10575,"2024","07","VA"
"213388","Locality: 031 CAMPBELL COUNTY",39865,"2024","07","VA"
"213404","Locality: 033 CAROLINE COUNTY",22529,"2024","07","VA"
"213417","Locality: 035 CARROLL COUNTY",21039,"2024","07","VA"
"213433","Locality: 036 CHARLES CITY COUNTY",5655,"2024","07","VA"
"213436","Locality: 037 CHARLOTTE COUNTY",8145,"2024","07","VA"
"213443","Locality: 041 CHESTERFIELD COUNTY",260903,"2024","07","VA"
"213521","Locality: 043 CLARKE COUNTY",11799,"2024","07","VA"
"213528","Locality: 045 CRAIG COUNTY",3803,"2024","07","VA"
"213536","Locality: 047 CULPEPER COUNTY",36688,"2024","07","VA"
"213551","Locality: 049 CUMBERLAND COUNTY",7352,"2024","07","VA"
"213556","Locality: 051 DICKENSON COUNTY",9489,"2024","07","VA"
"213567","Locality: 053 DINWIDDIE COUNTY",20422,"2024","07","VA"
"213580","Locality: 057 ESSEX COUNTY",7989,"2024","07","VA"
"213584","Locality: 059 FAIRFAX COUNTY",739124,"2024","07","VA"
"213849","Locality: 061 FAUQUIER COUNTY",54192,"2024","07","VA"
"213873","Locality: 063 FLOYD COUNTY",11626,"2024","07","VA"
"213878","Locality: 065 FLUVANNA COUNTY",20651,"2024","07","VA"
"213883","Locality: 067 FRANKLIN COUNTY",38972,"2024","07","VA"
"213906","Locality: 069 FREDERICK COUNTY",66077,"2024","07","VA"
"213935","Locality: 071 GILES COUNTY",11762,"2024","07","VA"
"213944","Locality: 073 GLOUCESTER COUNTY",29675,"2024","07","VA"
"213955","Locality: 075 GOOCHLAND COUNTY",22380,"2024","07","VA"
"213965","Locality: 077 GRAYSON COUNTY",10616,"2024","07","VA"
"213980","Locality: 079 GREENE COUNTY",14855,"2024","07","VA"
"213986","Locality: 081 GREENSVILLE COUNTY",6224,"2024","07","VA"
"213995","Locality: 083 HALIFAX COUNTY",24363,"2024","07","VA"
"214015","Locality: 085 HANOVER COUNTY",85491,"2024","07","VA"
"214051","Locality: 087 HENRICO COUNTY",231536,"2024","07","VA"
"214141","Locality: 089 HENRY COUNTY",34409,"2024","07","VA"
"214165","Locality: 091 HIGHLAND COUNTY",1832,"2024","07","VA"
"214170","Locality: 093 ISLE OF WIGHT COUNTY",30409,"2024","07","VA"
"214187","Locality: 095 JAMES CITY COUNTY",61868,"2024","07","VA"
"214205","Locality: 097 KING & QUEEN COUNTY",5198,"2024","07","VA"
"214210","Locality: 099 KING GEORGE COUNTY",19300,"2024","07","VA"
"214215","Locality: 101 KING WILLIAM COUNTY",13951,"2024","07","VA"
"214221","Locality: 103 LANCASTER COUNTY",8899,"2024","07","VA"
"214227","Locality: 105 LEE COUNTY",14900,"2024","07","VA"
"214243","Locality: 107 LOUDOUN COUNTY",278974,"2024","07","VA"
"214350","Locality: 109 LOUISA COUNTY",29828,"2024","07","VA"
"214364","Locality: 111 LUNENBURG COUNTY",7891,"2024","07","VA"
"214375","Locality: 113 MADISON COUNTY",10261,"2024","07","VA"
"214384","Locality: 115 MATHEWS COUNTY",7245,"2024","07","VA"
"214387","Locality: 117 MECKLENBURG COUNTY",21883,"2024","07","VA"
"214409","Locality: 119 MIDDLESEX COUNTY",8275,"2024","07","VA"
"214415","Locality: 121 MONTGOMERY COUNTY",56545,"2024","07","VA"
"214444","Locality: 125 NELSON COUNTY",11543,"2024","07","VA"
"214453","Locality: 127 NEW KENT COUNTY",19481,"2024","07","VA"
"214463","Locality: 131 NORTHAMPTON COUNTY",9412,"2024","07","VA"
"214468","Locality: 133 NORTHUMBERLAND COUNTY",10048,"2024","07","VA"
"214473","Locality: 135 NOTTOWAY COUNTY",9328,"2024","07","VA"
"214480","Locality: 137 ORANGE COUNTY",28159,"2024","07","VA"
"214492","Locality: 139 PAGE COUNTY",16846,"2024","07","VA"
"214497","Locality: 141 PATRICK COUNTY",12677,"2024","07","VA"
"214510","Locality: 143 PITTSYLVANIA COUNTY",43778,"2024","07","VA"
"214539","Locality: 145 POWHATAN COUNTY",24097,"2024","07","VA"
"214551","Locality: 147 PRINCE EDWARD COUNTY",12921,"2024","07","VA"
"214561","Locality: 149 PRINCE GEORGE COUNTY",23405,"2024","07","VA"
"214571","Locality: 153 PRINCE WILLIAM COUNTY",295862,"2024","07","VA"
"214674","Locality: 155 PULASKI COUNTY",23167,"2024","07","VA"
"214687","Locality: 157 RAPPAHANNOCK COUNTY",5979,"2024","07","VA"
"214693","Locality: 159 RICHMOND COUNTY",5465,"2024","07","VA"
"214699","Locality: 161 ROANOKE COUNTY",70190,"2024","07","VA"
"214732","Locality: 163 ROCKBRIDGE COUNTY",15992,"2024","07","VA"
"214749","Locality: 165 ROCKINGHAM COUNTY",55412,"2024","07","VA"
"214778","Locality: 167 RUSSELL COUNTY",18711,"2024","07","VA"
"214793","Locality: 169 SCOTT COUNTY",15559,"2024","07","VA"
"214810","Locality: 171 SHENANDOAH COUNTY",31552,"2024","07","VA"
"214824","Locality: 173 SMYTH COUNTY",19687,"2024","07","VA"
"214836","Locality: 175 SOUTHAMPTON COUNTY",12785,"2024","07","VA"
"214847","Locality: 177 SPOTSYLVANIA COUNTY",103333,"2024","07","VA"
"214876","Locality: 179 STAFFORD COUNTY",107032,"2024","07","VA"
"214913","Locality: 181 SURRY COUNTY",5526,"2024","07","VA"
"214919","Locality: 183 SUSSEX COUNTY",6848,"2024","07","VA"
"214929","Locality: 185 TAZEWELL COUNTY",25685,"2024","07","VA"
"214949","Locality: 187 WARREN COUNTY",29686,"2024","07","VA"
"214960","Locality: 191 WASHINGTON COUNTY",38388,"2024","07","VA"
"214979","Locality: 193 WESTMORELAND COUNTY",14104,"2024","07","VA"
"214987","Locality: 195 WISE COUNTY",23895,"2024","07","VA"
"214999","Locality: 197 WYTHE COUNTY",20544,"2024","07","VA"
"215010","Locality: 199 YORK COUNTY",48852,"2024","07","VA"
"215023","Locality: 510 ALEXANDRIA CITY",101533,"2024","07","VA"
"215055","Locality: 520 BRISTOL CITY",11356,"2024","07","VA"
"215059","Locality: 530 BUENA VISTA CITY",4008,"2024","07","VA"
"215061","Locality: 540 CHARLOTTESVILLE CITY",31016,"2024","07","VA"
"215070","Locality: 550 CHESAPEAKE CITY",168423,"2024","07","VA"
"215134","Locality: 570 COLONIAL HEIGHTS CITY",12151,"2024","07","VA"
"215139","Locality: 580 COVINGTON CITY",3636,"2024","07","VA"
"215144","Locality: 590 DANVILLE CITY",26271,"2024","07","VA"
"215160","Locality: 595 EMPORIA CITY",3718,"2024","07","VA"
"215167","Locality: 600 FAIRFAX CITY",17072,"2024","07","VA"
"215173","Locality: 610 FALLS CHURCH CITY",10708,"2024","07","VA"
"215176","Locality: 620 FRANKLIN CITY",5705,"2024","07","VA"
"215182","Locality: 630 FREDERICKSBURG CITY",18521,"2024","07","VA"
"215187","Locality: 640 GALAX CITY",3877,"2024","07","VA"
"215189","Locality: 650 HAMPTON CITY",91365,"2024","07","VA"
"215219","Locality: 660 HARRISONBURG CITY",23114,"2024","07","VA"
"215227","Locality: 670 HOPEWELL CITY",14822,"2024","07","VA"
"215234","Locality: 678 LEXINGTON CITY",3418,"2024","07","VA"
"215235","Locality: 680 LYNCHBURG CITY",50525,"2024","07","VA"
"215253","Locality: 683 MANASSAS CITY",22270,"2024","07","VA"
"215259","Locality: 685 MANASSAS PARK CITY",8665,"2024","07","VA"
"215262","Locality: 690 MARTINSVILLE CITY",8290,"2024","07","VA"
"215268","Locality: 700 NEWPORT NEWS CITY",111807,"2024","07","VA"
"215311","Locality: 710 NORFOLK CITY",129190,"2024","07","VA"
"215359","Locality: 720 NORTON CITY",2461,"2024","07","VA"
"215360","Locality: 730 PETERSBURG CITY",21284,"2024","07","VA"
"215367","Locality: 735 POQUOSON CITY",9358,"2024","07","VA"
"215370","Locality: 740 PORTSMOUTH CITY",63622,"2024","07","VA"
"215401","Locality: 750 RADFORD CITY",8070,"2024","07","VA"
"215405","Locality: 760 RICHMOND CITY",145568,"2024","07","VA"
"215477","Locality: 770 ROANOKE CITY",60483,"2024","07","VA"
"215497","Locality: 775 SALEM CITY",16520,"2024","07","VA"
"215507","Locality: 790 STAUNTON CITY",17383,"2024","07","VA"
"215512","Locality: 800 SUFFOLK CITY",68093,"2024","07","VA"
"215542","Locality: 810 VIRGINIA BEACH CITY",309634,"2024","07","VA"
"215650","Locality: 820 WAYNESBORO CITY",14816,"2024","07","VA"
"215654","Locality: 830 WILLIAMSBURG CITY",9014,"2024","07","VA"
"215656","Locality: 840 WINCHESTER CITY",16420,"2024","07","VA"
"215662","Locality: 001 ACCOMACK COUNTY",24272,"2024","08","VA"
"215678","Locality: 003 ALBEMARLE COUNTY",80127,"2024","08","VA"
"215708","Locality: 005 ALLEGHANY COUNTY",10498,"2024","08","VA"
"215720","Locality: 007 AMELIA COUNTY",9962,"2024","08","VA"
"215725","Locality: 009 AMHERST COUNTY",22102,"2024","08","VA"
"215736","Locality: 011 APPOMATTOX COUNTY",11874,"2024","08","VA"
"215745","Locality: 013 ARLINGTON COUNTY",156926,"2024","08","VA"
"215799","Locality: 015 AUGUSTA COUNTY",53709,"2024","08","VA"
"215827","Locality: 017 BATH COUNTY",3206,"2024","08","VA"
"215834","Locality: 019 BEDFORD COUNTY",61352,"2024","08","VA"
"215866","Locality: 021 BLAND COUNTY",4317,"2024","08","VA"
"215873","Locality: 023 BOTETOURT COUNTY",25851,"2024","08","VA"
"215883","Locality: 025 BRUNSWICK COUNTY",10720,"2024","08","VA"
"215896","Locality: 027 BUCHANAN COUNTY",13897,"2024","08","VA"
"215914","Locality: 029 BUCKINGHAM COUNTY",10528,"2024","08","VA"
"215924","Locality: 031 CAMPBELL COUNTY",39393,"2024","08","VA"
"215940","Locality: 033 CAROLINE COUNTY",22382,"2024","08","VA"
"215953","Locality: 035 CARROLL COUNTY",20867,"2024","08","VA"
"215969","Locality: 036 CHARLES CITY COUNTY",5642,"2024","08","VA"
"215972","Locality: 037 CHARLOTTE COUNTY",7933,"2024","08","VA"
"215979","Locality: 041 CHESTERFIELD COUNTY",258027,"2024","08","VA"
"216057","Locality: 043 CLARKE COUNTY",11643,"2024","08","VA"
"216064","Locality: 045 CRAIG COUNTY",3778,"2024","08","VA"
"216072","Locality: 047 CULPEPER COUNTY",36271,"2024","08","VA"
"216087","Locality: 049 CUMBERLAND COUNTY",7310,"2024","08","VA"
"216092","Locality: 051 DICKENSON COUNTY",9406,"2024","08","VA"
"216103","Locality: 053 DINWIDDIE COUNTY",20322,"2024","08","VA"
"216116","Locality: 057 ESSEX COUNTY",7920,"2024","08","VA"
"216120","Locality: 059 FAIRFAX COUNTY",723604,"2024","08","VA"
"216385","Locality: 061 FAUQUIER COUNTY",53681,"2024","08","VA"
"216409","Locality: 063 FLOYD COUNTY",11587,"2024","08","VA"
"216414","Locality: 065 FLUVANNA COUNTY",20494,"2024","08","VA"
"216419","Locality: 067 FRANKLIN COUNTY",38892,"2024","08","VA"
"216442","Locality: 069 FREDERICK COUNTY",65052,"2024","08","VA"
"216471","Locality: 071 GILES COUNTY",11658,"2024","08","VA"
"216480","Locality: 073 GLOUCESTER COUNTY",29427,"2024","08","VA"
"216491","Locality: 075 GOOCHLAND COUNTY",22386,"2024","08","VA"
"216502","Locality: 077 GRAYSON COUNTY",10501,"2024","08","VA"
"216517","Locality: 079 GREENE COUNTY",14742,"2024","08","VA"
"216523","Locality: 081 GREENSVILLE COUNTY",6167,"2024","08","VA"
"216532","Locality: 083 HALIFAX COUNTY",24255,"2024","08","VA"
"216552","Locality: 085 HANOVER COUNTY",84801,"2024","08","VA"
"216588","Locality: 087 HENRICO COUNTY",229933,"2024","08","VA"
"216678","Locality: 089 HENRY COUNTY",34133,"2024","08","VA"
"216702","Locality: 091 HIGHLAND COUNTY",1832,"2024","08","VA"
"216707","Locality: 093 ISLE OF WIGHT COUNTY",30217,"2024","08","VA"
"216724","Locality: 095 JAMES CITY COUNTY",61205,"2024","08","VA"
"216742","Locality: 097 KING & QUEEN COUNTY",5173,"2024","08","VA"
"216747","Locality: 099 KING GEORGE COUNTY",19155,"2024","08","VA"
"216752","Locality: 101 KING WILLIAM COUNTY",13938,"2024","08","VA"
"216758","Locality: 103 LANCASTER COUNTY",8861,"2024","08","VA"
"216764","Locality: 105 LEE COUNTY",14815,"2024","08","VA"
"216780","Locality: 107 LOUDOUN COUNTY",273558,"2024","08","VA"
"216887","Locality: 109 LOUISA COUNTY",29659,"2024","08","VA"
"216901","Locality: 111 LUNENBURG COUNTY",7817,"2024","08","VA"
"216912","Locality: 113 MADISON COUNTY",10167,"2024","08","VA"
"216921","Locality: 115 MATHEWS COUNTY",7170,"2024","08","VA"
"216924","Locality: 117 MECKLENBURG COUNTY",21281,"2024","08","VA"
"216946","Locality: 119 MIDDLESEX COUNTY",8268,"2024","08","VA"
"216952","Locality: 121 MONTGOMERY COUNTY",55434,"2024","08","VA"
"216981","Locality: 125 NELSON COUNTY",11433,"2024","08","VA"
"216990","Locality: 127 NEW KENT COUNTY",19412,"2024","08","VA"
"217000","Locality: 131 NORTHAMPTON COUNTY",9340,"2024","08","VA"
"217005","Locality: 133 NORTHUMBERLAND COUNTY",9954,"2024","08","VA"
"217010","Locality: 135 NOTTOWAY COUNTY",8999,"2024","08","VA"
"217017","Locality: 137 ORANGE COUNTY",27925,"2024","08","VA"
"217029","Locality: 139 PAGE COUNTY",16684,"2024","08","VA"
"217034","Locality: 141 PATRICK COUNTY",12580,"2024","08","VA"
"217047","Locality: 143 PITTSYLVANIA COUNTY",43501,"2024","08","VA"
"217076","Locality: 145 POWHATAN COUNTY",24042,"2024","08","VA"
"217088","Locality: 147 PRINCE EDWARD COUNTY",12797,"2024","08","VA"
"217098","Locality: 149 PRINCE GEORGE COUNTY",23175,"2024","08","VA"
"217108","Locality: 153 PRINCE WILLIAM COUNTY",292720,"2024","08","VA"
"217211","Locality: 155 PULASKI COUNTY",22950,"2024","08","VA"
"217224","Locality: 157 RAPPAHANNOCK COUNTY",5932,"2024","08","VA"
"217230","Locality: 159 RICHMOND COUNTY",5419,"2024","08","VA"
"217236","Locality: 161 ROANOKE COUNTY",69405,"2024","08","VA"
"217269","Locality: 163 ROCKBRIDGE COUNTY",15900,"2024","08","VA"
"217286","Locality: 165 ROCKINGHAM COUNTY",55354,"2024","08","VA"
"217315","Locality: 167 RUSSELL COUNTY",18614,"2024","08","VA"
"217330","Locality: 169 SCOTT COUNTY",15441,"2024","08","VA"
"217347","Locality: 171 SHENANDOAH COUNTY",31260,"2024","08","VA"
"217361","Locality: 173 SMYTH COUNTY",19457,"2024","08","VA"
"217373","Locality: 175 SOUTHAMPTON COUNTY",12658,"2024","08","VA"
"217384","Locality: 177 SPOTSYLVANIA COUNTY",102331,"2024","08","VA"
"217413","Locality: 179 STAFFORD COUNTY",105917,"2024","08","VA"
"217450","Locality: 181 SURRY COUNTY",5502,"2024","08","VA"
"217456","Locality: 183 SUSSEX COUNTY",6812,"2024","08","VA"
"217466","Locality: 185 TAZEWELL COUNTY",24838,"2024","08","VA"
"217486","Locality: 187 WARREN COUNTY",29379,"2024","08","VA"
"217497","Locality: 191 WASHINGTON COUNTY",38013,"2024","08","VA"
"217516","Locality: 193 WESTMORELAND COUNTY",13989,"2024","08","VA"
"217524","Locality: 195 WISE COUNTY",23784,"2024","08","VA"
"217536","Locality: 197 WYTHE COUNTY",20377,"2024","08","VA"
"217547","Locality: 199 YORK COUNTY",48288,"2024","08","VA"
"217560","Locality: 510 ALEXANDRIA CITY",93605,"2024","08","VA"
"217592","Locality: 520 BRISTOL CITY",11173,"2024","08","VA"
"217596","Locality: 530 BUENA VISTA CITY",3943,"2024","08","VA"
"217598","Locality: 540 CHARLOTTESVILLE CITY",30167,"2024","08","VA"
"217607","Locality: 550 CHESAPEAKE CITY",166507,"2024","08","VA"
"217671","Locality: 570 COLONIAL HEIGHTS CITY",11967,"2024","08","VA"
"217676","Locality: 580 COVINGTON CITY",3578,"2024","08","VA"
"217681","Locality: 590 DANVILLE CITY",25777,"2024","08","VA"
"217697","Locality: 595 EMPORIA CITY",3671,"2024","08","VA"
"217704","Locality: 600 FAIRFAX CITY",16607,"2024","08","VA"
"217710","Locality: 610 FALLS CHURCH CITY",10308,"2024","08","VA"
"217713","Locality: 620 FRANKLIN CITY",5659,"2024","08","VA"
"217719","Locality: 630 FREDERICKSBURG CITY",18174,"2024","08","VA"
"217724","Locality: 640 GALAX CITY",3842,"2024","08","VA"
"217726","Locality: 650 HAMPTON CITY",90009,"2024","08","VA"
"217756","Locality: 660 HARRISONBURG CITY",22588,"2024","08","VA"
"217764","Locality: 670 HOPEWELL CITY",14631,"2024","08","VA"
"217771","Locality: 678 LEXINGTON CITY",3347,"2024","08","VA"
"217772","Locality: 680 LYNCHBURG CITY",49601,"2024","08","VA"
"217790","Locality: 683 MANASSAS CITY",21618,"2024","08","VA"
"217796","Locality: 685 MANASSAS PARK CITY",8505,"2024","08","VA"
"217799","Locality: 690 MARTINSVILLE CITY",8133,"2024","08","VA"
"217805","Locality: 700 NEWPORT NEWS CITY",109638,"2024","08","VA"
"217848","Locality: 710 NORFOLK CITY",125893,"2024","08","VA"
"217896","Locality: 720 NORTON CITY",2440,"2024","08","VA"
"217897","Locality: 730 PETERSBURG CITY",21048,"2024","08","VA"
"217904","Locality: 735 POQUOSON CITY",9302,"2024","08","VA"
"217907","Locality: 740 PORTSMOUTH CITY",62579,"2024","08","VA"
"217938","Locality: 750 RADFORD CITY",7776,"2024","08","VA"
"217942","Locality: 760 RICHMOND CITY",141717,"2024","08","VA"
"218014","Locality: 770 ROANOKE CITY",59188,"2024","08","VA"
"218034","Locality: 775 SALEM CITY",16351,"2024","08","VA"
"218044","Locality: 790 STAUNTON CITY",17177,"2024","08","VA"
"218049","Locality: 800 SUFFOLK CITY",67469,"2024","08","VA"
"218079","Locality: 810 VIRGINIA BEACH CITY",305484,"2024","08","VA"
"218187","Locality: 820 WAYNESBORO CITY",14637,"2024","08","VA"
"218191","Locality: 830 WILLIAMSBURG CITY",8723,"2024","08","VA"
"218193","Locality: 840 WINCHESTER CITY",15958,"2024","08","VA"
"218199","Locality: 001 ACCOMACK COUNTY",24405,"2024","09","VA"
"218215","Locality: 003 ALBEMARLE COUNTY",80835,"2024","09","VA"
"218245","Locality: 005 ALLEGHANY COUNTY",10551,"2024","09","VA"
"218257","Locality: 007 AMELIA COUNTY",10034,"2024","09","VA"
"218262","Locality: 009 AMHERST COUNTY",22243,"2024","09","VA"
"218273","Locality: 011 APPOMATTOX COUNTY",11940,"2024","09","VA"
"218282","Locality: 013 ARLINGTON COUNTY",158972,"2024","09","VA"
"218336","Locality: 015 AUGUSTA COUNTY",54030,"2024","09","VA"
"218364","Locality: 017 BATH COUNTY",3217,"2024","09","VA"
"218371","Locality: 019 BEDFORD COUNTY",61721,"2024","09","VA"
"218403","Locality: 021 BLAND COUNTY",4328,"2024","09","VA"
"218410","Locality: 023 BOTETOURT COUNTY",25992,"2024","09","VA"
"218420","Locality: 025 BRUNSWICK COUNTY",10766,"2024","09","VA"
"218433","Locality: 027 BUCHANAN COUNTY",13912,"2024","09","VA"
"218451","Locality: 029 BUCKINGHAM COUNTY",10594,"2024","09","VA"
"218461","Locality: 031 CAMPBELL COUNTY",39637,"2024","09","VA"
"218477","Locality: 033 CAROLINE COUNTY",22566,"2024","09","VA"
"218490","Locality: 035 CARROLL COUNTY",20950,"2024","09","VA"
"218506","Locality: 036 CHARLES CITY COUNTY",5656,"2024","09","VA"
"218509","Locality: 037 CHARLOTTE COUNTY",7957,"2024","09","VA"
"218516","Locality: 041 CHESTERFIELD COUNTY",259865,"2024","09","VA"
"218594","Locality: 043 CLARKE COUNTY",11747,"2024","09","VA"
"218601","Locality: 045 CRAIG COUNTY",3784,"2024","09","VA"
"218609","Locality: 047 CULPEPER COUNTY",36489,"2024","09","VA"
"218624","Locality: 049 CUMBERLAND COUNTY",7343,"2024","09","VA"
"218629","Locality: 051 DICKENSON COUNTY",9419,"2024","09","VA"
"218640","Locality: 053 DINWIDDIE COUNTY",20428,"2024","09","VA"
"218653","Locality: 057 ESSEX COUNTY",7951,"2024","09","VA"
"218657","Locality: 059 FAIRFAX COUNTY",729179,"2024","09","VA"
"218921","Locality: 061 FAUQUIER COUNTY",53992,"2024","09","VA"
"218945","Locality: 063 FLOYD COUNTY",11635,"2024","09","VA"
"218950","Locality: 065 FLUVANNA COUNTY",20596,"2024","09","VA"
"218955","Locality: 067 FRANKLIN COUNTY",39049,"2024","09","VA"
"218978","Locality: 069 FREDERICK COUNTY",65599,"2024","09","VA"
"219007","Locality: 071 GILES COUNTY",11707,"2024","09","VA"
"219016","Locality: 073 GLOUCESTER COUNTY",29567,"2024","09","VA"
"219027","Locality: 075 GOOCHLAND COUNTY",22595,"2024","09","VA"
"219038","Locality: 077 GRAYSON COUNTY",10544,"2024","09","VA"
"219053","Locality: 079 GREENE COUNTY",14846,"2024","09","VA"
"219059","Locality: 081 GREENSVILLE COUNTY",6170,"2024","09","VA"
"219068","Locality: 083 HALIFAX COUNTY",24345,"2024","09","VA"
"219088","Locality: 085 HANOVER COUNTY",85314,"2024","09","VA"
"219124","Locality: 087 HENRICO COUNTY",231265,"2024","09","VA"
"219214","Locality: 089 HENRY COUNTY",34243,"2024","09","VA"
"219238","Locality: 091 HIGHLAND COUNTY",1836,"2024","09","VA"
"219243","Locality: 093 ISLE OF WIGHT COUNTY",30431,"2024","09","VA"
"219260","Locality: 095 JAMES CITY COUNTY",61633,"2024","09","VA"
"219278","Locality: 097 KING & QUEEN COUNTY",5200,"2024","09","VA"
"219283","Locality: 099 KING GEORGE COUNTY",19317,"2024","09","VA"
"219288","Locality: 101 KING WILLIAM COUNTY",14011,"2024","09","VA"
"219294","Locality: 103 LANCASTER COUNTY",8914,"2024","09","VA"
"219300","Locality: 105 LEE COUNTY",14868,"2024","09","VA"
"219316","Locality: 107 LOUDOUN COUNTY",276356,"2024","09","VA"
"219423","Locality: 109 LOUISA COUNTY",29816,"2024","09","VA"
"219437","Locality: 111 LUNENBURG COUNTY",7860,"2024","09","VA"
"219448","Locality: 113 MADISON COUNTY",10224,"2024","09","VA"
"219457","Locality: 115 MATHEWS COUNTY",7187,"2024","09","VA"
"219460","Locality: 117 MECKLENBURG COUNTY",21379,"2024","09","VA"
"219482","Locality: 119 MIDDLESEX COUNTY",8316,"2024","09","VA"
"219488","Locality: 121 MONTGOMERY COUNTY",55896,"2024","09","VA"
"219517","Locality: 125 NELSON COUNTY",11454,"2024","09","VA"
"219526","Locality: 127 NEW KENT COUNTY",19561,"2024","09","VA"
"219536","Locality: 131 NORTHAMPTON COUNTY",9390,"2024","09","VA"
"219541","Locality: 133 NORTHUMBERLAND COUNTY",10004,"2024","09","VA"
"219546","Locality: 135 NOTTOWAY COUNTY",9045,"2024","09","VA"
"219553","Locality: 137 ORANGE COUNTY",28105,"2024","09","VA"
"219565","Locality: 139 PAGE COUNTY",16819,"2024","09","VA"
"219570","Locality: 141 PATRICK COUNTY",12632,"2024","09","VA"
"219583","Locality: 143 PITTSYLVANIA COUNTY",43695,"2024","09","VA"
"219612","Locality: 145 POWHATAN COUNTY",24186,"2024","09","VA"
"219624","Locality: 147 PRINCE EDWARD COUNTY",12867,"2024","09","VA"
"219634","Locality: 149 PRINCE GEORGE COUNTY",23355,"2024","09","VA"
"219644","Locality: 153 PRINCE WILLIAM COUNTY",295039,"2024","09","VA"
"219747","Locality: 155 PULASKI COUNTY",23037,"2024","09","VA"
"219760","Locality: 157 RAPPAHANNOCK COUNTY",5952,"2024","09","VA"
"219766","Locality: 159 RICHMOND COUNTY",5457,"2024","09","VA"
"219771","Locality: 161 ROANOKE COUNTY",69692,"2024","09","VA"
"219804","Locality: 163 ROCKBRIDGE COUNTY",16015,"2024","09","VA"
"219821","Locality: 165 ROCKINGHAM COUNTY",55752,"2024","09","VA"
"219850","Locality: 167 RUSSELL COUNTY",18663,"2024","09","VA"
"219865","Locality: 169 SCOTT COUNTY",15514,"2024","09","VA"
"219882","Locality: 171 SHENANDOAH COUNTY",31424,"2024","09","VA"
"219896","Locality: 173 SMYTH COUNTY",19559,"2024","09","VA"
"219908","Locality: 175 SOUTHAMPTON COUNTY",12684,"2024","09","VA"
"219919","Locality: 177 SPOTSYLVANIA COUNTY",103002,"2024","09","VA"
"219948","Locality: 179 STAFFORD COUNTY",106788,"2024","09","VA"
"219985","Locality: 181 SURRY COUNTY",5524,"2024","09","VA"
"219991","Locality: 183 SUSSEX COUNTY",6838,"2024","09","VA"
"220001","Locality: 185 TAZEWELL COUNTY",24997,"2024","09","VA"
"220021","Locality: 187 WARREN COUNTY",29556,"2024","09","VA"
"220032","Locality: 191 WASHINGTON COUNTY",38224,"2024","09","VA"
"220051","Locality: 193 WESTMORELAND COUNTY",14073,"2024","09","VA"
"220059","Locality: 195 WISE COUNTY",23942,"2024","09","VA"
"220071","Locality: 197 WYTHE COUNTY",20484,"2024","09","VA"
"220082","Locality: 199 YORK COUNTY",48701,"2024","09","VA"
"220095","Locality: 510 ALEXANDRIA CITY",94962,"2024","09","VA"
"220127","Locality: 520 BRISTOL CITY",11275,"2024","09","VA"
"220132","Locality: 530 BUENA VISTA CITY",3969,"2024","09","VA"
"220134","Locality: 540 CHARLOTTESVILLE CITY",30556,"2024","09","VA"
"220143","Locality: 550 CHESAPEAKE CITY",167870,"2024","09","VA"
"220207","Locality: 570 COLONIAL HEIGHTS CITY",12019,"2024","09","VA"
"220212","Locality: 580 COVINGTON CITY",3593,"2024","09","VA"
"220217","Locality: 590 DANVILLE CITY",25896,"2024","09","VA"
"220233","Locality: 595 EMPORIA CITY",3695,"2024","09","VA"
"220240","Locality: 600 FAIRFAX CITY",17056,"2024","09","VA"
"220246","Locality: 610 FALLS CHURCH CITY",10410,"2024","09","VA"
"220249","Locality: 620 FRANKLIN CITY",5676,"2024","09","VA"
"220255","Locality: 630 FREDERICKSBURG CITY",18453,"2024","09","VA"
"220260","Locality: 640 GALAX CITY",3859,"2024","09","VA"
"220262","Locality: 650 HAMPTON CITY",90795,"2024","09","VA"
"220292","Locality: 660 HARRISONBURG CITY",22770,"2024","09","VA"
"220300","Locality: 670 HOPEWELL CITY",14700,"2024","09","VA"
"220307","Locality: 678 LEXINGTON CITY",3397,"2024","09","VA"
"220308","Locality: 680 LYNCHBURG CITY",50086,"2024","09","VA"
"220326","Locality: 683 MANASSAS CITY",21780,"2024","09","VA"
"220332","Locality: 685 MANASSAS PARK CITY",8548,"2024","09","VA"
"220335","Locality: 690 MARTINSVILLE CITY",8160,"2024","09","VA"
"220341","Locality: 700 NEWPORT NEWS CITY",110516,"2024","09","VA"
"220384","Locality: 710 NORFOLK CITY",126898,"2024","09","VA"
"220432","Locality: 720 NORTON CITY",2459,"2024","09","VA"
"220433","Locality: 730 PETERSBURG CITY",21258,"2024","09","VA"
"220440","Locality: 735 POQUOSON CITY",9359,"2024","09","VA"
"220443","Locality: 740 PORTSMOUTH CITY",62984,"2024","09","VA"
"220474","Locality: 750 RADFORD CITY",7895,"2024","09","VA"
"220478","Locality: 760 RICHMOND CITY",142701,"2024","09","VA"
"220550","Locality: 770 ROANOKE CITY",59681,"2024","09","VA"
"220570","Locality: 775 SALEM CITY",16435,"2024","09","VA"
"220580","Locality: 790 STAUNTON CITY",17341,"2024","09","VA"
"220585","Locality: 800 SUFFOLK CITY",68154,"2024","09","VA"
"220615","Locality: 810 VIRGINIA BEACH CITY",307942,"2024","09","VA"
"220723","Locality: 820 WAYNESBORO CITY",14764,"2024","09","VA"
"220727","Locality: 830 WILLIAMSBURG CITY",8851,"2024","09","VA"
"220729","Locality: 840 WINCHESTER CITY",16076,"2024","09","VA"
"220735","Locality: 001 ACCOMACK COUNTY",24528,"2024","10","VA"
"220751","Locality: 003 ALBEMARLE COUNTY",81829,"2024","10","VA"
"220781","Locality: 005 ALLEGHANY COUNTY",10620,"2024","10","VA"
"220793","Locality: 007 AMELIA COUNTY",10107,"2024","10","VA"
"220798","Locality: 009 AMHERST COUNTY",22399,"2024","10","VA"
"220809","Locality: 011 APPOMATTOX COUNTY",12031,"2024","10","VA"
"220818","Locality: 013 ARLINGTON COUNTY",161772,"2024","10","VA"
"220872","Locality: 015 AUGUSTA COUNTY",54520,"2024","10","VA"
"220900","Locality: 017 BATH COUNTY",3251,"2024","10","VA"
"220907","Locality: 019 BEDFORD COUNTY",62146,"2024","10","VA"
"220939","Locality: 021 BLAND COUNTY",4354,"2024","10","VA"
"220946","Locality: 023 BOTETOURT COUNTY",26130,"2024","10","VA"
"220956","Locality: 025 BRUNSWICK COUNTY",10819,"2024","10","VA"
"220969","Locality: 027 BUCHANAN COUNTY",13959,"2024","10","VA"
"220987","Locality: 029 BUCKINGHAM COUNTY",10682,"2024","10","VA"
"220997","Locality: 031 CAMPBELL COUNTY",40006,"2024","10","VA"
"221013","Locality: 033 CAROLINE COUNTY",22803,"2024","10","VA"
"221026","Locality: 035 CARROLL COUNTY",21096,"2024","10","VA"
"221042","Locality: 036 CHARLES CITY COUNTY",5685,"2024","10","VA"
"221045","Locality: 037 CHARLOTTE COUNTY",8020,"2024","10","VA"
"221052","Locality: 041 CHESTERFIELD COUNTY",262413,"2024","10","VA"
"221130","Locality: 043 CLARKE COUNTY",11854,"2024","10","VA"
"221137","Locality: 045 CRAIG COUNTY",3794,"2024","10","VA"
"221145","Locality: 047 CULPEPER COUNTY",36713,"2024","10","VA"
"221160","Locality: 049 CUMBERLAND COUNTY",7378,"2024","10","VA"
"221165","Locality: 051 DICKENSON COUNTY",9473,"2024","10","VA"
"221176","Locality: 053 DINWIDDIE COUNTY",20566,"2024","10","VA"
"221189","Locality: 057 ESSEX COUNTY",8001,"2024","10","VA"
"221193","Locality: 059 FAIRFAX COUNTY",736718,"2024","10","VA"
"221457","Locality: 061 FAUQUIER COUNTY",54448,"2024","10","VA"
"221481","Locality: 063 FLOYD COUNTY",11708,"2024","10","VA"
"221486","Locality: 065 FLUVANNA COUNTY",20767,"2024","10","VA"
"221491","Locality: 067 FRANKLIN COUNTY",39336,"2024","10","VA"
"221514","Locality: 069 FREDERICK COUNTY",66340,"2024","10","VA"
"221543","Locality: 071 GILES COUNTY",11794,"2024","10","VA"
"221552","Locality: 073 GLOUCESTER COUNTY",29743,"2024","10","VA"
"221563","Locality: 075 GOOCHLAND COUNTY",22827,"2024","10","VA"
"221574","Locality: 077 GRAYSON COUNTY",10595,"2024","10","VA"
"221589","Locality: 079 GREENE COUNTY",15025,"2024","10","VA"
"221595","Locality: 081 GREENSVILLE COUNTY",6207,"2024","10","VA"
"221604","Locality: 083 HALIFAX COUNTY",24503,"2024","10","VA"
"221624","Locality: 085 HANOVER COUNTY",85966,"2024","10","VA"
"221660","Locality: 087 HENRICO COUNTY",233811,"2024","10","VA"
"221750","Locality: 089 HENRY COUNTY",34465,"2024","10","VA"
"221774","Locality: 091 HIGHLAND COUNTY",1847,"2024","10","VA"
"221779","Locality: 093 ISLE OF WIGHT COUNTY",30722,"2024","10","VA"
"221796","Locality: 095 JAMES CITY COUNTY",62201,"2024","10","VA"
"221814","Locality: 097 KING & QUEEN COUNTY",5239,"2024","10","VA"
"221819","Locality: 099 KING GEORGE COUNTY",19548,"2024","10","VA"
"221824","Locality: 101 KING WILLIAM COUNTY",14149,"2024","10","VA"
"221830","Locality: 103 LANCASTER COUNTY",8990,"2024","10","VA"
"221836","Locality: 105 LEE COUNTY",14964,"2024","10","VA"
"221852","Locality: 107 LOUDOUN COUNTY",280475,"2024","10","VA"
"221959","Locality: 109 LOUISA COUNTY",30084,"2024","10","VA"
"221973","Locality: 111 LUNENBURG COUNTY",7904,"2024","10","VA"
"221984","Locality: 113 MADISON COUNTY",10298,"2024","10","VA"
"221993","Locality: 115 MATHEWS COUNTY",7226,"2024","10","VA"
"221996","Locality: 117 MECKLENBURG COUNTY",21557,"2024","10","VA"
"222018","Locality: 119 MIDDLESEX COUNTY",8356,"2024","10","VA"
"222024","Locality: 121 MONTGOMERY COUNTY",56598,"2024","10","VA"
"222053","Locality: 125 NELSON COUNTY",11535,"2024","10","VA"
"222062","Locality: 127 NEW KENT COUNTY",19738,"2024","10","VA"
"222072","Locality: 131 NORTHAMPTON COUNTY",9445,"2024","10","VA"
"222077","Locality: 133 NORTHUMBERLAND COUNTY",10075,"2024","10","VA"
"222082","Locality: 135 NOTTOWAY COUNTY",9142,"2024","10","VA"
"222089","Locality: 137 ORANGE COUNTY",28386,"2024","10","VA"
"222101","Locality: 139 PAGE COUNTY",16966,"2024","10","VA"
"222106","Locality: 141 PATRICK COUNTY",12714,"2024","10","VA"
"222119","Locality: 143 PITTSYLVANIA COUNTY",44002,"2024","10","VA"
"222148","Locality: 145 POWHATAN COUNTY",24324,"2024","10","VA"
"222160","Locality: 147 PRINCE EDWARD COUNTY",12982,"2024","10","VA"
"222170","Locality: 149 PRINCE GEORGE COUNTY",23547,"2024","10","VA"
"222180","Locality: 153 PRINCE WILLIAM COUNTY",298023,"2024","10","VA"
"222283","Locality: 155 PULASKI COUNTY",23190,"2024","10","VA"
"222296","Locality: 157 RAPPAHANNOCK COUNTY",5984,"2024","10","VA"
"222302","Locality: 159 RICHMOND COUNTY",5501,"2024","10","VA"
"222307","Locality: 161 ROANOKE COUNTY",70220,"2024","10","VA"
"222340","Locality: 163 ROCKBRIDGE COUNTY",16175,"2024","10","VA"
"222357","Locality: 165 ROCKINGHAM COUNTY",56281,"2024","10","VA"
"222386","Locality: 167 RUSSELL COUNTY",18762,"2024","10","VA"
"222401","Locality: 169 SCOTT COUNTY",15597,"2024","10","VA"
"222418","Locality: 171 SHENANDOAH COUNTY",31655,"2024","10","VA"
"222432","Locality: 173 SMYTH COUNTY",19670,"2024","10","VA"
"222444","Locality: 175 SOUTHAMPTON COUNTY",12796,"2024","10","VA"
"222455","Locality: 177 SPOTSYLVANIA COUNTY",104113,"2024","10","VA"
"222484","Locality: 179 STAFFORD COUNTY",108116,"2024","10","VA"
"222521","Locality: 181 SURRY COUNTY",5556,"2024","10","VA"
"222527","Locality: 183 SUSSEX COUNTY",6857,"2024","10","VA"
"222537","Locality: 185 TAZEWELL COUNTY",25219,"2024","10","VA"
"222557","Locality: 187 WARREN COUNTY",29838,"2024","10","VA"
"222568","Locality: 191 WASHINGTON COUNTY",38521,"2024","10","VA"
"222587","Locality: 193 WESTMORELAND COUNTY",14210,"2024","10","VA"
"222595","Locality: 195 WISE COUNTY",24101,"2024","10","VA"
"222607","Locality: 197 WYTHE COUNTY",20631,"2024","10","VA"
"222618","Locality: 199 YORK COUNTY",49197,"2024","10","VA"
"222631","Locality: 510 ALEXANDRIA CITY",96721,"2024","10","VA"
"222663","Locality: 520 BRISTOL CITY",11335,"2024","10","VA"
"222668","Locality: 530 BUENA VISTA CITY",4024,"2024","10","VA"
"222670","Locality: 540 CHARLOTTESVILLE CITY",31258,"2024","10","VA"
"222679","Locality: 550 CHESAPEAKE CITY",169667,"2024","10","VA"
"222743","Locality: 570 COLONIAL HEIGHTS CITY",12103,"2024","10","VA"
"222748","Locality: 580 COVINGTON CITY",3621,"2024","10","VA"
"222753","Locality: 590 DANVILLE CITY",26121,"2024","10","VA"
"222769","Locality: 595 EMPORIA CITY",3720,"2024","10","VA"
"222776","Locality: 600 FAIRFAX CITY",17231,"2024","10","VA"
"222782","Locality: 610 FALLS CHURCH CITY",10585,"2024","10","VA"
"222785","Locality: 620 FRANKLIN CITY",5739,"2024","10","VA"
"222791","Locality: 630 FREDERICKSBURG CITY",18729,"2024","10","VA"
"222796","Locality: 640 GALAX CITY",3889,"2024","10","VA"
"222798","Locality: 650 HAMPTON CITY",91528,"2024","10","VA"
"222828","Locality: 660 HARRISONBURG CITY",23002,"2024","10","VA"
"222836","Locality: 670 HOPEWELL CITY",14814,"2024","10","VA"
"222843","Locality: 678 LEXINGTON CITY",3417,"2024","10","VA"
"222844","Locality: 680 LYNCHBURG CITY",51020,"2024","10","VA"
"222862","Locality: 683 MANASSAS CITY",21948,"2024","10","VA"
"222868","Locality: 685 MANASSAS PARK CITY",8649,"2024","10","VA"
"222871","Locality: 690 MARTINSVILLE CITY",8245,"2024","10","VA"
"222877","Locality: 700 NEWPORT NEWS CITY",111630,"2024","10","VA"
"222920","Locality: 710 NORFOLK CITY",128341,"2024","10","VA"
"222968","Locality: 720 NORTON CITY",2478,"2024","10","VA"
"222969","Locality: 730 PETERSBURG CITY",21472,"2024","10","VA"
"222976","Locality: 735 POQUOSON CITY",9474,"2024","10","VA"
"222979","Locality: 740 PORTSMOUTH CITY",63554,"2024","10","VA"
"223010","Locality: 750 RADFORD CITY",8081,"2024","10","VA"
"223014","Locality: 760 RICHMOND CITY",144964,"2024","10","VA"
"223086","Locality: 770 ROANOKE CITY",60328,"2024","10","VA"
"223106","Locality: 775 SALEM CITY",16539,"2024","10","VA"
"223116","Locality: 790 STAUNTON CITY",17593,"2024","10","VA"
"223121","Locality: 800 SUFFOLK CITY",68934,"2024","10","VA"
"223151","Locality: 810 VIRGINIA BEACH CITY",311110,"2024","10","VA"
"223259","Locality: 820 WAYNESBORO CITY",14939,"2024","10","VA"
"223263","Locality: 830 WILLIAMSBURG CITY",9269,"2024","10","VA"
"223265","Locality: 840 WINCHESTER CITY",16353,"2024","10","VA"
"223271","Locality: 001 ACCOMACK COUNTY",24759,"2024","11","VA"
"223287","Locality: 003 ALBEMARLE COUNTY",82808,"2024","11","VA"
"223317","Locality: 005 ALLEGHANY COUNTY",10707,"2024","11","VA"
"223329","Locality: 007 AMELIA COUNTY",10163,"2024","11","VA"
"223334","Locality: 009 AMHERST COUNTY",22629,"2024","11","VA"
"223345","Locality: 011 APPOMATTOX COUNTY",12143,"2024","11","VA"
"223354","Locality: 013 ARLINGTON COUNTY",164865,"2024","11","VA"
"223408","Locality: 015 AUGUSTA COUNTY",55106,"2024","11","VA"
"223436","Locality: 017 BATH COUNTY",3266,"2024","11","VA"
"223443","Locality: 019 BEDFORD COUNTY",62756,"2024","11","VA"
"223475","Locality: 021 BLAND COUNTY",4377,"2024","11","VA"
"223482","Locality: 023 BOTETOURT COUNTY",26319,"2024","11","VA"
"223492","Locality: 025 BRUNSWICK COUNTY",10892,"2024","11","VA"
"223505","Locality: 027 BUCHANAN COUNTY",14036,"2024","11","VA"
"223523","Locality: 029 BUCKINGHAM COUNTY",10777,"2024","11","VA"
"223533","Locality: 031 CAMPBELL COUNTY",40457,"2024","11","VA"
"223549","Locality: 033 CAROLINE COUNTY",23012,"2024","11","VA"
"223562","Locality: 035 CARROLL COUNTY",21297,"2024","11","VA"
"223578","Locality: 036 CHARLES CITY COUNTY",5712,"2024","11","VA"
"223581","Locality: 037 CHARLOTTE COUNTY",8101,"2024","11","VA"
"223588","Locality: 041 CHESTERFIELD COUNTY",265204,"2024","11","VA"
"223666","Locality: 043 CLARKE COUNTY",11954,"2024","11","VA"
"223673","Locality: 045 CRAIG COUNTY",3830,"2024","11","VA"
"223681","Locality: 047 CULPEPER COUNTY",37085,"2024","11","VA"
"223696","Locality: 049 CUMBERLAND COUNTY",7403,"2024","11","VA"
"223701","Locality: 051 DICKENSON COUNTY",9558,"2024","11","VA"
"223712","Locality: 053 DINWIDDIE COUNTY",20765,"2024","11","VA"
"223725","Locality: 057 ESSEX COUNTY",8044,"2024","11","VA"
"223729","Locality: 059 FAIRFAX COUNTY",746714,"2024","11","VA"
"223993","Locality: 061 FAUQUIER COUNTY",55046,"2024","11","VA"
"224017","Locality: 063 FLOYD COUNTY",11834,"2024","11","VA"
"224022","Locality: 065 FLUVANNA COUNTY",20982,"2024","11","VA"
"224027","Locality: 067 FRANKLIN COUNTY",39677,"2024","11","VA"
"224050","Locality: 069 FREDERICK COUNTY",67189,"2024","11","VA"
"224079","Locality: 071 GILES COUNTY",11883,"2024","11","VA"
"224088","Locality: 073 GLOUCESTER COUNTY",30001,"2024","11","VA"
"224099","Locality: 075 GOOCHLAND COUNTY",23014,"2024","11","VA"
"224110","Locality: 077 GRAYSON COUNTY",10664,"2024","11","VA"
"224125","Locality: 079 GREENE COUNTY",15234,"2024","11","VA"
"224131","Locality: 081 GREENSVILLE COUNTY",6233,"2024","11","VA"
"224140","Locality: 083 HALIFAX COUNTY",24690,"2024","11","VA"
"224160","Locality: 085 HANOVER COUNTY",86763,"2024","11","VA"
"224196","Locality: 087 HENRICO COUNTY",236492,"2024","11","VA"
"224286","Locality: 089 HENRY COUNTY",34758,"2024","11","VA"
"224310","Locality: 091 HIGHLAND COUNTY",1856,"2024","11","VA"
"224315","Locality: 093 ISLE OF WIGHT COUNTY",31009,"2024","11","VA"
"224332","Locality: 095 JAMES CITY COUNTY",62813,"2024","11","VA"
"224350","Locality: 097 KING & QUEEN COUNTY",5279,"2024","11","VA"
"224355","Locality: 099 KING GEORGE COUNTY",19776,"2024","11","VA"
"224360","Locality: 101 KING WILLIAM COUNTY",14273,"2024","11","VA"
"224366","Locality: 103 LANCASTER COUNTY",9071,"2024","11","VA"
"224372","Locality: 105 LEE COUNTY",15123,"2024","11","VA"
"224388","Locality: 107 LOUDOUN COUNTY",283964,"2024","11","VA"
"224495","Locality: 109 LOUISA COUNTY",30385,"2024","11","VA"
"224509","Locality: 111 LUNENBURG COUNTY",7957,"2024","11","VA"
"224520","Locality: 113 MADISON COUNTY",10414,"2024","11","VA"
"224529","Locality: 115 MATHEWS COUNTY",7276,"2024","11","VA"
"224532","Locality: 117 MECKLENBURG COUNTY",21754,"2024","11","VA"
"224554","Locality: 119 MIDDLESEX COUNTY",8446,"2024","11","VA"
"224560","Locality: 121 MONTGOMERY COUNTY",57532,"2024","11","VA"
"224589","Locality: 125 NELSON COUNTY",11643,"2024","11","VA"
"224598","Locality: 127 NEW KENT COUNTY",19937,"2024","11","VA"
"224608","Locality: 131 NORTHAMPTON COUNTY",9491,"2024","11","VA"
"224613","Locality: 133 NORTHUMBERLAND COUNTY",10166,"2024","11","VA"
"224618","Locality: 135 NOTTOWAY COUNTY",9239,"2024","11","VA"
"224625","Locality: 137 ORANGE COUNTY",28598,"2024","11","VA"
"224637","Locality: 139 PAGE COUNTY",17135,"2024","11","VA"
"224642","Locality: 141 PATRICK COUNTY",12866,"2024","11","VA"
"224655","Locality: 143 PITTSYLVANIA COUNTY",44346,"2024","11","VA"
"224684","Locality: 145 POWHATAN COUNTY",24538,"2024","11","VA"
"224696","Locality: 147 PRINCE EDWARD COUNTY",13113,"2024","11","VA"
"224706","Locality: 149 PRINCE GEORGE COUNTY",23866,"2024","11","VA"
"224716","Locality: 153 PRINCE WILLIAM COUNTY",302052,"2024","11","VA"
"224819","Locality: 155 PULASKI COUNTY",23417,"2024","11","VA"
"224832","Locality: 157 RAPPAHANNOCK COUNTY",6035,"2024","11","VA"
"224838","Locality: 159 RICHMOND COUNTY",5537,"2024","11","VA"
"224843","Locality: 161 ROANOKE COUNTY",70907,"2024","11","VA"
"224876","Locality: 163 ROCKBRIDGE COUNTY",16332,"2024","11","VA"
"224893","Locality: 165 ROCKINGHAM COUNTY",56871,"2024","11","VA"
"224922","Locality: 167 RUSSELL COUNTY",18872,"2024","11","VA"
"224937","Locality: 169 SCOTT COUNTY",15724,"2024","11","VA"
"224954","Locality: 171 SHENANDOAH COUNTY",31919,"2024","11","VA"
"224968","Locality: 173 SMYTH COUNTY",19851,"2024","11","VA"
"224980","Locality: 175 SOUTHAMPTON COUNTY",12873,"2024","11","VA"
"224991","Locality: 177 SPOTSYLVANIA COUNTY",105214,"2024","11","VA"
"225020","Locality: 179 STAFFORD COUNTY",109452,"2024","11","VA"
"225057","Locality: 181 SURRY COUNTY",5593,"2024","11","VA"
"225063","Locality: 183 SUSSEX COUNTY",6881,"2024","11","VA"
"225073","Locality: 185 TAZEWELL COUNTY",25536,"2024","11","VA"
"225093","Locality: 187 WARREN COUNTY",30220,"2024","11","VA"
"225104","Locality: 191 WASHINGTON COUNTY",38860,"2024","11","VA"
"225123","Locality: 193 WESTMORELAND COUNTY",14333,"2024","11","VA"
"225131","Locality: 195 WISE COUNTY",24338,"2024","11","VA"
"225143","Locality: 197 WYTHE COUNTY",20840,"2024","11","VA"
"225154","Locality: 199 YORK COUNTY",49917,"2024","11","VA"
"225167","Locality: 510 ALEXANDRIA CITY",98938,"2024","11","VA"
"225199","Locality: 520 BRISTOL CITY",11429,"2024","11","VA"
"225204","Locality: 530 BUENA VISTA CITY",4101,"2024","11","VA"
"225206","Locality: 540 CHARLOTTESVILLE CITY",31943,"2024","11","VA"
"225215","Locality: 550 CHESAPEAKE CITY",171713,"2024","11","VA"
"225279","Locality: 570 COLONIAL HEIGHTS CITY",12246,"2024","11","VA"
"225284","Locality: 580 COVINGTON CITY",3648,"2024","11","VA"
"225289","Locality: 590 DANVILLE CITY",26407,"2024","11","VA"
"225305","Locality: 595 EMPORIA CITY",3732,"2024","11","VA"
"225312","Locality: 600 FAIRFAX CITY",17395,"2024","11","VA"
"225318","Locality: 610 FALLS CHURCH CITY",10796,"2024","11","VA"
"225321","Locality: 620 FRANKLIN CITY",5787,"2024","11","VA"
"225327","Locality: 630 FREDERICKSBURG CITY",18958,"2024","11","VA"
"225332","Locality: 640 GALAX CITY",3949,"2024","11","VA"
"225334","Locality: 650 HAMPTON CITY",92670,"2024","11","VA"
"225364","Locality: 660 HARRISONBURG CITY",23375,"2024","11","VA"
"225372","Locality: 670 HOPEWELL CITY",14976,"2024","11","VA"
"225379","Locality: 678 LEXINGTON CITY",3518,"2024","11","VA"
"225380","Locality: 680 LYNCHBURG CITY",52364,"2024","11","VA"
"225398","Locality: 683 MANASSAS CITY",22201,"2024","11","VA"
"225404","Locality: 685 MANASSAS PARK CITY",8784,"2024","11","VA"
"225407","Locality: 690 MARTINSVILLE CITY",8364,"2024","11","VA"
"225413","Locality: 700 NEWPORT NEWS CITY",113158,"2024","11","VA"
"225456","Locality: 710 NORFOLK CITY",130121,"2024","11","VA"
"225504","Locality: 720 NORTON CITY",2507,"2024","11","VA"
"225505","Locality: 730 PETERSBURG CITY",21757,"2024","11","VA"
"225512","Locality: 735 POQUOSON CITY",9591,"2024","11","VA"
"225515","Locality: 740 PORTSMOUTH CITY",64205,"2024","11","VA"
"225546","Locality: 750 RADFORD CITY",8308,"2024","11","VA"
"225550","Locality: 760 RICHMOND CITY",147368,"2024","11","VA"
"225622","Locality: 770 ROANOKE CITY",60929,"2024","11","VA"
"225642","Locality: 775 SALEM CITY",16774,"2024","11","VA"
"225652","Locality: 790 STAUNTON CITY",17833,"2024","11","VA"
"225657","Locality: 800 SUFFOLK CITY",69844,"2024","11","VA"
"225687","Locality: 810 VIRGINIA BEACH CITY",315016,"2024","11","VA"
"225795","Locality: 820 WAYNESBORO CITY",15101,"2024","11","VA"
"225799","Locality: 830 WILLIAMSBURG CITY",9754,"2024","11","VA"
"225801","Locality: 840 WINCHESTER CITY",16557,"2024","11","VA"
"225807","Locality: 001 ACCOMACK COUNTY",24902,"2024","12","VA"
"225823","Locality: 003 ALBEMARLE COUNTY",84734,"2024","12","VA"
"225853","Locality: 005 ALLEGHANY COUNTY",10943,"2024","12","VA"
"225865","Locality: 007 AMELIA COUNTY",10291,"2024","12","VA"
"225870","Locality: 009 AMHERST COUNTY",23044,"2024","12","VA"
"225881","Locality: 011 APPOMATTOX COUNTY",12359,"2024","12","VA"
"225890","Locality: 013 ARLINGTON COUNTY",168801,"2024","12","VA"
"225944","Locality: 015 AUGUSTA COUNTY",56242,"2024","12","VA"
"225972","Locality: 017 BATH COUNTY",3319,"2024","12","VA"
"225979","Locality: 019 BEDFORD COUNTY",63404,"2024","12","VA"
"226011","Locality: 021 BLAND COUNTY",4415,"2024","12","VA"
"226018","Locality: 023 BOTETOURT COUNTY",26695,"2024","12","VA"
"226028","Locality: 025 BRUNSWICK COUNTY",11001,"2024","12","VA"
"226041","Locality: 027 BUCHANAN COUNTY",14221,"2024","12","VA"
"226059","Locality: 029 BUCKINGHAM COUNTY",10910,"2024","12","VA"
"226069","Locality: 031 CAMPBELL COUNTY",41485,"2024","12","VA"
"226085","Locality: 033 CAROLINE COUNTY",23517,"2024","12","VA"
"226098","Locality: 035 CARROLL COUNTY",21646,"2024","12","VA"
"226114","Locality: 036 CHARLES CITY COUNTY",5755,"2024","12","VA"
"226117","Locality: 037 CHARLOTTE COUNTY",8216,"2024","12","VA"
"226124","Locality: 041 CHESTERFIELD COUNTY",271646,"2024","12","VA"
"226202","Locality: 043 CLARKE COUNTY",12166,"2024","12","VA"
"226209","Locality: 045 CRAIG COUNTY",3901,"2024","12","VA"
"226217","Locality: 047 CULPEPER COUNTY",37541,"2024","12","VA"
"226232","Locality: 049 CUMBERLAND COUNTY",7530,"2024","12","VA"
"226237","Locality: 051 DICKENSON COUNTY",9766,"2024","12","VA"
"226248","Locality: 053 DINWIDDIE COUNTY",21080,"2024","12","VA"
"226261","Locality: 057 ESSEX COUNTY",8078,"2024","12","VA"
"226265","Locality: 059 FAIRFAX COUNTY",758761,"2024","12","VA"
"226529","Locality: 061 FAUQUIER COUNTY",55461,"2024","12","VA"
"226553","Locality: 063 FLOYD COUNTY",11911,"2024","12","VA"
"226558","Locality: 065 FLUVANNA COUNTY",21184,"2024","12","VA"
"226563","Locality: 067 FRANKLIN COUNTY",39875,"2024","12","VA"
"226586","Locality: 069 FREDERICK COUNTY",68616,"2024","12","VA"
"226615","Locality: 071 GILES COUNTY",12075,"2024","12","VA"
"226624","Locality: 073 GLOUCESTER COUNTY",30169,"2024","12","VA"
"226635","Locality: 075 GOOCHLAND COUNTY",23327,"2024","12","VA"
"226646","Locality: 077 GRAYSON COUNTY",10760,"2024","12","VA"
"226661","Locality: 079 GREENE COUNTY",15552,"2024","12","VA"
"226667","Locality: 081 GREENSVILLE COUNTY",6324,"2024","12","VA"
"226676","Locality: 083 HALIFAX COUNTY",24965,"2024","12","VA"
"226696","Locality: 085 HANOVER COUNTY",88001,"2024","12","VA"
"226732","Locality: 087 HENRICO COUNTY",238094,"2024","12","VA"
"226822","Locality: 089 HENRY COUNTY",35658,"2024","12","VA"
"226846","Locality: 091 HIGHLAND COUNTY",1872,"2024","12","VA"
"226851","Locality: 093 ISLE OF WIGHT COUNTY",31484,"2024","12","VA"
"226868","Locality: 095 JAMES CITY COUNTY",63316,"2024","12","VA"
"226886","Locality: 097 KING & QUEEN COUNTY",5388,"2024","12","VA"
"226891","Locality: 099 KING GEORGE COUNTY",20126,"2024","12","VA"
"226896","Locality: 101 KING WILLIAM COUNTY",14442,"2024","12","VA"
"226902","Locality: 103 LANCASTER COUNTY",9160,"2024","12","VA"
"226908","Locality: 105 LEE COUNTY",15293,"2024","12","VA"
"226924","Locality: 107 LOUDOUN COUNTY",286667,"2024","12","VA"
"227031","Locality: 109 LOUISA COUNTY",30832,"2024","12","VA"
"227045","Locality: 111 LUNENBURG COUNTY",8030,"2024","12","VA"
"227056","Locality: 113 MADISON COUNTY",10593,"2024","12","VA"
"227065","Locality: 115 MATHEWS COUNTY",7337,"2024","12","VA"
"227068","Locality: 117 MECKLENBURG COUNTY",22162,"2024","12","VA"
"227090","Locality: 119 MIDDLESEX COUNTY",8575,"2024","12","VA"
"227096","Locality: 121 MONTGOMERY COUNTY",61887,"2024","12","VA"
"227125","Locality: 125 NELSON COUNTY",11776,"2024","12","VA"
"227134","Locality: 127 NEW KENT COUNTY",20326,"2024","12","VA"
"227144","Locality: 131 NORTHAMPTON COUNTY",9596,"2024","12","VA"
"227149","Locality: 133 NORTHUMBERLAND COUNTY",10267,"2024","12","VA"
"227154","Locality: 135 NOTTOWAY COUNTY",9403,"2024","12","VA"
"227161","Locality: 137 ORANGE COUNTY",29002,"2024","12","VA"
"227173","Locality: 139 PAGE COUNTY",17329,"2024","12","VA"
"227178","Locality: 141 PATRICK COUNTY",13028,"2024","12","VA"
"227191","Locality: 143 PITTSYLVANIA COUNTY",45096,"2024","12","VA"
"227220","Locality: 145 POWHATAN COUNTY",24754,"2024","12","VA"
"227232","Locality: 147 PRINCE EDWARD COUNTY",13514,"2024","12","VA"
"227242","Locality: 149 PRINCE GEORGE COUNTY",24534,"2024","12","VA"
"227252","Locality: 153 PRINCE WILLIAM COUNTY",306197,"2024","12","VA"
"227355","Locality: 155 PULASKI COUNTY",23815,"2024","12","VA"
"227368","Locality: 157 RAPPAHANNOCK COUNTY",6115,"2024","12","VA"
"227374","Locality: 159 RICHMOND COUNTY",5623,"2024","12","VA"
"227379","Locality: 161 ROANOKE COUNTY",71944,"2024","12","VA"
"227412","Locality: 163 ROCKBRIDGE COUNTY",16621,"2024","12","VA"
"227429","Locality: 165 ROCKINGHAM COUNTY",58163,"2024","12","VA"
"227458","Locality: 167 RUSSELL COUNTY",19081,"2024","12","VA"
"227473","Locality: 169 SCOTT COUNTY",15927,"2024","12","VA"
"227490","Locality: 171 SHENANDOAH COUNTY",32358,"2024","12","VA"
"227504","Locality: 173 SMYTH COUNTY",20026,"2024","12","VA"
"227516","Locality: 175 SOUTHAMPTON COUNTY",13038,"2024","12","VA"
"227527","Locality: 177 SPOTSYLVANIA COUNTY",107698,"2024","12","VA"
"227556","Locality: 179 STAFFORD COUNTY",112204,"2024","12","VA"
"227593","Locality: 181 SURRY COUNTY",5676,"2024","12","VA"
"227599","Locality: 183 SUSSEX COUNTY",6981,"2024","12","VA"
"227609","Locality: 185 TAZEWELL COUNTY",26271,"2024","12","VA"
"227629","Locality: 187 WARREN COUNTY",30791,"2024","12","VA"
"227640","Locality: 191 WASHINGTON COUNTY",39494,"2024","12","VA"
"227659","Locality: 193 WESTMORELAND COUNTY",14642,"2024","12","VA"
"227667","Locality: 195 WISE COUNTY",24708,"2024","12","VA"
"227679","Locality: 197 WYTHE COUNTY",21265,"2024","12","VA"
"227690","Locality: 199 YORK COUNTY",50927,"2024","12","VA"
"227703","Locality: 510 ALEXANDRIA CITY",101382,"2024","12","VA"
"227735","Locality: 520 BRISTOL CITY",11662,"2024","12","VA"
"227740","Locality: 530 BUENA VISTA CITY",4211,"2024","12","VA"
"227742","Locality: 540 CHARLOTTESVILLE CITY",33535,"2024","12","VA"
"227751","Locality: 550 CHESAPEAKE CITY",175472,"2024","12","VA"
"227815","Locality: 570 COLONIAL HEIGHTS CITY",12553,"2024","12","VA"
"227820","Locality: 580 COVINGTON CITY",3684,"2024","12","VA"
"227825","Locality: 590 DANVILLE CITY",27081,"2024","12","VA"
"227841","Locality: 595 EMPORIA CITY",3810,"2024","12","VA"
"227848","Locality: 600 FAIRFAX CITY",17747,"2024","12","VA"
"227854","Locality: 610 FALLS CHURCH CITY",10936,"2024","12","VA"
"227857","Locality: 620 FRANKLIN CITY",5800,"2024","12","VA"
"227863","Locality: 630 FREDERICKSBURG CITY",19542,"2024","12","VA"
"227868","Locality: 640 GALAX CITY",4038,"2024","12","VA"
"227870","Locality: 650 HAMPTON CITY",94651,"2024","12","VA"
"227900","Locality: 660 HARRISONBURG CITY",25099,"2024","12","VA"
"227908","Locality: 670 HOPEWELL CITY",15177,"2024","12","VA"
"227915","Locality: 678 LEXINGTON CITY",3758,"2024","12","VA"
"227916","Locality: 680 LYNCHBURG CITY",55017,"2024","12","VA"
"227934","Locality: 683 MANASSAS CITY",22694,"2024","12","VA"
"227940","Locality: 685 MANASSAS PARK CITY",9120,"2024","12","VA"
"227943","Locality: 690 MARTINSVILLE CITY",8489,"2024","12","VA"
"227949","Locality: 700 NEWPORT NEWS CITY",115088,"2024","12","VA"
"227992","Locality: 710 NORFOLK CITY",133215,"2024","12","VA"
"228040","Locality: 720 NORTON CITY",2561,"2024","12","VA"
"228041","Locality: 730 PETERSBURG CITY",22289,"2024","12","VA"
"228048","Locality: 735 POQUOSON CITY",9835,"2024","12","VA"
"228051","Locality: 740 PORTSMOUTH CITY",65189,"2024","12","VA"
"228082","Locality: 750 RADFORD CITY",8824,"2024","12","VA"
"228086","Locality: 760 RICHMOND CITY",151224,"2024","12","VA"
"228158","Locality: 770 ROANOKE CITY",62243,"2024","12","VA"
"228178","Locality: 775 SALEM CITY",17002,"2024","12","VA"
"228188","Locality: 790 STAUNTON CITY",18266,"2024","12","VA"
"228193","Locality: 800 SUFFOLK CITY",70703,"2024","12","VA"
"228223","Locality: 810 VIRGINIA BEACH CITY",322381,"2024","12","VA"
"228331","Locality: 820 WAYNESBORO CITY",15482,"2024","12","VA"
"228335","Locality: 830 WILLIAMSBURG CITY",10121,"2024","12","VA"
"228337","Locality: 840 WINCHESTER CITY",17026,"2024","12","VA"
"228343","Locality: 001 ACCOMACK COUNTY",24878,"2025","01","VA"
"228359","Locality: 003 ALBEMARLE COUNTY",84708,"2025","01","VA"
"228389","Locality: 005 ALLEGHANY COUNTY",10935,"2025","01","VA"
"228401","Locality: 007 AMELIA COUNTY",10300,"2025","01","VA"
"228406","Locality: 009 AMHERST COUNTY",23063,"2025","01","VA"
"228417","Locality: 011 APPOMATTOX COUNTY",12377,"2025","01","VA"
"228426","Locality: 013 ARLINGTON COUNTY",169283,"2025","01","VA"
"228480","Locality: 015 AUGUSTA COUNTY",56309,"2025","01","VA"
"228508","Locality: 017 BATH COUNTY",3318,"2025","01","VA"
"228515","Locality: 019 BEDFORD COUNTY",63729,"2025","01","VA"
"228547","Locality: 021 BLAND COUNTY",4411,"2025","01","VA"
"228554","Locality: 023 BOTETOURT COUNTY",26691,"2025","01","VA"
"228564","Locality: 025 BRUNSWICK COUNTY",11012,"2025","01","VA"
"228577","Locality: 027 BUCHANAN COUNTY",14255,"2025","01","VA"
"228595","Locality: 029 BUCKINGHAM COUNTY",10937,"2025","01","VA"
"228605","Locality: 031 CAMPBELL COUNTY",41479,"2025","01","VA"
"228621","Locality: 033 CAROLINE COUNTY",23629,"2025","01","VA"
"228634","Locality: 035 CARROLL COUNTY",21655,"2025","01","VA"
"228650","Locality: 036 CHARLES CITY COUNTY",5773,"2025","01","VA"
"228653","Locality: 037 CHARLOTTE COUNTY",8241,"2025","01","VA"
"228660","Locality: 041 CHESTERFIELD COUNTY",271742,"2025","01","VA"
"228738","Locality: 043 CLARKE COUNTY",12199,"2025","01","VA"
"228745","Locality: 045 CRAIG COUNTY",3891,"2025","01","VA"
"228753","Locality: 047 CULPEPER COUNTY",37923,"2025","01","VA"
"228768","Locality: 049 CUMBERLAND COUNTY",7551,"2025","01","VA"
"228773","Locality: 051 DICKENSON COUNTY",9743,"2025","01","VA"
"228784","Locality: 053 DINWIDDIE COUNTY",21175,"2025","01","VA"
"228797","Locality: 057 ESSEX COUNTY",8134,"2025","01","VA"
"228801","Locality: 059 FAIRFAX COUNTY",760200,"2025","01","VA"
"229065","Locality: 061 FAUQUIER COUNTY",55998,"2025","01","VA"
"229089","Locality: 063 FLOYD COUNTY",11967,"2025","01","VA"
"229094","Locality: 065 FLUVANNA COUNTY",21205,"2025","01","VA"
"229099","Locality: 067 FRANKLIN COUNTY",40101,"2025","01","VA"
"229122","Locality: 069 FREDERICK COUNTY",68764,"2025","01","VA"
"229151","Locality: 071 GILES COUNTY",12069,"2025","01","VA"
"229160","Locality: 073 GLOUCESTER COUNTY",30359,"2025","01","VA"
"229171","Locality: 075 GOOCHLAND COUNTY",23323,"2025","01","VA"
"229182","Locality: 077 GRAYSON COUNTY",10785,"2025","01","VA"
"229197","Locality: 079 GREENE COUNTY",15577,"2025","01","VA"
"229203","Locality: 081 GREENSVILLE COUNTY",6324,"2025","01","VA"
"229212","Locality: 083 HALIFAX COUNTY",24950,"2025","01","VA"
"229232","Locality: 085 HANOVER COUNTY",87864,"2025","01","VA"
"229268","Locality: 087 HENRICO COUNTY",240667,"2025","01","VA"
"229358","Locality: 089 HENRY COUNTY",35652,"2025","01","VA"
"229382","Locality: 091 HIGHLAND COUNTY",1872,"2025","01","VA"
"229387","Locality: 093 ISLE OF WIGHT COUNTY",31472,"2025","01","VA"
"229404","Locality: 095 JAMES CITY COUNTY",63779,"2025","01","VA"
"229422","Locality: 097 KING & QUEEN COUNTY",5382,"2025","01","VA"
"229427","Locality: 099 KING GEORGE COUNTY",20281,"2025","01","VA"
"229432","Locality: 101 KING WILLIAM COUNTY",14435,"2025","01","VA"
"229438","Locality: 103 LANCASTER COUNTY",9170,"2025","01","VA"
"229444","Locality: 105 LEE COUNTY",15293,"2025","01","VA"
"229460","Locality: 107 LOUDOUN COUNTY",289396,"2025","01","VA"
"229567","Locality: 109 LOUISA COUNTY",30875,"2025","01","VA"
"229581","Locality: 111 LUNENBURG COUNTY",8005,"2025","01","VA"
"229592","Locality: 113 MADISON COUNTY",10604,"2025","01","VA"
"229601","Locality: 115 MATHEWS COUNTY",7353,"2025","01","VA"
"229604","Locality: 117 MECKLENBURG COUNTY",22164,"2025","01","VA"
"229626","Locality: 119 MIDDLESEX COUNTY",8587,"2025","01","VA"
"229632","Locality: 121 MONTGOMERY COUNTY",61798,"2025","01","VA"
"229661","Locality: 125 NELSON COUNTY",11768,"2025","01","VA"
"229670","Locality: 127 NEW KENT COUNTY",20337,"2025","01","VA"
"229680","Locality: 131 NORTHAMPTON COUNTY",9607,"2025","01","VA"
"229685","Locality: 133 NORTHUMBERLAND COUNTY",10283,"2025","01","VA"
"229690","Locality: 135 NOTTOWAY COUNTY",9437,"2025","01","VA"
"229697","Locality: 137 ORANGE COUNTY",29147,"2025","01","VA"
"229709","Locality: 139 PAGE COUNTY",17280,"2025","01","VA"
"229714","Locality: 141 PATRICK COUNTY",13048,"2025","01","VA"
"229727","Locality: 143 PITTSYLVANIA COUNTY",45130,"2025","01","VA"
"229756","Locality: 145 POWHATAN COUNTY",24844,"2025","01","VA"
"229768","Locality: 147 PRINCE EDWARD COUNTY",13508,"2025","01","VA"
"229778","Locality: 149 PRINCE GEORGE COUNTY",24518,"2025","01","VA"
"229788","Locality: 153 PRINCE WILLIAM COUNTY",307946,"2025","01","VA"
"229891","Locality: 155 PULASKI COUNTY",23826,"2025","01","VA"
"229904","Locality: 157 RAPPAHANNOCK COUNTY",6105,"2025","01","VA"
"229910","Locality: 159 RICHMOND COUNTY",5623,"2025","01","VA"
"229915","Locality: 161 ROANOKE COUNTY",71947,"2025","01","VA"
"229948","Locality: 163 ROCKBRIDGE COUNTY",16653,"2025","01","VA"
"229965","Locality: 165 ROCKINGHAM COUNTY",58141,"2025","01","VA"
"229994","Locality: 167 RUSSELL COUNTY",19109,"2025","01","VA"
"230009","Locality: 169 SCOTT COUNTY",15977,"2025","01","VA"
"230026","Locality: 171 SHENANDOAH COUNTY",32557,"2025","01","VA"
"230040","Locality: 173 SMYTH COUNTY",20150,"2025","01","VA"
"230052","Locality: 175 SOUTHAMPTON COUNTY",13028,"2025","01","VA"
"230063","Locality: 177 SPOTSYLVANIA COUNTY",107735,"2025","01","VA"
"230092","Locality: 179 STAFFORD COUNTY",112288,"2025","01","VA"
"230129","Locality: 181 SURRY COUNTY",5667,"2025","01","VA"
"230135","Locality: 183 SUSSEX COUNTY",6995,"2025","01","VA"
"230145","Locality: 185 TAZEWELL COUNTY",26288,"2025","01","VA"
"230165","Locality: 187 WARREN COUNTY",30811,"2025","01","VA"
"230176","Locality: 191 WASHINGTON COUNTY",39697,"2025","01","VA"
"230195","Locality: 193 WESTMORELAND COUNTY",14658,"2025","01","VA"
"230203","Locality: 195 WISE COUNTY",24775,"2025","01","VA"
"230215","Locality: 197 WYTHE COUNTY",21254,"2025","01","VA"
"230226","Locality: 199 YORK COUNTY",50969,"2025","01","VA"
"230239","Locality: 510 ALEXANDRIA CITY",102411,"2025","01","VA"
"230271","Locality: 520 BRISTOL CITY",11681,"2025","01","VA"
"230276","Locality: 530 BUENA VISTA CITY",4231,"2025","01","VA"
"230278","Locality: 540 CHARLOTTESVILLE CITY",33492,"2025","01","VA"
"230287","Locality: 550 CHESAPEAKE CITY",176213,"2025","01","VA"
"230351","Locality: 570 COLONIAL HEIGHTS CITY",12592,"2025","01","VA"
"230356","Locality: 580 COVINGTON CITY",3714,"2025","01","VA"
"230361","Locality: 590 DANVILLE CITY",27080,"2025","01","VA"
"230377","Locality: 595 EMPORIA CITY",3811,"2025","01","VA"
"230384","Locality: 600 FAIRFAX CITY",17774,"2025","01","VA"
"230390","Locality: 610 FALLS CHURCH CITY",10971,"2025","01","VA"
"230393","Locality: 620 FRANKLIN CITY",5837,"2025","01","VA"
"230399","Locality: 630 FREDERICKSBURG CITY",19553,"2025","01","VA"
"230404","Locality: 640 GALAX CITY",4016,"2025","01","VA"
"230406","Locality: 650 HAMPTON CITY",95599,"2025","01","VA"
"230436","Locality: 660 HARRISONBURG CITY",25462,"2025","01","VA"
"230444","Locality: 670 HOPEWELL CITY",15280,"2025","01","VA"
"230451","Locality: 678 LEXINGTON CITY",3755,"2025","01","VA"
"230452","Locality: 680 LYNCHBURG CITY",55013,"2025","01","VA"
"230470","Locality: 683 MANASSAS CITY",22693,"2025","01","VA"
"230476","Locality: 685 MANASSAS PARK CITY",9098,"2025","01","VA"
"230479","Locality: 690 MARTINSVILLE CITY",8578,"2025","01","VA"
"230485","Locality: 700 NEWPORT NEWS CITY",115742,"2025","01","VA"
"230528","Locality: 710 NORFOLK CITY",134160,"2025","01","VA"
"230576","Locality: 720 NORTON CITY",2571,"2025","01","VA"
"230577","Locality: 730 PETERSBURG CITY",22464,"2025","01","VA"
"230584","Locality: 735 POQUOSON CITY",9847,"2025","01","VA"
"230587","Locality: 740 PORTSMOUTH CITY",66101,"2025","01","VA"
"230618","Locality: 750 RADFORD CITY",8871,"2025","01","VA"
"230622","Locality: 760 RICHMOND CITY",151111,"2025","01","VA"
"230694","Locality: 770 ROANOKE CITY",62355,"2025","01","VA"
"230714","Locality: 775 SALEM CITY",17183,"2025","01","VA"
"230724","Locality: 790 STAUNTON CITY",18271,"2025","01","VA"
"230729","Locality: 800 SUFFOLK CITY",71654,"2025","01","VA"
"230759","Locality: 810 VIRGINIA BEACH CITY",322441,"2025","01","VA"
"230867","Locality: 820 WAYNESBORO CITY",15522,"2025","01","VA"
"230871","Locality: 830 WILLIAMSBURG CITY",10107,"2025","01","VA"
"230873","Locality: 840 WINCHESTER CITY",17069,"2025","01","VA"
"230879","Locality: 001 ACCOMACK COUNTY",24915,"2025","02","VA"
"230895","Locality: 003 ALBEMARLE COUNTY",84666,"2025","02","VA"
"230925","Locality: 005 ALLEGHANY COUNTY",10937,"2025","02","VA"
"230937","Locality: 007 AMELIA COUNTY",10337,"2025","02","VA"
"230942","Locality: 009 AMHERST COUNTY",23087,"2025","02","VA"
"230953","Locality: 011 APPOMATTOX COUNTY",12402,"2025","02","VA"
"230962","Locality: 013 ARLINGTON COUNTY",169571,"2025","02","VA"
"231016","Locality: 015 AUGUSTA COUNTY",56364,"2025","02","VA"
"231044","Locality: 017 BATH COUNTY",3327,"2025","02","VA"
"231051","Locality: 019 BEDFORD COUNTY",63868,"2025","02","VA"
"231083","Locality: 021 BLAND COUNTY",4393,"2025","02","VA"
"231090","Locality: 023 BOTETOURT COUNTY",26698,"2025","02","VA"
"231100","Locality: 025 BRUNSWICK COUNTY",11010,"2025","02","VA"
"231113","Locality: 027 BUCHANAN COUNTY",14236,"2025","02","VA"
"231131","Locality: 029 BUCKINGHAM COUNTY",10934,"2025","02","VA"
"231141","Locality: 031 CAMPBELL COUNTY",41459,"2025","02","VA"
"231157","Locality: 033 CAROLINE COUNTY",23663,"2025","02","VA"
"231170","Locality: 035 CARROLL COUNTY",21768,"2025","02","VA"
"231186","Locality: 036 CHARLES CITY COUNTY",5780,"2025","02","VA"
"231189","Locality: 037 CHARLOTTE COUNTY",8250,"2025","02","VA"
"231196","Locality: 041 CHESTERFIELD COUNTY",271866,"2025","02","VA"
"231274","Locality: 043 CLARKE COUNTY",12195,"2025","02","VA"
"231281","Locality: 045 CRAIG COUNTY",3899,"2025","02","VA"
"231289","Locality: 047 CULPEPER COUNTY",37962,"2025","02","VA"
"231304","Locality: 049 CUMBERLAND COUNTY",7567,"2025","02","VA"
"231309","Locality: 051 DICKENSON COUNTY",9729,"2025","02","VA"
"231320","Locality: 053 DINWIDDIE COUNTY",21182,"2025","02","VA"
"231333","Locality: 057 ESSEX COUNTY",8150,"2025","02","VA"
"231337","Locality: 059 FAIRFAX COUNTY",761599,"2025","02","VA"
"231601","Locality: 061 FAUQUIER COUNTY",56021,"2025","02","VA"
"231625","Locality: 063 FLOYD COUNTY",11977,"2025","02","VA"
"231630","Locality: 065 FLUVANNA COUNTY",21282,"2025","02","VA"
"231635","Locality: 067 FRANKLIN COUNTY",40328,"2025","02","VA"
"231658","Locality: 069 FREDERICK COUNTY",68913,"2025","02","VA"
"231687","Locality: 071 GILES COUNTY",12116,"2025","02","VA"
"231696","Locality: 073 GLOUCESTER COUNTY",30480,"2025","02","VA"
"231707","Locality: 075 GOOCHLAND COUNTY",23390,"2025","02","VA"
"231718","Locality: 077 GRAYSON COUNTY",10859,"2025","02","VA"
"231733","Locality: 079 GREENE COUNTY",15611,"2025","02","VA"
"231739","Locality: 081 GREENSVILLE COUNTY",6334,"2025","02","VA"
"231748","Locality: 083 HALIFAX COUNTY",25064,"2025","02","VA"
"231768","Locality: 085 HANOVER COUNTY",87903,"2025","02","VA"
"231804","Locality: 087 HENRICO COUNTY",240614,"2025","02","VA"
"231894","Locality: 089 HENRY COUNTY",35657,"2025","02","VA"
"231918","Locality: 091 HIGHLAND COUNTY",1869,"2025","02","VA"
"231923","Locality: 093 ISLE OF WIGHT COUNTY",31539,"2025","02","VA"
"231940","Locality: 095 JAMES CITY COUNTY",63847,"2025","02","VA"
"231958","Locality: 097 KING & QUEEN COUNTY",5369,"2025","02","VA"
"231963","Locality: 099 KING GEORGE COUNTY",20305,"2025","02","VA"
"231968","Locality: 101 KING WILLIAM COUNTY",14534,"2025","02","VA"
"231974","Locality: 103 LANCASTER COUNTY",9162,"2025","02","VA"
"231980","Locality: 105 LEE COUNTY",15434,"2025","02","VA"
"231996","Locality: 107 LOUDOUN COUNTY",290892,"2025","02","VA"
"232103","Locality: 109 LOUISA COUNTY",31016,"2025","02","VA"
"232117","Locality: 111 LUNENBURG COUNTY",8041,"2025","02","VA"
"232128","Locality: 113 MADISON COUNTY",10595,"2025","02","VA"
"232137","Locality: 115 MATHEWS COUNTY",7391,"2025","02","VA"
"232140","Locality: 117 MECKLENBURG COUNTY",22276,"2025","02","VA"
"232162","Locality: 119 MIDDLESEX COUNTY",8582,"2025","02","VA"
"232168","Locality: 121 MONTGOMERY COUNTY",61801,"2025","02","VA"
"232197","Locality: 125 NELSON COUNTY",11775,"2025","02","VA"
"232206","Locality: 127 NEW KENT COUNTY",20382,"2025","02","VA"
"232216","Locality: 131 NORTHAMPTON COUNTY",9602,"2025","02","VA"
"232221","Locality: 133 NORTHUMBERLAND COUNTY",10310,"2025","02","VA"
"232226","Locality: 135 NOTTOWAY COUNTY",9446,"2025","02","VA"
"232233","Locality: 137 ORANGE COUNTY",29186,"2025","02","VA"
"232245","Locality: 139 PAGE COUNTY",17258,"2025","02","VA"
"232250","Locality: 141 PATRICK COUNTY",13096,"2025","02","VA"
"232263","Locality: 143 PITTSYLVANIA COUNTY",45171,"2025","02","VA"
"232292","Locality: 145 POWHATAN COUNTY",24838,"2025","02","VA"
"232304","Locality: 147 PRINCE EDWARD COUNTY",13500,"2025","02","VA"
"232314","Locality: 149 PRINCE GEORGE COUNTY",24552,"2025","02","VA"
"232324","Locality: 153 PRINCE WILLIAM COUNTY",310384,"2025","02","VA"
"232427","Locality: 155 PULASKI COUNTY",23820,"2025","02","VA"
"232440","Locality: 157 RAPPAHANNOCK COUNTY",6121,"2025","02","VA"
"232446","Locality: 159 RICHMOND COUNTY",5634,"2025","02","VA"
"232451","Locality: 161 ROANOKE COUNTY",72313,"2025","02","VA"
"232484","Locality: 163 ROCKBRIDGE COUNTY",16643,"2025","02","VA"
"232501","Locality: 165 ROCKINGHAM COUNTY",58436,"2025","02","VA"
"232530","Locality: 167 RUSSELL COUNTY",19136,"2025","02","VA"
"232545","Locality: 169 SCOTT COUNTY",15972,"2025","02","VA"
"232562","Locality: 171 SHENANDOAH COUNTY",32624,"2025","02","VA"
"232576","Locality: 173 SMYTH COUNTY",20296,"2025","02","VA"
"232588","Locality: 175 SOUTHAMPTON COUNTY",13084,"2025","02","VA"
"232599","Locality: 177 SPOTSYLVANIA COUNTY",107878,"2025","02","VA"
"232628","Locality: 179 STAFFORD COUNTY",112417,"2025","02","VA"
"232665","Locality: 181 SURRY COUNTY",5662,"2025","02","VA"
"232671","Locality: 183 SUSSEX COUNTY",7028,"2025","02","VA"
"232681","Locality: 185 TAZEWELL COUNTY",26320,"2025","02","VA"
"232701","Locality: 187 WARREN COUNTY",30845,"2025","02","VA"
"232712","Locality: 191 WASHINGTON COUNTY",39709,"2025","02","VA"
"232731","Locality: 193 WESTMORELAND COUNTY",14683,"2025","02","VA"
"232739","Locality: 195 WISE COUNTY",24892,"2025","02","VA"
"232751","Locality: 197 WYTHE COUNTY",21263,"2025","02","VA"
"232762","Locality: 199 YORK COUNTY",51026,"2025","02","VA"
"232775","Locality: 510 ALEXANDRIA CITY",102699,"2025","02","VA"
"232807","Locality: 520 BRISTOL CITY",11692,"2025","02","VA"
"232812","Locality: 530 BUENA VISTA CITY",4239,"2025","02","VA"
"232814","Locality: 540 CHARLOTTESVILLE CITY",33481,"2025","02","VA"
"232823","Locality: 550 CHESAPEAKE CITY",176345,"2025","02","VA"
"232887","Locality: 570 COLONIAL HEIGHTS CITY",12601,"2025","02","VA"
"232892","Locality: 580 COVINGTON CITY",3722,"2025","02","VA"
"232897","Locality: 590 DANVILLE CITY",27115,"2025","02","VA"
"232913","Locality: 595 EMPORIA CITY",3826,"2025","02","VA"
"232920","Locality: 600 FAIRFAX CITY",17816,"2025","02","VA"
"232926","Locality: 610 FALLS CHURCH CITY",10994,"2025","02","VA"
"232929","Locality: 620 FRANKLIN CITY",5837,"2025","02","VA"
"232935","Locality: 630 FREDERICKSBURG CITY",19602,"2025","02","VA"
"232940","Locality: 640 GALAX CITY",4024,"2025","02","VA"
"232942","Locality: 650 HAMPTON CITY",95665,"2025","02","VA"
"232972","Locality: 660 HARRISONBURG CITY",25521,"2025","02","VA"
"232980","Locality: 670 HOPEWELL CITY",15362,"2025","02","VA"
"232987","Locality: 678 LEXINGTON CITY",3757,"2025","02","VA"
"232988","Locality: 680 LYNCHBURG CITY",55079,"2025","02","VA"
"233006","Locality: 683 MANASSAS CITY",22740,"2025","02","VA"
"233012","Locality: 685 MANASSAS PARK CITY",9144,"2025","02","VA"
"233015","Locality: 690 MARTINSVILLE CITY",8578,"2025","02","VA"
"233021","Locality: 700 NEWPORT NEWS CITY",116578,"2025","02","VA"
"233064","Locality: 710 NORFOLK CITY",135192,"2025","02","VA"
"233112","Locality: 720 NORTON CITY",2578,"2025","02","VA"
"233113","Locality: 730 PETERSBURG CITY",22494,"2025","02","VA"
"233120","Locality: 735 POQUOSON CITY",9847,"2025","02","VA"
"233123","Locality: 740 PORTSMOUTH CITY",66195,"2025","02","VA"
"233154","Locality: 750 RADFORD CITY",8912,"2025","02","VA"
"233158","Locality: 760 RICHMOND CITY",153288,"2025","02","VA"
"233230","Locality: 770 ROANOKE CITY",62623,"2025","02","VA"
"233250","Locality: 775 SALEM CITY",17209,"2025","02","VA"
"233260","Locality: 790 STAUNTON CITY",18277,"2025","02","VA"
"233265","Locality: 800 SUFFOLK CITY",72271,"2025","02","VA"
"233295","Locality: 810 VIRGINIA BEACH CITY",322629,"2025","02","VA"
"233403","Locality: 820 WAYNESBORO CITY",15544,"2025","02","VA"
"233407","Locality: 830 WILLIAMSBURG CITY",10102,"2025","02","VA"
"233409","Locality: 840 WINCHESTER CITY",17093,"2025","02","VA"
"233415","Locality: 001 ACCOMACK COUNTY",25195,"2025","03","VA"
"233431","Locality: 003 ALBEMARLE COUNTY",84793,"2025","03","VA"
"233461","Locality: 005 ALLEGHANY COUNTY",10949,"2025","03","VA"
"233473","Locality: 007 AMELIA COUNTY",10326,"2025","03","VA"
"233478","Locality: 009 AMHERST COUNTY",23096,"2025","03","VA"
"233489","Locality: 011 APPOMATTOX COUNTY",12416,"2025","03","VA"
"233498","Locality: 013 ARLINGTON COUNTY",170035,"2025","03","VA"
"233552","Locality: 015 AUGUSTA COUNTY",56369,"2025","03","VA"
"233580","Locality: 017 BATH COUNTY",3328,"2025","03","VA"
"233587","Locality: 019 BEDFORD COUNTY",63913,"2025","03","VA"
"233619","Locality: 021 BLAND COUNTY",4413,"2025","03","VA"
"233626","Locality: 023 BOTETOURT COUNTY",26683,"2025","03","VA"
"233636","Locality: 025 BRUNSWICK COUNTY",11000,"2025","03","VA"
"233649","Locality: 027 BUCHANAN COUNTY",14209,"2025","03","VA"
"233667","Locality: 029 BUCKINGHAM COUNTY",10939,"2025","03","VA"
"233677","Locality: 031 CAMPBELL COUNTY",41480,"2025","03","VA"
"233693","Locality: 033 CAROLINE COUNTY",23744,"2025","03","VA"
"233706","Locality: 035 CARROLL COUNTY",21793,"2025","03","VA"
"233722","Locality: 036 CHARLES CITY COUNTY",5771,"2025","03","VA"
"233725","Locality: 037 CHARLOTTE COUNTY",8261,"2025","03","VA"
"233732","Locality: 041 CHESTERFIELD COUNTY",272148,"2025","03","VA"
"233810","Locality: 043 CLARKE COUNTY",12205,"2025","03","VA"
"233817","Locality: 045 CRAIG COUNTY",3898,"2025","03","VA"
"233825","Locality: 047 CULPEPER COUNTY",37976,"2025","03","VA"
"233840","Locality: 049 CUMBERLAND COUNTY",7616,"2025","03","VA"
"233845","Locality: 051 DICKENSON COUNTY",9703,"2025","03","VA"
"233856","Locality: 053 DINWIDDIE COUNTY",21186,"2025","03","VA"
"233869","Locality: 057 ESSEX COUNTY",8193,"2025","03","VA"
"233873","Locality: 059 FAIRFAX COUNTY",762577,"2025","03","VA"
"234137","Locality: 061 FAUQUIER COUNTY",56047,"2025","03","VA"
"234161","Locality: 063 FLOYD COUNTY",11964,"2025","03","VA"
"234166","Locality: 065 FLUVANNA COUNTY",21279,"2025","03","VA"
"234171","Locality: 067 FRANKLIN COUNTY",40346,"2025","03","VA"
"234194","Locality: 069 FREDERICK COUNTY",69041,"2025","03","VA"
"234223","Locality: 071 GILES COUNTY",12108,"2025","03","VA"
"234232","Locality: 073 GLOUCESTER COUNTY",30499,"2025","03","VA"
"234243","Locality: 075 GOOCHLAND COUNTY",23411,"2025","03","VA"
"234254","Locality: 077 GRAYSON COUNTY",10858,"2025","03","VA"
"234269","Locality: 079 GREENE COUNTY",15620,"2025","03","VA"
"234275","Locality: 081 GREENSVILLE COUNTY",6337,"2025","03","VA"
"234284","Locality: 083 HALIFAX COUNTY",25058,"2025","03","VA"
"234304","Locality: 085 HANOVER COUNTY",87868,"2025","03","VA"
"234340","Locality: 087 HENRICO COUNTY",241100,"2025","03","VA"
"234430","Locality: 089 HENRY COUNTY",35603,"2025","03","VA"
"234454","Locality: 091 HIGHLAND COUNTY",1871,"2025","03","VA"
"234459","Locality: 093 ISLE OF WIGHT COUNTY",31575,"2025","03","VA"
"234476","Locality: 095 JAMES CITY COUNTY",63762,"2025","03","VA"
"234494","Locality: 097 KING & QUEEN COUNTY",5373,"2025","03","VA"
"234499","Locality: 099 KING GEORGE COUNTY",20311,"2025","03","VA"
"234504","Locality: 101 KING WILLIAM COUNTY",14543,"2025","03","VA"
"234510","Locality: 103 LANCASTER COUNTY",9173,"2025","03","VA"
"234516","Locality: 105 LEE COUNTY",15445,"2025","03","VA"
"234532","Locality: 107 LOUDOUN COUNTY",291063,"2025","03","VA"
"234639","Locality: 109 LOUISA COUNTY",31047,"2025","03","VA"
"234653","Locality: 111 LUNENBURG COUNTY",8028,"2025","03","VA"
"234664","Locality: 113 MADISON COUNTY",10596,"2025","03","VA"
"234673","Locality: 115 MATHEWS COUNTY",7385,"2025","03","VA"
"234676","Locality: 117 MECKLENBURG COUNTY",22284,"2025","03","VA"
"234698","Locality: 119 MIDDLESEX COUNTY",8575,"2025","03","VA"
"234704","Locality: 121 MONTGOMERY COUNTY",61823,"2025","03","VA"
"234733","Locality: 125 NELSON COUNTY",11746,"2025","03","VA"
"234742","Locality: 127 NEW KENT COUNTY",20420,"2025","03","VA"
"234752","Locality: 131 NORTHAMPTON COUNTY",9602,"2025","03","VA"
"234757","Locality: 133 NORTHUMBERLAND COUNTY",10299,"2025","03","VA"
"234762","Locality: 135 NOTTOWAY COUNTY",9448,"2025","03","VA"
"234769","Locality: 137 ORANGE COUNTY",29244,"2025","03","VA"
"234781","Locality: 139 PAGE COUNTY",17244,"2025","03","VA"
"234786","Locality: 141 PATRICK COUNTY",13091,"2025","03","VA"
"234799","Locality: 143 PITTSYLVANIA COUNTY",45166,"2025","03","VA"
"234828","Locality: 145 POWHATAN COUNTY",24844,"2025","03","VA"
"234840","Locality: 147 PRINCE EDWARD COUNTY",13516,"2025","03","VA"
"234850","Locality: 149 PRINCE GEORGE COUNTY",24578,"2025","03","VA"
"234860","Locality: 153 PRINCE WILLIAM COUNTY",310626,"2025","03","VA"
"234963","Locality: 155 PULASKI COUNTY",23847,"2025","03","VA"
"234976","Locality: 157 RAPPAHANNOCK COUNTY",6120,"2025","03","VA"
"234982","Locality: 159 RICHMOND COUNTY",5644,"2025","03","VA"
"234987","Locality: 161 ROANOKE COUNTY",72321,"2025","03","VA"
"235020","Locality: 163 ROCKBRIDGE COUNTY",16662,"2025","03","VA"
"235037","Locality: 165 ROCKINGHAM COUNTY",58451,"2025","03","VA"
"235066","Locality: 167 RUSSELL COUNTY",19129,"2025","03","VA"
"235081","Locality: 169 SCOTT COUNTY",15956,"2025","03","VA"
"235098","Locality: 171 SHENANDOAH COUNTY",32659,"2025","03","VA"
"235112","Locality: 173 SMYTH COUNTY",20302,"2025","03","VA"
"235124","Locality: 175 SOUTHAMPTON COUNTY",13083,"2025","03","VA"
"235135","Locality: 177 SPOTSYLVANIA COUNTY",107980,"2025","03","VA"
"235164","Locality: 179 STAFFORD COUNTY",112584,"2025","03","VA"
"235201","Locality: 181 SURRY COUNTY",5651,"2025","03","VA"
"235207","Locality: 183 SUSSEX COUNTY",7015,"2025","03","VA"
"235217","Locality: 185 TAZEWELL COUNTY",26340,"2025","03","VA"
"235237","Locality: 187 WARREN COUNTY",30872,"2025","03","VA"
"235248","Locality: 191 WASHINGTON COUNTY",39696,"2025","03","VA"
"235267","Locality: 193 WESTMORELAND COUNTY",14699,"2025","03","VA"
"235275","Locality: 195 WISE COUNTY",24868,"2025","03","VA"
"235287","Locality: 197 WYTHE COUNTY",21263,"2025","03","VA"
"235298","Locality: 199 YORK COUNTY",51077,"2025","03","VA"
"235311","Locality: 510 ALEXANDRIA CITY",103014,"2025","03","VA"
"235343","Locality: 520 BRISTOL CITY",11680,"2025","03","VA"
"235348","Locality: 530 BUENA VISTA CITY",4247,"2025","03","VA"
"235350","Locality: 540 CHARLOTTESVILLE CITY",33482,"2025","03","VA"
"235359","Locality: 550 CHESAPEAKE CITY",176556,"2025","03","VA"
"235423","Locality: 570 COLONIAL HEIGHTS CITY",12605,"2025","03","VA"
"235428","Locality: 580 COVINGTON CITY",3724,"2025","03","VA"
"235433","Locality: 590 DANVILLE CITY",27102,"2025","03","VA"
"235449","Locality: 595 EMPORIA CITY",3816,"2025","03","VA"
"235456","Locality: 600 FAIRFAX CITY",17895,"2025","03","VA"
"235462","Locality: 610 FALLS CHURCH CITY",11007,"2025","03","VA"
"235465","Locality: 620 FRANKLIN CITY",5871,"2025","03","VA"
"235471","Locality: 630 FREDERICKSBURG CITY",19665,"2025","03","VA"
"235476","Locality: 640 GALAX CITY",4033,"2025","03","VA"
"235478","Locality: 650 HAMPTON CITY",95806,"2025","03","VA"
"235508","Locality: 660 HARRISONBURG CITY",25508,"2025","03","VA"
"235516","Locality: 670 HOPEWELL CITY",15407,"2025","03","VA"
"235523","Locality: 678 LEXINGTON CITY",3758,"2025","03","VA"
"235524","Locality: 680 LYNCHBURG CITY",55098,"2025","03","VA"
"235542","Locality: 683 MANASSAS CITY",22776,"2025","03","VA"
"235548","Locality: 685 MANASSAS PARK CITY",9157,"2025","03","VA"
"235551","Locality: 690 MARTINSVILLE CITY",8568,"2025","03","VA"
"235557","Locality: 700 NEWPORT NEWS CITY",116770,"2025","03","VA"
"235600","Locality: 710 NORFOLK CITY",135762,"2025","03","VA"
"235648","Locality: 720 NORTON CITY",2575,"2025","03","VA"
"235649","Locality: 730 PETERSBURG CITY",22506,"2025","03","VA"
"235656","Locality: 735 POQUOSON CITY",9863,"2025","03","VA"
"235659","Locality: 740 PORTSMOUTH CITY",66226,"2025","03","VA"
"235690","Locality: 750 RADFORD CITY",8869,"2025","03","VA"
"235694","Locality: 760 RICHMOND CITY",153475,"2025","03","VA"
"235766","Locality: 770 ROANOKE CITY",62707,"2025","03","VA"
"235786","Locality: 775 SALEM CITY",17220,"2025","03","VA"
"235796","Locality: 790 STAUNTON CITY",18283,"2025","03","VA"
"235801","Locality: 800 SUFFOLK CITY",72411,"2025","03","VA"
"235831","Locality: 810 VIRGINIA BEACH CITY",322888,"2025","03","VA"
"235939","Locality: 820 WAYNESBORO CITY",15559,"2025","03","VA"
"235943","Locality: 830 WILLIAMSBURG CITY",10105,"2025","03","VA"
"235945","Locality: 840 WINCHESTER CITY",17116,"2025","03","VA"
"235951","Locality: 001 ACCOMACK COUNTY",25041,"2025","04","VA"
"235967","Locality: 003 ALBEMARLE COUNTY",84309,"2025","04","VA"
"235997","Locality: 005 ALLEGHANY COUNTY",10917,"2025","04","VA"
"236009","Locality: 007 AMELIA COUNTY",10325,"2025","04","VA"
"236014","Locality: 009 AMHERST COUNTY",23010,"2025","04","VA"
"236025","Locality: 011 APPOMATTOX COUNTY",12408,"2025","04","VA"
"236034","Locality: 013 ARLINGTON COUNTY",168049,"2025","04","VA"
"236088","Locality: 015 AUGUSTA COUNTY",56181,"2025","04","VA"
"236116","Locality: 017 BATH COUNTY",3308,"2025","04","VA"
"236123","Locality: 019 BEDFORD COUNTY",63812,"2025","04","VA"
"236155","Locality: 021 BLAND COUNTY",4397,"2025","04","VA"
"236162","Locality: 023 BOTETOURT COUNTY",26579,"2025","04","VA"
"236172","Locality: 025 BRUNSWICK COUNTY",10966,"2025","04","VA"
"236185","Locality: 027 BUCHANAN COUNTY",14097,"2025","04","VA"
"236203","Locality: 029 BUCKINGHAM COUNTY",10969,"2025","04","VA"
"236213","Locality: 031 CAMPBELL COUNTY",41294,"2025","04","VA"
"236229","Locality: 033 CAROLINE COUNTY",23711,"2025","04","VA"
"236242","Locality: 035 CARROLL COUNTY",21707,"2025","04","VA"
"236258","Locality: 036 CHARLES CITY COUNTY",5752,"2025","04","VA"
"236261","Locality: 037 CHARLOTTE COUNTY",8228,"2025","04","VA"
"236268","Locality: 041 CHESTERFIELD COUNTY",270309,"2025","04","VA"
"236346","Locality: 043 CLARKE COUNTY",12151,"2025","04","VA"
"236353","Locality: 045 CRAIG COUNTY",3883,"2025","04","VA"
"236361","Locality: 047 CULPEPER COUNTY",37814,"2025","04","VA"
"236376","Locality: 049 CUMBERLAND COUNTY",7607,"2025","04","VA"
"236381","Locality: 051 DICKENSON COUNTY",9644,"2025","04","VA"
"236392","Locality: 053 DINWIDDIE COUNTY",21111,"2025","04","VA"
"236405","Locality: 057 ESSEX COUNTY",8161,"2025","04","VA"
"236409","Locality: 059 FAIRFAX COUNTY",758472,"2025","04","VA"
"236673","Locality: 061 FAUQUIER COUNTY",55689,"2025","04","VA"
"236697","Locality: 063 FLOYD COUNTY",11925,"2025","04","VA"
"236702","Locality: 065 FLUVANNA COUNTY",21231,"2025","04","VA"
"236707","Locality: 067 FRANKLIN COUNTY",40215,"2025","04","VA"
"236730","Locality: 069 FREDERICK COUNTY",68487,"2025","04","VA"
"236759","Locality: 071 GILES COUNTY",12036,"2025","04","VA"
"236768","Locality: 073 GLOUCESTER COUNTY",30375,"2025","04","VA"
"236779","Locality: 075 GOOCHLAND COUNTY",23317,"2025","04","VA"
"236790","Locality: 077 GRAYSON COUNTY",10814,"2025","04","VA"
"236805","Locality: 079 GREENE COUNTY",15583,"2025","04","VA"
"236811","Locality: 081 GREENSVILLE COUNTY",6322,"2025","04","VA"
"236820","Locality: 083 HALIFAX COUNTY",24942,"2025","04","VA"
"236840","Locality: 085 HANOVER COUNTY",87507,"2025","04","VA"
"236876","Locality: 087 HENRICO COUNTY",240170,"2025","04","VA"
"236966","Locality: 089 HENRY COUNTY",35511,"2025","04","VA"
"236990","Locality: 091 HIGHLAND COUNTY",1854,"2025","04","VA"
"236995","Locality: 093 ISLE OF WIGHT COUNTY",31507,"2025","04","VA"
"237012","Locality: 095 JAMES CITY COUNTY",63415,"2025","04","VA"
"237030","Locality: 097 KING & QUEEN COUNTY",5371,"2025","04","VA"
"237035","Locality: 099 KING GEORGE COUNTY",20258,"2025","04","VA"
"237040","Locality: 101 KING WILLIAM COUNTY",14514,"2025","04","VA"
"237046","Locality: 103 LANCASTER COUNTY",9182,"2025","04","VA"
"237052","Locality: 105 LEE COUNTY",15387,"2025","04","VA"
"237068","Locality: 107 LOUDOUN COUNTY",289234,"2025","04","VA"
"237175","Locality: 109 LOUISA COUNTY",30862,"2025","04","VA"
"237189","Locality: 111 LUNENBURG COUNTY",7988,"2025","04","VA"
"237200","Locality: 113 MADISON COUNTY",10524,"2025","04","VA"
"237209","Locality: 115 MATHEWS COUNTY",7349,"2025","04","VA"
"237212","Locality: 117 MECKLENBURG COUNTY",22185,"2025","04","VA"
"237234","Locality: 119 MIDDLESEX COUNTY",8556,"2025","04","VA"
"237240","Locality: 121 MONTGOMERY COUNTY",61033,"2025","04","VA"
"237269","Locality: 125 NELSON COUNTY",11722,"2025","04","VA"
"237278","Locality: 127 NEW KENT COUNTY",20413,"2025","04","VA"
"237288","Locality: 131 NORTHAMPTON COUNTY",9552,"2025","04","VA"
"237293","Locality: 133 NORTHUMBERLAND COUNTY",10230,"2025","04","VA"
"237298","Locality: 135 NOTTOWAY COUNTY",9422,"2025","04","VA"
"237305","Locality: 137 ORANGE COUNTY",29144,"2025","04","VA"
"237317","Locality: 139 PAGE COUNTY",17346,"2025","04","VA"
"237322","Locality: 141 PATRICK COUNTY",13041,"2025","04","VA"
"237335","Locality: 143 PITTSYLVANIA COUNTY",44997,"2025","04","VA"
"237364","Locality: 145 POWHATAN COUNTY",24725,"2025","04","VA"
"237376","Locality: 147 PRINCE EDWARD COUNTY",13435,"2025","04","VA"
"237386","Locality: 149 PRINCE GEORGE COUNTY",24493,"2025","04","VA"
"237396","Locality: 153 PRINCE WILLIAM COUNTY",308800,"2025","04","VA"
"237499","Locality: 155 PULASKI COUNTY",23766,"2025","04","VA"
"237512","Locality: 157 RAPPAHANNOCK COUNTY",6087,"2025","04","VA"
"237518","Locality: 159 RICHMOND COUNTY",5616,"2025","04","VA"
"237523","Locality: 161 ROANOKE COUNTY",71966,"2025","04","VA"
"237556","Locality: 163 ROCKBRIDGE COUNTY",16600,"2025","04","VA"
"237573","Locality: 165 ROCKINGHAM COUNTY",58311,"2025","04","VA"
"237602","Locality: 167 RUSSELL COUNTY",19053,"2025","04","VA"
"237617","Locality: 169 SCOTT COUNTY",15884,"2025","04","VA"
"237634","Locality: 171 SHENANDOAH COUNTY",32540,"2025","04","VA"
"237648","Locality: 173 SMYTH COUNTY",20238,"2025","04","VA"
"237660","Locality: 175 SOUTHAMPTON COUNTY",13050,"2025","04","VA"
"237671","Locality: 177 SPOTSYLVANIA COUNTY",107588,"2025","04","VA"
"237700","Locality: 179 STAFFORD COUNTY",111803,"2025","04","VA"
"237737","Locality: 181 SURRY COUNTY",5621,"2025","04","VA"
"237743","Locality: 183 SUSSEX COUNTY",6982,"2025","04","VA"
"237753","Locality: 185 TAZEWELL COUNTY",25914,"2025","04","VA"
"237773","Locality: 187 WARREN COUNTY",30674,"2025","04","VA"
"237784","Locality: 191 WASHINGTON COUNTY",39526,"2025","04","VA"
"237803","Locality: 193 WESTMORELAND COUNTY",14634,"2025","04","VA"
"237811","Locality: 195 WISE COUNTY",24808,"2025","04","VA"
"237823","Locality: 197 WYTHE COUNTY",21177,"2025","04","VA"
"237834","Locality: 199 YORK COUNTY",50748,"2025","04","VA"
"237847","Locality: 510 ALEXANDRIA CITY",100337,"2025","04","VA"
"237879","Locality: 520 BRISTOL CITY",11499,"2025","04","VA"
"237884","Locality: 530 BUENA VISTA CITY",4207,"2025","04","VA"
"237886","Locality: 540 CHARLOTTESVILLE CITY",32982,"2025","04","VA"
"237895","Locality: 550 CHESAPEAKE CITY",175626,"2025","04","VA"
"237959","Locality: 570 COLONIAL HEIGHTS CITY",12554,"2025","04","VA"
"237964","Locality: 580 COVINGTON CITY",3721,"2025","04","VA"
"237969","Locality: 590 DANVILLE CITY",26997,"2025","04","VA"
"237985","Locality: 595 EMPORIA CITY",3807,"2025","04","VA"
"237992","Locality: 600 FAIRFAX CITY",17720,"2025","04","VA"
"237998","Locality: 610 FALLS CHURCH CITY",10934,"2025","04","VA"
"238001","Locality: 620 FRANKLIN CITY",5877,"2025","04","VA"
"238007","Locality: 630 FREDERICKSBURG CITY",19447,"2025","04","VA"
"238012","Locality: 640 GALAX CITY",4016,"2025","04","VA"
"238014","Locality: 650 HAMPTON CITY",95689,"2025","04","VA"
"238044","Locality: 660 HARRISONBURG CITY",25251,"2025","04","VA"
"238052","Locality: 670 HOPEWELL CITY",15359,"2025","04","VA"
"238059","Locality: 678 LEXINGTON CITY",3723,"2025","04","VA"
"238060","Locality: 680 LYNCHBURG CITY",54749,"2025","04","VA"
"238078","Locality: 683 MANASSAS CITY",22671,"2025","04","VA"
"238084","Locality: 685 MANASSAS PARK CITY",9101,"2025","04","VA"
"238087","Locality: 690 MARTINSVILLE CITY",8521,"2025","04","VA"
"238093","Locality: 700 NEWPORT NEWS CITY",116337,"2025","04","VA"
"238136","Locality: 710 NORFOLK CITY",134806,"2025","04","VA"
"238184","Locality: 720 NORTON CITY",2572,"2025","04","VA"
"238185","Locality: 730 PETERSBURG CITY",22404,"2025","04","VA"
"238192","Locality: 735 POQUOSON CITY",9810,"2025","04","VA"
"238195","Locality: 740 PORTSMOUTH CITY",65841,"2025","04","VA"
"238226","Locality: 750 RADFORD CITY",8804,"2025","04","VA"
"238230","Locality: 760 RICHMOND CITY",151805,"2025","04","VA"
"238302","Locality: 770 ROANOKE CITY",62304,"2025","04","VA"
"238322","Locality: 775 SALEM CITY",17146,"2025","04","VA"
"238332","Locality: 790 STAUNTON CITY",18211,"2025","04","VA"
"238337","Locality: 800 SUFFOLK CITY",72147,"2025","04","VA"
"238367","Locality: 810 VIRGINIA BEACH CITY",320901,"2025","04","VA"
"238475","Locality: 820 WAYNESBORO CITY",15419,"2025","04","VA"
"238479","Locality: 830 WILLIAMSBURG CITY",10047,"2025","04","VA"
"238481","Locality: 840 WINCHESTER CITY",16974,"2025","04","VA"
"238487","Locality: 001 ACCOMACK COUNTY",25055,"2025","05","VA"
"238503","Locality: 003 ALBEMARLE COUNTY",84501,"2025","05","VA"
"238533","Locality: 005 ALLEGHANY COUNTY",10943,"2025","05","VA"
"238545","Locality: 007 AMELIA COUNTY",10329,"2025","05","VA"
"238550","Locality: 009 AMHERST COUNTY",23044,"2025","05","VA"
"238561","Locality: 011 APPOMATTOX COUNTY",12417,"2025","05","VA"
"238570","Locality: 013 ARLINGTON COUNTY",168321,"2025","05","VA"
"238624","Locality: 015 AUGUSTA COUNTY",56206,"2025","05","VA"
"238652","Locality: 017 BATH COUNTY",3312,"2025","05","VA"
"238659","Locality: 019 BEDFORD COUNTY",63850,"2025","05","VA"
"238691","Locality: 021 BLAND COUNTY",4409,"2025","05","VA"
"238698","Locality: 023 BOTETOURT COUNTY",26656,"2025","05","VA"
"238708","Locality: 025 BRUNSWICK COUNTY",11018,"2025","05","VA"
"238721","Locality: 027 BUCHANAN COUNTY",14093,"2025","05","VA"
"238739","Locality: 029 BUCKINGHAM COUNTY",10995,"2025","05","VA"
"238749","Locality: 031 CAMPBELL COUNTY",41367,"2025","05","VA"
"238765","Locality: 033 CAROLINE COUNTY",23749,"2025","05","VA"
"238778","Locality: 035 CARROLL COUNTY",21717,"2025","05","VA"
"238794","Locality: 036 CHARLES CITY COUNTY",5774,"2025","05","VA"
"238797","Locality: 037 CHARLOTTE COUNTY",8235,"2025","05","VA"
"238804","Locality: 041 CHESTERFIELD COUNTY",270924,"2025","05","VA"
"238882","Locality: 043 CLARKE COUNTY",12151,"2025","05","VA"
"238889","Locality: 045 CRAIG COUNTY",3880,"2025","05","VA"
"238897","Locality: 047 CULPEPER COUNTY",37891,"2025","05","VA"
"238912","Locality: 049 CUMBERLAND COUNTY",7621,"2025","05","VA"
"238917","Locality: 051 DICKENSON COUNTY",9645,"2025","05","VA"
"238928","Locality: 053 DINWIDDIE COUNTY",21125,"2025","05","VA"
"238941","Locality: 057 ESSEX COUNTY",8172,"2025","05","VA"
"238945","Locality: 059 FAIRFAX COUNTY",759666,"2025","05","VA"
"239209","Locality: 061 FAUQUIER COUNTY",55790,"2025","05","VA"
"239233","Locality: 063 FLOYD COUNTY",11920,"2025","05","VA"
"239238","Locality: 065 FLUVANNA COUNTY",21275,"2025","05","VA"
"239243","Locality: 067 FRANKLIN COUNTY",40260,"2025","05","VA"
"239266","Locality: 069 FREDERICK COUNTY",68725,"2025","05","VA"
"239295","Locality: 071 GILES COUNTY",12066,"2025","05","VA"
"239303","Locality: 073 GLOUCESTER COUNTY",30408,"2025","05","VA"
"239314","Locality: 075 GOOCHLAND COUNTY",23350,"2025","05","VA"
"239325","Locality: 077 GRAYSON COUNTY",10798,"2025","05","VA"
"239340","Locality: 079 GREENE COUNTY",15614,"2025","05","VA"
"239346","Locality: 081 GREENSVILLE COUNTY",6314,"2025","05","VA"
"239355","Locality: 083 HALIFAX COUNTY",24980,"2025","05","VA"
"239375","Locality: 085 HANOVER COUNTY",87572,"2025","05","VA"
"239411","Locality: 087 HENRICO COUNTY",240419,"2025","05","VA"
"239501","Locality: 089 HENRY COUNTY",35546,"2025","05","VA"
"239525","Locality: 091 HIGHLAND COUNTY",1851,"2025","05","VA"
"239530","Locality: 093 ISLE OF WIGHT COUNTY",31614,"2025","05","VA"
"239547","Locality: 095 JAMES CITY COUNTY",63448,"2025","05","VA"
"239565","Locality: 097 KING & QUEEN COUNTY",5373,"2025","05","VA"
"239570","Locality: 099 KING GEORGE COUNTY",20309,"2025","05","VA"
"239575","Locality: 101 KING WILLIAM COUNTY",14533,"2025","05","VA"
"239581","Locality: 103 LANCASTER COUNTY",9201,"2025","05","VA"
"239587","Locality: 105 LEE COUNTY",15358,"2025","05","VA"
"239603","Locality: 107 LOUDOUN COUNTY",289728,"2025","05","VA"
"239710","Locality: 109 LOUISA COUNTY",30958,"2025","05","VA"
"239724","Locality: 111 LUNENBURG COUNTY",8006,"2025","05","VA"
"239735","Locality: 113 MADISON COUNTY",10529,"2025","05","VA"
"239743","Locality: 115 MATHEWS COUNTY",7334,"2025","05","VA"
"239746","Locality: 117 MECKLENBURG COUNTY",22202,"2025","05","VA"
"239768","Locality: 119 MIDDLESEX COUNTY",8581,"2025","05","VA"
"239774","Locality: 121 MONTGOMERY COUNTY",61071,"2025","05","VA"
"239803","Locality: 125 NELSON COUNTY",11732,"2025","05","VA"
"239812","Locality: 127 NEW KENT COUNTY",20485,"2025","05","VA"
"239822","Locality: 131 NORTHAMPTON COUNTY",9562,"2025","05","VA"
"239827","Locality: 133 NORTHUMBERLAND COUNTY",10245,"2025","05","VA"
"239832","Locality: 135 NOTTOWAY COUNTY",9465,"2025","05","VA"
"239839","Locality: 137 ORANGE COUNTY",29218,"2025","05","VA"
"239851","Locality: 139 PAGE COUNTY",17436,"2025","05","VA"
"239856","Locality: 141 PATRICK COUNTY",13054,"2025","05","VA"
"239869","Locality: 143 PITTSYLVANIA COUNTY",44972,"2025","05","VA"
"239898","Locality: 145 POWHATAN COUNTY",24721,"2025","05","VA"
"239910","Locality: 147 PRINCE EDWARD COUNTY",13457,"2025","05","VA"
"239920","Locality: 149 PRINCE GEORGE COUNTY",24507,"2025","05","VA"
"239930","Locality: 153 PRINCE WILLIAM COUNTY",309358,"2025","05","VA"
"240033","Locality: 155 PULASKI COUNTY",23779,"2025","05","VA"
"240046","Locality: 157 RAPPAHANNOCK COUNTY",6100,"2025","05","VA"
"240052","Locality: 159 RICHMOND COUNTY",5628,"2025","05","VA"
"240057","Locality: 161 ROANOKE COUNTY",72049,"2025","05","VA"
"240090","Locality: 163 ROCKBRIDGE COUNTY",16629,"2025","05","VA"
"240107","Locality: 165 ROCKINGHAM COUNTY",58365,"2025","05","VA"
"240136","Locality: 167 RUSSELL COUNTY",19038,"2025","05","VA"
"240151","Locality: 169 SCOTT COUNTY",15901,"2025","05","VA"
"240168","Locality: 171 SHENANDOAH COUNTY",32610,"2025","05","VA"
"240182","Locality: 173 SMYTH COUNTY",20288,"2025","05","VA"
"240194","Locality: 175 SOUTHAMPTON COUNTY",13065,"2025","05","VA"
"240205","Locality: 177 SPOTSYLVANIA COUNTY",107844,"2025","05","VA"
"240234","Locality: 179 STAFFORD COUNTY",111996,"2025","05","VA"
"240271","Locality: 181 SURRY COUNTY",5621,"2025","05","VA"
"240277","Locality: 183 SUSSEX COUNTY",6999,"2025","05","VA"
"240287","Locality: 185 TAZEWELL COUNTY",25966,"2025","05","VA"
"240306","Locality: 187 WARREN COUNTY",30698,"2025","05","VA"
"240317","Locality: 191 WASHINGTON COUNTY",39537,"2025","05","VA"
"240336","Locality: 193 WESTMORELAND COUNTY",14672,"2025","05","VA"
"240344","Locality: 195 WISE COUNTY",24818,"2025","05","VA"
"240356","Locality: 197 WYTHE COUNTY",21179,"2025","05","VA"
"240367","Locality: 199 YORK COUNTY",50842,"2025","05","VA"
"240380","Locality: 510 ALEXANDRIA CITY",100730,"2025","05","VA"
"240412","Locality: 520 BRISTOL CITY",11537,"2025","05","VA"
"240417","Locality: 530 BUENA VISTA CITY",4204,"2025","05","VA"
"240419","Locality: 540 CHARLOTTESVILLE CITY",32960,"2025","05","VA"
"240428","Locality: 550 CHESAPEAKE CITY",175924,"2025","05","VA"
"240492","Locality: 570 COLONIAL HEIGHTS CITY",12588,"2025","05","VA"
"240497","Locality: 580 COVINGTON CITY",3729,"2025","05","VA"
"240502","Locality: 590 DANVILLE CITY",27073,"2025","05","VA"
"240518","Locality: 595 EMPORIA CITY",3803,"2025","05","VA"
"240525","Locality: 600 FAIRFAX CITY",17740,"2025","05","VA"
"240531","Locality: 610 FALLS CHURCH CITY",11002,"2025","05","VA"
"240534","Locality: 620 FRANKLIN CITY",5879,"2025","05","VA"
"240540","Locality: 630 FREDERICKSBURG CITY",19476,"2025","05","VA"
"240545","Locality: 640 GALAX CITY",4018,"2025","05","VA"
"240547","Locality: 650 HAMPTON CITY",95965,"2025","05","VA"
"240577","Locality: 660 HARRISONBURG CITY",25230,"2025","05","VA"
"240585","Locality: 670 HOPEWELL CITY",15422,"2025","05","VA"
"240592","Locality: 678 LEXINGTON CITY",3725,"2025","05","VA"
"240593","Locality: 680 LYNCHBURG CITY",54858,"2025","05","VA"
"240611","Locality: 683 MANASSAS CITY",22714,"2025","05","VA"
"240617","Locality: 685 MANASSAS PARK CITY",9106,"2025","05","VA"
"240620","Locality: 690 MARTINSVILLE CITY",8541,"2025","05","VA"
"240626","Locality: 700 NEWPORT NEWS CITY",116866,"2025","05","VA"
"240669","Locality: 710 NORFOLK CITY",135192,"2025","05","VA"
"240717","Locality: 720 NORTON CITY",2573,"2025","05","VA"
"240718","Locality: 730 PETERSBURG CITY",22495,"2025","05","VA"
"240725","Locality: 735 POQUOSON CITY",9835,"2025","05","VA"
"240728","Locality: 740 PORTSMOUTH CITY",65999,"2025","05","VA"
"240759","Locality: 750 RADFORD CITY",8826,"2025","05","VA"
"240763","Locality: 760 RICHMOND CITY",152146,"2025","05","VA"
"240835","Locality: 770 ROANOKE CITY",62402,"2025","05","VA"
"240855","Locality: 775 SALEM CITY",17140,"2025","05","VA"
"240865","Locality: 790 STAUNTON CITY",18277,"2025","05","VA"
"240870","Locality: 800 SUFFOLK CITY",72368,"2025","05","VA"
"240900","Locality: 810 VIRGINIA BEACH CITY",321452,"2025","05","VA"
"241008","Locality: 820 WAYNESBORO CITY",15477,"2025","05","VA"
"241012","Locality: 830 WILLIAMSBURG CITY",10059,"2025","05","VA"
"241014","Locality: 840 WINCHESTER CITY",17026,"2025","05","VA"
"241020","Locality: 001 ACCOMACK COUNTY",25080,"2025","06","VA"
"241036","Locality: 003 ALBEMARLE COUNTY",84758,"2025","06","VA"
"241066","Locality: 005 ALLEGHANY COUNTY",10975,"2025","06","VA"
"241078","Locality: 007 AMELIA COUNTY",10334,"2025","06","VA"
"241083","Locality: 009 AMHERST COUNTY",23080,"2025","06","VA"
"241094","Locality: 011 APPOMATTOX COUNTY",12455,"2025","06","VA"
"241103","Locality: 013 ARLINGTON COUNTY",168668,"2025","06","VA"
"241157","Locality: 015 AUGUSTA COUNTY",56289,"2025","06","VA"
"241185","Locality: 017 BATH COUNTY",3313,"2025","06","VA"
"241192","Locality: 019 BEDFORD COUNTY",63922,"2025","06","VA"
"241224","Locality: 021 BLAND COUNTY",4413,"2025","06","VA"
"241231","Locality: 023 BOTETOURT COUNTY",26697,"2025","06","VA"
"241241","Locality: 025 BRUNSWICK COUNTY",11033,"2025","06","VA"
"241254","Locality: 027 BUCHANAN COUNTY",14093,"2025","06","VA"
"241272","Locality: 029 BUCKINGHAM COUNTY",11005,"2025","06","VA"
"241282","Locality: 031 CAMPBELL COUNTY",41440,"2025","06","VA"
"241298","Locality: 033 CAROLINE COUNTY",23818,"2025","06","VA"
"241311","Locality: 035 CARROLL COUNTY",21733,"2025","06","VA"
"241327","Locality: 036 CHARLES CITY COUNTY",5773,"2025","06","VA"
"241330","Locality: 037 CHARLOTTE COUNTY",8235,"2025","06","VA"
"241337","Locality: 041 CHESTERFIELD COUNTY",271577,"2025","06","VA"
"241415","Locality: 043 CLARKE COUNTY",12150,"2025","06","VA"
"241422","Locality: 045 CRAIG COUNTY",3871,"2025","06","VA"
"241430","Locality: 047 CULPEPER COUNTY",37942,"2025","06","VA"
"241445","Locality: 049 CUMBERLAND COUNTY",7631,"2025","06","VA"
"241450","Locality: 051 DICKENSON COUNTY",9650,"2025","06","VA"
"241461","Locality: 053 DINWIDDIE COUNTY",21152,"2025","06","VA"
"241474","Locality: 057 ESSEX COUNTY",8205,"2025","06","VA"
"241478","Locality: 059 FAIRFAX COUNTY",760986,"2025","06","VA"
"241742","Locality: 061 FAUQUIER COUNTY",55875,"2025","06","VA"
"241766","Locality: 063 FLOYD COUNTY",11941,"2025","06","VA"
"241771","Locality: 065 FLUVANNA COUNTY",21320,"2025","06","VA"
"241776","Locality: 067 FRANKLIN COUNTY",40312,"2025","06","VA"
"241799","Locality: 069 FREDERICK COUNTY",68928,"2025","06","VA"
"241828","Locality: 071 GILES COUNTY",12068,"2025","06","VA"
"241836","Locality: 073 GLOUCESTER COUNTY",30424,"2025","06","VA"
"241847","Locality: 075 GOOCHLAND COUNTY",23425,"2025","06","VA"
"241858","Locality: 077 GRAYSON COUNTY",10807,"2025","06","VA"
"241873","Locality: 079 GREENE COUNTY",15648,"2025","06","VA"
"241879","Locality: 081 GREENSVILLE COUNTY",6318,"2025","06","VA"
"241888","Locality: 083 HALIFAX COUNTY",24995,"2025","06","VA"
"241908","Locality: 085 HANOVER COUNTY",87655,"2025","06","VA"
"241944","Locality: 087 HENRICO COUNTY",240939,"2025","06","VA"
"242034","Locality: 089 HENRY COUNTY",35599,"2025","06","VA"
"242058","Locality: 091 HIGHLAND COUNTY",1845,"2025","06","VA"
"242063","Locality: 093 ISLE OF WIGHT COUNTY",31664,"2025","06","VA"
"242080","Locality: 095 JAMES CITY COUNTY",63547,"2025","06","VA"
"242098","Locality: 097 KING & QUEEN COUNTY",5369,"2025","06","VA"
"242103","Locality: 099 KING GEORGE COUNTY",20378,"2025","06","VA"
"242108","Locality: 101 KING WILLIAM COUNTY",14568,"2025","06","VA"
"242114","Locality: 103 LANCASTER COUNTY",9219,"2025","06","VA"
"242120","Locality: 105 LEE COUNTY",15400,"2025","06","VA"
"242136","Locality: 107 LOUDOUN COUNTY",290358,"2025","06","VA"
"242243","Locality: 109 LOUISA COUNTY",31000,"2025","06","VA"
"242257","Locality: 111 LUNENBURG COUNTY",8023,"2025","06","VA"
"242268","Locality: 113 MADISON COUNTY",10546,"2025","06","VA"
"242276","Locality: 115 MATHEWS COUNTY",7352,"2025","06","VA"
"242279","Locality: 117 MECKLENBURG COUNTY",22242,"2025","06","VA"
"242301","Locality: 119 MIDDLESEX COUNTY",8601,"2025","06","VA"
"242307","Locality: 121 MONTGOMERY COUNTY",61055,"2025","06","VA"
"242336","Locality: 125 NELSON COUNTY",11746,"2025","06","VA"
"242345","Locality: 127 NEW KENT COUNTY",20561,"2025","06","VA"
"242355","Locality: 131 NORTHAMPTON COUNTY",9580,"2025","06","VA"
"242360","Locality: 133 NORTHUMBERLAND COUNTY",10262,"2025","06","VA"
"242365","Locality: 135 NOTTOWAY COUNTY",9484,"2025","06","VA"
"242372","Locality: 137 ORANGE COUNTY",29270,"2025","06","VA"
"242384","Locality: 139 PAGE COUNTY",17516,"2025","06","VA"
"242389","Locality: 141 PATRICK COUNTY",13078,"2025","06","VA"
"242402","Locality: 143 PITTSYLVANIA COUNTY",45037,"2025","06","VA"
"242431","Locality: 145 POWHATAN COUNTY",24755,"2025","06","VA"
"242443","Locality: 147 PRINCE EDWARD COUNTY",13475,"2025","06","VA"
"242453","Locality: 149 PRINCE GEORGE COUNTY",24540,"2025","06","VA"
"242463","Locality: 153 PRINCE WILLIAM COUNTY",310060,"2025","06","VA"
"242566","Locality: 155 PULASKI COUNTY",23799,"2025","06","VA"
"242579","Locality: 157 RAPPAHANNOCK COUNTY",6106,"2025","06","VA"
"242585","Locality: 159 RICHMOND COUNTY",5638,"2025","06","VA"
"242590","Locality: 161 ROANOKE COUNTY",72117,"2025","06","VA"
"242623","Locality: 163 ROCKBRIDGE COUNTY",16669,"2025","06","VA"
"242640","Locality: 165 ROCKINGHAM COUNTY",58442,"2025","06","VA"
"242669","Locality: 167 RUSSELL COUNTY",19071,"2025","06","VA"
"242684","Locality: 169 SCOTT COUNTY",15891,"2025","06","VA"
"242701","Locality: 171 SHENANDOAH COUNTY",32658,"2025","06","VA"
"242715","Locality: 173 SMYTH COUNTY",20328,"2025","06","VA"
"242727","Locality: 175 SOUTHAMPTON COUNTY",13067,"2025","06","VA"
"242738","Locality: 177 SPOTSYLVANIA COUNTY",108103,"2025","06","VA"
"242767","Locality: 179 STAFFORD COUNTY",112254,"2025","06","VA"
"242804","Locality: 181 SURRY COUNTY",5634,"2025","06","VA"
"242810","Locality: 183 SUSSEX COUNTY",7011,"2025","06","VA"
"242820","Locality: 185 TAZEWELL COUNTY",26002,"2025","06","VA"
"242839","Locality: 187 WARREN COUNTY",30752,"2025","06","VA"
"242850","Locality: 191 WASHINGTON COUNTY",39625,"2025","06","VA"
"242869","Locality: 193 WESTMORELAND COUNTY",14699,"2025","06","VA"
"242877","Locality: 195 WISE COUNTY",24843,"2025","06","VA"
"242889","Locality: 197 WYTHE COUNTY",21215,"2025","06","VA"
"242900","Locality: 199 YORK COUNTY",50959,"2025","06","VA"
"242913","Locality: 510 ALEXANDRIA CITY",101085,"2025","06","VA"
"242945","Locality: 520 BRISTOL CITY",11561,"2025","06","VA"
"242950","Locality: 530 BUENA VISTA CITY",4214,"2025","06","VA"
"242952","Locality: 540 CHARLOTTESVILLE CITY",32900,"2025","06","VA"
"242961","Locality: 550 CHESAPEAKE CITY",176355,"2025","06","VA"
"243025","Locality: 570 COLONIAL HEIGHTS CITY",12596,"2025","06","VA"
"243030","Locality: 580 COVINGTON CITY",3731,"2025","06","VA"
"243035","Locality: 590 DANVILLE CITY",27115,"2025","06","VA"
"243051","Locality: 595 EMPORIA CITY",3816,"2025","06","VA"
"243058","Locality: 600 FAIRFAX CITY",17783,"2025","06","VA"
"243064","Locality: 610 FALLS CHURCH CITY",11045,"2025","06","VA"
"243067","Locality: 620 FRANKLIN CITY",5894,"2025","06","VA"
"243073","Locality: 630 FREDERICKSBURG CITY",19533,"2025","06","VA"
"243078","Locality: 640 GALAX CITY",4033,"2025","06","VA"
"243080","Locality: 650 HAMPTON CITY",96108,"2025","06","VA"
"243110","Locality: 660 HARRISONBURG CITY",25229,"2025","06","VA"
"243118","Locality: 670 HOPEWELL CITY",15515,"2025","06","VA"
"243125","Locality: 678 LEXINGTON CITY",3723,"2025","06","VA"
"243126","Locality: 680 LYNCHBURG CITY",54936,"2025","06","VA"
"243144","Locality: 683 MANASSAS CITY",22779,"2025","06","VA"
"243150","Locality: 685 MANASSAS PARK CITY",9164,"2025","06","VA"
"243153","Locality: 690 MARTINSVILLE CITY",8552,"2025","06","VA"
"243159","Locality: 700 NEWPORT NEWS CITY",117338,"2025","06","VA"
"243202","Locality: 710 NORFOLK CITY",135558,"2025","06","VA"
"243250","Locality: 720 NORTON CITY",2579,"2025","06","VA"
"243251","Locality: 730 PETERSBURG CITY",22600,"2025","06","VA"
"243258","Locality: 735 POQUOSON CITY",9873,"2025","06","VA"
"243261","Locality: 740 PORTSMOUTH CITY",66257,"2025","06","VA"
"243292","Locality: 750 RADFORD CITY",8834,"2025","06","VA"
"243296","Locality: 760 RICHMOND CITY",152304,"2025","06","VA"
"243368","Locality: 770 ROANOKE CITY",62600,"2025","06","VA"
"243388","Locality: 775 SALEM CITY",17133,"2025","06","VA"
"243398","Locality: 790 STAUNTON CITY",18328,"2025","06","VA"
"243403","Locality: 800 SUFFOLK CITY",72618,"2025","06","VA"
"243433","Locality: 810 VIRGINIA BEACH CITY",322032,"2025","06","VA"
"243541","Locality: 820 WAYNESBORO CITY",15516,"2025","06","VA"
"243545","Locality: 830 WILLIAMSBURG CITY",10061,"2025","06","VA"
"243547","Locality: 840 WINCHESTER CITY",17098,"2025","06","VA"
"243553","Locality: 001 ACCOMACK COUNTY",25122,"2025","07","VA"
"243569","Locality: 003 ALBEMARLE COUNTY",84919,"2025","07","VA"
"243599","Locality: 005 ALLEGHANY COUNTY",10988,"2025","07","VA"
"243611","Locality: 007 AMELIA COUNTY",10348,"2025","07","VA"
"243616","Locality: 009 AMHERST COUNTY",23137,"2025","07","VA"
"243627","Locality: 011 APPOMATTOX COUNTY",12471,"2025","07","VA"
"243635","Locality: 013 ARLINGTON COUNTY",169261,"2025","07","VA"
"243689","Locality: 015 AUGUSTA COUNTY",56419,"2025","07","VA"
"243717","Locality: 017 BATH COUNTY",3309,"2025","07","VA"
"243724","Locality: 019 BEDFORD COUNTY",64038,"2025","07","VA"
"243756","Locality: 021 BLAND COUNTY",4426,"2025","07","VA"
"243763","Locality: 023 BOTETOURT COUNTY",26764,"2025","07","VA"
"243773","Locality: 025 BRUNSWICK COUNTY",11060,"2025","07","VA"
"243786","Locality: 027 BUCHANAN COUNTY",14093,"2025","07","VA"
"243804","Locality: 029 BUCKINGHAM COUNTY",11035,"2025","07","VA"
"243814","Locality: 031 CAMPBELL COUNTY",41531,"2025","07","VA"
"243830","Locality: 033 CAROLINE COUNTY",23897,"2025","07","VA"
"243843","Locality: 035 CARROLL COUNTY",21771,"2025","07","VA"
"243859","Locality: 036 CHARLES CITY COUNTY",5759,"2025","07","VA"
"243862","Locality: 037 CHARLOTTE COUNTY",8247,"2025","07","VA"
"243869","Locality: 041 CHESTERFIELD COUNTY",272676,"2025","07","VA"
"243947","Locality: 043 CLARKE COUNTY",12162,"2025","07","VA"
"243954","Locality: 045 CRAIG COUNTY",3864,"2025","07","VA"
"243962","Locality: 047 CULPEPER COUNTY",38031,"2025","07","VA"
"243977","Locality: 049 CUMBERLAND COUNTY",7652,"2025","07","VA"
"243982","Locality: 051 DICKENSON COUNTY",9639,"2025","07","VA"
"243993","Locality: 053 DINWIDDIE COUNTY",21194,"2025","07","VA"
"244006","Locality: 057 ESSEX COUNTY",8221,"2025","07","VA"
"244010","Locality: 059 FAIRFAX COUNTY",762936,"2025","07","VA"
"244274","Locality: 061 FAUQUIER COUNTY",56041,"2025","07","VA"
"244298","Locality: 063 FLOYD COUNTY",11960,"2025","07","VA"
"244303","Locality: 065 FLUVANNA COUNTY",21376,"2025","07","VA"
"244308","Locality: 067 FRANKLIN COUNTY",40348,"2025","07","VA"
"244331","Locality: 069 FREDERICK COUNTY",69213,"2025","07","VA"
"244360","Locality: 071 GILES COUNTY",12086,"2025","07","VA"
"244368","Locality: 073 GLOUCESTER COUNTY",30358,"2025","07","VA"
"244379","Locality: 075 GOOCHLAND COUNTY",23527,"2025","07","VA"
"244390","Locality: 077 GRAYSON COUNTY",10804,"2025","07","VA"
"244405","Locality: 079 GREENE COUNTY",15694,"2025","07","VA"
"244411","Locality: 081 GREENSVILLE COUNTY",6335,"2025","07","VA"
"244420","Locality: 083 HALIFAX COUNTY",25021,"2025","07","VA"
"244440","Locality: 085 HANOVER COUNTY",87884,"2025","07","VA"
"244476","Locality: 087 HENRICO COUNTY",240602,"2025","07","VA"
"244566","Locality: 089 HENRY COUNTY",35617,"2025","07","VA"
"244590","Locality: 091 HIGHLAND COUNTY",1851,"2025","07","VA"
"244595","Locality: 093 ISLE OF WIGHT COUNTY",31746,"2025","07","VA"
"244612","Locality: 095 JAMES CITY COUNTY",63748,"2025","07","VA"
"244630","Locality: 097 KING & QUEEN COUNTY",5389,"2025","07","VA"
"244635","Locality: 099 KING GEORGE COUNTY",20420,"2025","07","VA"
"244640","Locality: 101 KING WILLIAM COUNTY",14607,"2025","07","VA"
"244646","Locality: 103 LANCASTER COUNTY",9220,"2025","07","VA"
"244652","Locality: 105 LEE COUNTY",15383,"2025","07","VA"
"244668","Locality: 107 LOUDOUN COUNTY",290697,"2025","07","VA"
"244775","Locality: 109 LOUISA COUNTY",31060,"2025","07","VA"
"244789","Locality: 111 LUNENBURG COUNTY",8028,"2025","07","VA"
"244800","Locality: 113 MADISON COUNTY",10569,"2025","07","VA"
"244808","Locality: 115 MATHEWS COUNTY",7375,"2025","07","VA"
"244811","Locality: 117 MECKLENBURG COUNTY",22286,"2025","07","VA"
"244833","Locality: 119 MIDDLESEX COUNTY",8602,"2025","07","VA"
"244839","Locality: 121 MONTGOMERY COUNTY",61003,"2025","07","VA"
"244868","Locality: 125 NELSON COUNTY",11774,"2025","07","VA"
"244877","Locality: 127 NEW KENT COUNTY",20677,"2025","07","VA"
"244887","Locality: 131 NORTHAMPTON COUNTY",9592,"2025","07","VA"
"244892","Locality: 133 NORTHUMBERLAND COUNTY",10264,"2025","07","VA"
"244897","Locality: 135 NOTTOWAY COUNTY",9508,"2025","07","VA"
"244904","Locality: 137 ORANGE COUNTY",29385,"2025","07","VA"
"244916","Locality: 139 PAGE COUNTY",17489,"2025","07","VA"
"244921","Locality: 141 PATRICK COUNTY",13111,"2025","07","VA"
"244934","Locality: 143 PITTSYLVANIA COUNTY",45088,"2025","07","VA"
"244963","Locality: 145 POWHATAN COUNTY",24820,"2025","07","VA"
"244975","Locality: 147 PRINCE EDWARD COUNTY",13467,"2025","07","VA"
"244985","Locality: 149 PRINCE GEORGE COUNTY",24608,"2025","07","VA"
"244995","Locality: 153 PRINCE WILLIAM COUNTY",310028,"2025","07","VA"
"245098","Locality: 155 PULASKI COUNTY",23839,"2025","07","VA"
"245111","Locality: 157 RAPPAHANNOCK COUNTY",6118,"2025","07","VA"
"245117","Locality: 159 RICHMOND COUNTY",5661,"2025","07","VA"
"245122","Locality: 161 ROANOKE COUNTY",72242,"2025","07","VA"
"245155","Locality: 163 ROCKBRIDGE COUNTY",16698,"2025","07","VA"
"245172","Locality: 165 ROCKINGHAM COUNTY",58603,"2025","07","VA"
"245201","Locality: 167 RUSSELL COUNTY",19036,"2025","07","VA"
"245216","Locality: 169 SCOTT COUNTY",15934,"2025","07","VA"
"245233","Locality: 171 SHENANDOAH COUNTY",32767,"2025","07","VA"
"245247","Locality: 173 SMYTH COUNTY",20351,"2025","07","VA"
"245259","Locality: 175 SOUTHAMPTON COUNTY",13084,"2025","07","VA"
"245270","Locality: 177 SPOTSYLVANIA COUNTY",108454,"2025","07","VA"
"245299","Locality: 179 STAFFORD COUNTY",112571,"2025","07","VA"
"245336","Locality: 181 SURRY COUNTY",5642,"2025","07","VA"
"245342","Locality: 183 SUSSEX COUNTY",7021,"2025","07","VA"
"245352","Locality: 185 TAZEWELL COUNTY",26066,"2025","07","VA"
"245371","Locality: 187 WARREN COUNTY",30845,"2025","07","VA"
"245382","Locality: 191 WASHINGTON COUNTY",39687,"2025","07","VA"
"245401","Locality: 193 WESTMORELAND COUNTY",14766,"2025","07","VA"
"245409","Locality: 195 WISE COUNTY",24906,"2025","07","VA"
"245421","Locality: 197 WYTHE COUNTY",21256,"2025","07","VA"
"245432","Locality: 199 YORK COUNTY",51112,"2025","07","VA"
"245445","Locality: 510 ALEXANDRIA CITY",101524,"2025","07","VA"
"245477","Locality: 520 BRISTOL CITY",11603,"2025","07","VA"
"245482","Locality: 530 BUENA VISTA CITY",4222,"2025","07","VA"
"245484","Locality: 540 CHARLOTTESVILLE CITY",32948,"2025","07","VA"
"245493","Locality: 550 CHESAPEAKE CITY",176938,"2025","07","VA"
"245557","Locality: 570 COLONIAL HEIGHTS CITY",12624,"2025","07","VA"
"245562","Locality: 580 COVINGTON CITY",3742,"2025","07","VA"
"245567","Locality: 590 DANVILLE CITY",27177,"2025","07","VA"
"245583","Locality: 595 EMPORIA CITY",3830,"2025","07","VA"
"245590","Locality: 600 FAIRFAX CITY",17840,"2025","07","VA"
"245596","Locality: 610 FALLS CHURCH CITY",11110,"2025","07","VA"
"245599","Locality: 620 FRANKLIN CITY",5913,"2025","07","VA"
"245605","Locality: 630 FREDERICKSBURG CITY",19519,"2025","07","VA"
"245610","Locality: 640 GALAX CITY",4047,"2025","07","VA"
"245612","Locality: 650 HAMPTON CITY",96165,"2025","07","VA"
"245642","Locality: 660 HARRISONBURG CITY",25169,"2025","07","VA"
"245650","Locality: 670 HOPEWELL CITY",15577,"2025","07","VA"
"245657","Locality: 678 LEXINGTON CITY",3727,"2025","07","VA"
"245658","Locality: 680 LYNCHBURG CITY",55041,"2025","07","VA"
"245676","Locality: 683 MANASSAS CITY",22842,"2025","07","VA"
"245682","Locality: 685 MANASSAS PARK CITY",9210,"2025","07","VA"
"245685","Locality: 690 MARTINSVILLE CITY",8592,"2025","07","VA"
"245691","Locality: 700 NEWPORT NEWS CITY",117392,"2025","07","VA"
"245734","Locality: 710 NORFOLK CITY",135569,"2025","07","VA"
"245782","Locality: 720 NORTON CITY",2590,"2025","07","VA"
"245783","Locality: 730 PETERSBURG CITY",22676,"2025","07","VA"
"245790","Locality: 735 POQUOSON CITY",9926,"2025","07","VA"
"245793","Locality: 740 PORTSMOUTH CITY",66453,"2025","07","VA"
"245824","Locality: 750 RADFORD CITY",8844,"2025","07","VA"
"245828","Locality: 760 RICHMOND CITY",152171,"2025","07","VA"
"245900","Locality: 770 ROANOKE CITY",62808,"2025","07","VA"
"245920","Locality: 775 SALEM CITY",17168,"2025","07","VA"
"245930","Locality: 790 STAUNTON CITY",18396,"2025","07","VA"
"245935","Locality: 800 SUFFOLK CITY",72505,"2025","07","VA"
"245965","Locality: 810 VIRGINIA BEACH CITY",322659,"2025","07","VA"
"246073","Locality: 820 WAYNESBORO CITY",15596,"2025","07","VA"
"246077","Locality: 830 WILLIAMSBURG CITY",10024,"2025","07","VA"
"246079","Locality: 840 WINCHESTER CITY",17179,"2025","07","VA"
"246085","Locality: 001 ACCOMACK COUNTY",24804,"2025","08","VA"
"246101","Locality: 003 ALBEMARLE COUNTY",83440,"2025","08","VA"
"246131","Locality: 005 ALLEGHANY COUNTY",10832,"2025","08","VA"
"246143","Locality: 007 AMELIA COUNTY",10240,"2025","08","VA"
"246148","Locality: 009 AMHERST COUNTY",22915,"2025","08","VA"
"246159","Locality: 011 APPOMATTOX COUNTY",12383,"2025","08","VA"
"246167","Locality: 013 ARLINGTON COUNTY",164989,"2025","08","VA"
"246221","Locality: 015 AUGUSTA COUNTY",55748,"2025","08","VA"
"246249","Locality: 017 BATH COUNTY",3281,"2025","08","VA"
"246256","Locality: 019 BEDFORD COUNTY",63301,"2025","08","VA"
"246288","Locality: 021 BLAND COUNTY",4363,"2025","08","VA"
"246295","Locality: 023 BOTETOURT COUNTY",26513,"2025","08","VA"
"246305","Locality: 025 BRUNSWICK COUNTY",10924,"2025","08","VA"
"246318","Locality: 027 BUCHANAN COUNTY",13944,"2025","08","VA"
"246336","Locality: 029 BUCKINGHAM COUNTY",10932,"2025","08","VA"
"246346","Locality: 031 CAMPBELL COUNTY",40913,"2025","08","VA"
"246362","Locality: 033 CAROLINE COUNTY",23685,"2025","08","VA"
"246375","Locality: 035 CARROLL COUNTY",21537,"2025","08","VA"
"246391","Locality: 036 CHARLES CITY COUNTY",5730,"2025","08","VA"
"246394","Locality: 037 CHARLOTTE COUNTY",8181,"2025","08","VA"
"246401","Locality: 041 CHESTERFIELD COUNTY",268998,"2025","08","VA"
"246479","Locality: 043 CLARKE COUNTY",11982,"2025","08","VA"
"246486","Locality: 045 CRAIG COUNTY",3822,"2025","08","VA"
"246494","Locality: 047 CULPEPER COUNTY",37515,"2025","08","VA"
"246509","Locality: 049 CUMBERLAND COUNTY",7577,"2025","08","VA"
"246514","Locality: 051 DICKENSON COUNTY",9536,"2025","08","VA"
"246525","Locality: 053 DINWIDDIE COUNTY",20925,"2025","08","VA"
"246538","Locality: 057 ESSEX COUNTY",8123,"2025","08","VA"
"246542","Locality: 059 FAIRFAX COUNTY",746528,"2025","08","VA"
"246807","Locality: 061 FAUQUIER COUNTY",55390,"2025","08","VA"
"246831","Locality: 063 FLOYD COUNTY",11837,"2025","08","VA"
"246836","Locality: 065 FLUVANNA COUNTY",21141,"2025","08","VA"
"246841","Locality: 067 FRANKLIN COUNTY",39734,"2025","08","VA"
"246864","Locality: 069 FREDERICK COUNTY",68303,"2025","08","VA"
"246893","Locality: 071 GILES COUNTY",11953,"2025","08","VA"
"246901","Locality: 073 GLOUCESTER COUNTY",30058,"2025","08","VA"
"246912","Locality: 075 GOOCHLAND COUNTY",23302,"2025","08","VA"
"246923","Locality: 077 GRAYSON COUNTY",10674,"2025","08","VA"
"246938","Locality: 079 GREENE COUNTY",15574,"2025","08","VA"
"246944","Locality: 081 GREENSVILLE COUNTY",6276,"2025","08","VA"
"246953","Locality: 083 HALIFAX COUNTY",24723,"2025","08","VA"
"246973","Locality: 085 HANOVER COUNTY",86634,"2025","08","VA"
"247009","Locality: 087 HENRICO COUNTY",237457,"2025","08","VA"
"247099","Locality: 089 HENRY COUNTY",35151,"2025","08","VA"
"247123","Locality: 091 HIGHLAND COUNTY",1833,"2025","08","VA"
"247128","Locality: 093 ISLE OF WIGHT COUNTY",31408,"2025","08","VA"
"247145","Locality: 095 JAMES CITY COUNTY",62871,"2025","08","VA"
"247163","Locality: 097 KING & QUEEN COUNTY",5336,"2025","08","VA"
"247168","Locality: 099 KING GEORGE COUNTY",20215,"2025","08","VA"
"247173","Locality: 101 KING WILLIAM COUNTY",14496,"2025","08","VA"
"247179","Locality: 103 LANCASTER COUNTY",9177,"2025","08","VA"
"247185","Locality: 105 LEE COUNTY",15199,"2025","08","VA"
"247201","Locality: 107 LOUDOUN COUNTY",287118,"2025","08","VA"
"247308","Locality: 109 LOUISA COUNTY",30776,"2025","08","VA"
"247322","Locality: 111 LUNENBURG COUNTY",7947,"2025","08","VA"
"247333","Locality: 113 MADISON COUNTY",10465,"2025","08","VA"
"247341","Locality: 115 MATHEWS COUNTY",7307,"2025","08","VA"
"247344","Locality: 117 MECKLENBURG COUNTY",22024,"2025","08","VA"
"247366","Locality: 119 MIDDLESEX COUNTY",8507,"2025","08","VA"
"247372","Locality: 121 MONTGOMERY COUNTY",59749,"2025","08","VA"
"247401","Locality: 125 NELSON COUNTY",11688,"2025","08","VA"
"247410","Locality: 127 NEW KENT COUNTY",20508,"2025","08","VA"
"247420","Locality: 131 NORTHAMPTON COUNTY",9554,"2025","08","VA"
"247425","Locality: 133 NORTHUMBERLAND COUNTY",10173,"2025","08","VA"
"247430","Locality: 135 NOTTOWAY COUNTY",9413,"2025","08","VA"
"247437","Locality: 137 ORANGE COUNTY",29045,"2025","08","VA"
"247449","Locality: 139 PAGE COUNTY",17331,"2025","08","VA"
"247454","Locality: 141 PATRICK COUNTY",12987,"2025","08","VA"
"247467","Locality: 143 PITTSYLVANIA COUNTY",44660,"2025","08","VA"
"247496","Locality: 145 POWHATAN COUNTY",24531,"2025","08","VA"
"247508","Locality: 147 PRINCE EDWARD COUNTY",13249,"2025","08","VA"
"247518","Locality: 149 PRINCE GEORGE COUNTY",24271,"2025","08","VA"
"247528","Locality: 153 PRINCE WILLIAM COUNTY",306205,"2025","08","VA"
"247631","Locality: 155 PULASKI COUNTY",23495,"2025","08","VA"
"247644","Locality: 157 RAPPAHANNOCK COUNTY",6079,"2025","08","VA"
"247650","Locality: 159 RICHMOND COUNTY",5586,"2025","08","VA"
"247655","Locality: 161 ROANOKE COUNTY",71189,"2025","08","VA"
"247688","Locality: 163 ROCKBRIDGE COUNTY",16531,"2025","08","VA"
"247705","Locality: 165 ROCKINGHAM COUNTY",57973,"2025","08","VA"
"247734","Locality: 167 RUSSELL COUNTY",18867,"2025","08","VA"
"247749","Locality: 169 SCOTT COUNTY",15776,"2025","08","VA"
"247766","Locality: 171 SHENANDOAH COUNTY",32364,"2025","08","VA"
"247780","Locality: 173 SMYTH COUNTY",20078,"2025","08","VA"
"247792","Locality: 175 SOUTHAMPTON COUNTY",12941,"2025","08","VA"
"247803","Locality: 177 SPOTSYLVANIA COUNTY",106997,"2025","08","VA"
"247832","Locality: 179 STAFFORD COUNTY",110793,"2025","08","VA"
"247869","Locality: 181 SURRY COUNTY",5593,"2025","08","VA"
"247875","Locality: 183 SUSSEX COUNTY",6948,"2025","08","VA"
"247885","Locality: 185 TAZEWELL COUNTY",25692,"2025","08","VA"
"247904","Locality: 187 WARREN COUNTY",29959,"2025","08","VA"
"247915","Locality: 191 WASHINGTON COUNTY",39218,"2025","08","VA"
"247934","Locality: 193 WESTMORELAND COUNTY",14595,"2025","08","VA"
"247942","Locality: 195 WISE COUNTY",24561,"2025","08","VA"
"247954","Locality: 197 WYTHE COUNTY",20996,"2025","08","VA"
"247965","Locality: 199 YORK COUNTY",50244,"2025","08","VA"
"247978","Locality: 510 ALEXANDRIA CITY",98817,"2025","08","VA"
"248010","Locality: 520 BRISTOL CITY",11386,"2025","08","VA"
"248015","Locality: 530 BUENA VISTA CITY",4143,"2025","08","VA"
"248017","Locality: 540 CHARLOTTESVILLE CITY",32116,"2025","08","VA"
"248026","Locality: 550 CHESAPEAKE CITY",173911,"2025","08","VA"
"248090","Locality: 570 COLONIAL HEIGHTS CITY",12342,"2025","08","VA"
"248095","Locality: 580 COVINGTON CITY",3695,"2025","08","VA"
"248100","Locality: 590 DANVILLE CITY",26600,"2025","08","VA"
"248116","Locality: 595 EMPORIA CITY",3771,"2025","08","VA"
"248123","Locality: 600 FAIRFAX CITY",17555,"2025","08","VA"
"248129","Locality: 610 FALLS CHURCH CITY",10980,"2025","08","VA"
"248132","Locality: 620 FRANKLIN CITY",5833,"2025","08","VA"
"248138","Locality: 630 FREDERICKSBURG CITY",18917,"2025","08","VA"
"248143","Locality: 640 GALAX CITY",3969,"2025","08","VA"
"248145","Locality: 650 HAMPTON CITY",93890,"2025","08","VA"
"248175","Locality: 660 HARRISONBURG CITY",24482,"2025","08","VA"
"248183","Locality: 670 HOPEWELL CITY",15261,"2025","08","VA"
"248190","Locality: 678 LEXINGTON CITY",3447,"2025","08","VA"
"248191","Locality: 680 LYNCHBURG CITY",53735,"2025","08","VA"
"248209","Locality: 683 MANASSAS CITY",22465,"2025","08","VA"
"248215","Locality: 685 MANASSAS PARK CITY",9036,"2025","08","VA"
"248218","Locality: 690 MARTINSVILLE CITY",8311,"2025","08","VA"
"248224","Locality: 700 NEWPORT NEWS CITY",114640,"2025","08","VA"
"248267","Locality: 710 NORFOLK CITY",132112,"2025","08","VA"
"248315","Locality: 720 NORTON CITY",2545,"2025","08","VA"
"248316","Locality: 730 PETERSBURG CITY",22088,"2025","08","VA"
"248323","Locality: 735 POQUOSON CITY",9809,"2025","08","VA"
"248326","Locality: 740 PORTSMOUTH CITY",64888,"2025","08","VA"
"248357","Locality: 750 RADFORD CITY",8671,"2025","08","VA"
"248361","Locality: 760 RICHMOND CITY",147990,"2025","08","VA"
"248433","Locality: 770 ROANOKE CITY",61461,"2025","08","VA"
"248453","Locality: 775 SALEM CITY",16912,"2025","08","VA"
"248463","Locality: 790 STAUNTON CITY",18119,"2025","08","VA"
"248468","Locality: 800 SUFFOLK CITY",71607,"2025","08","VA"
"248498","Locality: 810 VIRGINIA BEACH CITY",316127,"2025","08","VA"
"248606","Locality: 820 WAYNESBORO CITY",15333,"2025","08","VA"
"248610","Locality: 830 WILLIAMSBURG CITY",9771,"2025","08","VA"
"248612","Locality: 840 WINCHESTER CITY",16754,"2025","08","VA"
"248618","Locality: 001 ACCOMACK COUNTY",24854,"2025","09","VA"
"248634","Locality: 003 ALBEMARLE COUNTY",83693,"2025","09","VA"
"248664","Locality: 005 ALLEGHANY COUNTY",10843,"2025","09","VA"
"248676","Locality: 007 AMELIA COUNTY",10259,"2025","09","VA"
"248681","Locality: 009 AMHERST COUNTY",22952,"2025","09","VA"
"248692","Locality: 011 APPOMATTOX COUNTY",12403,"2025","09","VA"
"248700","Locality: 013 ARLINGTON COUNTY",165799,"2025","09","VA"
"248754","Locality: 015 AUGUSTA COUNTY",55889,"2025","09","VA"
"248782","Locality: 017 BATH COUNTY",3285,"2025","09","VA"
"248789","Locality: 019 BEDFORD COUNTY",63433,"2025","09","VA"
"248821","Locality: 021 BLAND COUNTY",4366,"2025","09","VA"
"248828","Locality: 023 BOTETOURT COUNTY",26593,"2025","09","VA"
"248838","Locality: 025 BRUNSWICK COUNTY",10942,"2025","09","VA"
"248851","Locality: 027 BUCHANAN COUNTY",13938,"2025","09","VA"
"248869","Locality: 029 BUCKINGHAM COUNTY",10954,"2025","09","VA"
"248879","Locality: 031 CAMPBELL COUNTY",41028,"2025","09","VA"
"248895","Locality: 033 CAROLINE COUNTY",23742,"2025","09","VA"
"248908","Locality: 035 CARROLL COUNTY",21573,"2025","09","VA"
"248924","Locality: 036 CHARLES CITY COUNTY",5736,"2025","09","VA"
"248927","Locality: 037 CHARLOTTE COUNTY",8192,"2025","09","VA"
"248934","Locality: 041 CHESTERFIELD COUNTY",269908,"2025","09","VA"
"249012","Locality: 043 CLARKE COUNTY",12006,"2025","09","VA"
"249019","Locality: 045 CRAIG COUNTY",3830,"2025","09","VA"
"249027","Locality: 047 CULPEPER COUNTY",37609,"2025","09","VA"
"249042","Locality: 049 CUMBERLAND COUNTY",7602,"2025","09","VA"
"249047","Locality: 051 DICKENSON COUNTY",9562,"2025","09","VA"
"249058","Locality: 053 DINWIDDIE COUNTY",20956,"2025","09","VA"
"249071","Locality: 057 ESSEX COUNTY",8147,"2025","09","VA"
"249075","Locality: 059 FAIRFAX COUNTY",749220,"2025","09","VA"
"249340","Locality: 061 FAUQUIER COUNTY",55544,"2025","09","VA"
"249364","Locality: 063 FLOYD COUNTY",11864,"2025","09","VA"
"249369","Locality: 065 FLUVANNA COUNTY",21202,"2025","09","VA"
"249374","Locality: 067 FRANKLIN COUNTY",39817,"2025","09","VA"
"249397","Locality: 069 FREDERICK COUNTY",68568,"2025","09","VA"
"249426","Locality: 071 GILES COUNTY",11944,"2025","09","VA"
"249434","Locality: 073 GLOUCESTER COUNTY",30103,"2025","09","VA"
"249445","Locality: 075 GOOCHLAND COUNTY",23422,"2025","09","VA"
"249456","Locality: 077 GRAYSON COUNTY",10694,"2025","09","VA"
"249471","Locality: 079 GREENE COUNTY",15635,"2025","09","VA"
"249477","Locality: 081 GREENSVILLE COUNTY",6280,"2025","09","VA"
"249486","Locality: 083 HALIFAX COUNTY",24754,"2025","09","VA"
"249506","Locality: 085 HANOVER COUNTY",86853,"2025","09","VA"
"249542","Locality: 087 HENRICO COUNTY",238264,"2025","09","VA"
"249632","Locality: 089 HENRY COUNTY",35181,"2025","09","VA"
"249656","Locality: 091 HIGHLAND COUNTY",1836,"2025","09","VA"
"249661","Locality: 093 ISLE OF WIGHT COUNTY",31518,"2025","09","VA"
"249678","Locality: 095 JAMES CITY COUNTY",63086,"2025","09","VA"
"249696","Locality: 097 KING & QUEEN COUNTY",5354,"2025","09","VA"
"249701","Locality: 099 KING GEORGE COUNTY",20296,"2025","09","VA"
"249706","Locality: 101 KING WILLIAM COUNTY",14529,"2025","09","VA"
"249712","Locality: 103 LANCASTER COUNTY",9211,"2025","09","VA"
"249718","Locality: 105 LEE COUNTY",15215,"2025","09","VA"
"249734","Locality: 107 LOUDOUN COUNTY",288153,"2025","09","VA"
"249841","Locality: 109 LOUISA COUNTY",30854,"2025","09","VA"
"249855","Locality: 111 LUNENBURG COUNTY",7958,"2025","09","VA"
"249866","Locality: 113 MADISON COUNTY",10480,"2025","09","VA"
"249874","Locality: 115 MATHEWS COUNTY",7300,"2025","09","VA"
"249877","Locality: 117 MECKLENBURG COUNTY",22069,"2025","09","VA"
"249899","Locality: 119 MIDDLESEX COUNTY",8530,"2025","09","VA"
"249905","Locality: 121 MONTGOMERY COUNTY",60439,"2025","09","VA"
"249934","Locality: 125 NELSON COUNTY",11720,"2025","09","VA"
"249943","Locality: 127 NEW KENT COUNTY",20566,"2025","09","VA"
"249953","Locality: 131 NORTHAMPTON COUNTY",9586,"2025","09","VA"
"249958","Locality: 133 NORTHUMBERLAND COUNTY",10221,"2025","09","VA"
"249963","Locality: 135 NOTTOWAY COUNTY",9425,"2025","09","VA"
"249970","Locality: 137 ORANGE COUNTY",29125,"2025","09","VA"
"249982","Locality: 139 PAGE COUNTY",17366,"2025","09","VA"
"249987","Locality: 141 PATRICK COUNTY",12992,"2025","09","VA"
"250000","Locality: 143 PITTSYLVANIA COUNTY",44722,"2025","09","VA"
"250029","Locality: 145 POWHATAN COUNTY",24582,"2025","09","VA"
"250041","Locality: 147 PRINCE EDWARD COUNTY",13281,"2025","09","VA"
"250051","Locality: 149 PRINCE GEORGE COUNTY",24339,"2025","09","VA"
"250061","Locality: 153 PRINCE WILLIAM COUNTY",307075,"2025","09","VA"
"250164","Locality: 155 PULASKI COUNTY",23513,"2025","09","VA"
"250177","Locality: 157 RAPPAHANNOCK COUNTY",6091,"2025","09","VA"
"250183","Locality: 159 RICHMOND COUNTY",5606,"2025","09","VA"
"250188","Locality: 161 ROANOKE COUNTY",71294,"2025","09","VA"
"250221","Locality: 163 ROCKBRIDGE COUNTY",16603,"2025","09","VA"
"250238","Locality: 165 ROCKINGHAM COUNTY",58097,"2025","09","VA"
"250267","Locality: 167 RUSSELL COUNTY",18874,"2025","09","VA"
"250282","Locality: 169 SCOTT COUNTY",15755,"2025","09","VA"
"250299","Locality: 171 SHENANDOAH COUNTY",32464,"2025","09","VA"
"250313","Locality: 173 SMYTH COUNTY",20102,"2025","09","VA"
"250325","Locality: 175 SOUTHAMPTON COUNTY",12958,"2025","09","VA"
"250336","Locality: 177 SPOTSYLVANIA COUNTY",107338,"2025","09","VA"
"250365","Locality: 179 STAFFORD COUNTY",111080,"2025","09","VA"
"250402","Locality: 181 SURRY COUNTY",5610,"2025","09","VA"
"250408","Locality: 183 SUSSEX COUNTY",6964,"2025","09","VA"
"250418","Locality: 185 TAZEWELL COUNTY",25735,"2025","09","VA"
"250437","Locality: 187 WARREN COUNTY",30006,"2025","09","VA"
"250448","Locality: 191 WASHINGTON COUNTY",39278,"2025","09","VA"
"250467","Locality: 193 WESTMORELAND COUNTY",14622,"2025","09","VA"
"250475","Locality: 195 WISE COUNTY",24596,"2025","09","VA"
"250487","Locality: 197 WYTHE COUNTY",21023,"2025","09","VA"
"250498","Locality: 199 YORK COUNTY",50460,"2025","09","VA"
"250511","Locality: 510 ALEXANDRIA CITY",99408,"2025","09","VA"
"250543","Locality: 520 BRISTOL CITY",11416,"2025","09","VA"
"250548","Locality: 530 BUENA VISTA CITY",4152,"2025","09","VA"
"250550","Locality: 540 CHARLOTTESVILLE CITY",32217,"2025","09","VA"
"250559","Locality: 550 CHESAPEAKE CITY",174385,"2025","09","VA"
"250623","Locality: 570 COLONIAL HEIGHTS CITY",12367,"2025","09","VA"
"250628","Locality: 580 COVINGTON CITY",3702,"2025","09","VA"
"250633","Locality: 590 DANVILLE CITY",26717,"2025","09","VA"
"250649","Locality: 595 EMPORIA CITY",3767,"2025","09","VA"
"250656","Locality: 600 FAIRFAX CITY",17629,"2025","09","VA"
"250662","Locality: 610 FALLS CHURCH CITY",11048,"2025","09","VA"
"250665","Locality: 620 FRANKLIN CITY",5853,"2025","09","VA"
"250671","Locality: 630 FREDERICKSBURG CITY",19000,"2025","09","VA"
"250676","Locality: 640 GALAX CITY",3997,"2025","09","VA"
"250678","Locality: 650 HAMPTON CITY",94252,"2025","09","VA"
"250708","Locality: 660 HARRISONBURG CITY",24558,"2025","09","VA"
"250716","Locality: 670 HOPEWELL CITY",15292,"2025","09","VA"
"250723","Locality: 678 LEXINGTON CITY",3470,"2025","09","VA"
"250724","Locality: 680 LYNCHBURG CITY",53899,"2025","09","VA"
"250742","Locality: 683 MANASSAS CITY",22546,"2025","09","VA"
"250748","Locality: 685 MANASSAS PARK CITY",9051,"2025","09","VA"
"250751","Locality: 690 MARTINSVILLE CITY",8325,"2025","09","VA"
"250757","Locality: 700 NEWPORT NEWS CITY",114989,"2025","09","VA"
"250800","Locality: 710 NORFOLK CITY",132503,"2025","09","VA"
"250848","Locality: 720 NORTON CITY",2542,"2025","09","VA"
"250849","Locality: 730 PETERSBURG CITY",22152,"2025","09","VA"
"250856","Locality: 735 POQUOSON CITY",9833,"2025","09","VA"
"250859","Locality: 740 PORTSMOUTH CITY",65081,"2025","09","VA"
"250890","Locality: 750 RADFORD CITY",8681,"2025","09","VA"
"250894","Locality: 760 RICHMOND CITY",148647,"2025","09","VA"
"250966","Locality: 770 ROANOKE CITY",61610,"2025","09","VA"
"250986","Locality: 775 SALEM CITY",16950,"2025","09","VA"
"250996","Locality: 790 STAUNTON CITY",18152,"2025","09","VA"
"251001","Locality: 800 SUFFOLK CITY",71880,"2025","09","VA"
"251031","Locality: 810 VIRGINIA BEACH CITY",317050,"2025","09","VA"
"251139","Locality: 820 WAYNESBORO CITY",15407,"2025","09","VA"
"251143","Locality: 830 WILLIAMSBURG CITY",9882,"2025","09","VA"
"251145","Locality: 840 WINCHESTER CITY",16783,"2025","09","VA"
"251151","Locality: 001 ACCOMACK COUNTY",24895,"2025","10","VA"
"251167","Locality: 003 ALBEMARLE COUNTY",84377,"2025","10","VA"
"251197","Locality: 005 ALLEGHANY COUNTY",10879,"2025","10","VA"
"251209","Locality: 007 AMELIA COUNTY",10287,"2025","10","VA"
"251214","Locality: 009 AMHERST COUNTY",22979,"2025","10","VA"
"251225","Locality: 011 APPOMATTOX COUNTY",12431,"2025","10","VA"
"251233","Locality: 013 ARLINGTON COUNTY",166693,"2025","10","VA"
"251287","Locality: 015 AUGUSTA COUNTY",56020,"2025","10","VA"
"251315","Locality: 017 BATH COUNTY",3288,"2025","10","VA"
"251322","Locality: 019 BEDFORD COUNTY",63583,"2025","10","VA"
"251354","Locality: 021 BLAND COUNTY",4359,"2025","10","VA"
"251361","Locality: 023 BOTETOURT COUNTY",26665,"2025","10","VA"
"251371","Locality: 025 BRUNSWICK COUNTY",10956,"2025","10","VA"
"251384","Locality: 027 BUCHANAN COUNTY",13938,"2025","10","VA"
"251402","Locality: 029 BUCKINGHAM COUNTY",10980,"2025","10","VA"
"251412","Locality: 031 CAMPBELL COUNTY",41114,"2025","10","VA"
"251428","Locality: 033 CAROLINE COUNTY",23867,"2025","10","VA"
"251441","Locality: 035 CARROLL COUNTY",21605,"2025","10","VA"
"251457","Locality: 036 CHARLES CITY COUNTY",5751,"2025","10","VA"
"251460","Locality: 037 CHARLOTTE COUNTY",8200,"2025","10","VA"
"251467","Locality: 041 CHESTERFIELD COUNTY",270972,"2025","10","VA"
"251545","Locality: 043 CLARKE COUNTY",12035,"2025","10","VA"
"251552","Locality: 045 CRAIG COUNTY",3835,"2025","10","VA"
"251560","Locality: 047 CULPEPER COUNTY",37728,"2025","10","VA"
"251575","Locality: 049 CUMBERLAND COUNTY",7610,"2025","10","VA"
"251580","Locality: 051 DICKENSON COUNTY",9576,"2025","10","VA"
"251591","Locality: 053 DINWIDDIE COUNTY",21007,"2025","10","VA"
"251604","Locality: 057 ESSEX COUNTY",8189,"2025","10","VA"
"251608","Locality: 059 FAIRFAX COUNTY",751617,"2025","10","VA"
"251873","Locality: 061 FAUQUIER COUNTY",55642,"2025","10","VA"
"251897","Locality: 063 FLOYD COUNTY",11899,"2025","10","VA"
"251902","Locality: 065 FLUVANNA COUNTY",21263,"2025","10","VA"
"251907","Locality: 067 FRANKLIN COUNTY",39861,"2025","10","VA"
"251930","Locality: 069 FREDERICK COUNTY",68851,"2025","10","VA"
"251959","Locality: 071 GILES COUNTY",11956,"2025","10","VA"
"251967","Locality: 073 GLOUCESTER COUNTY",30167,"2025","10","VA"
"251978","Locality: 075 GOOCHLAND COUNTY",23529,"2025","10","VA"
"251989","Locality: 077 GRAYSON COUNTY",10689,"2025","10","VA"
"252004","Locality: 079 GREENE COUNTY",15679,"2025","10","VA"
"252010","Locality: 081 GREENSVILLE COUNTY",6272,"2025","10","VA"
"252019","Locality: 083 HALIFAX COUNTY",24771,"2025","10","VA"
"252039","Locality: 085 HANOVER COUNTY",87071,"2025","10","VA"
"252075","Locality: 087 HENRICO COUNTY",239301,"2025","10","VA"
"252165","Locality: 089 HENRY COUNTY",35218,"2025","10","VA"
"252189","Locality: 091 HIGHLAND COUNTY",1829,"2025","10","VA"
"252194","Locality: 093 ISLE OF WIGHT COUNTY",31637,"2025","10","VA"
"252211","Locality: 095 JAMES CITY COUNTY",63280,"2025","10","VA"
"252229","Locality: 097 KING & QUEEN COUNTY",5367,"2025","10","VA"
"252234","Locality: 099 KING GEORGE COUNTY",20377,"2025","10","VA"
"252239","Locality: 101 KING WILLIAM COUNTY",14588,"2025","10","VA"
"252245","Locality: 103 LANCASTER COUNTY",9211,"2025","10","VA"
"252251","Locality: 105 LEE COUNTY",15213,"2025","10","VA"
"252267","Locality: 107 LOUDOUN COUNTY",289110,"2025","10","VA"
"252374","Locality: 109 LOUISA COUNTY",30962,"2025","10","VA"
"252388","Locality: 111 LUNENBURG COUNTY",7958,"2025","10","VA"
"252399","Locality: 113 MADISON COUNTY",10504,"2025","10","VA"
"252407","Locality: 115 MATHEWS COUNTY",7309,"2025","10","VA"
"252410","Locality: 117 MECKLENBURG COUNTY",22135,"2025","10","VA"
"252432","Locality: 119 MIDDLESEX COUNTY",8562,"2025","10","VA"
"252438","Locality: 121 MONTGOMERY COUNTY",61344,"2025","10","VA"
"252467","Locality: 125 NELSON COUNTY",11737,"2025","10","VA"
"252476","Locality: 127 NEW KENT COUNTY",20654,"2025","10","VA"
"252486","Locality: 131 NORTHAMPTON COUNTY",9607,"2025","10","VA"
"252491","Locality: 133 NORTHUMBERLAND COUNTY",10250,"2025","10","VA"
"252496","Locality: 135 NOTTOWAY COUNTY",9462,"2025","10","VA"
"252503","Locality: 137 ORANGE COUNTY",29172,"2025","10","VA"
"252515","Locality: 139 PAGE COUNTY",17393,"2025","10","VA"
"252520","Locality: 141 PATRICK COUNTY",13002,"2025","10","VA"
"252533","Locality: 143 PITTSYLVANIA COUNTY",44756,"2025","10","VA"
"252562","Locality: 145 POWHATAN COUNTY",24646,"2025","10","VA"
"252574","Locality: 147 PRINCE EDWARD COUNTY",13333,"2025","10","VA"
"252584","Locality: 149 PRINCE GEORGE COUNTY",24399,"2025","10","VA"
"252594","Locality: 153 PRINCE WILLIAM COUNTY",307870,"2025","10","VA"
"252697","Locality: 155 PULASKI COUNTY",23543,"2025","10","VA"
"252710","Locality: 157 RAPPAHANNOCK COUNTY",6108,"2025","10","VA"
"252716","Locality: 159 RICHMOND COUNTY",5620,"2025","10","VA"
"252721","Locality: 161 ROANOKE COUNTY",71434,"2025","10","VA"
"252754","Locality: 163 ROCKBRIDGE COUNTY",16620,"2025","10","VA"
"252771","Locality: 165 ROCKINGHAM COUNTY",58269,"2025","10","VA"
"252800","Locality: 167 RUSSELL COUNTY",18884,"2025","10","VA"
"252815","Locality: 169 SCOTT COUNTY",15760,"2025","10","VA"
"252832","Locality: 171 SHENANDOAH COUNTY",32518,"2025","10","VA"
"252846","Locality: 173 SMYTH COUNTY",20128,"2025","10","VA"
"252858","Locality: 175 SOUTHAMPTON COUNTY",12989,"2025","10","VA"
"252869","Locality: 177 SPOTSYLVANIA COUNTY",107668,"2025","10","VA"
"252898","Locality: 179 STAFFORD COUNTY",111344,"2025","10","VA"
"252935","Locality: 181 SURRY COUNTY",5619,"2025","10","VA"
"252941","Locality: 183 SUSSEX COUNTY",6986,"2025","10","VA"
"252951","Locality: 185 TAZEWELL COUNTY",25788,"2025","10","VA"
"252970","Locality: 187 WARREN COUNTY",30081,"2025","10","VA"
"252981","Locality: 191 WASHINGTON COUNTY",39356,"2025","10","VA"
"253000","Locality: 193 WESTMORELAND COUNTY",14664,"2025","10","VA"
"253008","Locality: 195 WISE COUNTY",24614,"2025","10","VA"
"253020","Locality: 197 WYTHE COUNTY",21032,"2025","10","VA"
"253031","Locality: 199 YORK COUNTY",50627,"2025","10","VA"
"253044","Locality: 510 ALEXANDRIA CITY",99904,"2025","10","VA"
"253076","Locality: 520 BRISTOL CITY",11427,"2025","10","VA"
"253081","Locality: 530 BUENA VISTA CITY",4164,"2025","10","VA"
"253083","Locality: 540 CHARLOTTESVILLE CITY",32395,"2025","10","VA"
"253092","Locality: 550 CHESAPEAKE CITY",174986,"2025","10","VA"
"253156","Locality: 570 COLONIAL HEIGHTS CITY",12391,"2025","10","VA"
"253161","Locality: 580 COVINGTON CITY",3720,"2025","10","VA"
"253166","Locality: 590 DANVILLE CITY",26743,"2025","10","VA"
"253182","Locality: 595 EMPORIA CITY",3777,"2025","10","VA"
"253189","Locality: 600 FAIRFAX CITY",17689,"2025","10","VA"
"253195","Locality: 610 FALLS CHURCH CITY",11169,"2025","10","VA"
"253198","Locality: 620 FRANKLIN CITY",5866,"2025","10","VA"
"253204","Locality: 630 FREDERICKSBURG CITY",19120,"2025","10","VA"
"253209","Locality: 640 GALAX CITY",4011,"2025","10","VA"
"253211","Locality: 650 HAMPTON CITY",94551,"2025","10","VA"
"253241","Locality: 660 HARRISONBURG CITY",24771,"2025","10","VA"
"253249","Locality: 670 HOPEWELL CITY",15344,"2025","10","VA"
"253256","Locality: 678 LEXINGTON CITY",3480,"2025","10","VA"
"253257","Locality: 680 LYNCHBURG CITY",54115,"2025","10","VA"
"253275","Locality: 683 MANASSAS CITY",22594,"2025","10","VA"
"253281","Locality: 685 MANASSAS PARK CITY",9099,"2025","10","VA"
"253284","Locality: 690 MARTINSVILLE CITY",8311,"2025","10","VA"
"253290","Locality: 700 NEWPORT NEWS CITY",115377,"2025","10","VA"
"253333","Locality: 710 NORFOLK CITY",133353,"2025","10","VA"
"253381","Locality: 720 NORTON CITY",2535,"2025","10","VA"
"253382","Locality: 730 PETERSBURG CITY",22260,"2025","10","VA"
"253389","Locality: 735 POQUOSON CITY",9839,"2025","10","VA"
"253392","Locality: 740 PORTSMOUTH CITY",65312,"2025","10","VA"
"253423","Locality: 750 RADFORD CITY",8711,"2025","10","VA"
"253427","Locality: 760 RICHMOND CITY",149574,"2025","10","VA"
"253499","Locality: 770 ROANOKE CITY",61880,"2025","10","VA"
"253519","Locality: 775 SALEM CITY",16991,"2025","10","VA"
"253529","Locality: 790 STAUNTON CITY",18217,"2025","10","VA"
"253534","Locality: 800 SUFFOLK CITY",72154,"2025","10","VA"
"253564","Locality: 810 VIRGINIA BEACH CITY",317990,"2025","10","VA"
"253672","Locality: 820 WAYNESBORO CITY",15474,"2025","10","VA"
"253676","Locality: 830 WILLIAMSBURG CITY",10014,"2025","10","VA"
"253678","Locality: 840 WINCHESTER CITY",16905,"2025","10","VA"
"253684","Locality: 001 ACCOMACK COUNTY",24953,"2025","11","VA"
"253700","Locality: 003 ALBEMARLE COUNTY",85068,"2025","11","VA"
"253730","Locality: 005 ALLEGHANY COUNTY",10914,"2025","11","VA"
"253742","Locality: 007 AMELIA COUNTY",10312,"2025","11","VA"
"253747","Locality: 009 AMHERST COUNTY",23039,"2025","11","VA"
"253758","Locality: 011 APPOMATTOX COUNTY",12479,"2025","11","VA"
"253766","Locality: 013 ARLINGTON COUNTY",167699,"2025","11","VA"
"253820","Locality: 015 AUGUSTA COUNTY",56205,"2025","11","VA"
"253848","Locality: 017 BATH COUNTY",3298,"2025","11","VA"
"253855","Locality: 019 BEDFORD COUNTY",63774,"2025","11","VA"
"253887","Locality: 021 BLAND COUNTY",4364,"2025","11","VA"
"253894","Locality: 023 BOTETOURT COUNTY",26735,"2025","11","VA"
"253904","Locality: 025 BRUNSWICK COUNTY",10981,"2025","11","VA"
"253917","Locality: 027 BUCHANAN COUNTY",13945,"2025","11","VA"
"253935","Locality: 029 BUCKINGHAM COUNTY",11024,"2025","11","VA"
"253945","Locality: 031 CAMPBELL COUNTY",41263,"2025","11","VA"
"253961","Locality: 033 CAROLINE COUNTY",23972,"2025","11","VA"
"253974","Locality: 035 CARROLL COUNTY",21668,"2025","11","VA"
"253990","Locality: 036 CHARLES CITY COUNTY",5773,"2025","11","VA"
"253993","Locality: 037 CHARLOTTE COUNTY",8221,"2025","11","VA"
"254000","Locality: 041 CHESTERFIELD COUNTY",272370,"2025","11","VA"
"254078","Locality: 043 CLARKE COUNTY",12092,"2025","11","VA"
"254085","Locality: 045 CRAIG COUNTY",3842,"2025","11","VA"
"254093","Locality: 047 CULPEPER COUNTY",37848,"2025","11","VA"
"254108","Locality: 049 CUMBERLAND COUNTY",7634,"2025","11","VA"
"254113","Locality: 051 DICKENSON COUNTY",9565,"2025","11","VA"
"254124","Locality: 053 DINWIDDIE COUNTY",21079,"2025","11","VA"
"254137","Locality: 057 ESSEX COUNTY",8229,"2025","11","VA"
"254141","Locality: 059 FAIRFAX COUNTY",754532,"2025","11","VA"
"254406","Locality: 061 FAUQUIER COUNTY",55742,"2025","11","VA"
"254430","Locality: 063 FLOYD COUNTY",11931,"2025","11","VA"
"254435","Locality: 065 FLUVANNA COUNTY",21346,"2025","11","VA"
"254440","Locality: 067 FRANKLIN COUNTY",39969,"2025","11","VA"
"254463","Locality: 069 FREDERICK COUNTY",69190,"2025","11","VA"
"254492","Locality: 071 GILES COUNTY",11974,"2025","11","VA"
"254500","Locality: 073 GLOUCESTER COUNTY",30231,"2025","11","VA"
"254511","Locality: 075 GOOCHLAND COUNTY",23673,"2025","11","VA"
"254522","Locality: 077 GRAYSON COUNTY",10685,"2025","11","VA"
"254537","Locality: 079 GREENE COUNTY",15746,"2025","11","VA"
"254543","Locality: 081 GREENSVILLE COUNTY",6262,"2025","11","VA"
"254552","Locality: 083 HALIFAX COUNTY",24806,"2025","11","VA"
"254572","Locality: 085 HANOVER COUNTY",87361,"2025","11","VA"
"254608","Locality: 087 HENRICO COUNTY",240361,"2025","11","VA"
"254698","Locality: 089 HENRY COUNTY",35276,"2025","11","VA"
"254722","Locality: 091 HIGHLAND COUNTY",1832,"2025","11","VA"
"254727","Locality: 093 ISLE OF WIGHT COUNTY",31753,"2025","11","VA"
"254744","Locality: 095 JAMES CITY COUNTY",63614,"2025","11","VA"
"254762","Locality: 097 KING & QUEEN COUNTY",5370,"2025","11","VA"
"254767","Locality: 099 KING GEORGE COUNTY",20483,"2025","11","VA"
"254772","Locality: 101 KING WILLIAM COUNTY",14677,"2025","11","VA"
"254778","Locality: 103 LANCASTER COUNTY",9254,"2025","11","VA"
"254784","Locality: 105 LEE COUNTY",15217,"2025","11","VA"
"254800","Locality: 107 LOUDOUN COUNTY",290412,"2025","11","VA"
"254907","Locality: 109 LOUISA COUNTY",31101,"2025","11","VA"
"254921","Locality: 111 LUNENBURG COUNTY",7970,"2025","11","VA"
"254932","Locality: 113 MADISON COUNTY",10544,"2025","11","VA"
"254940","Locality: 115 MATHEWS COUNTY",7336,"2025","11","VA"
"254943","Locality: 117 MECKLENBURG COUNTY",22167,"2025","11","VA"
"254965","Locality: 119 MIDDLESEX COUNTY",8570,"2025","11","VA"
"254971","Locality: 121 MONTGOMERY COUNTY",61925,"2025","11","VA"
"255000","Locality: 125 NELSON COUNTY",11787,"2025","11","VA"
"255009","Locality: 127 NEW KENT COUNTY",20764,"2025","11","VA"
"255019","Locality: 131 NORTHAMPTON COUNTY",9651,"2025","11","VA"
"255024","Locality: 133 NORTHUMBERLAND COUNTY",10297,"2025","11","VA"
"255029","Locality: 135 NOTTOWAY COUNTY",9493,"2025","11","VA"
"255036","Locality: 137 ORANGE COUNTY",29279,"2025","11","VA"
"255048","Locality: 139 PAGE COUNTY",17429,"2025","11","VA"
"255053","Locality: 141 PATRICK COUNTY",13032,"2025","11","VA"
"255066","Locality: 143 PITTSYLVANIA COUNTY",44809,"2025","11","VA"
"255095","Locality: 145 POWHATAN COUNTY",24761,"2025","11","VA"
"255107","Locality: 147 PRINCE EDWARD COUNTY",13383,"2025","11","VA"
"255117","Locality: 149 PRINCE GEORGE COUNTY",24455,"2025","11","VA"
"255127","Locality: 153 PRINCE WILLIAM COUNTY",309053,"2025","11","VA"
"255230","Locality: 155 PULASKI COUNTY",23587,"2025","11","VA"
"255243","Locality: 157 RAPPAHANNOCK COUNTY",6123,"2025","11","VA"
"255249","Locality: 159 RICHMOND COUNTY",5632,"2025","11","VA"
"255254","Locality: 161 ROANOKE COUNTY",71741,"2025","11","VA"
"255287","Locality: 163 ROCKBRIDGE COUNTY",16678,"2025","11","VA"
"255304","Locality: 165 ROCKINGHAM COUNTY",58480,"2025","11","VA"
"255333","Locality: 167 RUSSELL COUNTY",18875,"2025","11","VA"
"255348","Locality: 169 SCOTT COUNTY",15764,"2025","11","VA"
"255365","Locality: 171 SHENANDOAH COUNTY",32600,"2025","11","VA"
"255379","Locality: 173 SMYTH COUNTY",20148,"2025","11","VA"
"255391","Locality: 175 SOUTHAMPTON COUNTY",13013,"2025","11","VA"
"255402","Locality: 177 SPOTSYLVANIA COUNTY",108105,"2025","11","VA"
"255431","Locality: 179 STAFFORD COUNTY",111825,"2025","11","VA"
"255468","Locality: 181 SURRY COUNTY",5619,"2025","11","VA"
"255474","Locality: 183 SUSSEX COUNTY",6999,"2025","11","VA"
"255484","Locality: 185 TAZEWELL COUNTY",25847,"2025","11","VA"
"255503","Locality: 187 WARREN COUNTY",30202,"2025","11","VA"
"255514","Locality: 191 WASHINGTON COUNTY",39427,"2025","11","VA"
"255533","Locality: 193 WESTMORELAND COUNTY",14734,"2025","11","VA"
"255541","Locality: 195 WISE COUNTY",24656,"2025","11","VA"
"255553","Locality: 197 WYTHE COUNTY",21094,"2025","11","VA"
"255564","Locality: 199 YORK COUNTY",50929,"2025","11","VA"
"255577","Locality: 510 ALEXANDRIA CITY",100793,"2025","11","VA"
"255609","Locality: 520 BRISTOL CITY",11425,"2025","11","VA"
"255614","Locality: 530 BUENA VISTA CITY",4193,"2025","11","VA"
"255616","Locality: 540 CHARLOTTESVILLE CITY",32761,"2025","11","VA"
"255625","Locality: 550 CHESAPEAKE CITY",175873,"2025","11","VA"
"255689","Locality: 570 COLONIAL HEIGHTS CITY",12437,"2025","11","VA"
"255694","Locality: 580 COVINGTON CITY",3726,"2025","11","VA"
"255699","Locality: 590 DANVILLE CITY",26848,"2025","11","VA"
"255715","Locality: 595 EMPORIA CITY",3789,"2025","11","VA"
"255722","Locality: 600 FAIRFAX CITY",17800,"2025","11","VA"
"255728","Locality: 610 FALLS CHURCH CITY",11291,"2025","11","VA"
"255731","Locality: 620 FRANKLIN CITY",5883,"2025","11","VA"
"255737","Locality: 630 FREDERICKSBURG CITY",19242,"2025","11","VA"
"255742","Locality: 640 GALAX CITY",4010,"2025","11","VA"
"255744","Locality: 650 HAMPTON CITY",95200,"2025","11","VA"
"255774","Locality: 660 HARRISONBURG CITY",24955,"2025","11","VA"
"255782","Locality: 670 HOPEWELL CITY",15426,"2025","11","VA"
"255789","Locality: 678 LEXINGTON CITY",3536,"2025","11","VA"
"255790","Locality: 680 LYNCHBURG CITY",54502,"2025","11","VA"
"255808","Locality: 683 MANASSAS CITY",22708,"2025","11","VA"
"255814","Locality: 685 MANASSAS PARK CITY",9166,"2025","11","VA"
"255817","Locality: 690 MARTINSVILLE CITY",8349,"2025","11","VA"
"255823","Locality: 700 NEWPORT NEWS CITY",116167,"2025","11","VA"
"255866","Locality: 710 NORFOLK CITY",134280,"2025","11","VA"
"255914","Locality: 720 NORTON CITY",2536,"2025","11","VA"
"255915","Locality: 730 PETERSBURG CITY",22442,"2025","11","VA"
"255922","Locality: 735 POQUOSON CITY",9886,"2025","11","VA"
"255925","Locality: 740 PORTSMOUTH CITY",65627,"2025","11","VA"
"255956","Locality: 750 RADFORD CITY",8775,"2025","11","VA"
"255960","Locality: 760 RICHMOND CITY",151088,"2025","11","VA"
"256032","Locality: 770 ROANOKE CITY",62191,"2025","11","VA"
"256052","Locality: 775 SALEM CITY",17036,"2025","11","VA"
"256062","Locality: 790 STAUNTON CITY",18316,"2025","11","VA"
"256067","Locality: 800 SUFFOLK CITY",72478,"2025","11","VA"
"256097","Locality: 810 VIRGINIA BEACH CITY",319369,"2025","11","VA"
"256205","Locality: 820 WAYNESBORO CITY",15604,"2025","11","VA"
"256209","Locality: 830 WILLIAMSBURG CITY",10328,"2025","11","VA"
"256211","Locality: 840 WINCHESTER CITY",17004,"2025","11","VA"
