"","county","count","month","year","state"
"1","ALBANY",18979,"January","2017","WY"
"2","BIG HORN",6082,"January","2017","WY"
"3","CAMPBELL",20217,"January","2017","WY"
"4","CARBON",7276,"January","2017","WY"
"5","CONVERSE",7182,"January","2017","WY"
"6","CROOK",4250,"January","2017","WY"
"7","FREMONT",18925,"January","2017","WY"
"8","GOSHEN",6450,"January","2017","WY"
"9","HOT SPRINGS",2897,"January","2017","WY"
"10","JOHNSON",4888,"January","2017","WY"
"11","LARAMIE",45233,"January","2017","WY"
"12","LINCOLN",9964,"January","2017","WY"
"13","NATRONA",36905,"January","2017","WY"
"14","NIOBRARA",1489,"January","2017","WY"
"15","PARK",16693,"January","2017","WY"
"16","PLATTE",5053,"January","2017","WY"
"17","SHERIDAN",15940,"January","2017","WY"
"18","SUBLETTE",4934,"January","2017","WY"
"19","SWEETWATER",18732,"January","2017","WY"
"20","TETON",14316,"January","2017","WY"
"21","UINTA",9584,"January","2017","WY"
"22","WASHAKIE",4298,"January","2017","WY"
"23","WESTON",3916,"January","2017","WY"
"24","ALBANY",17317,"February","2017","WY"
"25","BIG HORN",6078,"February","2017","WY"
"26","CAMPBELL",20206,"February","2017","WY"
"27","CARBON",7274,"February","2017","WY"
"28","CONVERSE",6764,"February","2017","WY"
"29","CROOK",3933,"February","2017","WY"
"30","FREMONT",18838,"February","2017","WY"
"31","GOSHEN",6016,"February","2017","WY"
"32","HOT SPRINGS",2860,"February","2017","WY"
"33","JOHNSON",4888,"February","2017","WY"
"34","LARAMIE",44916,"February","2017","WY"
"35","LINCOLN",9964,"February","2017","WY"
"36","NATRONA",36845,"February","2017","WY"
"37","NIOBRARA",1485,"February","2017","WY"
"38","PARK",15642,"February","2017","WY"
"39","PLATTE",5048,"February","2017","WY"
"40","SHERIDAN",15929,"February","2017","WY"
"41","SUBLETTE",4522,"February","2017","WY"
"42","SWEETWATER",18702,"February","2017","WY"
"43","TETON",14323,"February","2017","WY"
"44","UINTA",9582,"February","2017","WY"
"45","WASHAKIE",4273,"February","2017","WY"
"46","WESTON",3648,"February","2017","WY"
"47","ALBANY",17326,"March","2017","WY"
"48","BIG HORN",5551,"March","2017","WY"
"49","CAMPBELL",18651,"March","2017","WY"
"50","CARBON",6599,"March","2017","WY"
"51","CONVERSE",6761,"March","2017","WY"
"52","CROOK",3935,"March","2017","WY"
"53","FREMONT",17465,"March","2017","WY"
"54","GOSHEN",6010,"March","2017","WY"
"55","HOT SPRINGS",2679,"March","2017","WY"
"56","JOHNSON",4592,"March","2017","WY"
"57","LARAMIE",41970,"March","2017","WY"
"58","LINCOLN",9147,"March","2017","WY"
"59","NATRONA",33970,"March","2017","WY"
"60","NIOBRARA",1351,"March","2017","WY"
"61","PARK",15630,"March","2017","WY"
"62","PLATTE",4667,"March","2017","WY"
"63","SHERIDAN",14969,"March","2017","WY"
"64","SUBLETTE",4521,"March","2017","WY"
"65","SWEETWATER",17448,"March","2017","WY"
"66","TETON",13000,"March","2017","WY"
"67","UINTA",8716,"March","2017","WY"
"68","WASHAKIE",3975,"March","2017","WY"
"69","WESTON",3642,"March","2017","WY"
"70","ALBANY",17330,"April","2017","WY"
"71","BIG HORN",5558,"April","2017","WY"
"72","CAMPBELL",18647,"April","2017","WY"
"73","CARBON",6603,"April","2017","WY"
"74","CONVERSE",6755,"April","2017","WY"
"75","CROOK",3928,"April","2017","WY"
"76","FREMONT",17463,"April","2017","WY"
"77","GOSHEN",6010,"April","2017","WY"
"78","HOT SPRINGS",2673,"April","2017","WY"
"79","JOHNSON",4586,"April","2017","WY"
"80","LARAMIE",41938,"April","2017","WY"
"81","LINCOLN",9160,"April","2017","WY"
"82","NATRONA",33945,"April","2017","WY"
"83","NIOBRARA",1348,"April","2017","WY"
"84","PARK",15596,"April","2017","WY"
"85","PLATTE",4657,"April","2017","WY"
"86","SHERIDAN",14970,"April","2017","WY"
"87","SUBLETTE",4520,"April","2017","WY"
"88","SWEETWATER",17445,"April","2017","WY"
"89","TETON",13029,"April","2017","WY"
"90","UINTA",8720,"April","2017","WY"
"91","WASHAKIE",3973,"April","2017","WY"
"92","WESTON",3627,"April","2017","WY"
"93","ALBANY",17326,"May","2017","WY"
"94","BIG HORN",5549,"May","2017","WY"
"95","CAMPBELL",18646,"May","2017","WY"
"96","CARBON",6604,"May","2017","WY"
"97","CONVERSE",6751,"May","2017","WY"
"98","CROOK",3929,"May","2017","WY"
"99","FREMONT",17451,"May","2017","WY"
"100","GOSHEN",6007,"May","2017","WY"
"101","HOT SPRINGS",2672,"May","2017","WY"
"102","JOHNSON",4588,"May","2017","WY"
"103","LARAMIE",41965,"May","2017","WY"
"104","LINCOLN",9153,"May","2017","WY"
"105","NATRONA",33911,"May","2017","WY"
"106","NIOBRARA",1350,"May","2017","WY"
"107","PARK",15592,"May","2017","WY"
"108","PLATTE",4660,"May","2017","WY"
"109","SHERIDAN",14971,"May","2017","WY"
"110","SUBLETTE",4519,"May","2017","WY"
"111","SWEETWATER",17439,"May","2017","WY"
"112","TETON",13117,"May","2017","WY"
"113","UINTA",8720,"May","2017","WY"
"114","WASHAKIE",3974,"May","2017","WY"
"115","WESTON",3630,"May","2017","WY"
"116","ALBANY",17321,"June","2017","WY"
"117","BIG HORN",5557,"June","2017","WY"
"118","CAMPBELL",18631,"June","2017","WY"
"119","CARBON",6609,"June","2017","WY"
"120","CONVERSE",6747,"June","2017","WY"
"121","CROOK",3928,"June","2017","WY"
"122","FREMONT",17438,"June","2017","WY"
"123","GOSHEN",6006,"June","2017","WY"
"124","HOT SPRINGS",2671,"June","2017","WY"
"125","JOHNSON",4585,"June","2017","WY"
"126","LARAMIE",42130,"June","2017","WY"
"127","LINCOLN",9168,"June","2017","WY"
"128","NATRONA",33881,"June","2017","WY"
"129","NIOBRARA",1349,"June","2017","WY"
"130","PARK",15585,"June","2017","WY"
"131","PLATTE",4659,"June","2017","WY"
"132","SHERIDAN",14944,"June","2017","WY"
"133","SUBLETTE",4526,"June","2017","WY"
"134","SWEETWATER",17431,"June","2017","WY"
"135","TETON",13275,"June","2017","WY"
"136","UINTA",8723,"June","2017","WY"
"137","WASHAKIE",3974,"June","2017","WY"
"138","WESTON",3634,"June","2017","WY"
"139","ALBANY",17325,"July","2017","WY"
"140","BIG HORN",5544,"July","2017","WY"
"141","CAMPBELL",18629,"July","2017","WY"
"142","CARBON",6612,"July","2017","WY"
"143","CONVERSE",6744,"July","2017","WY"
"144","CROOK",3928,"July","2017","WY"
"145","FREMONT",17421,"July","2017","WY"
"146","GOSHEN",6000,"July","2017","WY"
"147","HOT SPRINGS",2669,"July","2017","WY"
"148","JOHNSON",4583,"July","2017","WY"
"149","LARAMIE",42119,"July","2017","WY"
"150","LINCOLN",9172,"July","2017","WY"
"151","NATRONA",33867,"July","2017","WY"
"152","NIOBRARA",1349,"July","2017","WY"
"153","PARK",15583,"July","2017","WY"
"154","PLATTE",4659,"July","2017","WY"
"155","SHERIDAN",14961,"July","2017","WY"
"156","SUBLETTE",4528,"July","2017","WY"
"157","SWEETWATER",17424,"July","2017","WY"
"158","TETON",13299,"July","2017","WY"
"159","UINTA",8727,"July","2017","WY"
"160","WASHAKIE",3974,"July","2017","WY"
"161","WESTON",3639,"July","2017","WY"
"162","ALBANY",17344,"August","2017","WY"
"163","BIG HORN",5544,"August","2017","WY"
"164","CAMPBELL",18626,"August","2017","WY"
"165","CARBON",6620,"August","2017","WY"
"166","CONVERSE",6743,"August","2017","WY"
"167","CROOK",3928,"August","2017","WY"
"168","FREMONT",17421,"August","2017","WY"
"169","GOSHEN",6000,"August","2017","WY"
"170","HOT SPRINGS",2670,"August","2017","WY"
"171","JOHNSON",4583,"August","2017","WY"
"172","LARAMIE",42082,"August","2017","WY"
"173","LINCOLN",9176,"August","2017","WY"
"174","NATRONA",33859,"August","2017","WY"
"175","NIOBRARA",1349,"August","2017","WY"
"176","PARK",15565,"August","2017","WY"
"177","PLATTE",4659,"August","2017","WY"
"178","SHERIDAN",14974,"August","2017","WY"
"179","SUBLETTE",4530,"August","2017","WY"
"180","SWEETWATER",17418,"August","2017","WY"
"181","TETON",13313,"August","2017","WY"
"182","UINTA",8731,"August","2017","WY"
"183","WASHAKIE",3975,"August","2017","WY"
"184","WESTON",3640,"August","2017","WY"
"185","ALBANY",17372,"September","2017","WY"
"186","BIG HORN",5543,"September","2017","WY"
"187","CAMPBELL",18612,"September","2017","WY"
"188","CARBON",6626,"September","2017","WY"
"189","CONVERSE",6738,"September","2017","WY"
"190","CROOK",3936,"September","2017","WY"
"191","FREMONT",17413,"September","2017","WY"
"192","GOSHEN",5995,"September","2017","WY"
"193","HOT SPRINGS",2665,"September","2017","WY"
"194","JOHNSON",4582,"September","2017","WY"
"195","LARAMIE",42088,"September","2017","WY"
"196","LINCOLN",9167,"September","2017","WY"
"197","NATRONA",33832,"September","2017","WY"
"198","NIOBRARA",1345,"September","2017","WY"
"199","PARK",15562,"September","2017","WY"
"200","PLATTE",4663,"September","2017","WY"
"201","SHERIDAN",14951,"September","2017","WY"
"202","SUBLETTE",4529,"September","2017","WY"
"203","SWEETWATER",17410,"September","2017","WY"
"204","TETON",13318,"September","2017","WY"
"205","UINTA",8733,"September","2017","WY"
"206","WASHAKIE",3975,"September","2017","WY"
"207","WESTON",3623,"September","2017","WY"
"208","ALBANY",17387,"October","2017","WY"
"209","BIG HORN",5539,"October","2017","WY"
"210","CAMPBELL",18635,"October","2017","WY"
"211","CARBON",6631,"October","2017","WY"
"212","CONVERSE",6734,"October","2017","WY"
"213","CROOK",3936,"October","2017","WY"
"214","FREMONT",17414,"October","2017","WY"
"215","GOSHEN",5993,"October","2017","WY"
"216","HOT SPRINGS",2662,"October","2017","WY"
"217","JOHNSON",4577,"October","2017","WY"
"218","LARAMIE",42065,"October","2017","WY"
"219","LINCOLN",9167,"October","2017","WY"
"220","NATRONA",33811,"October","2017","WY"
"221","NIOBRARA",1349,"October","2017","WY"
"222","PARK",15580,"October","2017","WY"
"223","PLATTE",4664,"October","2017","WY"
"224","SHERIDAN",14957,"October","2017","WY"
"225","SUBLETTE",4529,"October","2017","WY"
"226","SWEETWATER",17410,"October","2017","WY"
"227","TETON",13346,"October","2017","WY"
"228","UINTA",8734,"October","2017","WY"
"229","WASHAKIE",3974,"October","2017","WY"
"230","WESTON",3625,"October","2017","WY"
"231","ALBANY",17409,"November","2017","WY"
"232","BIG HORN",5526,"November","2017","WY"
"233","CAMPBELL",18707,"November","2017","WY"
"234","CARBON",6573,"November","2017","WY"
"235","CONVERSE",6726,"November","2017","WY"
"236","CROOK",3935,"November","2017","WY"
"237","FREMONT",17397,"November","2017","WY"
"238","GOSHEN",5992,"November","2017","WY"
"239","HOT SPRINGS",2666,"November","2017","WY"
"240","JOHNSON",4575,"November","2017","WY"
"241","LARAMIE",42076,"November","2017","WY"
"242","LINCOLN",9161,"November","2017","WY"
"243","NATRONA",33781,"November","2017","WY"
"244","NIOBRARA",1353,"November","2017","WY"
"245","PARK",15587,"November","2017","WY"
"246","PLATTE",4664,"November","2017","WY"
"247","SHERIDAN",14948,"November","2017","WY"
"248","SUBLETTE",4529,"November","2017","WY"
"249","SWEETWATER",17388,"November","2017","WY"
"250","TETON",13349,"November","2017","WY"
"251","UINTA",8738,"November","2017","WY"
"252","WASHAKIE",3956,"November","2017","WY"
"253","WESTON",3624,"November","2017","WY"
"254","ALBANY",17397,"December","2017","WY"
"255","BIG HORN",5521,"December","2017","WY"
"256","CAMPBELL",18895,"December","2017","WY"
"257","CARBON",6572,"December","2017","WY"
"258","CONVERSE",6715,"December","2017","WY"
"259","CROOK",3928,"December","2017","WY"
"260","FREMONT",17382,"December","2017","WY"
"261","GOSHEN",5989,"December","2017","WY"
"262","HOT SPRINGS",2667,"December","2017","WY"
"263","JOHNSON",4575,"December","2017","WY"
"264","LARAMIE",42229,"December","2017","WY"
"265","LINCOLN",9158,"December","2017","WY"
"266","NATRONA",33734,"December","2017","WY"
"267","NIOBRARA",1376,"December","2017","WY"
"268","PARK",15569,"December","2017","WY"
"269","PLATTE",4666,"December","2017","WY"
"270","SHERIDAN",14926,"December","2017","WY"
"271","SUBLETTE",4527,"December","2017","WY"
"272","SWEETWATER",17357,"December","2017","WY"
"273","TETON",13359,"December","2017","WY"
"274","UINTA",8736,"December","2017","WY"
"275","WASHAKIE",3954,"December","2017","WY"
"276","WESTON",3621,"December","2017","WY"
"277","ALBANY",17397,"January","2018","WY"
"278","BIG HORN",5513,"January","2018","WY"
"279","CAMPBELL",18872,"January","2018","WY"
"280","CARBON",6579,"January","2018","WY"
"281","CONVERSE",6711,"January","2018","WY"
"282","CROOK",3928,"January","2018","WY"
"283","FREMONT",17375,"January","2018","WY"
"284","GOSHEN",5988,"January","2018","WY"
"285","HOT SPRINGS",2663,"January","2018","WY"
"286","JOHNSON",4573,"January","2018","WY"
"287","LARAMIE",42199,"January","2018","WY"
"288","LINCOLN",9161,"January","2018","WY"
"289","NATRONA",33701,"January","2018","WY"
"290","NIOBRARA",1374,"January","2018","WY"
"291","PARK",15563,"January","2018","WY"
"292","PLATTE",4643,"January","2018","WY"
"293","SHERIDAN",14917,"January","2018","WY"
"294","SUBLETTE",4533,"January","2018","WY"
"295","SWEETWATER",17344,"January","2018","WY"
"296","TETON",13374,"January","2018","WY"
"297","UINTA",8736,"January","2018","WY"
"298","WASHAKIE",3957,"January","2018","WY"
"299","WESTON",3613,"January","2018","WY"
"300","ALBANY",17405,"February","2018","WY"
"301","BIG HORN",5508,"February","2018","WY"
"302","CAMPBELL",18876,"February","2018","WY"
"303","CARBON",6584,"February","2018","WY"
"304","CONVERSE",6707,"February","2018","WY"
"305","CROOK",3930,"February","2018","WY"
"306","FREMONT",17368,"February","2018","WY"
"307","GOSHEN",5973,"February","2018","WY"
"308","HOT SPRINGS",2664,"February","2018","WY"
"309","JOHNSON",4565,"February","2018","WY"
"310","LARAMIE",42198,"February","2018","WY"
"311","LINCOLN",9171,"February","2018","WY"
"312","NATRONA",33652,"February","2018","WY"
"313","NIOBRARA",1373,"February","2018","WY"
"314","PARK",15553,"February","2018","WY"
"315","PLATTE",4646,"February","2018","WY"
"316","SHERIDAN",14909,"February","2018","WY"
"317","SUBLETTE",4539,"February","2018","WY"
"318","SWEETWATER",17327,"February","2018","WY"
"319","TETON",13363,"February","2018","WY"
"320","UINTA",8739,"February","2018","WY"
"321","WASHAKIE",3956,"February","2018","WY"
"322","WESTON",3614,"February","2018","WY"
"323","ALBANY",17407,"March","2018","WY"
"324","BIG HORN",5499,"March","2018","WY"
"325","CAMPBELL",18852,"March","2018","WY"
"326","CARBON",6576,"March","2018","WY"
"327","CONVERSE",6701,"March","2018","WY"
"328","CROOK",3927,"March","2018","WY"
"329","FREMONT",17370,"March","2018","WY"
"330","GOSHEN",5971,"March","2018","WY"
"331","HOT SPRINGS",2665,"March","2018","WY"
"332","JOHNSON",4563,"March","2018","WY"
"333","LARAMIE",42186,"March","2018","WY"
"334","LINCOLN",9160,"March","2018","WY"
"335","NATRONA",33618,"March","2018","WY"
"336","NIOBRARA",1374,"March","2018","WY"
"337","PARK",15562,"March","2018","WY"
"338","PLATTE",4637,"March","2018","WY"
"339","SHERIDAN",14909,"March","2018","WY"
"340","SUBLETTE",4542,"March","2018","WY"
"341","SWEETWATER",17317,"March","2018","WY"
"342","TETON",13378,"March","2018","WY"
"343","UINTA",8686,"March","2018","WY"
"344","WASHAKIE",3940,"March","2018","WY"
"345","WESTON",3614,"March","2018","WY"
"346","ALBANY",17407,"April","2018","WY"
"347","BIG HORN",5504,"April","2018","WY"
"348","CAMPBELL",18837,"April","2018","WY"
"349","CARBON",6579,"April","2018","WY"
"350","CONVERSE",6702,"April","2018","WY"
"351","CROOK",3936,"April","2018","WY"
"352","FREMONT",17358,"April","2018","WY"
"353","GOSHEN",5974,"April","2018","WY"
"354","HOT SPRINGS",2662,"April","2018","WY"
"355","JOHNSON",4564,"April","2018","WY"
"356","LARAMIE",42179,"April","2018","WY"
"357","LINCOLN",9154,"April","2018","WY"
"358","NATRONA",33604,"April","2018","WY"
"359","NIOBRARA",1376,"April","2018","WY"
"360","PARK",15552,"April","2018","WY"
"361","PLATTE",4642,"April","2018","WY"
"362","SHERIDAN",14895,"April","2018","WY"
"363","SUBLETTE",4542,"April","2018","WY"
"364","SWEETWATER",17307,"April","2018","WY"
"365","TETON",13388,"April","2018","WY"
"366","UINTA",8688,"April","2018","WY"
"367","WASHAKIE",3940,"April","2018","WY"
"368","WESTON",3616,"April","2018","WY"
"369","ALBANY",17424,"May","2018","WY"
"370","BIG HORN",5504,"May","2018","WY"
"371","CAMPBELL",18834,"May","2018","WY"
"372","CARBON",6581,"May","2018","WY"
"373","CONVERSE",6699,"May","2018","WY"
"374","CROOK",3935,"May","2018","WY"
"375","FREMONT",17347,"May","2018","WY"
"376","GOSHEN",5988,"May","2018","WY"
"377","HOT SPRINGS",2659,"May","2018","WY"
"378","JOHNSON",4560,"May","2018","WY"
"379","LARAMIE",42132,"May","2018","WY"
"380","LINCOLN",9162,"May","2018","WY"
"381","NATRONA",33579,"May","2018","WY"
"382","NIOBRARA",1376,"May","2018","WY"
"383","PARK",15560,"May","2018","WY"
"384","PLATTE",4645,"May","2018","WY"
"385","SHERIDAN",14902,"May","2018","WY"
"386","SUBLETTE",4545,"May","2018","WY"
"387","SWEETWATER",17305,"May","2018","WY"
"388","TETON",13398,"May","2018","WY"
"389","UINTA",8689,"May","2018","WY"
"390","WASHAKIE",3942,"May","2018","WY"
"391","WESTON",3617,"May","2018","WY"
"392","ALBANY",17517,"June","2018","WY"
"393","BIG HORN",5503,"June","2018","WY"
"394","CAMPBELL",18838,"June","2018","WY"
"395","CARBON",6601,"June","2018","WY"
"396","CONVERSE",6697,"June","2018","WY"
"397","CROOK",3942,"June","2018","WY"
"398","FREMONT",17364,"June","2018","WY"
"399","GOSHEN",6007,"June","2018","WY"
"400","HOT SPRINGS",2663,"June","2018","WY"
"401","JOHNSON",4576,"June","2018","WY"
"402","LARAMIE",42153,"June","2018","WY"
"403","LINCOLN",9187,"June","2018","WY"
"404","NATRONA",33757,"June","2018","WY"
"405","NIOBRARA",1377,"June","2018","WY"
"406","PARK",15615,"June","2018","WY"
"407","PLATTE",4650,"June","2018","WY"
"408","SHERIDAN",14927,"June","2018","WY"
"409","SUBLETTE",4571,"June","2018","WY"
"410","SWEETWATER",17302,"June","2018","WY"
"411","TETON",13440,"June","2018","WY"
"412","UINTA",8808,"June","2018","WY"
"413","WASHAKIE",3945,"June","2018","WY"
"414","WESTON",3622,"June","2018","WY"
"415","ALBANY",17514,"July","2018","WY"
"416","BIG HORN",5517,"July","2018","WY"
"417","CAMPBELL",18830,"July","2018","WY"
"418","CARBON",6618,"July","2018","WY"
"419","CONVERSE",6707,"July","2018","WY"
"420","CROOK",3943,"July","2018","WY"
"421","FREMONT",17390,"July","2018","WY"
"422","GOSHEN",6018,"July","2018","WY"
"423","HOT SPRINGS",2664,"July","2018","WY"
"424","JOHNSON",4596,"July","2018","WY"
"425","LARAMIE",42188,"July","2018","WY"
"426","LINCOLN",9200,"July","2018","WY"
"427","NATRONA",33785,"July","2018","WY"
"428","NIOBRARA",1382,"July","2018","WY"
"429","PARK",15636,"July","2018","WY"
"430","PLATTE",4651,"July","2018","WY"
"431","SHERIDAN",14969,"July","2018","WY"
"432","SUBLETTE",4578,"July","2018","WY"
"433","SWEETWATER",17314,"July","2018","WY"
"434","TETON",13468,"July","2018","WY"
"435","UINTA",8812,"July","2018","WY"
"436","WASHAKIE",3944,"July","2018","WY"
"437","WESTON",3613,"July","2018","WY"
"438","ALBANY",17661,"August","2018","WY"
"439","BIG HORN",5531,"August","2018","WY"
"440","CAMPBELL",18883,"August","2018","WY"
"441","CARBON",6663,"August","2018","WY"
"442","CONVERSE",6718,"August","2018","WY"
"443","CROOK",3966,"August","2018","WY"
"444","FREMONT",17473,"August","2018","WY"
"445","GOSHEN",6053,"August","2018","WY"
"446","HOT SPRINGS",2666,"August","2018","WY"
"447","JOHNSON",4618,"August","2018","WY"
"448","LARAMIE",42351,"August","2018","WY"
"449","LINCOLN",9234,"August","2018","WY"
"450","NATRONA",33889,"August","2018","WY"
"451","NIOBRARA",1417,"August","2018","WY"
"452","PARK",15750,"August","2018","WY"
"453","PLATTE",4666,"August","2018","WY"
"454","SHERIDAN",15090,"August","2018","WY"
"455","SUBLETTE",4598,"August","2018","WY"
"456","SWEETWATER",17347,"August","2018","WY"
"457","TETON",13555,"August","2018","WY"
"458","UINTA",8858,"August","2018","WY"
"459","WASHAKIE",3933,"August","2018","WY"
"460","WESTON",3630,"August","2018","WY"
"461","ALBANY",17658,"September","2018","WY"
"462","BIG HORN",5756,"September","2018","WY"
"463","CAMPBELL",19110,"September","2018","WY"
"464","CARBON",6891,"September","2018","WY"
"465","CONVERSE",6905,"September","2018","WY"
"466","CROOK",4106,"September","2018","WY"
"467","FREMONT",17776,"September","2018","WY"
"468","GOSHEN",6317,"September","2018","WY"
"469","HOT SPRINGS",2807,"September","2018","WY"
"470","JOHNSON",4826,"September","2018","WY"
"471","LARAMIE",43573,"September","2018","WY"
"472","LINCOLN",9576,"September","2018","WY"
"473","NATRONA",34241,"September","2018","WY"
"474","NIOBRARA",1451,"September","2018","WY"
"475","PARK",16129,"September","2018","WY"
"476","PLATTE",4737,"September","2018","WY"
"477","SHERIDAN",15570,"September","2018","WY"
"478","SUBLETTE",4760,"September","2018","WY"
"479","SWEETWATER",17608,"September","2018","WY"
"480","TETON",13686,"September","2018","WY"
"481","UINTA",8973,"September","2018","WY"
"482","WASHAKIE",4002,"September","2018","WY"
"483","WESTON",3744,"September","2018","WY"
"484","ALBANY",18100,"October","2018","WY"
"485","BIG HORN",5780,"October","2018","WY"
"486","CAMPBELL",19283,"October","2018","WY"
"487","CARBON",6909,"October","2018","WY"
"488","CONVERSE",6901,"October","2018","WY"
"489","CROOK",4104,"October","2018","WY"
"490","FREMONT",18032,"October","2018","WY"
"491","GOSHEN",6314,"October","2018","WY"
"492","HOT SPRINGS",2807,"October","2018","WY"
"493","JOHNSON",4903,"October","2018","WY"
"494","LARAMIE",43613,"October","2018","WY"
"495","LINCOLN",9613,"October","2018","WY"
"496","NATRONA",34744,"October","2018","WY"
"497","NIOBRARA",1461,"October","2018","WY"
"498","PARK",16160,"October","2018","WY"
"499","PLATTE",4804,"October","2018","WY"
"500","SHERIDAN",15565,"October","2018","WY"
"501","SUBLETTE",4772,"October","2018","WY"
"502","SWEETWATER",17815,"October","2018","WY"
"503","TETON",14036,"October","2018","WY"
"504","UINTA",9165,"October","2018","WY"
"505","WASHAKIE",4000,"October","2018","WY"
"506","WESTON",3742,"October","2018","WY"
"507","ALBANY",18430,"November","2018","WY"
"508","BIG HORN",5793,"November","2018","WY"
"509","CAMPBELL",19383,"November","2018","WY"
"510","CARBON",6950,"November","2018","WY"
"511","CONVERSE",6928,"November","2018","WY"
"512","CROOK",4131,"November","2018","WY"
"513","FREMONT",18218,"November","2018","WY"
"514","GOSHEN",6353,"November","2018","WY"
"515","HOT SPRINGS",2823,"November","2018","WY"
"516","JOHNSON",4941,"November","2018","WY"
"517","LARAMIE",44089,"November","2018","WY"
"518","LINCOLN",9695,"November","2018","WY"
"519","NATRONA",35013,"November","2018","WY"
"520","NIOBRARA",1468,"November","2018","WY"
"521","PARK",16327,"November","2018","WY"
"522","PLATTE",4835,"November","2018","WY"
"523","SHERIDAN",15715,"November","2018","WY"
"524","SUBLETTE",4813,"November","2018","WY"
"525","SWEETWATER",17942,"November","2018","WY"
"526","TETON",14503,"November","2018","WY"
"527","UINTA",9187,"November","2018","WY"
"528","WASHAKIE",4011,"November","2018","WY"
"529","WESTON",3761,"November","2018","WY"
"530","ALBANY",20097,"December","2018","WY"
"531","BIG HORN",5982,"December","2018","WY"
"532","CAMPBELL",19928,"December","2018","WY"
"533","CARBON",7230,"December","2018","WY"
"534","CONVERSE",7133,"December","2018","WY"
"535","CROOK",4231,"December","2018","WY"
"536","FREMONT",19228,"December","2018","WY"
"537","GOSHEN",6490,"December","2018","WY"
"538","HOT SPRINGS",2883,"December","2018","WY"
"539","JOHNSON",5040,"December","2018","WY"
"540","LARAMIE",45973,"December","2018","WY"
"541","LINCOLN",10202,"December","2018","WY"
"542","NATRONA",36373,"December","2018","WY"
"543","NIOBRARA",1506,"December","2018","WY"
"544","PARK",16792,"December","2018","WY"
"545","PLATTE",4980,"December","2018","WY"
"546","SHERIDAN",16215,"December","2018","WY"
"547","SUBLETTE",4928,"December","2018","WY"
"548","SWEETWATER",18868,"December","2018","WY"
"549","TETON",15231,"December","2018","WY"
"550","UINTA",9424,"December","2018","WY"
"551","WASHAKIE",4160,"December","2018","WY"
"552","WESTON",3822,"December","2018","WY"
"553","ALBANY",20081,"January","2019","WY"
"554","BIG HORN",5979,"January","2019","WY"
"555","CAMPBELL",19902,"January","2019","WY"
"556","CARBON",7230,"January","2019","WY"
"557","CONVERSE",7020,"January","2019","WY"
"558","CROOK",4219,"January","2019","WY"
"559","FREMONT",19189,"January","2019","WY"
"560","GOSHEN",6475,"January","2019","WY"
"561","HOT SPRINGS",2894,"January","2019","WY"
"562","JOHNSON",5048,"January","2019","WY"
"563","LARAMIE",45907,"January","2019","WY"
"564","LINCOLN",10213,"January","2019","WY"
"565","NATRONA",36321,"January","2019","WY"
"566","NIOBRARA",1487,"January","2019","WY"
"567","PARK",16780,"January","2019","WY"
"568","PLATTE",4985,"January","2019","WY"
"569","SHERIDAN",16206,"January","2019","WY"
"570","SUBLETTE",4928,"January","2019","WY"
"571","SWEETWATER",18867,"January","2019","WY"
"572","TETON",15269,"January","2019","WY"
"573","UINTA",9449,"January","2019","WY"
"574","WASHAKIE",4163,"January","2019","WY"
"575","WESTON",2944,"January","2019","WY"
"576","ALBANY",14902,"February","2019","WY"
"577","BIG HORN",5961,"February","2019","WY"
"578","CAMPBELL",19883,"February","2019","WY"
"579","CARBON",7219,"February","2019","WY"
"580","CONVERSE",5429,"February","2019","WY"
"581","CROOK",3448,"February","2019","WY"
"582","FREMONT",19160,"February","2019","WY"
"583","GOSHEN",6462,"February","2019","WY"
"584","HOT SPRINGS",2860,"February","2019","WY"
"585","JOHNSON",5048,"February","2019","WY"
"586","LARAMIE",45872,"February","2019","WY"
"587","LINCOLN",10194,"February","2019","WY"
"588","NATRONA",26550,"February","2019","WY"
"589","NIOBRARA",1487,"February","2019","WY"
"590","PARK",16009,"February","2019","WY"
"591","PLATTE",4684,"February","2019","WY"
"592","SHERIDAN",16178,"February","2019","WY"
"593","SUBLETTE",3751,"February","2019","WY"
"594","SWEETWATER",13521,"February","2019","WY"
"595","TETON",15195,"February","2019","WY"
"596","UINTA",9423,"February","2019","WY"
"597","WASHAKIE",4156,"February","2019","WY"
"598","WESTON",2948,"February","2019","WY"
"599","ALBANY",14905,"March","2019","WY"
"600","BIG HORN",4767,"March","2019","WY"
"601","CAMPBELL",13989,"March","2019","WY"
"602","CARBON",5669,"March","2019","WY"
"603","CONVERSE",5431,"March","2019","WY"
"604","CROOK",3451,"March","2019","WY"
"605","FREMONT",15386,"March","2019","WY"
"606","GOSHEN",5210,"March","2019","WY"
"607","HOT SPRINGS",2393,"March","2019","WY"
"608","JOHNSON",4255,"March","2019","WY"
"609","LARAMIE",34823,"March","2019","WY"
"610","LINCOLN",8067,"March","2019","WY"
"611","NATRONA",26542,"March","2019","WY"
"612","NIOBRARA",1280,"March","2019","WY"
"613","PARK",13032,"March","2019","WY"
"614","PLATTE",4067,"March","2019","WY"
"615","SHERIDAN",12911,"March","2019","WY"
"616","SUBLETTE",3752,"March","2019","WY"
"617","SWEETWATER",13521,"March","2019","WY"
"618","TETON",12615,"March","2019","WY"
"619","UINTA",6796,"March","2019","WY"
"620","WASHAKIE",3441,"March","2019","WY"
"621","WESTON",2952,"March","2019","WY"
"622","ALBANY",14905,"April","2019","WY"
"623","BIG HORN",4771,"April","2019","WY"
"624","CAMPBELL",13991,"April","2019","WY"
"625","CARBON",5677,"April","2019","WY"
"626","CONVERSE",5425,"April","2019","WY"
"627","CROOK",3455,"April","2019","WY"
"628","FREMONT",15382,"April","2019","WY"
"629","GOSHEN",5219,"April","2019","WY"
"630","HOT SPRINGS",2387,"April","2019","WY"
"631","JOHNSON",4251,"April","2019","WY"
"632","LARAMIE",34812,"April","2019","WY"
"633","LINCOLN",8071,"April","2019","WY"
"634","NATRONA",26525,"April","2019","WY"
"635","NIOBRARA",1282,"April","2019","WY"
"636","PARK",13050,"April","2019","WY"
"637","PLATTE",4071,"April","2019","WY"
"638","SHERIDAN",12928,"April","2019","WY"
"639","SUBLETTE",3755,"April","2019","WY"
"640","SWEETWATER",13519,"April","2019","WY"
"641","TETON",12649,"April","2019","WY"
"642","UINTA",6802,"April","2019","WY"
"643","WASHAKIE",3443,"April","2019","WY"
"644","WESTON",2956,"April","2019","WY"
"645","ALBANY",14930,"May","2019","WY"
"646","BIG HORN",4767,"May","2019","WY"
"647","CAMPBELL",13993,"May","2019","WY"
"648","CARBON",5681,"May","2019","WY"
"649","CONVERSE",5428,"May","2019","WY"
"650","CROOK",3450,"May","2019","WY"
"651","FREMONT",15373,"May","2019","WY"
"652","GOSHEN",5219,"May","2019","WY"
"653","HOT SPRINGS",2384,"May","2019","WY"
"654","JOHNSON",4243,"May","2019","WY"
"655","LARAMIE",34802,"May","2019","WY"
"656","LINCOLN",8078,"May","2019","WY"
"657","NATRONA",26520,"May","2019","WY"
"658","NIOBRARA",1282,"May","2019","WY"
"659","PARK",13062,"May","2019","WY"
"660","PLATTE",4070,"May","2019","WY"
"661","SHERIDAN",12936,"May","2019","WY"
"662","SUBLETTE",3759,"May","2019","WY"
"663","SWEETWATER",13515,"May","2019","WY"
"664","TETON",12677,"May","2019","WY"
"665","UINTA",6805,"May","2019","WY"
"666","WASHAKIE",3444,"May","2019","WY"
"667","WESTON",2956,"May","2019","WY"
"668","ALBANY",14983,"June","2019","WY"
"669","BIG HORN",4768,"June","2019","WY"
"670","CAMPBELL",13986,"June","2019","WY"
"671","CARBON",5717,"June","2019","WY"
"672","CONVERSE",5429,"June","2019","WY"
"673","CROOK",3450,"June","2019","WY"
"674","FREMONT",15359,"June","2019","WY"
"675","GOSHEN",5229,"June","2019","WY"
"676","HOT SPRINGS",2384,"June","2019","WY"
"677","JOHNSON",4243,"June","2019","WY"
"678","LARAMIE",34812,"June","2019","WY"
"679","LINCOLN",8089,"June","2019","WY"
"680","NATRONA",26512,"June","2019","WY"
"681","NIOBRARA",1281,"June","2019","WY"
"682","PARK",13086,"June","2019","WY"
"683","PLATTE",4070,"June","2019","WY"
"684","SHERIDAN",12931,"June","2019","WY"
"685","SUBLETTE",3759,"June","2019","WY"
"686","SWEETWATER",13511,"June","2019","WY"
"687","TETON",12680,"June","2019","WY"
"688","UINTA",6809,"June","2019","WY"
"689","WASHAKIE",3449,"June","2019","WY"
"690","WESTON",2956,"June","2019","WY"
"691","ALBANY",14994,"July","2019","WY"
"692","BIG HORN",4769,"July","2019","WY"
"693","CAMPBELL",13990,"July","2019","WY"
"694","CARBON",5726,"July","2019","WY"
"695","CONVERSE",5431,"July","2019","WY"
"696","CROOK",3451,"July","2019","WY"
"697","FREMONT",15357,"July","2019","WY"
"698","GOSHEN",5231,"July","2019","WY"
"699","HOT SPRINGS",2384,"July","2019","WY"
"700","JOHNSON",4243,"July","2019","WY"
"701","LARAMIE",34817,"July","2019","WY"
"702","LINCOLN",8094,"July","2019","WY"
"703","NATRONA",26511,"July","2019","WY"
"704","NIOBRARA",1281,"July","2019","WY"
"705","PARK",13076,"July","2019","WY"
"706","PLATTE",4072,"July","2019","WY"
"707","SHERIDAN",12929,"July","2019","WY"
"708","SUBLETTE",3771,"July","2019","WY"
"709","SWEETWATER",13509,"July","2019","WY"
"710","TETON",12694,"July","2019","WY"
"711","UINTA",6809,"July","2019","WY"
"712","WASHAKIE",3451,"July","2019","WY"
"713","WESTON",2957,"July","2019","WY"
"714","ALBANY",15038,"August","2019","WY"
"715","BIG HORN",4767,"August","2019","WY"
"716","CAMPBELL",13990,"August","2019","WY"
"717","CARBON",5737,"August","2019","WY"
"718","CONVERSE",5432,"August","2019","WY"
"719","CROOK",3447,"August","2019","WY"
"720","FREMONT",15360,"August","2019","WY"
"721","GOSHEN",5234,"August","2019","WY"
"722","HOT SPRINGS",2388,"August","2019","WY"
"723","JOHNSON",4243,"August","2019","WY"
"724","LARAMIE",34851,"August","2019","WY"
"725","LINCOLN",8101,"August","2019","WY"
"726","NATRONA",26505,"August","2019","WY"
"727","NIOBRARA",1281,"August","2019","WY"
"728","PARK",13035,"August","2019","WY"
"729","PLATTE",4074,"August","2019","WY"
"730","SHERIDAN",12939,"August","2019","WY"
"731","SUBLETTE",3771,"August","2019","WY"
"732","SWEETWATER",13506,"August","2019","WY"
"733","TETON",12711,"August","2019","WY"
"734","UINTA",6815,"August","2019","WY"
"735","WASHAKIE",3457,"August","2019","WY"
"736","WESTON",2960,"August","2019","WY"
"737","ALBANY",15081,"September","2019","WY"
"738","BIG HORN",4767,"September","2019","WY"
"739","CAMPBELL",13993,"September","2019","WY"
"740","CARBON",5750,"September","2019","WY"
"741","CONVERSE",5432,"September","2019","WY"
"742","CROOK",3464,"September","2019","WY"
"743","FREMONT",15368,"September","2019","WY"
"744","GOSHEN",5241,"September","2019","WY"
"745","HOT SPRINGS",2383,"September","2019","WY"
"746","JOHNSON",4244,"September","2019","WY"
"747","LARAMIE",34869,"September","2019","WY"
"748","LINCOLN",8111,"September","2019","WY"
"749","NATRONA",26506,"September","2019","WY"
"750","NIOBRARA",1288,"September","2019","WY"
"751","PARK",13060,"September","2019","WY"
"752","PLATTE",4078,"September","2019","WY"
"753","SHERIDAN",12959,"September","2019","WY"
"754","SUBLETTE",3771,"September","2019","WY"
"755","SWEETWATER",13508,"September","2019","WY"
"756","TETON",12747,"September","2019","WY"
"757","UINTA",6825,"September","2019","WY"
"758","WASHAKIE",3461,"September","2019","WY"
"759","WESTON",2964,"September","2019","WY"
"760","ALBANY",15134,"October","2019","WY"
"761","BIG HORN",4770,"October","2019","WY"
"762","CAMPBELL",14011,"October","2019","WY"
"763","CARBON",5763,"October","2019","WY"
"764","CONVERSE",5479,"October","2019","WY"
"765","CROOK",3465,"October","2019","WY"
"766","FREMONT",15367,"October","2019","WY"
"767","GOSHEN",5244,"October","2019","WY"
"768","HOT SPRINGS",2385,"October","2019","WY"
"769","JOHNSON",4244,"October","2019","WY"
"770","LARAMIE",34918,"October","2019","WY"
"771","LINCOLN",8138,"October","2019","WY"
"772","NATRONA",26520,"October","2019","WY"
"773","NIOBRARA",1288,"October","2019","WY"
"774","PARK",13165,"October","2019","WY"
"775","PLATTE",4091,"October","2019","WY"
"776","SHERIDAN",12998,"October","2019","WY"
"777","SUBLETTE",3783,"October","2019","WY"
"778","SWEETWATER",13511,"October","2019","WY"
"779","TETON",12765,"October","2019","WY"
"780","UINTA",6829,"October","2019","WY"
"781","WASHAKIE",3469,"October","2019","WY"
"782","WESTON",2970,"October","2019","WY"
"783","ALBANY",15171,"November","2019","WY"
"784","BIG HORN",4773,"November","2019","WY"
"785","CAMPBELL",14031,"November","2019","WY"
"786","CARBON",5769,"November","2019","WY"
"787","CONVERSE",5565,"November","2019","WY"
"788","CROOK",3469,"November","2019","WY"
"789","FREMONT",15374,"November","2019","WY"
"790","GOSHEN",5255,"November","2019","WY"
"791","HOT SPRINGS",2386,"November","2019","WY"
"792","JOHNSON",4240,"November","2019","WY"
"793","LARAMIE",34934,"November","2019","WY"
"794","LINCOLN",8147,"November","2019","WY"
"795","NATRONA",26519,"November","2019","WY"
"796","NIOBRARA",1286,"November","2019","WY"
"797","PARK",13202,"November","2019","WY"
"798","PLATTE",4091,"November","2019","WY"
"799","SHERIDAN",13025,"November","2019","WY"
"800","SUBLETTE",3779,"November","2019","WY"
"801","SWEETWATER",13517,"November","2019","WY"
"802","TETON",12877,"November","2019","WY"
"803","UINTA",6846,"November","2019","WY"
"804","WASHAKIE",3478,"November","2019","WY"
"805","WESTON",2980,"November","2019","WY"
"806","ALBANY",15178,"December","2019","WY"
"807","BIG HORN",4776,"December","2019","WY"
"808","CAMPBELL",14021,"December","2019","WY"
"809","CARBON",5781,"December","2019","WY"
"810","CONVERSE",5924,"December","2019","WY"
"811","CROOK",3469,"December","2019","WY"
"812","FREMONT",15380,"December","2019","WY"
"813","GOSHEN",5243,"December","2019","WY"
"814","HOT SPRINGS",2389,"December","2019","WY"
"815","JOHNSON",4239,"December","2019","WY"
"816","LARAMIE",34971,"December","2019","WY"
"817","LINCOLN",8153,"December","2019","WY"
"818","NATRONA",26514,"December","2019","WY"
"819","NIOBRARA",1281,"December","2019","WY"
"820","PARK",13222,"December","2019","WY"
"821","PLATTE",4073,"December","2019","WY"
"822","SHERIDAN",13144,"December","2019","WY"
"823","SUBLETTE",3780,"December","2019","WY"
"824","SWEETWATER",13530,"December","2019","WY"
"825","TETON",12948,"December","2019","WY"
"826","UINTA",6853,"December","2019","WY"
"827","WASHAKIE",3484,"December","2019","WY"
"828","WESTON",2962,"December","2019","WY"
"829","ALBANY",15202,"January","2020","WY"
"830","BIG HORN",4775,"January","2020","WY"
"831","CAMPBELL",14017,"January","2020","WY"
"832","CARBON",5777,"January","2020","WY"
"833","CONVERSE",5916,"January","2020","WY"
"834","CROOK",3476,"January","2020","WY"
"835","FREMONT",15368,"January","2020","WY"
"836","GOSHEN",5242,"January","2020","WY"
"837","HOT SPRINGS",2386,"January","2020","WY"
"838","JOHNSON",4242,"January","2020","WY"
"839","LARAMIE",34970,"January","2020","WY"
"840","LINCOLN",8153,"January","2020","WY"
"841","NATRONA",26504,"January","2020","WY"
"842","NIOBRARA",1281,"January","2020","WY"
"843","PARK",13238,"January","2020","WY"
"844","PLATTE",4074,"January","2020","WY"
"845","SHERIDAN",13142,"January","2020","WY"
"846","SUBLETTE",3782,"January","2020","WY"
"847","SWEETWATER",13542,"January","2020","WY"
"848","TETON",13160,"January","2020","WY"
"849","UINTA",6858,"January","2020","WY"
"850","WASHAKIE",3486,"January","2020","WY"
"851","WESTON",2958,"January","2020","WY"
"852","ALBANY",15243,"February","2020","WY"
"853","BIG HORN",4764,"February","2020","WY"
"854","CAMPBELL",14036,"February","2020","WY"
"855","CARBON",5752,"February","2020","WY"
"856","CONVERSE",5912,"February","2020","WY"
"857","CROOK",3486,"February","2020","WY"
"858","FREMONT",15375,"February","2020","WY"
"859","GOSHEN",5251,"February","2020","WY"
"860","HOT SPRINGS",2386,"February","2020","WY"
"861","JOHNSON",4250,"February","2020","WY"
"862","LARAMIE",35009,"February","2020","WY"
"863","LINCOLN",8154,"February","2020","WY"
"864","NATRONA",26488,"February","2020","WY"
"865","NIOBRARA",1280,"February","2020","WY"
"866","PARK",13293,"February","2020","WY"
"867","PLATTE",4075,"February","2020","WY"
"868","SHERIDAN",13157,"February","2020","WY"
"869","SUBLETTE",3785,"February","2020","WY"
"870","SWEETWATER",13556,"February","2020","WY"
"871","TETON",13178,"February","2020","WY"
"872","UINTA",6811,"February","2020","WY"
"873","WASHAKIE",3452,"February","2020","WY"
"874","WESTON",2960,"February","2020","WY"
"875","ALBANY",15297,"March","2020","WY"
"876","BIG HORN",4767,"March","2020","WY"
"877","CAMPBELL",14068,"March","2020","WY"
"878","CARBON",5760,"March","2020","WY"
"879","CONVERSE",5915,"March","2020","WY"
"880","CROOK",3494,"March","2020","WY"
"881","FREMONT",15400,"March","2020","WY"
"882","GOSHEN",5256,"March","2020","WY"
"883","HOT SPRINGS",2399,"March","2020","WY"
"884","JOHNSON",4247,"March","2020","WY"
"885","LARAMIE",35130,"March","2020","WY"
"886","LINCOLN",8180,"March","2020","WY"
"887","NATRONA",26516,"March","2020","WY"
"888","NIOBRARA",1281,"March","2020","WY"
"889","PARK",13344,"March","2020","WY"
"890","PLATTE",4088,"March","2020","WY"
"891","SHERIDAN",13189,"March","2020","WY"
"892","SUBLETTE",3794,"March","2020","WY"
"893","SWEETWATER",13581,"March","2020","WY"
"894","TETON",13224,"March","2020","WY"
"895","UINTA",6836,"March","2020","WY"
"896","WASHAKIE",3456,"March","2020","WY"
"897","WESTON",2957,"March","2020","WY"
"898","ALBANY",15383,"April","2020","WY"
"899","BIG HORN",4782,"April","2020","WY"
"900","CAMPBELL",14113,"April","2020","WY"
"901","CARBON",5789,"April","2020","WY"
"902","CONVERSE",5923,"April","2020","WY"
"903","CROOK",3510,"April","2020","WY"
"904","FREMONT",15427,"April","2020","WY"
"905","GOSHEN",5276,"April","2020","WY"
"906","HOT SPRINGS",2405,"April","2020","WY"
"907","JOHNSON",4266,"April","2020","WY"
"908","LARAMIE",35245,"April","2020","WY"
"909","LINCOLN",8214,"April","2020","WY"
"910","NATRONA",26594,"April","2020","WY"
"911","NIOBRARA",1285,"April","2020","WY"
"912","PARK",13390,"April","2020","WY"
"913","PLATTE",4106,"April","2020","WY"
"914","SHERIDAN",13223,"April","2020","WY"
"915","SUBLETTE",3810,"April","2020","WY"
"916","SWEETWATER",13597,"April","2020","WY"
"917","TETON",13273,"April","2020","WY"
"918","UINTA",6857,"April","2020","WY"
"919","WASHAKIE",3469,"April","2020","WY"
"920","WESTON",2962,"April","2020","WY"
"921","ALBANY",15380,"May","2020","WY"
"922","BIG HORN",4774,"May","2020","WY"
"923","CAMPBELL",14113,"May","2020","WY"
"924","CARBON",5795,"May","2020","WY"
"925","CONVERSE",5924,"May","2020","WY"
"926","CROOK",3522,"May","2020","WY"
"927","FREMONT",15416,"May","2020","WY"
"928","GOSHEN",5280,"May","2020","WY"
"929","HOT SPRINGS",2402,"May","2020","WY"
"930","JOHNSON",4268,"May","2020","WY"
"931","LARAMIE",35247,"May","2020","WY"
"932","LINCOLN",8225,"May","2020","WY"
"933","NATRONA",26584,"May","2020","WY"
"934","NIOBRARA",1281,"May","2020","WY"
"935","PARK",13373,"May","2020","WY"
"936","PLATTE",4107,"May","2020","WY"
"937","SHERIDAN",13230,"May","2020","WY"
"938","SUBLETTE",3813,"May","2020","WY"
"939","SWEETWATER",13593,"May","2020","WY"
"940","TETON",13273,"May","2020","WY"
"941","UINTA",6861,"May","2020","WY"
"942","WASHAKIE",3467,"May","2020","WY"
"943","WESTON",2967,"May","2020","WY"
"944","ALBANY",15382,"June","2020","WY"
"945","BIG HORN",4772,"June","2020","WY"
"946","CAMPBELL",14140,"June","2020","WY"
"947","CARBON",5801,"June","2020","WY"
"948","CONVERSE",5930,"June","2020","WY"
"949","CROOK",3531,"June","2020","WY"
"950","FREMONT",15417,"June","2020","WY"
"951","GOSHEN",5290,"June","2020","WY"
"952","HOT SPRINGS",2405,"June","2020","WY"
"953","JOHNSON",4274,"June","2020","WY"
"954","LARAMIE",35249,"June","2020","WY"
"955","LINCOLN",8229,"June","2020","WY"
"956","NATRONA",26592,"June","2020","WY"
"957","NIOBRARA",1286,"June","2020","WY"
"958","PARK",13444,"June","2020","WY"
"959","PLATTE",4108,"June","2020","WY"
"960","SHERIDAN",13267,"June","2020","WY"
"961","SUBLETTE",3821,"June","2020","WY"
"962","SWEETWATER",13601,"June","2020","WY"
"963","TETON",13295,"June","2020","WY"
"964","UINTA",6850,"June","2020","WY"
"965","WASHAKIE",3476,"June","2020","WY"
"966","WESTON",2979,"June","2020","WY"
"967","ALBANY",15487,"July","2020","WY"
"968","BIG HORN",4794,"July","2020","WY"
"969","CAMPBELL",14223,"July","2020","WY"
"970","CARBON",5812,"July","2020","WY"
"971","CONVERSE",5928,"July","2020","WY"
"972","CROOK",3571,"July","2020","WY"
"973","FREMONT",15526,"July","2020","WY"
"974","GOSHEN",5294,"July","2020","WY"
"975","HOT SPRINGS",2409,"July","2020","WY"
"976","JOHNSON",4324,"July","2020","WY"
"977","LARAMIE",35450,"July","2020","WY"
"978","LINCOLN",8272,"July","2020","WY"
"979","NATRONA",26696,"July","2020","WY"
"980","NIOBRARA",1286,"July","2020","WY"
"981","PARK",13601,"July","2020","WY"
"982","PLATTE",4126,"July","2020","WY"
"983","SHERIDAN",13361,"July","2020","WY"
"984","SUBLETTE",3855,"July","2020","WY"
"985","SWEETWATER",13634,"July","2020","WY"
"986","TETON",13373,"July","2020","WY"
"987","UINTA",6893,"July","2020","WY"
"988","WASHAKIE",3478,"July","2020","WY"
"989","WESTON",2988,"July","2020","WY"
"990","ALBANY",15741,"August","2020","WY"
"991","BIG HORN",4860,"August","2020","WY"
"992","CAMPBELL",14462,"August","2020","WY"
"993","CARBON",5881,"August","2020","WY"
"994","CONVERSE",6001,"August","2020","WY"
"995","CROOK",3616,"August","2020","WY"
"996","FREMONT",15728,"August","2020","WY"
"997","GOSHEN",5364,"August","2020","WY"
"998","HOT SPRINGS",2441,"August","2020","WY"
"999","JOHNSON",4423,"August","2020","WY"
"1000","LARAMIE",36041,"August","2020","WY"
"1001","LINCOLN",8398,"August","2020","WY"
"1002","NATRONA",27025,"August","2020","WY"
"1003","NIOBRARA",1296,"August","2020","WY"
"1004","PARK",13879,"August","2020","WY"
"1005","PLATTE",4188,"August","2020","WY"
"1006","SHERIDAN",13536,"August","2020","WY"
"1007","SUBLETTE",3919,"August","2020","WY"
"1008","SWEETWATER",13779,"August","2020","WY"
"1009","TETON",13585,"August","2020","WY"
"1010","UINTA",6990,"August","2020","WY"
"1011","WASHAKIE",3520,"August","2020","WY"
"1012","WESTON",3031,"August","2020","WY"
"1013","ALBANY",16332,"September","2020","WY"
"1014","BIG HORN",5153,"September","2020","WY"
"1015","CAMPBELL",15576,"September","2020","WY"
"1016","CARBON",6127,"September","2020","WY"
"1017","CONVERSE",6295,"September","2020","WY"
"1018","CROOK",3869,"September","2020","WY"
"1019","FREMONT",16204,"September","2020","WY"
"1020","GOSHEN",5618,"September","2020","WY"
"1021","HOT SPRINGS",2531,"September","2020","WY"
"1022","JOHNSON",4616,"September","2020","WY"
"1023","LARAMIE",38078,"September","2020","WY"
"1024","LINCOLN",8889,"September","2020","WY"
"1025","NATRONA",28511,"September","2020","WY"
"1026","NIOBRARA",1350,"September","2020","WY"
"1027","PARK",14567,"September","2020","WY"
"1028","PLATTE",4517,"September","2020","WY"
"1029","SHERIDAN",14212,"September","2020","WY"
"1030","SUBLETTE",4228,"September","2020","WY"
"1031","SWEETWATER",14409,"September","2020","WY"
"1032","TETON",13955,"September","2020","WY"
"1033","UINTA",7404,"September","2020","WY"
"1034","WASHAKIE",3570,"September","2020","WY"
"1035","WESTON",3246,"September","2020","WY"
"1036","ALBANY",16921,"October","2020","WY"
"1037","BIG HORN",5245,"October","2020","WY"
"1038","CAMPBELL",16058,"October","2020","WY"
"1039","CARBON",6223,"October","2020","WY"
"1040","CONVERSE",6373,"October","2020","WY"
"1041","CROOK",3903,"October","2020","WY"
"1042","FREMONT",17052,"October","2020","WY"
"1043","GOSHEN",5723,"October","2020","WY"
"1044","HOT SPRINGS",2564,"October","2020","WY"
"1045","JOHNSON",4710,"October","2020","WY"
"1046","LARAMIE",39413,"October","2020","WY"
"1047","LINCOLN",9129,"October","2020","WY"
"1048","NATRONA",29471,"October","2020","WY"
"1049","NIOBRARA",1370,"October","2020","WY"
"1050","PARK",14997,"October","2020","WY"
"1051","PLATTE",4600,"October","2020","WY"
"1052","SHERIDAN",14608,"October","2020","WY"
"1053","SUBLETTE",4353,"October","2020","WY"
"1054","SWEETWATER",14886,"October","2020","WY"
"1055","TETON",14654,"October","2020","WY"
"1056","UINTA",7796,"October","2020","WY"
"1057","WASHAKIE",3782,"October","2020","WY"
"1058","WESTON",3299,"October","2020","WY"
"1059","ALBANY",18683,"November","2020","WY"
"1060","BIG HORN",5386,"November","2020","WY"
"1061","CAMPBELL",18143,"November","2020","WY"
"1062","CARBON",6513,"November","2020","WY"
"1063","CONVERSE",6697,"November","2020","WY"
"1064","CROOK",4082,"November","2020","WY"
"1065","FREMONT",17814,"November","2020","WY"
"1066","GOSHEN",6083,"November","2020","WY"
"1067","HOT SPRINGS",2655,"November","2020","WY"
"1068","JOHNSON",4932,"November","2020","WY"
"1069","LARAMIE",42979,"November","2020","WY"
"1070","LINCOLN",9618,"November","2020","WY"
"1071","NATRONA",32111,"November","2020","WY"
"1072","NIOBRARA",1403,"November","2020","WY"
"1073","PARK",16072,"November","2020","WY"
"1074","PLATTE",4791,"November","2020","WY"
"1075","SHERIDAN",15706,"November","2020","WY"
"1076","SUBLETTE",4701,"November","2020","WY"
"1077","SWEETWATER",16042,"November","2020","WY"
"1078","TETON",15777,"November","2020","WY"
"1079","UINTA",8374,"November","2020","WY"
"1080","WASHAKIE",3911,"November","2020","WY"
"1081","WESTON",3456,"November","2020","WY"
"1082","ALBANY",21049,"December","2020","WY"
"1083","BIG HORN",6265,"December","2020","WY"
"1084","CAMPBELL",21099,"December","2020","WY"
"1085","CARBON",7480,"December","2020","WY"
"1086","CONVERSE",7565,"December","2020","WY"
"1087","CROOK",4485,"December","2020","WY"
"1088","FREMONT",20047,"December","2020","WY"
"1089","GOSHEN",6741,"December","2020","WY"
"1090","HOT SPRINGS",2852,"December","2020","WY"
"1091","JOHNSON",5323,"December","2020","WY"
"1092","LARAMIE",49238,"December","2020","WY"
"1093","LINCOLN",11411,"December","2020","WY"
"1094","NATRONA",38184,"December","2020","WY"
"1095","NIOBRARA",1469,"December","2020","WY"
"1096","PARK",18053,"December","2020","WY"
"1097","PLATTE",5325,"December","2020","WY"
"1098","SHERIDAN",17737,"December","2020","WY"
"1099","SUBLETTE",5340,"December","2020","WY"
"1100","SWEETWATER",18738,"December","2020","WY"
"1101","TETON",16419,"December","2020","WY"
"1102","UINTA",10112,"December","2020","WY"
"1103","WASHAKIE",4311,"December","2020","WY"
"1104","WESTON",3806,"December","2020","WY"
"1105","ALBANY",20996,"January","2021","WY"
"1106","BIG HORN",6259,"January","2021","WY"
"1107","CAMPBELL",21092,"January","2021","WY"
"1108","CARBON",7475,"January","2021","WY"
"1109","CONVERSE",7522,"January","2021","WY"
"1110","CROOK",4465,"January","2021","WY"
"1111","FREMONT",19949,"January","2021","WY"
"1112","GOSHEN",6703,"January","2021","WY"
"1113","HOT SPRINGS",2841,"January","2021","WY"
"1114","JOHNSON",5322,"January","2021","WY"
"1115","LARAMIE",49252,"January","2021","WY"
"1116","LINCOLN",11407,"January","2021","WY"
"1117","NATRONA",38306,"January","2021","WY"
"1118","NIOBRARA",1462,"January","2021","WY"
"1119","PARK",18019,"January","2021","WY"
"1120","PLATTE",5326,"January","2021","WY"
"1121","SHERIDAN",17756,"January","2021","WY"
"1122","SUBLETTE",5342,"January","2021","WY"
"1123","SWEETWATER",18651,"January","2021","WY"
"1124","TETON",16479,"January","2021","WY"
"1125","UINTA",10174,"January","2021","WY"
"1126","WASHAKIE",4357,"January","2021","WY"
"1127","WESTON",3808,"January","2021","WY"
"1128","ALBANY",18699,"February","2021","WY"
"1129","BIG HORN",6255,"February","2021","WY"
"1130","CAMPBELL",19583,"February","2021","WY"
"1131","CARBON",7454,"February","2021","WY"
"1132","CONVERSE",7055,"February","2021","WY"
"1133","CROOK",4213,"February","2021","WY"
"1134","FREMONT",19902,"February","2021","WY"
"1135","GOSHEN",6660,"February","2021","WY"
"1136","HOT SPRINGS",2596,"February","2021","WY"
"1137","JOHNSON",5319,"February","2021","WY"
"1138","LARAMIE",48850,"February","2021","WY"
"1139","LINCOLN",11377,"February","2021","WY"
"1140","NATRONA",37380,"February","2021","WY"
"1141","NIOBRARA",1455,"February","2021","WY"
"1142","PARK",17755,"February","2021","WY"
"1143","PLATTE",5309,"February","2021","WY"
"1144","SHERIDAN",17631,"February","2021","WY"
"1145","SUBLETTE",5061,"February","2021","WY"
"1146","SWEETWATER",16795,"February","2021","WY"
"1147","TETON",16440,"February","2021","WY"
"1148","UINTA",10173,"February","2021","WY"
"1149","WASHAKIE",4342,"February","2021","WY"
"1150","WESTON",3809,"February","2021","WY"
"1151","ALBANY",18695,"March","2021","WY"
"1152","BIG HORN",5839,"March","2021","WY"
"1153","CAMPBELL",19584,"March","2021","WY"
"1154","CARBON",6810,"March","2021","WY"
"1155","CONVERSE",7048,"March","2021","WY"
"1156","CROOK",4210,"March","2021","WY"
"1157","FREMONT",18391,"March","2021","WY"
"1158","GOSHEN",6349,"March","2021","WY"
"1159","HOT SPRINGS",2621,"March","2021","WY"
"1160","JOHNSON",5016,"March","2021","WY"
"1161","LARAMIE",45337,"March","2021","WY"
"1162","LINCOLN",10616,"March","2021","WY"
"1163","NATRONA",35386,"March","2021","WY"
"1164","NIOBRARA",1340,"March","2021","WY"
"1165","PARK",16901,"March","2021","WY"
"1166","PLATTE",4988,"March","2021","WY"
"1167","SHERIDAN",16782,"March","2021","WY"
"1168","SUBLETTE",5058,"March","2021","WY"
"1169","SWEETWATER",16785,"March","2021","WY"
"1170","TETON",14964,"March","2021","WY"
"1171","UINTA",9518,"March","2021","WY"
"1172","WASHAKIE",4084,"March","2021","WY"
"1173","WESTON",3542,"March","2021","WY"
"1174","ALBANY",18691,"April","2021","WY"
"1175","BIG HORN",5836,"April","2021","WY"
"1176","CAMPBELL",19515,"April","2021","WY"
"1177","CARBON",6817,"April","2021","WY"
"1178","CONVERSE",7039,"April","2021","WY"
"1179","CROOK",4209,"April","2021","WY"
"1180","FREMONT",18376,"April","2021","WY"
"1181","GOSHEN",6349,"April","2021","WY"
"1182","HOT SPRINGS",2617,"April","2021","WY"
"1183","JOHNSON",5016,"April","2021","WY"
"1184","LARAMIE",45301,"April","2021","WY"
"1185","LINCOLN",10621,"April","2021","WY"
"1186","NATRONA",35375,"April","2021","WY"
"1187","NIOBRARA",1339,"April","2021","WY"
"1188","PARK",16885,"April","2021","WY"
"1189","PLATTE",4988,"April","2021","WY"
"1190","SHERIDAN",16776,"April","2021","WY"
"1191","SUBLETTE",5058,"April","2021","WY"
"1192","SWEETWATER",16783,"April","2021","WY"
"1193","TETON",14981,"April","2021","WY"
"1194","UINTA",9518,"April","2021","WY"
"1195","WASHAKIE",4084,"April","2021","WY"
"1196","WESTON",3546,"April","2021","WY"
"1197","ALBANY",18698,"May","2021","WY"
"1198","BIG HORN",5840,"May","2021","WY"
"1199","CAMPBELL",19503,"May","2021","WY"
"1200","CARBON",6828,"May","2021","WY"
"1201","CONVERSE",7030,"May","2021","WY"
"1202","CROOK",4211,"May","2021","WY"
"1203","FREMONT",18379,"May","2021","WY"
"1204","GOSHEN",6345,"May","2021","WY"
"1205","HOT SPRINGS",2617,"May","2021","WY"
"1206","JOHNSON",5024,"May","2021","WY"
"1207","LARAMIE",45215,"May","2021","WY"
"1208","LINCOLN",10618,"May","2021","WY"
"1209","NATRONA",35351,"May","2021","WY"
"1210","NIOBRARA",1337,"May","2021","WY"
"1211","PARK",16895,"May","2021","WY"
"1212","PLATTE",4979,"May","2021","WY"
"1213","SHERIDAN",16761,"May","2021","WY"
"1214","SUBLETTE",5059,"May","2021","WY"
"1215","SWEETWATER",16773,"May","2021","WY"
"1216","TETON",15013,"May","2021","WY"
"1217","UINTA",9524,"May","2021","WY"
"1218","WASHAKIE",4072,"May","2021","WY"
"1219","WESTON",3548,"May","2021","WY"
"1220","ALBANY",18700,"June","2021","WY"
"1221","BIG HORN",5831,"June","2021","WY"
"1222","CAMPBELL",19503,"June","2021","WY"
"1223","CARBON",6836,"June","2021","WY"
"1224","CONVERSE",7026,"June","2021","WY"
"1225","CROOK",4218,"June","2021","WY"
"1226","FREMONT",18372,"June","2021","WY"
"1227","GOSHEN",6349,"June","2021","WY"
"1228","HOT SPRINGS",2619,"June","2021","WY"
"1229","JOHNSON",5009,"June","2021","WY"
"1230","LARAMIE",45220,"June","2021","WY"
"1231","LINCOLN",10622,"June","2021","WY"
"1232","NATRONA",35334,"June","2021","WY"
"1233","NIOBRARA",1340,"June","2021","WY"
"1234","PARK",16908,"June","2021","WY"
"1235","PLATTE",4983,"June","2021","WY"
"1236","SHERIDAN",16759,"June","2021","WY"
"1237","SUBLETTE",5065,"June","2021","WY"
"1238","SWEETWATER",16773,"June","2021","WY"
"1239","TETON",15032,"June","2021","WY"
"1240","UINTA",9490,"June","2021","WY"
"1241","WASHAKIE",4073,"June","2021","WY"
"1242","WESTON",3552,"June","2021","WY"
"1243","ALBANY",18717,"July","2021","WY"
"1244","BIG HORN",5827,"July","2021","WY"
"1245","CAMPBELL",19510,"July","2021","WY"
"1246","CARBON",6841,"July","2021","WY"
"1247","CONVERSE",7015,"July","2021","WY"
"1248","CROOK",4218,"July","2021","WY"
"1249","FREMONT",18362,"July","2021","WY"
"1250","GOSHEN",6344,"July","2021","WY"
"1251","HOT SPRINGS",2623,"July","2021","WY"
"1252","JOHNSON",5013,"July","2021","WY"
"1253","LARAMIE",45199,"July","2021","WY"
"1254","LINCOLN",10619,"July","2021","WY"
"1255","NATRONA",35311,"July","2021","WY"
"1256","NIOBRARA",1339,"July","2021","WY"
"1257","PARK",16932,"July","2021","WY"
"1258","PLATTE",4980,"July","2021","WY"
"1259","SHERIDAN",16751,"July","2021","WY"
"1260","SUBLETTE",5082,"July","2021","WY"
"1261","SWEETWATER",16763,"July","2021","WY"
"1262","TETON",15056,"July","2021","WY"
"1263","UINTA",9494,"July","2021","WY"
"1264","WASHAKIE",4074,"July","2021","WY"
"1265","WESTON",3560,"July","2021","WY"
"1266","ALBANY",18722,"August","2021","WY"
"1267","BIG HORN",5828,"August","2021","WY"
"1268","CAMPBELL",19632,"August","2021","WY"
"1269","CARBON",6851,"August","2021","WY"
"1270","CONVERSE",7015,"August","2021","WY"
"1271","CROOK",4214,"August","2021","WY"
"1272","FREMONT",18349,"August","2021","WY"
"1273","GOSHEN",6348,"August","2021","WY"
"1274","HOT SPRINGS",2610,"August","2021","WY"
"1275","JOHNSON",5035,"August","2021","WY"
"1276","LARAMIE",45164,"August","2021","WY"
"1277","LINCOLN",10627,"August","2021","WY"
"1278","NATRONA",35295,"August","2021","WY"
"1279","NIOBRARA",1337,"August","2021","WY"
"1280","PARK",16963,"August","2021","WY"
"1281","PLATTE",4983,"August","2021","WY"
"1282","SHERIDAN",16757,"August","2021","WY"
"1283","SUBLETTE",5088,"August","2021","WY"
"1284","SWEETWATER",16772,"August","2021","WY"
"1285","TETON",15079,"August","2021","WY"
"1286","UINTA",9499,"August","2021","WY"
"1287","WASHAKIE",4073,"August","2021","WY"
"1288","WESTON",3566,"August","2021","WY"
"1289","ALBANY",18725,"September","2021","WY"
"1290","BIG HORN",5821,"September","2021","WY"
"1291","CAMPBELL",19899,"September","2021","WY"
"1292","CARBON",6873,"September","2021","WY"
"1293","CONVERSE",7012,"September","2021","WY"
"1294","CROOK",4215,"September","2021","WY"
"1295","FREMONT",18327,"September","2021","WY"
"1296","GOSHEN",6344,"September","2021","WY"
"1297","HOT SPRINGS",2604,"September","2021","WY"
"1298","JOHNSON",5103,"September","2021","WY"
"1299","LARAMIE",45144,"September","2021","WY"
"1300","LINCOLN",10650,"September","2021","WY"
"1301","NATRONA",35264,"September","2021","WY"
"1302","NIOBRARA",1341,"September","2021","WY"
"1303","PARK",16970,"September","2021","WY"
"1304","PLATTE",4983,"September","2021","WY"
"1305","SHERIDAN",16750,"September","2021","WY"
"1306","SUBLETTE",5085,"September","2021","WY"
"1307","SWEETWATER",16762,"September","2021","WY"
"1308","TETON",15105,"September","2021","WY"
"1309","UINTA",9504,"September","2021","WY"
"1310","WASHAKIE",4071,"September","2021","WY"
"1311","WESTON",3566,"September","2021","WY"
"1312","ALBANY",18747,"October","2021","WY"
"1313","BIG HORN",5812,"October","2021","WY"
"1314","CAMPBELL",19884,"October","2021","WY"
"1315","CARBON",6879,"October","2021","WY"
"1316","CONVERSE",7010,"October","2021","WY"
"1317","CROOK",4218,"October","2021","WY"
"1318","FREMONT",18317,"October","2021","WY"
"1319","GOSHEN",6337,"October","2021","WY"
"1320","HOT SPRINGS",2606,"October","2021","WY"
"1321","JOHNSON",5160,"October","2021","WY"
"1322","LARAMIE",45167,"October","2021","WY"
"1323","LINCOLN",10651,"October","2021","WY"
"1324","NATRONA",35259,"October","2021","WY"
"1325","NIOBRARA",1341,"October","2021","WY"
"1326","PARK",16991,"October","2021","WY"
"1327","PLATTE",4988,"October","2021","WY"
"1328","SHERIDAN",16759,"October","2021","WY"
"1329","SUBLETTE",5091,"October","2021","WY"
"1330","SWEETWATER",16742,"October","2021","WY"
"1331","TETON",15132,"October","2021","WY"
"1332","UINTA",9507,"October","2021","WY"
"1333","WASHAKIE",4073,"October","2021","WY"
"1334","WESTON",3585,"October","2021","WY"
"1335","ALBANY",18774,"November","2021","WY"
"1336","BIG HORN",5804,"November","2021","WY"
"1337","CAMPBELL",19844,"November","2021","WY"
"1338","CARBON",6888,"November","2021","WY"
"1339","CONVERSE",7009,"November","2021","WY"
"1340","CROOK",4213,"November","2021","WY"
"1341","FREMONT",18297,"November","2021","WY"
"1342","GOSHEN",6332,"November","2021","WY"
"1343","HOT SPRINGS",2605,"November","2021","WY"
"1344","JOHNSON",5158,"November","2021","WY"
"1345","LARAMIE",45279,"November","2021","WY"
"1346","LINCOLN",10661,"November","2021","WY"
"1347","NATRONA",35305,"November","2021","WY"
"1348","NIOBRARA",1338,"November","2021","WY"
"1349","PARK",16997,"November","2021","WY"
"1350","PLATTE",4936,"November","2021","WY"
"1351","SHERIDAN",16770,"November","2021","WY"
"1352","SUBLETTE",5090,"November","2021","WY"
"1353","SWEETWATER",16765,"November","2021","WY"
"1354","TETON",15134,"November","2021","WY"
"1355","UINTA",9506,"November","2021","WY"
"1356","WASHAKIE",4069,"November","2021","WY"
"1357","WESTON",3571,"November","2021","WY"
"1358","ALBANY",18766,"December","2021","WY"
"1359","BIG HORN",5804,"December","2021","WY"
"1360","CAMPBELL",19836,"December","2021","WY"
"1361","CARBON",6888,"December","2021","WY"
"1362","CONVERSE",7000,"December","2021","WY"
"1363","CROOK",4212,"December","2021","WY"
"1364","FREMONT",18256,"December","2021","WY"
"1365","GOSHEN",6324,"December","2021","WY"
"1366","HOT SPRINGS",2602,"December","2021","WY"
"1367","JOHNSON",5148,"December","2021","WY"
"1368","LARAMIE",45453,"December","2021","WY"
"1369","LINCOLN",10659,"December","2021","WY"
"1370","NATRONA",35399,"December","2021","WY"
"1371","NIOBRARA",1336,"December","2021","WY"
"1372","PARK",17008,"December","2021","WY"
"1373","PLATTE",4931,"December","2021","WY"
"1374","SHERIDAN",16752,"December","2021","WY"
"1375","SUBLETTE",5093,"December","2021","WY"
"1376","SWEETWATER",17007,"December","2021","WY"
"1377","TETON",15143,"December","2021","WY"
"1378","UINTA",9509,"December","2021","WY"
"1379","WASHAKIE",4068,"December","2021","WY"
"1380","WESTON",3571,"December","2021","WY"
"1381","ALBANY",18780,"January","2022","WY"
"1382","BIG HORN",5799,"January","2022","WY"
"1383","CAMPBELL",19828,"January","2022","WY"
"1384","CARBON",6897,"January","2022","WY"
"1385","CONVERSE",6996,"January","2022","WY"
"1386","CROOK",4226,"January","2022","WY"
"1387","FREMONT",18237,"January","2022","WY"
"1388","GOSHEN",6322,"January","2022","WY"
"1389","HOT SPRINGS",2604,"January","2022","WY"
"1390","JOHNSON",5150,"January","2022","WY"
"1391","LARAMIE",45431,"January","2022","WY"
"1392","LINCOLN",10669,"January","2022","WY"
"1393","NATRONA",35374,"January","2022","WY"
"1394","NIOBRARA",1340,"January","2022","WY"
"1395","PARK",17002,"January","2022","WY"
"1396","PLATTE",4924,"January","2022","WY"
"1397","SHERIDAN",16754,"January","2022","WY"
"1398","SUBLETTE",5093,"January","2022","WY"
"1399","SWEETWATER",16993,"January","2022","WY"
"1400","TETON",15162,"January","2022","WY"
"1401","UINTA",9510,"January","2022","WY"
"1402","WASHAKIE",4071,"January","2022","WY"
"1403","WESTON",3579,"January","2022","WY"
"1404","ALBANY",18796,"February","2022","WY"
"1405","BIG HORN",5783,"February","2022","WY"
"1406","CAMPBELL",19799,"February","2022","WY"
"1407","CARBON",6892,"February","2022","WY"
"1408","CONVERSE",6996,"February","2022","WY"
"1409","CROOK",4219,"February","2022","WY"
"1410","FREMONT",18230,"February","2022","WY"
"1411","GOSHEN",6320,"February","2022","WY"
"1412","HOT SPRINGS",2609,"February","2022","WY"
"1413","JOHNSON",5147,"February","2022","WY"
"1414","LARAMIE",45376,"February","2022","WY"
"1415","LINCOLN",10668,"February","2022","WY"
"1416","NATRONA",35359,"February","2022","WY"
"1417","NIOBRARA",1339,"February","2022","WY"
"1418","PARK",17013,"February","2022","WY"
"1419","PLATTE",4911,"February","2022","WY"
"1420","SHERIDAN",16744,"February","2022","WY"
"1421","SUBLETTE",5072,"February","2022","WY"
"1422","SWEETWATER",16977,"February","2022","WY"
"1423","TETON",15174,"February","2022","WY"
"1424","UINTA",9453,"February","2022","WY"
"1425","WASHAKIE",4064,"February","2022","WY"
"1426","WESTON",3558,"February","2022","WY"
"1427","ALBANY",18800,"March","2022","WY"
"1428","BIG HORN",5779,"March","2022","WY"
"1429","CAMPBELL",19784,"March","2022","WY"
"1430","CARBON",6903,"March","2022","WY"
"1431","CONVERSE",6986,"March","2022","WY"
"1432","CROOK",4220,"March","2022","WY"
"1433","FREMONT",18216,"March","2022","WY"
"1434","GOSHEN",6322,"March","2022","WY"
"1435","HOT SPRINGS",2606,"March","2022","WY"
"1436","JOHNSON",5140,"March","2022","WY"
"1437","LARAMIE",45358,"March","2022","WY"
"1438","LINCOLN",10666,"March","2022","WY"
"1439","NATRONA",35353,"March","2022","WY"
"1440","NIOBRARA",1337,"March","2022","WY"
"1441","PARK",17026,"March","2022","WY"
"1442","PLATTE",4905,"March","2022","WY"
"1443","SHERIDAN",16758,"March","2022","WY"
"1444","SUBLETTE",5081,"March","2022","WY"
"1445","SWEETWATER",16971,"March","2022","WY"
"1446","TETON",15182,"March","2022","WY"
"1447","UINTA",9462,"March","2022","WY"
"1448","WASHAKIE",4073,"March","2022","WY"
"1449","WESTON",3561,"March","2022","WY"
"1450","ALBANY",18812,"April","2022","WY"
"1451","BIG HORN",5776,"April","2022","WY"
"1452","CAMPBELL",19784,"April","2022","WY"
"1453","CARBON",6904,"April","2022","WY"
"1454","CONVERSE",6982,"April","2022","WY"
"1455","CROOK",4230,"April","2022","WY"
"1456","FREMONT",18198,"April","2022","WY"
"1457","GOSHEN",6325,"April","2022","WY"
"1458","HOT SPRINGS",2606,"April","2022","WY"
"1459","JOHNSON",5141,"April","2022","WY"
"1460","LARAMIE",45353,"April","2022","WY"
"1461","LINCOLN",10686,"April","2022","WY"
"1462","NATRONA",35316,"April","2022","WY"
"1463","NIOBRARA",1334,"April","2022","WY"
"1464","PARK",17036,"April","2022","WY"
"1465","PLATTE",4905,"April","2022","WY"
"1466","SHERIDAN",16777,"April","2022","WY"
"1467","SUBLETTE",5083,"April","2022","WY"
"1468","SWEETWATER",16960,"April","2022","WY"
"1469","TETON",15204,"April","2022","WY"
"1470","UINTA",9455,"April","2022","WY"
"1471","WASHAKIE",4076,"April","2022","WY"
"1472","WESTON",3564,"April","2022","WY"
"1473","ALBANY",18844,"May","2022","WY"
"1474","BIG HORN",5770,"May","2022","WY"
"1475","CAMPBELL",19780,"May","2022","WY"
"1476","CARBON",6928,"May","2022","WY"
"1477","CONVERSE",6987,"May","2022","WY"
"1478","CROOK",4232,"May","2022","WY"
"1479","FREMONT",18196,"May","2022","WY"
"1480","GOSHEN",6337,"May","2022","WY"
"1481","HOT SPRINGS",2604,"May","2022","WY"
"1482","JOHNSON",5144,"May","2022","WY"
"1483","LARAMIE",45360,"May","2022","WY"
"1484","LINCOLN",10702,"May","2022","WY"
"1485","NATRONA",35313,"May","2022","WY"
"1486","NIOBRARA",1337,"May","2022","WY"
"1487","PARK",17065,"May","2022","WY"
"1488","PLATTE",4906,"May","2022","WY"
"1489","SHERIDAN",16756,"May","2022","WY"
"1490","SUBLETTE",5080,"May","2022","WY"
"1491","SWEETWATER",16957,"May","2022","WY"
"1492","TETON",15206,"May","2022","WY"
"1493","UINTA",9549,"May","2022","WY"
"1494","WASHAKIE",4078,"May","2022","WY"
"1495","WESTON",3565,"May","2022","WY"
"1496","ALBANY",18862,"June","2022","WY"
"1497","BIG HORN",5770,"June","2022","WY"
"1498","CAMPBELL",19812,"June","2022","WY"
"1499","CARBON",6960,"June","2022","WY"
"1500","CONVERSE",6994,"June","2022","WY"
"1501","CROOK",4234,"June","2022","WY"
"1502","FREMONT",18206,"June","2022","WY"
"1503","GOSHEN",6346,"June","2022","WY"
"1504","HOT SPRINGS",2617,"June","2022","WY"
"1505","JOHNSON",5159,"June","2022","WY"
"1506","LARAMIE",45361,"June","2022","WY"
"1507","LINCOLN",10737,"June","2022","WY"
"1508","NATRONA",35356,"June","2022","WY"
"1509","NIOBRARA",1361,"June","2022","WY"
"1510","PARK",17142,"June","2022","WY"
"1511","PLATTE",4927,"June","2022","WY"
"1512","SHERIDAN",16806,"June","2022","WY"
"1513","SUBLETTE",5105,"June","2022","WY"
"1514","SWEETWATER",16967,"June","2022","WY"
"1515","TETON",15226,"June","2022","WY"
"1516","UINTA",9556,"June","2022","WY"
"1517","WASHAKIE",4064,"June","2022","WY"
"1518","WESTON",3585,"June","2022","WY"
"1519","ALBANY",18929,"July","2022","WY"
"1520","BIG HORN",5793,"July","2022","WY"
"1521","CAMPBELL",19901,"July","2022","WY"
"1522","CARBON",6983,"July","2022","WY"
"1523","CONVERSE",7014,"July","2022","WY"
"1524","CROOK",4284,"July","2022","WY"
"1525","FREMONT",18235,"July","2022","WY"
"1526","GOSHEN",6369,"July","2022","WY"
"1527","HOT SPRINGS",2631,"July","2022","WY"
"1528","JOHNSON",5219,"July","2022","WY"
"1529","LARAMIE",45489,"July","2022","WY"
"1530","LINCOLN",10780,"July","2022","WY"
"1531","NATRONA",35482,"July","2022","WY"
"1532","NIOBRARA",1365,"July","2022","WY"
"1533","PARK",17219,"July","2022","WY"
"1534","PLATTE",4938,"July","2022","WY"
"1535","SHERIDAN",16898,"July","2022","WY"
"1536","SUBLETTE",5157,"July","2022","WY"
"1537","SWEETWATER",17001,"July","2022","WY"
"1538","TETON",15281,"July","2022","WY"
"1539","UINTA",9568,"July","2022","WY"
"1540","WASHAKIE",4071,"July","2022","WY"
"1541","WESTON",3600,"July","2022","WY"
"1542","ALBANY",19098,"August","2022","WY"
"1543","BIG HORN",5856,"August","2022","WY"
"1544","CAMPBELL",20046,"August","2022","WY"
"1545","CARBON",7042,"August","2022","WY"
"1546","CONVERSE",7107,"August","2022","WY"
"1547","CROOK",4322,"August","2022","WY"
"1548","FREMONT",18393,"August","2022","WY"
"1549","GOSHEN",6448,"August","2022","WY"
"1550","HOT SPRINGS",2660,"August","2022","WY"
"1551","JOHNSON",5263,"August","2022","WY"
"1552","LARAMIE",45805,"August","2022","WY"
"1553","LINCOLN",10894,"August","2022","WY"
"1554","NATRONA",35685,"August","2022","WY"
"1555","NIOBRARA",1376,"August","2022","WY"
"1556","PARK",17480,"August","2022","WY"
"1557","PLATTE",4985,"August","2022","WY"
"1558","SHERIDAN",17054,"August","2022","WY"
"1559","SUBLETTE",5212,"August","2022","WY"
"1560","SWEETWATER",17085,"August","2022","WY"
"1561","TETON",15389,"August","2022","WY"
"1562","UINTA",9613,"August","2022","WY"
"1563","WASHAKIE",4107,"August","2022","WY"
"1564","WESTON",3637,"August","2022","WY"
"1565","ALBANY",19487,"September","2022","WY"
"1566","BIG HORN",6234,"September","2022","WY"
"1567","CAMPBELL",20747,"September","2022","WY"
"1568","CARBON",7303,"September","2022","WY"
"1569","CONVERSE",7389,"September","2022","WY"
"1570","CROOK",4433,"September","2022","WY"
"1571","FREMONT",19099,"September","2022","WY"
"1572","GOSHEN",6711,"September","2022","WY"
"1573","HOT SPRINGS",2765,"September","2022","WY"
"1574","JOHNSON",5456,"September","2022","WY"
"1575","LARAMIE",47401,"September","2022","WY"
"1576","LINCOLN",11390,"September","2022","WY"
"1577","NATRONA",37010,"September","2022","WY"
"1578","NIOBRARA",1398,"September","2022","WY"
"1579","PARK",18128,"September","2022","WY"
"1580","PLATTE",5203,"September","2022","WY"
"1581","SHERIDAN",17722,"September","2022","WY"
"1582","SUBLETTE",5418,"September","2022","WY"
"1583","SWEETWATER",17810,"September","2022","WY"
"1584","TETON",15884,"September","2022","WY"
"1585","UINTA",10009,"September","2022","WY"
"1586","WASHAKIE",4310,"September","2022","WY"
"1587","WESTON",3891,"September","2022","WY"
"1588","ALBANY",19568,"October","2022","WY"
"1589","BIG HORN",6236,"October","2022","WY"
"1590","CAMPBELL",20756,"October","2022","WY"
"1591","CARBON",7312,"October","2022","WY"
"1592","CONVERSE",7391,"October","2022","WY"
"1593","CROOK",4513,"October","2022","WY"
"1594","FREMONT",19148,"October","2022","WY"
"1595","GOSHEN",6717,"October","2022","WY"
"1596","HOT SPRINGS",2777,"October","2022","WY"
"1597","JOHNSON",5452,"October","2022","WY"
"1598","LARAMIE",47441,"October","2022","WY"
"1599","LINCOLN",11410,"October","2022","WY"
"1600","NATRONA",37190,"October","2022","WY"
"1601","NIOBRARA",1415,"October","2022","WY"
"1602","PARK",18196,"October","2022","WY"
"1603","PLATTE",5209,"October","2022","WY"
"1604","SHERIDAN",17753,"October","2022","WY"
"1605","SUBLETTE",5431,"October","2022","WY"
"1606","SWEETWATER",17865,"October","2022","WY"
"1607","TETON",15935,"October","2022","WY"
"1608","UINTA",10022,"October","2022","WY"
"1609","WASHAKIE",4305,"October","2022","WY"
"1610","WESTON",3884,"October","2022","WY"
"1611","ALBANY",19698,"November","2022","WY"
"1612","BIG HORN",6245,"November","2022","WY"
"1613","CAMPBELL",20798,"November","2022","WY"
"1614","CARBON",7327,"November","2022","WY"
"1615","CONVERSE",7404,"November","2022","WY"
"1616","CROOK",4535,"November","2022","WY"
"1617","FREMONT",19186,"November","2022","WY"
"1618","GOSHEN",6747,"November","2022","WY"
"1619","HOT SPRINGS",2799,"November","2022","WY"
"1620","JOHNSON",5470,"November","2022","WY"
"1621","LARAMIE",47630,"November","2022","WY"
"1622","LINCOLN",11444,"November","2022","WY"
"1623","NATRONA",37240,"November","2022","WY"
"1624","NIOBRARA",1422,"November","2022","WY"
"1625","PARK",18309,"November","2022","WY"
"1626","PLATTE",5225,"November","2022","WY"
"1627","SHERIDAN",17814,"November","2022","WY"
"1628","SUBLETTE",5442,"November","2022","WY"
"1629","SWEETWATER",17903,"November","2022","WY"
"1630","TETON",16025,"November","2022","WY"
"1631","UINTA",10035,"November","2022","WY"
"1632","WASHAKIE",4316,"November","2022","WY"
"1633","WESTON",3893,"November","2022","WY"
"1634","ALBANY",20328,"December","2022","WY"
"1635","BIG HORN",6368,"December","2022","WY"
"1636","CAMPBELL",21109,"December","2022","WY"
"1637","CARBON",7444,"December","2022","WY"
"1638","CONVERSE",7512,"December","2022","WY"
"1639","CROOK",4627,"December","2022","WY"
"1640","FREMONT",19664,"December","2022","WY"
"1641","GOSHEN",6843,"December","2022","WY"
"1642","HOT SPRINGS",2857,"December","2022","WY"
"1643","JOHNSON",5528,"December","2022","WY"
"1644","LARAMIE",48524,"December","2022","WY"
"1645","LINCOLN",11740,"December","2022","WY"
"1646","NATRONA",37816,"December","2022","WY"
"1647","NIOBRARA",1444,"December","2022","WY"
"1648","PARK",18575,"December","2022","WY"
"1649","PLATTE",5311,"December","2022","WY"
"1650","SHERIDAN",18027,"December","2022","WY"
"1651","SUBLETTE",5512,"December","2022","WY"
"1652","SWEETWATER",18251,"December","2022","WY"
"1653","TETON",16349,"December","2022","WY"
"1654","UINTA",10236,"December","2022","WY"
"1655","WASHAKIE",4377,"December","2022","WY"
"1656","WESTON",3939,"December","2022","WY"
"1657","ALBANY",20326,"January","2023","WY"
"1658","BIG HORN",6340,"January","2023","WY"
"1659","CAMPBELL",21080,"January","2023","WY"
"1660","CARBON",7442,"January","2023","WY"
"1661","CONVERSE",7465,"January","2023","WY"
"1662","CROOK",4619,"January","2023","WY"
"1663","FREMONT",19650,"January","2023","WY"
"1664","GOSHEN",6824,"January","2023","WY"
"1665","HOT SPRINGS",2852,"January","2023","WY"
"1666","JOHNSON",5528,"January","2023","WY"
"1667","LARAMIE",48439,"January","2023","WY"
"1668","LINCOLN",11740,"January","2023","WY"
"1669","NATRONA",37951,"January","2023","WY"
"1670","NIOBRARA",1444,"January","2023","WY"
"1671","PARK",18556,"January","2023","WY"
"1672","PLATTE",5309,"January","2023","WY"
"1673","SHERIDAN",17995,"January","2023","WY"
"1674","SUBLETTE",5509,"January","2023","WY"
"1675","SWEETWATER",18235,"January","2023","WY"
"1676","TETON",16345,"January","2023","WY"
"1677","UINTA",10264,"January","2023","WY"
"1678","WASHAKIE",4380,"January","2023","WY"
"1679","WESTON",3936,"January","2023","WY"
"1680","ALBANY",13474,"February","2023","WY"
"1681","BIG HORN",6327,"February","2023","WY"
"1682","CAMPBELL",21058,"February","2023","WY"
"1683","CARBON",7428,"February","2023","WY"
"1684","CONVERSE",5589,"February","2023","WY"
"1685","CROOK",3713,"February","2023","WY"
"1686","FREMONT",19618,"February","2023","WY"
"1687","GOSHEN",5319,"February","2023","WY"
"1688","HOT SPRINGS",2853,"February","2023","WY"
"1689","JOHNSON",5526,"February","2023","WY"
"1690","LARAMIE",48356,"February","2023","WY"
"1691","LINCOLN",11729,"February","2023","WY"
"1692","NATRONA",37851,"February","2023","WY"
"1693","NIOBRARA",1390,"February","2023","WY"
"1694","PARK",18544,"February","2023","WY"
"1695","PLATTE",4232,"February","2023","WY"
"1696","SHERIDAN",17976,"February","2023","WY"
"1697","SUBLETTE",4020,"February","2023","WY"
"1698","SWEETWATER",12608,"February","2023","WY"
"1699","TETON",11650,"February","2023","WY"
"1700","UINTA",10261,"February","2023","WY"
"1701","WASHAKIE",4240,"February","2023","WY"
"1702","WESTON",3051,"February","2023","WY"
"1703","ALBANY",13484,"March","2023","WY"
"1704","BIG HORN",4835,"March","2023","WY"
"1705","CAMPBELL",13824,"March","2023","WY"
"1706","CARBON",5284,"March","2023","WY"
"1707","CONVERSE",5587,"March","2023","WY"
"1708","CROOK",3713,"March","2023","WY"
"1709","FREMONT",14781,"March","2023","WY"
"1710","GOSHEN",5325,"March","2023","WY"
"1711","HOT SPRINGS",2346,"March","2023","WY"
"1712","JOHNSON",4483,"March","2023","WY"
"1713","LARAMIE",32997,"March","2023","WY"
"1714","LINCOLN",8671,"March","2023","WY"
"1715","NATRONA",25498,"March","2023","WY"
"1716","NIOBRARA",1174,"March","2023","WY"
"1717","PARK",14167,"March","2023","WY"
"1718","PLATTE",4227,"March","2023","WY"
"1719","SHERIDAN",13755,"March","2023","WY"
"1720","SUBLETTE",4025,"March","2023","WY"
"1721","SWEETWATER",12605,"March","2023","WY"
"1722","TETON",11670,"March","2023","WY"
"1723","UINTA",7156,"March","2023","WY"
"1724","WASHAKIE",3358,"March","2023","WY"
"1725","WESTON",3052,"March","2023","WY"
"1726","ALBANY",13500,"April","2023","WY"
"1727","BIG HORN",4836,"April","2023","WY"
"1728","CAMPBELL",13823,"April","2023","WY"
"1729","CARBON",5286,"April","2023","WY"
"1730","CONVERSE",5588,"April","2023","WY"
"1731","CROOK",3715,"April","2023","WY"
"1732","FREMONT",14764,"April","2023","WY"
"1733","GOSHEN",5334,"April","2023","WY"
"1734","HOT SPRINGS",2342,"April","2023","WY"
"1735","JOHNSON",4483,"April","2023","WY"
"1736","LARAMIE",32980,"April","2023","WY"
"1737","LINCOLN",8671,"April","2023","WY"
"1738","NATRONA",25481,"April","2023","WY"
"1739","NIOBRARA",1175,"April","2023","WY"
"1740","PARK",14180,"April","2023","WY"
"1741","PLATTE",4227,"April","2023","WY"
"1742","SHERIDAN",13751,"April","2023","WY"
"1743","SUBLETTE",4031,"April","2023","WY"
"1744","SWEETWATER",12618,"April","2023","WY"
"1745","TETON",11682,"April","2023","WY"
"1746","UINTA",7167,"April","2023","WY"
"1747","WASHAKIE",3355,"April","2023","WY"
"1748","WESTON",3048,"April","2023","WY"
"1749","ALBANY",13519,"May","2023","WY"
"1750","BIG HORN",4835,"May","2023","WY"
"1751","CAMPBELL",13826,"May","2023","WY"
"1752","CARBON",5290,"May","2023","WY"
"1753","CONVERSE",5584,"May","2023","WY"
"1754","CROOK",3716,"May","2023","WY"
"1755","FREMONT",14753,"May","2023","WY"
"1756","GOSHEN",5338,"May","2023","WY"
"1757","HOT SPRINGS",2344,"May","2023","WY"
"1758","JOHNSON",4480,"May","2023","WY"
"1759","LARAMIE",33146,"May","2023","WY"
"1760","LINCOLN",8681,"May","2023","WY"
"1761","NATRONA",25461,"May","2023","WY"
"1762","NIOBRARA",1176,"May","2023","WY"
"1763","PARK",14189,"May","2023","WY"
"1764","PLATTE",4229,"May","2023","WY"
"1765","SHERIDAN",13753,"May","2023","WY"
"1766","SUBLETTE",4022,"May","2023","WY"
"1767","SWEETWATER",12613,"May","2023","WY"
"1768","TETON",11695,"May","2023","WY"
"1769","UINTA",7161,"May","2023","WY"
"1770","WASHAKIE",3351,"May","2023","WY"
"1771","WESTON",3045,"May","2023","WY"
"1772","ALBANY",13563,"June","2023","WY"
"1773","BIG HORN",4839,"June","2023","WY"
"1774","CAMPBELL",13829,"June","2023","WY"
"1775","CARBON",5298,"June","2023","WY"
"1776","CONVERSE",5583,"June","2023","WY"
"1777","CROOK",3729,"June","2023","WY"
"1778","FREMONT",14735,"June","2023","WY"
"1779","GOSHEN",5340,"June","2023","WY"
"1780","HOT SPRINGS",2342,"June","2023","WY"
"1781","JOHNSON",4473,"June","2023","WY"
"1782","LARAMIE",33160,"June","2023","WY"
"1783","LINCOLN",8684,"June","2023","WY"
"1784","NATRONA",25455,"June","2023","WY"
"1785","NIOBRARA",1175,"June","2023","WY"
"1786","PARK",14177,"June","2023","WY"
"1787","PLATTE",4227,"June","2023","WY"
"1788","SHERIDAN",13753,"June","2023","WY"
"1789","SUBLETTE",4030,"June","2023","WY"
"1790","SWEETWATER",12611,"June","2023","WY"
"1791","TETON",11709,"June","2023","WY"
"1792","UINTA",7158,"June","2023","WY"
"1793","WASHAKIE",3354,"June","2023","WY"
"1794","WESTON",3042,"June","2023","WY"
"1795","ALBANY",13578,"July","2023","WY"
"1796","BIG HORN",4841,"July","2023","WY"
"1797","CAMPBELL",13828,"July","2023","WY"
"1798","CARBON",5303,"July","2023","WY"
"1799","CONVERSE",5582,"July","2023","WY"
"1800","CROOK",3727,"July","2023","WY"
"1801","FREMONT",14735,"July","2023","WY"
"1802","GOSHEN",5347,"July","2023","WY"
"1803","HOT SPRINGS",2341,"July","2023","WY"
"1804","JOHNSON",4473,"July","2023","WY"
"1805","LARAMIE",33157,"July","2023","WY"
"1806","LINCOLN",8692,"July","2023","WY"
"1807","NATRONA",25448,"July","2023","WY"
"1808","NIOBRARA",1177,"July","2023","WY"
"1809","PARK",14195,"July","2023","WY"
"1810","PLATTE",4232,"July","2023","WY"
"1811","SHERIDAN",13763,"July","2023","WY"
"1812","SUBLETTE",4040,"July","2023","WY"
"1813","SWEETWATER",12609,"July","2023","WY"
"1814","TETON",11733,"July","2023","WY"
"1815","UINTA",7163,"July","2023","WY"
"1816","WASHAKIE",3350,"July","2023","WY"
"1817","WESTON",3040,"July","2023","WY"
"1818","ALBANY",13603,"August","2023","WY"
"1819","BIG HORN",4836,"August","2023","WY"
"1820","CAMPBELL",13830,"August","2023","WY"
"1821","CARBON",5308,"August","2023","WY"
"1822","CONVERSE",5586,"August","2023","WY"
"1823","CROOK",3735,"August","2023","WY"
"1824","FREMONT",14722,"August","2023","WY"
"1825","GOSHEN",5340,"August","2023","WY"
"1826","HOT SPRINGS",2340,"August","2023","WY"
"1827","JOHNSON",4473,"August","2023","WY"
"1828","LARAMIE",33153,"August","2023","WY"
"1829","LINCOLN",8691,"August","2023","WY"
"1830","NATRONA",25442,"August","2023","WY"
"1831","NIOBRARA",1179,"August","2023","WY"
"1832","PARK",14191,"August","2023","WY"
"1833","PLATTE",4240,"August","2023","WY"
"1834","SHERIDAN",13778,"August","2023","WY"
"1835","SUBLETTE",4043,"August","2023","WY"
"1836","SWEETWATER",12599,"August","2023","WY"
"1837","TETON",11760,"August","2023","WY"
"1838","UINTA",7166,"August","2023","WY"
"1839","WASHAKIE",3350,"August","2023","WY"
"1840","WESTON",3041,"August","2023","WY"
"1841","ALBANY",13668,"September","2023","WY"
"1842","BIG HORN",4839,"September","2023","WY"
"1843","CAMPBELL",13848,"September","2023","WY"
"1844","CARBON",5308,"September","2023","WY"
"1845","CONVERSE",5596,"September","2023","WY"
"1846","CROOK",3740,"September","2023","WY"
"1847","FREMONT",14726,"September","2023","WY"
"1848","GOSHEN",5341,"September","2023","WY"
"1849","HOT SPRINGS",2341,"September","2023","WY"
"1850","JOHNSON",4472,"September","2023","WY"
"1851","LARAMIE",33177,"September","2023","WY"
"1852","LINCOLN",8699,"September","2023","WY"
"1853","NATRONA",25435,"September","2023","WY"
"1854","NIOBRARA",1179,"September","2023","WY"
"1855","PARK",14232,"September","2023","WY"
"1856","PLATTE",4242,"September","2023","WY"
"1857","SHERIDAN",13782,"September","2023","WY"
"1858","SUBLETTE",4045,"September","2023","WY"
"1859","SWEETWATER",12590,"September","2023","WY"
"1860","TETON",11792,"September","2023","WY"
"1861","UINTA",7175,"September","2023","WY"
"1862","WASHAKIE",3344,"September","2023","WY"
"1863","WESTON",3046,"September","2023","WY"
"1864","ALBANY",13709,"October","2023","WY"
"1865","BIG HORN",4840,"October","2023","WY"
"1866","CAMPBELL",13863,"October","2023","WY"
"1867","CARBON",5313,"October","2023","WY"
"1868","CONVERSE",5597,"October","2023","WY"
"1869","CROOK",3743,"October","2023","WY"
"1870","FREMONT",14720,"October","2023","WY"
"1871","GOSHEN",5347,"October","2023","WY"
"1872","HOT SPRINGS",2340,"October","2023","WY"
"1873","JOHNSON",4471,"October","2023","WY"
"1874","LARAMIE",33171,"October","2023","WY"
"1875","LINCOLN",8701,"October","2023","WY"
"1876","NATRONA",25442,"October","2023","WY"
"1877","NIOBRARA",1177,"October","2023","WY"
"1878","PARK",14233,"October","2023","WY"
"1879","PLATTE",4248,"October","2023","WY"
"1880","SHERIDAN",13785,"October","2023","WY"
"1881","SUBLETTE",4042,"October","2023","WY"
"1882","SWEETWATER",12594,"October","2023","WY"
"1883","TETON",11808,"October","2023","WY"
"1884","UINTA",7187,"October","2023","WY"
"1885","WASHAKIE",3344,"October","2023","WY"
"1886","WESTON",3045,"October","2023","WY"
"1887","ALBANY",13732,"November","2023","WY"
"1888","BIG HORN",4841,"November","2023","WY"
"1889","CAMPBELL",13872,"November","2023","WY"
"1890","CARBON",5314,"November","2023","WY"
"1891","CONVERSE",5608,"November","2023","WY"
"1892","CROOK",3741,"November","2023","WY"
"1893","FREMONT",14720,"November","2023","WY"
"1894","GOSHEN",5345,"November","2023","WY"
"1895","HOT SPRINGS",2342,"November","2023","WY"
"1896","JOHNSON",4470,"November","2023","WY"
"1897","LARAMIE",33199,"November","2023","WY"
"1898","LINCOLN",8764,"November","2023","WY"
"1899","NATRONA",25448,"November","2023","WY"
"1900","NIOBRARA",1177,"November","2023","WY"
"1901","PARK",14267,"November","2023","WY"
"1902","PLATTE",4260,"November","2023","WY"
"1903","SHERIDAN",13804,"November","2023","WY"
"1904","SUBLETTE",4047,"November","2023","WY"
"1905","SWEETWATER",12588,"November","2023","WY"
"1906","TETON",11838,"November","2023","WY"
"1907","UINTA",7178,"November","2023","WY"
"1908","WASHAKIE",3345,"November","2023","WY"
"1909","WESTON",3044,"November","2023","WY"
"1910","ALBANY",13765,"December","2023","WY"
"1911","BIG HORN",4836,"December","2023","WY"
"1912","CAMPBELL",13876,"December","2023","WY"
"1913","CARBON",5318,"December","2023","WY"
"1914","CONVERSE",5606,"December","2023","WY"
"1915","CROOK",3734,"December","2023","WY"
"1916","FREMONT",14708,"December","2023","WY"
"1917","GOSHEN",5356,"December","2023","WY"
"1918","HOT SPRINGS",2348,"December","2023","WY"
"1919","JOHNSON",4451,"December","2023","WY"
"1920","LARAMIE",33210,"December","2023","WY"
"1921","LINCOLN",8795,"December","2023","WY"
"1922","NATRONA",25472,"December","2023","WY"
"1923","NIOBRARA",1176,"December","2023","WY"
"1924","PARK",14282,"December","2023","WY"
"1925","PLATTE",4359,"December","2023","WY"
"1926","SHERIDAN",13832,"December","2023","WY"
"1927","SUBLETTE",4056,"December","2023","WY"
"1928","SWEETWATER",12585,"December","2023","WY"
"1929","TETON",11856,"December","2023","WY"
"1930","UINTA",7219,"December","2023","WY"
"1931","WASHAKIE",3346,"December","2023","WY"
"1932","WESTON",3047,"December","2023","WY"
"1933","ALBANY",13751,"January","2024","WY"
"1934","BIG HORN",4832,"January","2024","WY"
"1935","CAMPBELL",13874,"January","2024","WY"
"1936","CARBON",5317,"January","2024","WY"
"1937","CONVERSE",5604,"January","2024","WY"
"1938","CROOK",3755,"January","2024","WY"
"1939","FREMONT",14701,"January","2024","WY"
"1940","GOSHEN",5361,"January","2024","WY"
"1941","HOT SPRINGS",2354,"January","2024","WY"
"1942","JOHNSON",4441,"January","2024","WY"
"1943","LARAMIE",33223,"January","2024","WY"
"1944","LINCOLN",8804,"January","2024","WY"
"1945","NATRONA",25461,"January","2024","WY"
"1946","NIOBRARA",1175,"January","2024","WY"
"1947","PARK",14293,"January","2024","WY"
"1948","PLATTE",4358,"January","2024","WY"
"1949","SHERIDAN",13856,"January","2024","WY"
"1950","SUBLETTE",4059,"January","2024","WY"
"1951","SWEETWATER",12586,"January","2024","WY"
"1952","TETON",11894,"January","2024","WY"
"1953","UINTA",7260,"January","2024","WY"
"1954","WASHAKIE",3345,"January","2024","WY"
"1955","WESTON",3049,"January","2024","WY"
"1956","ALBANY",13825,"February","2024","WY"
"1957","BIG HORN",4830,"February","2024","WY"
"1958","CAMPBELL",13888,"February","2024","WY"
"1959","CARBON",5324,"February","2024","WY"
"1960","CONVERSE",5608,"February","2024","WY"
"1961","CROOK",3754,"February","2024","WY"
"1962","FREMONT",14709,"February","2024","WY"
"1963","GOSHEN",5368,"February","2024","WY"
"1964","HOT SPRINGS",2357,"February","2024","WY"
"1965","JOHNSON",4496,"February","2024","WY"
"1966","LARAMIE",33278,"February","2024","WY"
"1967","LINCOLN",8830,"February","2024","WY"
"1968","NATRONA",25457,"February","2024","WY"
"1969","NIOBRARA",1177,"February","2024","WY"
"1970","PARK",14331,"February","2024","WY"
"1971","PLATTE",4364,"February","2024","WY"
"1972","SHERIDAN",13898,"February","2024","WY"
"1973","SUBLETTE",4067,"February","2024","WY"
"1974","SWEETWATER",12604,"February","2024","WY"
"1975","TETON",11927,"February","2024","WY"
"1976","UINTA",7273,"February","2024","WY"
"1977","WASHAKIE",3354,"February","2024","WY"
"1978","WESTON",3050,"February","2024","WY"
"1979","ALBANY",13860,"March","2024","WY"
"1980","BIG HORN",4830,"March","2024","WY"
"1981","CAMPBELL",13923,"March","2024","WY"
"1982","CARBON",5330,"March","2024","WY"
"1983","CONVERSE",5623,"March","2024","WY"
"1984","CROOK",3760,"March","2024","WY"
"1985","FREMONT",14737,"March","2024","WY"
"1986","GOSHEN",5381,"March","2024","WY"
"1987","HOT SPRINGS",2361,"March","2024","WY"
"1988","JOHNSON",4504,"March","2024","WY"
"1989","LARAMIE",33318,"March","2024","WY"
"1990","LINCOLN",8858,"March","2024","WY"
"1991","NATRONA",25484,"March","2024","WY"
"1992","NIOBRARA",1178,"March","2024","WY"
"1993","PARK",14400,"March","2024","WY"
"1994","PLATTE",4379,"March","2024","WY"
"1995","SHERIDAN",13951,"March","2024","WY"
"1996","SUBLETTE",4076,"March","2024","WY"
"1997","SWEETWATER",12631,"March","2024","WY"
"1998","TETON",11955,"March","2024","WY"
"1999","UINTA",7283,"March","2024","WY"
"2000","WASHAKIE",3364,"March","2024","WY"
"2001","WESTON",3058,"March","2024","WY"
"2002","ALBANY",13926,"April","2024","WY"
"2003","BIG HORN",4840,"April","2024","WY"
"2004","CAMPBELL",13957,"April","2024","WY"
"2005","CARBON",5335,"April","2024","WY"
"2006","CONVERSE",5640,"April","2024","WY"
"2007","CROOK",3772,"April","2024","WY"
"2008","FREMONT",14753,"April","2024","WY"
"2009","GOSHEN",5396,"April","2024","WY"
"2010","HOT SPRINGS",2369,"April","2024","WY"
"2011","JOHNSON",4518,"April","2024","WY"
"2012","LARAMIE",33449,"April","2024","WY"
"2013","LINCOLN",8869,"April","2024","WY"
"2014","NATRONA",25519,"April","2024","WY"
"2015","NIOBRARA",1184,"April","2024","WY"
"2016","PARK",14443,"April","2024","WY"
"2017","PLATTE",4382,"April","2024","WY"
"2018","SHERIDAN",13987,"April","2024","WY"
"2019","SUBLETTE",4094,"April","2024","WY"
"2020","SWEETWATER",12648,"April","2024","WY"
"2021","TETON",12008,"April","2024","WY"
"2022","UINTA",7299,"April","2024","WY"
"2023","WASHAKIE",3368,"April","2024","WY"
"2024","WESTON",3059,"April","2024","WY"
"2025","ALBANY",14012,"May","2024","WY"
"2026","BIG HORN",4837,"May","2024","WY"
"2027","CAMPBELL",13974,"May","2024","WY"
"2028","CARBON",5349,"May","2024","WY"
"2029","CONVERSE",5651,"May","2024","WY"
"2030","CROOK",3779,"May","2024","WY"
"2031","FREMONT",14842,"May","2024","WY"
"2032","GOSHEN",5404,"May","2024","WY"
"2033","HOT SPRINGS",2379,"May","2024","WY"
"2034","JOHNSON",4523,"May","2024","WY"
"2035","LARAMIE",33590,"May","2024","WY"
"2036","LINCOLN",8897,"May","2024","WY"
"2037","NATRONA",25572,"May","2024","WY"
"2038","NIOBRARA",1188,"May","2024","WY"
"2039","PARK",14486,"May","2024","WY"
"2040","PLATTE",4388,"May","2024","WY"
"2041","SHERIDAN",14024,"May","2024","WY"
"2042","SUBLETTE",4103,"May","2024","WY"
"2043","SWEETWATER",12664,"May","2024","WY"
"2044","TETON",12064,"May","2024","WY"
"2045","UINTA",7319,"May","2024","WY"
"2046","WASHAKIE",3366,"May","2024","WY"
"2047","WESTON",3065,"May","2024","WY"
"2048","ALBANY",14140,"June","2024","WY"
"2049","BIG HORN",4848,"June","2024","WY"
"2050","CAMPBELL",14026,"June","2024","WY"
"2051","CARBON",5377,"June","2024","WY"
"2052","CONVERSE",5685,"June","2024","WY"
"2053","CROOK",3804,"June","2024","WY"
"2054","FREMONT",14912,"June","2024","WY"
"2055","GOSHEN",5436,"June","2024","WY"
"2056","HOT SPRINGS",2393,"June","2024","WY"
"2057","JOHNSON",4565,"June","2024","WY"
"2058","LARAMIE",33867,"June","2024","WY"
"2059","LINCOLN",8935,"June","2024","WY"
"2060","NATRONA",25721,"June","2024","WY"
"2061","NIOBRARA",1202,"June","2024","WY"
"2062","PARK",14598,"June","2024","WY"
"2063","PLATTE",4405,"June","2024","WY"
"2064","SHERIDAN",14087,"June","2024","WY"
"2065","SUBLETTE",4130,"June","2024","WY"
"2066","SWEETWATER",12732,"June","2024","WY"
"2067","TETON",12177,"June","2024","WY"
"2068","UINTA",7332,"June","2024","WY"
"2069","WASHAKIE",3400,"June","2024","WY"
"2070","WESTON",3091,"June","2024","WY"
"2071","ALBANY",14199,"July","2024","WY"
"2072","BIG HORN",4856,"July","2024","WY"
"2073","CAMPBELL",14099,"July","2024","WY"
"2074","CARBON",5394,"July","2024","WY"
"2075","CONVERSE",5700,"July","2024","WY"
"2076","CROOK",3819,"July","2024","WY"
"2077","FREMONT",14924,"July","2024","WY"
"2078","GOSHEN",5452,"July","2024","WY"
"2079","HOT SPRINGS",2405,"July","2024","WY"
"2080","JOHNSON",4585,"July","2024","WY"
"2081","LARAMIE",33987,"July","2024","WY"
"2082","LINCOLN",8956,"July","2024","WY"
"2083","NATRONA",25785,"July","2024","WY"
"2084","NIOBRARA",1207,"July","2024","WY"
"2085","PARK",14714,"July","2024","WY"
"2086","PLATTE",4412,"July","2024","WY"
"2087","SHERIDAN",14121,"July","2024","WY"
"2088","SUBLETTE",4148,"July","2024","WY"
"2089","SWEETWATER",12737,"July","2024","WY"
"2090","TETON",12197,"July","2024","WY"
"2091","UINTA",7358,"July","2024","WY"
"2092","WASHAKIE",3413,"July","2024","WY"
"2093","WESTON",3103,"July","2024","WY"
"2094","ALBANY",14411,"August","2024","WY"
"2095","BIG HORN",4877,"August","2024","WY"
"2096","CAMPBELL",14288,"August","2024","WY"
"2097","CARBON",5425,"August","2024","WY"
"2098","CONVERSE",5725,"August","2024","WY"
"2099","CROOK",3848,"August","2024","WY"
"2100","FREMONT",15043,"August","2024","WY"
"2101","GOSHEN",5518,"August","2024","WY"
"2102","HOT SPRINGS",2419,"August","2024","WY"
"2103","JOHNSON",4629,"August","2024","WY"
"2104","LARAMIE",34336,"August","2024","WY"
"2105","LINCOLN",9033,"August","2024","WY"
"2106","NATRONA",26006,"August","2024","WY"
"2107","NIOBRARA",1217,"August","2024","WY"
"2108","PARK",14887,"August","2024","WY"
"2109","PLATTE",4447,"August","2024","WY"
"2110","SHERIDAN",14285,"August","2024","WY"
"2111","SUBLETTE",4208,"August","2024","WY"
"2112","SWEETWATER",12836,"August","2024","WY"
"2113","TETON",12318,"August","2024","WY"
"2114","UINTA",7401,"August","2024","WY"
"2115","WASHAKIE",3425,"August","2024","WY"
"2116","WESTON",3121,"August","2024","WY"
"2117","ALBANY",14885,"September","2024","WY"
"2118","BIG HORN",5072,"September","2024","WY"
"2119","CAMPBELL",14877,"September","2024","WY"
"2120","CARBON",5701,"September","2024","WY"
"2121","CONVERSE",5985,"September","2024","WY"
"2122","CROOK",3858,"September","2024","WY"
"2123","FREMONT",15644,"September","2024","WY"
"2124","GOSHEN",5687,"September","2024","WY"
"2125","HOT SPRINGS",2531,"September","2024","WY"
"2126","JOHNSON",4758,"September","2024","WY"
"2127","LARAMIE",35410,"September","2024","WY"
"2128","LINCOLN",9538,"September","2024","WY"
"2129","NATRONA",27198,"September","2024","WY"
"2130","NIOBRARA",1283,"September","2024","WY"
"2131","PARK",15452,"September","2024","WY"
"2132","PLATTE",4586,"September","2024","WY"
"2133","SHERIDAN",14809,"September","2024","WY"
"2134","SUBLETTE",4446,"September","2024","WY"
"2135","SWEETWATER",13284,"September","2024","WY"
"2136","TETON",12653,"September","2024","WY"
"2137","UINTA",7781,"September","2024","WY"
"2138","WASHAKIE",3526,"September","2024","WY"
"2139","WESTON",3258,"September","2024","WY"
"2140","ALBANY",15243,"October","2024","WY"
"2141","BIG HORN",5111,"October","2024","WY"
"2142","CAMPBELL",15095,"October","2024","WY"
"2143","CARBON",5751,"October","2024","WY"
"2144","CONVERSE",6020,"October","2024","WY"
"2145","CROOK",4012,"October","2024","WY"
"2146","FREMONT",15799,"October","2024","WY"
"2147","GOSHEN",5763,"October","2024","WY"
"2148","HOT SPRINGS",2557,"October","2024","WY"
"2149","JOHNSON",4871,"October","2024","WY"
"2150","LARAMIE",36454,"October","2024","WY"
"2151","LINCOLN",9656,"October","2024","WY"
"2152","NATRONA",27682,"October","2024","WY"
"2153","NIOBRARA",1283,"October","2024","WY"
"2154","PARK",15645,"October","2024","WY"
"2155","PLATTE",4622,"October","2024","WY"
"2156","SHERIDAN",15020,"October","2024","WY"
"2157","SUBLETTE",4522,"October","2024","WY"
"2158","SWEETWATER",13431,"October","2024","WY"
"2159","TETON",12933,"October","2024","WY"
"2160","UINTA",7890,"October","2024","WY"
"2161","WASHAKIE",3650,"October","2024","WY"
"2162","WESTON",3280,"October","2024","WY"
"2163","ALBANY",16495,"November","2024","WY"
"2164","BIG HORN",5225,"November","2024","WY"
"2165","CAMPBELL",16512,"November","2024","WY"
"2166","CARBON",5980,"November","2024","WY"
"2167","CONVERSE",6276,"November","2024","WY"
"2168","CROOK",4159,"November","2024","WY"
"2169","FREMONT",16373,"November","2024","WY"
"2170","GOSHEN",5985,"November","2024","WY"
"2171","HOT SPRINGS",2641,"November","2024","WY"
"2172","JOHNSON",5046,"November","2024","WY"
"2173","LARAMIE",39680,"November","2024","WY"
"2174","LINCOLN",9948,"November","2024","WY"
"2175","NATRONA",29441,"November","2024","WY"
"2176","NIOBRARA",1297,"November","2024","WY"
"2177","PARK",16505,"November","2024","WY"
"2178","PLATTE",4764,"November","2024","WY"
"2179","SHERIDAN",15754,"November","2024","WY"
"2180","SUBLETTE",4821,"November","2024","WY"
"2181","SWEETWATER",14313,"November","2024","WY"
"2182","TETON",13993,"November","2024","WY"
"2183","UINTA",8323,"November","2024","WY"
"2184","WASHAKIE",3757,"November","2024","WY"
"2185","WESTON",3372,"November","2024","WY"
"2186","ALBANY",20113,"December","2024","WY"
"2187","BIG HORN",6287,"December","2024","WY"
"2188","CAMPBELL",20034,"December","2024","WY"
"2189","CARBON",7134,"December","2024","WY"
"2190","CONVERSE",7357,"December","2024","WY"
"2191","CROOK",4757,"December","2024","WY"
"2192","FREMONT",19269,"December","2024","WY"
"2193","GOSHEN",6792,"December","2024","WY"
"2194","HOT SPRINGS",2885,"December","2024","WY"
"2195","JOHNSON",5408,"December","2024","WY"
"2196","LARAMIE",47711,"December","2024","WY"
"2197","LINCOLN",12086,"December","2024","WY"
"2198","NATRONA",37105,"December","2024","WY"
"2199","NIOBRARA",1372,"December","2024","WY"
"2200","PARK",18401,"December","2024","WY"
"2201","PLATTE",5275,"December","2024","WY"
"2202","SHERIDAN",17998,"December","2024","WY"
"2203","SUBLETTE",5477,"December","2024","WY"
"2204","SWEETWATER",18032,"December","2024","WY"
"2205","TETON",15390,"December","2024","WY"
"2206","UINTA",10041,"December","2024","WY"
"2207","WASHAKIE",4203,"December","2024","WY"
"2208","WESTON",3833,"December","2024","WY"
"2209","ALBANY",18234,"April","2025","WY"
"2210","BIG HORN",5888,"April","2025","WY"
"2211","CAMPBELL",18643,"April","2025","WY"
"2212","CARBON",6540,"April","2025","WY"
"2213","CONVERSE",6861,"April","2025","WY"
"2214","CROOK",4455,"April","2025","WY"
"2215","FREMONT",17671,"April","2025","WY"
"2216","GOSHEN",6247,"April","2025","WY"
"2217","HOT SPRINGS",2669,"April","2025","WY"
"2218","JOHNSON",5091,"April","2025","WY"
"2219","LARAMIE",43996,"April","2025","WY"
"2220","LINCOLN",11143,"April","2025","WY"
"2221","NATRONA",34667,"April","2025","WY"
"2222","NIOBRARA",1262,"April","2025","WY"
"2223","PARK",17205,"April","2025","WY"
"2224","PLATTE",4867,"April","2025","WY"
"2225","SHERIDAN",16844,"April","2025","WY"
"2226","SUBLETTE",5075,"April","2025","WY"
"2227","SWEETWATER",16885,"April","2025","WY"
"2228","TETON",13883,"April","2025","WY"
"2229","UINTA",9308,"April","2025","WY"
"2230","WASHAKIE",3934,"April","2025","WY"
"2231","WESTON",3561,"April","2025","WY"
"2232","ALBANY",18271,"August","2025","WY"
"2233","BIG HORN",5887,"August","2025","WY"
"2234","CAMPBELL",18615,"August","2025","WY"
"2235","CARBON",6534,"August","2025","WY"
"2236","CONVERSE",6846,"August","2025","WY"
"2237","CROOK",4450,"August","2025","WY"
"2238","FREMONT",17621,"August","2025","WY"
"2239","GOSHEN",6238,"August","2025","WY"
"2240","HOT SPRINGS",2657,"August","2025","WY"
"2241","JOHNSON",5084,"August","2025","WY"
"2242","LARAMIE",43977,"August","2025","WY"
"2243","LINCOLN",11158,"August","2025","WY"
"2244","NATRONA",34571,"August","2025","WY"
"2245","NIOBRARA",1260,"August","2025","WY"
"2246","PARK",17203,"August","2025","WY"
"2247","PLATTE",4875,"August","2025","WY"
"2248","SHERIDAN",16838,"August","2025","WY"
"2249","SUBLETTE",5079,"August","2025","WY"
"2250","SWEETWATER",16845,"August","2025","WY"
"2251","TETON",13955,"August","2025","WY"
"2252","UINTA",9304,"August","2025","WY"
"2253","WASHAKIE",3937,"August","2025","WY"
"2254","WESTON",3554,"August","2025","WY"
"2255","ALBANY",20095,"February","2025","WY"
"2256","BIG HORN",6284,"February","2025","WY"
"2257","CAMPBELL",20018,"February","2025","WY"
"2258","CARBON",7135,"February","2025","WY"
"2259","CONVERSE",7243,"February","2025","WY"
"2260","CROOK",4451,"February","2025","WY"
"2261","FREMONT",19165,"February","2025","WY"
"2262","GOSHEN",6770,"February","2025","WY"
"2263","HOT SPRINGS",2871,"February","2025","WY"
"2264","JOHNSON",5095,"February","2025","WY"
"2265","LARAMIE",47449,"February","2025","WY"
"2266","LINCOLN",12067,"February","2025","WY"
"2267","NATRONA",37041,"February","2025","WY"
"2268","NIOBRARA",1374,"February","2025","WY"
"2269","PARK",18374,"February","2025","WY"
"2270","PLATTE",4866,"February","2025","WY"
"2271","SHERIDAN",16861,"February","2025","WY"
"2272","SUBLETTE",5070,"February","2025","WY"
"2273","SWEETWATER",18101,"February","2025","WY"
"2274","TETON",15379,"February","2025","WY"
"2275","UINTA",10073,"February","2025","WY"
"2276","WASHAKIE",4269,"February","2025","WY"
"2277","WESTON",3566,"February","2025","WY"
"2278","ALBANY",20099,"January","2025","WY"
"2279","BIG HORN",6295,"January","2025","WY"
"2280","CAMPBELL",20023,"January","2025","WY"
"2281","CARBON",7133,"January","2025","WY"
"2282","CONVERSE",7252,"January","2025","WY"
"2283","CROOK",4751,"January","2025","WY"
"2284","FREMONT",19181,"January","2025","WY"
"2285","GOSHEN",6794,"January","2025","WY"
"2286","HOT SPRINGS",2873,"January","2025","WY"
"2287","JOHNSON",5454,"January","2025","WY"
"2288","LARAMIE",47797,"January","2025","WY"
"2289","LINCOLN",12073,"January","2025","WY"
"2290","NATRONA",37081,"January","2025","WY"
"2291","NIOBRARA",1377,"January","2025","WY"
"2292","PARK",18382,"January","2025","WY"
"2293","PLATTE",4870,"January","2025","WY"
"2294","SHERIDAN",18053,"January","2025","WY"
"2295","SUBLETTE",5470,"January","2025","WY"
"2296","SWEETWATER",18162,"January","2025","WY"
"2297","TETON",15410,"January","2025","WY"
"2298","UINTA",10081,"January","2025","WY"
"2299","WASHAKIE",4270,"January","2025","WY"
"2300","WESTON",3822,"January","2025","WY"
"2301","ALBANY",18267,"July","2025","WY"
"2302","BIG HORN",5892,"July","2025","WY"
"2303","CAMPBELL",18614,"July","2025","WY"
"2304","CARBON",6538,"July","2025","WY"
"2305","CONVERSE",6847,"July","2025","WY"
"2306","CROOK",4451,"July","2025","WY"
"2307","FREMONT",17635,"July","2025","WY"
"2308","GOSHEN",6244,"July","2025","WY"
"2309","HOT SPRINGS",2660,"July","2025","WY"
"2310","JOHNSON",5085,"July","2025","WY"
"2311","LARAMIE",43999,"July","2025","WY"
"2312","LINCOLN",11140,"July","2025","WY"
"2313","NATRONA",34607,"July","2025","WY"
"2314","NIOBRARA",1260,"July","2025","WY"
"2315","PARK",17215,"July","2025","WY"
"2316","PLATTE",4871,"July","2025","WY"
"2317","SHERIDAN",16831,"July","2025","WY"
"2318","SUBLETTE",5079,"July","2025","WY"
"2319","SWEETWATER",16850,"July","2025","WY"
"2320","TETON",13940,"July","2025","WY"
"2321","UINTA",9304,"July","2025","WY"
"2322","WASHAKIE",3935,"July","2025","WY"
"2323","WESTON",3557,"July","2025","WY"
"2324","ALBANY",18246,"June","2025","WY"
"2325","BIG HORN",5886,"June","2025","WY"
"2326","CAMPBELL",18626,"June","2025","WY"
"2327","CARBON",6550,"June","2025","WY"
"2328","CONVERSE",6851,"June","2025","WY"
"2329","CROOK",4456,"June","2025","WY"
"2330","FREMONT",17650,"June","2025","WY"
"2331","GOSHEN",6251,"June","2025","WY"
"2332","HOT SPRINGS",2666,"June","2025","WY"
"2333","JOHNSON",5085,"June","2025","WY"
"2334","LARAMIE",44015,"June","2025","WY"
"2335","LINCOLN",11132,"June","2025","WY"
"2336","NATRONA",34618,"June","2025","WY"
"2337","NIOBRARA",1259,"June","2025","WY"
"2338","PARK",17204,"June","2025","WY"
"2339","PLATTE",4871,"June","2025","WY"
"2340","SHERIDAN",16838,"June","2025","WY"
"2341","SUBLETTE",5079,"June","2025","WY"
"2342","SWEETWATER",16857,"June","2025","WY"
"2343","TETON",13918,"June","2025","WY"
"2344","UINTA",9300,"June","2025","WY"
"2345","WASHAKIE",3934,"June","2025","WY"
"2346","WESTON",3554,"June","2025","WY"
"2347","ALBANY",18243,"March","2025","WY"
"2348","BIG HORN",5893,"March","2025","WY"
"2349","CAMPBELL",18651,"March","2025","WY"
"2350","CARBON",6545,"March","2025","WY"
"2351","CONVERSE",6863,"March","2025","WY"
"2352","CROOK",4448,"March","2025","WY"
"2353","FREMONT",17698,"March","2025","WY"
"2354","GOSHEN",6254,"March","2025","WY"
"2355","HOT SPRINGS",2671,"March","2025","WY"
"2356","JOHNSON",5100,"March","2025","WY"
"2357","LARAMIE",44045,"March","2025","WY"
"2358","LINCOLN",11137,"March","2025","WY"
"2359","NATRONA",34683,"March","2025","WY"
"2360","NIOBRARA",1263,"March","2025","WY"
"2361","PARK",17207,"March","2025","WY"
"2362","PLATTE",4862,"March","2025","WY"
"2363","SHERIDAN",16852,"March","2025","WY"
"2364","SUBLETTE",5071,"March","2025","WY"
"2365","SWEETWATER",16892,"March","2025","WY"
"2366","TETON",13860,"March","2025","WY"
"2367","UINTA",9311,"March","2025","WY"
"2368","WASHAKIE",3960,"March","2025","WY"
"2369","WESTON",3564,"March","2025","WY"
"2370","ALBANY",18241,"May","2025","WY"
"2371","BIG HORN",5884,"May","2025","WY"
"2372","CAMPBELL",18633,"May","2025","WY"
"2373","CARBON",6545,"May","2025","WY"
"2374","CONVERSE",6860,"May","2025","WY"
"2375","CROOK",4457,"May","2025","WY"
"2376","FREMONT",17662,"May","2025","WY"
"2377","GOSHEN",6242,"May","2025","WY"
"2378","HOT SPRINGS",2668,"May","2025","WY"
"2379","JOHNSON",5090,"May","2025","WY"
"2380","LARAMIE",43987,"May","2025","WY"
"2381","LINCOLN",11143,"May","2025","WY"
"2382","NATRONA",34640,"May","2025","WY"
"2383","NIOBRARA",1262,"May","2025","WY"
"2384","PARK",17208,"May","2025","WY"
"2385","PLATTE",4866,"May","2025","WY"
"2386","SHERIDAN",16838,"May","2025","WY"
"2387","SUBLETTE",5075,"May","2025","WY"
"2388","SWEETWATER",16876,"May","2025","WY"
"2389","TETON",13899,"May","2025","WY"
"2390","UINTA",9302,"May","2025","WY"
"2391","WASHAKIE",3933,"May","2025","WY"
"2392","WESTON",3556,"May","2025","WY"
"2393","ALBANY",18080,"November","2025","WY"
"2394","BIG HORN",5855,"November","2025","WY"
"2395","CAMPBELL",18466,"November","2025","WY"
"2396","CARBON",6465,"November","2025","WY"
"2397","CONVERSE",6786,"November","2025","WY"
"2398","CROOK",4419,"November","2025","WY"
"2399","FREMONT",17498,"November","2025","WY"
"2400","GOSHEN",6181,"November","2025","WY"
"2401","HOT SPRINGS",2642,"November","2025","WY"
"2402","JOHNSON",5053,"November","2025","WY"
"2403","LARAMIE",43921,"November","2025","WY"
"2404","LINCOLN",11039,"November","2025","WY"
"2405","NATRONA",34497,"November","2025","WY"
"2406","NIOBRARA",1244,"November","2025","WY"
"2407","PARK",17056,"November","2025","WY"
"2408","PLATTE",4839,"November","2025","WY"
"2409","SHERIDAN",16726,"November","2025","WY"
"2410","SUBLETTE",5050,"November","2025","WY"
"2411","SWEETWATER",16697,"November","2025","WY"
"2412","TETON",13806,"November","2025","WY"
"2413","UINTA",9299,"November","2025","WY"
"2414","WASHAKIE",3904,"November","2025","WY"
"2415","WESTON",3531,"November","2025","WY"
"2416","ALBANY",18304,"October","2025","WY"
"2417","BIG HORN",5874,"October","2025","WY"
"2418","CAMPBELL",18599,"October","2025","WY"
"2419","CARBON",6529,"October","2025","WY"
"2420","CONVERSE",6840,"October","2025","WY"
"2421","CROOK",4449,"October","2025","WY"
"2422","FREMONT",17616,"October","2025","WY"
"2423","GOSHEN",6241,"October","2025","WY"
"2424","HOT SPRINGS",2657,"October","2025","WY"
"2425","JOHNSON",5076,"October","2025","WY"
"2426","LARAMIE",43963,"October","2025","WY"
"2427","LINCOLN",11146,"October","2025","WY"
"2428","NATRONA",34514,"October","2025","WY"
"2429","NIOBRARA",1255,"October","2025","WY"
"2430","PARK",17101,"October","2025","WY"
"2431","PLATTE",4844,"October","2025","WY"
"2432","SHERIDAN",16827,"October","2025","WY"
"2433","SUBLETTE",5085,"October","2025","WY"
"2434","SWEETWATER",16829,"October","2025","WY"
"2435","TETON",13979,"October","2025","WY"
"2436","UINTA",9282,"October","2025","WY"
"2437","WASHAKIE",3926,"October","2025","WY"
"2438","WESTON",3551,"October","2025","WY"
"2439","ALBANY",18304,"September","2025","WY"
"2440","BIG HORN",5886,"September","2025","WY"
"2441","CAMPBELL",18599,"September","2025","WY"
"2442","CARBON",6530,"September","2025","WY"
"2443","CONVERSE",6843,"September","2025","WY"
"2444","CROOK",4449,"September","2025","WY"
"2445","FREMONT",17618,"September","2025","WY"
"2446","GOSHEN",6245,"September","2025","WY"
"2447","HOT SPRINGS",2658,"September","2025","WY"
"2448","JOHNSON",5080,"September","2025","WY"
"2449","LARAMIE",43965,"September","2025","WY"
"2450","LINCOLN",11151,"September","2025","WY"
"2451","NATRONA",34556,"September","2025","WY"
"2452","NIOBRARA",1260,"September","2025","WY"
"2453","PARK",17202,"September","2025","WY"
"2454","PLATTE",4872,"September","2025","WY"
"2455","SHERIDAN",16836,"September","2025","WY"
"2456","SUBLETTE",5082,"September","2025","WY"
"2457","SWEETWATER",16834,"September","2025","WY"
"2458","TETON",13974,"September","2025","WY"
"2459","UINTA",9288,"September","2025","WY"
"2460","WASHAKIE",3928,"September","2025","WY"
"2461","WESTON",3554,"September","2025","WY"
